date,total_balance,net_flow,inflow,outflow,btc_price
2018-11-20,470.97754445,470.97754445,470.97754445,0.0,4487.06751042754
2018-11-21,470.97732332,-0.0002211299999999028,0.0,0.0002211299999999028,4647.79546061098
2018-11-22,470.97732332,0.0,0.0,0.0,4368.66924713129
2018-11-23,470.97732332,0.0,0.0,0.0,4404.20960055943
2018-11-24,470.97732332,0.0,0.0,0.0,3918.87138974418
2018-11-25,470.97732332,0.0,0.0,0.0,4033.13337391932
2018-11-26,503.92427297,32.94694965000002,32.94694965000002,0.0,3828.18463385213
2018-11-27,528.59864892,24.674375949999956,24.674375949999956,0.0,3871.99602145651
2018-11-28,503.82062927,-24.778019649999976,0.0,24.778019649999976,4304.53652487548
2018-11-29,503.82062927,0.0,0.0,0.0,4336.45579983026
2018-11-30,553.37089514,49.55026587000003,49.55026587000003,0.0,4031.00473008493
2018-12-01,553.37089514,0.0,0.0,0.0,4238.14011278173
2018-12-02,553.37089514,0.0,0.0,0.0,4189.09621087448
2018-12-03,561.25104688,7.880151739999974,7.880151739999974,0.0,3909.33968546665
2018-12-04,561.25111317,6.629000006341812e-05,6.629000006341812e-05,0.0,4006.55138014741
2018-12-05,561.25111317,0.0,0.0,0.0,3777.30743936224
2018-12-06,561.25111317,0.0,0.0,0.0,3497.32413941416
2018-12-07,611.42828846,50.17717528999992,50.17717528999992,0.0,3445.45267854672
2018-12-08,611.42828846,0.0,0.0,0.0,3522.50392870971
2018-12-09,611.42828846,0.0,0.0,0.0,3635.34509227514
2018-12-10,611.42828846,0.0,0.0,0.0,3524.52028845159
2018-12-11,611.42828846,0.0,0.0,0.0,3440.73449914165
2018-12-12,611.42828846,0.0,0.0,0.0,3532.64374775214
2018-12-13,611.42828846,0.0,0.0,0.0,3374.59810638248
2018-12-14,711.74141491,100.31312645000003,100.31312645000003,0.0,3281.05718612757
2018-12-15,711.74141491,0.0,0.0,0.0,3290.8522250115
2018-12-16,711.74141491,0.0,0.0,0.0,3303.16155370256
2018-12-17,711.74141491,0.0,0.0,0.0,3579.86223822463
2018-12-18,711.74141491,0.0,0.0,0.0,3771.17222569214
2018-12-19,711.74141491,0.0,0.0,0.0,3761.70181560355
2018-12-20,711.74141491,0.0,0.0,0.0,4156.43990642384
2018-12-21,711.74141491,0.0,0.0,0.0,3913.39116638287
2018-12-22,711.74141491,0.0,0.0,0.0,4058.54390026753
2018-12-23,711.74141491,0.0,0.0,0.0,4032.16253945407
2018-12-24,711.74141491,0.0,0.0,0.0,4112.56644842415
2018-12-25,711.74141491,0.0,0.0,0.0,3871.70183807958
2018-12-26,711.74141491,0.0,0.0,0.0,3914.61285934629
2018-12-27,711.74141491,0.0,0.0,0.0,3705.72122443972
2018-12-28,711.74141491,0.0,0.0,0.0,3975.65986612537
2018-12-29,711.74141491,0.0,0.0,0.0,3806.72200174211
2018-12-30,711.74141491,0.0,0.0,0.0,3920.34773987474
2018-12-31,721.86614796,10.124733050000032,10.124733050000032,0.0,3808.50561275989
2019-01-01,721.86614796,0.0,0.0,0.0,3921.89646436442
2019-01-02,721.86614796,0.0,0.0,0.0,3980.71966522805
2019-01-03,744.71674245,22.850594489999935,22.850594489999935,0.0,3859.52684073302
2019-01-04,744.71674245,0.0,0.0,0.0,3901.67451200417
2019-01-05,744.71674245,0.0,0.0,0.0,3872.16119916343
2019-01-06,744.71674245,0.0,0.0,0.0,4103.78852514593
2019-01-07,744.71674245,0.0,0.0,0.0,4079.50086329269
2019-01-08,744.71674245,0.0,0.0,0.0,4050.60102487255
2019-01-09,744.71674245,0.0,0.0,0.0,4068.13307168475
2019-01-10,744.71674245,0.0,0.0,0.0,3698.76122835628
2019-01-11,744.71674245,0.0,0.0,0.0,3717.10296810523
2019-01-12,744.71674245,0.0,0.0,0.0,3709.97835366353
2019-01-13,744.71674245,0.0,0.0,0.0,3587.73394997392
2019-01-14,744.71674245,0.0,0.0,0.0,3743.2912026097
2019-01-15,744.71674245,0.0,0.0,0.0,3587.75493617513
2019-01-16,753.43163298,8.714890530000048,8.714890530000048,0.0,3674.97411151996
2019-01-17,753.43163298,0.0,0.0,0.0,3713.93349147343
2019-01-18,753.43163298,0.0,0.0,0.0,3692.20708038804
2019-01-19,753.43163298,0.0,0.0,0.0,3772.88464099678
2019-01-20,753.43163298,0.0,0.0,0.0,3608.51918361495
2019-01-21,753.43163298,0.0,0.0,0.0,3619.41059197156
2019-01-22,753.43163298,0.0,0.0,0.0,3653.49867159477
2019-01-23,744.71674245,-8.714890530000048,0.0,8.714890530000048,3639.57945541488
2019-01-24,753.42626201,8.70951955999999,8.70951955999999,0.0,3658.37193732296
2019-01-25,744.71674245,-8.70951955999999,0.0,8.70951955999999,3649.61590203112
2019-01-26,744.71674245,0.0,0.0,0.0,3644.63683992798
2019-01-27,744.71674245,0.0,0.0,0.0,3631.86719805259
2019-01-28,744.71674245,0.0,0.0,0.0,3505.99089747654
2019-01-29,744.71674245,0.0,0.0,0.0,3466.68896136667
2019-01-30,744.71674245,0.0,0.0,0.0,3510.09721672375
2019-01-31,702.00522381,-42.71151864000001,0.0,42.71151864000001,3477.93958959138
2019-02-01,679.84054515,-22.164678659999936,0.0,22.164678659999936,3498.07242611388
2019-02-02,679.84054515,0.0,0.0,0.0,3528.38897286619
2019-02-03,679.84054515,0.0,0.0,0.0,3481.84606775749
2019-02-04,647.08366855,-32.756876600000055,0.0,32.756876600000055,3489.24013743218
2019-02-05,614.32903134,-32.75463720999994,0.0,32.75463720999994,3508.79595491924
2019-02-06,581.57601071,-32.75302063000004,0.0,32.75302063000004,3438.82269134901
2019-02-07,548.82563446,-32.750376250000045,0.0,32.750376250000045,3431.00755766863
2019-02-08,516.07745,-32.74818445999995,0.0,32.74818445999995,3672.56789094896
2019-02-09,516.07745,0.0,0.0,0.0,3686.76975363373
2019-02-10,516.07745,0.0,0.0,0.0,3712.26142417163
2019-02-11,516.07745,0.0,0.0,0.0,3648.80312873662
2019-02-12,483.33605784,-32.741392159999975,0.0,32.741392159999975,3648.03688883552
2019-02-13,483.33605784,0.0,0.0,0.0,3643.91688635496
2019-02-14,483.33605784,0.0,0.0,0.0,3634.14373510438
2019-02-15,515.53593011,32.19987226999996,32.19987226999996,0.0,3653.1650968777
2019-02-16,515.53593011,0.0,0.0,0.0,3584.12659869152
2019-02-17,515.53593011,0.0,0.0,0.0,3708.34922461811
2019-02-18,515.53593011,0.0,0.0,0.0,3926.33275853258
2019-02-19,515.53593011,0.0,0.0,0.0,3877.93633453874
2019-02-20,515.53593011,0.0,0.0,0.0,4005.55268473166
2019-02-21,515.53593011,0.0,0.0,0.0,3921.67075091532
2019-02-22,515.53593011,0.0,0.0,0.0,3942.93285321627
2019-02-23,515.53593011,0.0,0.0,0.0,4153.60125610778
2019-02-24,515.53593011,0.0,0.0,0.0,3831.08394398204
2019-02-25,776.15216931,260.6162392,260.6162392,0.0,3899.08566194327
2019-02-26,776.15216931,0.0,0.0,0.0,3878.90097563862
2019-02-27,776.15216931,0.0,0.0,0.0,3898.83190819843
2019-02-28,782.86266969,6.710500379999985,6.710500379999985,0.0,3792.99306607751
2019-03-01,834.4268975800001,51.5642278900001,51.5642278900001,0.0,3897.8785434632
2019-03-02,834.4268975800001,0.0,0.0,0.0,3895.54957090884
2019-03-03,834.4268975800001,0.0,0.0,0.0,3877.16771413045
2019-03-04,834.4268975800001,0.0,0.0,0.0,3796.47893591825
2019-03-05,834.4268975800001,0.0,0.0,0.0,3920.31579351683
2019-03-06,834.4268975800001,0.0,0.0,0.0,3916.47101842946
2019-03-07,834.4268975800001,0.0,0.0,0.0,3923.11647327388
2019-03-08,834.4268975800001,0.0,0.0,0.0,3910.99240651889
2019-03-09,834.4268975800001,0.0,0.0,0.0,3985.93596132286
2019-03-10,834.4268975800001,0.0,0.0,0.0,3962.2919637941
2019-03-11,834.4268975800001,0.0,0.0,0.0,3877.8314588376
2019-03-12,834.4268975800001,0.0,0.0,0.0,3942.77159257979
2019-03-13,834.4268975800001,0.0,0.0,0.0,3932.11756854623
2019-03-14,834.4268975800001,0.0,0.0,0.0,3937.38017190565
2019-03-15,853.95770916,19.530811579999977,19.530811579999977,0.0,3898.8624395337
2019-03-16,853.95770916,0.0,0.0,0.0,4060.93853962008
2019-03-17,853.95771462,5.4600000112259295e-06,5.4600000112259295e-06,0.0,3961.80505256534
2019-03-18,853.95772008,5.459999897539092e-06,5.459999897539092e-06,0.0,4040.15091817348
2019-03-19,853.95772008,0.0,0.0,0.0,4067.51783729715
2019-03-20,853.95772008,0.0,0.0,0.0,4108.24444180822
2019-03-21,853.95772008,0.0,0.0,0.0,4038.80328748636
2019-03-22,853.95772008,0.0,0.0,0.0,3978.69285902669
2019-03-23,853.95772008,0.0,0.0,0.0,4008.88685182307
2019-03-24,853.95772008,0.0,0.0,0.0,4043.51066246815
2019-03-25,853.95772008,0.0,0.0,0.0,3975.24685270955
2019-03-26,853.95772008,0.0,0.0,0.0,3926.15587743512
2019-03-27,853.95772008,0.0,0.0,0.0,4032.62436841951
2019-03-28,781.37458113,-72.58313894999992,0.0,72.58313894999992,4074.5648540129
2019-03-29,781.37458113,0.0,0.0,0.0,4087.50882679439
2019-03-30,781.37458113,0.0,0.0,0.0,4148.41754884706
2019-03-31,781.37458113,0.0,0.0,0.0,4085.56441538009
2019-04-01,781.05339858,-0.3211825500000032,0.0,0.3211825500000032,4130.32266928648
2019-04-02,781.05339858,0.0,0.0,0.0,4896.33847681487
2019-04-03,781.05339858,0.0,0.0,0.0,4970.89219699921
2019-04-04,781.05339858,0.0,0.0,0.0,4905.39310746551
2019-04-05,698.6382764299999,-82.41512215000012,0.0,82.41512215000012,5029.1683539977
2019-04-06,698.6382764299999,0.0,0.0,0.0,5043.01875984075
2019-04-07,698.6382764299999,0.0,0.0,0.0,5195.37130124658
2019-04-08,715.2218309699999,16.583554540000023,16.583554540000023,0.0,5296.4026152735
2019-04-09,698.74244875,-16.479382219999934,0.0,16.479382219999934,5192.19663318834
2019-04-10,698.74244875,0.0,0.0,0.0,5317.97501107732
2019-04-11,698.74244875,0.0,0.0,0.0,5077.52340805403
2019-04-12,703.1512315699999,4.408782819999942,4.408782819999942,0.0,5123.07284247045
2019-04-13,703.1512315699999,0.0,0.0,0.0,5119.50399990075
2019-04-14,703.1512315699999,0.0,0.0,0.0,5201.13176951488
2019-04-15,703.1512315699999,0.0,0.0,0.0,5039.22720703072
2019-04-16,703.1512315699999,0.0,0.0,0.0,5221.81209243586
2019-04-17,703.1512315699999,0.0,0.0,0.0,5248.34558416109
2019-04-18,801.8957044599999,98.74447289,98.74447289,0.0,5302.37529453645
2019-04-19,801.8957044599999,0.0,0.0,0.0,5313.85210520063
2019-04-20,801.8957044599999,0.0,0.0,0.0,5329.37172331585
2019-04-21,801.8957044599999,0.0,0.0,0.0,5337.6091408747
2019-04-22,801.8957044599999,0.0,0.0,0.0,5400.05350755681
2019-04-23,801.8957044599999,0.0,0.0,0.0,5531.47024426132
2019-04-24,867.7455382999999,65.84983383999997,65.84983383999997,0.0,5483.76046780149
2019-04-25,867.7455382999999,0.0,0.0,0.0,5249.18929448947
2019-04-26,867.7455382999999,0.0,0.0,0.0,5322.29779541486
2019-04-27,867.7455382999999,0.0,0.0,0.0,5340.89786865256
2019-04-28,867.7455382999999,0.0,0.0,0.0,5337.70389905222
2019-04-29,867.7455382999999,0.0,0.0,0.0,5291.10885959494
2019-04-30,820.2706130700001,-47.474925229999826,0.0,47.474925229999826,5344.85834670001
2019-05-01,820.2706130700001,0.0,0.0,0.0,5375.46491125081
2019-05-02,868.89452048,48.6239074099999,48.6239074099999,0.0,5456.81042563287
2019-05-03,868.89452048,0.0,0.0,0.0,5667.70236447104
2019-05-04,868.89452048,0.0,0.0,0.0,5776.10718265489
2019-05-05,868.89452048,0.0,0.0,0.0,5722.09485614861
2019-05-06,898.78657248,29.892052000000035,29.892052000000035,0.0,5658.92001967066
2019-05-07,898.78657248,0.0,0.0,0.0,5778.24668377325
2019-05-08,898.78657248,0.0,0.0,0.0,5908.27277938115
2019-05-09,906.25702647,7.47045399000001,7.47045399000001,0.0,6190.46087411392
2019-05-10,906.25702647,0.0,0.0,0.0,6406.06908978169
2019-05-11,906.25702647,0.0,0.0,0.0,7213.53563703165
2019-05-12,906.25702647,0.0,0.0,0.0,6974.96389009358
2019-05-13,906.25702647,0.0,0.0,0.0,7812.05249225103
2019-05-14,906.25702647,0.0,0.0,0.0,7940.89916207039
2019-05-15,802.0581063100001,-104.19892015999994,0.0,104.19892015999994,8185.612078301
2019-05-16,802.0581063100001,0.0,0.0,0.0,7880.78162424521
2019-05-17,822.74176518,20.68365886999993,20.68365886999993,0.0,7346.50338002963
2019-05-18,822.74176518,0.0,0.0,0.0,7274.87529931839
2019-05-19,822.74176518,0.0,0.0,0.0,8064.34059800395
2019-05-20,822.74176518,0.0,0.0,0.0,7970.34883881234
2019-05-21,822.74176518,0.0,0.0,0.0,7954.64992358859
2019-05-22,822.74176518,0.0,0.0,0.0,7632.90468102737
2019-05-23,837.66835222,14.926587039999959,14.926587039999959,0.0,7863.49008957199
2019-05-24,837.66835222,0.0,0.0,0.0,7902.01080299532
2019-05-25,837.66835222,0.0,0.0,0.0,7922.65299069228
2019-05-26,837.66835222,0.0,0.0,0.0,8745.39196800206
2019-05-27,837.66835222,0.0,0.0,0.0,8775.94135894782
2019-05-28,837.66835222,0.0,0.0,0.0,8720.39137079459
2019-05-29,837.66835222,0.0,0.0,0.0,8665.45511378745
2019-05-30,837.66835222,0.0,0.0,0.0,8255.3034446722
2019-05-31,819.92681324,-17.741538979999973,0.0,17.741538979999973,8566.91564872908
2019-06-01,819.92681324,0.0,0.0,0.0,8557.18535734259
2019-06-02,819.92681324,0.0,0.0,0.0,8742.9471646236
2019-06-03,819.08025285,-0.846560390000036,0.0,0.846560390000036,8146.49642548369
2019-06-04,819.08025285,0.0,0.0,0.0,7715.95222077764
2019-06-05,819.08025285,0.0,0.0,0.0,7788.5916540076
2019-06-06,819.08025285,0.0,0.0,0.0,7788.35511523775
2019-06-07,819.08025285,0.0,0.0,0.0,8011.8820993719
2019-06-08,819.08025285,0.0,0.0,0.0,7960.65991147315
2019-06-09,819.08025285,0.0,0.0,0.0,7650.82978451905
2019-06-10,819.08025285,0.0,0.0,0.0,8016.60248743077
2019-06-11,819.08025285,0.0,0.0,0.0,7913.17249505966
2019-06-12,819.08025285,0.0,0.0,0.0,8160.34359712027
2019-06-13,819.08025285,0.0,0.0,0.0,8236.96334108976
2019-06-14,819.08025285,0.0,0.0,0.0,8699.40120028464
2019-06-15,819.08025285,0.0,0.0,0.0,8768.83578751187
2019-06-16,819.08025285,0.0,0.0,0.0,8993.01435302274
2019-06-17,819.08025285,0.0,0.0,0.0,9186.39225241483
2019-06-18,819.08025285,0.0,0.0,0.0,9060.00150433476
2019-06-19,789.579327,-29.50092584999993,0.0,29.50092584999993,9266.55251603363
2019-06-20,789.579327,0.0,0.0,0.0,9496.70234275935
2019-06-21,789.20418644,-0.3751405600000908,0.0,0.3751405600000908,10102.6572064453
2019-06-22,789.20418644,0.0,0.0,0.0,10463.8961008859
2019-06-23,789.20418644,0.0,0.0,0.0,10704.9771663974
2019-06-24,789.20418644,0.0,0.0,0.0,10898.8995446162
2019-06-25,862.03640202,72.83221558000002,72.83221558000002,0.0,11528.0181770289
2019-06-26,861.2888871499999,-0.7475148700000318,0.0,0.7475148700000318,12830.4112915608
2019-06-27,861.2888871499999,0.0,0.0,0.0,11186.6162918483
2019-06-28,840.99044142,-20.298445729999912,0.0,20.298445729999912,12416.3385531163
2019-06-29,840.99044142,0.0,0.0,0.0,11913.5109099377
2019-06-30,840.99044142,0.0,0.0,0.0,10777.5304064484
2019-07-01,685.7929119300001,-155.19752948999997,0.0,155.19752948999997,10535.9526817245
2019-07-02,685.7929119300001,0.0,0.0,0.0,10836.7391516287
2019-07-03,685.7929119300001,0.0,0.0,0.0,11981.9064065324
2019-07-04,685.7929119300001,0.0,0.0,0.0,11220.3217722242
2019-07-05,685.7929119300001,0.0,0.0,0.0,10996.6485014783
2019-07-06,685.7929119300001,0.0,0.0,0.0,11294.2487324872
2019-07-07,685.7929119300001,0.0,0.0,0.0,11440.7106143135
2019-07-08,685.7929119300001,0.0,0.0,0.0,12177.2623304489
2019-07-09,685.7929119300001,0.0,0.0,0.0,12486.2395693099
2019-07-10,685.7929119300001,0.0,0.0,0.0,12125.0340486712
2019-07-11,692.6841132500001,6.89120132000005,6.89120132000005,0.0,11379.4118716853
2019-07-12,692.6837164300001,-0.0003968199999917488,0.0,0.0003968199999917488,11849.0088044436
2019-07-13,692.6837164300001,0.0,0.0,0.0,11402.1560239286
2019-07-14,692.6837164300001,0.0,0.0,0.0,10219.4959362507
2019-07-15,744.3201151700001,51.636398740000004,51.636398740000004,0.0,10883.1735099455
2019-07-16,744.3201151700001,0.0,0.0,0.0,9540.26411688977
2019-07-17,744.3201151700001,0.0,0.0,0.0,9696.80002321681
2019-07-18,744.3201151700001,0.0,0.0,0.0,10665.0314288209
2019-07-19,742.81546928,-1.5046458900001198,0.0,1.5046458900001198,10568.211657323
2019-07-20,742.81546928,0.0,0.0,0.0,10759.5887899584
2019-07-21,742.81546928,0.0,0.0,0.0,10626.5284315564
2019-07-22,742.81546928,0.0,0.0,0.0,10335.2033717124
2019-07-23,742.81546928,0.0,0.0,0.0,9842.97306940586
2019-07-24,742.86406928,0.048599999999964894,0.048599999999964894,0.0,9844.37375415359
2019-07-25,742.86406928,0.0,0.0,0.0,9955.17959317
2019-07-26,742.86406928,0.0,0.0,0.0,9934.52005732129
2019-07-27,742.86406928,0.0,0.0,0.0,9625.5316421783
2019-07-28,742.86406928,0.0,0.0,0.0,9714.70263902248
2019-07-29,241756.63502478,241013.7709555,241013.7709555,0.0,9640.97222336733
2019-07-30,241756.63503032998,5.54998405277729e-06,5.54998405277729e-06,0.0,9584.62372200254
2019-07-31,241686.89391204,-69.74111828999594,0.0,69.74111828999594,10134.5745812126
2019-08-01,241686.67639588,-0.21751615998800844,0.0,0.21751615998800844,10382.0832181172
2019-08-02,242096.67592294,409.9995270599902,409.9995270599902,0.0,10549.7554665768
2019-08-03,242096.67592294,0.0,0.0,0.0,10836.6555478624
2019-08-04,242096.67592294,0.0,0.0,0.0,10944.8873631142
2019-08-05,241683.60169205998,-413.0742308800109,0.0,413.0742308800109,11810.1653915313
2019-08-06,241683.60169205998,0.0,0.0,0.0,11486.8170347812
2019-08-07,241683.60409009,0.002398030017502606,0.002398030017502606,0.0,11993.5534484301
2019-08-08,241731.93627723,48.33218714001123,48.33218714001123,0.0,11993.9919257893
2019-08-09,241731.93627723,0.0,0.0,0.0,11891.1247535773
2019-08-10,241731.93627723,0.0,0.0,0.0,11307.2847089656
2019-08-11,241731.93627723,0.0,0.0,0.0,11546.0049178242
2019-08-12,241731.93627723,0.0,0.0,0.0,11383.8244907973
2019-08-13,241731.93575543,-0.0005218000151216984,0.0,0.0005218000151216984,10901.8291311866
2019-08-14,241706.18091751,-25.75483791998704,0.0,25.75483791998704,10115.090924665
2019-08-15,241706.35283729,0.1719197799975518,0.1719197799975518,0.0,10440.0025308695
2019-08-16,241732.1125723,25.75973500998225,25.75973500998225,0.0,10482.3414143856
2019-08-17,241732.1125723,0.0,0.0,0.0,10394.0301477797
2019-08-18,241732.1125723,0.0,0.0,0.0,10431.5592943798
2019-08-19,241732.1125723,0.0,0.0,0.0,10947.9703530009
2019-08-20,241732.1125723,0.0,0.0,0.0,10820.8877633239
2019-08-21,241735.95083686,3.8382645600067917,3.8382645600067917,0.0,10281.4714085612
2019-08-22,241735.95083686,0.0,0.0,0.0,10265.8609290499
2019-08-23,241735.95083686,0.0,0.0,0.0,10513.7725238689
2019-08-24,241735.95083686,0.0,0.0,0.0,10292.7324733008
2019-08-25,241735.95083686,0.0,0.0,0.0,10291.9449477339
2019-08-26,241743.91934146,7.9685045999940485,7.9685045999940485,0.0,10435.4077328217
2019-08-27,241743.91934146,0.0,0.0,0.0,10280.4595555949
2019-08-28,241743.91934146,0.0,0.0,0.0,9940.70226134142
2019-08-29,241743.91934146,0.0,0.0,0.0,9697.3416876693
2019-08-30,241695.00396177,-48.91537968997727,0.0,48.91537968997727,9781.78983089478
2019-08-31,241695.00358330001,-0.00037846999475732446,0.0,0.00037846999475732446,9800.08930420235
2019-09-01,241695.00358330001,0.0,0.0,0.0,9739.39609887312
2019-09-02,241695.00358330001,0.0,0.0,0.0,10349.2191064565
2019-09-03,241319.90467930998,-375.0989039900305,0.0,375.0989039900305,10631.1512202484
2019-09-04,241371.35395725,51.4492779400025,51.4492779400025,0.0,10647.0440848181
2019-09-05,241371.35395725,0.0,0.0,0.0,10650.4380874233
2019-09-06,241371.35395725,0.0,0.0,0.0,10419.2605180637
2019-09-07,241371.35395725,0.0,0.0,0.0,10582.7176672262
2019-09-08,241371.35395725,0.0,0.0,0.0,10506.912778104
2019-09-09,241371.35395725,0.0,0.0,0.0,10405.0709243931
2019-09-10,241422.78514758998,51.43119033999392,51.43119033999392,0.0,10242.2343873083
2019-09-11,241422.78514758998,0.0,0.0,0.0,10194.8001037375
2019-09-12,241422.78500630998,-0.00014128000475466251,0.0,0.00014128000475466251,10536.5252600889
2019-09-13,241422.78500630998,0.0,0.0,0.0,10385.1022594933
2019-09-14,241422.78500630998,0.0,0.0,0.0,10341.6091653141
2019-09-15,241422.78500630998,0.0,0.0,0.0,10419.0132295664
2019-09-16,241422.78500630998,0.0,0.0,0.0,10304.588195825
2019-09-17,241367.55945516998,-55.22555113999988,0.0,55.22555113999988,10210.6967184019
2019-09-18,241373.96292897,6.403473800019128,6.403473800019128,0.0,10235.6860675804
2019-09-19,241373.96292897,0.0,0.0,0.0,10284.681039902
2019-09-20,241372.6276757,-1.3352532699937,0.0,1.3352532699937,10296.949839127
2019-09-21,241372.6276757,0.0,0.0,0.0,10125.0649029007
2019-09-22,241372.6276757,0.0,0.0,0.0,10085.1330602805
2019-09-23,241372.6276757,0.0,0.0,0.0,9865.87460853742
2019-09-24,241372.6276757,0.0,0.0,0.0,8772.43391367457
2019-09-25,241372.6276757,0.0,0.0,0.0,8593.33456543955
2019-09-26,241372.6276757,0.0,0.0,0.0,8219.82403541841
2019-09-27,241372.6276757,0.0,0.0,0.0,8375.17846754462
2019-09-28,241372.6276757,0.0,0.0,0.0,8395.21296352117
2019-09-29,241372.6276757,0.0,0.0,0.0,8181.09311495935
2019-09-30,241437.21238546,64.58470976000535,64.58470976000535,0.0,8313.71979249385
2019-10-01,241441.40602663,4.193641169986222,4.193641169986222,0.0,8399.89134533326
2019-10-02,241441.61602662998,0.20999999999185093,0.20999999999185093,0.0,8579.7918565564
2019-10-03,241559.46370433,117.84767770001781,117.84767770001781,0.0,8421.93643888283
2019-10-04,241162.96241607002,-396.501288259984,0.0,396.501288259984,8328.35883521631
2019-10-05,241162.96266115,0.00024507998023182154,0.00024507998023182154,0.0,8340.82820462157
2019-10-06,241162.96266115,0.0,0.0,0.0,8095.53335343318
2019-10-07,241162.9626513,-9.849987691268325e-06,0.0,9.849987691268325e-06,8334.29635813174
2019-10-08,241162.9626513,0.0,0.0,0.0,8288.86617075195
2019-10-09,241537.67673546,374.7140841599903,374.7140841599903,0.0,8599.85742361521
2019-10-10,242208.87493702,671.1982015600079,671.1982015600079,0.0,8650.27324196
2019-10-11,244929.63580893,2720.7608719099953,2720.7608719099953,0.0,8276.35713774535
2019-10-12,244929.63580893,0.0,0.0,0.0,8347.46262435701
2019-10-13,244929.63580893,0.0,0.0,0.0,8297.34972411386
2019-10-14,244811.97139055,-117.66441838000901,0.0,117.66441838000901,8377.12391745221
2019-10-15,245540.53888692,728.5674963700003,728.5674963700003,0.0,8356.77477822925
2019-10-16,248899.79574212,3359.2568552000157,3359.2568552000157,0.0,8007.76895264893
2019-10-17,260510.24068076,11610.444938639994,11610.444938639994,0.0,8176.30447974039
2019-10-18,262985.64298824,2475.4023074799916,2475.4023074799916,0.0,7980.23332695576
2019-10-19,262985.64298824,0.0,0.0,0.0,8122.39178534545
2019-10-20,262985.64298824,0.0,0.0,0.0,8232.43522600217
2019-10-21,265439.43693099,2453.793942750024,2453.793942750024,0.0,8225.77367865012
2019-10-22,265489.85851011006,50.421579120040406,50.421579120040406,0.0,8055.68330776575
2019-10-23,265501.31381346995,11.45530335989315,11.45530335989315,0.0,7564.28642947329
2019-10-24,265507.69570201996,6.381888550007716,6.381888550007716,0.0,7454.82692517236
2019-10-25,265409.70566457,-97.99003744998481,0.0,97.99003744998481,8820.18462530599
2019-10-26,265409.70566457,0.0,0.0,0.0,9246.95611239457
2019-10-27,265409.70566457,0.0,0.0,0.0,9543.71381079162
2019-10-28,265413.96259458,4.256930010044016,4.256930010044016,0.0,9238.81899592666
2019-10-29,265418.31702727,4.354432689957321,4.354432689957321,0.0,9423.81549073234
2019-10-30,265505.44744088,87.13041361002252,87.13041361002252,0.0,9196.11033671131
2019-10-31,265383.82585453,-121.62158635002561,0.0,121.62158635002561,9220.16964042512
2019-11-01,265388.27615231,4.450297780043911,4.450297780043911,0.0,9315.30007544309
2019-11-02,265383.57859580003,-4.6975565099855885,0.0,4.6975565099855885,9360.41390878478
2019-11-03,265383.57859580003,0.0,0.0,0.0,9327.00812798991
2019-11-04,265408.18260352,24.604007719957735,24.604007719957735,0.0,9435.21244606531
2019-11-05,265408.18260352,0.0,0.0,0.0,9310.79075857969
2019-11-06,265408.18260352,0.0,0.0,0.0,9318.96225702737
2019-11-07,265408.18260352,0.0,0.0,0.0,9308.77692698598
2019-11-08,265408.18260352,0.0,0.0,0.0,8906.6867536001
2019-11-09,265408.18260352,0.0,0.0,0.0,8861.47667313982
2019-11-10,265408.18260352,0.0,0.0,0.0,9192.16082172047
2019-11-11,265408.18260352,0.0,0.0,0.0,8802.80543630773
2019-11-12,265408.18373057,0.0011270500253885984,0.0011270500253885984,0.0,8980.77735272324
2019-11-13,265250.26828621,-157.91544435999822,0.0,157.91544435999822,8781.66304199267
2019-11-14,265220.48071331,-29.787572900007945,0.0,29.787572900007945,8758.30209690455
2019-11-15,265220.48070833005,-4.979956429451704e-06,0.0,4.979956429451704e-06,8694.24762695861
2019-11-16,265220.48070833005,0.0,0.0,0.0,8724.86624259459
2019-11-17,265220.48070833005,0.0,0.0,0.0,8736.2305019683
2019-11-18,265220.48070833005,0.0,0.0,0.0,8183.52250090844
2019-11-19,265220.48070833005,0.0,0.0,0.0,8116.93378357067
2019-11-20,265246.07120133005,25.59049299999606,25.59049299999606,0.0,8320.62692140835
2019-11-21,265246.07153964,0.0003383099683560431,0.0003383099683560431,0.0,7848.08525181198
2019-11-22,265385.37075167004,139.29921203001868,139.29921203001868,0.0,7448.21207152243
2019-11-23,265385.37075167004,0.0,0.0,0.0,7321.42442523596
2019-11-24,265385.37075167004,0.0,0.0,0.0,7057.93999031244
2019-11-25,265385.37075167004,0.0,0.0,0.0,7186.68347802699
2019-11-26,265385.37175167,0.0009999999892897904,0.0009999999892897904,0.0,7165.70528160955
2019-11-27,265306.53004133,-78.84171033999883,0.0,78.84171033999883,7733.72544804235
2019-11-28,265306.52992769005,-0.00011363998055458069,0.0,0.00011363998055458069,7666.29511075556
2019-11-29,265444.01643535006,137.48650766001083,137.48650766001083,0.0,7779.62798450312
2019-11-30,265444.01643535,-5.820766091346741e-11,0.0,5.820766091346741e-11,7787.01148823109
2019-12-01,265444.01643535,0.0,0.0,0.0,7574.12634448035
2019-12-02,265442.90105765004,-1.1153776999562979,0.0,1.1153776999562979,7305.57492476491
2019-12-03,265461.34119144,18.440133789961692,18.440133789961692,0.0,7545.41083235614
2019-12-04,265461.34120782,1.637998502701521e-05,1.637998502701521e-05,0.0,7193.98071276996
2019-12-05,265461.35120782,0.010000000009313226,0.010000000009313226,0.0,7608.62942688998
2019-12-06,265486.90258772,25.55137990001822,25.55137990001822,0.0,7735.39632168443
2019-12-07,265486.90258772,0.0,0.0,0.0,7502.35128979071
2019-12-08,265486.90258772,0.0,0.0,0.0,7733.8762168362
2019-12-09,265486.90258772,0.0,0.0,0.0,7344.56120236195
2019-12-10,265486.90370382,0.001116100000217557,0.001116100000217557,0.0,7440.81241755944
2019-12-11,265343.5758493,-143.32785452000098,0.0,143.32785452000098,7424.4229027858
2019-12-12,265373.50786908,29.93201977998251,29.93201977998251,0.0,7427.69858326886
2019-12-13,265375.21396403003,1.7060949500300921,1.7060949500300921,0.0,7483.45805449416
2019-12-14,265375.21396403003,0.0,0.0,0.0,7136.72769752214
2019-12-15,265375.21396403003,0.0,0.0,0.0,7376.47508854449
2019-12-16,265384.22111078,9.007146749994718,9.007146749994718,0.0,7129.41866768372
2019-12-17,265309.47440685,-74.74670393002452,0.0,74.74670393002452,6854.12393636706
2019-12-18,265309.47440685,0.0,0.0,0.0,7280.76719338046
2019-12-19,265209.20125722,-100.27314962999662,0.0,100.27314962999662,7452.18905169472
2019-12-20,265207.38371728,-1.8175399400060996,0.0,1.8175399400060996,7408.17857141814
2019-12-21,265207.38371728,0.0,0.0,0.0,7430.24414028109
2019-12-22,265207.38371728,0.0,0.0,0.0,7510.99925021541
2019-12-23,265215.66477177996,8.281054499966558,8.281054499966558,0.0,7318.88146882871
2019-12-24,265138.4633765,-77.2013952799607,0.0,77.2013952799607,7539.52777818475
2019-12-25,265138.4633765,0.0,0.0,0.0,7196.85713646088
2019-12-26,265138.4633765,0.0,0.0,0.0,7195.35824383555
2019-12-27,265138.4633765,0.0,0.0,0.0,7244.89104712088
2019-12-28,265138.4633765,0.0,0.0,0.0,7296.68531645153
2019-12-29,265138.4633765,0.0,0.0,0.0,7634.77263573633
2019-12-30,265096.98614528,-41.47723121999297,0.0,41.47723121999297,7455.46908193393
2019-12-31,264968.14376573,-128.8423795499839,0.0,128.8423795499839,7441.09262129824
2020-01-01,264968.14376573,0.0,0.0,0.0,7440.9171103844
2020-01-02,264968.14376573,0.0,0.0,0.0,7241.52172520657
2020-01-03,264967.20554427,-0.9382214600336738,0.0,0.9382214600336738,7509.88166349584
2020-01-04,264967.20554427,0.0,0.0,0.0,7413.57349224863
2020-01-05,264967.20554427,0.0,0.0,0.0,7585.66924367672
2020-01-06,264967.2054512,-9.306997526437044e-05,0.0,9.306997526437044e-05,7953.72902693968
2020-01-07,264941.84897592,-25.35647528001573,0.0,25.35647528001573,8297.711358747
2020-01-08,264936.02810488,-5.820871039992198,0.0,5.820871039992198,8178.62682072587
2020-01-09,264961.52969025,25.50158536998788,25.50158536998788,0.0,8080.63706321322
2020-01-10,264781.80192399997,-179.72776625002734,0.0,179.72776625002734,8423.92594181755
2020-01-11,264781.80192399997,0.0,0.0,0.0,8024.25385881086
2020-01-12,264781.80192399997,0.0,0.0,0.0,8247.04062877384
2020-01-13,267315.6737601,2533.8718361000065,2533.8718361000065,0.0,8343.47348803554
2020-01-14,270315.60689325,2999.9331331500434,2999.9331331500434,0.0,8859.46516792309
2020-01-15,270898.39762479,582.790731540008,582.790731540008,0.0,8973.55365349339
2020-01-16,271405.75220517,507.3545803799643,507.3545803799643,0.0,8759.51833101199
2020-01-17,271412.99443063,7.242225460009649,7.242225460009649,0.0,9044.16436355555
2020-01-18,271412.99443063,0.0,0.0,0.0,8931.7519068645
2020-01-19,271412.99443063,0.0,0.0,0.0,8729.45710683362
2020-01-20,272883.99926071,1471.0048300800263,1471.0048300800263,0.0,8827.25596417741
2020-01-21,273825.58755712,941.5882964099874,941.5882964099874,0.0,8924.98671544368
2020-01-22,280861.7044048,7036.1168476800085,7036.1168476800085,0.0,8660.32781683201
2020-01-23,282327.02353412,1465.319129319978,1465.319129319978,0.0,8550.87196408555
2020-01-24,287152.69066838,4825.667134260002,4825.667134260002,0.0,8587.88921968479
2020-01-25,287152.69066838,0.0,0.0,0.0,8412.77855792057
2020-01-26,287152.69066838,0.0,0.0,0.0,8809.642184284
2020-01-27,287152.69066838,0.0,0.0,0.0,9038.54469651087
2020-01-28,287152.69066838,0.0,0.0,0.0,9375.97789501837
2020-01-29,287152.69066838,0.0,0.0,0.0,9299.96162663326
2020-01-30,287152.69090946,0.00024108000798150897,0.00024108000798150897,0.0,9493.08554046166
2020-01-31,287034.88437155,-117.80653791001532,0.0,117.80653791001532,9335.05194305678
2020-02-01,287034.88437155,0.0,0.0,0.0,9403.60060640837
2020-02-02,287034.88437155,0.0,0.0,0.0,9323.72322592627
2020-02-03,287033.1693276,-1.7150439500110224,0.0,1.7150439500110224,9286.36024013443
2020-02-04,287056.27135928,23.102031679998618,23.102031679998618,0.0,9176.00032436048
2020-02-05,287055.97606091,-0.29529837000882253,0.0,0.29529837000882253,9612.73129312167
2020-02-06,287052.94910771004,-3.0269531999365427,0.0,3.0269531999365427,9752.83181034061
2020-02-07,289409.7415821,2356.7924743899493,2356.7924743899493,0.0,9808.25637627188
2020-02-08,289409.7378861,-0.0036959999706596136,0.0,0.0036959999706596136,9893.41266668696
2020-02-09,289409.7378861,0.0,0.0,0.0,10159.8468361936
2020-02-10,289991.79585924,582.0579731399775,582.0579731399775,0.0,9846.74578370377
2020-02-11,290625.46690452,633.6710452800035,633.6710452800035,0.0,10237.308198372
2020-02-12,292803.64010784,2178.1732033200096,2178.1732033200096,0.0,10339.4685845639
2020-02-13,293895.22978024004,1091.589672400034,1091.589672400034,0.0,10225.3954195325
2020-02-14,293784.15791571,-111.07186453003669,0.0,111.07186453003669,10347.9412053541
2020-02-15,293784.15791571,0.0,0.0,0.0,9899.92905239554
2020-02-16,293784.15791571,0.0,0.0,0.0,9938.8747781215
2020-02-17,293784.15791571,0.0,0.0,0.0,9705.57263992697
2020-02-18,294871.90228861,1087.7443728999933,1087.7443728999933,0.0,10176.9112915874
2020-02-19,295317.94695024996,446.04466163995676,446.04466163995676,0.0,9603.59179932087
2020-02-20,295229.24374952,-88.70320072997129,0.0,88.70320072997129,9753.18206686123
2020-02-21,297096.78197793,1867.538228410005,1867.538228410005,0.0,9725.82402100957
2020-02-22,297096.78197793,0.0,0.0,0.0,9864.95845678748
2020-02-23,297096.78197793,0.0,0.0,0.0,9976.31729254294
2020-02-24,297092.37319511,-4.408782819984481,0.0,4.408782819984481,9794.02400647799
2020-02-25,297874.80723869003,782.4340435800259,782.4340435800259,0.0,9370.60782070447
2020-02-26,297884.72730245005,9.920063760015182,9.920063760015182,0.0,8805.10601546749
2020-02-27,297888.50578001,3.778477559972089,3.778477559972089,0.0,8834.23208091019
2020-02-28,298082.40282308,193.8970430699992,193.8970430699992,0.0,8704.42728079738
2020-02-29,298082.40024698,-0.0025760999997146428,0.0,0.0025760999997146428,8523.04038517677
2020-03-01,298082.40024698,0.0,0.0,0.0,8654.73740278669
2020-03-02,298580.1303245,497.73007751995465,497.73007751995465,0.0,8925.19525740527
2020-03-03,302071.71743012,3491.587105620012,3491.587105620012,0.0,8762.03229531437
2020-03-04,302772.73898112995,701.0215510099661,701.0215510099661,0.0,8825.74030878652
2020-03-05,303821.15213094995,1048.4131498200004,1048.4131498200004,0.0,9289.64862516547
2020-03-06,304405.25743183994,584.1053008899908,584.1053008899908,0.0,9201.63236572705
2020-03-07,304405.25743183994,0.0,0.0,0.0,9117.72760312678
2020-03-08,304405.25743183994,0.0,0.0,0.0,8109.13334083755
2020-03-09,305125.69000208,720.4325702400529,720.4325702400529,0.0,7934.77087679265
2020-03-10,305396.51814526,270.82814317999873,270.82814317999873,0.0,8154.08625794656
2020-03-11,305553.52985374996,157.01170848996844,157.01170848996844,0.0,8210.61535148085
2020-03-12,305709.56730689,156.0374531400157,156.0374531400157,0.0,4837.32127554015
2020-03-13,305594.55034647,-115.01696042000549,0.0,115.01696042000549,5631.97293041623
2020-03-14,305594.55034647,0.0,0.0,0.0,5193.49593749969
2020-03-15,305594.55034647,0.0,0.0,0.0,5382.38878298045
2020-03-16,306855.72258831,1261.172241840046,1261.172241840046,0.0,5108.45858990639
2020-03-17,306963.28953456,107.56694624997908,107.56694624997908,0.0,5497.03945252489
2020-03-18,306893.77208907,-69.51744548999704,0.0,69.51744548999704,5474.32622639066
2020-03-19,307801.24499809,907.4729090200271,907.4729090200271,0.0,6386.20624595847
2020-03-20,308098.2214071,296.97640900994884,296.97640900994884,0.0,6218.97507235305
2020-03-21,308098.2214071,0.0,0.0,0.0,6373.71211016573
2020-03-22,308098.2214071,0.0,0.0,0.0,5902.94302850539
2020-03-23,308449.66388172,351.4424746200093,351.4424746200093,0.0,6510.28301229095
2020-03-24,309291.07255212,841.4086704000365,841.4086704000365,0.0,6764.90235664289
2020-03-25,309191.33009057,-99.74246155004948,0.0,99.74246155004948,6732.13525849177
2020-03-26,309216.48707116995,25.156980599975213,25.156980599975213,0.0,6799.24658729842
2020-03-27,309216.48707116995,0.0,0.0,0.0,6608.30190699645
2020-03-28,309216.48707116995,0.0,0.0,0.0,6255.7111013077
2020-03-29,309216.48707116995,0.0,0.0,0.0,5902.66037975136
2020-03-30,309216.49252517,0.005454000027384609,0.005454000027384609,0.0,6604.69028233354
2020-03-31,309008.03249219,-208.46003297995776,0.0,208.46003297995776,6421.35877324677
2020-04-01,309031.51421919005,23.48172700003488,23.48172700003488,0.0,6633.66281207525
2020-04-02,309042.11602505005,10.60180586000206,10.60180586000206,0.0,6945.26780180217
2020-04-03,309036.02488553006,-6.091139519994613,0.0,6.091139519994613,6813.68612736077
2020-04-04,309036.02489153005,5.999987479299307e-06,5.999987479299307e-06,0.0,6962.80545203319
2020-04-05,309036.02489153005,0.0,0.0,0.0,6899.45808968313
2020-04-06,309045.72457602003,9.699684489984065,9.699684489984065,0.0,7324.71438682949
2020-04-07,309045.72598472005,0.0014087000163272023,0.0014087000163272023,0.0,7182.0694610853
2020-04-08,310482.43098104006,1436.7049963200116,1436.7049963200116,0.0,7419.50678996563
2020-04-09,311048.8370202801,566.4060392400133,566.4060392400133,0.0,7288.37088722667
2020-04-10,313548.92596960004,2500.0889493199647,2500.0889493199647,0.0,6884.31714076024
2020-04-11,313548.92596960004,0.0,0.0,0.0,6876.54354385171
2020-04-12,313548.92596960004,0.0,0.0,0.0,6934.91789792915
2020-04-13,313548.92596960004,0.0,0.0,0.0,6858.63583836966
2020-04-14,313643.47558345005,94.54961385001661,94.54961385001661,0.0,7092.60984616508
2020-04-15,313654.06638797,10.590804519946687,10.590804519946687,0.0,6854.77180372965
2020-04-16,314055.53884818,401.4724602099741,401.4724602099741,0.0,7101.25897789595
2020-04-17,315154.3650871,1098.826238920039,1098.826238920039,0.0,7044.99750434058
2020-04-18,315154.3650871,0.0,0.0,0.0,7278.67435839077
2020-04-19,315154.3650871,0.0,0.0,0.0,7196.7378868904
2020-04-20,315442.75528642,288.39019931998337,288.39019931998337,0.0,6956.9807038754
2020-04-21,316401.76890173,959.0136153100175,959.0136153100175,0.0,6900.31758940102
2020-04-22,317247.52555892,845.7566571899806,845.7566571899806,0.0,7207.93050757476
2020-04-23,317444.32007833,196.79451941000298,196.79451941000298,0.0,7496.42300165878
2020-04-24,320393.30558114,2948.9855028099846,2948.9855028099846,0.0,7520.88587306134
2020-04-25,320393.30558114,0.0,0.0,0.0,7562.90554105182
2020-04-26,320393.30558114,0.0,0.0,0.0,7677.2048449588
2020-04-27,320392.65558891004,-0.6499922299408354,0.0,0.6499922299408354,7698.02545541384
2020-04-28,324671.32596241,4278.6703734999755,4278.6703734999755,0.0,7777.06600578363
2020-04-29,330822.08895167,6150.762989259965,6150.762989259965,0.0,8796.55715768272
2020-04-30,330746.97040239,-75.11854927998502,0.0,75.11854927998502,8646.09346578049
2020-05-01,332648.15887958003,1901.1884771900368,1901.1884771900368,0.0,8849.40817807646
2020-05-02,332635.79392157,-12.364958010031842,0.0,12.364958010031842,8982.09057593528
2020-05-03,332635.79392157,0.0,0.0,0.0,8934.84463316123
2020-05-04,335025.21082234994,2389.4169007799355,2389.4169007799355,0.0,8908.78629947007
2020-05-05,335017.73560749996,-7.475214849982876,0.0,7.475214849982876,9017.98016239598
2020-05-06,339139.58881832997,4121.853210830013,4121.853210830013,0.0,9161.25884067051
2020-05-07,339139.59337008,0.004551750025711954,0.004551750025711954,0.0,9971.23131878634
2020-05-08,346047.36608948,6907.772719400004,6907.772719400004,0.0,9801.65390836398
2020-05-09,346047.36608948,0.0,0.0,0.0,9548.62821173925
2020-05-10,346047.36608948,0.0,0.0,0.0,8740.4179326506
2020-05-11,347761.082566,1713.7164765199996,1713.7164765199996,0.0,8641.00220583123
2020-05-12,350838.67948785,3077.596921849996,3077.596921849996,0.0,8875.79917297786
2020-05-13,355463.49002341996,4624.810535569966,4624.810535569966,0.0,9297.38596150461
2020-05-14,356022.7614533699,559.2714299499639,559.2714299499639,0.0,9758.49501265674
2020-05-15,358167.47078102996,2144.7093276600353,2144.7093276600353,0.0,9314.74502176767
2020-05-16,358167.47078102996,0.0,0.0,0.0,9387.04146504907
2020-05-17,358167.47078102996,0.0,0.0,0.0,9671.06469824559
2020-05-18,360298.33289853,2130.8621175000444,2130.8621175000444,0.0,9706.90475344103
2020-05-19,363374.61679646,3076.2838979299995,3076.2838979299995,0.0,9772.15111515857
2020-05-20,364028.48269559,653.8658991300035,653.8658991300035,0.0,9513.98697325318
2020-05-21,364736.40853613,707.9258405399742,707.9258405399742,0.0,9065.8802917068
2020-05-22,365014.08126431995,277.6727281899657,277.6727281899657,0.0,9174.22114726037
2020-05-23,365014.08126431995,0.0,0.0,0.0,9178.12170710802
2020-05-24,365014.08126431995,0.0,0.0,0.0,8733.04352827803
2020-05-25,365014.08126431995,0.0,0.0,0.0,8976.2996446713
2020-05-26,365033.98733901995,19.906074700003956,19.906074700003956,0.0,8836.16271690057
2020-05-27,366659.27873907995,1625.2914000599994,1625.2914000599994,0.0,9239.29481173782
2020-05-28,368498.06273202,1838.7839929400361,1838.7839929400361,0.0,9567.99818292576
2020-05-29,369581.67331054,1083.6105785199907,1083.6105785199907,0.0,9423.86930534028
2020-05-30,369581.67331054,0.0,0.0,0.0,9696.46441073909
2020-05-31,369581.66622913996,-0.007081400020979345,0.0,0.007081400020979345,9450.9515134233
2020-06-01,371972.51982369,2390.853594550048,2390.853594550048,0.0,10189.9790223102
2020-06-02,371963.79021372,-8.729609970003366,0.0,8.729609970003366,9532.84938215527
2020-06-03,374467.64862712997,2503.8584134099656,2503.8584134099656,0.0,9663.70697000841
2020-06-04,375658.24592536,1190.5972982300445,1190.5972982300445,0.0,9795.62269140986
2020-06-05,376246.22616534,587.980239979981,587.980239979981,0.0,9626.47795503711
2020-06-06,376246.22616534,0.0,0.0,0.0,9677.23142207293
2020-06-07,376246.22616534,0.0,0.0,0.0,9751.28064058002
2020-06-08,377465.22873532,1219.002569979988,1219.002569979988,0.0,9780.99619651199
2020-06-09,377591.00472027,125.77598495001439,125.77598495001439,0.0,9777.32282153703
2020-06-10,378421.00792928995,830.0032090199529,830.0032090199529,0.0,9883.85776375287
2020-06-11,378301.48192745994,-119.52600183000322,0.0,119.52600183000322,9272.36764252557
2020-06-12,378650.69691473996,349.2149872800219,349.2149872800219,0.0,9465.31643360108
2020-06-13,378650.69691473996,0.0,0.0,0.0,9474.17785160749
2020-06-14,378650.69691473996,0.0,0.0,0.0,9335.64807084669
2020-06-15,379654.74895861995,1004.0520438799867,1004.0520438799867,0.0,9500.63565042032
2020-06-16,379690.78156007995,36.03260145999957,36.03260145999957,0.0,9530.47708115578
2020-06-17,381435.59636885993,1744.8148087799782,1744.8148087799782,0.0,9457.67367065552
2020-06-18,383852.77314564,2417.1767767800484,2417.1767767800484,0.0,9379.76179791113
2020-06-19,388249.1389795799,4396.365833939926,4396.365833939926,0.0,9300.30726072619
2020-06-20,388249.1389795799,0.0,0.0,0.0,9350.03681802414
2020-06-21,388249.1389795799,0.0,0.0,0.0,9286.00592889455
2020-06-22,388767.76354603,518.6245664500748,518.6245664500748,0.0,9691.18891001144
2020-06-23,399647.08269808,10879.319152050011,10879.319152050011,0.0,9623.62738620504
2020-06-24,399706.83312665,59.750428570027,59.750428570027,0.0,9290.90001196646
2020-06-25,399563.73636676004,-143.09675988997333,0.0,143.09675988997333,9261.12661219675
2020-06-26,400608.6561228,1044.919756039977,1044.919756039977,0.0,9158.20219830445
2020-06-27,400608.6561228,0.0,0.0,0.0,9014.37949959402
2020-06-28,400608.6561228,0.0,0.0,0.0,9122.15583492354
2020-06-29,400609.18650595,0.5303831499768421,0.5303831499768421,0.0,9187.70772585798
2020-06-30,400505.75409558,-103.43241036997642,0.0,103.43241036997642,9151.48059555084
2020-07-01,400505.20034099004,-0.5537545899860561,0.0,0.5537545899860561,9238.68796305122
2020-07-02,400505.99919054,0.7988495499594137,0.7988495499594137,0.0,9090.71684868815
2020-07-03,400506.70015716,0.7009666200028732,0.7009666200028732,0.0,9077.5693435839
2020-07-04,400506.70015716,0.0,0.0,0.0,9199.48374811664
2020-07-05,400506.70015716,0.0,0.0,0.0,9084.22499513658
2020-07-06,400555.65614202,48.95598486001836,48.95598486001836,0.0,9342.21069384062
2020-07-07,400555.65614202,0.0,0.0,0.0,9258.70267718087
2020-07-08,400555.65614202,0.0,0.0,0.0,9434.09323919054
2020-07-09,400560.64701762004,4.990875600022264,4.990875600022264,0.0,9237.95181407941
2020-07-10,400421.68388826004,-138.96312935999595,0.0,138.96312935999595,9292.76555662409
2020-07-11,400421.68388826004,0.0,0.0,0.0,9237.055586659
2020-07-12,400421.68388826004,0.0,0.0,0.0,9301.43648076496
2020-07-13,400570.92180144,149.23791317996802,149.23791317996802,0.0,9238.91703811033
2020-07-14,400657.8034289699,86.88162752991775,86.88162752991775,0.0,9249.50765728192
2020-07-15,400679.89103985997,22.087610890041105,22.087610890041105,0.0,9196.22518054187
2020-07-16,400652.60781103,-27.28322882996872,0.0,27.28322882996872,9133.22102443796
2020-07-17,401364.03646065,711.4286496199784,711.4286496199784,0.0,9190.16402227187
2020-07-18,401364.03646065,0.0,0.0,0.0,9199.70458550249
2020-07-19,401364.03646065,0.0,0.0,0.0,9208.64012901127
2020-07-20,401465.9030922,101.86663155001588,101.86663155001588,0.0,9191.36788919978
2020-07-21,402285.99533508,820.0922428800259,820.0922428800259,0.0,9393.46927473282
2020-07-22,402317.91230746,31.91697237995686,31.91697237995686,0.0,9531.85160958969
2020-07-23,404486.82655361,2168.9142461500014,2168.9142461500014,0.0,9608.22007304956
2020-07-24,405741.82636352,1254.9998099100194,1254.9998099100194,0.0,9549.51963017547
2020-07-25,405761.83029692,20.003933399973903,20.003933399973903,0.0,9706.50154629203
2020-07-26,406240.53023145,478.6999345300137,478.6999345300137,0.0,9942.71401285302
2020-07-27,407679.89095236,1439.3607209100155,1439.3607209100155,0.0,11036.7393065731
2020-07-28,408797.43660419,1117.5456518299761,1117.5456518299761,0.0,10919.8556552348
2020-07-29,410101.9266733,1304.4900691100047,1304.4900691100047,0.0,11113.977042444
2020-07-30,410597.29321406997,495.3665407699882,495.3665407699882,0.0,11114.4610092257
2020-07-31,411974.70653327997,1377.413319209998,1377.413319209998,0.0,11351.5430232964
2020-08-01,411974.69300938,-0.01352389995008707,0.0,0.01352389995008707,11814.9456927668
2020-08-02,411974.69300938,0.0,0.0,0.0,11067.9597735259
2020-08-03,413009.27206876,1034.5790593799902,1034.5790593799902,0.0,11231.253843676
2020-08-04,414560.85092282004,1551.5788540600333,1551.5788540600333,0.0,11195.8608235587
2020-08-05,414662.89902376,102.04810093995184,102.04810093995184,0.0,11758.0533726969
2020-08-06,419327.47860761004,4664.579583850049,4664.579583850049,0.0,11771.1881935415
2020-08-07,421231.62269610004,1904.144088489993,1904.144088489993,0.0,11614.7218569286
2020-08-08,421231.62270157004,5.470006726682186e-06,5.470006726682186e-06,0.0,11777.1026053991
2020-08-09,421231.62289302005,0.00019145000260323286,0.00019145000260323286,0.0,11694.4612084789
2020-08-10,424955.13089520007,3723.508002180024,3723.508002180024,0.0,11897.7501143332
2020-08-11,426044.06470945006,1088.933814249991,1088.933814249991,0.0,11396.7438904613
2020-08-12,428541.6323617101,2497.5676522600115,2497.5676522600115,0.0,11579.2310031057
2020-08-13,429212.56525627,670.9328945599264,670.9328945599264,0.0,11780.9029293741
2020-08-14,435629.55460066,6416.989344389993,6416.989344389993,0.0,11776.6494852842
2020-08-15,435640.05735672,10.502756059984677,10.502756059984677,0.0,11859.3632764381
2020-08-16,435640.05736765993,1.0939955245703459e-05,1.0939955245703459e-05,0.0,11915.551267586
2020-08-17,435908.6186899899,268.56132232997334,268.56132232997334,0.0,12289.4162465931
2020-08-18,436621.63263118995,713.0139412000426,713.0139412000426,0.0,11978.094631518
2020-08-19,436996.75221172994,375.11958053999115,375.11958053999115,0.0,11753.607402852
2020-08-20,436869.57363160996,-127.17858011997305,0.0,127.17858011997305,11872.4459646607
2020-08-21,438172.41547067,1302.8418390600127,1302.8418390600127,0.0,11529.1326373421
2020-08-22,438172.41547067,0.0,0.0,0.0,11678.1463519109
2020-08-23,438172.41547614,5.470006726682186e-06,5.470006726682186e-06,0.0,11652.6965735495
2020-08-24,438342.86066689994,170.44519075995777,170.44519075995777,0.0,11771.9887459104
2020-08-25,439152.76482921,809.9041623100638,809.9041623100638,0.0,11334.2521266748
2020-08-26,443629.20004482,4476.435215610021,4476.435215610021,0.0,11462.8624022718
2020-08-27,443513.2953869,-115.9046579200076,0.0,115.9046579200076,11321.4927768167
2020-08-28,443713.10083716,199.8054502599989,199.8054502599989,0.0,11533.1050139327
2020-08-29,443763.54514147993,50.4443043199135,50.4443043199135,0.0,11474.8363395285
2020-08-30,443504.51289778,-259.0322436999413,0.0,259.0322436999413,11712.4900927385
2020-08-31,446441.41264962,2936.8997518399847,2936.8997518399847,0.0,11680.0334313373
2020-09-01,447456.00267146993,1014.5900218499592,1014.5900218499592,0.0,11922.6469236938
2020-09-02,450728.47524160997,3272.472570140031,3272.472570140031,0.0,11403.7637041681
2020-09-03,451115.05591113004,386.58066952007357,386.58066952007357,0.0,10173.1401308123
2020-09-04,453033.03224132006,1917.9763301900239,1917.9763301900239,0.0,10484.64592283
2020-09-05,453033.0323452501,0.00010393001139163971,0.00010393001139163971,0.0,10173.4383593761
2020-09-06,453033.0323561901,1.0940013453364372e-05,1.0940013453364372e-05,0.0,10259.0252459539
2020-09-07,453282.51872637,249.4863701799186,249.4863701799186,0.0,10374.8515352505
2020-09-08,453936.73713854,654.218412170012,654.218412170012,0.0,10126.7840716942
2020-09-09,454354.82934222,418.0922036799602,418.0922036799602,0.0,10225.0875832591
2020-09-10,455287.63706304,932.807720820012,932.807720820012,0.0,10341.9430819595
2020-09-11,455494.1497434899,206.51268044993049,206.51268044993049,0.0,10390.8900101108
2020-09-12,455494.14977630996,3.282004036009312e-05,3.282004036009312e-05,0.0,10444.82900808
2020-09-13,455494.14985288994,7.657997775822878e-05,7.657997775822878e-05,0.0,10331.4465059812
2020-09-14,455796.06069663994,301.9108437499963,301.9108437499963,0.0,10671.5989084194
2020-09-15,456568.79533043,772.7346337900381,772.7346337900381,0.0,10790.5305483097
2020-09-16,457234.0414855,665.2461550700245,665.2461550700245,0.0,10954.6383216935
2020-09-17,457329.07309911,95.03161360998638,95.03161360998638,0.0,10942.4970165505
2020-09-18,457433.97371905,104.90061994001735,104.90061994001735,0.0,10937.6140823815
2020-09-19,457433.97374093,2.1880026906728745e-05,2.1880026906728745e-05,0.0,11083.7460368869
2020-09-20,457433.97375187,1.0939955245703459e-05,1.0939955245703459e-05,0.0,10922.7788838165
2020-09-21,457529.75730841,95.78355654003099,95.78355654003099,0.0,10421.821494943
2020-09-22,457764.02276176,234.26545334997354,234.26545334997354,0.0,10535.0045451779
2020-09-23,464866.71107231,7102.688310550002,7102.688310550002,0.0,10231.6307459128
2020-09-24,475482.24482954,10615.533757230034,10615.533757230034,0.0,10736.4653105566
2020-09-25,475531.93586725,49.691037709999364,49.691037709999364,0.0,10692.6356047524
2020-09-26,475531.93587819004,1.0940013453364372e-05,1.0940013453364372e-05,0.0,10730.8636925432
2020-09-27,475531.93588366004,5.470006726682186e-06,5.470006726682186e-06,0.0,10774.4086261163
2020-09-28,475531.93588366004,0.0,0.0,0.0,10695.8133215283
2020-09-29,475639.34779566,107.41191199998138,107.41191199998138,0.0,10848.5659049815
2020-09-30,475344.76945771003,-294.5783379499917,0.0,294.5783379499917,10784.266015926
2020-10-01,475440.38194315,95.61248543998227,95.61248543998227,0.0,10623.2260617153
2020-10-02,475440.38208537,0.0001422200002707541,0.0001422200002707541,0.0,10580.4211386842
2020-10-03,475440.38225494005,0.00016957003390416503,0.00016957003390416503,0.0,10556.5555355343
2020-10-04,475440.3822822901,2.735003363341093e-05,2.735003363341093e-05,0.0,10682.7638617614
2020-10-05,475527.8099789701,87.42769668000983,87.42769668000983,0.0,10794.913705387
2020-10-06,475537.7421298401,9.932150869979523,9.932150869979523,0.0,10607.002857884
2020-10-07,475617.07343997003,79.33131012995727,79.33131012995727,0.0,10675.5299841504
2020-10-08,475526.17743793,-90.89600204001181,0.0,90.89600204001181,10927.9946157921
2020-10-09,475476.3845679301,-49.79286999994656,0.0,49.79286999994656,11060.6767626737
2020-10-10,475476.3845734001,5.470006726682186e-06,5.470006726682186e-06,0.0,11300.5914423382
2020-10-11,475476.3845843401,1.0940013453364372e-05,1.0940013453364372e-05,0.0,11373.5221892592
2020-10-12,475481.38383291004,4.999248569947667,4.999248569947667,0.0,11539.3047487149
2020-10-13,475750.91712911,269.5332961999811,269.5332961999811,0.0,11427.2750478001
2020-10-14,476032.03803999006,281.12091088003945,281.12091088003945,0.0,11424.9324427832
2020-10-15,483022.84005279007,6990.802012800006,6990.802012800006,0.0,11514.6858187381
2020-10-16,492025.53337955,9002.693326759909,9002.693326759909,0.0,11330.2004109902
2020-10-17,492025.53337955,0.0,0.0,0.0,11370.8721376176
2020-10-18,492025.5334069,2.735003363341093e-05,2.735003363341093e-05,0.0,11514.7598621066
2020-10-19,492108.75928268,83.22587577998638,83.22587577998638,0.0,11764.7797306918
2020-10-20,492478.32215745,369.5628747700248,369.5628747700248,0.0,11929.1257898298
2020-10-21,492647.49918927,169.17703181999968,169.17703181999968,0.0,12818.1779551961
2020-10-22,494173.89916121995,1526.399971949926,1526.399971949926,0.0,12975.8080278772
2020-10-23,495305.6355644,1131.7364031800535,1131.7364031800535,0.0,12938.7752350862
2020-10-24,495171.63504474994,-134.00051965005696,0.0,134.00051965005696,13127.4639473113
2020-10-25,495171.63504474994,0.0,0.0,0.0,13038.2990820896
2020-10-26,500085.26401156996,4913.628966820019,4913.628966820019,0.0,13069.5502982544
2020-10-27,500334.32103816996,249.05702659999952,249.05702659999952,0.0,13646.5458450135
2020-10-28,502134.12723532,1799.8061971500283,1799.8061971500283,0.0,13281.8442701427
2020-10-29,502965.82239427,831.695158949995,831.695158949995,0.0,13458.9959620919
2020-10-30,508099.21679482,5133.394400549994,5133.394400549994,0.0,13567.5568041081
2020-10-31,508077.25663236,-21.96016245998908,0.0,21.96016245998908,13801.3834959702
2020-11-01,508070.2418188,-7.014813560002949,0.0,7.014813560002949,13762.2235164788
2020-11-02,510118.54320499004,2048.3013861900545,2048.3013861900545,0.0,13565.4857897092
2020-11-03,510846.35973669996,727.8165317099192,727.8165317099192,0.0,14018.3308531961
2020-11-04,511728.15691294,881.797176240012,881.797176240012,0.0,14155.0471342057
2020-11-05,520142.46116319,8414.304250250047,8414.304250250047,0.0,15595.7718768751
2020-11-06,521666.62423136004,1524.163068170019,1524.163068170019,0.0,15585.520544557
2020-11-07,521737.39341428,70.76918291999027,70.76918291999027,0.0,14844.0726126198
2020-11-08,521737.39341428,0.0,0.0,0.0,15488.7180600669
2020-11-09,526837.12331599,5099.729901709943,5099.729901709943,0.0,15330.3539426136
2020-11-10,530079.43140453,3242.308088539983,3242.308088539983,0.0,15314.2732888852
2020-11-11,530348.98349607,269.55209154007025,269.55209154007025,0.0,15704.8806554678
2020-11-12,532182.5658569899,1833.5823609199142,1833.5823609199142,0.0,16297.3567012793
2020-11-13,539531.94450303,7349.3786460401025,7349.3786460401025,0.0,16328.2672144497
2020-11-14,539531.94463978,0.000136749935336411,0.000136749935336411,0.0,16077.9656982454
2020-11-15,539531.94464525,5.470006726682186e-06,5.470006726682186e-06,0.0,15962.1115572342
2020-11-16,543121.95583574,3590.0111904899823,3590.0111904899823,0.0,16708.2990479659
2020-11-17,549017.87436244,5895.918526699999,5895.918526699999,0.0,17668.908331884
2020-11-18,549540.41491436,522.5405519200722,522.5405519200722,0.0,17835.7087250275
2020-11-19,551052.78996303,1512.3750486699864,1512.3750486699864,0.0,17817.7621238241
2020-11-20,564678.5803030799,13625.79034004989,13625.79034004989,0.0,18675.5462601674
2020-11-21,564678.5816634399,0.0013603599509224296,0.0013603599509224296,0.0,18683.8382743241
2020-11-22,564678.5816689099,5.470006726682186e-06,5.470006726682186e-06,0.0,18423.4482593986
2020-11-23,564678.5817728399,0.00010393001139163971,0.00010393001139163971,0.0,18365.9472311334
2020-11-24,566113.3937558801,1434.8119830401847,1434.8119830401847,0.0,19118.1212264696
2020-11-25,570897.53416825,4784.140412369976,4784.140412369976,0.0,18716.597689569
2020-11-26,571122.54660994,225.01244168996345,225.01244168996345,0.0,17170.1629922405
2020-11-27,573124.10672005,2001.5601101099746,2001.5601101099746,0.0,17139.9407519173
2020-11-28,573124.10673099,1.0940013453364372e-05,1.0940013453364372e-05,0.0,17747.7230225413
2020-11-29,576433.9609518399,3309.8542208499275,3309.8542208499275,0.0,18200.8370844748
2020-11-30,581204.7891048001,4770.828152960166,4770.828152960166,0.0,19667.5007343055
2020-12-01,582672.30176633,1467.5126615299378,1467.5126615299378,0.0,18789.9257000042
2020-12-02,585598.66245139,2926.360685059917,2926.360685059917,0.0,19224.1305513393
2020-12-03,593136.93978656,7538.277335170074,7538.277335170074,0.0,19448.8607442943
2020-12-04,593936.0895217101,799.1497351500439,799.1497351500439,0.0,18674.3518102332
2020-12-05,593933.27598328,-2.813538430025801,0.0,2.813538430025801,19165.8438974842
2020-12-06,593933.2759942199,1.0939897038042545e-05,1.0939897038042545e-05,0.0,19381.4358796147
2020-12-07,593982.7880442399,49.51205001992639,49.51205001992639,0.0,19187.763155816
2020-12-08,598431.20338761,4448.415343370172,4448.415343370172,0.0,18324.9769050087
2020-12-09,597455.95375488,-975.2496327300323,0.0,975.2496327300323,18562.2248181049
2020-12-10,604914.10739832,7458.1536434399895,7458.1536434399895,0.0,18253.1866479509
2020-12-11,605054.4708936301,140.36349531007,140.36349531007,0.0,18039.7802459044
2020-12-12,605054.4708936301,0.0,0.0,0.0,18796.2128174809
2020-12-13,605054.47091551,2.1879910491406918e-05,2.1879910491406918e-05,0.0,19173.81442723
2020-12-14,609743.08637135,4688.615455840016,4688.615455840016,0.0,19261.7011273338
2020-12-15,613989.57651784,4246.490146490047,4246.490146490047,0.0,19438.8601450301
2020-12-16,614336.73546628,347.1589484399883,347.1589484399883,0.0,21354.4080754298
2020-12-17,617896.0398395502,3559.3043732701335,3559.3043732701335,0.0,22819.8456124226
2020-12-18,618738.15898928,842.1191497298423,842.1191497298423,0.0,23135.7560798906
2020-12-19,618738.15916432,0.0001750399824231863,0.0001750399824231863,0.0,23861.6771924341
2020-12-20,618738.1592627801,9.846012108027935e-05,9.846012108027935e-05,0.0,23488.7747822642
2020-12-21,623161.1061003502,4422.946837570053,4422.946837570053,0.0,22743.6464887522
2020-12-22,636020.8510819599,12859.74498160975,12859.74498160975,0.0,23827.4312815865
2020-12-23,654701.12869572,18680.27761376009,18680.27761376009,0.0,23275.9181453675
2020-12-24,656226.18944183,1525.0607461100444,1525.0607461100444,0.0,23739.9969021727
2020-12-25,656226.18965516,0.00021332991309463978,0.00021332991309463978,0.0,24684.0177155461
2020-12-26,656226.18965516,0.0,0.0,0.0,26472.3048620795
2020-12-27,656226.18976456,0.0001094000181183219,0.0001094000181183219,0.0,26244.3979774799
2020-12-28,656263.8428069,37.65304234006908,37.65304234006908,0.0,27055.8675960945
2020-12-29,656032.45062257,-231.39218433003407,0.0,231.39218433003407,27381.8120727193
2020-12-30,656195.2055337799,162.75491120992228,162.75491120992228,0.0,28878.7491611544
2020-12-31,656193.02226523,-2.1832685499684885,0.0,2.1832685499684885,28979.3222619658
2021-01-01,656193.00957097,-0.012694259989075363,0.0,0.012694259989075363,29389.3213460805
2021-01-02,656193.0224238599,0.012852889951318502,0.012852889951318502,0.0,32204.4060882031
2021-01-03,656193.02257155,0.0001476900652050972,0.0001476900652050972,0.0,33050.0373376062
2021-01-04,656192.5002091799,-0.522362370043993,0.0,0.522362370043993,32074.3115511574
2021-01-05,656738.77662125,546.2764120700303,546.2764120700303,0.0,34035.598151908
2021-01-06,657077.5043453999,338.7277241499396,338.7277241499396,0.0,36893.4240956537
2021-01-07,657649.44811079,571.9437653900823,571.9437653900823,0.0,39519.7736643907
2021-01-08,658334.49559515,685.0474843600532,685.0474843600532,0.0,40736.1542479504
2021-01-09,658334.49578113,0.00018597999587655067,0.00018597999587655067,0.0,40308.7304185015
2021-01-10,658334.4912392601,-0.0045418699737638235,0.0,0.0045418699737638235,38290.515852761
2021-01-11,658644.7036772199,310.21243795985356,310.21243795985356,0.0,35550.7990714535
2021-01-12,661074.40927505,2429.7055978301214,2429.7055978301214,0.0,34095.1621488013
2021-01-13,661334.6296488501,260.2203738000244,260.2203738000244,0.0,37400.4308787808
2021-01-14,669126.68425143,7792.054602579912,7792.054602579912,0.0,39185.3108948774
2021-01-15,668880.87200234,-245.81224908994045,0.0,245.81224908994045,36839.6305380535
2021-01-16,668880.87220473,0.00020239001605659723,0.00020239001605659723,0.0,36081.1602147202
2021-01-17,668880.8723743,0.00016956997569650412,0.00016956997569650412,0.0,35826.2364690777
2021-01-18,668880.8724016501,2.735003363341093e-05,2.735003363341093e-05,0.0,36637.6966419414
2021-01-19,685324.0424433199,16443.17004166986,16443.17004166986,0.0,35983.2957290893
2021-01-20,694125.9890356399,8801.94659231999,8801.94659231999,0.0,35538.1364151362
2021-01-21,699357.02970316,5231.0406675201375,5231.0406675201375,0.0,30825.698086867
2021-01-22,700512.9697366899,1155.940033529885,1155.940033529885,0.0,33024.8329479714
2021-01-23,700512.96975857,2.1880026906728745e-05,2.1880026906728745e-05,0.0,32119.9893093566
2021-01-24,700512.96984062,8.204998448491096e-05,8.204998448491096e-05,0.0,32271.9648997127
2021-01-25,701420.57506135,907.6052207300672,907.6052207300672,0.0,32288.5370474562
2021-01-26,702152.90680604,732.33174468996,732.33174468996,0.0,32537.857545666
2021-01-27,703503.8177706599,1350.9109646199504,1350.9109646199504,0.0,30458.0711638745
2021-01-28,704197.1765743799,693.3588037199806,693.3588037199806,0.0,33397.9166485297
2021-01-29,704707.23838001,510.06180563010275,510.06180563010275,0.0,34284.6741806098
2021-01-30,704864.97964069,157.7412606800208,157.7412606800208,0.0,34277.8128595616
2021-01-31,704864.9797063301,6.564008072018623e-05,6.564008072018623e-05,0.0,33112.7065946175
2021-02-01,705212.45529151,347.4755851798691,347.4755851798691,0.0,33512.6416833693
2021-02-02,705209.49525657,-2.9600349399261177,0.0,2.9600349399261177,35472.6097236885
2021-02-03,705608.07743946,398.58218288992066,398.58218288992066,0.0,37613.7489972289
2021-02-04,705893.0562895801,284.97885012009647,284.97885012009647,0.0,36967.84118732
2021-02-05,706146.32666507,253.27037548995577,253.27037548995577,0.0,38248.0427781026
2021-02-06,705904.51202936,-241.81463570997585,0.0,241.81463570997585,39220.9573682299
2021-02-07,705904.5120567101,2.735003363341093e-05,2.735003363341093e-05,0.0,38861.9901427614
2021-02-08,706513.2021487099,608.6900919998297,608.6900919998297,0.0,46342.7016672751
2021-02-09,707915.22078711,1402.018638400128,1402.018638400128,0.0,46479.4103456098
2021-02-10,708553.38357055,638.1627834399696,638.1627834399696,0.0,44846.072359375
2021-02-11,708656.4403450399,103.05677448993083,103.05677448993083,0.0,47992.8833260871
2021-02-12,712040.96795969,3384.5276146500837,3384.5276146500837,0.0,47396.7466850019
2021-02-13,712040.96817302,0.0002133300295099616,0.0002133300295099616,0.0,47160.7296052015
2021-02-14,712040.9681949,2.1879910491406918e-05,2.1879910491406918e-05,0.0,48654.4957152627
2021-02-15,712122.0745725799,81.10637767997105,81.10637767997105,0.0,47935.5077863674
2021-02-16,712989.7652688699,867.6906962899957,867.6906962899957,0.0,49166.6672162532
2021-02-17,714476.6041744299,1486.8389055599691,1486.8389055599691,0.0,52126.9911934531
2021-02-18,717559.72531627,3083.1211418401217,3083.1211418401217,0.0,51632.4308224497
2021-02-19,720242.4788405,2682.753524229978,2682.753524229978,0.0,55971.8711359096
2021-02-20,720242.47913588,0.00029538001399487257,0.00029538001399487257,0.0,56052.4900636912
2021-02-21,720242.4793820301,0.0002461500698700547,0.0002461500698700547,0.0,57550.822756313
2021-02-22,724112.58869805,3870.1093160199234,3870.1093160199234,0.0,54186.9244533631
2021-02-23,727104.0304696201,2991.4417715701275,2991.4417715701275,0.0,48960.8077850202
2021-02-24,728176.9344185701,1072.9039489499992,1072.9039489499992,0.0,49771.3128687891
2021-02-25,728683.1447852701,506.210366699961,506.210366699961,0.0,47054.5546276911
2021-02-26,728900.88610597,217.74132069991902,217.74132069991902,0.0,46387.7972375531
2021-02-27,728900.8814258099,-0.004680160083808005,0.0,0.004680160083808005,46238.1915529868
2021-02-28,728900.88541575,0.003989940043538809,0.003989940043538809,0.0,45234.823649694
2021-03-01,729140.7562445999,239.87082884996198,239.87082884996198,0.0,49682.0926085921
2021-03-02,730096.7038538699,955.9476092699915,955.9476092699915,0.0,48488.175814668
2021-03-03,730728.7934087099,632.0895548400003,632.0895548400003,0.0,50432.829991698
2021-03-04,731423.45218419,694.6587754801149,694.6587754801149,0.0,48410.6719303495
2021-03-05,731468.7678897501,45.31570556003135,45.31570556003135,0.0,48837.3235160746
2021-03-06,731468.7680374401,0.0001476900652050972,0.0001476900652050972,0.0,48897.1720627471
2021-03-07,731468.7680921401,5.4699950851500034e-05,5.4699950851500034e-05,0.0,50982.1719175322
2021-03-08,731426.70702896,-42.061063180095516,0.0,42.061063180095516,52315.43770626
2021-03-09,731772.1079344499,345.40090548992157,345.40090548992157,0.0,54904.392152084
2021-03-10,732303.22571109,531.1177766401088,531.1177766401088,0.0,55927.3988501558
2021-03-11,733101.9960502798,798.7703391897958,798.7703391897958,0.0,57799.6067876217
2021-03-12,733874.7567310199,772.7606807401171,772.7606807401171,0.0,57272.1469578519
2021-03-13,734084.8499522099,210.09322118991986,210.09322118991986,0.0,61186.2710771734
2021-03-14,734084.8500014398,4.922994412481785e-05,4.922994412481785e-05,0.0,59106.5350517659
2021-03-15,734022.2971743499,-62.55282708990853,0.0,62.55282708990853,55681.452032207
2021-03-16,734618.26410695,595.9669326001313,595.9669326001313,0.0,56945.8509968625
2021-03-17,734926.5515466001,308.28743965004105,308.28743965004105,0.0,58965.649206165
2021-03-18,734969.78522155,43.23367494996637,43.23367494996637,0.0,57701.0470269185
2021-03-19,735345.4052282199,375.6200066698948,375.6200066698948,0.0,58143.0243762907
2021-03-20,735345.4053212099,9.298999793827534e-05,9.298999793827534e-05,0.0,58145.9797424363
2021-03-21,735453.67178596,108.26646475004964,108.26646475004964,0.0,57377.0672783386
2021-03-22,735862.2109760199,408.539190059877,408.539190059877,0.0,54220.3842698476
2021-03-23,736080.8746508198,218.66367479995824,218.66367479995824,0.0,54453.6175122283
2021-03-24,736254.6584210198,173.78377019998152,173.78377019998152,0.0,52499.5758066772
2021-03-25,736635.3932760999,380.7348550801398,380.7348550801398,0.0,51454.671432264
2021-03-26,736409.09939962,-226.2938764799619,0.0,226.2938764799619,55120.7676416274
2021-03-27,736458.18970594,49.09030631999485,49.09030631999485,0.0,55913.0722694946
2021-03-28,736458.1897989298,9.298988152295351e-05,9.298988152295351e-05,0.0,55808.4100699265
2021-03-29,736372.30560111,-85.88419781986158,0.0,85.88419781986158,57649.1086073897
2021-03-30,736478.56009539,106.25449427997228,106.25449427997228,0.0,58825.644162985
2021-03-31,736124.6652388701,-353.8948565198807,0.0,353.8948565198807,58888.9067709399
2021-04-01,736818.1115381902,693.4462993200868,693.4462993200868,0.0,58854.2642032084
2021-04-02,737542.6496050099,724.5380668197758,724.5380668197758,0.0,58999.4290857968
2021-04-03,737542.6494618399,-0.0001431700075045228,0.0,0.0001431700075045228,57099.8154644628
2021-04-04,737542.6496861099,0.00022426992654800415,0.00022426992654800415,0.0,58224.8904074257
2021-04-05,737542.6497189299,3.282004036009312e-05,3.282004036009312e-05,0.0,59081.6543883045
2021-04-06,738191.3439803601,648.6942614301806,648.6942614301806,0.0,58006.9873031986
2021-04-07,738507.70681919,316.36283882986754,316.36283882986754,0.0,55950.2343528557
2021-04-08,738657.99804143,150.29122224007733,150.29122224007733,0.0,58087.9902046332
2021-04-09,738547.61467223,-110.38336920004804,0.0,110.38336920004804,58108.4005289102
2021-04-10,738591.06306059,43.44838835997507,43.44838835997507,0.0,59760.626188806
2021-04-11,738591.0633778499,0.0003172599244862795,0.0003172599244862795,0.0,59949.711112079
2021-04-12,738818.8485797701,227.7852019201964,227.7852019201964,0.0,59871.8486265718
2021-04-13,739069.85277849,251.0041987199802,251.0041987199802,0.0,63551.3265337792
2021-04-14,739495.36762418,425.5148456899915,425.5148456899915,0.0,63006.7042038547
2021-04-15,740271.0603037099,775.6926795298932,775.6926795298932,0.0,63270.3252107559
2021-04-16,740241.6265812999,-29.433722410001792,0.0,29.433722410001792,61455.0102855569
2021-04-17,740730.4405813,488.81400000001304,488.81400000001304,0.0,60114.8085597083
2021-04-18,740681.09663901,-49.34394228993915,0.0,49.34394228993915,56338.254982297
2021-04-19,740681.09663901,0.0,0.0,0.0,55694.5729736653
2021-04-20,740743.9479460501,62.85130704008043,62.85130704008043,0.0,56501.9014545726
2021-04-21,740722.3046729701,-21.643273080000654,0.0,21.643273080000654,53837.9146022618
2021-04-22,740338.74339229,-383.56128068012185,0.0,383.56128068012185,51787.8024694745
2021-04-23,741047.6990398201,708.9556475301506,708.9556475301506,0.0,51244.5496827701
2021-04-24,741047.6995649401,0.0005251199472695589,0.0005251199472695589,0.0,50226.403367277
2021-04-25,741047.6997126301,0.0001476900652050972,0.0001476900652050972,0.0,49216.1696621573
2021-04-26,740867.9511743301,-179.74853830004577,0.0,179.74853830004577,54140.7406779935
2021-04-27,743055.69102178,2187.739847449935,2187.739847449935,0.0,55177.247113725
2021-04-28,742628.66174769,-427.0292740899604,0.0,427.0292740899604,54971.4634065037
2021-04-29,746059.56505379,3430.9033060999354,3430.9033060999354,0.0,53713.1532098934
2021-04-30,749160.54772801,3100.982674219995,3100.982674219995,0.0,57853.0663649613
2021-05-01,749160.54783741,0.0001094000181183219,0.0001094000181183219,0.0,57935.8578477097
2021-05-02,749160.5479632199,0.00012580992188304663,0.00012580992188304663,0.0,56755.4721430315
2021-05-03,749152.6012385,-7.946724719949998,0.0,7.946724719949998,57311.6130844576
2021-05-04,752220.0558424001,3067.454603900085,3067.454603900085,0.0,53309.5597279595
2021-05-05,755934.6005332101,3714.5446908100275,3714.5446908100275,0.0,57578.4590640068
2021-05-06,755807.90038706,-126.70014615007676,0.0,126.70014615007676,56620.7023957848
2021-05-07,755583.01939062,-224.8809964400716,0.0,224.8809964400716,57573.9377388494
2021-05-08,755403.9878753999,-179.03151522006374,0.0,179.03151522006374,59074.0801397817
2021-05-09,755403.9880723199,0.00019692000932991505,0.00019692000932991505,0.0,58481.3083155406
2021-05-10,754966.76731323,-437.22075908991974,0.0,437.22075908991974,55909.8491786804
2021-05-11,754563.3476670799,-403.4196461500833,0.0,403.4196461500833,56951.0832928406
2021-05-12,754726.95682078,163.60915370006114,163.60915370006114,0.0,49425.2409420667
2021-05-13,753681.6099260498,-1045.3468947301153,0.0,1045.3468947301153,49723.0105528306
2021-05-14,753122.99110236,-558.6188236898743,0.0,558.6188236898743,50038.4792393681
2021-05-15,753122.99122817,0.00012581003829836845,0.00012581003829836845,0.0,46754.4247306777
2021-05-16,753122.9916438899,0.000415719929151237,0.000415719929151237,0.0,46561.9324185729
2021-05-17,752549.16075947,-573.8308844199637,0.0,573.8308844199637,43673.1068693392
2021-05-18,752483.6240635599,-65.53669591003563,0.0,65.53669591003563,43006.1721428662
2021-05-19,751421.47878314,-1062.1452804199653,0.0,1062.1452804199653,36799.6522919344
2021-05-20,751847.56467248,426.0858893400291,426.0858893400291,0.0,40740.1820399412
2021-05-21,752076.4378455901,228.87317311007064,228.87317311007064,0.0,37358.8422289155
2021-05-22,752076.4378948201,4.9230060540139675e-05,4.9230060540139675e-05,0.0,37524.9032962903
2021-05-23,752076.43792764,3.281992394477129e-05,3.281992394477129e-05,0.0,34762.4447941254
2021-05-24,751787.65182195,-288.7861056900583,0.0,288.7861056900583,38847.5679358688
2021-05-25,750910.25233763,-877.3994843199616,0.0,877.3994843199616,38471.185776445
2021-05-26,751746.28189183,836.0295542000094,836.0295542000094,0.0,39328.2713283477
2021-05-27,751506.9864920301,-239.29539979994297,0.0,239.29539979994297,38539.4040325905
2021-05-28,751132.92453553,-374.0619565000525,0.0,374.0619565000525,35754.812140681
2021-05-29,751132.92485279,0.0003172599244862795,0.0003172599244862795,0.0,34612.8980549329
2021-05-30,751132.9249184299,6.56399643048644e-05,6.56399643048644e-05,0.0,35748.5782233628
2021-05-31,751495.6410308799,362.71611244999804,362.71611244999804,0.0,37352.6470274449
2021-06-01,747626.1565576501,-3869.4844732298516,0.0,3869.4844732298516,36717.1012943696
2021-06-02,747805.9168270599,179.76026940986048,179.76026940986048,0.0,37601.1034140503
2021-06-03,746780.3592053199,-1025.5576217400376,0.0,1025.5576217400376,39209.8037900208
2021-06-04,747056.8409467699,276.4817414500285,276.4817414500285,0.0,36926.1343385836
2021-06-05,747056.84194677,0.0010000000474974513,0.0010000000474974513,0.0,35571.3455793727
2021-06-06,747056.84194677,0.0,0.0,0.0,35859.0002512537
2021-06-07,747411.9630000099,355.1210532399127,355.1210532399127,0.0,33606.0167776162
2021-06-08,747496.0945571599,84.13155715004541,84.13155715004541,0.0,33441.5593811079
2021-06-09,747368.4000746099,-127.69448255002499,0.0,127.69448255002499,37385.48277123
2021-06-10,747362.5003013499,-5.8997732599964365,0.0,5.8997732599964365,36703.722401889
2021-06-11,747132.4778494899,-230.02245186001528,0.0,230.02245186001528,37351.9323531007
2021-06-12,747132.4778932498,4.375993739813566e-05,4.375993739813566e-05,0.0,35538.9512953677
2021-06-13,747132.4779315399,3.82900470867753e-05,3.82900470867753e-05,0.0,39082.7586393276
2021-06-14,747035.2560699298,-97.22186161007266,0.0,97.22186161007266,40545.772401773
2021-06-15,747253.92347807,218.66740814014338,218.66740814014338,0.0,40182.9420347707
2021-06-16,746763.5583739199,-490.36510415002704,0.0,490.36510415002704,38381.7140531184
2021-06-17,746664.58627197,-98.97210194997024,0.0,98.97210194997024,38075.3214764602
2021-06-18,746736.3002377901,71.71396582014859,71.71396582014859,0.0,35771.775882414
2021-06-19,746534.9995171401,-201.30072065000422,0.0,201.30072065000422,35555.2859122395
2021-06-20,746534.9996429501,0.00012581003829836845,0.00012581003829836845,0.0,35619.3314589064
2021-06-21,746685.9793645501,150.97972159995697,150.97972159995697,0.0,31682.3045229174
2021-06-22,746688.7054469901,2.7260824400000274,2.7260824400000274,0.0,32517.4656577842
2021-06-23,747358.9287013899,670.2232543998398,670.2232543998398,0.0,33684.8799129249
2021-06-24,746378.5312473,-980.3974540899508,0.0,980.3974540899508,34675.9075086688
2021-06-25,746396.5408268201,18.009579520090483,18.009579520090483,0.0,31630.859275722
2021-06-26,746396.5408322901,5.470006726682186e-06,5.470006726682186e-06,0.0,32269.0201188845
2021-06-27,746396.5408432301,1.0940013453364372e-05,1.0940013453364372e-05,0.0,34702.5590238434
2021-06-28,744531.3548278001,-1865.186015430023,0.0,1865.186015430023,34467.2697142977
2021-06-29,745047.838366,516.4835381999146,516.4835381999146,0.0,35887.8251389237
2021-06-30,745202.1456274498,154.30726144986693,154.30726144986693,0.0,35045.5776844357
2021-07-01,745389.4582946599,187.3126672100043,187.3126672100043,0.0,33566.3827974695
2021-07-02,745210.3508751601,-179.1074194997782,0.0,179.1074194997782,33829.2627170264
2021-07-03,745210.3509134501,3.82900470867753e-05,3.82900470867753e-05,0.0,34685.0879246793
2021-07-04,745210.3509134501,0.0,0.0,0.0,35318.6811291999
2021-07-05,745333.10790989,122.75699643988628,122.75699643988628,0.0,33733.4280953744
2021-07-06,745053.60688175,-279.5010281399591,0.0,279.5010281399591,34249.4317747432
2021-07-07,744943.5672974099,-110.03958434017841,0.0,110.03958434017841,33877.7810852423
2021-07-08,744897.9538406801,-45.61345672979951,0.0,45.61345672979951,32921.4051771039
2021-07-09,744765.47064752,-132.48319316003472,0.0,132.48319316003472,33806.1156871775
2021-07-10,744765.47064752,0.0,0.0,0.0,33537.6091455601
2021-07-11,744765.47065846,1.0940013453364372e-05,1.0940013453364372e-05,0.0,34231.3138484862
2021-07-12,745088.7129340899,323.2422756298911,323.2422756298911,0.0,33164.2631174945
2021-07-13,745165.47122707,76.75829298002645,76.75829298002645,0.0,32733.8350110294
2021-07-14,745104.67079571,-60.80043136002496,0.0,60.80043136002496,32852.1173441895
2021-07-15,745158.9506079899,54.27981227997225,54.27981227997225,0.0,31879.3317378411
2021-07-16,744825.0716025099,-333.8790054799756,0.0,333.8790054799756,31416.8051323572
2021-07-17,744825.07161345,1.0940013453364372e-05,1.0940013453364372e-05,0.0,31766.4991811537
2021-07-18,744825.07161345,0.0,0.0,0.0,31827.0308656312
2021-07-19,743344.00487869,-1481.066734759952,0.0,1481.066734759952,30844.6504514639
2021-07-20,743354.87698921,10.872110520023853,10.872110520023853,0.0,29837.1840430492
2021-07-21,743187.20342685,-167.67356235999614,0.0,167.67356235999614,32145.4527074778
2021-07-22,743196.48000863,9.27658177993726,9.27658177993726,0.0,32279.9417233634
2021-07-23,743101.3711321199,-95.1088765100576,0.0,95.1088765100576,33619.0268839499
2021-07-24,743101.3711321199,0.0,0.0,0.0,34283.9191305024
2021-07-25,743101.3711321199,0.0,0.0,0.0,35390.3206179253
2021-07-26,743267.8600662599,166.48893413995393,166.48893413995393,0.0,37288.0149167607
2021-07-27,742732.94488239,-534.915183869889,0.0,534.915183869889,39485.8218067873
2021-07-28,742553.04701736,-179.89786502998322,0.0,179.89786502998322,40007.9393900705
2021-07-29,742904.30416323,351.2571458700113,351.2571458700113,0.0,40008.5509495012
2021-07-30,742971.54289912,67.23873589001596,67.23873589001596,0.0,42243.2226963344
2021-07-31,743036.49609622,64.95319709996693,64.95319709996693,0.0,41507.9391865087
2021-08-01,743036.49609622,0.0,0.0,0.0,39926.7992136074
2021-08-02,742990.43840042,-46.05769579997286,0.0,46.05769579997286,39186.0936725229
2021-08-03,743034.07239458,43.633994159987196,43.633994159987196,0.0,38193.9395385549
2021-08-04,743056.77416297,22.701768390019424,22.701768390019424,0.0,39736.8063663359
2021-08-05,743280.78381143,224.0096484599635,224.0096484599635,0.0,40859.1028823608
2021-08-06,743000.0915926399,-280.69221879006363,0.0,280.69221879006363,42802.8167894893
2021-08-07,743000.0915926399,0.0,0.0,0.0,44594.8457705738
2021-08-08,743000.0915926399,0.0,0.0,0.0,43830.3069854484
2021-08-09,743113.27977026,113.18817762006074,113.18817762006074,0.0,46290.6974513131
2021-08-10,742867.0855782,-246.19419205992017,0.0,246.19419205992017,45595.1894036596
2021-08-11,742990.4468417,123.36126349994447,123.36126349994447,0.0,45590.2828355325
2021-08-12,742879.7580699201,-110.68877177988179,0.0,110.68877177988179,44432.9519853485
2021-08-13,742706.11670628,-173.641363640083,0.0,173.641363640083,47800.3407332082
2021-08-14,742706.11670628,0.0,0.0,0.0,47100.4973571392
2021-08-15,742706.11670628,0.0,0.0,0.0,47034.4406588719
2021-08-16,742667.3372964301,-38.77940984989982,0.0,38.77940984989982,45948.2462908833
2021-08-17,742442.2985048201,-225.03879161004443,0.0,225.03879161004443,44691.7820347228
2021-08-18,742319.84677378,-122.45173104014248,0.0,122.45173104014248,44744.858788295
2021-08-19,742095.87683408,-223.96993969997857,0.0,223.96993969997857,46749.1092111184
2021-08-20,741903.64249786,-192.23433621996082,0.0,192.23433621996082,49297.7525446557
2021-08-21,742169.97849786,266.33600000001024,266.33600000001024,0.0,48892.1735739317
2021-08-22,742169.97849786,0.0,0.0,0.0,49273.7112837274
2021-08-23,742286.5525884001,116.57409054005984,116.57409054005984,0.0,49529.2239967408
2021-08-24,742318.7652914,32.21270299993921,32.21270299993921,0.0,47721.6354639734
2021-08-25,742490.1057973299,171.3405059298966,171.3405059298966,0.0,48992.5471330104
2021-08-26,742553.4488689799,63.34307165001519,63.34307165001519,0.0,46893.1661174073
2021-08-27,742309.1213744499,-244.32749453000724,0.0,244.32749453000724,49083.8119906109
2021-08-28,742309.1213744499,0.0,0.0,0.0,48917.3550126657
2021-08-29,742309.1213744499,0.0,0.0,0.0,48782.9181634071
2021-08-30,741897.2097101699,-411.9116642799927,0.0,411.9116642799927,47009.0340696705
2021-08-31,741410.71901177,-486.49069839995354,0.0,486.49069839995354,47154.0976229171
2021-09-01,741608.35830195,197.6392901800573,197.6392901800573,0.0,48836.783538819
2021-09-02,741842.84560196,234.48730000993237,234.48730000993237,0.0,49294.6585813609
2021-09-03,742297.51774599,454.672144029988,454.672144029988,0.0,50018.6685379496
2021-09-04,742298.64767283,1.129926840076223,1.129926840076223,0.0,49925.0509170584
2021-09-05,742298.64767283,0.0,0.0,0.0,51744.0611532536
2021-09-06,742332.77156589,34.123893060022965,34.123893060022965,0.0,52662.3430046349
2021-09-07,742245.7394197,-87.0321461900603,0.0,87.0321461900603,46862.2080515105
2021-09-08,742214.92049733,-30.818922369973734,0.0,30.818922369973734,46092.6953349868
2021-09-09,741963.23605719,-251.68444014003035,0.0,251.68444014003035,46405.4898030801
2021-09-10,741733.76959453,-229.4664626599988,0.0,229.4664626599988,44896.3980156971
2021-09-11,741733.76959453,0.0,0.0,0.0,45177.2953656965
2021-09-12,741733.76959453,0.0,0.0,0.0,46077.3811127876
2021-09-13,741809.69403713,75.9244425999932,75.9244425999932,0.0,44974.1671198601
2021-09-14,741558.2337756599,-251.46026147005614,0.0,251.46026147005614,47102.6390290012
2021-09-15,741640.87697459,82.64319893007632,82.64319893007632,0.0,48156.5789725737
2021-09-16,741421.9875019201,-218.88947266992182,0.0,218.88947266992182,47782.9717489841
2021-09-17,741329.10177922,-92.88572270004079,0.0,92.88572270004079,47316.8980954737
2021-09-18,741321.81766185,-7.28411737002898,0.0,7.28411737002898,48309.8720428052
2021-09-19,741321.81766185,0.0,0.0,0.0,47268.1651914174
2021-09-20,741972.8553893699,651.0377275198698,651.0377275198698,0.0,42974.1707595382
2021-09-21,742041.0980051899,68.2426158200251,68.2426158200251,0.0,40706.9704034072
2021-09-22,742446.3309687899,405.2329635999631,405.2329635999631,0.0,43599.0499094126
2021-09-23,742679.9405952499,233.60962646000553,233.60962646000553,0.0,44888.7018492214
2021-09-24,742894.40781078,214.46721553010866,214.46721553010866,0.0,42834.0418908137
2021-09-25,742894.40781078,0.0,0.0,0.0,42722.3649307385
2021-09-26,742894.4079215899,0.0001108099240809679,0.0001108099240809679,0.0,43217.3739196458
2021-09-27,743240.19337851,345.78545692004263,345.78545692004263,0.0,42190.161939574
2021-09-28,743454.7550896901,214.56171118014026,214.56171118014026,0.0,41037.3997923888
2021-09-29,743445.0450015501,-9.710088139981963,0.0,9.710088139981963,41546.3639998857
2021-09-30,743620.2767624101,175.2317608599551,175.2317608599551,0.0,43890.0472376814
2021-10-01,743704.8744739899,84.59771157987416,84.59771157987416,0.0,48143.8335275487
2021-10-02,743727.87446536,22.999991370015778,22.999991370015778,0.0,47683.8419094453
2021-10-03,743727.87446536,0.0,0.0,0.0,48193.5838074308
2021-10-04,744064.3538804599,336.47941509995144,336.47941509995144,0.0,49288.559221334
2021-10-05,743974.22439162,-90.12948883988429,0.0,90.12948883988429,51518.9308226231
2021-10-06,745221.08627309,1246.8618814699585,1246.8618814699585,0.0,55347.5026515799
2021-10-07,746485.2946765699,1264.20840347989,1264.20840347989,0.0,53804.750734583
2021-10-08,747395.23024369,909.9355671200901,909.9355671200901,0.0,53945.614415427
2021-10-09,747395.23024369,0.0,0.0,0.0,54908.8538710603
2021-10-10,747395.23024369,0.0,0.0,0.0,54694.7384688706
2021-10-11,747585.8880849999,190.65784130990505,190.65784130990505,0.0,57500.0558265101
2021-10-12,747948.6226341898,362.73454918991774,362.73454918991774,0.0,55981.4498908459
2021-10-13,748059.3281664299,110.70553224009927,110.70553224009927,0.0,57403.0997172855
2021-10-14,748290.40872699,231.08056056010537,231.08056056010537,0.0,57326.6457806918
2021-10-15,748596.69264695,306.28391996002756,306.28391996002756,0.0,61695.5100405735
2021-10-16,748596.69264695,0.0,0.0,0.0,60874.6921272866
2021-10-17,748596.69264695,0.0,0.0,0.0,61585.6141961422
2021-10-18,748773.26297428,176.57032733003143,176.57032733003143,0.0,62056.9063454091
2021-10-19,749105.52595723,332.26298294996377,332.26298294996377,0.0,64300.7801046361
2021-10-20,749680.1036085099,574.577651279862,574.577651279862,0.0,66026.7013385388
2021-10-21,751337.43531655,1657.3317080400884,1657.3317080400884,0.0,62249.0642662859
2021-10-22,751383.0345801801,45.59926363010891,45.59926363010891,0.0,60755.9661976719
2021-10-23,751399.86952185,16.83494166994933,16.83494166994933,0.0,61366.5041106628
2021-10-24,751399.86952185,0.0,0.0,0.0,60911.3515378443
2021-10-25,751477.84836234,77.97884048998822,77.97884048998822,0.0,63121.8403337763
2021-10-26,752187.28447524,709.4361129000317,709.4361129000317,0.0,60366.7137544603
2021-10-27,753107.32362004,920.0391447999282,920.0391447999282,0.0,58543.8780723942
2021-10-28,754051.66935826,944.3457382200286,944.3457382200286,0.0,60652.7652214098
2021-10-29,753926.87316457,-124.79619369003922,0.0,124.79619369003922,62274.78330902
2021-10-30,754306.3368015699,379.4636369999498,379.4636369999498,0.0,61878.0461867853
2021-10-31,754306.3368015699,0.0,0.0,0.0,61343.2062011738
2021-11-01,754582.08377395,275.7469723800896,275.7469723800896,0.0,60946.0830230208
2021-11-02,754705.5504783101,123.46670436009299,123.46670436009299,0.0,63215.7813965961
2021-11-03,754752.1458782499,46.59539993980434,46.59539993980434,0.0,62926.614542338
2021-11-04,754511.5655373699,-240.5803408799693,0.0,240.5803408799693,61474.5850401543
2021-11-05,754333.5000146502,-178.0655227197567,0.0,178.0655227197567,61060.6800377701
2021-11-06,754380.2527935301,46.75277887994889,46.75277887994889,0.0,61520.3949898102
2021-11-07,754380.2527935301,0.0,0.0,0.0,63317.4577332819
2021-11-08,754540.9438992002,160.69110567006283,160.69110567006283,0.0,67524.6959548011
2021-11-09,754829.4737727301,288.52987352991477,288.52987352991477,0.0,66963.116163706
2021-11-10,754280.5655999201,-548.9081728099845,0.0,548.9081728099845,65025.467155987
2021-11-11,754202.5183186101,-78.04728130996227,0.0,78.04728130996227,64877.0081930951
2021-11-12,754016.4567988601,-186.06151975004468,0.0,186.06151975004468,64188.6437134246
2021-11-13,754084.6505878601,68.19378900004085,68.19378900004085,0.0,64413.4217953063
2021-11-14,754084.6505878601,0.0,0.0,0.0,65523.8584709272
2021-11-15,754060.3104760201,-24.340111840050668,0.0,24.340111840050668,63617.1091595721
2021-11-16,753914.1664875702,-146.1439884499414,0.0,146.1439884499414,60152.9833214583
2021-11-17,753712.6105506502,-201.55593691999093,0.0,201.55593691999093,60403.0115101506
2021-11-18,753746.84637983,34.23582917987369,34.23582917987369,0.0,57110.1566553242
2021-11-19,753590.52915838,-156.31722145003732,0.0,156.31722145003732,58157.6002732596
2021-11-20,753896.04639489,305.51723651005886,305.51723651005886,0.0,59771.6315137569
2021-11-21,753896.04639489,0.0,0.0,0.0,58807.7175941185
2021-11-22,754003.64203472,107.59563982998952,107.59563982998952,0.0,56346.0376852446
2021-11-23,754622.05315216,618.4111174399732,618.4111174399732,0.0,57592.7474853861
2021-11-24,754563.14990761,-58.90324454999063,0.0,58.90324454999063,57266.2346093222
2021-11-25,754701.3379080001,138.18800039007328,138.18800039007328,0.0,59000.5855866191
2021-11-26,754847.05663981,145.71873180987313,145.71873180987313,0.0,53719.0603669697
2021-11-27,754945.7468857099,98.69024589995388,98.69024589995388,0.0,54974.1548889334
2021-11-28,754945.7468857099,0.0,0.0,0.0,57335.8385785585
2021-11-29,754509.4736368699,-436.273248840007,0.0,436.273248840007,57847.2919246656
2021-11-30,754897.2895060199,387.8158691499848,387.8158691499848,0.0,56995.3857585774
2021-12-01,754109.8938441299,-787.3956618900411,0.0,787.3956618900411,57273.6611889464
2021-12-02,754671.71807322,561.8242290901253,561.8242290901253,0.0,56560.2266972815
2021-12-03,753838.0546239701,-833.6634492499288,0.0,833.6634492499288,53761.801608697
2021-12-04,753838.0546239701,0.0,0.0,0.0,49364.2907212515
2021-12-05,753838.0546239701,0.0,0.0,0.0,49452.1889584102
2021-12-06,753716.0538870799,-122.00073689012788,0.0,122.00073689012788,50615.0532827178
2021-12-07,754642.68156617,926.6276790900156,926.6276790900156,0.0,50668.0032962036
2021-12-08,754295.81141468,-346.87015148997307,0.0,346.87015148997307,50553.3823409153
2021-12-09,752855.35134901,-1440.4600656699622,0.0,1440.4600656699622,47671.2506039541
2021-12-10,753228.01996717,372.6686181599507,372.6686181599507,0.0,47215.6968142432
2021-12-11,754086.06119098,858.0412238100544,858.0412238100544,0.0,49388.1539281261
2021-12-12,754086.06119098,0.0,0.0,0.0,50143.9127866447
2021-12-13,753704.5623769,-381.49881408002693,0.0,381.49881408002693,46800.5088490845
2021-12-14,754162.87751982,458.31514292000793,458.31514292000793,0.0,48414.6571558443
2021-12-15,754083.17570033,-79.70181949005928,0.0,79.70181949005928,48927.1003013805
2021-12-16,753244.41213111,-838.7635692199692,0.0,838.7635692199692,47669.1942846622
2021-12-17,752898.53160463,-345.8805264799157,0.0,345.8805264799157,46191.7602477693
2021-12-18,752898.53160463,0.0,0.0,0.0,46875.2589558478
2021-12-19,752898.53160463,0.0,0.0,0.0,46716.581950515
2021-12-20,752501.13763596,-397.3939686700469,0.0,397.3939686700469,46919.8442821935
2021-12-21,752046.8861169401,-454.2515190199483,0.0,454.2515190199483,48950.7754669867
2021-12-22,751143.6260693001,-903.260047639953,0.0,903.260047639953,48613.1718612261
2021-12-23,750706.32465174,-437.3014175600838,0.0,437.3014175600838,50811.3412189753
2021-12-24,751025.0623089701,318.73765723011456,318.73765723011456,0.0,50823.3614631592
2021-12-25,751062.2623089701,37.199999999953434,37.199999999953434,0.0,50453.3251880114
2021-12-26,751062.2623089701,0.0,0.0,0.0,50797.3196743488
2021-12-27,751209.9946191501,147.73231017997023,147.73231017997023,0.0,50698.8674221977
2021-12-28,751037.0202867001,-172.97433244995773,0.0,172.97433244995773,47614.4905860455
2021-12-29,750971.9864833702,-65.03380332991946,0.0,65.03380332991946,46491.2140478384
2021-12-30,750697.27062597,-274.71585740020964,0.0,274.71585740020964,47158.0920351509
2021-12-31,750238.54863665,-458.721989320009,0.0,458.721989320009,46233.8073264065
2022-01-01,750242.5983566201,4.049719970091246,4.049719970091246,0.0,47713.4800763635
2022-01-02,750242.5983566201,0.0,0.0,0.0,47319.8922501558
2022-01-03,750243.2463723901,0.6480157700134441,0.6480157700134441,0.0,46453.3084080836
2022-01-04,749744.7374148701,-498.5089575200109,0.0,498.5089575200109,45862.8155794275
2022-01-05,749556.8908938501,-187.8465210199356,0.0,187.8465210199356,43468.669734812
2022-01-06,749161.1379182001,-395.7529756500153,0.0,395.7529756500153,43136.3896696428
2022-01-07,748714.0288146001,-447.1091036000289,0.0,447.1091036000289,41552.7485405801
2022-01-08,748714.19736221,0.16854760993737727,0.16854760993737727,0.0,41746.2650603275
2022-01-09,748714.19736221,0.0,0.0,0.0,41884.5668758102
2022-01-10,748023.55882945,-690.638532759971,0.0,690.638532759971,41852.7797413142
2022-01-11,748061.42445754,37.865628089988604,37.865628089988604,0.0,42765.2780816116
2022-01-12,747594.4626898601,-466.9617676798953,0.0,466.9617676798953,43935.0013720576
2022-01-13,747287.83150351,-306.63118635013234,0.0,306.63118635013234,42585.4192823703
2022-01-14,747221.6213651499,-66.21013836015482,0.0,66.21013836015482,43106.5572964824
2022-01-15,747372.2233651499,150.6020000000717,150.6020000000717,0.0,43124.4659261595
2022-01-16,747372.2233651499,0.0,0.0,0.0,43106.9111899019
2022-01-17,747185.0068891901,-187.21647595986724,0.0,187.21647595986724,42270.4146206985
2022-01-18,747144.72075705,-40.2861321400851,0.0,40.2861321400851,42391.074918118
2022-01-19,747105.7575395299,-38.9632175200386,0.0,38.9632175200386,41707.9618280743
2022-01-20,747328.31576471,222.55822518002242,222.55822518002242,0.0,40757.9095125769
2022-01-21,746951.3259211999,-376.9898435100913,0.0,376.9898435100913,36528.8835138266
2022-01-22,746951.3259211999,0.0,0.0,0.0,35095.7013710283
2022-01-23,746951.3259211999,0.0,0.0,0.0,36289.6900877946
2022-01-24,746841.1205927,-110.20532849989831,0.0,110.20532849989831,36695.7141813921
2022-01-25,746770.8408685799,-70.27972412004601,0.0,70.27972412004601,36976.5994948533
2022-01-26,746979.4173659999,208.5764974199701,208.5764974199701,0.0,36830.1308900102
2022-01-27,746923.9504116899,-55.466954309958965,0.0,55.466954309958965,37174.3039739391
2022-01-28,747242.82135199,318.8709403000539,318.8709403000539,0.0,37754.5378905794
2022-01-29,747252.15435199,9.332999999984168,9.332999999984168,0.0,38211.0860525392
2022-01-30,747252.1543519901,1.1641532182693481e-10,1.1641532182693481e-10,0.0,37947.4917904629
2022-01-31,746408.2517154301,-843.9026365600294,0.0,843.9026365600294,38518.7099564129
2022-02-01,746446.5612812501,38.30956582003273,38.30956582003273,0.0,38760.2566778841
2022-02-02,746584.59809315,138.03681189985946,138.03681189985946,0.0,36935.2015224288
2022-02-03,747635.17008734,1050.5719941901043,1050.5719941901043,0.0,37307.4534756288
2022-02-04,747681.4974010801,46.327313740039244,46.327313740039244,0.0,41581.992365089
2022-02-05,748455.81940108,774.3219999999274,774.3219999999274,0.0,41444.7014378814
2022-02-06,748455.81940108,0.0,0.0,0.0,42434.8565934934
2022-02-07,745872.6023429501,-2583.217058129958,0.0,2583.217058129958,43888.5171923911
2022-02-08,746173.84665437,301.2443114198977,301.2443114198977,0.0,44093.2252227645
2022-02-09,746041.67910643,-132.16754793992732,0.0,132.16754793992732,44427.1310356663
2022-02-10,746599.99639258,558.3172861499479,558.3172861499479,0.0,43585.622305455
2022-02-11,746884.2435016601,284.24710908008274,284.24710908008274,0.0,42421.3845903464
2022-02-12,747306.12950166,421.8859999999404,421.8859999999404,0.0,42249.4882063866
2022-02-13,747306.12950166,0.0,0.0,0.0,42088.0385518948
2022-02-14,747344.35475428,38.22525261994451,38.22525261994451,0.0,42583.7069950108
2022-02-15,747766.88268776,422.52793348010164,422.52793348010164,0.0,44567.362408842
2022-02-16,747980.5371025599,213.6544147998793,213.6544147998793,0.0,43911.7812747083
2022-02-17,747873.80883274,-106.72826981998514,0.0,106.72826981998514,40572.5787254018
2022-02-18,748998.91632233,1125.1074895900674,1125.1074895900674,0.0,40033.5993673829
2022-02-19,748998.91632233,0.0,0.0,0.0,40135.9085817186
2022-02-20,748998.91632233,0.0,0.0,0.0,38398.6858875527
2022-02-21,748998.91632233,0.0,0.0,0.0,37065.5463296146
2022-02-22,750224.68045903,1225.7641366999596,1225.7641366999596,0.0,38273.7589086326
2022-02-23,750192.78144097,-31.899018059950322,0.0,31.899018059950322,37266.670760206
2022-02-24,750006.72478112,-186.05665985005908,0.0,186.05665985005908,38373.3567294839
2022-02-25,749875.5332849,-131.19149621995166,0.0,131.19149621995166,39247.0606836865
2022-02-26,749986.2592849,110.72600000002421,110.72600000002421,0.0,39145.2857313199
2022-02-27,749986.2592849,0.0,0.0,0.0,38000.1320731195
2022-02-28,749045.11317442,-941.1461104800692,0.0,941.1461104800692,43208.3022431446
2022-03-01,748785.2207804701,-259.8923939499073,0.0,259.8923939499073,44433.8329941324
2022-03-02,749973.9866169901,1188.765836520004,1188.765836520004,0.0,43938.3473929568
2022-03-03,750020.6925703101,46.70595332002267,46.70595332002267,0.0,42476.3495419097
2022-03-04,751319.64453368,1298.9519633699674,1298.9519633699674,0.0,39214.1164340164
2022-03-05,751319.64453368,0.0,0.0,0.0,39404.4290408575
2022-03-06,751319.64453368,0.0,0.0,0.0,38416.1139211941
2022-03-07,750675.8507021301,-643.7938315499341,0.0,643.7938315499341,38039.9536778358
2022-03-08,750632.27598434,-43.57471779012121,0.0,43.57471779012121,38755.8124052357
2022-03-09,750502.71579576,-129.56018857995514,0.0,129.56018857995514,41949.2532150797
2022-03-10,750590.6971020399,87.98130627989303,87.98130627989303,0.0,39450.472970223
2022-03-11,750450.4862367101,-140.21086532983463,0.0,140.21086532983463,38751.0034822877
2022-03-12,750450.4862367101,0.0,0.0,0.0,38808.912529661
2022-03-13,750450.4862367101,0.0,0.0,0.0,37830.488565129
2022-03-14,750457.9091480101,7.422911299974658,7.422911299974658,0.0,39669.4584244225
2022-03-15,749876.51545601,-581.3936920000706,0.0,581.3936920000706,39298.495064226
2022-03-16,749906.84261594,30.32715993002057,30.32715993002057,0.0,41124.7921082548
2022-03-17,749973.9736891601,67.1310732200509,67.1310732200509,0.0,41019.1859285344
2022-03-18,749823.43241883,-150.54127033008263,0.0,150.54127033008263,41788.1158911028
2022-03-19,750570.0341888999,746.6017700699158,746.6017700699158,0.0,42227.1822132212
2022-03-20,750570.0341888999,0.0,0.0,0.0,41265.7887816155
2022-03-21,750548.7902702901,-21.243918609805405,0.0,21.243918609805405,41072.2757382856
2022-03-22,750605.0659024201,56.275632129982114,56.275632129982114,0.0,42383.4284462752
2022-03-23,752137.05389413,1531.9879917099606,1531.9879917099606,0.0,42908.0152940736
2022-03-24,752268.35093832,131.2970441899961,131.2970441899961,0.0,43995.0544615427
2022-03-25,753373.6064918301,1105.25555351004,1105.25555351004,0.0,44324.1456587403
2022-03-26,754229.24249183,855.6359999999404,855.6359999999404,0.0,44543.2618254253
2022-03-27,754229.24249183,0.0,0.0,0.0,46829.1925356218
2022-03-28,755059.5287946099,830.2863027799176,830.2863027799176,0.0,47109.5900327755
2022-03-29,755875.4874677799,815.9586731699528,815.9586731699528,0.0,47444.2536001307
2022-03-30,757188.46287963,1312.9754118501442,1312.9754118501442,0.0,47046.5588659099
2022-03-31,757189.7146000301,1.2517204000614583,1.2517204000614583,0.0,45539.3030499317
2022-04-01,756974.4026926,-215.311907430063,0.0,215.311907430063,46294.5456536343
2022-04-02,756974.4026926,0.0,0.0,0.0,45820.7574400274
2022-04-03,756974.4026926,0.0,0.0,0.0,46421.8950152819
2022-04-04,757332.5018744101,358.0991818100447,358.0991818100447,0.0,46629.5608508979
2022-04-05,756974.02864028,-358.4732341300696,0.0,358.4732341300696,45518.8114534148
2022-04-06,756050.21885739,-923.8097828900209,0.0,923.8097828900209,43191.6713431437
2022-04-07,756055.78079178,5.561934389988892,5.561934389988892,0.0,43467.2472281728
2022-04-08,754680.6834970299,-1375.0972947500413,0.0,1375.0972947500413,42332.0247333776
2022-04-09,754680.6834970299,0.0,0.0,0.0,42768.6868370621
2022-04-10,754680.6834970299,0.0,0.0,0.0,42149.9663795503
2022-04-11,756653.5161145999,1972.8326175699476,1972.8326175699476,0.0,39547.3314208316
2022-04-12,753658.9585878899,-2994.5575267099775,0.0,2994.5575267099775,40094.0390121693
2022-04-13,753270.85948932,-388.09909856994636,0.0,388.09909856994636,41161.5300146781
2022-04-14,752400.3657576899,-870.4937316300347,0.0,870.4937316300347,39953.5837486506
2022-04-15,752225.70533232,-174.66042536997702,0.0,174.66042536997702,40584.0326118403
2022-04-16,752225.70533232,0.0,0.0,0.0,40385.835365387
2022-04-17,752225.70533232,0.0,0.0,0.0,39720.175031325
2022-04-18,751583.29212217,-642.4132101499708,0.0,642.4132101499708,40810.4266178582
2022-04-19,751499.4880511899,-83.80407098005526,0.0,83.80407098005526,41498.8486738084
2022-04-20,751267.33374175,-232.15430943993852,0.0,232.15430943993852,41371.2952751209
2022-04-21,750827.8565732299,-439.4771685200976,0.0,439.4771685200976,40490.4476835698
2022-04-22,750401.6541220798,-426.20245115004946,0.0,426.20245115004946,39729.9187440143
2022-04-23,750544.0212801999,142.3671581200324,142.3671581200324,0.0,39446.5520631321
2022-04-24,750544.0212801999,0.0,0.0,0.0,39465.644797799
2022-04-25,750505.2740387599,-38.74724143999629,0.0,38.74724143999629,40473.134484777
2022-04-26,750344.4460111199,-160.8280276400037,0.0,160.8280276400037,38130.878974108
2022-04-27,749895.7666272899,-448.6793838299345,0.0,448.6793838299345,39240.7843412564
2022-04-28,749957.87529546,62.10866817005444,62.10866817005444,0.0,39769.0207239483
2022-04-29,749474.03802646,-483.83726900001056,0.0,483.83726900001056,38603.0732911076
2022-04-30,749461.0844176101,-12.953608849900775,0.0,12.953608849900775,37690.6156017555
2022-05-01,749461.0844176101,0.0,0.0,0.0,38480.6829588327
2022-05-02,748027.7769645901,-1433.3074530200101,0.0,1433.3074530200101,38526.9427973215
2022-05-03,748228.01019582,200.23323122994043,200.23323122994043,0.0,37736.5823970341
2022-05-04,748131.15537268,-96.85482313996181,0.0,96.85482313996181,39694.6268104868
2022-05-05,749861.11311147,1729.9577387899626,1729.9577387899626,0.0,36577.7754839369
2022-05-06,749851.98486326,-9.128248210065067,0.0,9.128248210065067,36010.7997064727
2022-05-07,749851.98486326,0.0,0.0,0.0,35492.272288545
2022-05-08,749851.98486326,0.0,0.0,0.0,34056.3276112642
2022-05-09,751473.66086326,1621.676000000094,1621.676000000094,0.0,30115.5299245556
2022-05-10,751653.30282243,179.64195916999597,179.64195916999597,0.0,31013.0903012082
2022-05-11,751751.66223504,98.35941260994878,98.35941260994878,0.0,28955.3477326609
2022-05-12,751799.55687507,47.894640029990114,47.894640029990114,0.0,28948.8468667497
2022-05-13,751764.0140408501,-35.54283421987202,0.0,35.54283421987202,29277.014143605
2022-05-14,753734.69404085,1970.6799999999348,1970.6799999999348,0.0,30071.7583952937
2022-05-15,753734.69404085,0.0,0.0,0.0,31306.4566177875
2022-05-16,753703.51372541,-31.180315440054983,0.0,31.180315440054983,29842.3665899188
2022-05-17,753426.90901511,-276.60471029998735,0.0,276.60471029998735,30428.3885599316
2022-05-18,752949.51423607,-477.3947790400125,0.0,477.3947790400125,28675.2158699234
2022-05-19,752977.9711417899,28.45690571994055,28.45690571994055,0.0,30297.3188695349
2022-05-20,752933.71488099,-44.25626079994254,0.0,44.25626079994254,29170.8388784833
2022-05-21,752933.71488099,0.0,0.0,0.0,29427.3702282029
2022-05-22,752933.71488099,0.0,0.0,0.0,30264.4586309666
2022-05-23,752960.0216997301,26.30681874009315,26.30681874009315,0.0,29087.275130061
2022-05-24,752878.35305772,-81.66864201007411,0.0,81.66864201007411,29627.5068787364
2022-05-25,752358.04221274,-520.3108449799474,0.0,520.3108449799474,29526.2095277186
2022-05-26,753181.9020922999,823.8598795598373,823.8598795598373,0.0,29189.8019829638
2022-05-27,753307.5459760799,125.64388377999421,125.64388377999421,0.0,28593.647341069
2022-05-28,755322.75905993,2015.2130838501034,2015.2130838501034,0.0,29023.6963531194
2022-05-29,755322.75905993,0.0,0.0,0.0,29453.8823738123
2022-05-30,755443.98683094,121.22777101001702,121.22777101001702,0.0,31707.0477166798
2022-05-31,757318.7420874201,1874.7552564800717,1874.7552564800717,0.0,31763.9881272722
2022-06-01,754109.34052747,-3209.4015599500854,0.0,3209.4015599500854,29780.3787257085
2022-06-02,756637.0638906299,2527.723363159923,2527.723363159923,0.0,30445.6771415581
2022-06-03,754269.09589494,-2367.967995689949,0.0,2367.967995689949,29692.2803010075
2022-06-04,754272.3458614901,3.249966550152749,3.249966550152749,0.0,29851.9731801901
2022-06-05,754272.3458614901,0.0,0.0,0.0,29906.7016211219
2022-06-06,754173.4168261801,-98.9290353100514,0.0,98.9290353100514,31359.0052613532
2022-06-07,754309.3645566402,135.94773046008777,135.94773046008777,0.0,31119.7778089599
2022-06-08,754561.4076996201,252.0431429799646,252.0431429799646,0.0,30194.1657751089
2022-06-09,754012.5645846302,-548.8431149899261,0.0,548.8431149899261,30088.1992605605
2022-06-10,751517.0995977102,-2495.4649869200075,0.0,2495.4649869200075,29066.8608555744
2022-06-11,751517.0995977102,0.0,0.0,0.0,28398.2127825331
2022-06-12,751517.0995977102,0.0,0.0,0.0,26593.4364374062
2022-06-13,743083.50892984,-8433.590667870129,0.0,8433.590667870129,22445.1436398689
2022-06-14,743098.3889814401,14.880051600048319,14.880051600048319,0.0,22138.9698212549
2022-06-15,751604.51741176,8506.12843031995,8506.12843031995,0.0,22571.0576199162
2022-06-16,751549.00661665,-55.51079511002172,0.0,55.51079511002172,20380.5325789067
2022-06-17,751076.35693012,-472.6496865299996,0.0,472.6496865299996,20444.843150264
2022-06-18,726586.35693012,-24490.0,0.0,24490.0,18973.1024503608
2022-06-19,726586.35693012,0.0,0.0,0.0,20559.5050894125
2022-06-20,726907.2849486,320.92801847995725,320.92801847995725,0.0,20558.6286659958
2022-06-21,727860.67800356,953.3930549600627,953.3930549600627,0.0,20708.9008031907
2022-06-22,727822.79602048,-37.88198308006395,0.0,37.88198308006395,19960.2186719402
2022-06-23,728228.6086912901,405.8126708101481,405.8126708101481,0.0,21084.0932609266
2022-06-24,728349.4628343801,120.85414308996405,120.85414308996405,0.0,21214.6692327235
2022-06-25,728349.4628343801,0.0,0.0,0.0,21486.7795267034
2022-06-26,728349.4628343801,0.0,0.0,0.0,21035.9629970889
2022-06-27,728690.56875043,341.1059160499135,341.1059160499135,0.0,20707.6886918966
2022-06-28,728909.8437553701,219.27500494010746,219.27500494010746,0.0,20261.322494417
2022-06-29,728854.4525512101,-55.39120416005608,0.0,55.39120416005608,20101.410032865
2022-06-30,728888.9196710201,34.46711981005501,34.46711981005501,0.0,19908.4208257945
2022-07-01,727598.53353051,-1290.3861405100906,0.0,1290.3861405100906,19252.1638224184
2022-07-02,727582.97265573,-15.56087478005793,0.0,15.56087478005793,19232.3596433005
2022-07-03,727582.97265573,0.0,0.0,0.0,19298.6909601537
2022-07-04,727783.14546295,200.17280722002033,200.17280722002033,0.0,20208.1258521229
2022-07-05,727609.82663969,-173.31882326002233,0.0,173.31882326002233,20177.8719636965
2022-07-06,727452.25943763,-157.56720206001773,0.0,157.56720206001773,20542.4083893739
2022-07-07,727441.69306015,-10.566377479932271,0.0,10.566377479932271,21632.7264424563
2022-07-08,727551.9398973701,110.24683722003829,110.24683722003829,0.0,21599.3104220071
2022-07-09,727585.15612115,33.21622377994936,33.21622377994936,0.0,21583.8358064306
2022-07-10,727585.15612115,0.0,0.0,0.0,20841.4020253745
2022-07-11,727760.26289615,175.10677499999292,175.10677499999292,0.0,19953.6463431842
2022-07-12,727245.63782725,-514.625068900059,0.0,514.625068900059,19314.5681356567
2022-07-13,727097.94720838,-147.69061886996496,0.0,147.69061886996496,20239.0325461825
2022-07-14,726980.0939968299,-117.85321155004203,0.0,117.85321155004203,20587.8286458016
2022-07-15,726999.8382182299,19.74422140000388,19.74422140000388,0.0,20823.4872892865
2022-07-16,726999.8382182299,0.0,0.0,0.0,21209.9251489495
2022-07-17,726999.8382182299,0.0,0.0,0.0,20787.2747890091
2022-07-18,727180.86733449,181.02911626000423,181.02911626000423,0.0,22497.1521495936
2022-07-19,727104.2238384,-76.64349608996417,0.0,76.64349608996417,23407.3349580126
2022-07-20,726995.63033085,-108.5935075499583,0.0,108.5935075499583,23221.329625508
2022-07-21,726837.03358362,-158.5967472300399,0.0,158.5967472300399,23151.3577660337
2022-07-22,727034.21893249,197.18534886999987,197.18534886999987,0.0,22701.4180913587
2022-07-23,727034.21893249,0.0,0.0,0.0,22463.2046978471
2022-07-24,727036.4540376699,2.2351051799487323,2.2351051799487323,0.0,22587.3412261066
2022-07-25,726910.2781807799,-126.17585689004045,0.0,126.17585689004045,21316.7699867919
2022-07-26,727024.80547234,114.5272915600799,114.5272915600799,0.0,21269.8745649408
2022-07-27,727059.44446233,34.638989989995025,34.638989989995025,0.0,22962.8182152291
2022-07-28,727493.58280783,434.13834549998865,434.13834549998865,0.0,23858.0662916566
2022-07-29,730087.80445265,2594.2216448200634,2594.2216448200634,0.0,23776.6077602224
2022-07-30,730087.80445265,0.0,0.0,0.0,23649.5949175304
2022-07-31,730087.80445265,0.0,0.0,0.0,23313.8527919824
2022-08-01,729167.3737992501,-920.4306533999043,0.0,920.4306533999043,23283.7273812922
2022-08-02,728655.3447030901,-512.0290961599676,0.0,512.0290961599676,23002.2350849598
2022-08-03,727870.3447030901,-785.0,0.0,785.0,22845.0854057235
2022-08-04,727354.1600235602,-516.1846795299789,0.0,516.1846795299789,22622.431583546
2022-08-05,727358.98626949,4.8262459298130125,4.8262459298130125,0.0,23306.9785860126
2022-08-06,727358.98626949,0.0,0.0,0.0,22953.1456804837
2022-08-07,727358.98626949,0.0,0.0,0.0,23182.4817640934
2022-08-08,727985.44574967,626.4594801800558,626.4594801800558,0.0,23824.7369983572
2022-08-09,728040.2636695501,54.81791988003533,54.81791988003533,0.0,23158.794917736
2022-08-10,728043.91739663,3.6537270799744874,3.6537270799744874,0.0,23961.2072606782
2022-08-11,728593.6711331499,549.7537365198368,549.7537365198368,0.0,23949.5204902639
2022-08-12,728879.85471812,286.18358497007284,286.18358497007284,0.0,24411.3285140137
2022-08-13,728879.85471812,0.0,0.0,0.0,24449.7898028232
2022-08-14,728879.85471812,0.0,0.0,0.0,24313.1832718628
2022-08-15,727580.6858212799,-1299.1688968400704,0.0,1299.1688968400704,24097.6857184209
2022-08-16,727325.4909430299,-255.19487825001124,0.0,255.19487825001124,23867.6750691758
2022-08-17,726749.5485884099,-575.9423546199687,0.0,575.9423546199687,23346.2252262025
2022-08-18,726671.0923494699,-78.45623894000892,0.0,78.45623894000892,23203.1358520417
2022-08-19,726986.24124652,315.148897050065,315.148897050065,0.0,20842.0781597212
2022-08-20,726986.24124652,0.0,0.0,0.0,21143.9369934609
2022-08-21,726986.24124652,0.0,0.0,0.0,21517.7631751083
2022-08-22,726858.9657551299,-127.27549139002804,0.0,127.27549139002804,21407.2600532749
2022-08-23,726824.9657551299,-34.0,0.0,34.0,21519.0765615916
2022-08-24,726709.24323289,-115.72252223989926,0.0,115.72252223989926,21367.5124035899
2022-08-25,726202.95968851,-506.28354437998496,0.0,506.28354437998496,21566.8225731527
2022-08-26,726328.80377746,125.84408894996159,125.84408894996159,0.0,20252.6953138933
2022-08-27,726425.78877746,96.98499999998603,96.98499999998603,0.0,20038.9379990459
2022-08-28,726425.78877746,0.0,0.0,0.0,19558.4102774165
2022-08-29,726407.9840278199,-17.80474964005407,0.0,17.80474964005407,20301.3635488976
2022-08-30,726569.8068843699,161.8228565499885,161.8228565499885,0.0,19803.7122711205
2022-08-31,726536.71509307,-33.09179129998665,0.0,33.09179129998665,20050.2306826139
2022-09-01,725485.97391254,-1050.7411805299344,0.0,1050.7411805299344,20132.4351278389
2022-09-02,725537.40040776,51.42649522004649,51.42649522004649,0.0,19958.1546339531
2022-09-03,725641.40040776,104.0,104.0,0.0,19839.1957300156
2022-09-04,725641.40040776,0.0,0.0,0.0,19998.2496914502
2022-09-05,725772.23730289,130.83689512999263,130.83689512999263,0.0,19792.1636053288
2022-09-06,725741.9584664099,-30.27883648010902,0.0,30.27883648010902,18790.9069153409
2022-09-07,725502.86127576,-239.09719064994715,0.0,239.09719064994715,19282.7869813442
2022-09-08,725538.55240429,35.691128529957496,35.691128529957496,0.0,19311.0985224782
2022-09-09,726089.57144407,551.0190397800179,551.0190397800179,0.0,21508.8854687482
2022-09-10,726070.4993214499,-19.072122620069422,0.0,19.072122620069422,21655.6317589473
2022-09-11,726070.4993214499,0.0,0.0,0.0,21819.8741310598
2022-09-12,726203.3518680299,132.8525465800194,132.8525465800194,0.0,22397.7556323332
2022-09-13,726485.30381313,281.95194510009605,281.95194510009605,0.0,20175.3568576726
2022-09-14,726433.0815966901,-52.22221643989906,0.0,52.22221643989906,20230.1026493397
2022-09-15,726347.65786059,-85.42373610008508,0.0,85.42373610008508,19703.3300886564
2022-09-16,726011.0750695501,-336.582791039953,0.0,336.582791039953,19801.2191593224
2022-09-17,726032.1676936001,21.092624049982987,21.092624049982987,0.0,20116.1287453886
2022-09-18,726032.1676936001,0.0,0.0,0.0,19419.2114488315
2022-09-19,726142.4603893901,110.29269579006359,110.29269579006359,0.0,19543.3565534122
2022-09-20,726463.54965265,321.08926325989887,321.08926325989887,0.0,18878.7016110801
2022-09-21,726509.0001972701,45.450544620049186,45.450544620049186,0.0,18490.9294708545
2022-09-22,726201.086387,-307.91381027002353,0.0,307.91381027002353,19409.7534540829
2022-09-23,726254.1357109301,53.049323930055834,53.049323930055834,0.0,19290.201268573
2022-09-24,726255.7957109301,1.6600000000325963,1.6600000000325963,0.0,18923.0396137772
2022-09-25,726255.7957109301,0.0,0.0,0.0,18799.5981202723
2022-09-26,726451.4959883301,195.70027739997022,195.70027739997022,0.0,19227.254756094
2022-09-27,726289.8666280701,-161.62936025997624,0.0,161.62936025997624,19091.6412715529
2022-09-28,725947.56538487,-342.30124320008326,0.0,342.30124320008326,19411.5572735283
2022-09-29,726033.0023219001,85.43693703005556,85.43693703005556,0.0,19592.383140833
2022-09-30,725931.34679008,-101.65553182014264,0.0,101.65553182014264,19424.3694033923
2022-10-01,724869.2041372601,-1062.1426528198645,0.0,1062.1426528198645,19309.0114018438
2022-10-02,724869.2041372601,0.0,0.0,0.0,19054.683325411
2022-10-03,724874.19309632,4.988959059934132,4.988959059934132,0.0,19627.1760107208
2022-10-04,724922.8021066701,48.60901035007555,48.60901035007555,0.0,20344.6489661715
2022-10-05,724463.67458597,-459.12752070010174,0.0,459.12752070010174,20162.2221311315
2022-10-06,724490.97234983,27.297763859969564,27.297763859969564,0.0,19952.3940142373
2022-10-07,724470.6102234,-20.362126429914497,0.0,20.362126429914497,19533.3286266017
2022-10-08,724470.6102234,0.0,0.0,0.0,19415.9679747434
2022-10-09,724470.6102234,0.0,0.0,0.0,19443.0462649631
2022-10-10,724472.9101395401,2.2999161400366575,2.2999161400366575,0.0,19133.2766790523
2022-10-11,724358.2384637201,-114.67167582002003,0.0,114.67167582002003,19058.1590286618
2022-10-12,724303.56860497,-54.66985875007231,0.0,54.66985875007231,19156.9479335102
2022-10-13,724524.55652351,220.98791854002047,220.98791854002047,0.0,19379.6933449788
2022-10-14,724476.9880177999,-47.568505710107274,0.0,47.568505710107274,19180.0158817323
2022-10-15,724476.9880177999,0.0,0.0,0.0,19066.4862589852
2022-10-16,724476.9880177999,0.0,0.0,0.0,19262.295619267
2022-10-17,724177.55603685,-299.43198094994295,0.0,299.43198094994295,19548.6174791554
2022-10-18,724228.7574634099,51.201426559942774,51.201426559942774,0.0,19330.8474645807
2022-10-19,724041.41664293,-187.34082047990523,0.0,187.34082047990523,19126.9220346171
2022-10-20,724032.6022102399,-8.814432690152898,0.0,8.814432690152898,19045.4680600591
2022-10-21,724175.3284158099,142.7262055700412,142.7262055700412,0.0,19168.1408610375
2022-10-22,724169.9785118699,-5.349903939990327,0.0,5.349903939990327,19207.6963610599
2022-10-23,724169.97852741,1.5540048480033875e-05,1.5540048480033875e-05,0.0,19569.7325849495
2022-10-24,724169.97852741,0.0,0.0,0.0,19332.8801797789
2022-10-25,724336.0009108,166.0223833899945,166.0223833899945,0.0,20086.601334111
2022-10-26,724081.42387065,-254.5770401499467,0.0,254.5770401499467,20773.4264453863
2022-10-27,723937.2870584299,-144.13681222009473,0.0,144.13681222009473,20289.5828958237
2022-10-28,724096.0515278,158.76446937012952,158.76446937012952,0.0,20596.0509955165
2022-10-29,724019.297611,-76.75391680002213,0.0,76.75391680002213,20807.8630909117
2022-10-30,724019.297611,0.0,0.0,0.0,20625.1357557588
2022-10-31,724169.3723343799,150.0747233799193,150.0747233799193,0.0,20494.9257299831
2022-11-01,724262.14157179,92.7692374100443,92.7692374100443,0.0,20482.1975751488
2022-11-02,723024.94055731,-1237.2010144799715,0.0,1237.2010144799715,20153.437580166
2022-11-03,723072.8165459,47.875988589948975,47.875988589948975,0.0,20205.2083159117
2022-11-04,723106.7567543499,33.940208449959755,33.940208449959755,0.0,21145.1212975502
2022-11-05,723106.7567543499,0.0,0.0,0.0,21300.4973318852
2022-11-06,723106.7567543499,0.0,0.0,0.0,20918.721862735
2022-11-07,723130.11356604,23.356811690027826,23.356811690027826,0.0,20591.5810569268
2022-11-08,723215.59205216,85.47848612000234,85.47848612000234,0.0,18549.8096066226
2022-11-09,723204.99556162,-10.596490539959632,0.0,10.596490539959632,15912.8757024704
2022-11-10,722750.5821701401,-454.4133914798731,0.0,454.4133914798731,17628.3804115913
2022-11-11,722909.45334546,158.8711753198877,158.8711753198877,0.0,17054.1262725733
2022-11-12,722907.1145934401,-2.3387520199175924,0.0,2.3387520199175924,16778.3734764205
2022-11-13,722907.1145934401,0.0,0.0,0.0,16331.086043426
2022-11-14,722768.14082321,-138.9737702300772,0.0,138.9737702300772,16616.1149204193
2022-11-15,722032.61685339,-735.5239698200021,0.0,735.5239698200021,16887.1041026214
2022-11-16,722367.41670243,334.7998490399914,334.7998490399914,0.0,16662.2571518258
2022-11-17,722351.46541066,-15.951291769975796,0.0,15.951291769975796,16683.8645945887
2022-11-18,722621.7060472601,270.24063660006505,270.24063660006505,0.0,16690.5061646123
2022-11-19,722737.8482492901,116.14220203005243,116.14220203005243,0.0,16694.0173694121
2022-11-20,722737.8482492901,0.0,0.0,0.0,16275.4041131052
2022-11-21,723429.42712986,691.5788805698976,691.5788805698976,0.0,15774.4832353555
2022-11-22,723461.31907256,31.8919427000219,31.8919427000219,0.0,16205.8221488175
2022-11-23,723710.6315762,249.31250363995787,249.31250363995787,0.0,16613.9113100967
2022-11-24,724581.93576896,871.304192760028,871.304192760028,0.0,16596.708046295
2022-11-25,724803.6337313501,221.69796239002608,221.69796239002608,0.0,16512.9170255092
2022-11-26,724804.12773135,0.49399999994784594,0.49399999994784594,0.0,16453.3220545922
2022-11-27,724804.12773135,0.0,0.0,0.0,16419.6793920512
2022-11-28,724856.89530876,52.76757740997709,52.76757740997709,0.0,16210.7752707756
2022-11-29,724793.95867199,-62.93663677002769,0.0,62.93663677002769,16438.8702427102
2022-11-30,724761.42409346,-32.534578530001454,0.0,32.534578530001454,17172.1372250751
2022-12-01,724190.60575812,-570.8183353400091,0.0,570.8183353400091,16979.0561874183
2022-12-02,724210.86483221,20.25907409004867,20.25907409004867,0.0,17096.8104732562
2022-12-03,724210.8652296499,0.0003974399296566844,0.0003974399296566844,0.0,16888.6496011212
2022-12-04,724210.8652296499,0.0,0.0,0.0,17118.4665376458
2022-12-05,724243.8117119799,32.94648232997861,32.94648232997861,0.0,16968.8908322988
2022-12-06,724252.6289667201,8.817254740162753,8.817254740162753,0.0,17089.9333898539
2022-12-07,724281.1084264601,28.47945973998867,28.47945973998867,0.0,16839.0737573858
2022-12-08,724293.3854264601,12.277000000001863,12.277000000001863,0.0,17226.214010572
2022-12-09,725076.0000284701,782.6146020099986,782.6146020099986,0.0,17129.6601171897
2022-12-10,725090.2820284701,14.28200000000652,14.28200000000652,0.0,17129.1862768961
2022-12-11,725090.2820284701,0.0,0.0,0.0,17092.5710718811
2022-12-12,725038.46879867,-51.81322980008554,0.0,51.81322980008554,17208.8355970428
2022-12-13,724984.63138291,-53.837415760033764,0.0,53.837415760033764,17776.8698615716
2022-12-14,724316.99620817,-667.6351747399895,0.0,667.6351747399895,17800.5289116282
2022-12-15,724158.9151832301,-158.0810249398928,0.0,158.0810249398928,17358.599966588
2022-12-16,724072.61367615,-86.30150708009023,0.0,86.30150708009023,16636.3019783046
2022-12-17,724073.95267615,1.3390000000363216,1.3390000000363216,0.0,16780.6374709485
2022-12-18,724073.95267615,0.0,0.0,0.0,16738.692624659
2022-12-19,723816.0905338799,-257.8621422700817,0.0,257.8621422700817,16441.5653963005
2022-12-20,723647.2245057499,-168.86602813005447,0.0,168.86602813005447,16903.9868964253
2022-12-21,723622.8565814699,-24.367924279998988,0.0,24.367924279998988,16825.6031068065
2022-12-22,723513.0478031299,-109.80877833999693,0.0,109.80877833999693,16819.3397917948
2022-12-23,723063.28720759,-449.760595539934,0.0,449.760595539934,16776.5713879112
2022-12-24,723058.6060812299,-4.681126360082999,0.0,4.681126360082999,16831.4918982042
2022-12-25,723058.6060812299,0.0,0.0,0.0,16832.5436938815
2022-12-26,723058.6060812299,0.0,0.0,0.0,16922.0231290302
2022-12-27,723077.7973936299,19.19131240004208,19.19131240004208,0.0,16701.5323619558
2022-12-28,722721.8671226698,-355.9302709600888,0.0,355.9302709600888,16541.4723044317
2022-12-29,722522.6656092999,-199.20151336991694,0.0,199.20151336991694,16640.1263641993
2022-12-30,722306.9305853299,-215.7350239700172,0.0,215.7350239700172,16605.7238616281
2022-12-31,722308.1335942999,1.2030089700128883,1.2030089700128883,0.0,16537.3493546371
2023-01-01,721233.58699438,-1074.5465999199077,0.0,1074.5465999199077,16614.7996181354
2023-01-02,721233.58699438,0.0,0.0,0.0,16671.8455481964
2023-01-03,721084.49369419,-149.09330018993933,0.0,149.09330018993933,16668.5747367951
2023-01-04,720940.4769388301,-144.01675535994582,0.0,144.01675535994582,16855.1515566319
2023-01-05,720986.7944327301,46.31749389995821,46.31749389995821,0.0,16826.853077852
2023-01-06,720956.93817735,-29.856255380087532,0.0,29.856255380087532,16950.685352777
2023-01-07,720948.41752677,-8.520650579943322,0.0,8.520650579943322,16947.9786911474
2023-01-08,720948.41752677,0.0,0.0,0.0,17120.2536044793
2023-01-09,720964.04263717,15.625110399909317,15.625110399909317,0.0,17185.4426286406
2023-01-10,720964.4924771799,0.4498400099109858,0.4498400099109858,0.0,17444.3911017755
2023-01-11,720952.8143625599,-11.678114619920962,0.0,11.678114619920962,17937.9085106608
2023-01-12,720823.31636256,-129.497999999905,0.0,129.497999999905,18853.0342288496
2023-01-13,720871.11524539,47.79888282995671,47.79888282995671,0.0,19929.2964216156
2023-01-14,720931.11524539,60.0,60.0,0.0,20955.5153194575
2023-01-15,720931.11524539,0.0,0.0,0.0,20876.5832655193
2023-01-16,720873.6500077901,-57.46523759991396,0.0,57.46523759991396,21186.604577389
2023-01-17,720735.59250118,-138.05750661005732,0.0,138.05750661005732,21138.9164686384
2023-01-18,720777.05237794,41.45987676002551,41.45987676002551,0.0,20678.3348791823
2023-01-19,721050.76492828,273.7125503399875,273.7125503399875,0.0,21078.4544974041
2023-01-20,721858.5146761601,807.749747880036,807.749747880036,0.0,22682.2029187614
2023-01-21,721858.5146761601,0.0,0.0,0.0,22779.2138078613
2023-01-22,721858.5146761601,0.0,0.0,0.0,22718.1314335012
2023-01-23,722547.38674625,688.8720700899139,688.8720700899139,0.0,22918.3699917327
2023-01-24,722875.7620643801,328.375318130129,328.375318130129,0.0,22638.901587247
2023-01-25,724628.75762548,1752.995561099844,1752.995561099844,0.0,23059.3851644209
2023-01-26,725343.8013976,715.0437721200287,715.0437721200287,0.0,23019.9101609654
2023-01-27,725939.7867531499,595.9853555499576,595.9853555499576,0.0,23079.9557865419
2023-01-28,726792.2817531499,852.4949999999953,852.4949999999953,0.0,23036.0163159092
2023-01-29,726792.2817531499,0.0,0.0,0.0,23755.8522960817
2023-01-30,727497.4770027,705.1952495500445,705.1952495500445,0.0,22836.7994097976
2023-01-31,727708.6783607099,211.20135800994467,211.20135800994467,0.0,23132.6366267087
2023-02-01,727181.4007040799,-527.2776566300308,0.0,527.2776566300308,23730.892108563
2023-02-02,727147.96298397,-33.43772010994144,0.0,33.43772010994144,23472.9378986901
2023-02-03,727180.83438794,32.871403970057145,32.871403970057145,0.0,23427.2999489355
2023-02-04,727049.21756139,-131.6168265499873,0.0,131.6168265499873,23323.8704017848
2023-02-05,727049.21756139,0.0,0.0,0.0,22939.8873379221
2023-02-06,727623.5512039601,574.3336425700691,574.3336425700691,0.0,22762.160401592
2023-02-07,727928.48795392,304.9367499599466,304.9367499599466,0.0,23250.8437643727
2023-02-08,727874.1089539201,-54.37899999995716,0.0,54.37899999995716,22965.0353709284
2023-02-09,727173.5705824901,-700.5383714300115,0.0,700.5383714300115,21799.4426181371
2023-02-10,726834.3355824901,-339.23499999998603,0.0,339.23499999998603,21632.2158073977
2023-02-11,726809.5977155301,-24.737866960000247,0.0,24.737866960000247,21862.6260227177
2023-02-12,726809.5977155301,0.0,0.0,0.0,21790.25455289
2023-02-13,726447.7309046,-361.8668109300779,0.0,361.8668109300779,21792.5223461046
2023-02-14,726193.28412367,-254.4467809300404,0.0,254.4467809300404,22208.9199618737
2023-02-15,725846.15809998,-347.1260236899834,0.0,347.1260236899834,24323.5166590462
2023-02-16,725905.66570991,59.507609930005856,59.507609930005856,0.0,23533.2769528505
2023-02-17,725939.43995541,33.7742454999825,33.7742454999825,0.0,24571.6150380305
2023-02-18,725939.43995541,0.0,0.0,0.0,24635.5338888335
2023-02-19,725939.43995541,0.0,0.0,0.0,24279.6343367959
2023-02-20,725960.04419069,20.604235280072317,20.604235280072317,0.0,24835.755894074
2023-02-21,726033.8682297401,73.82403905002866,73.82403905002866,0.0,24444.1011345712
2023-02-22,726271.98036391,238.11213416990358,238.11213416990358,0.0,24186.0885791748
2023-02-23,726026.91742302,-245.06294088996947,0.0,245.06294088996947,23939.6688327525
2023-02-24,726006.72663177,-20.1907912499737,0.0,20.1907912499737,23194.499333278
2023-02-25,726008.83963177,2.113000000012107,2.113000000012107,0.0,23163.049349882
2023-02-26,726008.83963177,0.0,0.0,0.0,23557.2229146909
2023-02-27,725997.83963177,-11.0,0.0,11.0,23499.8309774113
2023-02-28,725999.10784338,1.2682116099167615,1.2682116099167615,0.0,23131.2984639804
2023-03-01,725003.54582829,-995.5620150899049,0.0,995.5620150899049,23649.4803930443
2023-03-02,725036.8991081201,33.35327983007301,33.35327983007301,0.0,23470.0361999682
2023-03-03,724494.5358555601,-542.363252560026,0.0,542.363252560026,22361.1191692556
2023-03-04,724481.52032081,-13.015534750069492,0.0,13.015534750069492,22355.8306157683
2023-03-05,724481.52032081,0.0,0.0,0.0,22429.4908591502
2023-03-06,724106.93886769,-374.5814531199867,0.0,374.5814531199867,22412.6705271364
2023-03-07,723492.1593639301,-614.779503759928,0.0,614.779503759928,22200.2507201629
2023-03-08,713944.13689998,-9548.022463950096,0.0,9548.022463950096,21710.6990275416
2023-03-09,713788.00948614,-156.1274138400331,0.0,156.1274138400331,20375.6834685557
2023-03-10,713210.96619679,-577.0432893499965,0.0,577.0432893499965,20213.7629924351
2023-03-11,712907.22219679,-303.74399999994785,0.0,303.74399999994785,20620.2077794277
2023-03-12,712907.22219679,0.0,0.0,0.0,22145.8844282266
2023-03-13,711817.4571070401,-1089.7650897499407,0.0,1089.7650897499407,24208.7267998456
2023-03-14,711696.6626219699,-120.79448507016059,0.0,120.79448507016059,24763.5637364342
2023-03-15,710860.81595998,-835.8466619899264,0.0,835.8466619899264,24380.3366925489
2023-03-16,710855.8690561601,-4.94690381991677,0.0,4.94690381991677,25057.7204466164
2023-03-17,711037.1198822701,181.25082611001562,181.25082611001562,0.0,27449.2125371784
2023-03-18,711041.1828822701,4.062999999965541,4.062999999965541,0.0,26990.2099147727
2023-03-19,711041.1828822701,0.0,0.0,0.0,28043.8685945591
2023-03-20,712296.1935652401,1255.0106829700526,1255.0106829700526,0.0,27808.5477374102
2023-03-21,712694.1763476701,397.9827824300155,397.9827824300155,0.0,28200.5289595314
2023-03-22,713180.9239151801,486.7475675099995,486.7475675099995,0.0,27351.0672482204
2023-03-23,713505.6300034001,324.70608822000213,324.70608822000213,0.0,28365.4052559054
2023-03-24,714442.2341302801,936.6041268799454,936.6041268799454,0.0,27508.9778733925
2023-03-25,714442.2341302801,0.0,0.0,0.0,27522.8566887814
2023-03-26,714442.2341302801,0.0,0.0,0.0,28018.322473185
2023-03-27,714666.2669137901,224.032783510047,224.032783510047,0.0,27176.1206279737
2023-03-28,715028.7186914501,362.45177765993867,362.45177765993867,0.0,27286.6561737917
2023-03-29,715164.04577703,135.3270855799783,135.3270855799783,0.0,28364.9268668795
2023-03-30,715565.12188122,401.07610418996774,401.07610418996774,0.0,28063.4394407859
2023-03-31,714479.8807551301,-1085.241126089939,0.0,1085.241126089939,28497.2081539256
2023-04-01,714479.8807551301,0.0,0.0,0.0,28481.8954584263
2023-04-02,714479.8807551301,0.0,0.0,0.0,28215.1372410906
2023-04-03,715192.2514156601,712.370660530054,712.370660530054,0.0,27815.0788799947
2023-04-04,715526.58474603,334.3333303699037,334.3333303699037,0.0,28183.4796906071
2023-04-05,715752.99832692,226.41358088993002,226.41358088993002,0.0,28183.1127411209
2023-04-06,715937.8804257599,184.8820988399675,184.8820988399675,0.0,28046.5936404394
2023-04-07,716005.1764257599,67.29599999997299,67.29599999997299,0.0,27923.8296812933
2023-04-08,716005.1764257599,0.0,0.0,0.0,27964.8602674257
2023-04-09,716005.1764257599,0.0,0.0,0.0,28342.2800906457
2023-04-10,716005.1764257599,0.0,0.0,0.0,29651.8259220904
2023-04-11,716787.32795536,782.1515296000289,782.1515296000289,0.0,30230.4027905525
2023-04-12,717551.14168433,763.8137289700098,763.8137289700098,0.0,29908.9683587085
2023-04-13,718136.82686554,585.6851812100504,585.6851812100504,0.0,30418.117768826
2023-04-14,718242.83290114,106.00603559997398,106.00603559997398,0.0,30495.9936496767
2023-04-15,718350.55290114,107.71999999997206,107.71999999997206,0.0,30326.254282035
2023-04-16,718350.55290114,0.0,0.0,0.0,30319.3392117242
2023-04-17,718335.45577731,-15.097123829997145,0.0,15.097123829997145,29454.288611993
2023-04-18,718646.05038599,310.5946086799959,310.5946086799959,0.0,30392.1774635086
2023-04-19,718256.23520445,-389.81518153997604,0.0,389.81518153997604,28838.336552442
2023-04-20,717519.66954452,-736.5656599299982,0.0,736.5656599299982,28256.5932505126
2023-04-21,717150.5122531699,-369.1572913500713,0.0,369.1572913500713,27284.2446886479
2023-04-22,717150.51226397,1.0800082236528397e-05,1.0800082236528397e-05,0.0,27841.7754958968
2023-04-23,717150.51226397,0.0,0.0,0.0,27607.8347430762
2023-04-24,717150.51227477,1.079996582120657e-05,1.079996582120657e-05,0.0,27541.5807831025
2023-04-25,716690.57365083,-459.93862393999007,0.0,459.93862393999007,28305.8791292559
2023-04-26,716238.1944689399,-452.37918189004995,0.0,452.37918189004995,28527.3021598618
2023-04-27,716122.34958896,-115.84487997996621,0.0,115.84487997996621,29491.4405723241
2023-04-28,715905.36501506,-216.98457390000112,0.0,216.98457390000112,29342.4943883475
2023-04-29,714699.47197564,-1205.8930394198978,0.0,1205.8930394198978,29279.6788958756
2023-04-30,714699.47197564,0.0,0.0,0.0,29269.3284190614
2023-05-01,714201.5590197999,-497.91295584011823,0.0,497.91295584011823,28104.486312544
2023-05-02,714040.91050928,-160.6485105198808,0.0,160.6485105198808,28696.6191722905
2023-05-03,713809.75026268,-231.16024660004769,0.0,231.16024660004769,29037.9933377395
2023-05-04,713432.0724350502,-377.6778276298428,0.0,377.6778276298428,28878.6029922569
2023-05-05,713100.16837462,-331.90406043012626,0.0,331.90406043012626,29563.5199685999
2023-05-06,713083.21392759,-16.95444702997338,0.0,16.95444702997338,28933.2955078631
2023-05-07,713083.21392759,0.0,0.0,0.0,28498.5019364021
2023-05-08,712944.79990276,-138.41402483009733,0.0,138.41402483009733,27736.6673104092
2023-05-09,712754.90299096,-189.89691179990768,0.0,189.89691179990768,27666.1663334429
2023-05-10,712125.57373913,-629.3292518300004,0.0,629.3292518300004,27639.9301236234
2023-05-11,711953.01255103,-172.56118810002226,0.0,172.56118810002226,26999.795182326
2023-05-12,711422.21364498,-530.7989060500404,0.0,530.7989060500404,26819.5447111702
2023-05-13,711423.5386449799,1.3249999999534339,1.3249999999534339,0.0,26798.5986390513
2023-05-14,711423.5386449799,0.0,0.0,0.0,26933.8020596763
2023-05-15,711169.70206762,-253.8365773599362,0.0,253.8365773599362,27197.7040446513
2023-05-16,710868.83074653,-300.8713210900314,0.0,300.8713210900314,27046.494616832
2023-05-17,710508.20580213,-360.6249443999259,0.0,360.6249443999259,27408.6745498218
2023-05-18,710391.82508137,-116.38072076009121,0.0,116.38072076009121,26838.9668512658
2023-05-19,710160.56908281,-231.25599855999462,0.0,231.25599855999462,26897.8682529666
2023-05-20,710156.89204995,-3.677032859995961,0.0,3.677032859995961,27132.4253543435
2023-05-21,710156.89204995,0.0,0.0,0.0,26767.9729382682
2023-05-22,710146.65287075,-10.239179199910723,0.0,10.239179199910723,26869.9450609306
2023-05-23,710090.19651973,-56.45635102002416,0.0,56.45635102002416,27232.2067834683
2023-05-24,710108.8170543299,18.6205345998751,18.6205345998751,0.0,26347.4019321724
2023-05-25,710344.27139084,235.45433651003987,235.45433651003987,0.0,26487.339972648
2023-05-26,710451.45831133,107.18692048999947,107.18692048999947,0.0,26723.7398235066
2023-05-27,710451.45831133,0.0,0.0,0.0,26872.1392590869
2023-05-28,710451.45831133,0.0,0.0,0.0,28084.3386929541
2023-05-29,710330.48385481,-120.97445651993621,0.0,120.97445651993621,27748.8249884538
2023-05-30,709945.87983853,-384.60401628003456,0.0,384.60401628003456,27710.973035485
2023-05-31,708869.4248824901,-1076.4549560399028,0.0,1076.4549560399028,27230.3080428998
2023-06-01,708627.8395387301,-241.5853437599726,0.0,241.5853437599726,26829.29960344
2023-06-02,708680.59844659,52.75890785991214,52.75890785991214,0.0,27260.1298849564
2023-06-03,707905.71282971,-774.8856168800266,0.0,774.8856168800266,27086.3172554771
2023-06-04,707905.71282971,0.0,0.0,0.0,27135.7904122839
2023-06-05,707359.07452024,-546.6383094700286,0.0,546.6383094700286,25765.7963247578
2023-06-06,706823.29547904,-535.7790411999449,0.0,535.7790411999449,27248.3246542986
2023-06-07,706971.64857782,148.35309878003318,148.35309878003318,0.0,26613.1697965198
2023-06-08,706980.61544366,8.966865839902312,8.966865839902312,0.0,26521.1529700854
2023-06-09,706967.13236163,-13.4830820299685,0.0,13.4830820299685,26507.0890083425
2023-06-10,706934.21728281,-32.91507881996222,0.0,32.91507881996222,25881.4306723709
2023-06-11,706934.21728281,0.0,0.0,0.0,25954.4633197473
2023-06-12,707007.62358615,73.40630333998706,73.40630333998706,0.0,25989.8934186014
2023-06-13,706821.1327184,-186.4908677500207,0.0,186.4908677500207,25954.7612096253
2023-06-14,706899.0487739,77.9160555000417,77.9160555000417,0.0,25172.5104139701
2023-06-15,706905.6990079001,6.650234000058845,6.650234000058845,0.0,25592.4132007647
2023-06-16,706965.75662958,60.05762167996727,60.05762167996727,0.0,26346.9089448547
2023-06-17,706965.75662958,0.0,0.0,0.0,26529.2967946286
2023-06-18,706965.75662958,0.0,0.0,0.0,26352.3262313544
2023-06-19,706844.4931580201,-121.26347155997064,0.0,121.26347155997064,26852.392167205
2023-06-20,706839.99350524,-4.49965278012678,0.0,4.49965278012678,28318.3604233876
2023-06-21,708290.71913885,1450.72563361004,1450.72563361004,0.0,30004.3066633103
2023-06-22,710732.70196841,2441.98282956006,2441.98282956006,0.0,29903.0951256052
2023-06-23,711393.75823961,661.0562711999519,661.0562711999519,0.0,30695.0319627857
2023-06-24,711565.25324961,171.49500999995507,171.49500999995507,0.0,30547.2538887232
2023-06-25,711565.25324961,0.0,0.0,0.0,30468.4754666978
2023-06-26,711906.3013436199,341.04809400998056,341.04809400998056,0.0,30295.226396642
2023-06-27,712551.5405638,645.2392201800831,645.2392201800831,0.0,30668.9243387284
2023-06-28,713740.1323309101,1188.591767110047,1188.591767110047,0.0,30101.2258952121
2023-06-29,714271.58291557,531.450584659935,531.450584659935,0.0,30440.1023199044
2023-06-30,715515.9057049399,1244.3227893698495,1244.3227893698495,0.0,30437.7451668473
2023-07-01,716583.9707049399,1068.0650000000605,1068.0650000000605,0.0,30533.7461791116
2023-07-02,716583.9707169399,1.1999974958598614e-05,1.1999974958598614e-05,0.0,30629.064612191
2023-07-03,717020.35186241,436.3811454700772,436.3811454700772,0.0,31173.6004676264
2023-07-04,717376.4000783,356.0482158900704,356.0482158900704,0.0,30804.9314937316
2023-07-05,717686.81347403,310.41339572996367,310.41339572996367,0.0,30527.0969511612
2023-07-06,717994.81842721,308.0049531799741,308.0049531799741,0.0,29930.3254083315
2023-07-07,718409.9622290401,415.1438018301269,415.1438018301269,0.0,30382.6523200649
2023-07-08,718409.9622290401,0.0,0.0,0.0,30323.0188403165
2023-07-09,718409.9622290401,0.0,0.0,0.0,30061.3743526232
2023-07-10,718418.03574556,8.07351651985664,8.07351651985664,0.0,30414.3935333379
2023-07-11,718297.62646458,-120.40928098000586,0.0,120.40928098000586,30647.2187156785
2023-07-12,718247.34819518,-50.27826940000523,0.0,50.27826940000523,30413.994084819
2023-07-13,718268.88848238,21.540287200012244,21.540287200012244,0.0,31481.4081376011
2023-07-14,719017.7638895999,748.8754072199808,748.8754072199808,0.0,30345.7701035837
2023-07-15,719017.7638895999,0.0,0.0,0.0,30318.1340815308
2023-07-16,719017.7638895999,0.0,0.0,0.0,30254.0284882476
2023-07-17,719215.79090615,198.02701655006967,198.02701655006967,0.0,30156.5844242845
2023-07-18,719373.5516385199,157.76073236984666,157.76073236984666,0.0,29884.3573854079
2023-07-19,719313.8530598,-59.6985787198646,0.0,59.6985787198646,29935.6891157405
2023-07-20,719247.74275586,-66.11030394001864,0.0,66.11030394001864,29811.4849347523
2023-07-21,719056.21618276,-191.52657310001086,0.0,191.52657310001086,29892.1365446573
2023-07-22,719056.21618276,0.0,0.0,0.0,29804.3500738858
2023-07-23,719056.21618276,0.0,0.0,0.0,30101.2645734077
2023-07-24,719459.85882939,403.6426466300618,403.6426466300618,0.0,29206.0663216961
2023-07-25,719387.6210815801,-72.2377478099661,0.0,72.2377478099661,29256.1875846369
2023-07-26,719084.22502904,-303.3960525400471,0.0,303.3960525400471,29375.3055204941
2023-07-27,718383.08670505,-701.138323990046,0.0,701.138323990046,29239.7913150158
2023-07-28,718343.27686082,-39.80984422995243,0.0,39.80984422995243,29335.4470402998
2023-07-29,718343.27686082,0.0,0.0,0.0,29383.336465198
2023-07-30,718343.27686082,0.0,0.0,0.0,29364.3837700405
2023-07-31,717190.36021512,-1152.9166456999956,0.0,1152.9166456999956,29258.5076902706
2023-08-01,715663.8802482,-1526.4799669199856,0.0,1526.4799669199856,29703.8104813107
2023-08-02,708586.32593021,-7077.554317990085,0.0,7077.554317990085,29177.9478242776
2023-08-03,708190.2588589899,-396.0670712200226,0.0,396.0670712200226,29184.4729902195
2023-08-04,708176.2975872599,-13.96127173001878,0.0,13.96127173001878,29096.0701444857
2023-08-05,708176.2975872599,0.0,0.0,0.0,29072.4311106811
2023-08-06,708176.2975872599,0.0,0.0,0.0,29079.1215999119
2023-08-07,708138.94699079,-37.35059646994341,0.0,37.35059646994341,29197.986038807
2023-08-08,704047.22161612,-4091.7253746700007,0.0,4091.7253746700007,29774.8224448097
2023-08-09,704780.0441067901,732.8224906701362,732.8224906701362,0.0,29579.4693139563
2023-08-10,701917.13878924,-2862.9053175500594,0.0,2862.9053175500594,29439.068889827
2023-08-11,701949.5487592302,32.40996999014169,32.40996999014169,0.0,29408.1385408148
2023-08-12,701950.5487592302,1.0,1.0,0.0,29431.2391205862
2023-08-13,701950.5487592302,0.0,0.0,0.0,29294.0071031849
2023-08-14,691215.3721949899,-10735.176564240246,0.0,10735.176564240246,29414.4402033915
2023-08-15,691395.2088997499,179.83670475997496,179.83670475997496,0.0,29181.7271502883
2023-08-16,691329.05389277,-66.15500697994139,0.0,66.15500697994139,28714.3609957384
2023-08-17,690373.3590812599,-955.6948115100386,0.0,955.6948115100386,26668.375876092
2023-08-18,690075.71932033,-297.6397609299747,0.0,297.6397609299747,26068.756541312
2023-08-19,689700.71932033,-375.0,0.0,375.0,26110.5955282053
2023-08-20,689700.71932033,0.0,0.0,0.0,26203.1956390114
2023-08-21,689100.2735109901,-600.4458093398716,0.0,600.4458093398716,26176.5093140249
2023-08-22,687540.2762277001,-1559.997283290024,0.0,1559.997283290024,26042.2437082433
2023-08-23,688125.1239219601,584.8476942600682,584.8476942600682,0.0,26442.198971668
2023-08-24,687292.90258416,-832.221337800147,0.0,832.221337800147,26183.9661193447
2023-08-25,686772.17105745,-520.7315267099766,0.0,520.7315267099766,26059.7902007569
2023-08-26,686772.17105745,0.0,0.0,0.0,26033.3825013828
2023-08-27,686772.17105745,0.0,0.0,0.0,26103.6600177839
2023-08-28,686733.99452421,-38.17653324001003,0.0,38.17653324001003,26119.3483138369
2023-08-29,686159.20910862,-574.7854155900422,0.0,574.7854155900422,27740.1326391347
2023-08-30,708801.19130666,22641.98219804,22641.98219804,0.0,27314.1128866737
2023-08-31,708501.1945502001,-299.99675645981915,0.0,299.99675645981915,25954.5020137399
2023-09-01,708147.2576919501,-353.93685825006105,0.0,353.93685825006105,25927.762485267
2023-09-02,708147.2576919501,0.0,0.0,0.0,25909.5771757153
2023-09-03,708147.2576919501,0.0,0.0,0.0,25985.1483294931
2023-09-04,707758.7219259101,-388.535766039975,0.0,388.535766039975,25829.7607686328
2023-09-05,707705.21670962,-53.505216290126555,0.0,53.505216290126555,25801.3845443916
2023-09-06,707247.49407422,-457.72263540001586,0.0,457.72263540001586,25771.4578139339
2023-09-07,706391.02319874,-856.4708754799794,0.0,856.4708754799794,26251.1493587611
2023-09-08,706326.38011089,-64.64308784995228,0.0,64.64308784995228,25918.6803715733
2023-09-09,706326.38011089,0.0,0.0,0.0,25909.5640398976
2023-09-10,706326.38011089,0.0,0.0,0.0,25837.954001127
2023-09-11,706226.7583988099,-99.62171208008658,0.0,99.62171208008658,25178.9378691104
2023-09-12,706303.99991803,77.24151922005694,77.24151922005694,0.0,25849.7665024534
2023-09-13,706167.50280464,-136.49711339001078,0.0,136.49711339001078,26237.4208561472
2023-09-14,705917.97710244,-249.52570220001508,0.0,249.52570220001508,26543.9728778799
2023-09-15,705927.65610244,9.679000000003725,9.679000000003725,0.0,26614.1097215987
2023-09-16,705927.65610244,0.0,0.0,0.0,26580.1658687366
2023-09-17,705927.65610244,0.0,0.0,0.0,26538.0876010768
2023-09-18,705938.3341313801,10.678028940106742,10.678028940106742,0.0,26789.2195875401
2023-09-19,706359.0852332601,420.7511018799851,420.7511018799851,0.0,27218.8557248351
2023-09-20,706286.30682354,-72.77840972004924,0.0,72.77840972004924,27132.0450120978
2023-09-21,706391.9638659301,105.65704239008483,105.65704239008483,0.0,26571.1655764492
2023-09-22,706502.22334058,110.25947464990895,110.25947464990895,0.0,26594.4556749723
2023-09-23,706502.22334058,0.0,0.0,0.0,26605.3830969086
2023-09-24,706502.22334058,0.0,0.0,0.0,26265.6243724177
2023-09-25,706499.45881748,-2.764523099991493,0.0,2.764523099991493,26308.025326399
2023-09-26,706265.12139051,-234.33742697001435,0.0,234.33742697001435,26259.3751262091
2023-09-27,706392.7298115,127.6084209899418,127.6084209899418,0.0,26363.1155185171
2023-09-28,706393.1048115,0.375,0.375,0.0,27029.25185203
2023-09-29,706138.53084225,-254.57396924996283,0.0,254.57396924996283,26916.1650929342
2023-09-30,706761.3218422501,622.7910000000848,622.7910000000848,0.0,26987.167631827
2023-10-01,706761.32186425,2.1999934688210487e-05,2.1999934688210487e-05,0.0,27974.3425712162
2023-10-02,707082.44499859,321.1231343400432,321.1231343400432,0.0,27513.5171289827
2023-10-03,707552.1756887501,469.73069016006775,469.73069016006775,0.0,27434.6743188398
2023-10-04,708762.2642410501,1210.0885523000034,1210.0885523000034,0.0,27758.2389203123
2023-10-05,708637.6842545301,-124.57998651999515,0.0,124.57998651999515,27420.0566072926
2023-10-06,708543.86026421,-93.82399032008834,0.0,93.82399032008834,27954.2974682272
2023-10-07,708543.86026421,0.0,0.0,0.0,27983.6529132693
2023-10-08,708543.86026421,0.0,0.0,0.0,27942.1110753019
2023-10-09,708420.64272345,-123.21754076005891,0.0,123.21754076005891,27597.1824632686
2023-10-10,708670.01649833,249.3737748800777,249.3737748800777,0.0,27403.905488386
2023-10-11,708621.95754274,-48.05895559000783,0.0,48.05895559000783,26900.086541431
2023-10-12,709349.3383519801,727.3808092400432,727.3808092400432,0.0,26767.8532170025
2023-10-13,709259.27333687,-90.06501511007082,0.0,90.06501511007082,26879.1505879939
2023-10-14,709259.27333687,0.0,0.0,0.0,26874.3242751899
2023-10-15,709259.2733428701,6.00004568696022e-06,6.00004568696022e-06,0.0,27165.9801546294
2023-10-16,708948.98732492,-310.28601795004215,0.0,310.28601795004215,28521.0531573359
2023-10-17,709623.9342975201,674.946972600068,674.946972600068,0.0,28414.706376303
2023-10-18,710178.6323811001,554.6980835800059,554.6980835800059,0.0,28337.1443338273
2023-10-19,710327.40177729,148.76939618994948,148.76939618994948,0.0,28715.8962956434
2023-10-20,710979.8751899,652.4734126100084,652.4734126100084,0.0,29686.7015620961
2023-10-21,710979.8751899,0.0,0.0,0.0,29926.1134549487
2023-10-22,710979.8751899,0.0,0.0,0.0,29996.4003905257
2023-10-23,712348.73351251,1368.8583226099145,1368.8583226099145,0.0,33066.2832874463
2023-10-24,713004.89039388,656.1568813699996,656.1568813699996,0.0,33921.6865795161
2023-10-25,715357.43596448,2352.5455706000794,2352.5455706000794,0.0,34507.408481829
2023-10-26,715819.47189563,462.0359311499633,462.0359311499633,0.0,34162.9502605681
2023-10-27,717133.94958012,1314.4776844900334,1314.4776844900334,0.0,33948.0095841118
2023-10-28,717133.94958012,0.0,0.0,0.0,34116.3111958282
2023-10-29,717133.94958012,0.0,0.0,0.0,34561.3615527494
2023-10-30,717588.18014085,454.2305607299786,454.2305607299786,0.0,34467.5972381937
2023-10-31,716469.27351887,-1118.9066219800152,0.0,1118.9066219800152,34677.694888327
2023-11-01,716871.0392172,401.7656983300112,401.7656983300112,0.0,35441.3187280536
2023-11-02,717312.0832638601,441.0440466600703,441.0440466600703,0.0,34968.0403739042
2023-11-03,718075.7518488602,763.668585000094,763.668585000094,0.0,34760.1091460429
2023-11-04,718075.7518488602,0.0,0.0,0.0,35120.5284980712
2023-11-05,718075.7518488602,0.0,0.0,0.0,35113.2054948287
2023-11-06,718396.17339758,320.42154871986713,320.42154871986713,0.0,35066.7201316785
2023-11-07,718774.8232454301,378.6498478500871,378.6498478500871,0.0,35444.1351966701
2023-11-08,719161.2519056902,386.42866026004776,386.42866026004776,0.0,35665.3088145711
2023-11-09,720291.8740781401,1130.6221724499483,1130.6221724499483,0.0,36730.3636407603
2023-11-10,721121.3345788901,829.4605007499922,829.4605007499922,0.0,37283.1547837519
2023-11-11,721694.3345788901,573.0,573.0,0.0,37160.9490354781
2023-11-12,721694.3345788901,0.0,0.0,0.0,37036.8372171169
2023-11-13,722289.66216674,595.3275878499262,595.3275878499262,0.0,36488.7600423475
2023-11-14,722104.3523818001,-185.30978493997827,0.0,185.30978493997827,35579.8878979973
2023-11-15,723258.5931103701,1154.240728570032,1154.240728570032,0.0,37906.3519401157
2023-11-16,724142.7051213002,884.1120109300828,884.1120109300828,0.0,36188.2628329782
2023-11-17,725139.2293322801,996.5242109799292,996.5242109799292,0.0,36640.7340121362
2023-11-18,725282.96833228,143.7389999999432,143.7389999999432,0.0,36605.1469342481
2023-11-19,725282.96833228,0.0,0.0,0.0,37389.203113183
2023-11-20,725755.8170970201,472.84876474004705,472.84876474004705,0.0,37492.7364404784
2023-11-21,726752.3712242001,996.5541271800175,996.5541271800175,0.0,35805.7114825636
2023-11-22,728880.8099908702,2128.438766670064,2128.438766670064,0.0,37424.6537780368
2023-11-23,730397.3862729301,1516.5762820598902,1516.5762820598902,0.0,37312.4932675321
2023-11-24,731568.1555632201,1170.7692902900744,1170.7692902900744,0.0,37750.2572947509
2023-11-25,731698.0803032201,129.92473999992944,129.92473999992944,0.0,37814.6744112666
2023-11-26,731698.0803032201,0.0,0.0,0.0,37474.1227666724
2023-11-27,732149.2726265001,451.1923232800327,451.1923232800327,0.0,37264.7309086672
2023-11-28,732521.77542942,372.5028029199457,372.5028029199457,0.0,37835.2499687928
2023-11-29,733121.8197436001,600.0443141800351,600.0443141800351,0.0,37871.2213851124
2023-11-30,732710.8999783199,-410.9197652802104,0.0,410.9197652802104,37742.813686119
2023-12-01,732966.5886394,255.6886610800866,255.6886610800866,0.0,38697.8181192782
2023-12-02,732985.3236394,18.73499999998603,18.73499999998603,0.0,39467.4019032871
2023-12-03,732985.3236394,0.0,0.0,0.0,39991.9547880374
2023-12-04,733015.81257457,30.488935169996694,30.488935169996694,0.0,41998.4912785941
2023-12-05,732735.20041863,-280.612155939918,0.0,280.612155939918,44106.8575235394
2023-12-06,732971.22227941,236.02186077996157,236.02186077996157,0.0,43781.6910768042
2023-12-07,733088.75463078,117.53235136996955,117.53235136996955,0.0,43309.2920621813
2023-12-08,733092.9431704599,4.1885396799771115,4.1885396799771115,0.0,44191.4048992984
2023-12-09,733197.4081704599,104.4649999999674,104.4649999999674,0.0,43731.0428026967
2023-12-10,733197.4081704599,0.0,0.0,0.0,43811.7674571301
2023-12-11,733460.70838915,263.3002186900703,263.3002186900703,0.0,41264.0700336181
2023-12-12,733435.1438476399,-25.564541510073468,0.0,25.564541510073468,41482.5474755058
2023-12-13,733097.69156461,-337.4522830299102,0.0,337.4522830299102,42887.6320917721
2023-12-14,733058.95174966,-38.739814950036816,0.0,38.739814950036816,43049.880512803
2023-12-15,733015.1558223501,-43.7959273098968,0.0,43.7959273098968,41947.0388823196
2023-12-16,733044.6828223501,29.527000000001863,29.527000000001863,0.0,42257.2688987908
2023-12-17,733044.6828223501,0.0,0.0,0.0,41356.0030170296
2023-12-18,733192.73793711,148.05511475994717,148.05511475994717,0.0,42674.1990190121
2023-12-19,733806.4504707899,613.7125336799072,613.7125336799072,0.0,42292.5183668724
2023-12-20,733996.829071,190.37860021006782,190.37860021006782,0.0,43681.5398780004
2023-12-21,734230.2954045599,233.4663335599471,233.4663335599471,0.0,43884.4164563142
2023-12-22,734385.5600205001,155.2646159401629,155.2646159401629,0.0,44028.1877377527
2023-12-23,734385.5600205001,0.0,0.0,0.0,43761.49796539
2023-12-24,734385.5600205001,0.0,0.0,0.0,43043.6663501508
2023-12-25,734385.5600205001,0.0,0.0,0.0,43611.5247374747
2023-12-26,734385.5600205001,0.0,0.0,0.0,42539.1184136361
2023-12-27,734517.0774606501,131.51744015002623,131.51744015002623,0.0,43471.753257475
2023-12-28,735064.3151760801,547.2377154299757,547.2377154299757,0.0,42605.1593740229
2023-12-29,734130.2679706299,-934.0472054502461,0.0,934.0472054502461,42092.6334867548
2023-12-30,734287.7819706299,157.5140000000829,157.5140000000829,0.0,42154.0589758333
2023-12-31,734287.7819706299,0.0,0.0,0.0,42294.1598555961
2024-01-01,735534.42333462,1246.6413639900275,1246.6413639900275,0.0,44203.7020721423
2024-01-02,735793.01322936,258.5898947400274,258.5898947400274,0.0,44974.7685212193
2024-01-03,736212.38039109,419.3671617299551,419.3671617299551,0.0,42882.9772875105
2024-01-04,736133.9214144299,-78.45897666004021,0.0,78.45897666004021,44255.4798441317
2024-01-05,738045.24656202,1911.3251475901343,1911.3251475901343,0.0,44334.8715679845
2024-01-06,738045.24656202,0.0,0.0,0.0,43997.8710233057
2024-01-07,738045.24656202,0.0,0.0,0.0,44299.2939991951
2024-01-08,738123.27663633,78.03007430990692,78.03007430990692,0.0,47081.4977792422
2024-01-09,737465.98460479,-657.2920315399533,0.0,657.2920315399533,46157.104634299
2024-01-10,737526.0143144,60.0297096100403,60.0297096100403,0.0,46704.0212654584
2024-01-11,739081.79555933,1555.7812449299963,1555.7812449299963,0.0,46422.514952638
2024-01-12,751092.87101382,12011.075454490026,12011.075454490026,0.0,42802.9958672967
2024-01-13,751092.87101928,5.45999500900507e-06,5.45999500900507e-06,0.0,42850.6353160156
2024-01-14,751092.87101928,0.0,0.0,0.0,41802.6523443133
2024-01-15,750318.1882277201,-774.682791559957,0.0,774.682791559957,42525.0130290145
2024-01-16,751862.8190562999,1544.6308285797713,1544.6308285797713,0.0,43151.682390494
2024-01-17,750891.6627296999,-971.1563266000012,0.0,971.1563266000012,42768.6164119022
2024-01-18,761141.91488183,10250.252152130124,10250.252152130124,0.0,41319.8844291479
2024-01-19,760147.6950265599,-994.2198552701157,0.0,994.2198552701157,41665.2040829469
2024-01-20,760148.6460265599,0.9510000000009313,0.9510000000009313,0.0,41687.2539317214
2024-01-21,760148.6460265599,0.0,0.0,0.0,41613.2952610405
2024-01-22,759039.6048987699,-1109.0411277899984,0.0,1109.0411277899984,39563.6764739163
2024-01-23,757690.7875689699,-1348.8173297999892,0.0,1348.8173297999892,39906.2715497597
2024-01-24,752200.9160632798,-5489.87150569004,0.0,5489.87150569004,40117.6810517906
2024-01-25,749351.53860723,-2849.3774560499005,0.0,2849.3774560499005,39964.0969895517
2024-01-26,746150.6549497199,-3200.883657510043,0.0,3200.883657510043,41846.611859567
2024-01-27,746207.23247095,56.577521230094135,56.577521230094135,0.0,42124.7165589278
2024-01-28,746207.23289164,0.00042069004848599434,0.00042069004848599434,0.0,42074.4906532441
2024-01-29,745616.5124277999,-590.7204638401745,0.0,590.7204638401745,43332.3683844016
2024-01-30,753454.50298227,7837.990554470103,7837.990554470103,0.0,42985.0078295262
2024-01-31,759723.2989460599,6268.7959637899185,6268.7959637899185,0.0,42588.2593257684
2024-02-01,763814.28938517,4090.9904391100863,4090.9904391100863,0.0,43092.4278760411
2024-02-02,764332.3594107298,518.070025559864,518.070025559864,0.0,43235.5085016416
2024-02-03,764333.2204107299,0.8610000000335276,0.8610000000335276,0.0,43005.2067269749
2024-02-04,764333.2204107299,0.0,0.0,0.0,43023.0378408148
2024-02-05,766633.8756137298,2300.655202999944,2300.655202999944,0.0,42693.1995056128
2024-02-06,761504.7094054498,-5129.166208280018,0.0,5129.166208280018,43105.8596900106
2024-02-07,761553.2052492598,48.49584381002933,48.49584381002933,0.0,44349.9033889938
2024-02-08,765123.03447013,3569.8292208701605,3569.8292208701605,0.0,45307.8804160099
2024-02-09,774439.6409744,9316.606504269992,9316.606504269992,0.0,47151.5733568702
2024-02-10,774439.6409744,0.0,0.0,0.0,47765.7511896916
2024-02-11,774439.6413950899,0.0004206899320706725,0.0004206899320706725,0.0,48320.3734724689
2024-02-12,785416.7856212,10977.144226110075,10977.144226110075,0.0,49954.8014301557
2024-02-13,795979.2898038,10562.504182600067,10562.504182600067,0.0,49730.3776890612
2024-02-14,811104.72550047,15125.43569666997,15125.43569666997,0.0,51839.1876215735
2024-02-15,817586.5004505501,6481.774950080086,6481.774950080086,0.0,51949.5723070712
2024-02-16,826478.8146964101,8892.314245859976,8892.314245859976,0.0,52175.5510341885
2024-02-17,826479.38969641,0.5749999999534339,0.5749999999534339,0.0,51660.6797388419
2024-02-18,826479.38969641,0.0,0.0,0.0,52165.3086265893
2024-02-19,826396.24074614,-83.14895027002785,0.0,83.14895027002785,51801.9196082592
2024-02-20,833181.7965636099,6785.555817469838,6785.555817469838,0.0,52282.8913310682
2024-02-21,834772.33509737,1590.5385337601183,1590.5385337601183,0.0,51878.7855511258
2024-02-22,831137.8760663299,-3634.4590310400818,0.0,3634.4590310400818,51293.3959031646
2024-02-23,834492.96812161,3355.092055280111,3355.092055280111,0.0,50771.7678279699
2024-02-24,834492.96812161,0.0,0.0,0.0,51577.9542644651
2024-02-25,834492.9681912999,6.968993693590164e-05,6.968993693590164e-05,0.0,51747.8197122083
2024-02-26,838855.16950783,4362.201316530118,4362.201316530118,0.0,54518.2748768293
2024-02-27,849112.0290351602,10256.859527330147,10256.859527330147,0.0,57082.520103983
2024-02-28,861448.6442615001,12336.615226339898,12336.615226339898,0.0,62497.5456995296
2024-02-29,873378.3502461802,11929.705984680098,11929.705984680098,0.0,61192.5563921785
2024-03-01,873985.5321831602,607.1819369799923,607.1819369799923,0.0,62426.990354872
2024-03-02,873986.3171831602,0.7850000000325963,0.7850000000325963,0.0,62053.6953322366
2024-03-03,873986.3171831602,0.0,0.0,0.0,63174.9873456672
2024-03-04,871466.5474215801,-2519.769761580159,0.0,2519.769761580159,68346.6086119814
2024-03-05,879037.25785195,7570.710430369945,7570.710430369945,0.0,63872.8968871554
2024-03-06,889703.8258711301,10666.568019180093,10666.568019180093,0.0,66113.9380414855
2024-03-07,894140.5571181603,4436.731247030199,4436.731247030199,0.0,66925.3447650293
2024-03-08,900384.35350344,6243.79638527974,6243.79638527974,0.0,68262.5075462931
2024-03-09,900384.3535088999,5.459878593683243e-06,5.459878593683243e-06,0.0,68435.1183358685
2024-03-10,900384.3535088999,0.0,0.0,0.0,69016.3877801603
2024-03-11,904291.8804397498,3907.526930849883,3907.526930849883,0.0,72100.0849124086
2024-03-12,909751.07893424,5459.198494490236,5459.198494490236,0.0,71471.7234785544
2024-03-13,924018.7974310501,14267.718496810063,14267.718496810063,0.0,73094.9843905541
2024-03-14,932057.7076187499,8038.910187699832,8038.910187699832,0.0,71392.5011502951
2024-03-15,934780.59391027,2722.886291520088,2722.886291520088,0.0,69503.9233744188
2024-03-16,934780.59391573,5.45999500900507e-06,5.45999500900507e-06,0.0,65267.4862663572
2024-03-17,934780.59393433,1.8600025214254856e-05,1.8600025214254856e-05,0.0,68380.1432293656
2024-03-18,937254.8450029499,2474.251068619895,2474.251068619895,0.0,67611.4372162205
2024-03-19,934934.17498763,-2320.670015319949,0.0,2320.670015319949,61942.3358324217
2024-03-20,930000.58105268,-4933.593934949953,0.0,4933.593934949953,67872.5371344735
2024-03-21,925686.99851591,-4313.582536770031,0.0,4313.582536770031,65515.5382942972
2024-03-22,925526.59957591,-160.39893999998458,0.0,160.39893999998458,63828.4486559229
2024-03-23,925529.30967419,2.7100982799893245,2.7100982799893245,0.0,64019.7572689704
2024-03-24,925529.30967419,0.0,0.0,0.0,67218.5861872259
2024-03-25,923102.7069109099,-2426.602763280156,0.0,2426.602763280156,69893.0238503033
2024-03-26,923632.27038612,529.5634752101032,529.5634752101032,0.0,69999.1592055405
2024-03-27,928179.4509714801,4547.1805853601545,4547.1805853601545,0.0,69440.7040922377
2024-03-28,932780.36704731,4600.916075829882,4600.916075829882,0.0,70786.6087419666
2024-03-29,932778.10862706,-2.258420250029303,0.0,2.258420250029303,69903.9175406613
2024-03-30,932765.4642556099,-12.644371450063772,0.0,12.644371450063772,69628.3005722577
2024-03-31,932765.4642556099,0.0,0.0,0.0,71321.7045409231
2024-04-01,934979.9680814599,2214.50382584997,2214.50382584997,0.0,69691.309237929
2024-04-02,933685.55841143,-1294.4096700298833,0.0,1294.4096700298833,65482.0758397414
2024-04-03,934127.4629673499,441.9045559199294,441.9045559199294,0.0,65994.204593157
2024-04-04,934364.77746826,237.31450091011357,237.31450091011357,0.0,68525.8629517595
2024-04-05,937535.61005011,3170.8325818500016,3170.8325818500016,0.0,67854.222053946
2024-04-06,937535.61002137,-2.8740032576024532e-05,0.0,2.8740032576024532e-05,68912.5124964358
2024-04-07,937535.61002137,0.0,0.0,0.0,69363.8330262167
2024-04-08,942134.71989359,4599.109872219968,4599.109872219968,0.0,71636.4603681044
2024-04-09,939197.39004511,-2937.329848479945,0.0,2937.329848479945,69138.8510101944
2024-04-10,938280.21823623,-917.1718088800553,0.0,917.1718088800553,70649.4714377113
2024-04-11,938802.9905727099,522.7723364799749,522.7723364799749,0.0,70046.6207280579
2024-04-12,941397.1957728302,2594.2052001202246,2594.2052001202246,0.0,67175.1628129427
2024-04-13,941397.1957925102,1.968001015484333e-05,1.968001015484333e-05,0.0,63987.1612972281
2024-04-14,941397.19580889,1.6379868611693382e-05,1.6379868611693382e-05,0.0,65758.0929799621
2024-04-15,941287.6396963701,-109.55611251993105,0.0,109.55611251993105,63458.0411047539
2024-04-16,938525.6824146701,-2761.957281699986,0.0,2761.957281699986,63834.4427488161
2024-04-17,937702.8419370097,-822.8404776604148,0.0,822.8404776604148,61289.7515765013
2024-04-18,935208.72737644,-2494.114560569753,0.0,2494.114560569753,63506.721063307
2024-04-19,935660.96808175,452.2407053100178,452.2407053100178,0.0,63850.7575570495
2024-04-20,935660.9681439099,6.215996108949184e-05,6.215996108949184e-05,0.0,64974.0940311797
2024-04-21,935660.9681794299,3.551994450390339e-05,3.551994450390339e-05,0.0,64961.3248959078
2024-04-22,936824.28586608,1163.3176866500871,1163.3176866500871,0.0,66852.6852209244
2024-04-23,937477.02456075,652.738694670028,652.738694670028,0.0,66425.0606584486
2024-04-24,937377.8255309999,-99.19902975007426,0.0,99.19902975007426,64268.6760141898
2024-04-25,935979.4330395,-1398.3924914998934,0.0,1398.3924914998934,64501.9230946703
2024-04-26,933557.5310599401,-2421.901979559916,0.0,2421.901979559916,63781.3608769704
2024-04-27,933557.5311036201,4.367996007204056e-05,4.367996007204056e-05,0.0,63439.213245318
2024-04-28,933557.53112546,2.183998003602028e-05,2.183998003602028e-05,0.0,63130.0914984904
2024-04-29,933205.3357724799,-352.19535298016854,0.0,352.19535298016854,63860.582725379
2024-04-30,930602.1357305901,-2603.200041889795,0.0,2603.200041889795,60654.2423132281
2024-05-01,928784.2821164101,-1817.8536141799996,0.0,1817.8536141799996,58340.8647027734
2024-05-02,921899.9782753702,-6884.303841039888,0.0,6884.303841039888,59125.370597207
2024-05-03,921662.42474323,-237.55353214021306,0.0,237.55353214021306,62977.0583829764
2024-05-04,921662.42474323,0.0,0.0,0.0,63908.7829565062
2024-05-05,921662.42474323,0.0,0.0,0.0,64085.5447834871
2024-05-06,927322.3836226303,5659.9588794002775,5659.9588794002775,0.0,63211.4990057562
2024-05-07,930711.2785598901,3388.8949372598436,3388.8949372598436,0.0,62349.9854720994
2024-05-08,932063.2909759501,1352.0124160599662,1352.0124160599662,0.0,61216.3031950455
2024-05-09,931695.8202919302,-367.4706840198487,0.0,367.4706840198487,63104.1481486252
2024-05-10,931863.75025874,167.92996680981014,167.92996680981014,0.0,60826.0870121601
2024-05-11,931863.75025874,0.0,0.0,0.0,60843.8262660571
2024-05-12,931863.75026966,1.091999001801014e-05,1.091999001801014e-05,0.0,61508.2565716394
2024-05-13,929784.7419582802,-2079.0083113798173,0.0,2079.0083113798173,62953.4331861161
2024-05-14,930539.3166434,754.574685119791,754.574685119791,0.0,61586.5757521245
2024-05-15,933349.6825338801,2810.3658904801123,2810.3658904801123,0.0,66266.5724746397
2024-05-16,936874.81234214,3525.129808259895,3525.129808259895,0.0,65279.0349400071
2024-05-17,941034.5217683401,4159.709426200134,4159.709426200134,0.0,67073.7398627384
2024-05-18,941048.78779018,14.266021839808673,14.266021839808673,0.0,66939.1887713577
2024-05-19,941048.7878375801,4.740012809634209e-05,4.740012809634209e-05,0.0,66311.4564580935
2024-05-20,944307.1895868501,3258.401749270037,3258.401749270037,0.0,71424.8899121258
2024-05-21,947908.49158846,3601.3020016099326,3601.3020016099326,0.0,70153.509713142
2024-05-22,952409.8206353801,4501.329046920058,4501.329046920058,0.0,69149.4018051058
2024-05-23,945988.6649409501,-6421.1556944299955,0.0,6421.1556944299955,67972.416456223
2024-05-24,947851.13899222,1862.4740512699354,1862.4740512699354,0.0,68560.207760764
2024-05-25,947851.13901406,2.183998003602028e-05,2.183998003602028e-05,0.0,69297.0465378444
2024-05-26,947851.13902072,6.660004146397114e-06,6.660004146397114e-06,0.0,68515.1855775806
2024-05-27,947850.4937628,-0.6452579200267792,0.0,0.6452579200267792,69411.1538411746
2024-05-28,951125.2050324001,3274.711269600084,3274.711269600084,0.0,68348.0297863216
2024-05-29,952229.0271748201,1103.8221424199874,1103.8221424199874,0.0,67587.7412471339
2024-05-30,952600.0131193101,370.98594449006487,370.98594449006487,0.0,68357.9424908315
2024-05-31,952392.6477505201,-207.36536878999323,0.0,207.36536878999323,67500.3215558657
2024-06-01,952392.6477505201,0.0,0.0,0.0,67739.1217231224
2024-06-02,952392.6477505201,0.0,0.0,0.0,67770.3206057021
2024-06-03,953050.8409278402,658.1931773200631,658.1931773200631,0.0,68814.2794761351
2024-06-04,954652.80244593,1601.9615180897526,1601.9615180897526,0.0,70547.6180578658
2024-06-05,967220.4703651302,12567.667919200263,12567.667919200263,0.0,71119.2895092299
2024-06-06,973962.4156889602,6741.945323830005,6741.945323830005,0.0,70796.7064989258
2024-06-07,969759.6591799001,-4202.7565090601565,0.0,4202.7565090601565,69368.1978748998
2024-06-08,969759.6591853602,5.460111424326897e-06,5.460111424326897e-06,0.0,69317.6853712228
2024-06-09,969759.6591853602,0.0,0.0,0.0,69668.1708049745
2024-06-10,971638.9649313202,1879.3057459599804,1879.3057459599804,0.0,69528.7433588597
2024-06-11,970325.02842984,-1313.9365014801733,0.0,1313.9365014801733,67344.6743669418
2024-06-12,967132.4342469999,-3192.594182840083,0.0,3192.594182840083,68276.0867483275
2024-06-13,968395.4143017499,1262.9800547499908,1262.9800547499908,0.0,66779.8616897095
2024-06-14,965444.8477253999,-2950.5665763500147,0.0,2950.5665763500147,66045.463186465
2024-06-15,965430.9355001397,-13.912225260166451,0.0,13.912225260166451,66218.0715951293
2024-06-16,965430.9355001397,0.0,0.0,0.0,66678.4977366228
2024-06-17,961369.0989465499,-4061.83655358979,0.0,4061.83655358979,66504.2248076087
2024-06-18,958799.7226040498,-2569.3763425000943,0.0,2569.3763425000943,65172.1218419755
2024-06-19,958765.5620215299,-34.16058251995128,0.0,34.16058251995128,64985.6256598936
2024-06-20,956175.90265827,-2589.6593632599106,0.0,2589.6593632599106,64865.1176586803
2024-06-21,954333.0430404698,-1842.859617800219,0.0,1842.859617800219,64139.7014916789
2024-06-22,954333.0430404698,0.0,0.0,0.0,64263.329978367
2024-06-23,954333.0430404698,0.0,0.0,0.0,63207.2675861901
2024-06-24,950329.8991788999,-4003.1438615698135,0.0,4003.1438615698135,60304.6179379191
2024-06-25,946095.3635935201,-4234.53558537981,0.0,4234.53558537981,61817.579174479
2024-06-26,946345.7281421701,250.36454864998814,250.36454864998814,0.0,60837.1496747581
2024-06-27,946540.1569632401,194.42882107000332,194.42882107000332,0.0,61640.2509092307
2024-06-28,946560.6618239799,20.504860739805736,20.504860739805736,0.0,60349.6743223856
2024-06-29,946560.66192398,0.00010000006295740604,0.00010000006295740604,0.0,60898.9464463168
2024-06-30,946503.0549837599,-57.60694022011012,0.0,57.60694022011012,62700.4187730068
2024-07-01,947075.9550380398,572.9000542799477,572.9000542799477,0.0,62862.4157535144
2024-07-02,949553.49064014,2477.5356021001935,2477.5356021001935,0.0,62062.0374738766
2024-07-03,949587.97825647,34.48761633003596,34.48761633003596,0.0,60178.5516953527
2024-07-04,949597.47972199,9.50146551989019,9.50146551989019,0.0,57082.1714483441
2024-07-05,949255.8937271101,-341.58599487983156,0.0,341.58599487983156,56679.8544296276
2024-07-06,949255.89562173,0.0018946198979392648,0.0018946198979392648,0.0,58273.2470990144
2024-07-07,949255.89562173,0.0,0.0,0.0,55919.042762323
2024-07-08,951136.83879481,1880.9431730799843,1880.9431730799843,0.0,56753.6550691591
2024-07-09,956542.64495983,5405.806165019982,5405.806165019982,0.0,58082.1222579519
2024-07-10,960214.1212144699,3671.4762546399143,3671.4762546399143,0.0,57769.5796323842
2024-07-11,963032.1994227798,2818.0782083099475,2818.0782083099475,0.0,57378.7299407792
2024-07-12,964702.2867034599,1670.0872806800762,1670.0872806800762,0.0,57934.1171872244
2024-07-13,964702.2867034599,0.0,0.0,0.0,59240.4123587616
2024-07-14,964702.2867313,2.78400257229805e-05,2.78400257229805e-05,0.0,60855.1888078746
2024-07-15,970107.1931628298,5404.906431529904,5404.906431529904,0.0,64787.3135119136
2024-07-16,974757.8983359,4650.705173070193,4650.705173070193,0.0,65089.4136708217
2024-07-17,981314.5048551699,6556.606519269873,6556.606519269873,0.0,64112.3777712272
2024-07-18,982095.0522484799,780.5473933100002,780.5473933100002,0.0,64000.1775047057
2024-07-19,982959.82955633,864.7773078500759,864.7773078500759,0.0,66697.4997660912
2024-07-20,982969.81955633,9.989999999990687,9.989999999990687,0.0,67165.1166584443
2024-07-21,982969.81955633,0.0,0.0,0.0,68175.5557654758
2024-07-22,988571.23524019,5601.415683860076,5601.415683860076,0.0,67569.2155271443
2024-07-23,995862.3239335099,7291.08869331982,7291.08869331982,0.0,65956.0495792104
2024-07-24,994560.1320110199,-1302.1919224900194,0.0,1302.1919224900194,65395.1394213702
2024-07-25,995087.5233174498,527.391306429985,527.391306429985,0.0,65807.8896350477
2024-07-26,995310.8108617,223.28754425013904,223.28754425013904,0.0,67928.3621394834
2024-07-27,995310.8108617,0.0,0.0,0.0,67913.3537338176
2024-07-28,995310.8108617,0.0,0.0,0.0,68270.6512974088
2024-07-29,995723.7393655999,412.92850389995147,412.92850389995147,0.0,66805.8575119178
2024-07-30,972506.1760055299,-23217.563360069995,0.0,23217.563360069995,66200.9292850163
2024-07-31,996274.64048343,23768.464477900066,23768.464477900066,0.0,64648.6641585843
2024-08-01,996484.94809145,210.30760802002624,210.30760802002624,0.0,65346.6380044086
2024-08-02,997345.0076765501,860.0595851000398,860.0595851000398,0.0,61468.2017999318
2024-08-03,997345.00772569,4.913995508104563e-05,4.913995508104563e-05,0.0,60690.6544417564
2024-08-04,997345.0077311901,5.500041879713535e-06,5.500041879713535e-06,0.0,58173.9285124362
2024-08-05,997103.0868468002,-241.92088438989595,0.0,241.92088438989595,54026.1136729947
2024-08-06,995022.9340226,-2080.152824200224,0.0,2080.152824200224,56097.6715658095
2024-08-07,993253.40914351,-1769.5248790899059,0.0,1769.5248790899059,55150.7402778118
2024-08-08,998095.68546426,4842.27632075001,4842.27632075001,0.0,61734.0755808046
2024-08-09,998959.6008419902,863.9153777301544,863.9153777301544,0.0,60895.2172773163
2024-08-10,998960.5988419902,0.9980000000214204,0.9980000000214204,0.0,60949.5897373938
2024-08-11,998960.5988419902,0.0,0.0,0.0,58764.1410744337
2024-08-12,997545.3466165501,-1415.252225440112,0.0,1415.252225440112,59387.4824770097
2024-08-13,998019.1846337601,473.8380172100151,473.8380172100151,0.0,60626.6808094847
2024-08-14,998566.36541105,547.1807772899047,547.1807772899047,0.0,58736.675323023
2024-08-15,996991.66639381,-1574.6990172400838,0.0,1574.6990172400838,57581.1147073559
2024-08-16,996915.4639852,-76.2024086099118,0.0,76.2024086099118,58925.9483617605
2024-08-17,996915.4639852,0.0,0.0,0.0,59506.5485313704
2024-08-18,996915.4639852,0.0,0.0,0.0,58477.5872240491
2024-08-19,997495.4955395499,580.0315543498145,580.0315543498145,0.0,59495.430280844
2024-08-20,998507.58210004,1012.0865604901919,1012.0865604901919,0.0,59054.364247926
2024-08-21,1000148.7039463901,1641.1218463500263,1641.1218463500263,0.0,61182.7478767991
2024-08-22,1000890.48728924,741.7833428499289,741.7833428499289,0.0,60398.5203571878
2024-08-23,1001916.10194065,1025.6146514100255,1025.6146514100255,0.0,64098.16853561
2024-08-24,1001916.10194065,0.0,0.0,0.0,64183.5467177311
2024-08-25,1001916.10194065,0.0,0.0,0.0,64281.6083627199
2024-08-26,1005821.4525525501,3905.350611900096,3905.350611900096,0.0,62867.4977396317
2024-08-27,1009056.5719869101,3235.119434359949,3235.119434359949,0.0,59475.8256180269
2024-08-28,1006717.37040494,-2339.20158197009,0.0,2339.20158197009,59059.5230319153
2024-08-29,1004906.5639889298,-1810.8064160101349,0.0,1810.8064160101349,59400.9382855776
2024-08-30,1003861.8687739598,-1044.6952149700373,0.0,1044.6952149700373,59159.7665120597
2024-08-31,1003861.8687794199,5.460111424326897e-06,5.460111424326897e-06,0.0,59021.2775734004
2024-09-01,1003861.86878602,6.600050255656242e-06,6.600050255656242e-06,0.0,57364.5225263985
2024-09-02,1003872.7539964698,10.885210449807346,10.885210449807346,0.0,59176.6410150989
2024-09-03,1000956.72052025,-2916.0334762197454,0.0,2916.0334762197454,57514.8332937915
2024-09-04,996183.9249354799,-4772.795584770152,0.0,4772.795584770152,58007.4263662738
2024-09-05,995624.1209527298,-559.803982750047,0.0,559.803982750047,56210.1822588753
2024-09-06,992644.70961584,-2979.4113368898397,0.0,2979.4113368898397,53997.9612298954
2024-09-07,992644.70975163,0.0001357899745926261,0.0001357899745926261,0.0,54199.5776881075
2024-09-08,992644.70975163,0.0,0.0,0.0,54912.7147012096
2024-09-09,989950.4718288098,-2694.237922820146,0.0,2694.237922820146,57071.061234207
2024-09-10,990224.7337680198,274.2619392100023,274.2619392100023,0.0,57649.0872421084
2024-09-11,992310.2217352699,2085.4879672500538,2085.4879672500538,0.0,57359.743214705
2024-09-12,991548.7975927901,-761.4241424797801,0.0,761.4241424797801,58150.2333545969
2024-09-13,992049.44216052,500.64456772990525,500.64456772990525,0.0,60547.3134309392
2024-09-14,992049.90916052,0.4669999999459833,0.4669999999459833,0.0,60023.7641163497
2024-09-15,992049.90916052,0.0,0.0,0.0,59185.5008586862
2024-09-16,996324.53768229,4274.628521770006,4274.628521770006,0.0,58240.8179108719
2024-09-17,996940.31050303,615.7728207400069,615.7728207400069,0.0,60340.3109004562
2024-09-18,999937.87028821,2997.5597851800267,2997.5597851800267,0.0,61772.7930641354
2024-09-19,999095.69044968,-842.1798385300208,0.0,842.1798385300208,62965.2492660169
2024-09-20,1001515.9037568399,2420.213307159953,2420.213307159953,0.0,63217.8781104345
2024-09-21,1001515.9037568399,0.0,0.0,0.0,63378.6476170908
2024-09-22,1001515.9037623,5.460111424326897e-06,5.460111424326897e-06,0.0,63595.0863082289
2024-09-23,1002886.41221664,1370.508454339928,1370.508454339928,0.0,63350.9446695885
2024-09-24,1002626.8627478599,-259.54946878005285,0.0,259.54946878005285,64302.5893644631
2024-09-25,989361.17667004,-13265.686077819904,0.0,13265.686077819904,63148.1998026906
2024-09-26,991255.7944636899,1894.6177936499007,1894.6177936499007,0.0,65194.0901136626
2024-09-27,996645.9406681403,5390.146204450401,5390.146204450401,0.0,65801.1414214786
2024-09-28,996646.1436681403,0.2029999999795109,0.2029999999795109,0.0,65887.2135773289
2024-09-29,996646.1436681403,0.0,0.0,0.0,65626.5046907249
2024-09-30,1003790.44716395,7144.303495809669,7144.303495809669,0.0,63332.7776140374
2024-10-01,1004564.05309999,773.6059360400541,773.6059360400541,0.0,60826.6276746958
2024-10-02,1001147.91837923,-3416.1347207600484,0.0,3416.1347207600484,60662.2329218135
2024-10-03,999923.2356947799,-1224.682684450061,0.0,1224.682684450061,60768.6760074744
2024-10-04,998647.60210235,-1275.63359242992,0.0,1275.63359242992,62097.1099705322
2024-10-05,998696.02810235,48.42599999997765,48.42599999997765,0.0,62073.0157519238
2024-10-06,997696.02772867,-1000.0003736799117,0.0,1000.0003736799117,62828.358701696
2024-10-07,995956.5715357498,-1739.4561929202173,0.0,1739.4561929202173,62230.4625084833
2024-10-08,994628.88321933,-1327.688316419837,0.0,1327.688316419837,62141.647102476
2024-10-09,992329.7658305699,-2299.117388760089,0.0,2299.117388760089,60602.0586200711
2024-10-10,989591.8443520098,-2737.921478560078,0.0,2737.921478560078,60291.8230408993
2024-10-11,986243.1358600898,-3348.708491920028,0.0,3348.708491920028,62515.8763316225
2024-10-12,986469.3927944099,226.25693432008848,226.25693432008848,0.0,63221.9295438542
2024-10-13,986469.3927944099,0.0,0.0,0.0,62871.9480057892
2024-10-14,986472.5341375399,3.1413431300316006,3.1413431300316006,0.0,66052.4764903993
2024-10-15,996634.5695795099,10162.035441969987,10162.035441969987,0.0,67050.4491516615
2024-10-16,1002078.4438987599,5443.874319249997,5443.874319249997,0.0,67608.9554372881
2024-10-17,1008508.26187023,6429.817971470067,6429.817971470067,0.0,67395.2215125504
2024-10-18,1015961.66681559,7453.404945360031,7453.404945360031,0.0,68421.8208316511
2024-10-19,1015961.9030897301,0.23627414007205516,0.23627414007205516,0.0,68370.4988843752
2024-10-20,1015961.90310803,1.8299906514585018e-05,1.8299906514585018e-05,0.0,69020.5399560581
2024-10-21,1019410.43722905,3448.5341210199986,3448.5341210199986,0.0,67349.4984218654
2024-10-22,1023931.0594484501,4520.622219400131,4520.622219400131,0.0,67395.6874685028
2024-10-23,1022707.29628296,-1223.7631654901197,0.0,1223.7631654901197,66595.1575370042
2024-10-24,1025490.8330827001,2783.5367997401627,2783.5367997401627,0.0,68164.8279907969
2024-10-25,1028912.32045755,3421.4873748498503,3421.4873748498503,0.0,66608.8588016777
2024-10-26,1029474.7572975699,562.4368400198873,562.4368400198873,0.0,67025.6278144203
2024-10-27,1029474.7572975699,0.0,0.0,0.0,67960.7870584741
2024-10-28,1035072.0764579099,5597.319160340005,5597.319160340005,0.0,69931.1218734847
2024-10-29,1041840.1444234898,6768.067965579918,6768.067965579918,0.0,72716.9139244938
2024-10-30,1053802.12734522,11961.982921730145,11961.982921730145,0.0,72347.5952043618
2024-10-31,1065780.20788614,11978.080540920142,11978.080540920142,0.0,70239.8161326723
2024-11-01,1065717.9358086502,-62.27207748987712,0.0,62.27207748987712,69499.8990526099
2024-11-02,1065717.9358086502,0.0,0.0,0.0,69349.1039939168
2024-11-03,1065717.9358086502,0.0,0.0,0.0,68782.5710242388
2024-11-04,1065573.7504421198,-144.18536653043702,0.0,144.18536653043702,67839.6651434504
2024-11-05,1055708.1665280298,-9865.583914089948,0.0,9865.583914089948,69391.5345696399
2024-11-06,1053395.06650629,-2313.100021739723,0.0,2313.100021739723,75596.3997543213
2024-11-07,1061729.97465585,8334.908149559982,8334.908149559982,0.0,75901.9931706196
2024-11-08,1079965.3419932,18235.367337349802,18235.367337349802,0.0,76552.8549931562
2024-11-09,1079965.3419932,0.0,0.0,0.0,76715.8795017437
2024-11-10,1079965.3419932,0.0,0.0,0.0,80406.6501624955
2024-11-11,1079835.18624717,-130.15574602992274,0.0,130.15574602992274,88728.9508391651
2024-11-12,1096331.72364649,16496.537399319932,16496.537399319932,0.0,88056.9520854703
2024-11-13,1105861.7373104799,9530.013663989957,9530.013663989957,0.0,90511.4218833129
2024-11-14,1110188.56994936,4326.832638880238,4326.832638880238,0.0,87344.1898531065
2024-11-15,1108305.7878075796,-1882.7821417804807,0.0,1882.7821417804807,91076.8119424913
2024-11-16,1108305.7878075796,0.0,0.0,0.0,90584.2911636323
2024-11-17,1108305.7878214398,1.3860175386071205e-05,1.3860175386071205e-05,0.0,89875.5646640815
2024-11-18,1103617.6605834297,-4688.127238010056,0.0,4688.127238010056,90534.6457249376
2024-11-19,1105776.3505941,2158.6900106703397,2158.6900106703397,0.0,92393.0854652586
2024-11-20,1115141.0995909,9364.748996799812,9364.748996799812,0.0,94369.3365827971
2024-11-21,1123389.4457616096,8248.346170709701,8248.346170709701,0.0,98402.1949920443
2024-11-22,1133879.5802796294,10490.134518019855,10490.134518019855,0.0,98943.4977548279
2024-11-23,1133817.2316607796,-62.34861884987913,0.0,62.34861884987913,97724.4950610056
2024-11-24,1133817.2318514995,0.00019071996212005615,0.00019071996212005615,0.0,97967.2951372954
2024-11-25,1138520.1306673198,4702.898815820226,4702.898815820226,0.0,93025.1292956724
2024-11-26,1134339.0463486495,-4181.084318670211,0.0,4181.084318670211,91940.193000198
2024-11-27,1132848.3074332997,-1490.7389153498225,0.0,1490.7389153498225,95947.0830989849
2024-11-28,1132816.4799242099,-31.827509089838713,0.0,31.827509089838713,95666.2193195659
2024-11-29,1133392.49408352,576.0141593101434,576.0141593101434,0.0,97490.1520025695
2024-11-30,1133694.9070182098,302.41293468978256,302.41293468978256,0.0,96479.2439359753
2024-12-01,1133694.9070182098,0.0,0.0,0.0,97240.3353955653
2024-12-02,1136744.5744865397,3049.6674683298916,3049.6674683298916,0.0,95862.9439884694
2024-12-03,1139952.56205419,3207.987567650387,3207.987567650387,0.0,95871.9335129261
2024-12-04,1144964.75446916,5012.192414969904,5012.192414969904,0.0,98734.3200545731
2024-12-05,1150854.0496086304,5889.2951394703705,5889.2951394703705,0.0,97050.027060881
2024-12-06,1156959.5435124703,6105.493903839961,6105.493903839961,0.0,99866.4510373869
2024-12-07,1156960.00951247,0.4659999997820705,0.4659999997820705,0.0,99921.2160409421
2024-12-08,1156960.00951247,0.0,0.0,0.0,101164.789500775
2024-12-09,1159924.53745851,2964.5279460398015,2964.5279460398015,0.0,97406.9715880375
2024-12-10,1164771.9933596198,4847.455901109846,4847.455901109846,0.0,96657.0407188012
2024-12-11,1169577.59465973,4805.601300110342,4805.601300110342,0.0,101169.668463919
2024-12-12,1171164.6951070002,1587.100447270088,1587.100447270088,0.0,100028.919617953
2024-12-13,1177145.98877064,5981.293663639808,5981.293663639808,0.0,101446.437188656
2024-12-14,1177145.98877064,0.0,0.0,0.0,101400.839850663
2024-12-15,1177145.9888612998,9.065982885658741e-05,9.065982885658741e-05,0.0,104389.474858669
2024-12-16,1178799.5096719097,1653.5208106099162,1653.5208106099162,0.0,106079.090411121
2024-12-17,1185849.16088818,7049.651216270169,7049.651216270169,0.0,106168.858284328
2024-12-18,1191307.5256334299,5458.364745249972,5458.364745249972,0.0,100187.26575458
2024-12-19,1198946.84283629,7639.317202860024,7639.317202860024,0.0,97472.6550452805
2024-12-20,1195507.73400106,-3439.108835229883,0.0,3439.108835229883,97868.8217768341
2024-12-21,1195507.10942583,-0.6245752300601453,0.0,0.6245752300601453,97234.4605283882
2024-12-22,1195507.10942583,0.0,0.0,0.0,95112.7522534299
2024-12-23,1191120.0899293702,-4387.019496459747,0.0,4387.019496459747,94812.1850603651
2024-12-24,1189744.3752591703,-1375.7146701999009,0.0,1375.7146701999009,98646.2398597345
2024-12-25,1189804.37527011,60.00001093978062,60.00001093978062,0.0,99390.0555088638
2024-12-26,1187200.58011796,-2603.7951521500945,0.0,2603.7951521500945,95736.3243416497
2024-12-27,1191358.631919,4158.05180104007,4158.05180104007,0.0,94209.4541683634
2024-12-28,1191358.72293549,0.0910164900124073,0.0910164900124073,0.0,95157.2883658672
2024-12-29,1191358.72293549,0.0,0.0,0.0,93615.04302023
2024-12-30,1188008.4983796198,-3350.2245558702853,0.0,3350.2245558702853,92671.5245019799
2024-12-31,1184185.9963426099,-3822.502037009923,0.0,3822.502037009923,93441.6983892194
2025-01-01,1184178.6962686798,0.0,0.0,0.0,94451.9403687362
2025-01-02,1184394.4024414099,-2500.0168075890238,0.0,2500.0168075890238,96919.3484077694
2025-01-03,1181769.2829126404,9244.859289398684,9244.859289398684,0.0,98141.0286082368
2025-01-04,1181769.28276399,0.0,0.0,0.0,98216.3730482727
2025-01-05,1181769.28276399,0.0,0.0,0.0,98346.7868897226
2025-01-06,1191063.6096849698,9567.77128286725,9567.77128286725,0.0,102280.873054768
2025-01-07,1199948.9109364199,540.3474835972236,540.3474835972236,0.0,96974.6350092362
2025-01-08,1200850.95337028,-5981.873173542389,0.0,5981.873173542389,95087.2717455432
2025-01-09,1194478.4667637201,0.0,0.0,0.0,92580.9812772829
2025-01-10,1194246.0277280402,-1577.0185946216814,0.0,1577.0185946216814,94735.7250634323
2025-01-11,1194220.95049686,0.0,0.0,0.0,94586.6264930777
2025-01-12,1194220.9506108598,0.0,0.0,0.0,94524.0668166653
2025-01-13,1192671.6240572901,-3004.995607570378,0.0,3004.995607570378,94542.5674780612
2025-01-14,1191082.3139691101,-2172.8764650138714,0.0,2172.8764650138714,96554.039485471
2025-01-15,1189379.50999048,7512.73663185703,7512.73663185703,0.0,100509.313317077
2025-01-16,1196541.3176964999,6261.4059826064695,6261.4059826064695,0.0,99993.5161111163
2025-01-17,1202530.6860447698,9370.436630594328,9370.436630594328,0.0,104114.678798924
2025-01-18,1202794.6403184698,0.0,0.0,0.0,104441.397877855
2025-01-19,1202794.6403250697,0.0,0.0,0.0,101292.641209328
2025-01-20,1203022.4369192496,0.0,0.0,0.0,102228.25366864
2025-01-21,1212863.0797958297,7558.283163185321,7558.283163185321,0.0,106188.135939294
2025-01-22,1220632.72186001,2398.446931226014,2398.446931226014,0.0,103692.100401351
2025-01-23,1222746.1198273902,1815.0758658383372,1815.0758658383372,0.0,103962.596578763
2025-01-24,1225322.44441933,4934.86216836779,4934.86216836779,0.0,104906.678715047
2025-01-25,1225322.44441933,0.0,0.0,0.0,104796.454151747
2025-01-26,1225322.44443133,0.0,0.0,0.0,102606.795575524
2025-01-27,1227596.3873834007,-4482.294702036289,0.0,4482.294702036289,102090.565306229
2025-01-28,1225656.43708844,181.63803703514185,181.63803703514185,0.0,101300.368030514
2025-01-29,1226295.2286343998,886.786562907404,886.786562907404,0.0,103745.369909948
2025-01-30,1227186.77247167,5612.1799096611885,5612.1799096611885,0.0,104789.940712272
2025-01-31,1233131.11245841,3109.51879550535,3109.51879550535,0.0,102459.5832836
2025-02-01,1233112.85753409,0.0,0.0,0.0,100631.059748449
2025-02-02,1233112.85753956,0.0,0.0,0.0,97678.7719678885
2025-02-03,1236316.06074263,-2310.807381531318,0.0,2310.807381531318,101436.407843162
2025-02-04,1236888.1931718101,3483.489112170124,3483.489112170124,0.0,97804.2385175571
2025-02-05,1239098.0169218301,687.1908970282385,687.1908970282385,0.0,96625.261316975
2025-02-06,1239682.4461986201,-1451.6488151399979,0.0,1451.6488151399979,96579.8329029594
2025-02-07,1239403.45845196,1774.397742896858,1774.397742896858,0.0,96539.7981854609
2025-02-08,1239399.65162747,0.0,0.0,0.0,96479.319789231
2025-02-09,1239399.6518408,0.0,0.0,0.0,96502.8008211955
2025-02-10,1241065.3600338202,-1910.9593629837896,0.0,1910.9593629837896,97490.2991705221
2025-02-11,1239881.4934935803,-591.6872459822819,0.0,591.6872459822819,95827.6528436408
2025-02-12,1239999.29497252,-2563.440294072528,0.0,2563.440294072528,97915.2900812202
2025-02-13,1237388.00810852,-1621.8651483542455,0.0,1621.8651483542455,96678.8146099012
2025-02-14,1235333.7329658098,723.7035600647608,723.7035600647608,0.0,97553.755288536
2025-02-15,1235369.8883377695,0.0,0.0,0.0,97642.7920403064
2025-02-16,1235369.88858386,0.0,0.0,0.0,96157.6042409799
2025-02-17,1235499.3270237697,0.0,0.0,0.0,95837.3362085539
2025-02-18,1236270.95322032,-634.4600907237524,0.0,634.4600907237524,95671.8962902099
2025-02-19,1235921.3636768998,-662.9772040960837,0.0,662.9772040960837,96685.0739421655
2025-02-20,1235107.2729703896,-3708.9659800626573,0.0,3708.9659800626573,98356.2539966563
2025-02-21,1230734.6162347398,-524.1600686573727,0.0,524.1600686573727,96153.8335590858
2025-02-22,1230735.9630214698,0.0,0.0,0.0,96587.5388193773
2025-02-23,1230735.9630214698,0.0,0.0,0.0,96292.8473302412
2025-02-24,1228952.5873954894,-5637.218459047558,0.0,5637.218459047558,91605.4617630073
2025-02-25,1223318.02146784,-10575.200769169338,0.0,10575.200769169338,88688.623551652
2025-02-26,1212679.8727981802,-8962.268798375839,0.0,8962.268798375839,84197.43002316
2025-02-27,1203419.1200277396,-3256.6550804011395,0.0,3256.6550804011395,84718.8275050657
2025-02-28,1199766.6090008102,1117.411117208075,1117.411117208075,0.0,84391.4997334327
2025-03-01,1199759.49381582,0.0,0.0,0.0,86090.4351420347
2025-03-02,1199842.7089575503,0.0,0.0,0.0,94381.5092907682
2025-03-03,1200998.4784110105,-860.4539764248965,0.0,860.4539764248965,86233.5488392928
2025-03-04,1199877.52100888,-1643.3291830018868,0.0,1643.3291830018868,87322.7357514987
2025-03-05,1198448.7656810603,243.73733312921308,243.73733312921308,0.0,90671.378554405
2025-03-06,1198267.44502105,-1492.3624607962736,0.0,1492.3624607962736,89991.5426231923
2025-03-07,1197387.9313846997,-4714.178429952379,0.0,4714.178429952379,86823.1879810571
2025-03-08,1197413.1606508098,0.0,0.0,0.0,86293.8603695963
2025-03-09,1197413.1606672197,0.0,0.0,0.0,80795.4491931869
2025-03-10,1192598.2295527298,-3540.794790768467,0.0,3540.794790768467,78626.4148167644
2025-03-11,1189668.59248749,-4471.717932308754,0.0,4471.717932308754,82965.8770110422
2025-03-12,1185063.71864849,158.89723241369464,158.89723241369464,0.0,83701.8983777702
2025-03-13,1185043.16992929,-1666.6461102574465,0.0,1666.6461102574465,81121.00053389
2025-03-14,1182827.7289089,-704.5988044555506,0.0,704.5988044555506,84019.444293188
2025-03-15,1182817.71136646,0.0,0.0,0.0,84378.8701640199
2025-03-16,1182817.71190252,0.0,0.0,0.0,82599.0408828533
2025-03-17,1183230.94769649,3267.5294828448023,3267.5294828448023,0.0,84039.0274798456
2025-03-18,1186131.1032478698,2527.0433306729315,2527.0433306729315,0.0,82744.9206992103
2025-03-19,1188666.02157388,135.829814183635,135.829814183635,0.0,86873.4163476584
2025-03-20,1189129.0761872404,1967.8005138129897,1967.8005138129897,0.0,84205.6899756188
2025-03-21,1190909.30805071,988.3009737304707,988.3009737304707,0.0,84083.6973845409
2025-03-22,1190901.32681895,0.0,0.0,0.0,83859.6770323343
2025-03-23,1190901.32681895,0.0,0.0,0.0,86108.3459346599
2025-03-24,1191865.0412525097,962.0408315814011,962.0408315814011,0.0,87522.2726893953
2025-03-25,1192702.4799653497,306.51730910590203,306.51730910590203,0.0,87433.8877571856
2025-03-26,1193104.6536070697,1030.5974854840376,1030.5974854840376,0.0,86939.8589284524
2025-03-27,1194100.2951062797,1020.340653523094,1020.340653523094,0.0,87225.7708175161
2025-03-28,1195006.3785905296,-1103.9315534913594,0.0,1103.9315534913594,84425.5241235203
2025-03-29,1195007.7676870397,0.0,0.0,0.0,82684.3670200303
2025-03-30,1195007.7677477396,0.0,0.0,0.0,82418.8925010364
2025-03-31,1192467.2754062694,-734.0073295013772,0.0,734.0073295013772,82560.48347796
2025-04-01,1191990.9361147196,-1852.5277544811372,0.0,1852.5277544811372,85180.9100394273
2025-04-02,1192999.5274388997,2642.9782241556914,2642.9782241556914,0.0,82520.5436831296
2025-04-03,1195085.4604033101,-1199.8350683485626,0.0,1199.8350683485626,83178.0989176816
2025-04-04,1194517.6152680605,-773.876107461717,0.0,773.876107461717,83863.5530600233
2025-04-05,1194514.3163733704,0.0,0.0,0.0,83525.4321428469
2025-04-06,1194514.3163733704,0.0,0.0,0.0,78382.6183359094
2025-04-07,1193615.4904400702,-1312.644243688011,0.0,1312.644243688011,79153.2058283226
2025-04-08,1192355.7419598303,-4278.214643253251,0.0,4278.214643253251,76270.133036587
2025-04-09,1188074.4188294401,-1539.8896662995783,0.0,1539.8896662995783,82603.3207337946
2025-04-10,1186673.7455035902,-1878.6936784889017,0.0,1878.6936784889017,79576.5705243912
2025-04-11,1184779.8441705403,-11.989895387512787,0.0,11.989895387512787,83403.5633906763
2025-04-12,1184779.8441705403,0.0,0.0,0.0,85295.7973429473
2025-04-13,1184779.8423558103,0.0,0.0,0.0,83733.860616667
2025-04-14,1184486.0405668702,17.730581337611913,17.730581337611913,0.0,84599.594984404
2025-04-15,1185361.4894149804,913.1726947421012,913.1726947421012,0.0,83664.3500620405
2025-04-16,1186233.00122279,-2035.4996128133973,0.0,2035.4996128133973,84057.9870037467
2025-04-17,1184517.8937419504,1258.4920529545498,1258.4920529545498,0.0,84942.9281249984
2025-04-18,1184515.1415870003,0.0,0.0,0.0,84444.0775486801
2025-04-19,1184515.1415870003,0.0,0.0,0.0,85065.9809677744
2025-04-20,1184515.1415870003,0.0,0.0,0.0,85165.6548428575
2025-04-21,1185833.6184093102,4356.556793368031,4356.556793368031,0.0,87523.2478503325
2025-04-22,1190270.1016700603,9764.684068129613,9764.684068129613,0.0,93469.4859180246
2025-04-23,1200542.9566186,9783.711242668813,9783.711242668813,0.0,93727.2142702629
2025-04-24,1210617.9101532002,4701.348004639183,4701.348004639183,0.0,94015.5886277392
2025-04-25,1215036.7338634299,4011.941438141068,4011.941438141068,0.0,94717.2349993406
2025-04-26,1215037.1948814301,0.0,0.0,0.0,94661.3556496259
2025-04-27,1215037.1948814301,0.0,0.0,0.0,93778.8718127532
2025-04-28,1218889.2968295498,6220.553542204678,6220.553542204678,0.0,95039.7735489096
2025-04-29,1225283.1399237197,1832.4735359584406,1832.4735359584406,0.0,94298.7697280006
2025-04-30,1226890.7757841297,-597.594818709215,0.0,597.594818709215,94210.9908543152
2025-05-01,1226203.1441759,4377.0456584372605,4377.0456584372605,0.0,96526.2948960979
2025-05-02,1230547.11659457,6961.185028880941,6961.185028880941,0.0,96951.8835083306
2025-05-03,1230547.11659457,0.0,0.0,0.0,95927.2879327714
2025-05-04,1230547.11659457,0.0,0.0,0.0,94478.6878332568
2025-05-05,1237508.4723672199,4485.462684094671,4485.462684094671,0.0,94862.0086638579
2025-05-06,1241901.3424046596,-884.7253433477185,0.0,884.7253433477185,96866.2202845
2025-05-07,1241030.0503783198,1465.901430231886,1465.901430231886,0.0,97073.3755116741
2025-05-08,1241868.6299850298,1136.8832777493037,1136.8832777493037,0.0,103264.778625663
2025-05-09,1242856.4834668098,3120.939926899258,3120.939926899258,0.0,102981.796358804
2025-05-10,1242856.4834668098,0.0,0.0,0.0,104783.621919911
2025-05-11,1242856.4834668098,0.0,0.0,0.0,104139.253887922
2025-05-12,1246029.50111685,50.582905441864895,50.582905441864895,0.0,102801.528591045
2025-05-13,1246033.84471801,-877.8400364141763,0.0,877.8400364141763,104119.197357816
2025-05-14,1246032.0221967497,3086.189061707518,3086.189061707518,0.0,103525.737928456
2025-05-15,1248791.5285192898,1107.0469244024134,1107.0469244024134,0.0,103789.638422078
2025-05-16,1249943.0888160197,2513.722937643867,2513.722937643867,0.0,103511.805578656
2025-05-17,1249911.2458526997,0.0,0.0,0.0,103154.345299531
2025-05-18,1249911.2458526997,0.0,0.0,0.0,106505.0154357
2025-05-19,1252392.07230953,6319.797895565509,6319.797895565509,0.0,105604.642906113
2025-05-20,1258710.3978773397,3080.390836942774,3080.390836942774,0.0,106869.555658958
2025-05-21,1261493.1710745597,5534.8644981292255,5534.8644981292255,0.0,109686.515398019
2025-05-22,1267136.88060256,8369.19011612473,8369.19011612473,0.0,111695.395495789
2025-05-23,1275555.0859263996,1971.9584998154353,1971.9584998154353,0.0,107355.200436426
2025-05-24,1275555.0859263996,0.0,0.0,0.0,107679.52734887
2025-05-25,1275555.0859263996,0.0,0.0,0.0,109005.415876225
2025-05-26,1274767.4901340697,0.0,0.0,0.0,109483.495424922
2025-05-27,1277446.5729094497,3536.8018207450395,3536.8018207450395,0.0,108968.503052516
2025-05-28,1280973.4986624299,4013.2142851515628,4013.2142851515628,0.0,107818.812865523
2025-05-29,1285163.3706139796,-3283.7829967337675,0.0,3283.7829967337675,105609.901855557
2025-05-30,1282705.6941457102,-5921.672929874665,0.0,5921.672929874665,104041.544897185
2025-05-31,1282707.44908883,0.0,0.0,0.0,104627.888470108
2025-06-01,1282733.45544741,0.0,0.0,0.0,105674.332934938
2025-06-02,1276763.1959038505,-2525.722102300122,0.0,2525.722102300122,105910.305712728
2025-06-03,1274263.4755964603,3557.359493797157,3557.359493797157,0.0,105443.377497846
2025-06-04,1277443.4276666602,830.7087319032266,830.7087319032266,0.0,104729.848933543
2025-06-05,1278457.7300758301,-2739.4503850630863,0.0,2739.4503850630863,101626.224558759
2025-06-06,1276111.7963014,-457.86786121248616,0.0,457.86786121248616,104396.932061185
2025-06-07,1276111.7963014,0.0,0.0,0.0,105595.848852138
2025-06-08,1276111.7963902801,0.0,0.0,0.0,105792.065783082
2025-06-09,1275957.3045620597,3501.617267802236,3501.617267802236,0.0,110291.893848923
2025-06-10,1279092.60235213,3911.0032885408377,3911.0032885408377,0.0,110253.03948565
2025-06-11,1283282.23501116,1514.814992319616,1514.814992319616,0.0,108660.133966558
2025-06-12,1284675.1777029298,815.9370393386488,815.9370393386488,0.0,105767.964731629
2025-06-13,1285229.6186461798,2842.896849420029,2842.896849420029,0.0,106124.145890678
2025-06-14,1285228.8186445497,0.0,0.0,0.0,105459.662976744
2025-06-15,1285228.8186445497,0.0,0.0,0.0,105612.341716866
2025-06-16,1290156.4594997799,4063.099058559346,4063.099058559346,0.0,106790.40647211
2025-06-17,1293018.6087286898,2069.8096953847516,2069.8096953847516,0.0,104598.98824648
2025-06-18,1294348.4944293,3699.9856449409863,3699.9856449409863,0.0,104946.353111106
2025-06-19,1294346.6645727297,0.0,0.0,0.0,104700.469688906
2025-06-20,1297898.9552932,61.942309953749586,61.942309953749586,0.0,103321.945932896
2025-06-21,1297898.9552932,0.0,0.0,0.0,102159.437963581
2025-06-22,1297898.9552932,0.0,0.0,0.0,101084.251485656
2025-06-23,1298028.8894563299,3325.128064044681,3325.128064044681,0.0,105439.547965419
2025-06-24,1301541.26296759,5545.4787223201965,5545.4787223201965,0.0,106140.520859078
2025-06-25,1307040.21333518,5099.266773579596,5099.266773579596,0.0,107407.598841024
2025-06-26,1311949.02755856,2118.3379967504775,2118.3379967504775,0.0,107017.860392325
2025-06-27,1317886.94481047,4679.997376673547,4679.997376673547,0.0,107094.077124514
2025-06-28,1317886.05375649,0.0,0.0,0.0,107325.30624355
2025-06-29,1317885.0537683,0.0,0.0,0.0,108374.714619031
2025-06-30,1320798.12796737,952.4373448428541,952.4373448428541,0.0,107198.652544274
2025-07-01,1321840.6092078697,-3236.4546521189463,0.0,3236.4546521189463,105732.98154385
2025-07-02,1320088.63278613,3745.7658504778406,3745.7658504778406,0.0,108869.592034958
2025-07-03,1322434.3508486198,5490.027495785992,5490.027495785992,0.0,109616.937339918
2025-07-04,1322444.64497906,0.0,0.0,0.0,108030.469569563
2025-07-05,1322494.24495194,0.0,0.0,0.0,108221.453276886
2025-07-06,1322494.24495194,0.0,0.0,0.0,109217.148040113
2025-07-07,1327986.4028386099,1999.7416064271567,1999.7416064271567,0.0,108263.987359252
2025-07-08,1329946.5781431594,691.2593421232747,691.2593421232747,0.0,108931.620032372
2025-07-09,1330780.89101815,1938.9000688926099,1938.9000688926099,0.0,111248.642186699
2025-07-10,1332940.67149701,10138.068630093581,10138.068630093581,0.0,115958.97038124
2025-07-11,1345156.2061247,8764.452060154967,8764.452060154967,0.0,117474.542952979
2025-07-12,1345154.2061335798,0.0,0.0,0.0,117412.432013394
2025-07-13,1345164.2061200198,0.0,0.0,0.0,119057.209940597
2025-07-14,1354178.0908833998,2481.8245110599564,2481.8245110599564,0.0,119831.19623272
2025-07-15,1356701.2598351801,3423.4322586642293,3423.4322586642293,0.0,117747.327694249
2025-07-16,1359773.7038077998,6736.162759624252,6736.162759624252,0.0,118672.904519396
2025-07-17,1366446.9566450599,4318.34016573934,4318.34016573934,0.0,119212.470588653
2025-07-18,1370707.9640522897,3081.459772719149,3081.459772719149,0.0,117963.57142746
2025-07-19,1370773.6437823798,0.0,0.0,0.0,117897.280695283
2025-07-20,1370806.64375526,0.0,0.0,0.0,117296.229529213
2025-07-21,1374239.9098127496,-1119.1892493183473,0.0,1119.1892493183473,117406.417261451
2025-07-22,1374084.9854518399,-566.8400328292994,0.0,566.8400328292994,119963.29839406
2025-07-23,1373758.0995146101,-722.3311821526719,0.0,722.3311821526719,118782.079633197
2025-07-24,1373307.0543803896,1915.4209372272107,1915.4209372272107,0.0,118355.185324524
2025-07-25,1375615.7658016002,1112.184733592933,1112.184733592933,0.0,117606.361649515
2025-07-26,1375615.7741780798,0.0,0.0,0.0,117926.271770002
2025-07-27,1375615.7741780798,0.0,0.0,0.0,119419.990860318
2025-07-28,1376916.3779350398,1330.7909138069401,1330.7909138069401,0.0,118050.099658849
2025-07-29,1378045.0884931798,678.3164272505761,678.3164272505761,0.0,117939.057327956
2025-07-30,1378987.9127973397,399.7244446831401,399.7244446831401,0.0,117831.172515196
2025-07-31,1379337.5269441495,-991.6659573183795,0.0,991.6659573183795,115764.788689971
2025-08-01,1378598.61921263,-7170.370016731238,0.0,7170.370016731238,113285.64608306
2025-08-02,1378599.1861977398,0.0,0.0,0.0,112571.297323537
2025-08-03,1378623.6678718799,0.0,0.0,0.0,114274.402614765
2025-08-04,1375888.9309301798,-2811.3986482645655,0.0,2811.3986482645655,115067.281617885
2025-08-05,1380086.3465318098,-1718.9640443258074,0.0,1718.9640443258074,114138.513046648
2025-08-06,1378702.2817243696,796.3045653352839,796.3045653352839,0.0,115031.363610771
2025-08-07,1373116.5267597798,2361.064248008441,2361.064248008441,0.0,117489.390741479
2025-08-08,1374857.0618384802,3461.6182471642724,3461.6182471642724,0.0,116679.532854575
2025-08-09,1374866.37964659,0.0,0.0,0.0,116471.775369672
2025-08-10,1374866.37964659,0.0,0.0,0.0,119279.244750319
2025-08-11,1378519.5778879398,1500.6648316047233,1500.6648316047233,0.0,118680.731532537
2025-08-12,1379886.36110147,548.6929598577468,548.6929598577468,0.0,120103.60041267
2025-08-13,1380535.5593441296,704.7063074351162,704.7063074351162,0.0,123313.782043878
2025-08-14,1381095.11655449,1949.6520104536419,1949.6520104536419,0.0,118380.10001913
2025-08-15,1382828.3199381102,-120.06093074732587,0.0,120.06093074732587,117440.368921295
2025-08-16,1382828.3199381102,0.0,0.0,0.0,117465.102784994
2025-08-17,1382836.6344688502,0.0,0.0,0.0,117478.934514884
2025-08-18,1382810.49058268,-1046.4732382871439,0.0,1046.4732382871439,116295.377222639
2025-08-19,1381956.6524074702,-4635.044965020632,0.0,4635.044965020632,112900.73860107
2025-08-20,1377888.98887819,-2763.7084773210154,0.0,2763.7084773210154,114302.938458334
2025-08-21,1375302.27123046,-1727.7137436477772,0.0,1727.7137436477772,112518.639569051
2025-08-22,1371864.2178132501,-198.45430305002225,0.0,198.45430305002225,116903.486815059
2025-08-23,1371034.2151096503,0.0,0.0,0.0,115401.909286159
2025-08-24,1371034.2151096503,0.0,0.0,0.0,113497.119029309
2025-08-25,1370931.47521777,1988.4372808284586,1988.4372808284586,0.0,110187.030847015
2025-08-26,1373027.92118208,787.9493648607881,787.9493648607881,0.0,111809.215070013
2025-08-27,1373831.76113201,731.4290239183596,731.4290239183596,0.0,111288.993652357
2025-08-28,1374449.0390374202,1588.9156388370002,1588.9156388370002,0.0,112592.510028377
2025-08-29,1375962.2295796801,-1168.5602946218514,0.0,1168.5602946218514,108424.015930646
2025-08-30,1375962.2295796801,0.0,0.0,0.0,108852.097480519
2025-08-31,1375962.2295796801,0.0,0.0,0.0,108303.473913268
2025-09-01,1376036.04981138,0.0,0.0,0.0,109255.586298373
2025-09-02,1374992.08342822,2991.6857237485997,2991.6857237485997,0.0,111241.631217533
2025-09-03,1378155.4852331497,2689.3275258650447,2689.3275258650447,0.0,111737.97059298
2025-09-04,1380199.09271316,-2012.7628804074493,0.0,2012.7628804074493,110743.298264164
2025-09-05,1377211.9062346,-1446.6199441695442,0.0,1446.6199441695442,110671.777093401
2025-09-06,1377211.9062346,0.0,0.0,0.0,110224.567575368
2025-09-07,1377211.9062346,0.0,0.0,0.0,111154.666234756
2025-09-08,1375705.5552521201,3250.64114920143,3250.64114920143,0.0,112070.198855846
2025-09-09,1378923.59256181,206.20196751675866,206.20196751675866,0.0,111541.127744723
2025-09-10,1379271.32259582,6505.918181095602,6505.918181095602,0.0,113973.151730465
2025-09-11,1385640.7825290498,4784.974128967442,4784.974128967442,0.0,115507.416571815
2025-09-12,1390228.3453790797,5534.148001436599,5534.148001436599,0.0,116079.295283256
2025-09-13,1389921.9056808099,0.0,0.0,0.0,115955.126990882
2025-09-14,1389921.9056808099,0.0,0.0,0.0,115331.440901105
2025-09-15,1395446.2922058399,2252.1834046296462,2252.1834046296462,0.0,115399.127560279
2025-09-16,1397667.8397586297,2501.9968864625757,2501.9968864625757,0.0,116826.684150381
2025-09-17,1400852.2744897099,-440.44120933915093,0.0,440.44120933915093,116474.114847182
2025-09-18,1400421.5737791397,1391.8664702389121,1391.8664702389121,0.0,117108.935005828
2025-09-19,1401721.61984599,1924.0309823357575,1924.0309823357575,0.0,115694.602656432
2025-09-20,1401721.62001087,0.0,0.0,0.0,115734.809307906
2025-09-21,1401721.62001087,0.0,0.0,0.0,115287.441213986
2025-09-22,1403669.2098875,-3219.4788369897738,0.0,3219.4788369897738,112782.229169582
2025-09-23,1399834.50952728,-926.3485196830351,0.0,926.3485196830351,112052.858934256
2025-09-24,1400275.38650772,2126.0932608265643,2126.0932608265643,0.0,113353.447113748
2025-09-25,1402090.6910455502,-2323.1885182127858,0.0,2323.1885182127858,109074.230529918
2025-09-26,1399951.79759957,-3811.963793929796,0.0,3811.963793929796,109733.466164108
2025-09-27,1399907.4107724898,0.0,0.0,0.0,109692.189210896
2025-09-28,1399951.04584566,0.0,0.0,0.0,112257.237275314
2025-09-29,1396894.93817481,4528.221745631468,4528.221745631468,0.0,114393.691187878
2025-09-30,1400677.1337507,3768.9606667676558,3768.9606667676558,0.0,114063.275796585
2025-10-01,1404437.08407103,5695.922200504205,5695.922200504205,0.0,118646.283465771
2025-10-02,1409587.4375303201,5200.933222992337,5200.933222992337,0.0,120593.742143673
2025-10-03,1414469.1328467801,8055.643114805755,8055.643114805755,0.0,122286.946673376
2025-10-04,1414463.6977722503,0.0,0.0,0.0,122418.030417054
2025-10-05,1414567.6465031703,0.0,0.0,0.0,123537.465178982
2025-10-06,1421945.3051540703,9542.568620768901,9542.568620768901,0.0,124714.848516762
2025-10-07,1430162.90582043,7210.766547280683,7210.766547280683,0.0,121429.531001833
2025-10-08,1437384.58256682,3572.6129127133786,3572.6129127133786,0.0,123355.093531611
2025-10-09,1442597.2667793601,1624.7005364984739,1624.7005364984739,0.0,121745.512823117
2025-10-10,1443678.8722850103,-39.80914756610852,0.0,39.80914756610852,113039.345857058
2025-10-11,1443678.9052054302,0.0,0.0,0.0,110810.242745388
2025-10-12,1443678.90522181,0.0,0.0,0.0,115088.258570169
2025-10-13,1443424.8045269002,-2830.3369382583137,0.0,2830.3369382583137,115321.958876336
2025-10-14,1439963.18951907,907.9232499311474,907.9232499311474,0.0,113115.288112501
2025-10-15,1440453.99701435,-939.4012476056841,0.0,939.4012476056841,110815.266921698
2025-10-16,1439666.12796476,-4905.33730345612,0.0,4905.33730345612,108229.050757824
2025-10-17,1435205.58694834,-3442.2986635908796,0.0,3442.2986635908796,106498.603354067
2025-10-18,1435205.58694834,0.0,0.0,0.0,107239.978114036
2025-10-19,1435206.1469483399,0.0,0.0,0.0,108747.04197085
2025-10-20,1432430.8756983897,-365.33042309065496,0.0,365.33042309065496,110584.822523732
2025-10-21,1431982.6497436203,4403.493240083453,4403.493240083453,0.0,108368.509722285
2025-10-22,1435990.04852142,-942.3759299524272,0.0,942.3759299524272,107600.37133495
2025-10-23,1435155.1900620302,184.31421605484852,184.31421605484852,0.0,110138.004731871
2025-10-24,1435500.0445198102,815.6861258253736,815.6861258253736,0.0,111072.135630999
2025-10-25,1435500.0445252701,0.0,0.0,0.0,111656.14021356
2025-10-26,1435500.0445252701,0.0,0.0,0.0,114583.603528519
2025-10-27,1436323.7732808702,1308.0003512312505,1308.0003512312505,0.0,114143.700236365
2025-10-28,1437620.88824165,1791.7204844519542,1791.7204844519542,0.0,112964.048665163
2025-10-29,1439298.24640995,-4274.892702273172,0.0,4274.892702273172,110108.026746427
2025-10-30,1434304.0735888,-4507.911433675337,0.0,4507.911433675337,108342.85615097
2025-10-31,1429711.2886682102,-1747.8591117271983,0.0,1747.8591117271983,109619.819306068
2025-11-01,1429711.2888101703,0.0,0.0,0.0,110162.286332992
2025-11-02,1429711.9422741903,0.0,0.0,0.0,110576.714320106
2025-11-03,1427964.28361576,-1748.6171113588348,0.0,1748.6171113588348,106655.710268712
2025-11-04,1426131.73778424,-5575.701212582568,0.0,5575.701212582568,101583.635565302
2025-11-05,1422274.46460584,-1317.6732301917098,0.0,1317.6732301917098,103971.149190052
2025-11-06,1420568.84603032,2367.1321357202482,2367.1321357202482,0.0,101346.26469722
2025-11-07,1422355.3767733797,-5404.243594276357,0.0,5404.243594276357,103326.208424691
2025-11-08,1422240.4712471897,0.0,0.0,0.0,102298.730646566
2025-11-09,1422324.5512670795,0.0,0.0,0.0,104725.540876362
2025-11-10,1416754.0828852598,11.320973631034644,11.320973631034644,0.0,105997.950274382
2025-11-11,1416613.8523054398,5083.053272238971,5083.053272238971,0.0,103087.646722457
2025-11-12,1421666.2091463297,-2734.6604838299722,0.0,2734.6604838299722,101694.525387851
2025-11-13,1421783.1006097398,-8692.83607061122,0.0,8692.83607061122,99702.7889356091
2025-11-14,1412628.1755016898,-5198.182803976925,0.0,5198.182803976925,94667.6980316109
2025-11-15,1412613.7054918997,0.0,0.0,0.0,95637.0452551772
2025-11-16,1412613.7055203398,0.0,0.0,0.0,94394.0011993443
2025-11-17,1407206.4490184695,-2760.6264501808287,0.0,2760.6264501808287,92225.443968822
2025-11-18,1404194.9128168,-4008.8975153621263,0.0,4008.8975153621263,92993.1480092538
2025-11-19,1399902.2764498899,823.7990654665363,823.7990654665363,0.0,91527.1735071698
2025-11-20,1400500.6525514799,-10431.082193503697,0.0,10431.082193503697,86587.3725510952
2025-11-21,1391284.18004876,2799.9723255327435,2799.9723255327435,0.0,85143.6986808933
2025-11-22,1391289.71335944,0.0,0.0,0.0,84747.7976933744
2025-11-23,1391289.71387268,0.0,0.0,0.0,86923.7809890631
2025-11-24,1393001.5913335602,-1709.8118392578438,0.0,1709.8118392578438,88313.8112235453
2025-11-25,1391154.5300459303,1473.1007361121133,1473.1007361121133,0.0,87366.7338865582
2025-11-26,1393105.3476780003,233.1353647390764,233.1353647390764,0.0,90505.3595091203
2025-11-27,1393272.8965589704,0.0,0.0,0.0,91362.5136883651
2025-11-28,1394934.8347352804,785.1875582889859,785.1875582889859,0.0,90933.6874307953
2025-11-29,1394948.87764182,0.0,0.0,0.0,90835.2626005808
2025-11-30,1394948.87764512,0.0,0.0,0.0,90401.7060384886
2025-12-01,1396081.8076324703,98.4523922060146,98.4523922060146,0.0,86336.1449076168
2025-12-02,1395165.6050251,640.584975949708,640.584975949708,0.0,91322.778704371
2025-12-03,1309037.7696262,-159.40429628901643,0.0,159.40429628901643,93473.0138827925
2025-12-04,1308679.2742249803,-2112.65901593649,0.0,2112.65901593649,92111.4096179589
2025-12-05,1306808.24858375,613.1975912527242,613.1975912527242,0.0,89367.6048010023
2025-12-06,1306808.2485870498,0.0,0.0,0.0,89259.4938848228
2025-12-07,1306808.2485870498,0.0,0.0,0.0,90442.9650463449
2025-12-08,1306947.0741214396,-666.2114451432047,0.0,666.2114451432047,90661.9068770528
2025-12-09,1306854.5371943898,1638.5930252458027,1638.5930252458027,0.0,92701.4808800457
2025-12-10,1307839.4672255297,2428.1726415802996,2428.1726415802996,0.0,92044.5260657175
2025-12-11,1309372.3950321297,-837.4804313169243,0.0,837.4804313169243,92539.4756724435
2025-12-12,1309850.2806630593,543.7261801760521,543.7261801760521,0.0,90302.8064311746
2025-12-13,1309850.2807802695,0.0,0.0,0.0,90290.4960541073
2025-12-14,1309850.4950734295,0.0,0.0,0.0,88194.6433718845
2025-12-15,1310101.1975934196,-4136.038648513424,0.0,4136.038648513424,86459.5402483796
2025-12-16,1309095.9552963697,-3154.4788182715456,0.0,3154.4788182715456,87875.0551103361
2025-12-17,1305888.7462022698,5300.586353208277,5300.586353208277,0.0,86273.474202191
2025-12-18,1308662.5076372796,-1886.1973994105178,0.0,1886.1973994105178,85515.9698822669
2025-12-19,1305664.9740045196,-1796.162579335594,0.0,1796.162579335594,88132.3337994023
2025-12-20,1305564.9094821198,0.0,0.0,0.0,88367.8706120294
2025-12-21,1305214.9094086497,0.0,0.0,0.0,88654.92324492
2025-12-22,1302836.3950628696,-1605.609732085885,0.0,1605.609732085885,88564.4856021548
2025-12-23,1301574.7920751097,-2156.7058503492153,0.0,2156.7058503492153,87448.1793469711
2025-12-24,1307045.1239974797,-2000.1806215714976,0.0,2000.1806215714976,87642.0849744413
2025-12-25,1307045.1239974797,0.0,0.0,0.0,87211.8447167885
2025-12-26,1305138.85515135,-3158.9931340737344,0.0,3158.9931340737344,87337.9549401579
2025-12-27,1305138.85515135,0.0,0.0,0.0,87846.548611719
2025-12-28,1305138.85515135,0.0,0.0,0.0,87896.8239402761
2025-12-29,1301757.0755054597,-221.43165773234722,0.0,221.43165773234722,87160.075472716
2025-12-30,1303541.4154820798,4015.6873550471632,4015.6873550471632,0.0,88428.1988620674
2025-12-31,1305995.6113735498,-3976.6636787339758,0.0,3976.6636787339758,87535.6902474645
2026-01-01,1306995.6006677097,0.0,0.0,0.0,88745.0287621538
2026-01-02,1303964.27061309,5239.421182334376,5239.421182334376,0.0,89952.6843898464
2026-01-03,1303964.27061309,0.0,0.0,0.0,90606.8149679688
2026-01-04,1303964.27061309,0.0,0.0,0.0,91485.25336134
2026-01-05,1308604.3370004,7428.8558234805905,7428.8558234805905,0.0,93850.2531973148
2026-01-06,1314964.6422140498,-2595.433873220971,0.0,2595.433873220971,93703.0230318237
2026-01-07,1312880.72402546,-5323.651935228128,0.0,5323.651935228128,91309.5006800383
2026-01-08,1310741.79338776,-4380.8893283649195,0.0,4380.8893283649195,91031.7449513942
2026-01-09,1307287.27761054,-2761.149194829074,0.0,2761.149194829074,90542.0107208209
2026-01-10,1307287.2776159998,0.0,0.0,0.0,90406.7860692108
2026-01-11,1307287.27762146,0.0,0.0,0.0,90894.9504472554
2026-01-12,1304518.70632037,1279.6392611231327,1279.6392611231327,0.0,91197.5769620987
2026-01-13,1304833.67338047,7906.740510705587,7906.740510705587,0.0,95336.3777373708
2026-01-14,1310223.8062982399,8673.31685302509,8673.31685302509,0.0,96917.9397276158
2026-01-15,1321829.57933713,1048.4336796640914,1048.4336796640914,0.0,95571.1381115715
2026-01-16,1325753.35843257,-4132.32946765051,0.0,4132.32946765051,95515.1333139978
2026-01-17,1325753.3751440197,0.0,0.0,0.0,95124.1332762488
2026-01-18,1325753.3751964797,0.0,0.0,0.0,93649.9710544255
2026-01-19,1325754.5552297598,0.0,0.0,0.0,92583.9042441966
2026-01-20,1322870.11330802,-5429.732983135172,0.0,5429.732983135172,88346.885839498
2026-01-21,1317640.9178855298,-7926.923478329443,0.0,7926.923478329443,89404.1682044034
2026-01-22,1312914.3091045597,-359.82053246312194,0.0,359.82053246312194,89489.0566126884
2026-01-23,1312080.43520658,-1156.1558587595737,0.0,1156.1558587595737,89520.8022481017
2026-01-24,1312080.43520658,0.0,0.0,0.0,89153.8461670402
2026-01-25,1312080.4352338999,0.0,0.0,0.0,86629.4264271021
2026-01-26,1311033.3255219199,77.01011694537212,77.01011694537212,0.0,88300.0866603494
2026-01-27,1311176.87275433,-1653.1026031212484,0.0,1653.1026031212484,89165.6692825308
2026-01-28,1309961.60288442,-219.748289448466,0.0,219.748289448466,89192.9582213948
2026-01-29,1309490.46611132,-9666.520142479203,0.0,9666.520142479203,84601.2823587058
2026-01-30,1301715.04295681,-6055.322866518214,0.0,6055.322866518214,84173.8766430262
2026-01-31,1301707.94529469,0.0,0.0,0.0,78666.2428708279
2026-02-01,1301708.04905362,0.0,0.0,0.0,76959.7296437836
2026-02-02,1295688.3926485004,7135.492621412521,7135.492621412521,0.0,78733.1765033467
2026-02-03,1302135.0254955401,-3592.3446173518605,0.0,3592.3446173518605,75716.5664692014
2026-02-04,1300391.35819758,-7457.409148621365,0.0,7457.409148621365,73068.2719883667
2026-02-05,1290347.0342440703,-6908.046198021102,0.0,6908.046198021102,62839.7650444714
2026-02-06,1291949.8156727003,5258.353417756863,5258.353417756863,0.0,70573.4229933723
2026-02-07,1291949.8156727003,0.0,0.0,0.0,69269.3602005521
2026-02-08,1291949.8156727003,0.0,0.0,0.0,70339.0496837085
2026-02-09,1286597.6690586002,2066.4248170374344,2066.4248170374344,0.0,70121.1090794672
2026-02-10,1285297.4242872302,2419.2585347108247,2419.2585347108247,0.0,68822.7395340787
2026-02-11,1282523.0670158702,-4119.662395508646,0.0,4119.662395508646,67068.6025877336
2026-02-12,1278433.3544444903,-6191.873511186432,0.0,6191.873511186432,66248.1233279265
2026-02-13,1276611.5086731303,219.2884889174476,219.2884889174476,0.0,68859.0635766772
2026-02-14,1276611.5086731303,0.0,0.0,0.0,69815.9330046114
2026-02-15,1276611.5086731303,0.0,0.0,0.0,68854.1497232581
2026-02-16,1276611.5086731303,0.0,0.0,0.0,68904.2963068454
2026-02-17,1268099.6196876601,-1553.9929207738458,0.0,1553.9929207738458,67503.5250146202
2026-02-18,1265143.9004163002,-2005.042237566067,0.0,2005.042237566067,66482.3899978355
2026-02-19,1261008.9226449302,-2474.2164382865863,0.0,2474.2164382865863,67011.1140781272
2026-02-20,1260275.6119735702,1295.2868836203806,1295.2868836203806,0.0,68015.8203669575
2026-02-21,1260275.6119735702,0.0,0.0,0.0,67990.5481068716
2026-02-22,1260275.6119735702,0.0,0.0,0.0,67658.0129483908
2026-02-23,1258461.40617357,-3151.399370151674,0.0,3151.399370151674,64669.6835476588
2026-02-24,1259685.9214735702,4021.0178785615753,4021.0178785615753,0.0,64088.2502348351
2026-02-25,1263994.5198735702,7448.349645282446,7448.349645282446,0.0,68015.0669780741
2026-02-26,1268076.2735735702,3768.443126832929,3768.443126832929,0.0,67507.9844481566
2026-02-27,1267577.3600735702,-417.32037033123737,0.0,417.32037033123737,65896.6155382556
2026-02-28,1267577.3600735702,0.0,0.0,0.0,67040.3084018812
2026-03-01,1267577.3600735702,0.0,0.0,0.0,65786.101993851
2026-03-02,1271386.9354735701,6657.135086470102,6657.135086470102,0.0,68828.4065214842
2026-03-03,1276103.4430735703,3296.139172586424,3296.139172586424,0.0,68322.3578278976
2026-03-04,1280275.8408735702,6354.272258610969,6354.272258610969,0.0,72691.2510514572
2026-03-05,1278886.14027357,-3215.26638398097,0.0,3215.26638398097,70880.5967478895
2026-03-06,1276777.28227357,-5122.084282504495,0.0,5122.084282504495,68116.8018245498
2026-03-07,1276777.28227357,0.0,0.0,0.0,67256.5348484921
2026-03-08,1276777.28227357,0.0,0.0,0.0,65974.5477946956
2026-03-09,1278364.51417357,2441.41019496581,2441.41019496581,0.0,68444.0494041355
2026-03-10,1281017.4876735702,3529.626189180003,3529.626189180003,0.0,69950.7502400302
2026-03-11,1282650.0510735703,1641.117174704353,1641.117174704353,0.0,70196.084579246
2026-03-12,1283307.6101735702,762.8889903266984,762.8889903266984,0.0,70521.4004687114
2026-03-13,1285325.5976735703,2543.502799523913,2543.502799523913,0.0,70925.8114572419
2026-03-14,1285325.5976735703,0.0,0.0,0.0,71210.954807485
2026-03-15,1285325.5976735703,0.0,0.0,0.0,72805.7068200337
2026-03-16,1287207.5329735703,2663.5374712952776,2663.5374712952776,0.0,74862.8476786669
2026-03-17,1289474.9376735701,2697.7435518318307,2697.7435518318307,0.0,73913.6230590201
2026-03-18,1288998.7797735701,-2295.101917225631,0.0,2295.101917225631,71238.6664717889
2026-03-19,1288454.61397357,-1289.9979913564573,0.0,1289.9979913564573,69922.5894957813
2026-03-20,1287797.0679735702,-737.545669738383,0.0,737.545669738383,70504.1086044815
2026-03-21,1287797.0679735702,0.0,0.0,0.0,68906.0389535765
2026-03-22,1287797.0679735702,0.0,0.0,0.0,67860.149345612
2026-03-23,1290064.36657357,2358.6013232630185,2358.6013232630185,0.0,70889.4709550516
2026-03-24,1289996.3482735702,-944.309282913239,0.0,944.309282913239,70527.7404395897
2026-03-25,1288998.7261735701,109.39151627069442,109.39151627069442,0.0,71303.5184620582
2026-03-26,1288386.57187357,-2490.3095210903093,0.0,2490.3095210903093,68786.6301555163
2026-03-27,1285325.8294735702,-3397.348125368086,0.0,3397.348125368086,66375.299698075
2026-03-28,1285325.8294735702,0.0,0.0,0.0,66345.5735868404
2026-03-29,1285325.8294735702,0.0,0.0,0.0,65980.6531858915
2026-03-30,1285439.18757357,1039.8196480296058,1039.8196480296058,0.0,66742.3433780163
2026-03-31,1286890.16877357,1722.1659688190036,1722.1659688190036,0.0,68228.0350020951
2026-04-01,1285620.5402735702,-2550.4443690155995,0.0,2550.4443690155995,68105.7787851469
2026-04-02,1285575.1682735702,134.53122356989203,134.53122356989203,0.0,66898.967846853
2026-04-03,1285575.1682735702,0.0,0.0,0.0,66954.4639577169
2026-04-04,1285575.1682735702,0.0,0.0,0.0,67300.0441785073
2026-04-05,1285575.1682735702,0.0,0.0,0.0,69002.0896882011
2026-04-06,1285575.1682735702,6846.846242414608,6846.846242414608,0.0,68849.2166042502
2026-04-07,1287765.6463735702,-2212.252881557096,0.0,2212.252881557096,71917.6371410204
2026-04-08,1288332.4077735702,-1320.878062833423,0.0,1320.878062833423,71089.0752463362
2026-04-09,1292072.9517735702,4987.651166883148,4987.651166883148,0.0,71797.3226310816
2026-04-10,1293954.56037357,3517.7136243166997,3517.7136243166997,0.0,72973.5354878022
2026-04-11,1293954.56037357,0.0,0.0,0.0,73066.1612092424
2026-04-12,1292572.05560785,0.0,0.0,0.0,70750.5597834854
2026-04-13,1292572.05560785,-3909.2336785190582,0.0,3909.2336785190582,74439.1417681227
2026-04-14,1292572.05560785,5546.6552245653265,5546.6552245653265,0.0,74170.8260823513
2026-04-15,1292572.05560785,2487.311818274659,2487.311818274659,0.0,74819.730535068
2026-04-16,1292572.05560785,347.2561886416338,347.2561886416338,0.0,75160.6475383367
2026-04-17,1292572.05560785,8610.260154249638,8610.260154249638,0.0,77105.6841612769
2026-04-18,1292572.05560785,0.0,0.0,0.0,75730.9852333289
2026-04-19,1292572.05560785,0.0,0.0,0.0,73834.8319428331
2026-04-20,1292572.05560785,3142.3490116366493,3142.3490116366493,0.0,75866.8114576594
2026-04-21,1310084.64450785,154.57424822729732,154.57424822729732,0.0,76338.7183526742
2026-04-22,1310084.64450785,4294.279944795994,4294.279944795994,0.0,78197.0445142818
2026-04-23,1310084.64450785,2852.501426432971,2852.501426432971,0.0,78282.169442851
2026-04-24,1310084.64450785,185.90229148185287,185.90229148185287,0.0,77460.0457327105
2026-04-25,1310084.64450785,0.0,0.0,0.0,77647.0974905372
2026-04-26,1310084.64450785,0.0,0.0,0.0,78674.2482259035
2026-04-27,1310084.64450785,-3401.2291485215246,0.0,3401.2291485215246,77383.7893616812
2026-04-28,1310084.64450785,-1174.8058478982164,0.0,1174.8058478982164,76353.0417902478
2026-04-29,1310084.64450785,-1816.1729253728474,0.0,1816.1729253728474,75763.7106454231
2026-04-30,1310084.64450785,307.9392085620411,307.9392085620411,0.0,76313.763712442
2026-05-01,1310084.64450785,8051.87849294309,8051.87849294309,0.0,78217.7724802946
2026-05-02,1310084.64450785,0.0,0.0,0.0,78674.3049851104
2026-05-03,1313963.02710785,0.0,0.0,0.0,78558.5857207882
2026-05-04,1318717.76720785,6667.060881713388,6667.060881713388,0.0,79840.2788641106
2026-05-05,1323258.10120785,5776.399974966278,5776.399974966278,0.0,80898.1375987088
2026-05-06,1327471.75310785,567.2624579820654,567.2624579820654,0.0,81443.7820622719
2026-05-07,1327650.75310785,-3355.7858033610883,0.0,3355.7858033610883,80011.0661804087
2026-05-08,1329497.8495474,-1816.8723336304581,0.0,1816.8723336304581,80192.7561464176
2026-05-10,1327857.0196366,0.0,0.0,0.0,82186.4967576366
2026-05-11,1326819.4146812102,332.8571660693258,332.8571660693258,0.0,81716.7324988128
2026-05-12,1325040.10865914,-2897.7966812358923,0.0,2897.7966812358923,80474.9351498814
2026-05-13,1320516.99973708,-7951.62588160224,0.0,7951.62588160224,79279.3837872281
2026-05-14,1322208.2639150298,1619.793964112948,1619.793964112948,0.0,81059.6921022015
2026-05-15,1318645.68159296,-3672.964404510261,0.0,3672.964404510261,79064.202104273
2026-05-17,1314979.7571155,0.0,0.0,0.0,77418.3027426434
2026-05-18,1313186.6115434398,-8428.558543665142,0.0,8428.558543665142,76952.6600117744
2026-05-19,1311405.06483805,-4312.570655195939,0.0,4312.570655195939,76775.5537178455
2026-05-20,1309943.3098826504,-909.8395442839202,0.0,909.8395442839202,77486.1902221301
2026-05-21,1308052.6463272697,-1301.0194681450073,0.0,1301.0194681450073,77554.5658389441
2026-05-22,1305803.16337187,-1394.0381711733849,0.0,1394.0381711733849,75464.2176773764
2026-05-25,1300100.37895069,0.0,0.0,0.0,77287.4872232217
2026-05-26,1298112.9744102901,-4399.21094397132,0.0,4399.21094397132,75831.7808008651
2026-05-27,1296476.4833948899,-9867.498165601186,0.0,9867.498165601186,74324.8174655543
2026-05-28,1293405.8689394896,-3037.1730334697745,0.0,3037.1730334697745,73522.3174772147
2026-05-29,1291568.9722841003,-1707.7820390351599,0.0,1707.7820390351599,73370.0186182953
2026-05-31,1287681.32630664,0.0,0.0,0.0,73595.7587259674
2026-06-01,1285737.5033179198,-6786.78373636653,0.0,6786.78373636653,71285.6072615943
2026-06-02,1283390.7414625199,-7788.035052529984,0.0,7788.035052529984,66653.5264028335
2026-06-03,1281301.8700071299,-6192.495184801092,0.0,6192.495184801092,64045.2657877584
2026-06-04,1279847.76105173,50.15044773675891,50.15044773675891,0.0,63808.0046024093
2026-06-05,1276830.0632630098,-5336.091781078615,0.0,5336.091781078615,61037.1810235551
2026-06-07,1273793.5518188702,0.0,0.0,0.0,63290.3358178844
2026-06-08,1272201.09943016,-1449.2623623072861,0.0,1449.2623623072861,63066.5657075972
2026-06-09,1270322.6174747597,-1254.9329809265864,0.0,1254.9329809265864,61676.6004052673
2026-06-10,1268922.17401936,-3485.4476855257362,0.0,3485.4476855257362,61369.4478583849
2026-06-11,1266653.9628639598,-353.62907516252403,0.0,353.62907516252403,63625.99
2026-06-12,1263949.62430857,1351.0535780035266,1351.0535780035266,0.0,63580.01
2026-06-14,1260684.6064644498,0.0,0.0,0.0,65746.45
2026-06-15,1259052.09754239,-990.3105448816992,0.0,990.3105448816992,65434.02
2026-06-16,1254973.8941869996,155.31021616898119,155.31021616898119,0.0,65675.01
2026-06-17,1252867.6989316,-1274.2329024917299,0.0,1274.2329024917299,64509.4
2026-06-18,1252296.5471315999,-1440.6427395020903,0.0,1440.6427395020903,62958.01
2026-06-19,1252261.1379966,0.0,0.0,0.0,63543.91
2026-06-21,1252211.3323265999,0.0,0.0,0.0,63311.99
2026-06-22,1252186.4294915998,-1066.8539414473694,0.0,1066.8539414473694,64020.01
2026-06-23,1251320.5105315999,-1813.9918708297514,0.0,1813.9918708297514,62734.57
2026-06-24,1247760.2543315997,-7736.720554272517,0.0,7736.720554272517,60620.0
2026-06-25,1245803.5513315997,-11634.987384356602,0.0,11634.987384356602,59450.0
2026-06-26,1246218.5812316,-7404.997382012737,0.0,7404.997382012737,60027.03
2026-06-28,1246218.5812316,0.0,0.0,0.0,59641.32
2026-06-29,1246518.2616315999,-3824.593227191765,0.0,3824.593227191765,60398.58
2026-06-30,1246207.4297316,-3807.731131075756,0.0,3807.731131075756,58460.01
2026-07-01,1214365.2134315998,-4927.585305074964,0.0,4927.585305074964,60069.99
2026-07-02,1247407.5168315999,3616.9080986537174,3616.9080986537174,0.0,61793.11
2026-07-03,1247473.3984316,0.0,0.0,0.0,62153.99
2026-07-05,1247549.3884316,0.0,0.0,0.0,62704.01
2026-07-06,1247077.6628316,4170.244543956213,4170.244543956213,0.0,63713.29
2026-07-07,1246149.2561316,335.7926894026951,335.7926894026951,0.0,64027.6
2026-07-08,1210696.5536316,-1362.7695843954054,0.0,1362.7695843954054,62299.6
2026-07-09,1244750.3181315998,-1503.8998822444814,0.0,1503.8998822444814,63368.58
2026-07-10,1244749.4663315997,1415.6130215101145,1415.6130215101145,0.0,63859.26
2026-07-12,1244749.4663315997,0.0,0.0,0.0,64038.89
2026-07-13,1244837.0799315998,-6859.956895500421,0.0,6859.956895500421,61910.01
2026-07-14,1244918.5470315998,2806.706711702092,2806.706711702092,0.0,64524.02
2026-07-15,1244611.7197315998,1655.4456553466666,1655.4456553466666,0.0,65058.01
2026-07-16,1213623.8249315997,1231.7119581635252,1231.7119581635252,0.0,64219.56
2026-07-17,1247469.0778315999,2065.9608357537713,2065.9608357537713,0.0,64038.0
2026-07-19,1247604.7778315998,0.0,0.0,0.0,64450.0
2026-07-20,1247549.1574316001,3449.220343890918,3449.220343890918,0.0,65753.99
2026-07-21,1220440.5093315998,3065.9679518836165,3065.9679518836165,0.0,66275.97
2026-07-22,1222774.6412316,1047.1669134050549,1047.1669134050549,0.0,65987.57
2026-07-23,1221946.5408316,-3476.3845230310862,0.0,3476.3845230310862,64751.18
2026-07-24,1222932.0509316002,-3741.7404313676598,0.0,3741.7404313676598,64168.0
2026-07-26,1222932.0509316002,0.0,0.0,0.0,64673.99
2026-07-27,1215047.6123316,-178.7710599243675,0.0,178.7710599243675,64887.46
2026-07-28,1216678.3050316,-779.9677906258856,0.0,779.9677906258856,63720.58
2026-07-29,1214903.5358316,499.151442547669,499.151442547669,0.0,64309.14
2026-07-30,1219683.4072316,3598.887818606173,3598.887818606173,0.0,64770.01
2026-07-31,1216767.5019315996,-4204.375084752851,0.0,4204.375084752851,63124.72
2026-08-02,1216810.9219315997,0.0,0.0,0.0,63297.01
2026-08-03,1216791.7767315996,2659.141655336785,2659.141655336785,0.0,63968.01
2026-08-04,1217342.1143316,3293.37270639559,3293.37270639559,0.0,64219.88
2026-08-05,1225892.9479315998,3772.166688403443,3772.166688403443,0.0,64790.35
2026-08-06,1225352.5965315995,2131.2849867236127,2131.2849867236127,0.0,64561.99
2026-08-07,1225781.4040315996,1568.7469814732062,1568.7469814732062,0.0,64828.81
2026-08-09,1225336.3840315996,0.0,0.0,0.0,65192.01
2026-08-10,1225167.2070316,-2262.76313423678,0.0,2262.76313423678,63904.17
2026-08-11,1225142.7106316,122.64604116661543,122.64604116661543,0.0,63597.65
2026-08-12,1224443.5654316,-963.1405633505311,0.0,963.1405633505311,63438.3
2026-08-13,1224515.3419316001,-2073.4471604686782,0.0,2073.4471604686782,63228.04
2026-08-14,1222878.9074316001,-891.5932120248319,0.0,891.5932120248319,63033.23
2026-08-16,1222878.9074316001,0.0,0.0,0.0,63139.99
2026-08-17,1223807.9829316004,4619.949734946884,4619.949734946884,0.0,64394.64
2026-08-18,1222907.3736316003,2924.545791620319,2924.545791620319,0.0,64728.0
2026-08-19,1238467.7258316,7577.798807683466,7577.798807683466,0.0,68252.01
2026-08-20,1238712.6266316,8357.129949580165,8357.129949580165,0.0,72548.83
2026-08-21,1248948.9156316,3975.744210831582,3975.744210831582,0.0,77344.01
2026-08-23,1248986.9056316,0.0,0.0,0.0,77352.49
2026-08-24,1252286.8130316,4274.499873385667,4274.499873385667,0.0,78980.0
2026-08-25,1255752.3732315998,3963.9838706341316,3963.9838706341316,0.0,79288.92
2026-08-26,1256356.8244315996,2955.9472206839923,2955.9472206839923,0.0,78553.5
2026-08-27,1258823.6405315995,3029.7922485334957,3029.7922485334957,0.0,79972.48
2026-08-28,1257688.6491315996,-2597.586059029661,0.0,2597.586059029661,77726.01
2026-08-30,1257737.3491315998,0.0,0.0,0.0,78859.55
2026-08-31,1260851.5207316,2741.921075693471,2741.921075693471,0.0,79032.18
2026-09-01,1260083.4633315997,-3066.2295204391103,0.0,3066.2295204391103,77130.56
2026-09-02,1258717.3751315998,1305.7194126509876,1305.7194126509876,0.0,77428.58
2026-09-03,1259162.8583315997,8999.067953676225,8999.067953676225,0.0,81208.41
2026-09-04,1266149.1872316,2194.239179610918,2194.239179610918,0.0,79572.0
2026-09-07,1266075.4360316,0.0,0.0,0.0,79186.74
2026-09-08,1266054.0940316,-591.8962794492215,0.0,591.8962794492215,78730.01
2026-09-09,1266065.1118316,-1528.9897473732415,0.0,1528.9897473732415,78614.0
2026-09-10,1266110.5183316001,-3668.569469430383,0.0,3668.569469430383,77060.01
2026-09-11,1266098.8318316,-171.02876392847887,0.0,171.02876392847887,77180.0
2026-09-14,1266111.7023316,2045.4106753552064,2045.4106753552064,0.0,78175.01
2026-09-15,1266115.2618316002,-5958.846386390968,0.0,5958.846386390968,75585.1
2026-09-16,1266097.4957316,-3886.007470747583,0.0,3886.007470747583,76144.99
2026-09-17,1266081.1632316,2089.0979995216685,2089.0979995216685,0.0,76348.74
2026-09-18,1266082.2906316002,5353.938619381209,5353.938619381209,0.0,80875.04
2026-09-21,1266071.6300316001,11536.622714328278,11536.622714328278,0.0,86593.8
2026-09-22,1266069.1699316,8291.500718705009,8291.500718705009,0.0,86196.7
2026-09-23,1266095.9098316,4111.246124744617,4111.246124744617,0.0,84378.31
2026-09-24,1266064.7466316002,0.0,0.0,0.0,83585.81
