date,btc_price,asopr,lth_sopr,sth_sopr,net_realized_pl_usd,nupl,sth_nupl,lth_nupl
2010-07-17,0.04951,1.000000032582789,1.0,1.000000032582789,3.8e-05,1.625825500477622e-05,3.209561689810557e-08,2.108883462292328e-11
2010-07-18,0.08584,1.5672083826174623,1.7337912059586489,1.544785165530893,996.893049,0.4188189944350714,0.41384483866045274,0.42322926375737313
2010-07-19,0.0808,1.2205390077156237,1.0,1.2205390077156237,603.626084,0.3794400673629987,0.3706135949979966,0.38725247525901585
2010-07-20,0.07474,1.114991510793964,1.0,1.114991510793964,117.193014,0.3278144448882578,0.31673429616609583,0.3375702435326491
2010-07-21,0.07921,1.1825620522054174,1.5998788666708148,1.1347104846632001,261.69892400000003,0.36370761243543764,0.3509773112162719,0.3749526575132861
2010-07-22,0.05446,0.8016262617031706,1.0,0.8016262617031706,-487.75663000000003,0.07689421849144952,0.060563242133802445,0.09089239814317575
2010-07-23,0.0624138775510204,1.085547025167762,1.2606317716456412,1.079180621295944,90.53670400000001,0.1935813828749108,0.17817680853057724,0.20674692969265746
2010-07-24,0.05454,1.0434102499793756,1.0,1.0434102499793756,90.315462,0.0764884977644797,0.058049565038155934,0.09222588930799845
2010-07-25,0.0505,0.9528219728426514,1.0,0.9528219728426514,-82.406053,0.0030611200804878907,-0.01631134576861446,0.019603960452460767
2010-07-26,0.056,1.0589777135007363,1.1310846661725276,1.038018962044543,233.41046400000002,0.09944444716693435,0.08044354767416187,0.115892857200492
2010-07-27,0.06,1.084016639669189,1.211876426920825,1.038366371099436,90.909121,0.15868423349784805,0.1399644561090163,0.17483333338692875
2010-07-28,0.0589,1.0385424769767697,1.1896586548172088,1.0382375426576451,141.035953,0.1419767284131262,0.12167842308754893,0.15942275047882945
2010-07-29,0.0698625662193553,1.1213144800621304,1.4110797818622502,1.120540683136272,112.76005,0.27545975864873484,0.25696006236292995,0.2913229118816433
2010-07-30,0.0627,1.0281964393425154,1.0,1.0281964393425154,32.911291999999996,0.1920501038001361,0.1705279576597825,0.2103668262068845
2010-07-31,0.06785,1.112127828609518,1.370430263569158,1.0819267367179972,92.805313,0.25228685311964427,0.23094227492473754,0.2703021371097187
2010-08-01,0.0611,1.0229297226688008,1.2340941639431147,1.0181490472503647,92.24130600000001,0.1686940448238203,0.1439020021002067,0.18968903441716423
2010-08-02,0.06010568,0.9771952052310198,1.0,0.9771952052310198,-88.58892800000001,0.15482876458196862,0.12940315917445006,0.17628417152711898
2010-08-03,0.06,0.9856344752511798,1.0,0.9856344752511798,-25.380145,0.15296557645482478,0.127052536094675,0.17483333338106744
2010-08-04,0.0572824939363675,1.0019078180009455,1.1569883988312664,0.9767258883555126,1.7580279999999995,0.11239558715195179,0.08485072488270795,0.13568707304990463
2010-08-05,0.061,0.9980850440244645,1.0,0.9980850440244645,-3.5229090000000056,0.16600615845775282,0.13944940482481172,0.1883606557843074
2010-08-06,0.0623,1.0790220491406615,1.2583316501716826,1.078554853705011,75.27424500000001,0.18270614693808082,0.15580411492265306,0.20529695028626155
2010-08-07,0.059,1.0037560258767255,1.1916784900601376,0.9636154992014994,3.6979499999999987,0.13668435822996797,0.10797501341473614,0.1608474576750962
2010-08-08,0.0609,1.0528370676767667,1.2300545747259766,1.0195431732788258,30.599503999999996,0.16303767546064638,0.1338660681854118,0.1870279146591736
2010-08-09,0.0707,1.1351061865387804,1.427994383033579,1.1325209062102983,573.377034,0.27618182064835173,0.2472592348102396,0.29971711459457223
2010-08-10,0.07,1.0633377529146444,1.413855827952762,1.0423565117701923,99.880841,0.2678572988787286,0.2374078527793618,0.29271428572844765
2010-08-11,0.067,1.0001926200031512,1.0,1.0001926200031512,0.5953020000000038,0.2342612504952618,0.2016719451646633,0.2610447761341648
2010-08-12,0.07,1.0505613050942229,1.0,1.0505613050942229,45.882306,0.26613783849789213,0.23373221169739955,0.29271428572836844
2010-08-13,0.0645,1.0449042384221017,1.0,1.0449042384221017,67.504376,0.2026885370149734,0.16649361642132363,0.23240310079044002
2010-08-14,0.067,1.0268085268420255,1.0,1.0268085268420255,17.252204,0.2314907651334109,0.19563839794357454,0.26104477613405075
2010-08-15,0.06529,1.0449044336559359,1.0,1.0449044336559359,34.323771,0.210636016082282,0.17300818617141542,0.241690917460242
2010-08-16,0.0655,1.0380446821710616,1.0,1.0380446821710616,110.40681300000001,0.21227328338178925,0.17375197023538266,0.24412213741950245
2010-08-17,0.07,1.0463190816765318,1.0,1.0463190816765318,119.24584899999999,0.2620118499520422,0.2248329614777452,0.2927142857282197
2010-08-18,0.068,1.0551599876279036,1.3734599417658033,1.048178693349938,101.50383500000001,0.23948223188462603,0.20023274880428626,0.27191176472020356
2010-08-19,0.0667,1.0118478121419767,1.0,1.0118478121419767,12.084477999999999,0.2242080903287133,0.18361909089881456,0.2577211394448544
2010-08-20,0.0655,0.9980090547933946,1.0,0.9980090547933946,-2.7720270000000014,0.20946902149553023,0.1675236725495253,0.24412213741938274
2010-08-21,0.0664,1.0475218706243858,1.341143203393254,1.046490362780919,100.812837,0.21927865183384468,0.17667095002972893,0.2543674698940657
2010-08-22,0.066,1.0908997532968383,1.0,1.0908997532968383,81.581136,0.21362537170338608,0.16962786469493157,0.24984848486307917
2010-08-23,0.06491,0.9905059307794977,1.0,0.9905059307794977,-8.746635999999999,0.19989242976566454,0.1545497071956107,0.23725157912433867
2010-08-24,0.065,1.0183215176478613,1.0,1.0183215176478613,18.733681,0.20035657876005952,0.1542466909845349,0.23830769232242857
2010-08-25,0.0648,1.006381529500962,1.0,1.006381529500962,5.209507,0.19730756982546516,0.1503127885265579,0.2359567901691221
2010-08-26,0.064,0.9960153358144301,1.0,0.9960153358144301,-3.492065,0.18677520189709848,0.13860994736164342,0.2264062500461197
2010-08-27,0.065,1.034695810380324,1.3128661255407603,1.0285654227327132,55.764534999999995,0.19862028065282636,0.1503463430657759,0.23830769235298857
2010-08-28,0.0645982546728972,0.9946859592780267,1.0,0.9946859592780267,-5.067450999999999,0.19322834000991304,0.14398810647192672,0.23357062433915074
2010-08-29,0.064,0.9871244800109845,1.0,0.9871244800109845,-6.6351179999999985,0.18532366810652226,0.1351411226955852,0.22640625003539125
2010-08-30,0.06497,1.0152289037196658,1.0,1.0152289037196658,12.730812,0.19705383235134777,0.14703509272336743,0.23795597971770716
2010-08-31,0.06,0.9565947921095156,1.2118764283014547,0.9457656969116378,-97.695976,0.1306232003494592,0.07650563531367276,0.17483333337086351
2010-09-01,0.0629,0.9951144972674655,1.0,0.9951144972674655,-7.556691000000001,0.17039533257990241,0.1183146621859398,0.21287758350152491
2010-09-02,0.0634,1.008050674882948,1.0,1.008050674882948,12.52001,0.17653200777613925,0.12427781206130163,0.21908517353690418
2010-09-03,0.06085,0.9689168700729349,1.2290446666518864,0.960358403469484,-41.066337000000004,0.14189407159217643,0.08734872155345369,0.18635990143362235
2010-09-04,0.06238,0.9923159057688763,1.0,0.9923159057688763,-11.408865,0.16260943813776513,0.10897665242243648,0.20631612699952512
2010-09-05,0.06163975,1.0167646277409783,1.2449960088375762,1.0138074955830865,81.14198999999999,0.1519063528844248,0.09689571545683567,0.1967845424451852
2010-09-06,0.0616,0.9810004795736067,1.244193092304585,0.9807178988799733,-87.706707,0.1514084163407798,0.09634034415903295,0.1962662337692383
2010-09-07,0.0610028889147648,0.9904378059348317,1.0,0.9904378059348317,-9.844769,0.1428519801556719,0.08670461006279545,0.18839909255785234
2010-09-08,0.0612664420040746,0.9921371349589796,1.0,0.9921371349589796,-7.578502000000001,0.14626011584578172,0.08976933118010093,0.19189039904547303
2010-09-09,0.06111,1.0646290323284204,1.0,1.0646290323284204,104.48352400000002,0.1433958111457086,0.08557886413119968,0.18982163313107242
2010-09-10,0.0618,1.0071708817443712,1.0,1.0071708817443712,5.0994790000000005,0.15259692491353585,0.09499359050197398,0.1988673139808003
2010-09-11,0.06366,0.9916146918557922,1.0,0.9916146918557922,-4.010594,0.17701262865416972,0.1206808557210366,0.22227458377466816
2010-09-12,0.0615,1.0070288156516838,1.0,1.0070288156516838,7.924479999999999,0.1477449985993916,0.08897492526083055,0.19495934962672695
2010-09-13,0.0621824198330189,1.008460114775542,1.0,1.008460114775542,36.730579999999996,0.15660744992275988,0.09759845673023346,0.2037942535701192
2010-09-14,0.06199,0.9988426810539054,1.0,0.9988426810539054,-1.7861080000000005,0.1536038797350462,0.09395525285953074,0.20132279403178166
2010-09-15,0.0604,0.932993464423183,1.2199555645324178,0.9326761587191691,-150.178145,0.1316669689075288,0.07083504189740857,0.18029801331507306
2010-09-16,0.0618747945205479,1.0482140807336335,1.2497434861644112,1.0479212885138864,82.270724,0.15161269729539942,0.09132445561488443,0.199835726657018
2010-09-17,0.0597976861530533,1.0824594330640793,1.2077901042392076,0.960015436397011,204.05613200000002,0.12097791246797883,0.05859650606016841,0.17204154233250965
2010-09-18,0.061,0.9933295636627474,1.0,0.9933295636627474,-11.630837999999999,0.1379443187056877,0.07630977244293491,0.18836065581088657
2010-09-19,0.0627,1.0192839179275366,1.2664108991782843,1.0176499271013244,51.015949,0.1606993011061032,0.10002137361911946,0.2103668262273356
2010-09-20,0.0621,0.9880466130274673,1.0,0.9880466130274673,-23.797088000000002,0.15230255555656924,0.09048834958564266,0.20273752015841046
2010-09-21,0.06265,1.0118456985039164,1.0,1.0118456985039164,13.465938000000001,0.15935811836540392,0.09755128116756241,0.2097366320837144
2010-09-22,0.0622,1.00925379611241,1.2563118900238843,1.0054502496883477,22.660852,0.1528597975034815,0.08994570852933705,0.20401929260521787
2010-09-23,0.06231,1.0038802261587012,1.2585336295697838,1.0038784616352798,27.725569,0.153809242965772,0.09041373568661755,0.20542449045168454
2010-09-24,0.0622,1.0084643379815352,1.0,1.0084643379815352,9.622039000000001,0.151850349253861,0.08723190246457703,0.2040192926108925
2010-09-25,0.06202,1.034369916572249,1.0,1.034369916572249,55.961724,0.1487943861993873,0.08337007580655956,0.20170912609902297
2010-09-26,0.06202171,1.0030606092383862,1.0,1.0030606092383862,3.8860469999999996,0.14843305313757732,0.08214936744419302,0.20173113577360693
2010-09-27,0.0622009295539808,1.121916698378195,1.2563306710392586,1.0165401934725242,208.78128999999998,0.1496534616516083,0.08317338008370227,0.20403118805311127
2010-09-28,0.0619,1.149304619593997,1.2502525145102166,1.0073781529074841,596.6303979999999,0.14281409124342914,0.07598263384556173,0.2001615509052288
2010-09-29,0.0619004290909091,1.0194146736588081,1.2502611930367016,1.016669553853961,36.807069999999996,0.1424097925560725,0.07507266815821986,0.20016709534975058
2010-09-30,0.0619,0.9864886955559891,1.0,0.9864886955559891,-28.891866,0.14226523421686674,0.07460553680928038,0.20016155091381926
2010-10-01,0.06197,1.109796381813428,1.2516663704840678,1.0090650245387767,294.577082,0.14181800354712398,0.07411938666217815,0.20106503149231464
2010-10-02,0.0614,1.0568657360209224,1.0,1.0568657360209224,1100.720933,0.1293845458965997,0.05546700066504567,0.1936482084946615
2010-10-03,0.06111,0.9920183572871893,1.0,0.9920183572871893,-19.948942,0.12515067574858516,0.050594638579869615,0.18982163314625852
2010-10-04,0.0612998286895566,0.9905864132931919,1.2381302817900681,0.98572115294576,-51.729017000000006,0.12783029466580165,0.053628986073312436,0.19233053245930026
2010-10-05,0.0614,1.0338568175218028,1.2401535441030271,1.0004375676110053,279.509591,0.1279710451944128,0.053998442248774176,0.19364820850213774
2010-10-06,0.06281,1.0176495007307933,1.0,1.0176495007307933,97.408424,0.14687904086587564,0.07387688414759531,0.21174972141423726
2010-10-07,0.067,1.0645382201925035,1.353262019342394,1.0622008626961692,417.79021,0.1983660824520947,0.12799570360968648,0.2610447761496513
2010-10-08,0.0835642648639761,1.2178581319718615,1.6878260468040636,1.2023996714940444,1930.628284,0.3511032287054739,0.2879440912309121,0.4075218626219455
2010-10-09,0.0938,1.3144772811213856,1.8945668270793519,1.3113820279711723,3080.223441,0.41337609002635245,0.34761929112289697,0.47217484010686156
2010-10-10,0.0965,1.1831876028063661,1.0,1.1831876028063661,1435.266243,0.42527602439773293,0.35665117408518876,0.4869430052143978
2010-10-11,0.095,1.304647618593978,1.9188042819632398,1.3037624708914386,1048.044232,0.41281725587940993,0.3394309849879655,0.47884210529668975
2010-10-12,0.0949,1.0494546692471527,1.9167845654124245,1.0420750361464055,290.221348,0.41073524172580833,0.33562425884678093,0.47829293997028244
2010-10-13,0.105,1.3420443740900847,2.120783748601373,1.1447936049777494,1256.878872,0.4636326352897922,0.39272251597945834,0.528476190509226
2010-10-14,0.102,1.0717941845339582,2.0601899299868687,1.0618615011412729,643.075016,0.4452958401277828,0.3690881251436253,0.5146078431710922
2010-10-15,0.105,1.4050512080968558,2.120783745965345,1.3848987946236069,2379.956958,0.4548648626264182,0.3743272069560238,0.5284761904877182
2010-10-16,0.101,1.1198737564129726,2.039991987192348,1.0322735223456598,1017.2719940000001,0.4296125639081361,0.3433953168915608,0.5098019802122993
2010-10-17,0.102,1.0918227849823001,2.060189927212763,1.072829727974914,148.88421799999998,0.4334963085679109,0.34678225136297824,0.5146078431513886
2010-10-18,0.1024,1.0693335263440598,1.0,1.0693335263440598,345.66596599999997,0.4336641120748087,0.3454632915940871,0.5165039062921971
2010-10-19,0.097,0.99152531206235,1.0,0.99152531206235,-41.39513799999999,0.401042159015597,0.3070379270209618,0.4895876289104555
2010-10-20,0.099,1.088162322680678,1.0,1.088162322680678,357.85677100000004,0.41107713754466985,0.3170585600104179,0.4998989899425108
2010-10-21,0.107,1.3171339181813468,2.1611795596849124,1.316880509049598,2615.795416,0.44850138884000484,0.35454233320666856,0.5372897196416565
2010-10-22,0.103781247567961,1.013704419088187,1.0,1.013704419088187,70.99683699999999,0.43044918567152357,0.3326642383086308,0.522938862669541
2010-10-23,0.104995,1.1556554565287835,1.0,1.1556554565287835,411.061747,0.4352509691343078,0.33467756757461703,0.5284537359077571
2010-10-24,0.11501,1.2322192183727168,2.3229651618288183,1.2291900863332939,1868.157098,0.47966117300771793,0.38272374087131594,0.5695156942901414
2010-10-25,0.132,1.2597650876448876,1.0,1.2597650876448876,1598.580931,0.5426054289785921,0.4537506288506574,0.6249242424265767
2010-10-26,0.1503,1.300937487560544,1.0,1.300937487560544,2500.753025,0.5928633516920362,0.5090806354317284,0.6705921490373085
2010-10-27,0.1877,1.503753961101873,3.7911534044611432,1.4886106860860497,5713.556455000001,0.6654274729540932,0.5893399380517714,0.7362280234432986
2010-10-28,0.1731,1.6864935933466247,3.4962634988306562,1.6276779301693116,6470.335429000001,0.6271512356196041,0.5343701543023103,0.7139803581762402
2010-10-29,0.19,1.2476874810106489,3.8376086403605476,1.2384563746062167,1750.756511,0.6565692322483994,0.5677120589684815,0.7394210526435375
2010-10-30,0.1989,1.3104843214883162,1.0,1.3104843214883162,1694.260961,0.6681087551522326,0.5790782292705153,0.7510809452099808
2010-10-31,0.1925,1.3071159435780226,3.8881034134518284,1.3054950231388354,2422.658266,0.6529183757562901,0.5564667643468473,0.742805194816938
2010-11-01,0.194901785714286,1.151503720920814,3.9366146605226153,1.1043491282831905,836.729129,0.6549268873111189,0.5574895188101611,0.7459746209242615
2010-11-02,0.1938,1.268754191542856,1.0,1.268754191542856,1979.856234,0.6493877038124722,0.5476289264677494,0.7445304437636108
2010-11-03,0.1931,1.181427168169592,1.0,1.181427168169592,1054.624172,0.6455262771044016,0.5407425256479309,0.7436043500781284
2010-11-04,0.23,1.533662355098742,1.0,1.533662355098742,10812.964564,0.690333810969946,0.589671752570674,0.7847391304351587
2010-11-05,0.26039,1.556735958492991,5.259341708520975,1.4315908670221968,3331.710255,0.7219008196952188,0.6284305705789149,0.8098621298970425
2010-11-06,0.39,2.752842703454829,1.0,2.752842703454829,26229.861889,0.7974921615162006,0.7171994056045754,0.8730512820612423
2010-11-07,0.34,1.2176288692547983,6.867299535447385,1.216787256332728,3617.052823,0.7632102495904856,0.6668401504392012,0.8543823529525881
2010-11-08,0.243,1.0775149229933787,4.908099373863866,1.0773750783340779,7358.872762000001,0.659181963497638,0.5164034874563381,0.7962551440488659
2010-11-09,0.215686519668737,1.1153887264059434,4.35642347917513,1.0777626654115706,658.853191,0.6137980597161686,0.4511913068435677,0.7704538972942306
2010-11-10,0.232668329177057,1.031060900524859,1.0,1.031060900524859,244.241015,0.6403646866530215,0.48769998348165594,0.787207824239526
2010-11-11,0.2231,1.0493680668931742,4.506160371642093,1.043452250374851,214.600748,0.6232340729253453,0.46051119424265835,0.7780815777704883
2010-11-12,0.2682,1.1222118028202883,5.417087457079378,1.1178420102695534,595.302078,0.6848393495181867,0.5465148678730227,0.8153989560111893
2010-11-13,0.276,1.44408767630488,1.0,1.44408767630488,2172.1332260000004,0.6903449626367223,0.5525473665955133,0.8206159420369482
2010-11-14,0.27904,1.2538346744635758,5.636033287244519,1.1701967244919782,1878.889909,0.6903459420651819,0.5509895430079919,0.8225702408335583
2010-11-15,0.2682,1.9679717219279926,5.4170876294128,1.121623364561509,7767.617497,0.6700768849908124,0.5212031734644694,0.8153989560160503
2010-11-16,0.224119052,0.9941675426311313,4.5267431608203506,0.9901631183578613,-42.74626699999999,0.603949763212669,0.42411792821269767,0.7790906236806946
2010-11-17,0.232562394352193,1.0084843387983504,1.0,1.0084843387983504,77.33124599999996,0.6164991557751575,0.44118146169920486,0.7871108949736049
2010-11-18,0.2678,1.1794201479457602,1.0,1.1794201479457602,1045.238415,0.6643362161937033,0.5097072171890413,0.8151232263028407
2010-11-19,0.276929090909091,1.4400931961258376,5.5933970914966675,1.4364465270983737,2488.035401,0.6723788196292032,0.5196762581017654,0.821217771543332
2010-11-20,0.28301,1.2376469460232224,5.716218755113626,1.236648990353486,2642.86198,0.6765644715131215,0.5241871341827773,0.8250591851903418
2010-11-21,0.27675,1.04977283428403,5.58977984245607,1.0472662601770033,443.33710399999995,0.6679003028539042,0.5078472654037564,0.821102077690014
2010-11-22,0.284791867824497,1.1417278254427385,1.0,1.1417278254427385,784.341082,0.6755048971020913,0.5182003760687244,0.8261537438639217
2010-11-23,0.28295,1.141099554961895,5.715007243514967,1.076691069028305,1332.366907,0.6713698129448409,0.5111603254915646,0.8250220887107607
2010-11-24,0.282951447028169,1.176314856608898,5.715036487364602,1.0836334824383353,1332.6416789999998,0.6690955062299281,0.5070503523617773,0.825022983555566
2010-11-25,0.28,1.215931168952502,5.655423315752738,1.157620539121624,2230.572211,0.6626261063912379,0.495995918902478,0.8231785714299116
2010-11-26,0.2844,1.1446410234656,5.744294082003635,1.1428625080820591,2779.334712,0.6643913523085829,0.49613308924046223,0.8259142053458993
2010-11-27,0.283,1.1105278914109846,5.71601713120054,1.083507384642836,656.726215,0.6609667025515361,0.48971036792171346,0.825053003534886
2010-11-28,0.27,1.0416364006916337,1.0,1.0416364006916337,225.421787,0.6432910492094154,0.46223940826830456,0.8166296296443236
2010-11-29,0.2299,0.8906448558768759,1.0,0.8906448558768759,-920.3379049999999,0.580602819131767,0.36766185850866606,0.7846454980598508
2010-11-30,0.2082,0.9678223322884946,4.205211210032021,0.950332751494399,-355.783776,0.5361090027446049,0.30059688919510846,0.7621998078960373
2010-12-01,0.2275,0.9190149413697803,4.595031469236684,0.9132444163288409,-887.139455,0.5751575479477886,0.35931966212994776,0.782373626382483
2010-12-02,0.255,1.5216320213726795,5.150474809604242,1.4246421070206876,3920.286724,0.6165176711045847,0.42012488336455567,0.8058431372689328
2010-12-03,0.25105,1.0165340563447118,1.0,1.0165340563447118,107.69741600000003,0.6091846522771859,0.4083758391011923,0.8027882891996458
2010-12-04,0.205150841229936,0.8792113374651599,4.143624456840354,0.8694149516038424,-1499.068928,0.5220356094104601,0.27715154272752274,0.7586653815230977
2010-12-05,0.19952380952381,1.114511977858542,1.0,1.114511977858542,406.89390299999997,0.5068610529613298,0.2538163172119816,0.7518591885519503
2010-12-06,0.204,1.266912623359077,1.0,1.266912623359077,4076.748705,0.5122324066772301,0.2595442142875431,0.7573039215862578
2010-12-07,0.233080271333333,1.1887749772434901,4.707741434291991,1.1234508862164834,2692.6081430000004,0.5692606700785869,0.34534908350263355,0.787583909546765
2010-12-08,0.2388,1.0595854937943887,4.823268026661281,1.0579589979993558,341.503201,0.577849636284329,0.35678308519762186,0.7926716917989434
2010-12-09,0.2,0.9458325870431648,4.039588163986681,0.9373743825095873,-398.68322200000006,0.4952144787757295,0.23096203052133502,0.7524500000077234
2010-12-10,0.203990715728007,1.0953297157249597,4.120192359899557,1.060160487288556,329.32027700000003,0.5039976677257281,0.2439199253241785,0.7572928757057187
2010-12-11,0.227883815996026,1.0393609498711642,4.602787315693799,1.0393450215105466,436.52821599999993,0.5546094115334009,0.32002237410964235,0.7827401661645527
2010-12-12,0.219808333069307,1.0348548981348502,4.439675419107251,1.0305326929663012,135.97907500000002,0.5371760570830642,0.2928059647498509,0.7747583118959012
2010-12-13,0.2299,1.0918036450213642,4.643506630320376,1.0884316372428893,1681.506407,0.5551934436306605,0.3190025431233335,0.7846454980528077
2010-12-14,0.24669,1.0758390090094956,4.98262977176328,1.0756011615466572,385.83008,0.584137800253503,0.3546886253601751,0.7993027686571795
2010-12-15,0.239278625,1.29188765881122,4.832935433919074,1.2901358081773937,1753.5143899999998,0.5685911663034722,0.32422875282473235,0.7930864071252947
2010-12-16,0.24996,1.1017019212869408,5.048677034942436,1.1000650742212312,611.519945,0.5854893107879394,0.34564887998158467,0.8019283085293647
2010-12-17,0.24,1.0002395002290783,1.0,1.0002395002290783,-2.6619770000000074,0.5673294921912158,0.3098442223801231,0.7937083333357209
2010-12-18,0.241,1.07914177425309,4.867703494243588,1.0778973607351852,596.696509,0.5676880462569238,0.3047053260529359,0.7945643153666592
2010-12-19,0.2401,0.9899994334610043,1.0,0.9899994334610043,-138.620592,0.5651252395101978,0.2992034630740819,0.7937942524001721
2010-12-20,0.267,1.5082524016895782,5.392850105661102,1.1210200525076202,2927.340457,0.6057340577421603,0.36484571560961715,0.8142322097463074
2010-12-21,0.24,1.7625678392723299,4.847505709968997,1.0373131745939017,4984.6430629999995,0.5561088222494357,0.2873045508672443,0.7929166666698312
2010-12-22,0.25,1.0285899058164083,5.049484952534842,1.0270355256634842,183.517181,0.5727707697008275,0.31309095125647796,0.800880000003938
2010-12-23,0.25,1.1693186279464443,5.03374101651665,1.1684797583805018,391.34489299999996,0.5716162567202728,0.31010588525295013,0.8005200000092101
2010-12-24,0.248,1.0074818448287781,1.0,1.0074818448287781,21.752214000000002,0.567296738179203,0.30205249445570465,0.7989918424136471
2010-12-25,0.2499,1.1176327318840193,5.047465343914557,1.0815043040483874,703.256478,0.5690558561135901,0.30312935048656225,0.8003264769660224
2010-12-26,0.2642,1.1475601091349352,5.336295851813367,1.109097573100021,570.627471,0.5910846302752909,0.33316000552966185,0.8108251324753982
2010-12-27,0.265,1.038519517739126,5.35245416914389,1.0254453592344968,571.331432,0.5909017096615237,0.3314669230452337,0.811358490566178
2010-12-28,0.280577623255814,1.1310865295886916,1.0,1.1310865295886916,941.171699,0.6119068308399476,0.36331836465231065,0.8217605544711946
2010-12-29,0.299743226313457,1.286780330289022,4.428919474733931,1.2857768081770216,6087.419826,0.6316153039840385,0.3926884585556742,0.8330571115346991
2010-12-30,0.3,1.1137055607496895,5.9405940594059405,1.1137042890087379,1089.746889,0.630140144960498,0.38868504282997723,0.8331333333411501
2010-12-31,0.3,1.057709792501904,1.0,1.057709792501904,496.59636000000006,0.6287999507220396,0.38581457885410886,0.833
2011-01-01,0.3,1.0519284621207747,6.059382732126578,1.0505902356503236,298.499041,0.627469872361013,0.3820377958239543,0.8328666666688526
2011-01-02,0.29997,1.2522648325617034,5.5610426301493625,1.2072060515598588,1775.091905,0.6251952529803655,0.37722320198840475,0.8327166050025662
2011-01-03,0.295,1.1302246717476878,4.990701900145777,1.1237225655263359,1042.3252479999999,0.6172212065434659,0.3626701535893488,0.8298305084844192
2011-01-04,0.29895,1.0761005214682866,4.892798854304426,1.0729772827329562,286.20757999999995,0.621222389528332,0.36807699074929695,0.8319785917427132
2011-01-05,0.298951384199865,1.0995971672022502,5.710780229394896,1.0754961394085945,613.232153,0.6198727814313103,0.3649495622226033,0.8319124692010053
2011-01-06,0.298,1.0795168857423212,6.018986225516359,1.0178295276229155,478.634722,0.6174827627397128,0.3599544987050947,0.8313087248376572
2011-01-07,0.32,1.1666275946705609,6.463340938551728,1.1421611229130288,1184.652321,0.6420143139910561,0.3993141342923371,0.8427812500007865
2011-01-08,0.3229,1.1366468774060028,6.521914934667221,1.097263125238317,1444.666205,0.6432731407258739,0.4007774267911216,0.8441313100034303
2011-01-09,0.323,1.115362791876081,6.358128834656736,1.103434581551281,777.1142530000001,0.6418815742709579,0.39780471606204193,0.8441486068162497
2011-01-10,0.32659,1.4958875598780674,5.695499257471549,1.4951024796793277,5177.3288139999995,0.6416836345087802,0.3953987928125274,0.8458005450324487
2011-01-11,0.32659,1.5812793039724764,6.5964453748749685,1.1810667807125943,9287.617130999999,0.635036719027374,0.3833864886176999,0.845433111854979
2011-01-12,0.3188,1.0404729117641751,5.924406946051225,1.0363794216744033,384.486018,0.6248592406565066,0.3649057256624744,0.8414366373918957
2011-01-13,0.3176,1.219909631764602,5.466133876465089,1.216019507691958,4962.372015,0.6192484122807466,0.3528837005570536,0.8407115869044577
2011-01-14,0.4,1.2956276814337544,7.9059579234635144,1.246744755084619,5447.515285,0.6938171179265028,0.4776594523510938,0.8733750000013344
2011-01-15,0.38603004,1.1127125813928784,1.0,1.1127125813928784,1320.268475,0.6810288244762652,0.4533565049751306,0.868611261451437
2011-01-16,0.38679,1.3632143671699957,6.024937249358856,1.1544245418480878,4265.188507,0.6783632716413202,0.44770699180826123,0.8688177046978229
2011-01-17,0.3495,1.1960241710959414,6.739623005351204,1.191193218007662,2314.315928,0.641639150312399,0.38317174733004494,0.8547067239007639
2011-01-18,0.31299,1.0096511035035283,6.32175318117552,1.0091247427660164,238.119595,0.5988535288188946,0.30885680404475196,0.8376944950317896
2011-01-19,0.31299,1.3731714615641928,5.950143798679895,1.2062035427301896,4266.571485,0.5952476888448633,0.30227650254044497,0.8375347455285942
2011-01-20,0.39,1.2141530499582411,1.0,1.2141530499582411,2938.237772,0.6725113501254577,0.43451734268923864,0.8695641025691556
2011-01-21,0.419906954,1.201883445062808,1.0,1.201883445062808,3162.948384,0.6932276493726358,0.46926028958477417,0.8788064843569061
2011-01-22,0.4441316665,1.2366181932531366,7.621788130783247,1.2338941043642209,4235.483019,0.7069983222463796,0.4914317471479781,0.8853493145427966
2011-01-23,0.4424,1.4270833392478517,8.794339053540122,1.4159763791299331,8173.244358,0.7011549588950291,0.4790290664373338,0.8848327305605787
2011-01-24,0.4199,1.2048664453879294,6.267164038794835,1.1697955358794079,3989.208989,0.6820878994937237,0.44492083489680745,0.8786377709014975
2011-01-25,0.41,1.133947861315727,1.0,1.133947861315727,1752.853611,0.6725901383200568,0.42728554140201486,0.8756341463475927
2011-01-26,0.415371670182556,1.482220923635461,7.366327225130235,1.2369786971643364,6460.782397999999,0.6726945617493237,0.4271402459137865,0.8772183958102259
2011-01-27,0.4212,1.2414351497315086,7.052490832078852,1.2406799269080728,82674.786559,0.6387695222241283,0.350698233268508,0.8788698955365623
2011-01-28,0.446,1.2551884638399589,8.731402580858264,1.0662526661184395,3308.1763800000003,0.6564945428325288,0.38275370021862043,0.8855605381209769
2011-01-29,0.439,1.3991022372269373,8.782556512995237,1.1622960337034196,6616.268788,0.647152704156729,0.3666132119252354,0.8836674259721736
2011-01-30,0.4799,1.1846283092007803,9.692991314885882,1.1830738395552765,2548.0511770000003,0.6752227230810497,0.41603018156324134,0.8935194832293217
2011-01-31,0.529593782666667,1.4199055924722894,7.565625428571429,1.4192601185888705,14006.052856,0.6999027939439387,0.45777066654719534,0.9034920694470324
2011-02-01,0.7045622449,1.576891374378599,13.059447781440014,1.5612026012266336,23105.711681,0.7671489454913231,0.5766892538773953,0.927444309758363
2011-02-02,0.716,1.6606383034730223,11.863554809738023,1.644146636645652,27310.629631,0.7625018539690667,0.565286555867275,0.9285893854766363
2011-02-03,0.6931457296,1.1359272346661737,10.043481295133295,1.132489084900648,4865.737578,0.7522053578478607,0.5455882396045819,0.9262059941883681
2011-02-04,0.811,1.3619152051628691,14.649097413347373,1.3237120199167962,9800.178923,0.7845434085595187,0.6038499271150408,0.9369173859448549
2011-02-05,0.913027023146792,1.407517310710419,11.748991030339974,1.4005220940497836,16287.741393,0.8039080124823459,0.6381184179025317,0.943955656624028
2011-02-06,0.898334644609561,1.60199838705571,16.62166754246383,1.5962002827598443,21078.546926000003,0.794958259671869,0.6198994434341416,0.9430279124744015
2011-02-07,0.89,1.4177969430377269,16.878986178405697,1.399638912143639,39156.048698,0.7832918021228029,0.5956353282173091,0.9424719101147252
2011-02-08,0.918,1.1016358733949179,18.06062136903258,1.1015122457739686,4976.995017,0.7876494771641007,0.6030098752853811,0.9442047930298584
2011-02-09,1.09,1.5048900405026073,19.648498456915522,1.4916499577401958,32986.906117,0.8140814421286225,0.6504238596695532,0.9530000000006897
2011-02-10,0.98031,1.1364594327523383,16.532372425447956,1.107410354485965,11112.119281,0.7897675266613678,0.60398891051638,0.9477308198434358
2011-02-11,1.07000629115342,1.3041943072841529,19.708858439794845,1.1781835747041352,22423.287453999998,0.8022147231247517,0.6269524412934337,0.9521030853530195
2011-02-12,1.07958852459016,1.1359824203732443,18.0565085740949,1.1120248346704276,6985.811007,0.801284251566893,0.62426084991364,0.9525096841693468
2011-02-13,1.05,1.168008174595978,19.549181188542327,1.1437421903538345,7188.586389,0.7929493864584933,0.6081668536429772,0.9511523809556244
2011-02-14,1.0740018575,1.6862405660410067,21.16778791364733,1.1305101841028413,32315.017184999997,0.7905960111979332,0.6054858085723273,0.9522254085141371
2011-02-15,1.05,1.0569379741743408,18.895761162503696,1.0291168456781132,3102.7222709999996,0.7835894240509305,0.5924029512184263,0.951123809525427
2011-02-16,1.02443582,1.055684292893721,16.78313767048496,1.025184740398117,2221.679308,0.7761230662305724,0.57797609931282,0.9498846106357757
2011-02-17,1.04,1.0540778508888398,19.81324982831854,1.0463559644440403,2162.3004610000003,0.7774365635303209,0.58008961503948,0.9506153846184615
2011-02-18,0.8989,1.0918259411863882,15.667478204847615,1.0530701803542104,4206.267258,0.7402061855772138,0.5093544720146583,0.9428412504173564
2011-02-19,0.94898,1.1003296629615322,16.785179414634722,1.0522389381039416,3167.3204379999997,0.7522238380309544,0.5319230227748615,0.9458471200683235
2011-02-20,0.863684676705049,1.0548952848571966,13.878431102155515,1.0531939166513793,2837.8635489999997,0.7258385454100258,0.48006195126917395,0.9404528048427485
2011-02-21,0.8345,1.0164877401403567,13.879564887474716,0.9862760544915904,656.9834900000003,0.7148382120076107,0.45847953650823403,0.9383343319366425
2011-02-22,0.87023,1.0925419505523593,16.922964924509788,1.0868358185962925,4150.070404,0.7242948343320481,0.4761215592891463,0.9408432253555115
2011-02-23,0.9,1.0371471014461022,17.857525759988224,1.0212845561311408,1811.63613,0.731410774173874,0.4895884604788244,0.9427777777797098
2011-02-24,0.99189348733234,1.1085926824814054,19.750607528627473,1.0779934245402054,7526.180892,0.753496831627793,0.531414248769015,0.9480589391325486
2011-02-25,0.911130113234253,1.0026890439035123,16.601317166365227,0.9793550340125218,-97.56200400000012,0.7301336800874815,0.48617059629132003,0.9434109363195206
2011-02-26,0.958,1.2930833625336215,17.97005052482648,1.0742917068031141,15919.798127,0.7385044803031608,0.503952243434356,0.9461795407112704
2011-02-27,0.89,1.1586480530001504,16.875882853396117,1.1456109433074275,13587.872259,0.7141106737472948,0.45782881615860693,0.9420561797770415
2011-02-28,0.862066387445658,1.169172030465175,15.56737277514009,1.1659326535344732,11113.352274,0.7015903122994721,0.43336886256022084,0.940167021066533
2011-03-01,0.920212695238095,1.5772097906239506,14.851139300116168,1.5680012571045812,171425.263353,0.6860424518706435,0.39696132855777394,0.9439477413597616
2011-03-02,0.9399,1.0305189479417305,18.545824994731554,1.0267368875553506,7156.58358,0.6902112857439333,0.40190459633185277,0.9450473454658755
2011-03-03,0.93909,1.0270434229754977,16.43070999059393,1.0253214055380633,2765.25759,0.688268656396379,0.39713650140116485,0.9449680009374315
2011-03-04,0.9011152,1.0059224677437333,15.288726502454379,1.0028801178011348,1224.622088,0.6735532381870151,0.36911769669284744,0.942637744875581
2011-03-05,0.9103,1.0851529169374026,17.092714416454744,1.0137453698922199,4958.8959350000005,0.6742128598559257,0.37184050303453875,0.9432165220263174
2011-03-06,0.890922680958859,0.9958189465119158,17.982867778676713,0.9937072155099664,-425.42477199999996,0.665590025531305,0.3530177262057351,0.9419141513579458
2011-03-07,0.88502,0.9915714808731926,15.933534870633936,0.9908361111031113,-999.2756729999999,0.6623111890799687,0.3474743776146322,0.9415267451606176
2011-03-08,0.86999,1.0424601241537164,15.975706709009799,1.039731237122904,3225.561231,0.6547293062015909,0.33182625709389363,0.9404820745085425
2011-03-09,0.861898156979632,0.9928871293185164,13.613431498240638,0.9909638092436313,-475.08637500000003,0.6506629668771415,0.3234002997459955,0.939900091931626
2011-03-10,0.9329,1.0198609896374633,16.111009098887017,1.0173958399239555,3964.531217,0.6758735381416244,0.3712444232609376,0.9444527816507953
2011-03-11,0.88,1.0151550233142486,17.122027682285125,0.9959989083091713,-47.36237600000004,0.6556164550205165,0.3321212478313353,0.9410909090942773
2011-03-12,0.918,1.1989797553163477,18.541709494566827,1.198158098466585,12764.273296,0.6665894235865564,0.35282376997769715,0.9434858387807341
2011-03-13,0.89249,1.0402850057806363,15.520192633405976,1.0383787598002492,5021.464402,0.655387473749063,0.32707339927278245,0.9415455635363725
2011-03-14,0.8949,1.1001283147525882,14.45718901453958,1.100127993579456,12890.788363,0.653129106095356,0.32106305820983433,0.9415800648153027
2011-03-15,0.8714621152,1.0859256550509242,17.045610749069425,1.0693694130598195,4973.253339000001,0.6421620213726693,0.2996996365670525,0.9399629667345965
2011-03-16,0.859995762835686,1.2207162867075643,16.998815711199708,1.0919191382348465,14034.264307000001,0.6337649685187102,0.2835788145402884,0.938988071493291
2011-03-17,0.82542,1.0563101998482212,16.06339393538553,1.0395756762884403,4279.3836089999995,0.6167441770006675,0.25062819515269086,0.9363596714411581
2011-03-18,0.81585387602459,0.986194362335533,13.34313308205381,0.9852135490387355,-1099.468502,0.61184286320013,0.24085943254897513,0.9355276704024157
2011-03-19,0.765,0.9980284939598931,15.428750564343295,0.9926972511437091,-201.89892399999985,0.5854971850639881,0.18879255339543044,0.9311241830084164
2011-03-20,0.746251737576952,0.985101550558319,1.0,0.985101550558319,-779.877813,0.5745734496385131,0.16722573699075532,0.9292999971170709
2011-03-21,0.75897,1.0388093253155288,15.216679204281297,1.025980307850842,2316.676346,0.5804181960756231,0.1790877719970696,0.93041885713861
2011-03-22,0.80901,0.9955941698276898,15.176972948327492,0.989276615104275,-387.47575900000015,0.6058674223577071,0.22611333762010943,0.9344260268757563
2011-03-23,0.84971,1.0852918501689859,15.940141594530594,1.0749224464457636,6380.862256,0.6225795589497181,0.2579627741712399,0.9374374786726042
2011-03-24,0.86688,1.1792255501123685,10.289637031932111,1.0225385999195005,14990.511786,0.6261803847857403,0.2683631562538151,0.9387919896643748
2011-03-25,0.88377,1.0310832729349517,17.805103759947364,1.023019378058584,1685.621853,0.6320389700031498,0.27862653719396924,0.9397693970166104
2011-03-26,0.8552,1.1250180841693262,9.226569211734194,1.0759442853857737,11657.436431,0.6166356709057856,0.2479987772140094,0.9376637043990821
2011-03-27,0.823076575486161,1.041194416090964,11.884583148493967,0.9756539847300267,2246.2488630000003,0.6004521557299518,0.217563902212695,0.9351943651587693
2011-03-28,0.79898,0.9982529232331069,15.906923652831052,0.9723706560519679,-125.236494,0.587572401736963,0.19248836105756206,0.9331022053132494
2011-03-29,0.7925,0.986156159182112,13.601222470799122,0.9746946949182246,-539.07816,0.5834959521983386,0.1835656614615939,0.9322649842284982
2011-03-30,0.7897,0.9872632768122799,14.798086567174478,0.9784975431648706,-706.6459359999999,0.5813895119054746,0.1743089130595971,0.930961124480852
2011-03-31,0.78461,0.9861628151083394,15.8378495572244,0.9810620147070106,-708.013259,0.5778264402836516,0.16627287031303595,0.9299014797184397
2011-04-01,0.77411,1.004599787297762,15.635427902052081,0.9953030095697467,136.69648299999994,0.5711633898159195,0.15349680888755993,0.9287310588965165
2011-04-02,0.78199,0.9632764792115521,1.0,0.9632764792115521,-1849.845978,0.5748810684516447,0.16145677740582584,0.9292318316106586
2011-04-03,0.779,0.994535014873469,13.293626659488305,0.9859112725230957,-161.29503999999997,0.5724262256146291,0.1571034705331,0.9287419768946326
2011-04-04,0.68,1.0865588674803515,10.110221830151982,0.9171608490442996,4147.686997000001,0.5080442855300205,0.03491891925647027,0.9180882352966125
2011-04-05,0.71,1.0885352030555122,13.643438837777364,1.058907005477728,3825.8612149999994,0.5276833290103364,0.07318350511856987,0.9213239436623225
2011-04-06,0.74,1.004342498023471,12.024935325493159,0.9741353529931085,194.24726699999997,0.5462294019961546,0.10839515815570698,0.9238783783797997
2011-04-07,0.7538,1.0102884733511248,15.012090981133541,0.9942595426642683,392.18685700000003,0.55362194660745,0.12369764899266733,0.925086229769292
2011-04-08,0.749978098360656,1.008606090010248,12.750236533808257,0.998281924874036,548.3075499999998,0.550327840008713,0.11725499399712537,0.9241444515203088
2011-04-09,0.73334685,0.9905651697717996,8.657897805686817,0.9871019668633898,-539.065102,0.5393431397027391,0.09522794910642927,0.9215105376156191
2011-04-10,0.7369,0.971510428626103,8.988549101186907,0.9695228501275304,-906.6183360000001,0.5409468968733656,0.09902676819247108,0.9211290541490763
2011-04-11,0.77,1.028356168754083,14.548902141543223,1.0213808835977962,1139.461754,0.5597129776760412,0.13648722336870445,0.9241948051955704
2011-04-12,0.86,1.0913730415093141,16.965713860052503,1.0670870585560093,6466.330405999999,0.6037348201455572,0.2123311998233238,0.9279186046531662
2011-04-13,0.9225,1.1040805738210155,12.008819436431416,1.083290791144063,6918.486731,0.6280696772397417,0.2609258674906896,0.9324227642295131
2011-04-14,0.9975,1.1618313367979531,18.79683819398784,1.1438948703125966,13674.778029,0.6535548089678306,0.30981967500731783,0.9371829573964323
2011-04-15,0.9899095,1.1805214942302873,18.6867053622877,1.0966511905216891,11771.554688,0.6477759432866513,0.2997553432856893,0.9364083282380914
2011-04-16,1.0499,1.1366329984983643,9.996975947309387,1.0569717541330028,17174.868017999997,0.6643591880837615,0.3344954018589352,0.9400323840368943
2011-04-17,1.13344696008952,1.1037398372173393,19.686736753418923,1.1026566432413853,18296.893949,0.6866680879101018,0.37574191753860114,0.9441967712429024
2011-04-18,1.16199,1.2899184983775875,16.9131555005135,1.258280078213718,25693.067329,0.6894956869660821,0.38168423628566184,0.9452663103837137
2011-04-19,1.19759279682067,1.0414744919853063,23.552246157224214,1.0387766480447778,25487.318557,0.6943441299998941,0.3908609949556211,0.9466763659825665
2011-04-20,1.1421,1.0169070689616408,10.683245458780886,0.9997408673070035,3172.3047239999996,0.6771129314713307,0.3583966857739501,0.9437177129872334
2011-04-21,1.21,1.1242016238595873,20.054960824268864,1.124083226232271,13872.553345,0.6928379635299646,0.38851026957213336,0.9467024793411972
2011-04-22,1.40901,1.310823914180458,24.94018280332355,1.2954697574343372,42226.531185,0.7314604500137353,0.46181753862273506,0.9539321935266745
2011-04-23,1.69331223521077,1.4622319629286082,21.27318593696294,1.3811309839034351,65456.636144000004,0.7703166621759894,0.5367196586446242,0.9614365273917211
2011-04-24,1.63075833005894,1.3396133441560225,22.552222096519067,1.3172078830132623,31090.070564999998,0.7568015299914866,0.5104986608379359,0.9598898262277766
2011-04-25,1.559,1.1231637759131368,28.047694705616568,1.03892151722462,10897.589371,0.7430387396555265,0.48391539822527824,0.9577998717128358
2011-04-26,1.79480592194128,1.2153815053310402,19.783724187507858,1.1460436958767903,24748.980944,0.774143485356718,0.5449950848316414,0.9631937920471523
2011-04-27,1.9,1.26574625009193,31.22361543917072,1.2068365959973033,36055.110568,0.7822897819220868,0.5614905181142916,0.9650210526329489
2011-04-28,2.21059,1.3960136918649946,27.347518712260356,1.310855887170008,61049.270736,0.8072258082637687,0.611666787630612,0.9698044413491329
2011-04-29,2.88,3.3469349866874696,52.92845548719968,3.292975056499638,755799.136798,0.8170777328207429,0.6056289876371365,0.9766701388898585
2011-04-30,3.50272007323498,1.550589206619873,58.97813121038569,1.5275999611915512,392794.34507599997,0.8231797785360833,0.6284656497512381,0.9798071217450552
2011-05-01,3.03311,1.2181195095623303,43.480124883193255,1.1569357118104047,53770.042262,0.7908701752267483,0.5631427272080788,0.9766279495312511
2011-05-02,3.2,1.223264199781514,54.06752526457045,1.103815080451725,40567.339248000004,0.7984616063173338,0.5799049293931646,0.9777843750005933
2011-05-03,3.40251328891218,1.4251840041093442,37.70068808273766,1.309755406173978,104892.017788,0.804445904645076,0.5922453565266275,0.9790419628249102
2011-05-04,3.40609,1.892788701770031,30.77915237864558,1.7932147876491593,274516.955075,0.790120861275278,0.5603554598911514,0.9788408409646525
2011-05-05,3.333,1.2040577983754397,58.966213096136464,1.162311383824415,38987.298772999995,0.7819871149930372,0.5442963246182422,0.9783258325833344
2011-05-06,3.45059943977591,1.552269883621256,27.74732728216527,1.5295956349951423,154259.57633100002,0.7805915545555897,0.5415808320847254,0.9790210364134362
2011-05-07,3.641,1.1420328255516317,70.26994692776246,1.0982250288506696,43997.834415,0.7890669799360447,0.559406785634996,0.9800796484486276
2011-05-08,3.8658347826087,1.070720432644355,37.986423596422966,1.0639123992093165,119005.287386,0.7986718114161013,0.571818719003418,0.9812045769969249
2011-05-09,3.8,1.1865266116165456,41.66865921952149,1.1180084773528816,52423.324952,0.791260807344588,0.5576556297381435,0.9808657894738737
2011-05-10,5.79279447986793,1.2803774836313921,107.01953254053605,1.2601449472772415,623847.79966,0.8522990786812732,0.6704428434033864,0.9874205790917259
2011-05-11,5.5,1.4485344126409347,47.33751282014979,1.327121207416983,222026.226541,0.8354795263505135,0.6374199255986231,0.9867327272728289
2011-05-12,6.30019,1.7304344278965849,34.02989657844115,1.2119200663056728,400825.46052,0.8465635922708626,0.6640997894265419,0.9886511359185457
2011-05-13,8.194,1.4578495651699648,155.7929240036729,1.3974740948874809,1021755.973013,0.8635676141425469,0.6981999392677299,0.9912533561145825
2011-05-14,7.06292404177815,1.0185766236133835,86.52009967253436,1.0003445168847789,46608.43163299997,0.8256984767180102,0.6456887545039843,0.9898526446588082
2011-05-15,6.98701,1.5798559656629152,83.92511333768412,1.562849890433146,397393.753913,0.8142846304392095,0.6187052004447327,0.9896293264215529
2011-05-16,7.978511937,1.6554276528030039,124.7920036472903,1.2870181409756443,631315.574784,0.8239578957718321,0.6416907494870255,0.9908842650642513
2011-05-17,7.22605407429376,1.1823172097647086,113.7392255720633,1.1629708113462967,162016.477465,0.7986728553732565,0.5928799274362473,0.9898326252139531
2011-05-18,6.88,1.126108728152023,65.69391653419304,1.083480709409407,85626.660731,0.783871396688051,0.5659189188966366,0.989311046511734
2011-05-19,6.8062426171875,1.1926783108350647,67.48206322911119,1.081526798221266,118763.818194,0.7772994676794133,0.555048026691563,0.9891908055388172
2011-05-20,5.59039,1.1818098112496576,39.653798843799166,1.1105427309703704,85938.00516100001,0.7231508139400133,0.452459539282481,0.9868488602763069
2011-05-21,6.11973305231837,0.9380919883442083,116.92468759614816,0.9278517009423858,-162287.30637900002,0.7597691022416241,0.5070882783296162,0.987966795386408
2011-05-22,6.6901,1.09828127563047,123.4001589066763,1.092951686975422,223042.261742,0.7725796869846364,0.534765950922917,0.9889000164422745
2011-05-23,7.14998017225748,1.092809846507559,59.855168872195335,1.0757782615271283,135457.150328,0.7815623730204935,0.551728096927279,0.9893664040784322
2011-05-24,7.42,1.2681328397388227,53.13457779698304,1.1038136767912803,129055.897607,0.7851987093775487,0.5605377489947384,0.9897466307279963
2011-05-25,8.3997,1.2864281661645591,61.63528777963614,1.1564018892646657,146703.106385,0.8063453379542163,0.6034937645132326,0.9909282474375972
2011-05-26,8.79127529478619,1.2656723351074122,83.81261469785505,1.2106588518602004,184823.526785,0.8097729845391467,0.6106805341382794,0.9912652035769965
2011-05-27,8.5002,1.2167539453589822,155.7864008172708,1.206024634169341,563965.530899,0.7892447710518439,0.5746813246349288,0.9909496247149256
2011-05-28,8.3001,1.1112080757624845,135.2294301513801,1.0511308772806383,46104.301658,0.7822106808247298,0.560848117115573,0.9906892688041052
2011-05-29,8.40594166666667,1.1207980899932894,128.34759620984613,1.0933151697647225,59857.84408,0.7828617308488017,0.562377228118667,0.9907898480540981
2011-05-30,8.8,1.3727031494569981,61.61686454497503,1.211222282774279,159996.626496,0.7888634327542068,0.5756616318920916,0.9912125000002785
2011-05-31,8.741,1.2148722727983579,93.00158543014105,1.181543515987843,158150.794361,0.7834119628328018,0.5638877512395417,0.9910410708158767
2011-06-01,9.57,1.2222190177379249,127.87040444872831,1.174321670407651,154479.762217,0.7988776305637153,0.5947653009197542,0.9917931034484833
2011-06-02,10.6000115325316,1.4690594200383382,146.49214012223223,1.2410967096201893,405703.911919,0.8116648791359291,0.6220006326869539,0.9925669892191401
2011-06-03,14.29,1.7696724584233996,260.8067575009573,1.4170034638391686,1231182.932594,0.8469131225241479,0.6939210551893,0.994457662701298
2011-06-04,18.8058578567463,1.5605395157815085,230.49559669695503,1.4889167548426798,789991.21355,0.8770871948611207,0.7519419271220902,0.9957747208021894
2011-06-05,16.6081392305679,1.3696789600075603,234.83031483763537,1.1675836132135202,827499.843658,0.8505540589451629,0.703719017782005,0.9951987396726002
2011-06-06,18.452507761194,2.2487200827887612,295.783578843726,2.2074935892534246,3295277.6666039997,0.8348362022583844,0.6763026872581829,0.9956488299022666
2011-06-07,23.8884234590783,1.3746661816054664,318.4618091657333,1.3075926295276235,925765.0675949999,0.8671409872799616,0.7366390506886392,0.996631841354643
2011-06-08,29.6,2.1360509911125405,186.64756215828467,1.6908520787488197,4447113.573098999,0.8699104656303036,0.744169522062645,0.9973266891892953
2011-06-09,28.9252394860738,1.5120304827044304,213.77576288566294,1.3835557425766123,2445030.4196670004,0.8513627662782889,0.7114818022621815,0.9972463495060911
2011-06-10,23.9497,1.2656643689330276,335.27147951118,1.2033363159800274,1880174.0574129997,0.8045059622280389,0.628176506574812,0.996667599176742
2011-06-11,14.6511040891433,0.9158275910340449,249.82378332657976,0.7973034288985367,-421528.2740199999,0.676764882866565,0.40443139545337864,0.994505533541557
2011-06-12,18.5464426395939,1.3452654200252334,271.1290270589339,1.3255637166627807,3457639.399588,0.7169652679858094,0.47381576810594006,0.9956056262872868
2011-06-13,19.8356764077286,1.2075616950044934,382.0567280770349,1.0815034786527276,1072780.46281,0.7268129502568333,0.4951939817567923,0.9958645221715327
2011-06-14,19.3535645901639,1.5783771096168848,384.60914749215476,1.2544748640996795,2517882.281554,0.6964474744612985,0.4544275845996565,0.9956969167302624
2011-06-15,19.49,1.2363449499708883,77.79849339203041,1.0699453353150825,2302622.5520369997,0.6789406660191304,0.4359526744319678,0.9959604925604484
2011-06-16,17.003079544153,1.1403767123241852,274.1687467268935,1.0029038338294172,391943.36305200006,0.6227353254592707,0.35322236241651894,0.9953402558757959
2011-06-17,15.7098236151603,1.052644192134957,118.48414135491498,1.0347635329824272,395387.741288,0.5918920214565722,0.2926297851918093,0.9949235585356445
2011-06-18,16.89,1.0422689949815225,153.08685870447314,1.0362159690761956,259148.447671,0.616536062659442,0.3336099106276813,0.9951308466548471
2011-06-19,17.51,1.0234232390132785,140.8686770779181,1.012199538934518,595275.7817449998,0.64869458506746,0.34922893417745615,0.9952941176470778
2011-06-20,17.51,1.038542615003011,153.36161789585654,1.0187889148556963,208279.01585899998,0.6475224465069931,0.343191386576345,0.9951947458595914
2011-06-21,17.51,1.0924865627468203,179.63669606322105,1.086844328163682,395044.070887,0.6430402133628147,0.33190231324524105,0.9950605368361989
2011-06-22,17.51,1.0085597826704804,83.69076968692494,1.0063076457316988,36249.433566,0.6386277285456674,0.3284294955982485,0.9950137064534701
2011-06-23,17.51,1.0080349337171137,302.93228203151574,1.0060293628925356,86723.314409,0.6313497980404553,0.32539688510785647,0.9949902912622466
2011-06-24,17.51,1.0431426362261222,294.3533034650725,1.0272389533583415,186334.111302,0.6288833873859135,0.32080556412139577,0.9949354654485082
2011-06-25,17.51,1.013088601920232,197.79755751982333,1.0101478985684427,69834.864068,0.6274769085119577,0.31833257990139513,0.9948994860081588
2011-06-26,16.4500068752379,1.0470660382664836,268.85446048986654,0.9857767449245186,222183.96023300002,0.5998046849123113,0.27363151810974007,0.9945300934716074
2011-06-27,16.7500816666667,1.0489642381495428,60.215617780171215,1.0098593524221362,630858.568738,0.5997335061721034,0.28111830512272157,0.9947236078154493
2011-06-28,16.9498,1.0529687952831344,228.86153054424383,1.0376577788324097,483797.237303,0.5995078278194451,0.2826990548370132,0.994769849791827
2011-06-29,16.847525,1.055546755664254,131.8854463291884,1.033258557521391,229101.445032,0.5941599234428709,0.2748530854499272,0.9947280090103366
2011-06-30,16.1011481185207,1.0328626337974398,84.20849086508905,1.0305897110555673,260200.98205700004,0.5708981085664722,0.2349840423078734,0.994422757971303
2011-07-01,15.3749759949282,0.9795846083389125,137.71052444042886,0.973004814154535,-148309.970124,0.5508588468383521,0.20100773615194348,0.9941437306940193
2011-07-02,15.4,0.9838007004374257,94.96006586555067,0.9826009743164801,-90992.472874,0.5517015202385264,0.2031512343642271,0.9941402597402825
2011-07-03,15.4404952570093,1.010425000169337,218.89858332196485,1.0042045665408175,44189.57505500001,0.5518413238370884,0.2035477759217813,0.9941206549084773
2011-07-04,13.8302737427605,0.9534817615477857,206.7935919937002,0.9494753620709864,-222258.479301,0.4998508589740972,0.11447238889169918,0.9934101087446053
2011-07-05,12.90691,1.0255641837723337,258.00250234364194,0.9866236809878925,67238.38502400002,0.46288073641784283,0.05037143366726597,0.9928627378667844
2011-07-06,14.7855160285789,1.01523590982118,188.05607330684452,1.0105085870709647,72798.002377,0.530266729292097,0.1673151180766105,0.9935998175636915
2011-07-07,14.7761884469013,1.0136407292197422,63.47389647290277,0.9976846436987665,44934.508625,0.5294460218211384,0.16595829722857783,0.9935687068192104
2011-07-08,14.3144202387072,0.9744886101185838,233.77054504415096,0.9592059556877917,-45201.819403,0.5142509419235534,0.13781664877873212,0.9932089460574485
2011-07-09,14.38,0.9919113476986814,167.22768893063432,0.990366114371054,-26776.707853000004,0.516153520018959,0.14095275727020493,0.9931488178027449
2011-07-10,14.8881160955087,1.116377137195868,163.27005551418662,1.0158155142336454,246294.133646,0.529957472815239,0.1682814678030574,0.9933336092113297
2011-07-11,14.2062339903939,1.0028730201262057,197.40397310009243,0.9742920069424738,6704.3166280000005,0.5063210453389554,0.1283362754914789,0.9929369036110703
2011-07-12,14.00943,1.00118891936287,52.03505396937783,0.995647191509151,5082.169849999998,0.4988179404994308,0.11497811569933757,0.9927298969338082
2011-07-13,13.9509996612,1.006853147566435,83.74918496154879,1.006549834498592,25785.059717999997,0.4957268879006927,0.10984894808717821,0.9926313524123241
2011-07-14,13.9955125639,1.0061809521510072,153.9565316835863,0.9974443199538476,15015.349470999998,0.4967959396912167,0.11171554358727247,0.9925554709396149
2011-07-15,13.81,1.003008126370601,58.96699796970072,0.9887087970992322,4653.4929120000015,0.4892412556239746,0.09758900945762491,0.9922208544535305
2011-07-16,13.7190213110308,0.9920480299791355,178.30845748363998,0.9895624030677042,-19227.331342000005,0.48561318587796926,0.09052487098663005,0.9920140075947136
2011-07-17,13.15937,0.9929856355351265,78.05623723610171,0.9833749024626056,-13841.609803000014,0.46303353714137574,0.05051410785359662,0.9914707163035483
2011-07-18,13.4609364513248,0.8530641142596291,95.64262193663582,0.8496179888813539,-1640199.278306,0.49026872404704624,0.10239214990401613,0.9915793377074508
2011-07-19,13.8601772482292,1.0323748299518813,29.66105612026956,1.0184628294625084,96657.713975,0.5032162620893528,0.1252568032816905,0.9916530648975432
2011-07-20,13.7171877179273,0.875575108214867,40.496221915417,0.8715007070430851,-519187.049396,0.4969966443424541,0.12443745241751746,0.9914209820249136
2011-07-21,13.6092773570655,0.9908641200722836,111.443639297984,0.9890927721280812,-19357.512949,0.49267038169244337,0.1167766117473977,0.991250821269
2011-07-22,13.69542,0.9929595199578736,45.72999355490455,0.9919278492378657,-17105.06518,0.4956334619695951,0.1218527535237333,0.9912379467004664
2011-07-23,13.68,1.0025750334722456,186.12713219105913,1.0005011537608535,4291.711252000001,0.49448255904035054,0.1191650148914043,0.9910899122807503
2011-07-24,13.98001,1.0133831723441444,21.087165178701696,0.996087587454838,34637.683184,0.5045755595167495,0.1370857668280697,0.9912539404478546
2011-07-25,13.9854206262563,1.009903607319905,170.49610006406826,1.0059978772199345,27210.299021,0.5036745697174458,0.1340987733888942,0.9910142137762306
2011-07-26,13.88214,1.006219634400795,69.42447651085624,0.999603347770792,13107.967713999999,0.4991942270933565,0.1268726140773806,0.9909077418901335
2011-07-27,13.8911036107692,1.0113152515320691,24.18499511147467,1.0022656567090305,29418.593296,0.4985158750811754,0.12598574115904984,0.9908423402802946
2011-07-28,13.49011,0.9665647797114562,34.427089482972505,0.9589408098208471,-80154.07475199999,0.48352421326102857,0.10061625542115843,0.9904878462815769
2011-07-29,13.49832,1.0044294660380502,32.984593636568604,0.9970833811711772,13967.099703,0.48306058617321673,0.10025933420206663,0.9904195485068383
2011-07-30,13.5318498364318,1.0253089281845722,184.0578725080467,1.0113592870377826,50044.300116,0.48327078521869454,0.10057707348438447,0.9903228308338483
2011-07-31,13.3696745724414,0.9824535038254022,76.5351300987908,0.9820854866002475,-59405.754708,0.4771039881853513,0.08961398787586178,0.9901067150675255
2011-08-01,13.0962359367035,0.9843833926012906,54.007524281557295,0.978167078590891,-55730.009797000006,0.4660475792952386,0.06843764693452006,0.989591665830055
2011-08-02,12.05,0.9605509042140309,173.80151128717858,0.9489424829338273,-86096.20791999999,0.4197822539537438,-0.017419479186577984,0.9880614107885869
2011-08-03,9.26007713476266,0.7832270443132212,33.12190701337846,0.7795891400489283,-491615.14741000003,0.24974403388260544,-0.3668478281682718,0.9797312703483803
2011-08-04,10.75,0.983910469621913,75.26081062453768,0.9458852505719162,-25891.276192000005,0.35466229525014403,-0.2181697761990212,0.9794288372094478
2011-08-05,9.74679184434823,0.9232817985477271,82.86580097687464,0.9135890658713142,-219948.593345,0.28938810028263984,-0.33700500434216424,0.9772181448477135
2011-08-06,6.52348646620579,0.7056662881226807,9.075454657549681,0.6962963078319945,-609277.574517,-0.051524954173341166,-0.9722734364069247,0.9658265559141714
2011-08-07,7.97146079700861,0.8655263001991462,15.144164234044037,0.8647231469921057,-230187.17915699998,0.14635686773001433,-0.6057921834627088,0.971988822916413
2011-08-08,7.85538652658806,0.8520482897054479,19.7981655906529,0.8511087465998002,-740511.382169,0.1470447761230324,-0.6064860908165957,0.9713292275006025
2011-08-09,10.0051404113043,1.004091240646678,58.16291422899295,1.0030858111870187,152877.54423300002,0.3286720467769896,-0.2662434414211135,0.9774006170124423
2011-08-10,9.99769837851827,0.9840757807378921,162.37650558918085,0.9835115076583467,-42101.012435000004,0.3284935674199723,-0.26610357298988974,0.9773427851668061
2011-08-11,9.46239619312958,0.9602434014924581,138.31075162459877,0.9570462926380993,-95086.406517,0.2913781373463443,-0.3350220879459274,0.9760018503386153
2011-08-12,9.46051,0.9870264617543603,32.26839935854135,0.9863185854694392,-17159.371444999997,0.2915255762282031,-0.33460739273808826,0.9759674689842985
2011-08-13,10.1305571428571,1.0213886671382326,14.90767539652148,1.0095583174454312,31089.780039000005,0.33814537836933556,-0.24704483367570435,0.9775273958984494
2011-08-14,10.7735014091292,1.0064770557964435,12.615697988938845,1.00491881734012,11618.613574999996,0.3772555712637853,-0.17839824790048708,0.9784935285938527
2011-08-15,11.14979,1.0578924013457816,39.06603464360801,1.056301330071953,81345.69778399999,0.39676257246109675,-0.14106731072741438,0.9791727019074374
2011-08-16,10.96409,1.039214441644786,81.33080012481034,1.036137742043695,60879.186524,0.38528312740591186,-0.16646873410160004,0.9785116685472933
2011-08-17,10.94555,1.025689721627546,23.80159882147747,1.018379578094345,49675.900120000006,0.38326236041121003,-0.17151275157339438,0.9783354879381639
2011-08-18,10.8310561403691,1.014584484459506,66.09373511472288,0.9955579079022268,17837.001893,0.3760450538038952,-0.18600241419837138,0.9779485955105226
2011-08-19,11.65,1.0273363027691824,74.82305118093576,1.02605321021856,58413.037872999994,0.4192945951334175,-0.10560804583699539,0.9794000000000292
2011-08-20,11.4522602152913,1.0205421262715058,15.05627609239755,0.9996289547011333,22812.488089,0.4084661502010903,-0.12782524438028714,0.978894122605187
2011-08-21,11.3341269230769,0.9906007724809668,39.77314058811171,0.9861945740920799,-10614.849502999998,0.4019310175158537,-0.13998725786742097,0.9786238497555347
2011-08-22,10.8945006988818,0.9925962726914794,62.26944370240286,0.9890372754619978,-10667.620662000001,0.37732986551288245,-0.18569267106496337,0.9777373918545654
2011-08-23,10.9400018263306,0.9739759634069618,136.46564645670676,0.9725982097367124,-31877.087581,0.37991399823204414,-0.1816681262474443,0.9777312651437753
2011-08-24,10.8506,0.9939735209898745,39.74582995626799,0.9863474537569371,-8392.333107999999,0.3745631405155698,-0.1918064556601539,0.9774851160305386
2011-08-25,9.8216360874168,1.2883044967945652,26.952577617042273,1.0212753255177194,386780.78310999996,0.30235907284683294,-0.3142113252578184,0.9752291779258082
2011-08-26,8.17934724778806,1.007458919127798,25.832253494608207,0.897365382851485,6639.915486999991,0.16107957868908088,-0.5749888491527325,0.970055067650479
2011-08-27,8.59020004676402,0.7109350630593898,116.12308169157463,0.7097167729455935,-2676421.566192,0.24382574323412576,-0.41734074245950287,0.9713603875742877
2011-08-28,9.07011000355272,1.0208904607763087,62.58002707335269,0.9987092264969295,17307.73436,0.28351864421850237,-0.34208470144796754,0.9728437692705162
2011-08-29,8.969,1.041864817386083,36.479643666555404,0.9488521980346522,39758.129918000006,0.27450908732359314,-0.355480080955883,0.972461812911163
2011-08-30,8.81153634893942,0.960379935053691,11.869883956929872,0.9582725225736201,-36001.810136,0.26181370325181186,-0.3784983721309339,0.9719367894308206
2011-08-31,8.2036540996373,0.9551833483070212,10.845079621052069,0.9532791830780433,-46998.011617,0.20752997842283374,-0.4787624040603314,0.9698232035394225
2011-09-01,8.21993899044221,0.9373042998981693,13.804372710605152,0.9365625021138883,-70883.02817599999,0.21017438439780267,-0.474967574914557,0.9697637658518521
2011-09-02,8.63866112378737,1.020601269159135,74.57560433113343,1.0056178495288783,18911.758492,0.24810278066224026,-0.4033229567354849,0.9711876647976162
2011-09-03,8.47919959640666,0.9824433487396835,15.745561867020056,0.9802171580521766,-12656.252865,0.23387158481931328,-0.4292238040290154,0.9706068954781182
2011-09-04,8.17946372064029,0.9612596531796371,25.88263307393398,0.9561292559171334,-39665.187212,0.20621623657542146,-0.48728114713246534,0.9691116668980834
2011-09-05,7.6496218717279,0.9205779912002338,75.64978450890193,0.9109458095827604,-89371.08733000001,0.1524945485385874,-0.5861542928696876,0.9669264697994673
2011-09-06,6.86346720519705,0.8721942230444714,21.816596927062314,0.8407164133087806,-143192.28904499998,0.058601533274223405,-0.7600087193880105,0.9630886267212192
2011-09-07,7.18652258396476,0.9495093411142159,10.592362258059998,0.9202748187635744,-58127.08297799999,0.10259268767000534,-0.6771414229369999,0.9647590337274856
2011-09-08,6.52670211170094,0.7783649834557679,11.378258871127338,0.7505382725827621,-175280.553749,0.015014943358495148,-0.8372204872091625,0.9612162473991726
2011-09-09,5.03169129375845,0.8571761420541228,9.381718674433092,0.776123455151525,-161138.92387800003,-0.27339802667281393,-1.361368049291801,0.9499691087347941
2011-09-10,4.77390134644063,0.8617980005970534,20.610121676663958,0.8606057144458702,-85832.705678,-0.3398112897131086,-1.4830534783769014,0.9471899434649069
2011-09-11,4.89555722436965,0.6126283099326216,7.924018322509629,0.6122437467316855,-2526587.706298,-0.258609623045645,-1.2853175595985926,0.9484839031717474
2011-09-12,6.05430354288152,0.8997019705858574,37.23877862022901,0.8897514967078167,-69855.001185,-0.015310299544840084,-0.8439881057631655,0.9582792639631641
2011-09-13,5.80011689304539,0.9010271248214776,7.396235275704135,0.8970339561049072,-116920.85057499999,-0.056177739708266144,-0.9188464505102871,0.9563974304895617
2011-09-14,5.61931930071075,0.9440719942165536,9.921986873243693,0.8791581428717934,-47672.039057,-0.0888019339961881,-0.9727314539296353,0.9550817480746943
2011-09-15,4.82637800913089,0.891975124155829,11.007541343179325,0.8903241808007665,-89730.3592,-0.26518602048000345,-1.2900656371501302,0.9476460402563527
2011-09-16,4.81999626303188,0.9234402684983983,6.5220939361873755,0.9233394303106887,-108982.985992,-0.263445272515342,-1.2861934051907598,0.9474999592967718
2011-09-17,4.7700025640269,0.9573033815803548,86.9178082617767,0.9486946329501722,-36523.490176,-0.27546253460871734,-1.3081756965274987,0.9466666953351395
2011-09-18,5.23020074147555,0.9965559357082101,5.744047018635429,0.9933664818897581,-2224.299084000002,-0.16229216549693964,-1.1041562559334834,0.9512236694904435
2011-09-19,5.46026039250102,0.9407235218514103,10.262911279386154,0.9370736187030365,-45259.888319000005,-0.11182944000145759,-1.0121355553660414,0.9532146854478474
2011-09-20,6.11216519130136,0.9892333623477921,47.86894967553713,0.9804452069306621,-10167.678637999998,0.006807098759174709,-0.7960828105855934,0.9580770492976882
2011-09-21,5.65247596821244,0.963630924783037,10.124503721574376,0.9626146096753851,-37776.174849999996,-0.07384843172112816,-0.9400041934867562,0.9545155076387469
2011-09-22,5.43575949451316,0.8944567324967948,9.379099641425405,0.8939842521241695,-82920.584383,-0.11465500700837264,-1.0136037914540497,0.9524850206749903
2011-09-23,5.55053407640584,0.9685320085413175,62.997146142547145,0.9583563044208362,-30446.349973,-0.09081797527658858,-0.9697863552163044,0.9532513454692327
2011-09-24,5.46828968805733,0.973067950722779,6.6505833330636985,0.9729825687123612,-19014.237322,-0.10668781865938809,-0.9989952165961364,0.9522556384367601
2011-09-25,5.33087640418055,0.7219401068313708,6.497466985531682,0.7218465512515305,-268896.251172,-0.128493334960924,-1.0375939725164096,0.9507097932726543
2011-09-26,4.86955261874139,0.9224098667259747,5.417630012244188,0.9164248888884369,-51324.15077,-0.23384273083469284,-1.2307526740500332,0.9451612866917694
2011-09-27,4.91560524044256,0.9589962203444841,98.33509036876967,0.9491534591010123,-32419.676151,-0.2210976039924065,-1.2083205869418188,0.9451644331036951
2011-09-28,4.78052581067926,0.9442106212892115,3.1132251809270812,0.9392002336553815,-38950.906386,-0.25424641536841563,-1.2675078557963182,0.9433556033955655
2011-09-29,4.78883881462473,0.9709054723704683,4.868499068010004,0.9708319442075342,-20551.475019,-0.251177737590738,-1.264965346194544,0.9425205126640122
2011-09-30,5.14063036874205,1.0041524871203007,103.61148616758666,0.992565784076436,5487.213624,-0.16536533395523387,-1.111303247672746,0.9455144641987274
2011-10-01,5.03241261302451,0.9032388583088587,11.590120844656798,0.9027827949901003,-71429.375865,-0.18843859719719736,-1.153016418876812,0.9435757713381736
2011-10-02,5.02701089006383,0.9018131739225547,5.310273910115572,0.9015342668133566,-59065.849653,-0.18797050658130396,-1.1527975706642886,0.9423932021767862
2011-10-03,5.0240062810799,0.945388462303136,27.693945622677365,0.9446691925235282,-36920.765291,-0.1873795436087771,-1.1525380581690035,0.9413575573925873
2011-10-04,4.96000558600276,0.9587383953279842,4.288991921830914,0.953161549705502,-33147.287273,-0.20168607677284525,-1.1781692445122984,0.9398770838402468
2011-10-05,4.87045820189043,0.9532688290405658,6.710058178738809,0.9521042560681524,-37916.330736,-0.2225401413254486,-1.216538926410192,0.9375151192385952
2011-10-06,4.73463203096587,0.9740862456716873,38.69778649023988,0.9205147986114893,-27389.140861,-0.2562970056644888,-1.3080596116619236,0.9180928956118201
2011-10-07,4.27274650803614,0.87677280640448,9.083691526555473,0.8738836061743154,-118553.416994,-0.388362058300561,-1.5491970163075237,0.9083750933359129
2011-10-08,4.007527453949,0.9186099219463686,1.609075455776811,0.9160624954583408,-51318.884174000006,-0.47802274476727113,-1.714143034532421,0.9012433465405889
2011-10-09,4.10224806727808,0.8850266272378415,46.41890162614073,0.8707821808185827,-67810.79169700001,-0.4412907508555512,-1.6451752972786051,0.902446172577665
2011-10-10,4.10119201698467,0.9565689474280572,27.289117682791236,0.9471935855671735,-28136.425300000003,-0.44023221233596693,-1.6423394399898867,0.9013725769669828
2011-10-11,3.95145301650975,0.8544941046952672,1.5791928139666265,0.854448336251356,-130335.47112,-0.4897954094506374,-1.7364854900806428,0.8952132295971131
2011-10-12,4.15000092057891,0.9095944855857245,4.615671506219307,0.906590169863547,-73008.732116,-0.4154636743130358,-1.6017262139817205,0.8960265290881627
2011-10-13,4.04664292306541,0.9559110334154169,18.684277877605528,0.9524040708369015,-35507.833859,-0.450260192083859,-1.6664828177815434,0.8901064392254523
2011-10-14,3.99504435431729,0.8958949771717717,4.827032157645754,0.8881849640946843,-66069.20144799999,-0.4664155036118349,-1.6947319580546714,0.8857434462512926
2011-10-15,3.84222132183485,0.9372833308612168,4.703336967262064,0.9302186013705909,-36078.874751,-0.5231398846069333,-1.796883252117926,0.8766729034309251
2011-10-16,3.56396860804742,0.9117685083366581,28.691679626430144,0.8978183572485734,-48037.270291,-0.640000477959334,-2.0083076092644827,0.8644095801216218
2011-10-17,2.56470442880155,0.6715219804785646,2.253468719453816,0.6303069304351284,-297853.243974,-1.2635172922120363,-3.1278344324117033,0.8100131950777534
2011-10-18,2.41901005566683,0.7625734582563929,1.0526569096270744,0.7582073996132594,-144914.104694,-1.391140500059639,-3.354359842169525,0.7931261183366
2011-10-19,2.26975503392251,0.6566484732507009,0.49401774811920607,0.6651420096436323,-244146.976928,-1.531088165878138,-3.6073718383271167,0.7705655490506204
2011-10-20,2.35217804744912,0.9152259475141161,0.5174146261732826,0.917532577167473,-39286.707083,-1.4387326907189308,-3.4376402955939076,0.7759990998262953
2011-10-21,2.56999208588606,0.9424424774106279,3.9920261902365057,0.9420450722330711,-42768.72901,-1.2284413056175874,-3.053796895515561,0.792256169607897
2011-10-22,3.13896866855756,0.9465245804515807,14.257056030972736,0.9402948870015665,-50248.169587,-0.8213809618350768,-2.31456216855037,0.8249648027702368
2011-10-23,3.16042960747483,0.9816746756901176,1.7525563229881413,0.9807976849829169,-16056.787696,-0.8076085480366026,-2.2894346141096373,0.8230746862146502
2011-10-24,2.54628039364998,0.895153280469817,1.00895026697202,0.895141804422641,-77533.831578,-1.2401553894024275,-3.071479442206109,0.7776364294320955
2011-10-25,2.76357544455181,0.966195526588351,0.5376313854341658,0.9664050428736913,-22205.768959,-1.0613639911367456,-2.746463873333891,0.7912450694497684
2011-10-26,2.7719393343631,0.824293217098178,2.268266018512924,0.823847195496248,-141983.412903,-1.0486448262274422,-2.7207153090392144,0.7842737780784086
2011-10-27,3.04000286256526,0.9914941466347372,15.596945020832997,0.9840748709822735,-5127.40726,-0.866602653428555,-2.3881535036962633,0.7985297949747452
2011-10-28,3.18999494930753,1.0218990932420973,3.2774134848582093,1.0214426088278574,19315.634940000004,-0.7788724639393357,-2.228272319728756,0.8021721005751515
2011-10-29,3.58218725511097,1.0014221263069327,2.7324154840254113,1.0012025068907484,2519.5037040000025,-0.5837949907549875,-1.8732632262537123,0.8189095226463221
2011-10-30,3.26997448210414,0.9766991221470379,11.503400541858504,0.9588332774765863,-11725.533376000001,-0.734326944758939,-2.1418655465710095,0.7989342107721207
2011-10-31,3.24798760149804,0.9691775152852873,2.8011148914404105,0.9686197723696878,-24851.246682999998,-0.7441560321462438,-2.159286310873681,0.789130968454702
2011-11-01,3.15051282640229,0.9710028418100852,2.3939447446625137,0.965585328371202,-30009.767871000004,-0.7963164375585976,-2.249861966712455,0.7729353792807162
2011-11-02,3.25438684809148,0.99164160788503,0.7501646644754285,0.9916963682630291,-7014.995376999999,-0.737793405892831,-2.143484739981164,0.767891761103667
2011-11-03,3.15281914096181,0.8902573848843329,48.555371429438885,0.8798945319098027,-98773.778089,-0.7896567692267661,-2.2309931245084216,0.7527831552808185
2011-11-04,3.10939575916864,0.9605297269994788,17.1232064384129,0.9526099156159491,-37375.506741000005,-0.8123478146807712,-2.2662370245116827,0.7417376036385592
2011-11-05,2.97066680503104,0.9566159952977866,0.9993205033425959,0.9565851000119002,-26035.253973,-0.8950675975772492,-2.3859758517544445,0.6463049985214739
2011-11-06,2.95959128514113,0.9751138827560568,0.635176024943045,0.9752067694804858,-11054.541873999999,-0.9007355149038089,-2.3786573363707917,0.6161395643711994
2011-11-07,3.00663242967395,0.9684217911864306,3.0985401918668125,0.9638596606688289,-16742.955255,-0.8694061964495463,-2.3061985426288176,0.5921882608936649
2011-11-08,3.03810818870284,0.9663070748876402,2.2176755585162566,0.9659316607174258,-49070.087037000005,-0.8468036919692318,-2.2563983796484517,0.5835599256460643
2011-11-09,2.95023643792463,0.5955344062767294,13.636612710068233,0.5915799131233277,-1286104.429088,-0.8450183163447472,-2.215903330341386,0.5506495740618279
2011-11-10,2.85336224454728,0.9683264929258083,9.285849631544135,0.9325867583976836,-23151.410950999998,-0.9059545577597181,-2.1787216977320805,0.3603721351936438
2011-11-11,3.07798387122402,0.958660549362039,0.4674650096507472,0.9605201742829285,-28744.571715999995,-0.7643665768095808,-1.879311236540051,0.32876516367923747
2011-11-12,3.03064956103315,0.9895656671379593,2.888052980698359,0.9687849031397442,-5376.8846379999995,-0.7911211912417975,-1.8858652181529678,0.27731994218035116
2011-11-13,2.99615694356633,0.9753517574832918,0.6628520485383324,0.9764932040562964,-10700.044383,-0.8105486659093466,-1.905476083487859,0.2521553302440634
2011-11-14,2.20542608391247,0.8374922759503022,4.94642410957048,0.8251352387913332,-113596.02412,-1.452931256921022,-2.8949225369142004,-0.05860723106025733
2011-11-15,2.32896063554438,0.9553813797429539,3.6247041232522927,0.9419568185623511,-26392.826547999997,-1.3193265029955803,-2.659111183807372,-0.02552184160864735
2011-11-16,2.55972290726202,0.7226365593004501,5.881825474642767,0.7216477448669155,-1850979.711354,-0.9693827736087949,-1.881087225621389,-0.23470004938113992
2011-11-17,2.25046676424942,0.963687553811983,5.197876969114356,0.961635475832836,-227617.120927,-1.2326790749760195,-2.1798740406940524,-0.4689530423268799
2011-11-18,2.05013528348141,0.9554329433364468,0.2577053652584045,0.9573572178732921,-389834.70025199995,-1.4310670615601202,-2.33364065890555,-0.7166525684213066
2011-11-19,2.19685339803816,1.0061260421178555,0.32238814233632873,1.0061961920117608,53050.062161,-1.2630332244001052,-2.0925263865584394,-0.6253519707726248
2011-11-20,2.20001908809534,0.9849358717931938,5.936485635492265,0.983146317651607,-46310.146878,-1.258755845287526,-2.0572132745229945,-0.6421675700669952
2011-11-21,2.29142270053575,1.0056097009091898,0.5311959439094021,1.0100513295911462,18233.397661999996,-1.1645996423347937,-1.8161739129806347,-0.6883615576887251
2011-11-22,2.32913510871054,0.9958946887237835,0.652232956821081,0.9967205304901773,-32868.557587,-1.1285380521023867,-1.741695575722228,-0.6786316883799784
2011-11-23,2.33208129499983,0.9903315746409447,1.0387712681949142,0.990318038759808,-32651.120898,-1.1240435127066926,-1.6788716871812723,-0.7228644681531423
2011-11-24,2.43209841286278,1.0139030090842902,5.227653607010331,1.0101324150050883,47107.885802,-1.0349366227653896,-1.5394449648031499,-0.67856694384039
2011-11-25,2.4994481691205,1.0057982781545076,2.1814287373480257,1.004931994411408,13412.169023000002,-0.9823374541489719,-1.455808259594087,-0.6449270886241771
2011-11-26,2.47003009406009,0.9526483963975068,0.1858021764688975,0.9568708469667584,-169716.03869,-0.9965805353525682,-1.4177374397944242,-0.7013598377217243
2011-11-27,2.47966340289907,0.9975748353308549,0.2167518525428632,0.9986304160692936,-7467.4749870000005,-0.9870573825900024,-1.3877451519252126,-0.7089779181502204
2011-11-28,2.54999904333796,0.9596068448752815,0.15420493637665375,0.9901338108960467,-389070.371377,-0.9113191291634165,-1.2610292054265773,-0.6711457249880437
2011-11-29,2.75241562713822,1.0118527662251642,1.862705673157164,1.0110210319371817,119265.04772,-0.7774074461210531,-1.0339587550829643,-0.6044524513146948
2011-11-30,2.97009354656052,1.0085605144263545,2.0396567500242915,1.0081521108821105,143586.699228,-0.6530310944127218,-0.8711666371938436,-0.5067875573083613
2011-12-01,3.06007573288627,1.0069551219071473,2.2466130660698718,1.0062401791147682,36919.389546,-0.6039287601702348,-0.8044915810606813,-0.4722250013565288
2011-12-02,3.11250071814405,1.0025978761806786,0.32592910697676636,1.0027362364865262,27966.762956,-0.5770044205058846,-0.7533497870490177,-0.463880786738055
2011-12-03,2.79399916069424,0.9804293153115725,0.25224209790623625,0.9814069449154597,-184914.628431,-0.7486699358968434,-0.8790939105643074,-0.6680677881234668
2011-12-04,2.82809507395967,1.0017821004400471,1.6387672194395315,1.0011118627610436,14327.043252000003,-0.7270427248359196,-0.8006771187399148,-0.6865097796449335
2011-12-05,2.87980231964535,0.9986410337454684,0.29964083589181567,1.002202583263496,-11003.170074000001,-0.6949195422422128,-0.7586226658974257,-0.6606348176665038
2011-12-06,3.03198962364392,1.004524012321494,0.1629739067524642,1.0054333435082181,62746.496038,-0.6117585543213885,-0.6654634453307626,-0.583897241121257
2011-12-07,2.99039787304643,0.986589097079084,0.17128196641896704,0.9918841194638122,-222477.376682,-0.6235791299262172,-0.6521687223206908,-0.6133672523932854
2011-12-08,2.98068494080677,1.0003592648300268,7.699984384716707,0.9992062974642838,4280.895779000002,-0.6277404006988757,-0.6431354928913163,-0.6272803386880997
2011-12-09,2.96788785470687,0.9985529300090864,0.22649253180742523,0.9988362133289146,-7759.308272,-0.6354479184249243,-0.640003318172549,-0.6394487386989707
2011-12-10,3.05396817839333,1.0060486288772577,0.3454188581711779,1.0077206091551303,14038.974933000001,-0.5884986256157835,-0.5873207776670603,-0.5975313804895943
2011-12-11,3.25143431726448,1.0463210064594428,3.937031144406198,1.0375603557696853,87573.018089,-0.4947476876516892,-0.4915904997456463,-0.5049665847519408
2011-12-12,3.13936794921857,0.9990046919351766,0.18974223343214766,1.001839439824525,-2243.791469,-0.5485163525964803,-0.5236744022107873,-0.5715328944563675
2011-12-13,3.24990041579457,1.0131543587676435,0.2576578329544141,1.0179660161044597,11568.390572999999,-0.4954311471904342,-0.45883582653191396,-0.5264713884427991
2011-12-14,3.14999922175901,0.9332281079257183,0.2375471629811448,0.9452209723858321,-58112.792086,-0.5400848868879286,-0.4889368456888494,-0.5805305492168834
2011-12-15,3.19984457536862,1.0123884132981036,0.29434719340167387,1.0143518781410155,11299.636435,-0.5158588393822084,-0.4561578827533593,-0.5620727451809078
2011-12-16,3.19998720709652,1.0040672476827464,1.3206299625413775,1.0021115633047102,4481.983093999999,-0.5156848262342111,-0.4489384565407131,-0.5662593865635213
2011-12-17,3.20009408654416,0.9952376380233244,0.2837170224093724,0.9986524925490362,-3710.0962850000005,-0.5150187639624326,-0.43797794143048574,-0.5720225293225162
2011-12-18,3.19253697056183,0.9892664392371798,0.1551007359102257,0.997061873430685,-7099.878586999999,-0.5179143632897768,-0.43529978088561666,-0.5783873597906874
2011-12-19,3.52337871277933,1.0678776753678458,1.931415507527044,1.0567892995865402,79008.469172,-0.3770208023217096,-0.298838186826662,-0.4354318432064158
2011-12-20,3.9387060131466,1.0945734122830326,0.7496914722074581,1.1060125415386604,134836.67958999999,-0.23667009718433407,-0.16597901626504635,-0.2882835081021597
2011-12-21,3.88919481561637,1.03321837995936,0.3144842501804619,1.0405227236291292,43104.174027,-0.25376122839327103,-0.17794018535469,-0.30836078963357405
2011-12-22,3.90373704200702,1.0396731227648424,0.450390046474204,1.0429736570552557,39976.798834,-0.24982589921936252,-0.17313765748220383,-0.30550033087768386
2011-12-23,3.94744043028985,1.05805824436179,0.5136985993282533,1.0606245775976517,41379.171178000004,-0.23701212627172616,-0.15682130121607601,-0.2948922448017752
2011-12-24,3.94001791703116,0.9927043553188306,0.30045422609517475,1.0268776264737247,-4973.3082520000025,-0.2390896358188302,-0.153119705379743,-0.30041286813744494
2011-12-25,4.22570745461681,1.0033009263654824,0.2583905459287497,1.0804906505320326,2968.0616240000018,-0.1547948271633148,-0.07532263404555498,-0.2123650430180356
2011-12-26,4.01600745966174,1.0217111704025,0.9909374446939121,1.0219440739542074,20751.812662999997,-0.21553538206049377,-0.12853371351542725,-0.2782745180534561
2011-12-27,4.07350978050136,1.0188333856815368,0.2708747045907639,1.0206899621426408,22925.360665,-0.19874196039234412,-0.10653476097388549,-0.26480118561650945
2011-12-28,4.18552555240761,1.0454236870408362,1.084957289258008,1.044965555782975,35058.355014999994,-0.16744710464774443,-0.07326478169697558,-0.23470038237508795
2011-12-29,4.16626044734033,1.0072401306696757,0.5290966051437503,1.0100255520897081,8662.657814999999,-0.17290698905276924,-0.07301758281802019,-0.2438156628704913
2011-12-30,4.25149673586927,1.0376306374984094,0.7386757698687838,1.0399168038911797,31304.281778999997,-0.1500033165473068,-0.04213107805818698,-0.22571892294628781
2011-12-31,4.70647665714905,1.0907543040190415,0.6081838510022387,1.0948523960579344,74562.92242300001,-0.040174018198781046,0.058001743667503144,-0.10993220205676586
2012-01-01,5.27179259765011,1.1124372173394366,1.412070541646701,1.1109469379290133,111071.045461,0.06927276261284755,0.16128257737065663,0.0035950954631240126
2012-01-02,5.21677918497317,0.9584023973464083,0.3202057217376276,1.103209296894082,-40348.488710000005,0.060524001021045416,0.14916167297366595,-0.0036901724880869604
2012-01-03,4.88053092511399,1.0316928576499416,0.6205298434273134,1.0373405335846948,24490.184789,-0.005073334200497277,0.09136896405703587,-0.07440564980679049
2012-01-04,5.5835152418696,1.1267762466014792,0.4174158128787648,1.1408518683183142,149714.88559000002,0.119239305652255,0.20103935139950974,0.05839963316023653
2012-01-05,6.93335967175215,1.2116167152143367,0.9911752038852545,1.2144370634993957,507008.44718499994,0.28367953985367056,0.3341687964508714,0.2406711537772677
2012-01-06,6.69644870639156,1.1111963563393865,0.582796021562543,1.1212831275269939,208142.217791,0.2527592037594216,0.3006400466292226,0.21334124534224422
2012-01-07,6.80872473599322,1.0972531472047864,0.569172484877185,1.1248522526830174,108178.797981,0.2629054810757568,0.3065341649916176,0.22614436560403284
2012-01-08,7.11248788330686,1.1111751157762,0.6235907237177367,1.1350762622452697,152644.34748300002,0.2912092992919067,0.3279791098489125,0.25961912534749854
2012-01-09,6.32542500049992,1.0757254214875327,0.4111649954190243,1.096357849998035,117723.29593400001,0.19938069636793454,0.23791857786776205,0.16752471184431497
2012-01-10,6.39608130095411,0.9891638476396463,0.4496643604743755,1.0665666908614055,-16037.195945999993,0.20836609397138403,0.2486401289469055,0.1760173531232688
2012-01-11,6.8991433026419,1.0987928712911732,0.5475257601700688,1.1086186317316349,122792.95681499998,0.26390324484282035,0.29806849801616997,0.23546449629767638
2012-01-12,6.79998762459086,1.183393586903488,1.903742872419962,1.0977027776865298,202302.3264,0.24917627451127178,0.281430779849906,0.22158681864980637
2012-01-13,6.41055631114327,1.0313827474422486,0.5749408369489476,1.0322243297037224,30875.914783,0.20164240432640881,0.2365875464545168,0.1738018133008572
2012-01-14,6.75018892743933,1.0717605938885573,0.4523222057677844,1.0926977647864338,86550.735034,0.24043874751877148,0.2702222299763074,0.21542492263132612
2012-01-15,7.00433279619814,1.0529820514791397,0.483981240587363,1.09195874946585,60933.781000999996,0.26698004878114084,0.2929771823226442,0.24410930290563262
2012-01-16,6.67847296185596,1.025346886152823,0.4913180069331298,1.0401304579352217,34704.012589000005,0.2297564512036456,0.25758121378607696,0.2063679780885533
2012-01-17,5.5788822277304,0.938192870224705,0.40994497968369115,0.9504069767951847,-98754.92093200001,0.07676125849347815,0.1194958441324553,0.048244830549293814
2012-01-18,5.91951484172343,0.9862898904756425,0.7065736369107167,0.9893771657069869,-20764.182611000004,0.13122075889706725,0.17255700927775053,0.10204972162031649
2012-01-19,6.36100944447224,1.093974400545675,0.5406915613328961,1.0973505222231956,139315.227074,0.18958297202202928,0.22342343127463582,0.16381825142202452
2012-01-20,6.48987405600894,1.0212135115191414,0.44884733614719724,1.038395737639658,27649.935582,0.2052393772353235,0.2367630976065656,0.18054650150330034
2012-01-21,6.1805785022373,1.000089093196521,0.589992730064658,1.004833865666066,-1074.8746430000028,0.16502576651354364,0.21153504021104894,0.13167675193262443
2012-01-22,6.31302353872802,1.0139798239155624,0.49800599675636603,1.0168556578031702,14391.495701,0.18228877767899332,0.2277483524380798,0.14938064668107792
2012-01-23,6.3573304296432,1.0206439562708403,0.629569193176937,1.0233645059379612,21656.93741,0.18757016342800126,0.2323906783686885,0.15474426577819703
2012-01-24,6.29455858484214,1.013506076594336,0.7745169145139301,1.0157787538588088,18111.888054999996,0.17890245005017194,0.22476433855741287,0.14548098528271028
2012-01-25,5.77544800941673,0.9734951163883425,0.8171072831050594,0.9742485539950733,-46459.400292000006,0.10525338314224852,0.15857848058958252,0.06792339032027817
2012-01-26,5.34264247426401,0.912700191983867,0.41046359122347886,0.9347924272955289,-128845.515798,0.03506299799217277,0.09846960483613351,-0.00787578916933206
2012-01-27,5.29018710597449,0.9457981562858503,0.4602807036086034,0.9503410850359352,-71670.32109499999,0.02743387601092874,0.11204408845729052,-0.027663084706165495
2012-01-28,5.62667335637204,0.988763507637922,0.503343396047495,0.9983223149423027,-10142.840546,0.08612205905627064,0.16603000156694567,0.033503518763780944
2012-01-29,5.38150271853964,0.9573023919102215,0.48282523245789305,0.9627817534638087,-43152.30058,0.04516794123311605,0.13104858930056318,-0.010884930199604997
2012-01-30,5.49030929629631,0.9752223555960802,0.9921436199356102,0.9751115763588241,-23097.995713,0.06463066484475256,0.1502584350018946,0.008604122964376843
2012-01-31,5.4898990864953,0.9618680949591376,0.3802196623565406,0.9792736008060784,-48630.339354,0.06555786502078159,0.15360111918984015,0.00816756114991729
2012-02-01,6.07740974524778,1.049467224850327,0.6295273765739803,1.0541995305612293,81143.65001,0.15550023185202344,0.23101044511010815,0.1038534131654954
2012-02-02,6.10119269354221,1.0240132914382172,0.892324961584286,1.025000317370557,33134.85248,0.1579517435813352,0.2327478709491642,0.10682053924196849
2012-02-03,5.96033301804655,1.0045606484070793,0.44286581342276593,1.0099268373457229,5374.465278,0.1377110127855674,0.21463639025585282,0.0853413754748231
2012-02-04,5.87344679441131,0.9939854091525966,0.7677717993308304,0.9968093272982902,-8685.826849999998,0.12480101395796059,0.20502137871491852,0.07080625890883274
2012-02-05,5.68910716704684,0.9833701487001557,0.7484444416457959,0.9851456082110801,-16770.800073999995,0.09667902566429033,0.18071954045898647,0.04025186383814196
2012-02-06,5.45876972921661,0.9318825474557446,0.35209403011184176,0.9648925510586825,-82249.23313800001,0.05984108225178898,0.14888532021778816,0.0008188162239152997
2012-02-07,5.68954404828208,1.0009780612608363,1.0616423923916019,1.000358941258017,1581.1383090000018,0.09824010055464677,0.18360754115089892,0.04099696676990966
2012-02-08,5.6001016299289,0.9870612516087943,0.4481797091700422,0.98808924503777,-14641.471363000002,0.08393031368025468,0.17170632368188207,0.025424829643854438
2012-02-09,5.84041812125845,1.01132532980538,0.45498019679435586,1.015407438319535,11036.169116000001,0.12160318279756395,0.2081086223926366,0.06417487814716283
2012-02-10,5.92145820833532,0.9887046698709036,0.38562738377798345,1.0269078154381666,-11812.132998000001,0.1338380604212224,0.21712969659502973,0.07816625433331406
2012-02-11,5.60088311628475,1.062636147099062,4.667163103479604,0.9868987934987461,69139.098329,0.08214564074291848,0.17189565861529982,0.02273804213417177
2012-02-12,5.51739769423319,0.9866597288981949,1.167125048075787,0.9843393279905983,-11629.220806000001,0.06827762844228075,0.15967995098087018,0.008063166133797515
2012-02-13,5.26290253513761,0.7969681687646621,0.41785655505533414,0.9639512379647732,-378783.896789,0.0319232809157028,0.11997002330491746,-0.02792137302182276
2012-02-14,4.4646743170684,0.9139891317131873,0.2847884722963023,0.9919066662814211,-357291.067773,-0.1331821512819163,-0.034115003976408924,-0.19891835772544716
2012-02-15,4.28882010170706,0.9600288817823753,0.39931428227007154,0.9617986603490317,-185175.955014,-0.1765217093302749,-0.06313962327394111,-0.24784203419230083
2012-02-16,4.2686894742755,0.9637120460952482,0.7131495649002204,0.9652370026617233,-118235.257884,-0.17666212504778656,-0.059396356803495066,-0.2536892252881154
2012-02-17,4.38493109461501,0.9775513435203501,0.42282773630684645,0.9791537521828485,-42506.76725999999,-0.14334245070907706,-0.028348676053818207,-0.2202221390822603
2012-02-18,4.22698924309402,0.9329426900464731,0.27245217216916856,0.962794601147746,-143706.81826099998,-0.1821820776872597,-0.06075946379526667,-0.26291071327415655
2012-02-19,4.38669213569518,0.9593270133477557,0.40846791050298403,0.965042131381833,-35307.626122,-0.13763397996320517,-0.019911574838939218,-0.216654790193963
2012-02-20,4.36824826393399,0.9762156617221492,0.3658904048500216,0.9783476894894917,-29281.426669999997,-0.14145852148064983,-0.02197617509889854,-0.22165675519376962
2012-02-21,4.27878254973508,0.9524979371886277,0.4260523134205431,0.9563667757321059,-55182.446693,-0.16379584688841817,-0.03925984042498922,-0.24704864946422117
2012-02-22,4.42881509825389,0.9767202212620981,0.4423805767275948,0.9848079376284468,-30891.184871999998,-0.1232689315998316,-0.002244703439400408,-0.20451404758403494
2012-02-23,5.00376799132438,1.047095215149908,0.6612557355392005,1.0501415185669143,71400.41837,0.005114951876110644,0.10829724435799544,-0.06604662910980452
2012-02-24,5.02717828094935,1.0219365405962222,0.6029184488935168,1.0344128280547136,30970.41048800001,0.009226059338828953,0.10935448839006964,-0.060529327197787614
2012-02-25,4.78826436000485,1.0091872004378397,0.9429239740738758,1.0094848362892683,9736.586582999997,-0.0410198742254845,0.06447196422777687,-0.11350577143027091
2012-02-26,4.92204326478047,0.9989984681766382,0.39648466546966354,1.0083593292668227,-575.6129949999995,-0.012785523690724472,0.08943041582859873,-0.08294050118177908
2012-02-27,4.95750983434329,1.0123110241359718,0.3934627211161736,1.016548573955458,12863.445381000001,-0.005874336292139078,0.0947975756051062,-0.07503367175964956
2012-02-28,4.86795614101681,1.012338353482192,1.7590442894012885,1.0102786322219774,13843.994317,-0.024749436377213416,0.07734698992341395,-0.09482087463628941
2012-02-29,4.86470496223639,0.7770415059493536,0.2410753381276103,1.002347729593721,-307252.913573,-0.01790857194978671,0.07603921189161457,-0.08349427990290995
2012-03-01,4.92389180193582,1.0109042553375662,0.6416639255202163,1.0121646872301557,16687.607611000003,-0.006014870045128035,0.08589280181400517,-0.07029362382155684
2012-03-02,4.70498902941796,0.9723237478190067,0.5437751371610915,0.9748986880317703,-46358.927941999995,-0.05153465857873689,0.04602124721391117,-0.11984958244452355
2012-03-03,4.61436710560607,0.9519906279205939,0.6174711527029939,0.9670287544297586,-53136.90373699999,-0.07103026627537,0.029623520319450303,-0.1412334301709482
2012-03-04,4.82133378796,1.0090258268391188,0.36068872947991365,1.0184590257232187,10272.149855,-0.025076985469217272,0.07007260924905247,-0.09185346452142508
2012-03-05,4.98413729242482,1.0208888672182854,0.509460317149685,1.0301569258626937,19533.311453,0.008206086235291465,0.09862065179564444,-0.055865778014907407
2012-03-06,4.99076716913043,1.0166835986549494,0.47736146206556873,1.020058630406995,17392.438077,0.009176575001505184,0.09846000716886057,-0.05430484366121678
2012-03-07,4.97732821644417,1.0115720830730581,0.8052858610656726,1.0135272899956287,11120.659658000002,0.006353394137652602,0.0951355115076431,-0.0570349736265175
2012-03-08,4.93321266283463,0.9921184076903828,0.5282477861633812,1.0047071933826484,-8302.486400000002,-0.002240836515911587,0.08660291913636371,-0.06594228941607838
2012-03-09,4.8650903986118,0.9898685979168208,0.7149439046304278,0.9958094796669806,-10015.104759,-0.016177100913831913,0.07389377445760487,-0.08057601591514987
2012-03-10,4.85096359535494,0.9820741712006903,0.5614016176594785,1.001701720490467,-13048.152596000002,-0.0187555230114795,0.07075814641687955,-0.0829003138733635
2012-03-11,4.90941762885918,0.9553608991005575,0.4577388138743465,1.0037171400794012,-36565.32975999999,-0.0057471843033926225,0.08117096684913927,-0.06829982627054013
2012-03-12,4.89004322330743,0.9895903557384569,0.5813639678948603,0.9912023688512458,-11066.477149999999,-0.00952325215748277,0.07773664645688523,-0.07218070691257998
2012-03-13,5.26943210924398,1.0431082675405472,0.9324384863892413,1.0453661497641957,56131.301650999994,0.06248968796081137,0.14027022172907586,0.005240054084219238
2012-03-14,5.3846357454765,1.0425300682511462,0.6232099557719446,1.0472427309642687,64193.896845999996,0.08090933867592469,0.1541862843583706,0.02702982195226065
2012-03-15,5.32656972768021,1.026710378034576,0.7769782591244355,1.0275079901018018,34090.415649,0.0700374382482029,0.1426182165052192,0.016656071771699085
2012-03-16,5.35345001423982,1.043401743571252,1.1778347571390688,1.0408135550096993,51616.26242300001,0.07347353616402494,0.1436618726120513,0.021602894195960308
2012-03-17,5.21741678949531,0.9903838239672447,0.3836548417070309,1.012115746703497,-8301.707526999999,0.04905467655832258,0.12030944103903327,-0.003103683519401266
2012-03-18,5.27943295663821,0.9686702578983408,0.39050762332494454,1.0314617334340301,-29230.649430999998,0.06084412269480046,0.12840929170797943,0.010960070355075305
2012-03-19,4.6970265750615,0.9265827811253927,0.407655849059496,0.9360723337220258,-93583.57964299999,-0.054644684125353754,0.02480052945097143,-0.11065371179638603
2012-03-20,4.83790644948875,0.9812215773567785,0.5878602528127639,0.9875118432531069,-22067.803838999997,-0.022777142097781467,0.05098729804657758,-0.07553547269383391
2012-03-21,4.81806101183518,0.9343588938610613,0.3377824888005448,0.978566302035277,-91568.985719,-0.02465736226583285,0.047631578239618534,-0.07674228019439516
2012-03-22,4.70430676208447,0.9680744973004511,0.4037833860896265,0.9706399234877489,-56982.288663,-0.0481864549344859,0.026756073198113312,-0.10173937672859315
2012-03-23,4.69139732915487,0.9995806211008602,2.6243323967706806,0.9793204179897386,-546.8540510000021,-0.051004852363730084,0.02474285240642064,-0.10527837149397237
2012-03-24,4.65514518120598,0.9484935178835322,0.3713372786671841,0.9796313008223381,-53026.345132,-0.0577343847941274,0.01763525264432696,-0.11201902378855708
2012-03-25,4.55001171479809,0.9509934551213574,0.4733131459213634,0.9561789595949848,-47561.891455,-0.0809414521275992,-0.00293507152534464,-0.1369641056470109
2012-03-26,4.62275101106778,0.9801513401956702,0.4620499440104489,0.9826373890082759,-24528.481557000003,-0.0633399198259215,0.012732302100933799,-0.11761372992601084
2012-03-27,4.81500632038815,1.002961543232848,0.513645813265702,1.0074331689128198,3544.6136130000014,-0.020295365736020123,0.050824051956457804,-0.07223535265936919
2012-03-28,4.78867894745028,1.000298399529883,0.8682133520025246,1.0013883522523868,315.700988999999,-0.02594372796272611,0.044754686831692606,-0.07756440902080085
2012-03-29,4.80821605411478,0.9822880159903947,0.3297596530669029,1.000905670976628,-23708.282875999997,-0.02098712593922204,0.04667856283569476,-0.07073599481718962
2012-03-30,4.85845661451339,0.6786684995115333,0.2799178264518758,1.0045550612238587,-623183.307572,0.0021313799848663583,0.054882671376734304,-0.03506944674091013
2012-03-31,4.90873256423612,1.0076171632478508,0.841337357555168,1.0086322693419223,10934.12458,0.012177078742461312,0.06273526507183512,-0.023622683502424534
2012-04-01,4.82285438453406,0.9880050516586794,0.7240107099922173,0.9906347298162671,-8182.238208000001,-0.0052290532215730845,0.04493646608820847,-0.040495855751097
2012-04-02,4.97400279171384,1.0126147514267205,0.5763618447269854,1.0157727963079934,15873.380837000002,0.02507273929644899,0.07244918144082074,-0.008547885891000957
2012-04-03,4.95212809747347,0.8990757174448087,0.2905167825187737,1.0078699470063923,-131946.591937,0.023719169494646367,0.06724278346054106,-0.007401242820150006
2012-04-04,4.91826265565012,1.0015218750361645,0.9998723093328885,1.0015437489609977,2068.9255379999995,0.016720612304180184,0.06000535333083824,-0.013925109158339746
2012-04-05,4.91899461498059,1.0081103002344096,1.4345831240556397,1.0039480139643924,8566.725444000002,0.01669683628761466,0.05943275054188575,-0.013686818199327011
2012-04-06,4.94667266496811,1.0165250548789413,2.2973171833957937,1.0113566516235497,23259.71945,0.021602462720029074,0.06338710972257774,-0.00812815760281736
2012-04-07,4.69146131169882,0.969760210148839,0.5100337954204646,0.9749386227023591,-27702.163642,-0.03132235402341222,0.013232768636671622,-0.06231719050345031
2012-04-08,4.79252438258725,0.9988723517907269,1.1495940016759805,0.9982629648890272,-275.6000690000001,-0.00935625538948446,0.033682214587891154,-0.03967754824634414
2012-04-09,4.87190919295764,1.0185753930830341,1.2531915203636128,1.017017748874795,43304.911674,0.006476255991899985,0.046560200918374255,-0.022584740947166858
2012-04-10,4.82551997487777,0.9907914419102275,0.739227956229141,0.9913776158145214,-16492.693195,-0.0028897264607466904,0.03757822669729935,-0.03185978421417092
2012-04-11,4.92778548514172,1.011862013013708,0.8145189856917682,1.0167901477432426,22718.514654,0.01762213437878955,0.055139435639127155,-0.009834948173630748
2012-04-12,4.91969430382496,1.0163864070797128,2.3347825711157633,1.004637462340411,30649.792337999996,0.015297056407393383,0.04160486821050121,-0.003828631417080491
2012-04-13,4.93628936377485,1.0070846714280257,1.2613931452854925,1.0053200307007417,13797.115644999998,0.018459856061528685,0.0437041555578526,-0.00030805248884156224
2012-04-14,4.95970445206548,1.010203181752427,0.7465742500413934,1.0109830875241714,13673.953676999998,0.02261766984339977,0.04683167029736962,0.004755213197393188
2012-04-15,4.96891910058534,1.0216592833147302,2.5437078590169566,1.0111261985566644,23898.58614,0.02397094798022963,0.04702825538511196,0.0066853776270817174
2012-04-16,4.93201158873195,1.0088002270392358,2.0722558970835685,1.0011060696816791,15100.640334999998,0.01608509120178459,0.03916933748364087,-0.0009141120588017826
2012-04-17,4.98499455758975,1.0086587014838757,1.0955368241209171,1.008361292241438,12195.104561000002,0.026332739672933935,0.0470282120777901,0.010781267054554159
2012-04-18,5.12130812905535,1.026093280273225,1.1075300229183227,1.0255248340887015,41578.164678,0.05128171750360825,0.06876561771357285,0.037868865565103695
2012-04-19,5.1447793823688,1.019532071310408,1.114418385226447,1.0188927454657903,31340.271158,0.05484361415538194,0.04356842673399028,0.05926772747835309
2012-04-20,5.35009038822879,1.0411605143008014,1.0773848753249362,1.0410185268847059,80996.396213,0.08998073451487663,0.07445383941976505,0.09590873256263154
2012-04-21,5.2601431950037,1.00164358013428,0.387031200181557,1.0141264443929596,890.1122510000023,0.07408324113421452,0.0556208884845677,0.08203829800958279
2012-04-22,5.20352603356409,1.030773230605758,0.8962518513401873,1.0319808344859367,33094.510072000005,0.06308177244418146,0.042109000804805875,0.07270762769783183
2012-04-23,4.96582514775877,0.9421659461365075,0.28816280368386493,0.9760413992999986,-78842.632463,0.01915173109142842,-0.00236158581073269,0.030360542965940342
2012-04-24,5.10394265270566,1.0090524548310544,0.5941769852729151,1.0137469485881583,13825.209659,0.04577719805012552,0.021285155626979402,0.058032127878593076
2012-04-25,5.13453463910742,1.1082473833912823,1.586595271805791,1.0030877727115441,213691.420035,0.04709820170290359,0.024757808306221207,0.05817365352520978
2012-04-26,5.10005593085136,0.9667516689629483,0.2976867924528197,1.0003946294810122,-58195.102289999995,0.04189832701513198,0.017379640489077936,0.05433390037474439
2012-04-27,5.10961800193015,1.0014307708286878,0.6682874946323805,1.0026055285942594,1909.9628709999997,0.043677432070178775,0.01788413231220108,0.05678076165787595
2012-04-28,4.97940595181476,0.9851900453903922,0.8767015244555099,0.9861588788959021,-15661.412273,0.018973914659815464,-0.00790270787853735,0.032721965911765814
2012-04-29,4.90287453611801,0.9793019560773524,0.472139387890786,0.9804866323559527,-22935.380302,0.003963993849789864,-0.0272808297269123,0.02045831182903624
2012-04-30,4.94910305220169,0.9043213296077972,0.35173472069258366,0.9926109856417021,-118437.656709,0.01606394424989096,-0.01808705205093337,0.03424318516206575
2012-05-01,5.00841920249539,1.0035336780571367,1.0139458901241538,1.0034895581593473,5244.461293999999,0.02777723813205349,-0.00795274393818279,0.04656942501541324
2012-05-02,5.0734289805164,1.0041562695996868,0.6797833220785456,1.0052550774965456,6694.837114,0.03995409562032715,0.0032483425338979697,0.0594960492552118
2012-05-03,5.1451001062097,1.0120166982370549,1.1823193694015632,1.0112316741962157,16472.368081,0.05311802904459118,0.015445110582192148,0.07296847456032535
2012-05-04,5.07145293422337,0.9977756372720781,1.072271705328592,0.9974936229611655,-4925.005730000001,0.03908943920062266,0.0004423871477890967,0.06002676908826161
2012-05-05,5.07885858359293,1.0027315541351915,1.075408470058057,1.0025538519668464,2898.6240909999997,0.04046277165817776,0.0010807000060826532,0.06173012664824321
2012-05-06,5.05481047600564,0.9356012053629283,0.2990155160495035,0.9833936053806044,-100489.701807,0.038246847484569045,-0.003295307665871915,0.060589902917438446
2012-05-07,5.08406416346168,1.0011209023767778,0.7212857459064149,1.002334323756372,1681.7777130000004,0.04381566223299895,0.0017702389466761293,0.0663257096333367
2012-05-08,5.05002150482217,0.9959343126849394,0.8618790361645824,0.996827833142857,-8045.7455199999995,0.037750383623264105,-0.006255253235737592,0.060978256137923806
2012-05-09,5.0480173252148,1.0018471532968531,1.5278747989089667,0.9993562056568975,3937.871604,0.037175411229191234,-0.007240984072504165,0.060797597441537475
2012-05-10,4.82616309704524,0.9811147338161108,1.540462285018826,0.9775839883286922,-35113.672177,-0.007104460658057349,-0.05213488845458474,0.018054320853603197
2012-05-11,4.96370056697104,0.9920297596313621,0.7011357366431191,0.9933550146547747,-15095.012197,0.021585790406617004,-0.02426132803600287,0.04641306699775517
2012-05-12,4.94620910882999,1.0938429681737576,13.286749315075712,0.9965599068346979,118418.247424,0.015470917692461658,-0.02805345645991079,0.039169211120589735
2012-05-13,4.92997058917423,0.9555763442292525,0.42104448030961733,0.9942680430767468,-49624.389281,0.013207330882881176,-0.03174348556147548,0.03802468712208906
2012-05-14,5.00594371010695,0.9922820706157567,0.7524951430229808,1.0012705214548874,-16145.186481000004,0.028417241598094434,-0.01697964923293667,0.05381477014281364
2012-05-15,5.03540925022745,0.9975389220168341,0.7139512973596004,1.0037556173786262,-4335.461961000001,0.034324358621597564,-0.012195900326340664,0.0602094557089672
2012-05-16,5.08730610512377,0.9802353828993661,0.4101385489504221,1.0064079524958958,-35751.505694,0.04494371058259355,-0.0032416499046180607,0.07188993498067373
2012-05-17,5.09979899797384,0.9701380705048455,0.40117204036826,1.001343856452836,-55110.695672999995,0.04842036422600402,-0.0026629501166020946,0.07713029437664129
2012-05-18,5.11956135801862,0.9605934284136689,0.2306041074937979,1.0054934306923697,-77427.367631,0.053523389953740376,3.927027452822219e-05,0.08410122037989819
2012-05-19,5.09950311954792,0.9990230856800347,0.6585780753857716,1.0072137539393589,-1771.4909579999985,0.049834516065599625,-0.005730251338880117,0.08160464064700396
2012-05-20,5.09001706038258,0.8989716458701661,0.2105619361425585,1.0020400766413926,-169432.024975,0.05125041912141168,-0.00827742856863985,0.08631543964820551
2012-05-21,5.09989235369147,0.9377970180322354,0.21802855896037523,1.0029834477031712,-131401.998694,0.05561494631570295,-0.007054715245574115,0.09320046791724118
2012-05-22,5.10405001277268,0.9912282966283825,0.6327569652244925,1.0028780021497872,-19969.572958,0.05671180026232926,-0.007460252609464643,0.09538308040770847
2012-05-23,5.13880926852253,1.009232966260738,1.3837026538394621,1.0068515816564052,16785.18469,0.06273936493227412,-0.003751223315857088,0.10224144175596787
2012-05-24,5.11902270702896,0.9133854732160007,0.19477638383753923,1.0016369096200768,-129529.46659299999,0.061562818319149205,-0.008878986830911687,0.10383480157268574
2012-05-25,5.14545828346713,1.0051128473582076,1.4731770916167695,1.00334457005454,8236.684943,0.06619373083336791,-0.005529501521467453,0.10887626574852255
2012-05-26,5.10307428718382,0.9106822198204966,0.19641733267281053,0.9987017356479584,-129268.912341,0.06084110347024328,-0.014240485775219412,0.10614861879348557
2012-05-27,5.14075429024356,1.0089504931192532,1.277479958089446,1.0039895872451183,12907.219016000001,0.06743773941932617,-0.0074275457930304475,0.11268079692955038
2012-05-28,5.13555290763641,0.9986269924541092,0.613427999916455,1.0032411538624486,-2139.9069870000003,0.06649807703526084,-0.00892763016327758,0.11211312939270668
2012-05-29,5.15539522803204,1.000551657802201,0.666395178644606,1.0042402104901926,1232.007099999999,0.07010292957674377,-0.005793166942080684,0.11591065313168113
2012-05-30,5.14096170751355,0.997508447447546,0.7726204326100559,0.9980524642191165,-4513.087307,0.0675024760151441,-0.008760564637117921,0.11357052254648316
2012-05-31,5.17907120189264,0.9464211096437192,0.4488518188462799,1.0071237882342052,-203437.12849899998,0.0782553709996615,-0.003230495791440999,0.1287704254094581
2012-06-01,5.27243229308056,1.0079584687027177,1.2631374443383363,1.0071527891731171,33214.439521,0.09395582709295386,0.012340443734423385,0.14427160953382512
2012-06-02,5.24695465914977,1.0066331480480752,1.5716278572036502,1.0043405345832317,8137.289151999999,0.08927539774965552,0.006926524373673798,0.14010692047220205
2012-06-03,5.20513584865323,0.9989371606239735,0.8270411789990252,1.0012881463808117,-1626.713482000001,0.0817971274716076,-0.001270888497988739,0.13333481946177975
2012-06-04,5.26318472470306,1.0045515166950316,0.4604177373989377,1.01033910450817,12309.960174,0.0918044177834657,0.00844823020578967,0.14203467364437766
2012-06-05,5.43968559394814,1.0258082547359564,1.1376754997747678,1.0251820049771243,53273.108402,0.12021727381495616,0.03774343832652912,0.16978841478927567
2012-06-06,5.46312714855186,1.0166173241836032,1.1115259541691274,1.016343450073069,32518.504214,0.12325845263428933,0.03989903119438661,0.17325922000608832
2012-06-07,5.59202483226593,1.026031936756542,0.9892943096891517,1.0261806989460442,57021.592059999995,0.1425407840091015,0.059090390480399754,0.19202612013998335
2012-06-08,5.63299548385375,1.0209013000078813,1.3129544855201973,1.0197923531561732,49873.721034999995,0.14760387098050218,0.06431343254516517,0.19703468377281663
2012-06-09,5.56199590518622,1.0068211985932187,1.1494448674130107,1.0064058043860167,12380.831357,0.1360445577995252,0.052488218179476916,0.18600263697123623
2012-06-10,5.46868259025868,0.9996209617470807,1.4302389108730098,0.9984493465884281,-774.8035180000006,0.12111473387022971,0.037160283701222915,0.17137630037786966
2012-06-11,5.57499212744956,1.0206009497134996,1.037512598822115,1.0205509929029932,50455.379584,0.13706974356601137,0.05401653646063851,0.18616925436349213
2012-06-12,5.70042863958306,1.0258302253170222,0.6536782310286323,1.0299622621876097,63358.597846,0.1549818282312649,0.0734233522068851,0.20191791045170787
2012-06-13,5.93483819503498,1.0344864397661537,0.9202802586723532,1.0350108724007905,83294.165008,0.18690288946032718,0.10624377659919364,0.23285524383675743
2012-06-14,5.96795830938577,1.0110769034744869,0.5239272683374805,1.022234790436873,22942.385743,0.19093074159834955,0.10906811630317996,0.23751142952130688
2012-06-15,6.53126498781241,1.0816360809606227,0.6544929620923312,1.0847119832397936,223297.66517700002,0.2579787891191875,0.17560994696103677,0.30302016401203313
2012-06-16,6.40205750592554,1.0297915462786154,0.8410787880723235,1.0311257269754226,72632.782338,0.24079991616365287,0.15688954374963135,0.28717759942414833
2012-06-17,6.21665835157938,1.0222982108633298,1.1946848426025714,1.0206545689691886,43385.74447899999,0.21670398105873354,0.13033046661813777,0.2651084004256374
2012-06-18,6.30970837418595,1.016864481074875,0.7367496525665519,1.0201583299288988,36425.197778999995,0.22746722680380094,0.14132582775475602,0.2756606598970989
2012-06-19,6.47562043608143,1.019240653197632,0.44413081511031616,1.0304829973327136,48415.556389000005,0.24618618773582995,0.15993872442526305,0.29454790547232107
2012-06-20,6.71340012324679,1.0098357728318892,0.5298838154056248,1.0476279483418953,31089.154537999988,0.27254011514063387,0.1824405967169232,0.32279919019632675
2012-06-21,6.68211665212944,1.0287344606264706,1.050066555560563,1.0286240425284057,64019.038456999995,0.26766145469574737,0.17553735924930167,0.3193713553998512
2012-06-22,6.55377578572481,1.0227451112765873,1.6155263891256737,1.0202842898176796,55532.536767,0.25197871061345406,0.1585065927255199,0.30384557708913806
2012-06-23,6.45263640501852,1.0118910302923048,1.56943169731542,1.0090190956526843,19041.664954000003,0.23963015216616446,0.14498847056811076,0.29205216081189916
2012-06-24,6.35212598826988,1.0017539735299605,0.8892734175599434,1.00564032900493,4084.117478,0.22717146694669574,0.13024235116095015,0.28142483187066175
2012-06-25,6.30692808460212,0.9978096726410468,0.9739879527091488,0.9981053352737806,-6286.291711000002,0.22164137139900086,0.12453535348535069,0.27561089349453916
2012-06-26,6.42053036226111,1.0168127000207792,1.3997619056971737,1.014641049726635,60378.98839500001,0.23433705164378074,0.1375523087807612,0.28787814370075765
2012-06-27,6.63127030354363,1.0242198437191603,0.9720313591869243,1.0245364049332781,69051.087984,0.25771154473997643,0.16163627445611486,0.3102151185791271
2012-06-28,6.60588209533506,1.0141790469794831,1.000903882769715,1.01424346712375,35722.958489,0.25391215067708384,0.15648893726946791,0.30733247521474294
2012-06-29,6.6377733954871,1.0141877932879373,0.7542666084470564,1.0161625223910575,28948.840074000003,0.25676059159343717,0.15843828509965027,0.3104977034751435
2012-06-30,6.70147701897504,1.0214645134560627,0.7207919272160225,1.024860737304435,28968.11999,0.26318656804835633,0.16440145322330835,0.31704906440163894
2012-07-01,6.64009975007019,1.0107489800245468,1.4596483694743854,1.007999190265457,13328.441735,0.2559205456414285,0.15582910173281586,0.3105886700043166
2012-07-02,6.75998821078868,1.02443223873304,1.038684795773104,1.0243710710513203,63473.458202999995,0.2679623102714132,0.16742429012835275,0.32269556436623303
2012-07-03,6.45793805690885,0.9903797040863971,0.956435169460246,0.9904942381299239,-31346.33576,0.23363421051700936,0.1294673291633683,0.2907968519302311
2012-07-04,6.52554480882112,1.0143487726246636,1.357343350386497,1.009396790841965,36403.905159999995,0.2409214433653425,0.13665459714485392,0.2977429265670022
2012-07-05,6.66382828093331,1.0169308824291365,0.962696404752759,1.01710116270614,42834.427935,0.25582316536112154,0.1525491136649517,0.31179499130848837
2012-07-06,6.65120696460704,1.0108153929430503,1.0630119491876817,1.0101596922686158,24381.252094999996,0.2537742592624919,0.14954127157078134,0.31034622371421206
2012-07-07,6.77423906938925,0.9753117031572511,0.500354898686642,1.0216134709626221,-45852.70784,0.26788806153023015,0.16242636322110335,0.3252127725082759
2012-07-08,6.80578479107927,1.0331049918207353,1.5925075525949786,1.027870535831205,58165.862552,0.2701743105789876,0.16377065241781988,0.32766313651336354
2012-07-09,7.02318638779854,1.0283373045707553,0.9698249233240974,1.029301622351308,81175.648093,0.29172379749217203,0.18530858301368164,0.34873150911307305
2012-07-10,7.20565709616109,0.8903618053747798,0.3907793078543477,1.0361312299010565,-426920.15354,0.31538446469761444,0.19781667997706823,0.38032577176365095
2012-07-11,7.15013457854442,1.031766240495254,4.497776153274102,1.016950426652013,85572.247221,0.30849459130419765,0.1888861718672723,0.37476281727429034
2012-07-12,7.67612017188412,1.0410026379653947,1.309330518620089,1.0401424245881634,145356.271376,0.35481041963313525,0.2382733481911221,0.41750390824039363
2012-07-13,7.67320146617119,1.0421561719928119,1.2774746905251375,1.0381155580753296,156744.459452,0.35146229819502084,0.2313384782408118,0.4175221360075287
2012-07-14,7.58464117527941,0.890813636278292,0.4001551481452664,1.0258688502638205,-343249.367635,0.3481322364077786,0.21714255501876237,0.4218724526757534
2012-07-15,7.62101320875434,1.0155413226226964,1.4773814209898875,1.0111023701181983,31920.512915999996,0.3506363699058997,0.2192097663993272,0.42446235430198004
2012-07-16,8.46416424074083,1.1030593285699017,1.2064820369395073,1.1021809536036622,354053.509741,0.4120348030248824,0.2839791523138495,0.4818885981806821
2012-07-17,8.83027201742877,1.1236393752572378,1.42289837644763,1.106531606678076,599176.7756289999,0.43014736935398945,0.29306369999552156,0.5046947600972285
2012-07-18,9.09624321619122,1.063932012551845,1.1727669800297005,1.062643458407454,251244.29675200002,0.442992180741348,0.30425612351515063,0.5195225219769808
2012-07-19,8.86699310044171,1.0609780537669238,1.2229926891371783,1.0600261796875838,193175.111377,0.4250647057699869,0.27884064965567196,0.5072512236666951
2012-07-20,8.57217512814407,1.0099969482610036,1.4927012611407933,1.003720806989802,30507.806655000008,0.4052618800266118,0.2516303252548847,0.4905213747138161
2012-07-21,8.8457579440364,1.0433609624148399,1.5773659929354493,1.0391207025729552,153141.457383,0.4212340717070973,0.2687574204323256,0.506388256651029
2012-07-22,8.4203719861554,1.002141524012984,1.1230042145596242,1.0014337796542472,2267.0129610000004,0.3907446036177397,0.23046261787005504,0.48160722505178416
2012-07-23,8.45212423482088,1.008767365030649,1.7137718273636207,1.0043188666808092,31655.181374,0.3916947519889721,0.23163040575076407,0.4836031891227494
2012-07-24,8.59363315796697,1.0267198083980589,1.5804157020814453,1.0250993144640481,87171.42780599999,0.40050981664440966,0.24051108292829043,0.49214262236078
2012-07-25,8.80286120169547,1.033455103635667,1.1950776724734422,1.0322380006300584,112002.227442,0.41397259666843295,0.2537911208919196,0.5044145420400936
2012-07-26,8.912463704888,1.0675354942245037,1.4655959265128222,1.0658201433614976,183770.67174,0.4187493374304731,0.256000684974658,0.5105606996630571
2012-07-27,8.9108193718104,1.0337303897433974,2.0381782524775085,1.0242597066899557,93898.58811,0.4169079660392545,0.2524055924695268,0.5104142707908907
2012-07-28,8.80371475059508,1.0217920646838208,1.4187457750678187,1.017834131703844,66693.943749,0.408375156416297,0.24045307689353337,0.504568227894517
2012-07-29,8.70746909673569,1.0355565944480458,1.344834972607185,1.033637406389449,80387.695666,0.4003311233844747,0.22678077068336785,0.49890491122909364
2012-07-30,9.08836146566224,1.0346037647559152,1.5096997432397377,1.032218492045696,116292.58472099999,0.42393323928988325,0.254505723478826,0.5199079595936849
2012-07-31,9.34287895987739,1.0311969174511093,1.3353806852576506,1.030133216583201,248580.590307,0.43687067558289044,0.2662418862491199,0.5330625582613748
2012-08-01,9.54469490846771,1.0395081445725607,2.2828647148105476,1.0360828565526772,176974.736585,0.44664547763218043,0.2758311398802767,0.5428759073138519
2012-08-02,10.5352358143114,1.0958384969631674,2.407266997430788,1.0906445425051101,550003.998641,0.49406059762268273,0.32739555073466314,0.5856884385948805
2012-08-03,10.9779199737169,1.0799139221346858,1.2831496564311946,1.0778027866856568,338116.776787,0.5107232124136467,0.34423684062335447,0.6026369284488884
2012-08-04,10.8614927893059,1.0566052110206974,1.4886657209819205,1.052004321972527,210080.579957,0.5022729088319923,0.32933798352685656,0.5984898130859481
2012-08-05,10.8818853531931,1.0554057209255534,1.769375546709197,1.0527745172079577,228392.519158,0.5010011582494662,0.3236145869968959,0.5992863498861044
2012-08-06,10.8646055771551,1.0358343682908941,2.1175440079457664,1.032279984113492,167029.655044,0.4976544682893387,0.31742880016600356,0.5986554717487941
2012-08-07,11.1000027234805,1.0331325904141717,0.8823363738793862,1.0365676418210983,138249.632545,0.5069954027877445,0.3263969717763304,0.6080118078895255
2012-08-08,11.0727393206864,1.0538564797423295,1.7540720580903395,1.0342616298237988,259714.30768000003,0.5024488541767074,0.31771556408911866,0.6076111001834877
2012-08-09,11.1682592770952,1.0287186216208895,1.8345336131864387,1.025852501156037,152737.067879,0.5041751916946667,0.31838987955293224,0.61095280005637
2012-08-10,11.3863944330225,1.0362330358156018,1.3442888095813832,1.0341341926892853,157485.27707799998,0.5119391933513567,0.3262625524223325,0.6185473790190562
2012-08-11,11.5109970561014,1.028853152490824,1.6181873255567367,1.0266218768996516,122959.77772499999,0.5158024940370699,0.3295897875804904,0.6227416288237939
2012-08-12,11.6239470270345,1.0286646200792686,2.0121368107003565,1.0250319205250582,106649.71477800001,0.5190668886642061,0.33255974331351273,0.6264203553320492
2012-08-13,12.0084845290007,1.0440732222663207,1.5460151765083463,1.04249940995803,277204.671163,0.5323004061440976,0.34638055434744963,0.638464787999384
2012-08-14,12.173826112578,1.0498496959064472,2.623443500273181,1.0422857150567644,257880.439177,0.5358748476507796,0.34860337517295814,0.6433586318837241
2012-08-15,13.2475291580755,1.0924647867155046,2.66989115794401,1.0728150695202487,423471.159947,0.5706004980836168,0.39205092518196066,0.6723034198907107
2012-08-16,13.5058788507023,1.0823381792619893,1.9425612223507627,1.0771529374098747,469529.14075099997,0.5744465123532928,0.39307214573666965,0.6786777041337877
2012-08-17,11.6610689802113,1.018305143145535,2.7286278876625873,0.9787463730612707,104911.27359399997,0.499526521240891,0.2970202618116699,0.6277631143966954
2012-08-18,11.6126447778604,1.0311637566918987,2.0689858178426346,0.9946714284194066,153548.06843599997,0.4974652505155123,0.2911589888837365,0.6266354406823166
2012-08-19,7.88843046855108,0.9079381462685305,1.3015426471122913,0.9035080963851719,-702270.834033,0.2657739111849791,-0.01859656477501665,0.45079949461793645
2012-08-20,10.0896315964923,1.0563749856466225,1.6574530599571033,1.053979752009618,779254.4585439999,0.42241497228589114,0.18218843854827127,0.5707048410464631
2012-08-21,9.95650106467885,1.0000742800691331,1.8151223343515883,0.9970566225670094,-4478.848120999988,0.41405125765348244,0.17087844433601881,0.5650269133840439
2012-08-22,9.82052601019116,1.0068382074426767,2.259800848188475,1.0023617144334929,47013.383035999985,0.4051306537000069,0.1576304140546003,0.5589309579237574
2012-08-23,10.1263712848577,1.0144934196040578,1.0497332772756645,1.0138129496989097,94840.89370799999,0.42240579959310603,0.1789780313052769,0.5731402811130235
2012-08-24,10.5994517842311,1.0304447308014886,1.8640394333196764,1.0293782810886134,220766.756793,0.44697739365992134,0.20948293342639487,0.5922090983582875
2012-08-25,10.5916941382261,1.0217327199793371,1.6777454591304102,1.0202177436266717,119293.77078499999,0.4449047810362175,0.204703391359587,0.5919170301189404
2012-08-26,10.6163676911242,1.0167976294218888,1.4485691725353653,1.0148799729356175,70166.287573,0.44507091559101425,0.2038420964293309,0.5929549422434318
2012-08-27,10.946191390968,1.0924623792353128,2.2876693159143846,1.0492011890193031,600114.9700109999,0.45539200364211097,0.21374537587759565,0.6054298846297103
2012-08-28,10.9400086994119,1.0246622425915013,4.496638654680974,1.0116613821168574,171271.549263,0.45307493378812347,0.20969450033374284,0.6048732575293244
2012-08-29,10.9333793684994,1.0100953953293146,1.517518022900854,1.0091039299305535,60232.792161000005,0.4520371607602182,0.20666776226111397,0.6046501402436566
2012-08-30,10.7872844840377,0.9995215384681471,2.1031873113252337,0.9980089800404721,-6336.655013999996,0.44432689639610823,0.19452951228051865,0.5992179490217036
2012-08-31,10.1604183177832,1.0529987021568743,1.9399768823415056,1.0193817066864441,446200.34346799995,0.4041223131638899,0.1378834641806007,0.5753501612775427
2012-09-01,9.96547656435284,0.978586747276778,2.377630824596579,0.97739103752433,-137209.839886,0.3943113630556882,0.11921720060791746,0.5665756703046342
2012-09-02,10.2204284965284,1.0081943979947487,0.7540631605188319,1.0110890765101888,41997.404840999996,0.4089938397557051,0.13888895812081764,0.5777995020987418
2012-09-03,10.5300109299288,1.0204906917027203,1.2697974651291373,1.019645882567135,76290.12142800001,0.4255972313675056,0.16172451451816522,0.5902729798944493
2012-09-04,10.4103125793911,1.0142538571190258,2.270920549919342,1.0125900130161778,90570.110583,0.41786645645937176,0.148248353424147,0.585415906863056
2012-09-05,11.0009175788096,1.0357262370153193,1.6774038255898926,1.0340961855362967,219949.93333499998,0.4475333629742214,0.18790836570492234,0.6076990879095415
2012-09-06,11.1798400210527,1.0203092520299684,1.9410955518228772,1.0148710086016834,136452.97316,0.4547683929327966,0.19740520131768202,0.6140821342815
2012-09-07,11.01715090374,1.0051094605344293,1.780981892638059,1.0005891908667204,15894.954698000001,0.445649621384904,0.184367103636324,0.608437785985594
2012-09-08,11.0406053901745,1.015328178657792,1.6711088453055298,1.0135662418761582,58812.6126,0.4459693340765832,0.1839681872016463,0.6092750490078302
2012-09-09,11.033861510262,1.0133316034308986,1.449133819103096,1.0128358934154644,115151.360585,0.4439610990257671,0.17991710086566162,0.609072490534088
2012-09-10,11.1689307502104,1.10973674238622,2.0212152902139167,1.0859750459386484,925252.228831,0.44222326261576766,0.17069864010982214,0.614459065392802
2012-09-11,11.3102343829383,1.0095010233582005,1.9027618826030646,1.009259620738276,93776.298714,0.44840305884848386,0.17818211457750666,0.6192501539583591
2012-09-12,11.3648786449551,1.014606516300588,1.4775803488101795,1.013695260359897,110978.512038,0.44938929151597046,0.17884413514178094,0.621139817281716
2012-09-13,11.4076396784589,1.0118561985399537,2.188894592387484,1.0095448981244781,71658.75401500001,0.45035559898313166,0.1793217650616612,0.6225091148232367
2012-09-14,11.7547732163463,1.0202629259197826,2.2190705123761982,1.0173642176828868,149062.924829,0.4651689882953191,0.19856280958374606,0.6335616246505035
2012-09-15,11.7563324296152,1.0302952015742208,1.7777535577839783,1.0239803505207365,161483.659726,0.4634684596746891,0.1948626999513995,0.6337999094722497
2012-09-16,11.9333429976825,1.0248071487914807,1.77043486106375,1.023467329191225,142332.980649,0.4699093014952867,0.20306587623381586,0.6392494541692519
2012-09-17,11.8743145465796,1.0178565222572344,1.2945430222894487,1.0106811314030475,116986.550902,0.4656981697431911,0.1956998732025235,0.6386452470020232
2012-09-18,12.336017914316,1.0345569243719206,1.2804832276789984,1.025909402390674,265701.755768,0.48408576926133623,0.2191890599804479,0.6537958983471209
2012-09-19,12.5416558889025,1.0274597728936388,2.403129655763206,1.0245003451233141,303036.86148799997,0.48943267041903776,0.22533709354833428,0.6594763851097037
2012-09-20,12.2927604062361,1.0371609108301998,1.955389671537246,1.0292997004425184,309644.454834,0.4752111384511308,0.20320794027630174,0.6528387555789694
2012-09-21,12.3678164610961,1.024803237027175,1.6060631927095774,1.0188760080417654,202504.249826,0.47695575303101206,0.20338216802686718,0.6553651961599934
2012-09-22,12.2132953677998,1.0277195355040916,1.7863281405089413,1.010191804184664,83989.074268,0.4692845673812527,0.1913715493622584,0.6513054117050171
2012-09-23,12.1653471147639,1.015038223723354,1.68486869869563,1.0130221382027236,50096.707652,0.46659667888967266,0.18647979376443932,0.6499351839430803
2012-09-24,12.0933100855653,1.014578717825986,1.3916887977364016,1.0071318385969028,79629.06787700001,0.462327417907584,0.1796768414860065,0.6485676816413747
2012-09-25,12.0884522153222,1.0102931494162337,1.3182319591962415,1.0089330085739399,92161.552461,0.46087541908250135,0.17683672173973636,0.6486820707603489
2012-09-26,12.2699902864971,1.0194755875369421,2.673919510158027,1.0174711867743582,150592.788409,0.4675874069250858,0.1854014983893571,0.6538367267761533
2012-09-27,12.3089017119945,1.0217959836010306,2.3115901233948573,1.020104111096606,148314.044264,0.46755126741897074,0.184087690341822,0.6548733510594881
2012-09-28,12.3879200192057,1.034196413764698,12.527436483711007,1.0169930156606783,248968.620063,0.4686189801933213,0.18575736130205975,0.6565751156446736
2012-09-29,12.3630985159986,1.0232434521828622,2.443836429742859,1.0187899151628952,114604.7286,0.4660475499716697,0.18146499170462008,0.6558848095811421
2012-09-30,12.387752611578,1.0178238955416645,2.3276549996328115,1.0166793166445334,80787.457409,0.46609903423034815,0.1807421764761697,0.6565373774075832
2012-10-01,12.396378099424,1.0117388048749263,2.2386373272104194,1.0072788714950633,74304.289361,0.465561720496858,0.17927269416747235,0.6567933015694932
2012-10-02,12.8334705909643,1.0300449982043691,2.588383756980473,1.0279992406270464,266774.790939,0.4820203465076549,0.2014032199974292,0.6684536758906832
2012-10-03,12.8571830959704,1.0240399531493367,1.251836785373469,1.0207326802672796,208869.950492,0.4808500929044516,0.19818424633150342,0.6699712551088033
2012-10-04,12.8499955078679,1.0213393720082211,3.4607915445207955,1.0165156902487391,157249.551607,0.4787874493530201,0.1945111851950359,0.6697158378459371
2012-10-05,12.6906604243815,1.0054160607894809,2.1624301537332244,1.0031845969654813,34780.278661000004,0.47138982900851134,0.18306961939229846,0.6655524726006553
2012-10-06,12.5054290146214,0.9998385756315595,1.8099488038581573,0.997278255396276,-3256.6127699999997,0.4630461600030843,0.17012338247772305,0.6605834158079662
2012-10-07,11.8088362209301,0.9749686154848003,2.003613858268265,0.9738102463505515,-116951.00065899998,0.4318397046389513,0.12301708727357959,0.6405301995402496
2012-10-08,11.7750970615592,1.0207594747684785,1.8530739980740556,0.9890725284562295,107983.50771500001,0.4299333447787436,0.11058705811195658,0.6393821657859889
2012-10-09,11.8901849920493,0.9939873332936359,2.2192163044852125,0.990665445732505,-34766.03056400001,0.4349788929811415,0.11946365385583649,0.6428608972157727
2012-10-10,12.1196742372472,1.0113629318644854,1.5080436736789709,1.007118185900646,62205.990152,0.4450609658018786,0.1344840183440363,0.6498701271229093
2012-10-11,12.0323725213688,1.0010802739812785,5.760075833706363,0.9978392677201138,6450.740811000003,0.44053834079526555,0.1274939613045654,0.6472017474142812
2012-10-12,11.9909674553594,1.0026475591174249,2.284798433766386,0.994629687222436,14214.081682999997,0.43808945514974973,0.1240336651282297,0.646030229353851
2012-10-13,11.8607590592531,0.9936584282985357,2.141922493154456,0.9916420825079543,-24515.836575,0.43162746503271276,0.1143438704912114,0.6421223988452721
2012-10-14,11.7503339573402,1.0064018201616072,2.425932944234849,0.9867191651889791,24411.880917000002,0.42556499847699925,0.1021068381405914,0.6384715519216495
2012-10-15,11.8608531791416,1.0091272451001005,2.3901863316195473,0.9999570834424399,44143.562344,0.43064480350337253,0.10955349757482616,0.6418613453988803
2012-10-16,11.851232839112,1.0076141743660567,2.1118982423706303,1.0047674575632228,43372.060587,0.42937806057982486,0.10643577569182208,0.6414794935108645
2012-10-17,11.8524924969037,1.0195985358439115,5.0628665021768136,1.0000525602145487,137857.28431999998,0.42786971440704485,0.10522774130897931,0.6410687455730377
2012-10-18,11.9434086613232,1.0113984677310335,3.5492413472543602,1.0067728612155866,71993.365235,0.43144385815787833,0.11026568081278422,0.643703056583898
2012-10-19,11.7466180368638,1.00165724728511,3.579291108058611,0.9945088658457497,4885.979985000005,0.42152750773973946,0.09511403789205729,0.6376131422133993
2012-10-20,11.740595799939,0.999208978449551,1.7477678641351986,0.9972817895829698,-4833.938557999998,0.42112094506110853,0.09036697587810978,0.6370533427255065
2012-10-21,11.70884258701,1.0495777719947426,2.2516841609403655,1.0203503300003205,176339.209231,0.4177640292210072,0.0850895006233523,0.6362014461852269
2012-10-22,11.7739991176808,1.0027900153604212,1.910598055163491,1.0007595851004638,14753.809307000001,0.4206828484463546,0.08932235471305906,0.6382104366219872
2012-10-23,11.673747540672,1.0012030983728104,1.7163616095112237,0.9979371630938675,5705.209201999998,0.4151657771133397,0.08073971884112845,0.6351582912718708
2012-10-24,11.6512737843327,1.0077861961234218,1.9851107154814185,1.0060702317738632,41165.487146,0.41332040439794965,0.07759446762983624,0.6344391112217131
2012-10-25,10.8405550752095,0.9866453702355218,2.8999344074340634,0.9771360103597502,-103041.365287,0.36944448182835804,0.01160408679964859,0.6069380238892651
2012-10-26,10.1703989698262,0.963243664570256,1.7225931859150774,0.9516873662660436,-199246.362786,0.3292423852049547,-0.04759600131700336,0.5813418910475154
2012-10-27,10.3082039288261,0.9716551687509806,1.616177433240905,0.9710308745263546,-129951.30798299999,0.3390236839487648,-0.030941619122034067,0.5869028174645179
2012-10-28,10.7048210643435,1.0004518201937054,2.2598008281133266,0.9983179816191493,7478.674238,0.36371537973963364,0.006854747170551116,0.6021773764922095
2012-10-29,10.5965798171307,0.9950532341176002,1.8843305064063558,0.9925488637825853,-22118.926867000002,0.3571591784912125,-0.0035272501769789094,0.5980504961502606
2012-10-30,10.8876742904718,1.0067681763566283,1.8990713614154275,0.9990962625215041,38291.475426000005,0.37421154179780536,0.022573478085482154,0.6089008647397055
2012-10-31,11.1981681665433,1.020781139516327,2.2013974641736445,1.0153602220112041,124538.090842,0.39057020884014454,0.046930870771170745,0.6197413776369177
2012-11-01,10.579295013708,0.9750163238131077,1.6890927186102154,0.9709601346283343,-141058.180369,0.35493548981202944,-0.006528547580713365,0.5974930281761843
2012-11-02,10.4173955882617,0.973108150782751,2.150318659290775,0.9717543324056606,-124903.935751,0.34562370336742554,-0.01978770087967982,0.5911684485901827
2012-11-03,10.6420090191834,1.0014432674973552,2.112539022466031,0.9993694107478988,5515.909250000004,0.3594898587655693,0.0009106388183162384,0.5997034025887672
2012-11-04,10.7991996297811,1.0267374243853447,1.999269340050099,1.006233207804827,94176.32872,0.36801616016302174,0.013828047770705199,0.6056281811613099
2012-11-05,10.740142767633,0.9999985464348654,1.7660012695960525,0.9983029730734008,-595.3794239999988,0.36423275981740566,0.007718244077251243,0.6034056443983342
2012-11-06,10.8838717202767,1.005168128971216,1.9583863193071458,1.0032376601987927,27198.920209000004,0.37229039673044106,0.0192022022426693,0.6085280946428082
2012-11-07,10.9377101759863,1.01203506491314,2.1000460511266774,1.0046569991863128,57802.482853,0.37437314278949557,0.02231733363400147,0.6103690871828858
2012-11-08,10.9242795962457,1.0049177429827336,2.0701663718106498,1.0023700434560785,22380.274655999994,0.3731425698298637,0.02033122058997849,0.6098433802935559
2012-11-09,10.8104204223338,0.9985040522450972,0.8916307807183321,0.9992800932336688,-6564.220270999998,0.3662380113604559,0.008960700395561025,0.6058275410643144
2012-11-10,10.8347859987849,1.000989783489354,2.0733089883839626,0.998065265789302,2952.473871,0.3673963465791163,0.010653391263151379,0.6066207490875017
2012-11-11,10.8659331506974,1.0101352587964851,1.9117000118950962,0.9983061467120996,27071.748184,0.3688255281602993,0.012897184266499006,0.607766775214687
2012-11-12,11.0171473552111,1.032290851425468,2.7892895097744876,1.0113183296515833,104830.25032600001,0.3763642288117139,0.025172559043589494,0.613046838482846
2012-11-13,11.0053105442411,1.0137456135335294,2.2050732145877734,1.0120344090949767,64763.432682,0.3750464561907958,0.021788994227211388,0.6124634572687284
2012-11-14,10.9628790198881,1.004638971176073,1.3440444697869645,1.0021123575633015,20193.911797999997,0.3721547100360214,0.016876140393927635,0.6110282716553518
2012-11-15,11.1959710255672,1.0146225074005684,1.8985437262530642,1.0127263580693338,85784.050834,0.3845741134075954,0.032121474100912414,0.6183573546017239
2012-11-16,11.7457475690456,1.0401420035502063,2.3033018036382695,1.034485540355902,283779.28557400004,0.41142357258290396,0.07151347474130212,0.6361270344969796
2012-11-17,11.7847577411786,1.017349135372203,1.836212032198594,1.0153152514413109,90778.647554,0.41238809327804576,0.07222402890570359,0.6371898265622742
2012-11-18,11.6399479971305,1.009011396874425,2.828231045800482,1.0070126349329254,40431.576679,0.4041339803707368,0.05932146913760377,0.6324854714939834
2012-11-19,11.7601829601469,1.0217568683756426,3.8379646021241376,1.018361130410096,116604.783721,0.40904666655434063,0.0660634489092056,0.6360099145986354
2012-11-20,11.705590839703,1.0074637668519049,2.401025887634334,1.00633536119956,36786.802826,0.4055951868535304,0.06008526203562853,0.634068022822847
2012-11-21,11.7481456690149,1.0146833156677153,2.3504676955222177,1.0112856496377773,70856.466209,0.40690204416841247,0.06120325971073343,0.6350870919735481
2012-11-22,12.3030228436012,1.033290503734904,2.0286426406914746,1.0307186760857603,174589.24195199998,0.43229157606999735,0.0995550523582202,0.6513588526554559
2012-11-23,12.3450058705694,1.0268456668897343,4.575390611875583,1.0188072510129145,126935.251976,0.4328839946595791,0.1000161075725092,0.6522512791805408
2012-11-24,12.4115736085033,1.0229962733001472,1.5501893377082407,1.0218805715392958,118672.013778,0.4346586670652233,0.10166931666666396,0.6539214014686383
2012-11-25,12.545105850885,1.0376614962296262,2.3938194885094193,1.0248203007097616,146846.136354,0.4393269872634195,0.10852274518756465,0.6575333798641457
2012-11-26,12.1299860876359,1.016084557002015,2.283726813943103,1.0066415480292934,80888.50016699999,0.41849471313953457,0.07659205169170527,0.6457563950234781
2012-11-27,12.1893480599252,1.0109391085654953,1.7022835301566834,1.0067367107044372,60436.380265,0.42078069616412894,0.07889245832702292,0.6473133773139449
2012-11-28,12.3458950191662,1.0211297014800065,2.7769631092791243,1.0157419592152244,105750.544815,0.42705464347495425,0.08825205754538591,0.651621045430714
2012-11-29,12.4551525819641,1.0199263740001518,2.3683885088980285,1.0151117276274686,86403.743848,0.4312901850688507,0.0942832989231982,0.6545253081660023
2012-11-30,12.57068531433,1.0352329025017943,2.7577815259353704,1.0208652714682336,149313.30374099998,0.43531168859807,0.10004614168497737,0.6575142967670503
2012-12-01,12.6669700639288,1.022097573402587,0.8587665998932671,1.0239183893508426,77244.1448,0.438965124355846,0.10459752369711603,0.6602684005503178
2012-12-02,12.5000271920804,1.0066133033522993,2.277884105204122,1.003781146376648,23363.968183999998,0.4310407857496711,0.09165016429137732,0.6555367493339186
2012-12-03,12.6774422005852,1.0202564988287972,2.1903417397326246,1.0164690523979016,123289.876227,0.4380927842904631,0.10181435846329548,0.6602548107219052
2012-12-04,13.3772556953385,1.103731023558034,10.850387305192706,1.0446295546881017,623673.1724340001,0.46359318288090895,0.1421434498885208,0.6767072336439249
2012-12-05,13.3650391946128,1.0410261181894058,2.431933185987671,1.0362571017523363,279772.986256,0.4608373326987382,0.13547359804235864,0.6761042046368202
2012-12-06,13.2546760189191,1.0112269900690765,2.152265698143253,1.0093496318099031,85632.95083,0.4547341019380174,0.12572856066663338,0.6731274311182622
2012-12-07,13.4293274936042,1.0381692728036636,3.028562751777875,1.0179631337956754,275410.395491,0.45988100241754204,0.13338004263194153,0.6771409437989544
2012-12-08,13.4306842952054,1.0181097127808416,2.3088337515496447,1.0136375546037466,72740.204495,0.4592497664190844,0.1313974963879119,0.676927853813959
2012-12-09,13.3996229895951,1.0318458860017867,2.575199177718119,1.0237129910631233,137057.040986,0.4570962585787657,0.12593561922079322,0.6757498324114282
2012-12-10,13.4445823731791,1.0229829185703194,1.7176303605487928,1.0154642731401906,120825.46378600001,0.45788033365684044,0.12653595708437826,0.6769345540502597
2012-12-11,13.6785738876335,1.0288752311504308,2.0531953016274125,1.0233011848706253,186259.71216599998,0.46602321717603457,0.13778891446037467,0.6822972894909962
2012-12-12,13.7065807911752,1.029731773775856,3.707871491342106,1.0149204896153734,219017.160031,0.4655032160333053,0.13625763934814264,0.6824758802865608
2012-12-13,13.73950338064,1.0290065682186786,3.0312344355631198,1.0236051298445878,304654.397042,0.4645288137281518,0.13298192554317798,0.682941233077079
2012-12-14,13.6248439224843,1.0131133756043962,2.6610168576432405,1.009809712523262,97925.681323,0.4590561414397958,0.12377356696356669,0.6800469770663163
2012-12-15,13.5588483411305,1.0059161344324152,1.4963564938717036,1.003953773674391,27893.334951999997,0.4560915965972434,0.11707846029677715,0.6775965118852322
2012-12-16,13.3694020985842,1.0095323094468847,2.7585736377651986,1.000455311087089,36515.525046,0.4478730193147163,0.09988942098574069,0.6709157247604649
2012-12-17,13.2653351260352,0.9967711425842574,2.0960524063527486,0.9944952901476051,-19080.329825,0.4435974632845266,0.09279404016117218,0.6681410640460197
2012-12-18,13.2947699333597,1.0121610112646249,2.223396137475537,1.0082211388046691,77595.112059,0.4442425225108744,0.09305858143309918,0.6684666209274057
2012-12-19,13.6106499253588,1.0262698054487314,2.3547986073048586,1.0187805999256911,159724.153586,0.45620072339987466,0.10992708125440219,0.6745945252954585
2012-12-20,13.5710277198589,1.0292205396489587,3.8515828829267256,1.0075936663337737,147729.369819,0.45335961408798386,0.10560135335701204,0.6728427579952864
2012-12-21,13.516087401888,1.0159556383860737,2.428209981859472,1.0101055569640163,100541.352196,0.4501297302060372,0.10012133793917632,0.6711267197503418
2012-12-22,13.4844562231903,1.0020440497382364,2.457833394183581,1.0006953216242604,13062.876364,0.44860417104518474,0.09711804588527596,0.6698569132997236
2012-12-23,13.3327915615681,0.9979208193497555,1.5766045981028214,0.9955376298100059,-9107.480054999996,0.4422980292992491,0.08628918763070234,0.6655284094552588
2012-12-24,13.4299141839974,1.002062696805865,2.199275818894825,1.000294499552925,14158.197464,0.44611069451121704,0.09150716060328484,0.6671534948952824
2012-12-25,13.4478318363456,1.0049681365758607,2.2071613588979386,1.0026361036587812,19726.904921999998,0.4466634748902617,0.09116976570936437,0.6667819724003441
2012-12-26,13.4711901518354,1.007650948588645,2.115173230481833,1.0068312276526086,35179.335798,0.4472815958717211,0.09126567711877091,0.6667992991408396
2012-12-27,13.4317689531451,1.0040575871411377,1.8839747217838598,1.001994785825301,19861.452187999996,0.4452805325337629,0.0873252346471535,0.6651081465375086
2012-12-28,13.5102068647148,1.0093371316179245,2.033372612243446,1.0075766543294484,66452.068252,0.4478817102921389,0.09016164856823229,0.6660051141196898
2012-12-29,13.4086217509987,1.0008093719852895,1.9967158454240703,0.9975709271036799,3690.5849390000003,0.44328083323052175,0.0822117460783826,0.662573075442094
2012-12-30,13.47792229064,1.0076086600223657,1.7787994870682364,1.0040306615930354,47644.917835,0.4457382486112285,0.0859367790875245,0.6641693057436046
2012-12-31,13.5599728441957,1.032623774402101,9.404690251198737,1.0107420767792992,227966.086514,0.4474166035759145,0.08920802658968405,0.6653990349294117
2013-01-01,13.3556394747927,0.9986943064571543,1.9612899069306922,0.9955086578417266,-10324.791870000001,0.4386662191445903,0.07470930265615161,0.6595011411784483
2013-01-02,13.2944949976478,0.9998110797555319,2.020668865155121,0.9986042297195791,-2502.684577,0.4358119801445322,0.06982416180888666,0.6572348178095441
2013-01-03,13.4254513211494,1.0072879765651528,2.317797440633847,1.0036531798680786,56506.248982,0.4409106783537313,0.07775193166550988,0.6601253923724274
2013-01-04,13.5165440963178,1.0136031239065793,2.2580144115126823,1.0114738558400336,109193.08378500001,0.4438819175701445,0.08182906061007215,0.661832938402892
2013-01-05,13.4425028839674,1.002292287936037,2.130422454645154,0.9997634790165731,15689.389997000002,0.4403495820677186,0.0762177644869488,0.6587056711386811
2013-01-06,13.5182959408963,1.0058016570279986,1.6600485946224852,1.00514079787608,37027.778352,0.44319053851427925,0.08048524536475149,0.6601198834462575
2013-01-07,13.5879010666274,1.0082580859565662,1.8746533027365686,1.0057758997824968,63913.402971999996,0.44557044050158745,0.08399907442737847,0.6614061305392277
2013-01-08,13.8059450561667,1.0204529849723039,2.1485269465870296,1.0179348800311296,208684.685972,0.45269317044437285,0.09478366988460388,0.6663169394592717
2013-01-09,13.851810954259,1.0092612351606607,1.0588904275949547,1.0088141978152925,82727.78161499999,0.45390026448209525,0.09594098673743731,0.6673987238771698
2013-01-10,14.1403692398625,1.0290926311420787,1.6816507612558713,1.024240860545042,245107.457844,0.46326826522091524,0.10958084717972992,0.6721146441544746
2013-01-11,14.2743814397457,1.0204576273585437,2.131169197849171,1.0175918555236154,177963.405416,0.46709151455453096,0.11481635889134503,0.6745736395228163
2013-01-12,14.2556120854955,1.0105699079789383,1.8752170806045731,1.0079178375802287,69625.341845,0.46571123226338706,0.11236476060070238,0.6735608424183828
2013-01-13,14.1896432167947,1.0123238500721172,2.943204929482813,1.00526491416663,90143.690502,0.4624890154750511,0.10716117327904595,0.6714843404602285
2013-01-14,14.3413530803312,1.0190485225957602,1.9629253798692596,1.0156797011950207,108787.993713,0.4673370732055711,0.11475010563034378,0.6746541296442187
2013-01-15,14.3547112047567,1.0163446948931236,1.5098380337768926,1.015176571547011,155647.524366,0.4667260318235501,0.11275274980357745,0.674221241145545
2013-01-16,14.741671428825,1.024676886605835,2.037636423596628,1.0202358976757866,251750.583315,0.47929375776774935,0.13206798915638648,0.6819125956890703
2013-01-17,15.5286807890871,1.0487380169687195,2.5833826332799403,1.042211225912934,542510.8880810001,0.5028710425951692,0.16805154178038192,0.6973928394934307
2013-01-18,15.710059558545,1.0299001175110136,2.4191118934537665,1.0260719350004481,332348.96020800003,0.5059646832127209,0.17283639222900313,0.6994015215282798
2013-01-19,15.6144642016732,1.018023955220003,2.338643983779854,1.015235495295924,139328.496998,0.501957795407433,0.16502886972792133,0.6958755716068707
2013-01-20,15.7010026178448,1.0160739875974705,2.387970626744623,1.010480804811803,122430.47462,0.5036255342812561,0.16711223770786884,0.6951519519804694
2013-01-21,16.8212499688939,1.064214856907776,2.48479928663796,1.056012440850073,581399.9104350001,0.5335760418485644,0.21363007787868477,0.7153582516844129
2013-01-22,17.2826816449062,1.0858322219809782,2.6624657962794993,1.0580996428240883,1043360.868853,0.5402466976007191,0.22146753066822153,0.722645472590028
2013-01-23,17.5163862905568,1.0311039055989226,2.612127060382731,1.028662690064159,414487.929397,0.5442189333854771,0.22530528192315288,0.7258509877355561
2013-01-24,16.7789998792135,1.0229961371096778,1.7738860602931745,1.0149954260292893,288297.391665,0.5194400761853105,0.18667746563184306,0.713680789404411
2013-01-25,17.4683551962752,1.0323083710529881,1.8884111016693104,1.0276769650551194,438020.742279,0.5380511929309252,0.21221911613176161,0.7248487367016588
2013-01-26,17.8026946637477,1.035171188615981,1.7069462019213617,1.0313484805581845,417963.865989,0.5457993067454779,0.22081659372932716,0.7299858200798982
2013-01-27,17.9550542216326,1.0534064596141433,2.8054831518002032,1.041457620564844,709191.6648,0.5456549114491244,0.21853495993129837,0.7323026741847121
2013-01-28,18.7861615500321,1.041623805575241,2.9096606828962672,1.0350458197748658,613535.663971,0.5626371250500589,0.24429639658413554,0.7431747838881432
2013-01-29,19.5621580238926,1.0691233863398732,2.5857976147508537,1.0583656862090685,1294769.904021,0.5737291260788452,0.2582828388375369,0.753240414779245
2013-01-30,19.7981933478705,1.0743667432249042,2.6859449107526867,1.0533818739131662,1120961.981569,0.5733773384852489,0.2542854780566528,0.7559989482313828
2013-01-31,20.502697917887,1.0756318650332857,2.902139200273459,1.0577025321681057,1193423.893005,0.5816084178401382,0.26664470047200767,0.7644041764969474
2013-02-01,20.499544897991,1.0921344138446203,3.790817453492316,1.0399749589772835,1746767.368707,0.5725242397403519,0.2523147004839147,0.7641298856116205
2013-02-02,19.6916865333504,1.0069147680895993,1.4810710161192482,1.000905769608477,111915.911219,0.554264239693444,0.21962778705928138,0.754964106714403
2013-02-03,20.5855190552894,1.0336609902803588,2.7262461020255713,1.0284062658315014,483511.031005,0.571864321188887,0.24769161536181347,0.765559955664131
2013-02-04,20.5326352292625,1.020320815359496,1.5130774133516327,1.0148543248705089,361228.62538399996,0.5688030066484944,0.24115423471441647,0.7656525844699078
2013-02-05,20.6078211379366,1.0236063090651406,4.796512797492564,1.0146610753825502,444963.853653,0.5679469509518555,0.23926063179886406,0.7661222907682322
2013-02-06,21.2016287160435,1.0313425355428985,1.7514770695965194,1.0295061694374548,594362.85014,0.5772736600623054,0.25297901700009323,0.7724688954510146
2013-02-07,22.1217808336164,1.0367616154041592,2.278489665257456,1.0299737169988545,689100.725404,0.5924301267717392,0.27621122006818893,0.7817879113663557
2013-02-08,22.7209548939684,1.055030670500818,3.0901136827550935,1.0481271984568388,981436.447544,0.5988514425629684,0.2848424692918694,0.7873984600321003
2013-02-09,23.6838176687102,1.0515696074556005,1.8511326739560165,1.0404463433457003,868679.366089,0.6116660253127596,0.304958020052279,0.7966864942402624
2013-02-10,23.9682983039163,1.0300526297908756,3.016892646431645,1.024356864112453,464673.906287,0.6143872077498569,0.30810976559795805,0.7988334449587737
2013-02-11,24.5484159214328,1.0553105108914171,3.1705669454171446,1.0410138491033722,716458.5999350001,0.620707008966352,0.3174979482878067,0.8034366039974473
2013-02-12,25.2722410036258,1.0605837460020169,3.7436324523556324,1.0466248567742038,870151.933797,0.6279069336867866,0.3290360983473532,0.8089160356097257
2013-02-13,24.2671997269565,1.054699741913652,2.8248438473401967,1.0449125998791386,773572.155073,0.6072592005830615,0.2935956863692401,0.8009663226765205
2013-02-14,27.2405756807618,1.1084783152213178,3.6544652860891746,1.095699881168041,1641431.0729,0.646013638369437,0.35629639327033474,0.8226245268593207
2013-02-15,27.0929671863023,1.1048856791156598,7.157249129298085,1.0648318208008953,1550471.251187,0.6384074388582345,0.3413478631659814,0.8212418017304378
2013-02-16,27.315626951386,1.0861523889190485,3.869588079359171,1.0774105007952735,909519.659586,0.638011800789508,0.3383910984226059,0.8225114873392094
2013-02-17,26.8961429574462,1.0570254804142765,3.636532131318944,1.0477872357877773,728646.4222799999,0.6296157572849156,0.32063887608674585,0.8190800068359965
2013-02-18,26.9495528329032,1.0489287533734128,3.5492703041246765,1.0307774603414936,673655.224488,0.6278353642932324,0.31667424499257313,0.8194823479942971
2013-02-19,29.4338080772419,1.0953252110261094,4.046398874356647,1.0786399918775533,1574030.3078140002,0.6550043424124256,0.3607797515743115,0.8339097004651868
2013-02-20,29.8254917390948,1.0615532290733467,2.7948775957041003,1.0450299336276838,1128883.23658,0.6554340148037547,0.3591564444956337,0.835494413875251
2013-02-21,29.7440465328677,1.0427003195763267,4.5600943095944615,1.0364775564196544,733895.928417,0.6516314385096708,0.3510727843988458,0.8347544946660903
2013-02-22,30.2975680514547,1.057524694813823,3.9433944984778826,1.0480869256682495,1100872.336884,0.6537648741837827,0.3540548986868282,0.8375777226858232
2013-02-23,29.8027220992694,1.0393373333883027,3.21107526149432,1.0304575402190805,624357.5122069999,0.6464417966221747,0.33783302482198785,0.8346016855916812
2013-02-24,29.8999716476785,1.050373222353751,2.906889195694072,1.0422526321471037,735721.314639,0.6449417082656335,0.33315165296072646,0.8346898098017929
2013-02-25,30.4005261184774,1.166233690830968,6.462986296141575,1.045942972980801,2905741.827797,0.6418308098908541,0.32973317105475136,0.8366876947902114
2013-02-26,31.1830423997297,1.0536809875328066,3.383672145784791,1.0356228403948533,1158047.849602,0.6471878231171337,0.33751532843013904,0.8404013971375112
2013-02-27,30.9836793238208,1.020331794057643,4.721526348099068,1.0155626511812799,346365.114928,0.6432174317683342,0.3298535255508619,0.839023960070339
2013-02-28,33.3959966454728,1.122310972751228,4.1899108760275565,1.075434025093245,2989173.429259,0.6607863937965932,0.3596974957013954,0.8506252095735679
2013-03-01,34.569714835953,1.076351978826237,3.9828121792595157,1.0626586720697788,1579300.258495,0.6681864521771673,0.37008699526670846,0.8552788177819715
2013-03-02,34.2886615198049,1.0455967714450132,4.278824292069897,1.0369994532547062,790195.381599,0.6628810982168787,0.358440247460865,0.8535442978111396
2013-03-03,34.5590920096587,1.0516551774174339,3.7236448960657373,1.0318745056180398,585314.923296,0.6638593162273154,0.35895529613711563,0.8544113948771437
2013-03-04,36.2221354708367,1.0759374764752627,4.023379129851079,1.0672904158461558,1385888.158393,0.6762747957627602,0.3782137024784047,0.860634390148986
2013-03-05,40.7062021057804,1.1518152710731877,4.166612810801392,1.1262865715835328,3953159.221229,0.7039142489441579,0.4240100960498403,0.8759410178607294
2013-03-06,41.357116237616,1.1192570912847741,4.722188411443822,1.0862046839540922,4278967.300273,0.6926085196291719,0.4103086195295238,0.8778901804713997
2013-03-07,41.8823065065484,1.1011413725872548,5.363903211677913,1.075955637912947,3006025.302184,0.6905214801886891,0.40090412307165973,0.8789646410899802
2013-03-08,44.0197167609204,1.0836402251535886,4.927691569259925,1.0742930865486127,1824600.2310819998,0.7030920942154537,0.419823171603889,0.8847143877012779
2013-03-09,46.8249311151499,1.126499763163122,7.939376899681968,1.099848790242577,2894505.7564169997,0.7167389289770059,0.4405500811088465,0.891458676415333
2013-03-10,46.115188166214,1.0633004734354061,5.087326723256756,1.055233189348594,1285583.3277,0.7089429725212516,0.4247049360489049,0.8896344089141556
2013-03-11,48.4418702038992,1.1016275284241164,6.038067409358046,1.0741226096132017,2003051.592811,0.7195631130541656,0.4429257347828707,0.8949138425380385
2013-03-12,44.1373868167174,1.034813096177244,4.872123381938397,1.014675339327553,943050.895868,0.6888861064005023,0.38415550740159243,0.8846975236406079
2013-03-13,47.0793200118059,1.0943186056212344,5.123907466392515,1.0694199367948183,2403914.988538,0.7042297835120382,0.4114142903623032,0.8919961036241756
2013-03-14,47.1251409363745,1.0649481175509532,9.545091450966542,1.0517756995407228,1638023.215916,0.7006621810172995,0.40323889413494224,0.8917732679699489
2013-03-15,46.9808156603533,1.068673160155217,6.133103185395007,1.0463302644781014,1605304.643567,0.6962359873294359,0.39379709893382214,0.8913777905242811
2013-03-16,47.0199245694818,1.0474959650387672,4.628904785904198,1.0384309486644905,965839.6050989999,0.6944461887771568,0.3886326395260053,0.8912937430929739
2013-03-17,47.4463925864026,1.0580169439008003,7.31042258182933,1.0344875726371432,1070035.2583040001,0.6950978731233864,0.389006117491439,0.8921703058734743
2013-03-18,51.587925040732,1.1027674475852554,6.926192324705081,1.0977363524922752,2727910.846409,0.7171131202940316,0.42504942029623205,0.90071223070215
2013-03-19,59.6210151755252,1.1615354153793918,8.992188314581606,1.1443058108680892,6454293.014705,0.7476629498865172,0.47740300529364044,0.9139694286503091
2013-03-20,64.2960898368487,1.15203343744059,7.54070187816142,1.13192060466935,5402242.762683,0.7581253827813591,0.4953422326540361,0.9200943632336546
2013-03-21,70.9230567433894,1.2166048221404167,8.538712024590167,1.163979096620383,8351083.156446,0.7688989026102364,0.5159730458696378,0.9275096106108183
2013-03-22,70.2632560819243,1.1513642895019063,9.01605733002097,1.1019872065446643,5558093.057308,0.7574442648320397,0.4945255169180984,0.9268670385271173
2013-03-23,64.3078304350832,1.0482311323308697,7.546721003893167,1.0166711840735547,1285344.084155,0.7325593693673836,0.44355231176814325,0.9201207696598613
2013-03-24,71.6177168938359,1.1795720566072343,8.083013495864348,1.12978599494204,4493902.155526,0.7551998698832043,0.4866567565478382,0.928324858392107
2013-03-25,73.6210477677224,1.1560973605482416,7.65829903108905,1.1070687565169266,6688144.858081999,0.7532149012309384,0.481999674202025,0.930502483255303
2013-03-26,78.7388482182998,1.130222061795996,10.95520732175906,1.1018228084896433,5097585.444558,0.7628011090273322,0.501757823545448,0.9350391818557083
2013-03-27,88.8537537816331,1.1737330434334228,10.016594531643374,1.1384095816704833,8792480.828458,0.7813466206791688,0.5371382738909788,0.942504286171705
2013-03-28,87.2120940304883,1.1277463460909198,11.761369193852468,1.1083240379447308,6853645.914243001,0.7659376451940368,0.5110074620788067,0.9414072089793787
2013-03-29,90.4589233279579,1.1103725596368479,9.714646527092592,1.086427810231852,6026690.821803,0.7691066446997182,0.5141206295102548,0.9435752735913725
2013-03-30,92.1993160292201,1.1834920300578367,9.448033883578132,1.094883755547181,7388290.011096,0.7661627898110346,0.5083321568099843,0.9449456870331835
2013-03-31,93.2783752640217,1.0939685165360225,9.173307823458739,1.080359961052314,2989402.618251,0.7656547626345638,0.5065627879627272,0.9455901757976205
2013-04-01,103.979880451985,1.2966776868052292,14.336546032325153,1.1958668531509984,13327956.873073,0.7787914999484724,0.5324053578966784,0.9513182744777553
2013-04-02,118.079318527155,1.2090681625141346,14.230704191745346,1.1712300060726804,14638131.448426,0.7964322806178469,0.5623042936505206,0.9572075782361691
2013-04-03,134.614614399499,1.3294223050732141,11.995135076160212,1.2059365185162643,28396936.139172,0.8020076197648359,0.5743229215404972,0.9629205935606244
2013-04-04,132.449856566756,1.1417147020152574,15.90902142999769,1.1042787610956637,9658809.798897,0.7913376290659089,0.5524683621312471,0.9623442400823959
2013-04-05,142.160777941535,1.336283772336449,15.997567181711966,1.1957429167846076,23647836.396853,0.7907723272185749,0.5529594843294386,0.9652211385475675
2013-04-06,143.785479650067,1.1610595569603859,19.837857603201876,1.0872294862718432,7957137.075094,0.7876910197941209,0.5465016951165821,0.9655526412538072
2013-04-07,163.759707147731,1.2371925743545522,22.638870847078323,1.181716836816352,13080170.967721,0.807409233154458,0.5858499422269567,0.96977791371149
2013-04-08,186.909446363436,1.2850043813814538,27.77266594034257,1.2293996596674335,29227680.982511,0.8166298901278848,0.6060073844826062,0.9735391116060441
2013-04-09,230.87482467924,1.4998322355500664,34.905908953124985,1.2879715860058636,63379840.0424,0.8294400654309889,0.6313856977952184,0.9786791825100981
2013-04-10,164.723583158101,1.103211737447406,17.848616167600564,1.060395514572523,18869306.094718,0.733764831817783,0.4641810464022199,0.9703069839410595
2013-04-11,100.160714285714,0.808977091590197,8.912213110672383,0.7802746618793486,-24069198.493171997,0.5798458206095991,0.1709574310202368,0.9514793795685622
2013-04-12,115.754175159565,0.9575742562449818,12.635137567285437,0.9364058083641038,-4991614.433754001,0.6623626587642739,0.2926475683387742,0.9580717499536521
2013-04-13,92.9782516803297,0.888710421344567,12.382864700898407,0.8532063218184096,-5756479.92646,0.5772103812695588,0.13360807718544435,0.9478161837600404
2013-04-14,89.9383796297025,0.904417638095317,9.314840640462013,0.8724081498669588,-3651391.738049,0.5634068106115684,0.1139226518930364,0.9461392342185421
2013-04-15,82.6522983680466,0.8903251657323169,10.119470329099741,0.8662870854999002,-5808224.187997,0.5277904648334302,0.05171050388958253,0.9414500250380201
2013-04-16,68.5878286220295,0.901013493012327,10.240902186088393,0.8621967985330719,-6658496.983614,0.4431461069175224,-0.11597661232338709,0.9295809461090211
2013-04-17,93.5765842688243,1.1270810252530852,9.84187959907724,1.0878879887614237,6577306.788494,0.5900817834064137,0.16940512647581193,0.9484114531672777
2013-04-18,109.429990681061,1.130822107318339,12.596056200876042,1.1207905159702511,6793873.924817,0.6467684137813037,0.2774795899799442,0.9558664862352539
2013-04-19,118.711290590187,1.1246311536405251,16.084044556240215,1.1094213556206163,7160686.090108,0.667731385139038,0.321552421842053,0.9592310893434137
2013-04-20,126.843420171027,1.167835407792414,20.425484748588172,1.1432751723518635,6170383.894799,0.6847735747333391,0.35489524168500525,0.9617463799584001
2013-04-21,119.203365333235,1.1154695294647838,8.68643009019589,1.0733937443428552,4010313.4464209997,0.6603402967265442,0.30802707780743177,0.9594466986189044
2013-04-22,127.124598815686,1.1202941919088,13.911200155026938,1.0956584210636908,4804549.191446001,0.6783457760746513,0.3442003047883256,0.9619957109402207
2013-04-23,143.371842238477,1.1947808803058002,25.952471924574862,1.1333166680034217,9914078.842753,0.7098097199446382,0.40670757618784625,0.9662779669667834
2013-04-24,154.736372946798,1.2712694635375545,16.07513004151724,1.2293939812134662,17814594.964997,0.7204510316375877,0.42930085431764464,0.9688274973224499
2013-04-25,142.65628061685,1.1331489010250928,20.262848045407168,1.1271450897979356,9711551.151251,0.6836238650263766,0.3677073182058335,0.9661750609287315
2013-04-26,136.891645175518,1.042812127531404,15.945277823892905,1.034442531574389,2181405.315481,0.6688993325509858,0.3375023283386541,0.9647124556520245
2013-04-27,128.216520874299,1.0732653020793153,18.28594881086262,1.0524703722887256,3135142.2537469994,0.6428525486398241,0.28785671713454924,0.9622722565936584
2013-04-28,134.604037434652,1.0689241184633076,13.774960040239932,1.0520199791008713,2089274.912399,0.6581837468970466,0.3156974054127602,0.9638186930138484
2013-04-29,143.932198461266,1.141172995429481,17.550990389926564,1.123794168603166,6377294.638724,0.6764214905999458,0.3503421546992925,0.9660558926200653
2013-04-30,139.280097232008,1.0638820017684358,16.67982888453564,1.055460281257885,3104905.205497,0.6631345877935779,0.3233600116037898,0.9648469515939271
2013-05-01,116.40968210715,0.9446840923308735,15.577420549120996,0.9190318350381431,-4153534.0296139996,0.5984607744374784,0.1988513060219713,0.9579510062101759
2013-05-02,106.117951594508,0.9477029612979094,12.855354425528107,0.9407670059733676,-2924715.104241,0.5625885230210091,0.12630787633206714,0.9538409861253621
2013-05-03,98.0168775337389,0.9730899204822591,10.165515648956912,0.9072528449695467,-1395930.0467950003,0.5293881948503635,0.062111309033327525,0.9502756043384288
2013-05-04,112.618060567268,1.0457174549715824,10.139225986059497,1.03133813987864,1168382.07276,0.5901902543383807,0.18051350622398254,0.9566201906213718
2013-05-05,115.865630451136,1.0700818044974938,11.133523070029106,1.016670984592036,1722702.0753209998,0.600171104473909,0.20167690546981218,0.9578941573872773
2013-05-06,112.187798551284,1.0134421471828379,10.69775061171142,1.0033962932843794,454697.6305790001,0.5850958291108267,0.17455961829466957,0.95652583246524
2013-05-07,109.890124854376,1.002872461586739,17.213020714640546,0.9844021074440457,91445.73088699998,0.5767965672817289,0.15728756317609194,0.9555667756792834
2013-05-08,113.054615979421,1.0097171269157665,10.667428533264117,1.0028731050838393,371351.74175000004,0.5883045973511293,0.17563782272498255,0.9563523350440034
2013-05-09,112.806670907295,1.0135489686622365,19.43182024788505,1.0014353190137664,524237.46246,0.5869241274672663,0.17239971486037914,0.9561633194187305
2013-05-10,117.311353620364,0.9855978245008192,11.026135590749835,0.9712417310436995,-667336.7121959999,0.6030089991476498,0.20539820448307777,0.9578481549535202
2013-05-11,115.678744013312,1.0681901583536302,12.52317512576399,1.0234046025720207,2008336.452716,0.5954017386224587,0.1915649783437595,0.9572491036086065
2013-05-12,114.900676039317,1.0218206348805783,13.086324358757942,1.0152661401415535,574902.0927710001,0.5919200151074685,0.18430137530410196,0.9568820639636352
2013-05-13,117.743595770208,1.0335599693176032,12.00481971438198,1.0218397619965458,1077143.139194,0.6008782080195696,0.20180599052959292,0.9578768597344443
2013-05-14,111.1175665373,0.9883333058450579,12.456596498470969,0.9788473695322633,-547474.1200720001,0.5763911692592095,0.1538512604534482,0.9552348902492352
2013-05-15,113.807736699688,1.043514703096476,12.98982940825659,1.0203795856531674,2059882.9418489998,0.5854896594710502,0.17083435513326856,0.9562498109145432
2013-05-16,118.220409697972,1.0321397851903271,13.329819996852642,1.025060335451689,1343059.304406,0.600796441303207,0.1990029623657593,0.9578159979927354
2013-05-17,122.838644934539,1.039071690515088,13.687170817719732,1.034878704462624,1893029.325124,0.6150189516245512,0.22511689120136194,0.9593031166807238
2013-05-18,122.558371517525,1.1008664996101636,12.557231631151609,1.0369224105590653,3093937.5205650004,0.611807872574385,0.21904080310422294,0.9591681095462027
2013-05-19,122.177089951466,1.0224266745704151,12.75447713948484,1.0159302904553593,590463.7050129999,0.6100098295918441,0.21529158143465754,0.9590096637431121
2013-05-20,121.584119203219,1.0220299186595172,16.382313698376457,1.0147953673426033,741110.866687,0.6073854331446833,0.2092004343471653,0.9587021723486244
2013-05-21,121.951096791422,1.0166163734804223,13.66047237725926,1.010211609826618,662381.5158930001,0.6079756659512546,0.20838781311375854,0.9586348943738748
2013-05-22,123.240627458355,1.0271912169020365,14.10099092727285,1.0198653177283294,1021020.130865,0.6112998290442397,0.20877233839137713,0.958520821376654
2013-05-23,125.734551560728,1.0309007543524153,13.544728602563332,1.0248121732966706,1298868.5256710001,0.6179980808464021,0.22188671338347046,0.9592936870854645
2013-05-24,132.461252770676,1.0569367595075612,12.153576235272205,1.0536957595981327,2765210.6886219997,0.6356013042282603,0.25536300617592084,0.9611980870443867
2013-05-25,131.509575922681,1.1801940934505986,13.492257439681644,1.0487192318525147,6451268.401074,0.6288720917040455,0.24496043198052772,0.961105569962401
2013-05-26,133.082655766078,1.0249658397180466,13.497740937728025,1.0213401202649839,569495.128986,0.6326922308940834,0.252497527588722,0.9615299982516234
2013-05-27,129.924726051666,1.02733147160803,27.629486685483275,1.0207694256291733,972650.5366809999,0.6226341082973597,0.23260478786088068,0.9605637036482103
2013-05-28,128.654918547654,1.022876263416592,20.58815464219411,1.0099463278805727,872895.070486,0.6181155341017384,0.22351619513956517,0.9601285356369869
2013-05-29,131.971629513529,1.0545928689130317,12.600792905991437,1.0298678767987586,2545298.8776789997,0.6260227538748072,0.24000176244350438,0.961162107197645
2013-05-30,128.592444261957,1.029674403133563,15.161037879355115,1.0205704455939375,1247344.2823450002,0.6146282141971194,0.21806039645644765,0.9601237846482396
2013-05-31,128.815772407392,1.0397685281035756,55.38302627542598,1.0093160051967116,1560392.572032,0.6139270710860701,0.21772392353260983,0.9601096984944706
2013-06-01,129.287987334675,1.0284750930082105,10.239724089119301,1.0160724080750057,881400.926681,0.6143810279580466,0.21894248908714756,0.9602407763786039
2013-06-02,122.400963637193,1.015565600609207,12.054719138177296,0.9970812022808871,502747.69476,0.5918244964637437,0.17361160265314296,0.9579404455077796
2013-06-03,121.330586472093,1.0125015710752323,11.537979407060279,1.0025455908643286,461039.472604,0.5875979355273894,0.16524673031607534,0.9575386541036438
2013-06-04,121.699931433092,1.0258550022350017,53.71353396095508,1.009823130047228,1111749.5624910002,0.5877671677727072,0.16579821427004596,0.9575619317186029
2013-06-05,121.896116245295,1.0364978652867332,8.368060143561673,0.999713260663894,1503929.371131,0.58704296506064,0.1659376437045761,0.9577610824807694
2013-06-06,119.357474945358,1.0728885339288814,15.519534518533677,1.0135503768140934,2896783.940645,0.5757230140054597,0.14590497966742955,0.9568776065147521
2013-06-07,111.243640363496,0.9844504390118931,14.022188319701932,0.9719098983176243,-803514.8635120001,0.5447135931695365,0.08393803391289922,0.9535995083867717
2013-06-08,108.082989470576,0.9759100489826441,15.278131618980073,0.9624191285471974,-624222.6566280001,0.5316048751489126,0.050679244707224465,0.9515806368753708
2013-06-09,102.2832210638,0.9942145116214036,12.414094348099292,0.9595678826706832,-245440.95728099998,0.5058310932100586,-0.0014439800924285736,0.9488046096507906
2013-06-10,105.941628502601,0.9878833552290635,10.625437888770017,0.9835687610638348,-356256.84379099996,0.5230831021663332,0.03350979221969226,0.9505445646915487
2013-06-11,109.237257606806,1.0330790964860102,27.113898309879325,1.003651739520523,1072991.0512080002,0.5365194905972868,0.06179535101921706,0.9519782083124018
2013-06-12,108.620349315078,0.9949719293336633,10.96627798342868,0.992709898839224,-180534.39313900005,0.5335842691937581,0.05636013994695834,0.9516688283845364
2013-06-13,103.612249118513,0.9723856430899603,15.408652621018264,0.9681364912199371,-1082399.670824,0.5112495945891616,0.012382624336352064,0.9492831336086545
2013-06-14,99.9739489793258,0.9822095198330818,22.6444973125283,0.9662988568533831,-795863.0508450001,0.4938225024865372,-0.021391626610552737,0.9473644056624917
2013-06-15,99.8391492604622,0.9918307908009569,21.26533029267133,0.9836979729097305,-224544.63217500004,0.4931806262034041,-0.02333245265581676,0.9471606287856027
2013-06-16,99.7754988549523,0.9966771662892506,17.073907173656742,0.9859371503488762,-78967.62444300001,0.4926724408789428,-0.023933971882738818,0.9470740952506046
2013-06-17,101.949722053402,0.9993780828171085,9.29082065377461,0.996158583886772,-13293.318660999998,0.5036020184465311,-0.0036334061742315923,0.9480564718659615
2013-06-18,107.114619372146,1.0102162980261018,9.691966610623236,1.0075017175190746,380888.3700059999,0.5272731893261663,0.042373215232303904,0.95040233547869
2013-06-19,107.731503956172,1.0095740877852886,15.38228070363933,0.9987312059492737,315282.295845,0.5296380849565002,0.04504484763715535,0.9504422174807806
2013-06-20,110.309030834817,1.0139477873285005,15.936616445007994,1.0113842060548799,545004.690394,0.5403695835406449,0.06544034662999415,0.951500759326686
2013-06-21,108.695832917911,0.9996041332665564,9.543893544215472,0.9965762457987399,-19674.85303499998,0.5338469874466049,0.05024010439969297,0.9506378138825562
2013-06-22,107.722414568651,1.0094807847214973,8.885561297770087,1.0029482642686172,225240.81788800005,0.5295608063090491,0.03894176327697988,0.949946779342671
2013-06-23,107.325516269349,0.9997092473558512,28.45496126226403,0.9927156647060029,-7072.974601999973,0.5278829667580366,0.03499935441455442,0.9496946878313137
2013-06-24,101.840413285621,0.9943560540274549,9.545718227704615,0.9882085132118085,-201715.7476400002,0.5021810439941276,-0.016722489675459615,0.9469505933553904
2013-06-25,103.65259254763,1.000867905075733,10.505434089260106,0.9787987886591367,33743.86278100009,0.5106236814979606,0.0007744658522542619,0.9477567038994864
2013-06-26,103.386361956258,1.0053912522536952,8.291503158932667,0.9875683993849296,181656.64757399994,0.5091713494344601,-0.0044367521870839356,0.9472897374597585
2013-06-27,101.459524049738,0.9882550591121044,11.3933371078682,0.9705725371382822,-376199.55698800005,0.49995613806938444,-0.02355742110376109,0.9460999665961548
2013-06-28,114.908370005196,1.0607714434719322,25.768286422971254,1.042480257206016,2446094.944365,0.5590211462791528,0.0916736164274189,0.9522252382506998
2013-06-29,94.6757696496552,0.9285437429635248,27.8832171035091,0.9051112657469739,-1932514.128995,0.46511031192634233,-0.09904154761931883,0.941759755210826
2013-06-30,97.3790267348833,0.9817445673983843,40.62203476154182,0.9717970988149884,-460058.49432099995,0.4805498864729163,-0.06945164742496225,0.9430682336239289
2013-07-01,105.146576497033,1.0737837552194225,19.476393934297306,1.0309649515975696,3128741.281266,0.5183974531434143,0.006411326691761839,0.9471822202104991
2013-07-02,90.3519641653051,0.9561891082217132,9.605930134672468,0.9332741047386864,-1691996.275418,0.43939799702592836,-0.1514412637097851,0.938485454618012
2013-07-03,78.1378891903084,0.9195031292297603,14.189167374807386,0.8985506277354812,-3179347.7935269997,0.35258892150964016,-0.33262161068810786,0.9271760466149727
2013-07-04,80.2488659343898,0.9643651031351448,8.199252313642905,0.9544050868412695,-1229933.2241170001,0.3715632503428973,-0.29803603405350065,0.9284589267006882
2013-07-05,68.695618013749,0.8613701663967055,5.39481988543805,0.8473552452142408,-5636929.526102,0.27139549389216255,-0.5004480747020914,0.916174711480911
2013-07-06,69.198544116917,0.8729455100165303,5.793616270795739,0.8698226938778335,-3918769.8894720003,0.2817419023830563,-0.49184020551271174,0.9147094772683706
2013-07-07,76.493696710823,1.0119385836428936,4.869589929104139,0.9943166161210055,295772.56069199985,0.35112438489932923,-0.35207663297372765,0.9224943981670509
2013-07-08,75.8075951663545,0.9888219837325052,6.671342049683597,0.9798596233520583,-339960.041649,0.3448141346034196,-0.36401996702119976,0.9215626087735472
2013-07-09,76.6201302878746,0.9845682189623636,8.29479313321687,0.9806418180524074,-568975.054239,0.3523763815505411,-0.3501320556231143,0.9219951731021034
2013-07-10,87.684287016172,1.0798208073555025,6.429939354258259,1.0268161694485238,3251058.936637,0.43234833777646237,-0.18272575445505732,0.9319980785280382
2013-07-11,88.6505655296376,1.0109949129840283,7.237220152366913,1.005452070809515,482263.836684,0.4374661241067292,-0.17077477409387337,0.932673751550933
2013-07-12,105.620104268844,1.088814732296485,9.859045155941843,1.0676286628010698,4720155.31681,0.5257785826350849,0.009132397231949875,0.9433159335856718
2013-07-13,97.6756935973249,1.027772952884242,4.944811466644694,0.9889512468050885,1058432.710142,0.4859969602353868,-0.07776387610125052,0.9378671420034244
2013-07-14,94.1286035433914,0.9867097123824051,8.13656490677472,0.9829647499286784,-361053.45003000007,0.46604343179967245,-0.11950651116792017,0.9351452186668692
2013-07-15,98.7198506642384,1.0192323557444936,9.219973347210304,1.0151283952760848,681146.086376,0.49042627483267287,-0.06913618938508129,0.9380465663497864
2013-07-16,96.5273888503103,0.9878214145447038,9.858552130926306,0.9842889235169485,-502782.0858410001,0.47881220433393146,-0.0932200505294622,0.936422189876939
2013-07-17,97.8825452698148,0.9922888552750717,8.369617085048784,0.986920465808565,-266774.80356599996,0.4863480874475705,-0.07844208217546371,0.9370538436345806
2013-07-18,89.7612325539368,0.9546945697111066,6.99834304339161,0.9514022741352627,-1869820.9490150001,0.44180126947253534,-0.17292919780817234,0.931116253374923
2013-07-19,91.2508291631235,0.9844190792694789,7.905127289751987,0.982564690467781,-564639.6461390001,0.45148213158099004,-0.15343861840959316,0.9319931659042231
2013-07-20,89.4613918851393,0.9753743391489808,10.788090378051153,0.9615867160114056,-546740.510074,0.4406245836987092,-0.17643773939020962,0.9301968159849693
2013-07-21,90.7928631134616,0.9938213440308059,9.984778489915398,0.9801522752764578,-117983.10386300005,0.44893094092963765,-0.15932134094049785,0.9309693539219375
2013-07-22,91.7159427276867,0.9948427702861441,8.488050628763228,0.9801316620976058,-132739.74878199992,0.45458862155483665,-0.14848198031157486,0.9312332206111072
2013-07-23,94.7119879420611,1.0157736694939525,8.7701598242066,1.0079285457796232,517511.217487,0.47167935754418494,-0.11406299377285198,0.9331069895410117
2013-07-24,94.389100053887,1.0085993082308884,7.575994443226792,1.0016496772426302,268617.426553,0.4695762086768425,-0.11901607210020583,0.9326112867230602
2013-07-25,96.7609322054026,1.0193622646795701,17.293878040118013,1.0087547603662075,608488.450996,0.48205990535402493,-0.09324973430545894,0.9339499955784619
2013-07-26,95.5319250869704,1.0067358996247149,12.825358400138153,0.9998045163701108,189131.401748,0.4751351476217893,-0.10807955206836134,0.9328720739777758
2013-07-27,94.3213041014561,1.0023769734915287,6.416734321717865,0.9912058249839211,46351.72321299999,0.4682311801654307,-0.1227141018778021,0.9318071345463866
2013-07-28,98.4512949332231,1.0291463055872059,8.95055580178788,1.0179957901928745,652634.495881,0.4901580860998836,-0.07807191325993834,0.9342525310223467
2013-07-29,100.861841239243,1.009707780849586,6.878920300559975,0.998506911792756,339392.3701539999,0.5027022562767218,-0.053310095065991596,0.9355869113622489
2013-07-30,107.24868320938,1.0457575482659136,6.946817397588891,1.04098325084479,1915098.8415,0.5318728148273427,-0.0033347834911453635,0.9370536233475039
2013-07-31,105.232879771901,1.0338589853715843,9.971973092120974,1.0230884737280872,1302737.5791989998,0.5213621232770772,-0.02679536213848003,0.9352096594674487
2013-08-01,102.703903216836,1.0081295631565925,8.553420411782314,1.0035402821785397,323302.690772,0.5089701348255552,-0.05328561030254649,0.9333775714831519
2013-08-02,102.980769156644,1.0582660012236487,31.88478039047427,1.029491476104553,1994685.908951,0.5085271683167892,-0.053583309074618175,0.9331255544195272
2013-08-03,103.951647318144,1.1514855982878345,22.98196600804429,1.0086377766900805,4446391.676793,0.5097415956619021,-0.04502508685749347,0.9332418497490286
2013-08-04,104.073851070859,1.0202296024241142,7.049904017496229,1.0059739221920436,406007.37186099996,0.5098970419538627,-0.04452865347066417,0.93318956526217
2013-08-05,105.664794572801,1.037109122007051,6.425252507521481,1.0172388061700335,1305675.482541,0.5162192424655185,-0.03201411655468012,0.9336635485033326
2013-08-06,106.449939130565,1.0105926557919807,7.635531210947123,1.005957326301255,345281.00200900005,0.519480737442473,-0.026037475122288455,0.9337508658122173
2013-08-07,104.762556736174,1.0085746734321688,5.7998032801649595,1.0026047763369006,300069.98684500006,0.5113226988264286,-0.04657788819799901,0.9312041240977363
2013-08-08,101.771316808919,1.0012858649301202,8.81826280591128,0.9891930784995101,36456.23044899991,0.49674224136183076,-0.0789692460461497,0.9282119926699699
2013-08-09,98.82926170395,0.9958076988632726,8.657547910385773,0.9869430837090755,-119417.37668300001,0.4815873597535822,-0.11240535583189917,0.9252179218607643
2013-08-10,101.377904247525,1.0164501264811867,5.6689098240499165,0.9970259629329328,413610.65682000003,0.4943318620672862,-0.08673578519878142,0.9260599783752881
2013-08-11,104.91822088747,1.0255609678131314,10.674806589435832,1.0140288486715912,590041.027929,0.5111480230234813,-0.052764861723520066,0.92751810743155
2013-08-12,106.659983618621,1.0189804809571903,7.993721341381156,1.012439828072964,727139.690677,0.5190732751126361,-0.03734061380077112,0.9282873519322641
2013-08-13,109.001478010059,1.0529673932173929,19.978125515869337,1.012328221762523,3892294.60386,0.5271558795507296,-0.017922316952577413,0.929063473760192
2013-08-14,99.1600488283182,0.9830185131775904,7.653363078537481,0.9787539875173926,-1008931.1153850001,0.4793163270976711,-0.11757300330991761,0.9215037229039975
2013-08-15,109.971649383268,1.0642722009369938,8.86262777565604,1.032321864633674,2592446.402712,0.5294772935005104,-0.011517403007387596,0.928590302531409
2013-08-16,108.621144014458,1.01651342521882,12.814286008229427,1.0043837002905165,555135.474802,0.5231879897799391,-0.025868083075513592,0.92696348527516
2013-08-17,112.489727383279,1.0361760966274465,3.994517029846675,1.0229817194239432,1332759.689243,0.5389482939537087,0.006491450928819415,0.9289660643661721
2013-08-18,112.906142214341,1.0158516641777915,6.817102781685635,1.0097871522944784,602678.2487979999,0.5402769715092813,0.008980430889613185,0.9290135165119393
2013-08-19,102.873295264994,0.9821505143632809,3.4632922975603395,0.9758182881555885,-889049.4180389999,0.4944134579896965,-0.08619846271517081,0.9217672938542373
2013-08-20,121.087172476444,1.085482341043847,6.054781654845594,1.079363772721655,3791687.070927,0.5696684766717321,0.07043338149471219,0.9330670637174524
2013-08-21,120.112115102787,1.025352760969935,7.680014235706503,1.0216830588777102,1372790.551375,0.5652191096423328,0.05979603776240262,0.9317311164408193
2013-08-22,121.972955332173,1.0311595046603723,4.4999367778100945,1.0264759302830213,1315575.047739,0.5707961225332208,0.07056007724103484,0.931354372965742
2013-08-23,118.073183275078,1.027137186421971,3.860793563966859,1.009302831370979,1079796.6964079998,0.5557568434773016,0.03780854667205093,0.9277913937482577
2013-08-24,118.544373807345,1.0126800497715835,9.460529429806442,1.0070592464157102,366278.22461599996,0.557086102333552,0.03881534892899758,0.9254566056896142
2013-08-25,118.168128745908,1.0242039912322731,8.196014847990032,1.0162659115697885,573602.558322,0.5549199766191931,0.03377184993344421,0.924135973928509
2013-08-26,118.057223848906,1.0210230794992012,3.933466080163497,1.0139860270570953,748751.305677,0.5536044655189833,0.03126450731971569,0.9233486973098699
2013-08-27,130.925778148959,1.057740594157121,4.629172907711663,1.0538748464361152,2994955.734164,0.5960957283754389,0.12083119954254334,0.9294776007403618
2013-08-28,126.904980186551,1.0320410439954193,6.394984997876989,1.0224391326308564,1340676.935851,0.5819716173475804,0.09032360517668145,0.9258226116409178
2013-08-29,127.719976782751,1.0597974661542886,3.334229356783047,1.0470421971761539,2549660.266243,0.5830001495661811,0.09186461950516915,0.9244763407966521
2013-08-30,135.522615660492,1.0594968757895438,10.421308338612908,1.0470750764624672,2983211.0620540003,0.6054317177561133,0.1396432233296719,0.9274422947633062
2013-08-31,137.129917749741,1.0634305749021626,4.4626314638385525,1.0505663721968221,2586841.023251,0.6080111839824613,0.14536908676645144,0.926106132299354
2013-09-01,145.433321357506,1.088681406922499,9.093617921449745,1.0734396499550531,3854488.6145989997,0.6286185665995907,0.18672978734747953,0.9243635509570808
2013-09-02,140.878840368691,1.0468190059964153,6.141049798451251,1.0289602709986398,1993675.320686,0.6150422577244712,0.15762484736825733,0.9204945187603344
2013-09-03,143.559219965725,1.0999295058341332,4.667812675138772,1.06926950886245,4927991.050648,0.6195971241458434,0.16705510037070634,0.9187203719636712
2013-09-04,132.466556517828,0.991568032424337,4.697654074203055,0.9820682715727972,-522029.645517,0.5869205761644847,0.09867433105112691,0.9068662285462313
2013-09-05,129.318255749056,1.0024630488095048,2.4442256046603044,0.9993839565498339,110223.89489,0.5767882802015522,0.07773260034453888,0.8988725920849346
2013-09-06,121.214882332197,0.985398815967963,5.024657327347071,0.9807696278896796,-654690.907065,0.5478648069147319,0.01824864106943068,0.8876504292379156
2013-09-07,127.134982587559,1.0344889657237384,3.8734672467342253,1.0172671644962232,1109728.45298,0.5684866275911516,0.06383410207453195,0.8894779413658065
2013-09-08,124.209213093683,1.004452249783352,3.4030548718285045,0.9953700985332462,101255.25618100003,0.5579841115712713,0.04307683056922061,0.882865130229706
2013-09-09,130.13407269523,1.0538191183095336,9.11476160054163,1.0267926930563307,2485251.664422,0.5767036743111627,0.08614401220646659,0.884107753737029
2013-09-10,129.406352493445,1.0204855401267672,2.801075507207992,1.015252073229447,812493.790542,0.5733814295689957,0.08338438079400545,0.8775587929441
2013-09-11,141.540803066733,1.0769025133725196,4.073271272309888,1.0623408738711715,3156616.38727,0.6091414023600679,0.17747081287105088,0.8635758764849185
2013-09-12,135.925639469704,1.0712664545354302,5.23222572038921,1.0043118147497476,2987607.042914,0.5905146265457327,0.14858552430131627,0.845979095028162
2013-09-13,140.609012641487,1.0363755509910024,6.609211662487928,1.0289731234283566,1533550.2445689999,0.6033179420137237,0.17324880966169182,0.8464754172263474
2013-09-14,134.036254029595,1.0618137157086647,3.3427277312806956,0.9970444275923476,2132374.107137,0.5820838983411238,0.13200800273052868,0.8356565530760413
2013-09-15,138.296473840259,1.0391000757147255,1.6127934333546847,1.0281339612469893,1019869.750704,0.5944554469724953,0.1562843894429189,0.8393306829669065
2013-09-16,138.922853438634,1.0430183666194004,2.6977555185256628,1.030122360153128,1829449.768047,0.5952988034072291,0.1566441189791283,0.8386474979086108
2013-09-17,138.467569722334,1.017484591397831,1.7378137466933743,1.0104641104842929,682722.021678,0.5933712265250966,0.15098101299637068,0.8363546060248064
2013-09-18,136.290888097877,1.022044091127408,9.736969504112814,1.0032421135751983,1029852.051791,0.585850626856569,0.13459564908130567,0.8324141083914818
2013-09-19,135.104922142494,1.0887958249023708,8.661859642868299,1.0208658248257179,4420790.14376,0.579380724223365,0.1225548619456517,0.8277123465905343
2013-09-20,130.784057061568,0.9975946316703838,2.3866582150902023,0.9948754147925095,-125863.39135099994,0.5650799718207952,0.09319110476748481,0.8183292326769327
2013-09-21,133.979382506845,1.0205321980955135,1.262980696809305,1.0102765274605845,690890.326274,0.5751983889568106,0.11378966156411506,0.8207769020074994
2013-09-22,134.021957014473,1.0400331798079767,5.972096508979128,1.0174700425491467,1341692.822553,0.5744281104182519,0.11295502303695731,0.8193363942791474
2013-09-23,130.922891554527,0.9990440988721611,1.5481207411246378,0.9965620228339873,-47408.75301699998,0.563918164982362,0.09209044266011994,0.8128608396202797
2013-09-24,132.228615697616,1.0204925096431992,2.656376503202425,1.0127735547569205,1028099.1327739999,0.5674742353670517,0.09992048766830572,0.813269617399131
2013-09-25,135.035393022284,1.0274092362111948,1.579597345493033,1.0226947212953452,1377057.44702,0.5756059559019657,0.11769303089161001,0.8138221436816114
2013-09-26,135.498798516491,1.0177497645257934,2.308888511495476,1.0154554755845107,896993.782785,0.576469663826014,0.12265224431419433,0.8073612438945549
2013-09-27,137.845641042112,1.0211325760083712,2.5349291116207153,1.0160315148954033,1033706.3764670001,0.583083774242377,0.13861898931432468,0.8039794381909797
2013-09-28,142.4813968636,1.0301178003749634,2.823072977502272,1.0268927250653337,1187180.898248,0.5961836462798196,0.16575959320996106,0.8066285802463409
2013-09-29,144.564698340902,1.0319402054365616,2.1336472287992567,1.020952844487326,1253192.372344,0.6013961900263628,0.17627986303835588,0.8080114279728947
2013-09-30,141.134933325904,1.0263254426472015,3.656954814150448,1.0146988503498275,1365264.821722,0.5909919824032326,0.15515857877895195,0.8012975998278072
2013-10-01,139.014657145885,1.011563047183976,1.590894796779034,1.0096661011608445,773815.1549849999,0.5839018935589271,0.14250112576040008,0.7943619717020254
2013-10-02,122.98401568351,0.978314555612363,2.2025244832024713,0.9615042839705522,-1740621.894812,0.530079593431665,0.038098951222692315,0.7633524174808509
2013-10-03,130.757022272378,1.0233949341357826,1.7756191842377957,1.0201583471856879,1510664.586018,0.5583919229444808,0.0921287714555136,0.7667516476746621
2013-10-04,121.940051089218,0.9718658905460229,1.802078102765561,0.9703130861058201,-1321834.9964039999,0.525492690853427,0.029012921666638287,0.7490161786334943
2013-10-05,122.438525853809,1.0054247665726042,1.9305895721714756,0.9909898659709405,157769.97567400004,0.5267590638972056,0.03090479050876747,0.7461496715738815
2013-10-06,137.796372548992,1.0703046258245217,2.29547286764813,1.0572425565479302,2157737.46086,0.5789681796147669,0.13524700419725755,0.773831346765541
2013-10-07,131.635417136385,1.1317934801192975,7.106445867614363,0.9982645261037044,5546327.301603,0.5554956450883345,0.09360483390771915,0.7619841173326707
2013-10-08,130.460899119773,1.0049005822373749,1.805821825721426,1.0012112586885802,207157.28689100005,0.5510485200151028,0.08492128260558576,0.758274009969481
2013-10-09,139.324105475282,1.0459181590460398,4.279893377367578,1.0376202868987292,2788064.905536,0.5785142511959128,0.13844194034047436,0.7726914528396682
2013-10-10,139.787502440267,1.0200161772272627,1.3645844003689704,1.0138934862102391,985891.719357,0.579349582417387,0.13946594698067988,0.773088370231426
2013-10-11,136.636549748734,1.012669838659849,2.164446842658802,1.0072377965502728,562377.643425,0.5688927585624222,0.11854721609730683,0.7665742434315576
2013-10-12,141.79439430357,1.0328931248269548,4.787683807096727,1.0257480885433066,1362420.510552,0.5839092401570063,0.14829245404838692,0.7735532482951546
2013-10-13,145.287067830019,1.0374442612717747,3.9088184255659444,1.0230288317891574,1466859.287356,0.593103135361821,0.16642984903831828,0.7765701346662296
2013-10-14,150.296372249224,1.0568816975186397,2.658176395439218,1.0449047629735662,2693490.6804649998,0.6051072303077532,0.1899606169398147,0.7837064892950676
2013-10-15,152.020199866119,1.054820595579141,1.9746471204999811,1.0443266776229732,2822414.4344889997,0.6079908888599711,0.19455487541888009,0.7853181351640026
2013-10-16,148.680432288795,1.0717151478486215,3.6711877002839732,1.0440289946925885,4052410.237032,0.5958114605065007,0.17096384844742413,0.7792210481589127
2013-10-17,154.086585055472,1.05294963001872,1.8904660205252375,1.044957687399275,2781539.7392430003,0.6087306919047534,0.19484405790770712,0.7839493945043009
2013-10-18,162.996333124649,1.063129626275245,1.7151264972013234,1.0495663175535994,3690853.027675,0.628421640855289,0.23310236478859514,0.7949677801988172
2013-10-19,179.004824119937,1.1028719880793192,2.3146350441532673,1.0795335341965109,6631438.250602,0.6587574418894857,0.29274160935155524,0.8125886262287431
2013-10-20,181.216743409225,1.072127752441944,6.434033611433206,1.041814925430831,3844637.7394749997,0.6611107121200608,0.29692270071705223,0.813802690826404
2013-10-21,188.888584162435,1.201646995199063,7.374740890636792,1.0822433835187102,15043863.960611999,0.6683852383188797,0.3123374228196727,0.8206778871778134
2013-10-22,199.999246101649,1.1818120814829167,3.4945213830531263,1.0903865977022686,15255008.024566,0.6799767858830782,0.33584591678649933,0.8308418123596107
2013-10-23,214.701652884231,1.191788990994537,1.9705196397125548,1.1744002182913726,17260459.875603,0.6961661309171628,0.3610552321479441,0.8425227307484654
2013-10-24,196.638069339615,1.046945326112656,3.270051778064298,1.0250016844039238,4112152.6844949997,0.6651275813826893,0.2978322889356532,0.8273193481097807
2013-10-25,189.781188230628,1.2877584789951568,2.6073965394832026,1.0564628793631763,26633343.30773,0.6413143682400978,0.2539519019382341,0.8252489073906705
2013-10-26,182.927689610149,1.007559866230956,6.003037188311396,0.9909346812733316,462904.7451859999,0.6266276435135134,0.22586410273942473,0.8171599932668491
2013-10-27,199.878897306187,1.0966686478817653,6.4325583083549684,1.063606191807027,3846931.6418850003,0.6568810999076186,0.28744770330324176,0.8316724754166513
2013-10-28,198.635940839344,1.0506452189093596,2.32310507969261,1.040032757956698,2544808.860475,0.6530051053337529,0.2798764264953922,0.8303059866327929
2013-10-29,206.527830776315,1.1507823225219522,3.410918872667567,1.1333734308409436,10091475.200811,0.6619384557230953,0.29611698498179495,0.8365059572209883
2013-10-30,200.364722008012,1.0338021907385502,3.1655218617224175,1.023049445473543,2265350.809351,0.6495955790144878,0.2717270531941032,0.8308495644325853
2013-10-31,203.601075401726,1.0717281513048167,6.857826544970175,1.0447963939297507,4198535.27006,0.6531693637602988,0.2789895923112065,0.8325182225451504
2013-11-01,203.897216394189,1.071196120451783,3.1454071742921785,1.0550380522049811,4050912.0466199997,0.6514286531831085,0.2753514883618258,0.8322302746209831
2013-11-02,206.358226876622,1.0413556724634634,2.888826327182757,1.0298151557376252,2205842.0523260003,0.654355317170643,0.2812905565576604,0.833767712975609
2013-11-03,217.550730800105,1.0902297437386328,5.606865655634003,1.0555313072581884,4924693.677247,0.6704198743055549,0.3136240265968391,0.8419288233437494
2013-11-04,229.310493532929,1.2192654876236853,2.972219553761487,1.1916041048484518,20106195.890737,0.6800429152190901,0.32813480754859303,0.8492055925254313
2013-11-05,243.707257237121,1.1378386277743178,4.653738924398983,1.100591404837619,17089454.250338,0.6928149187197612,0.35261591437424,0.8575131065292289
2013-11-06,263.636168994122,1.1129053315956416,3.150170814500882,1.078493491736212,12536413.791561,0.7120032843434145,0.3908981379742655,0.8682382992723046
2013-11-07,295.83246993477,1.2187145992514152,4.742100346432805,1.1694645308697027,35899306.000386,0.7332667840515225,0.4307080601519636,0.8826432405893303
2013-11-08,337.786126733881,1.2099307822652727,4.395896848806324,1.163553632755404,34081922.938835,0.7587870306615282,0.4780485229845665,0.8966662120274151
2013-11-09,346.566929719481,1.1639254092416638,5.962861519767537,1.103228617184875,23425024.056716,0.7585611248396209,0.477076157111074,0.8993037217133035
2013-11-10,327.364682380192,1.103068781296339,4.679079591070993,1.0559333446423087,11795330.699902,0.7418747944507811,0.4389421759495501,0.893524830636683
2013-11-11,346.523784045373,1.1835954875546026,6.3396024167373906,1.1053949355088826,18570601.848896,0.7513891519509021,0.45906685970987465,0.899459628446636
2013-11-12,359.678726607161,1.1751121726985676,6.783446606164196,1.0999563934031245,22603989.554406,0.7548605370156085,0.46616490169807817,0.903141533199294
2013-11-13,410.194952211087,1.2215609896976416,6.66733846007534,1.1540650092408045,38104345.891743,0.7781659289870363,0.5123510749252086,0.9152173623479819
2013-11-14,421.937903439593,1.1977433811112987,4.703457170510263,1.0936705764267978,35013565.29826,0.7770704756338211,0.5095900268727671,0.91836647118163
2013-11-15,418.968790447931,1.1616383429055328,7.777818814631226,1.0733112592731862,25486197.161418,0.7695795764962956,0.4948324248023651,0.9178898505465767
2013-11-16,439.812232743543,1.1616811809445182,10.765749308498355,1.0903696579478444,21588976.493665,0.7762570092577287,0.5085544130525109,0.9215616860295134
2013-11-17,504.749476424122,1.2513525042637843,13.322712022286744,1.1585998481442858,37919191.484999,0.7996333052737865,0.5565488675184531,0.931570270771362
2013-11-18,688.818233892919,1.3399260850643064,12.853401329788113,1.2512023031074417,110945809.525369,0.8437950526299981,0.6411442324293866,0.9498991050150332
2013-11-19,650.030746496753,1.1848811791505447,9.318307132442149,1.116812227567043,80816563.808117,0.8222872493815065,0.595060689978464,0.9472327883183137
2013-11-20,610.721388010032,1.1542158129865248,15.698850070767506,1.0779254416651043,52491936.041003,0.8043793309875741,0.5533582401341642,0.9438065856645007
2013-11-21,738.156173178028,1.198007574868032,10.09486279586338,1.1460185123771085,65030191.737613,0.8317957433729826,0.6123582863469433,0.9536276451463839
2013-11-22,801.178229392447,1.4229287213034307,13.659612295285674,1.3853198462769423,160171629.555939,0.8291209885808484,0.6001461256017936,0.9571935073348073
2013-11-23,845.121754484539,1.286632910301292,8.875371709126782,1.2048953836654128,98163006.665855,0.827409581551602,0.5977091968501071,0.9597481903412286
2013-11-24,819.121879480658,1.1386622713362944,15.541388101729934,1.088696370470411,38152322.758758,0.8167903188701257,0.5756696176555223,0.9584733958985868
2013-11-25,818.102949121571,1.2794315459564012,15.83418793866563,1.1063411328385129,70795213.829405,0.8087457432456459,0.560576171749967,0.958524376380219
2013-11-26,961.141567290207,1.6694824461284672,12.09206975052764,1.3581473629692165,270474781.727976,0.8183206154933768,0.5769150669849954,0.9656354889601536
2013-11-27,999.415668801402,1.2393041562568345,17.136191352103086,1.1504841590889565,118469725.028162,0.8155081481525196,0.5717923096214564,0.9670676265867719
2013-11-28,1128.63276729689,1.2539486307423915,18.110151535878288,1.1886679332470016,176274212.38024402,0.8265691975796688,0.5912033573268297,0.9708890784035187
2013-11-29,1156.12458772548,1.2368639089326976,17.99003985442465,1.1831731119020799,145097278.58383,0.8204732209996685,0.5770333249678712,0.971620653735469
2013-11-30,1135.64733714313,1.143225072068457,15.399049171728578,1.1030816816632143,64102164.760029,0.8109811949329293,0.5584638416102059,0.9711113222151068
2013-12-01,969.647095372332,1.0596637640735502,15.247845349868271,1.0228703393633518,25560430.073271003,0.7746495675058239,0.4784322213095813,0.9662089020259292
2013-12-02,1049.96146737223,1.1472549116295596,18.250624269164735,1.0905516849137094,55491208.463367,0.78779735168235,0.5089041360128191,0.9688153508319256
2013-12-03,1083.08303216514,1.147415917828902,11.813850729617231,1.1017245100960242,54799202.932168,0.7897630709182502,0.5139862268000722,0.969795067387769
2013-12-04,1151.2555680477,1.182359386738264,17.77620725358192,1.1594514822885873,79572420.20489301,0.7970506676249882,0.5284947899350562,0.9715227088494389
2013-12-05,1043.83264645522,1.0926076472182609,10.766998682332142,1.0611489476898759,48283613.967543006,0.7711714282280246,0.4714862069591006,0.968709639317263
2013-12-06,824.280086199878,0.9724880207159785,11.71963899749194,0.9480917696857561,-12288390.232373,0.7071069204251648,0.33367386996983267,0.9603803724647056
2013-12-07,693.140084193696,1.0115121473423414,9.579314535343409,0.9840734161054013,2918028.106336005,0.6506992650097684,0.2050568477471698,0.9528123812980074
2013-12-08,792.799250229714,1.0904279554992644,12.922681855999635,1.0730934614365712,18476397.085176997,0.6936752298522938,0.2997947921823587,0.9587171658014105
2013-12-09,913.901145699813,1.0747295636275567,11.716272535894733,1.0472475625357238,19510037.046394,0.7325680456675046,0.38862655226270343,0.9642260433156978
2013-12-10,1001.38624299217,1.1134941962635188,17.580790827088588,1.0835849448322468,32654076.204961002,0.7535911329221981,0.4354243210203025,0.9673338432309033
2013-12-11,885.121682113416,1.1118380094225901,13.657983529715773,1.0800782682564125,32363680.776367,0.7169033249164003,0.35440639863633705,0.963054028998683
2013-12-12,872.246281457269,1.0436969855491078,14.684951494374538,1.0198421526082877,7805796.596771,0.7117301932522008,0.34266819510745616,0.9624642366542401
2013-12-13,891.903966411817,1.1462156485165977,10.71463007240539,1.0987272404423858,25544655.129380003,0.7154126673230636,0.3510867305732518,0.9632631524985605
2013-12-14,853.301024584832,0.9451523932271138,19.51098283017665,0.9199183501784812,-13816184.113929002,0.7025719546950407,0.3246128799103852,0.9615153397759285
2013-12-15,864.363192071149,1.075965223832389,11.485166455682968,1.0205792267258167,13649212.344200999,0.7050482556018464,0.33070854352684054,0.9620342926433885
2013-12-16,702.070532469433,0.9681034212397607,29.897963065354524,0.9082183302710437,-8453645.486247998,0.6355090485982893,0.18052907594472606,0.9531594783157611
2013-12-17,683.355368352006,0.9856658957196398,13.193568275605486,0.9634159848071332,-3605622.333592998,0.6258727511130344,0.15846661801523207,0.9517362538915329
2013-12-18,524.030093479223,0.93861040907491,11.760899760768368,0.8933028969961673,-19502852.791219,0.5134226340374355,-0.08771338988826773,0.9368459361173859
2013-12-19,691.315762590183,1.032115524601519,16.98629877781902,1.0189877035338564,10453212.721678,0.6331015861348688,0.16764591307426904,0.9515656928253089
2013-12-20,613.072203287628,0.9650897299833403,33.16988898808644,0.9295616887821008,-8216883.997994,0.5848639897062208,0.06545645849672949,0.9452706225790869
2013-12-21,600.44781963199,1.2481569059749567,293.86420139365714,0.9140611856839284,54196252.970667005,0.5684642931937801,0.04984589224124568,0.9431105436923142
2013-12-22,616.902663017269,0.8284805203465399,6.750235316446462,0.8225486208077776,-51704640.987934,0.5850617158429996,0.09034264174222857,0.944578874351459
2013-12-23,663.29210218928,1.03964324532906,13.609027637256633,1.0256138039531828,7114104.094583,0.6133982623835689,0.1510383142830922,0.9483412664090164
2013-12-24,654.595295578973,1.075176729984798,14.979527345896486,1.0546070287025813,15072409.363447998,0.6064249913929936,0.13531857299981304,0.9475736378923321
2013-12-25,682.240023186,1.3260713289130848,8.340870951509034,1.0435639544597866,60397982.557086006,0.6155946728838841,0.16468491081206413,0.9505313982571815
2013-12-26,760.930399111866,1.0780043850514647,7.7619214696224725,1.0664177354536815,15110362.326403,0.6538392597952078,0.24661555351207215,0.9555924430940865
2013-12-27,733.753752060565,1.1077650202924394,16.2569723876052,1.031231745013308,16369524.904039,0.6387357713944438,0.2161131751605881,0.9539282901040507
2013-12-28,717.970629237388,1.0053621104671335,10.116733837813943,0.9992887491069078,616224.8177149999,0.6303875608936961,0.19825529647590692,0.9528748828682072
2013-12-29,732.496953117043,1.0226095189278774,24.809422706881808,1.0039832757643945,2789099.7475480004,0.6372908297489132,0.21289363082376903,0.9537224832734795
2013-12-30,749.850057680959,1.0049327352846051,7.431147154685981,0.9997854341727408,1091362.732407,0.6453723065332668,0.23022384420889638,0.9547476996868663
2013-12-31,732.869035338727,1.0042405395473055,8.176762765666918,0.9965471252079884,572282.6526270006,0.637288071228946,0.2114076807742617,0.9536206356647492
2014-01-01,763.972075292099,0.9877108200066145,15.30269344156933,0.9803392806649704,-1802051.9098389996,0.6519498129473541,0.24180634188733713,0.9552520162639085
2014-01-02,793.863845729971,1.0691168334600762,10.040077481948245,1.0454438650749593,12497207.896795,0.6639033571071675,0.26710977905231126,0.956883639198199
2014-01-03,818.183830171268,1.07570173811496,10.388354002448155,1.0414149542664983,17013114.222097,0.6720342061948974,0.28499656071468865,0.958132135179414
2014-01-04,838.614588954713,1.3116557893913177,13.61751034470992,1.1842714199353355,54130267.176932,0.6748002831800142,0.2933681037888196,0.9592568142147542
2014-01-05,921.703283301004,1.1310225108690977,14.34231284783014,1.087514893467146,30782648.930568,0.7015586986981918,0.3505833733828566,0.962839657164578
2014-01-06,925.586311344306,1.0742272655294904,11.975243155436777,1.0529633528142173,19008038.063542,0.7003671153889213,0.34949538056738644,0.9629931973062024
2014-01-07,785.404143219838,1.007901313007587,10.123708055592438,0.9901349709295152,1475468.7848550007,0.6449296182636682,0.232111773252552,0.9562713791409351
2014-01-08,825.907495386769,1.10200270091681,10.61785759944879,1.0906904717676889,26408981.601711,0.6595660504965385,0.26343070686985853,0.958365434153256
2014-01-09,829.947224892046,1.0483889208827697,15.343672650000533,1.0269958561834052,7661346.113752,0.660329581926032,0.2644696317937344,0.9584559608540362
2014-01-10,859.787362065792,1.0430958485741562,16.747523253477056,1.0258506571673647,5812739.038476001,0.6715666365643057,0.2884280149681352,0.9598617617301531
2014-01-11,905.2042591738,1.1769361799508267,18.69024253451434,1.0601368198700865,26885396.114121,0.6855214250694688,0.32033487241745234,0.9618802611120122
2014-01-12,843.280438209348,1.0844582703133792,11.088143377985293,1.0330953800089129,12985299.549314,0.6604563664128756,0.2670533670061205,0.958996096158209
2014-01-13,825.10106398528,1.0237966458900887,9.702276270304115,1.0007462736148445,3863257.5022539995,0.6523659207186903,0.24990467325085317,0.9580773659011836
2014-01-14,816.598094048112,1.0546111440885302,11.063035424208032,1.0139203473660454,12303216.288194,0.6470840747598113,0.23760660552041096,0.9573806744668335
2014-01-15,842.120927427504,1.0894337918073604,15.08462848847966,1.0720568855244839,20196861.156373,0.6556426625055294,0.2559123670430265,0.9585956495505792
2014-01-16,814.531686405685,1.0483493385905978,16.434477415108873,1.0215772898626152,9588691.880459,0.642452303863673,0.22736473193225865,0.9570238818400442
2014-01-17,806.09738909532,1.0170320198600138,15.100477304885583,1.003912073890922,3186372.2105190004,0.6381295233815922,0.21671806519460546,0.956340672385136
2014-01-18,819.224524975201,1.01670767390352,19.576642912014044,1.0026361969298188,2659748.122398,0.6435158861962632,0.22845407831808726,0.9569970271567902
2014-01-19,851.87902489518,1.0566963765091493,31.23649305043713,1.024957145489168,8321800.571278,0.6563878005315512,0.25644766808532315,0.958599227156299
2014-01-20,826.13031622138,1.0314786114251027,18.03234193600592,1.0106056960851144,5128497.780296,0.6446886863808404,0.23181373655480644,0.9572338657639444
2014-01-21,824.448428445203,1.0191293924603584,12.457441308622588,1.008590111977069,4075621.8396179997,0.6433167091741333,0.22826287363301942,0.9570325701671789
2014-01-22,818.234075631805,1.0499766108758333,12.46261911389328,1.0071463594382684,9231266.217512,0.6394093280776836,0.21976270203002762,0.9565335139916561
2014-01-23,811.091014376946,1.0105065162041633,11.491060932214893,1.000951600564247,2009913.294793,0.6357044536473212,0.2113082893635123,0.955999685155662
2014-01-24,784.03204617452,1.0196478094331558,9.35135557056272,0.9912448840237439,4596917.545172,0.6222754191949011,0.18349892361976888,0.9544871409604899
2014-01-25,806.713889397137,1.0482787382287946,11.210548482513161,1.0167248652101029,7045895.729382,0.6320845911829169,0.2045321918467298,0.9556849330724733
2014-01-26,814.970291202947,1.0194207506351043,13.099543358843034,1.0109435304888137,3104158.077192,0.6352189401058793,0.2103319399429389,0.9559340010456199
2014-01-27,752.917458079482,0.9946578519049332,8.266689705013144,0.977796440631065,-1634467.4375919998,0.6042336686876588,0.14572942512803572,0.9522902017817116
2014-01-28,785.126344824364,1.0201355289842486,11.61143555457515,1.009293463111924,4870680.616824,0.6200509771661123,0.17914493316702287,0.9541634282975825
2014-01-29,791.774993847537,1.0369458090569155,7.899935816932285,1.0050779905948568,6932393.753968999,0.6223569392325307,0.18416889451577453,0.9544695143441969
2014-01-30,801.53269213135,1.0225559058755365,10.471647908294909,1.005527042777915,4801285.379021,0.6262789947516684,0.19244924822529694,0.954914153402894
2014-01-31,802.846968542313,1.011932116417138,12.082020073172174,1.0013552624057462,1934095.1570339997,0.6264052088290473,0.1926962297337312,0.9548910048626652
2014-02-01,812.173934836593,1.0830094726031552,7.492417349843106,1.0305592438782751,12898197.700776001,0.6291123512056338,0.19938927936577477,0.9554175054789407
2014-02-02,814.149937175916,1.0151546461361556,13.410948397917876,1.0002762764829258,2138148.8991360003,0.6294756444636128,0.1996167995028527,0.9553132189309022
2014-02-03,806.098409526924,1.0201121249360467,12.479920965995571,1.01130928152762,2837035.393207,0.6252125541274394,0.1902175735765901,0.9547329090732067
2014-02-04,800.508285971734,0.9960561572787782,8.164613352110608,0.9840482125361418,-965426.8730410002,0.6222890383041081,0.184066039451284,0.9542853826233962
2014-02-05,780.242539989937,1.4533086560595345,32.54049170696854,0.9998402402188146,115025522.008882,0.5994194131947345,0.15717423480935003,0.9525240959042347
2014-02-06,768.754354952973,1.0254503502073598,16.104704167488936,0.9884146287961488,5260233.2255730005,0.5925707336970605,0.1434497241361354,0.9516386739659203
2014-02-07,704.268288629305,0.9590852017122007,10.417062385844124,0.9458311866316422,-10030151.646811,0.555916989198498,0.06715889740980671,0.947083972682441
2014-02-08,678.567652552782,0.966446249415799,6.932688159086486,0.9538287297726369,-5760466.959144001,0.5393027522843996,0.03303704275682882,0.9450231530199599
2014-02-09,687.021382953354,1.0023783412469573,9.985472305597266,0.9775868953278642,371732.50685699936,0.5447407601235696,0.044981403314517096,0.9456447922487238
2014-02-10,686.003602686904,0.9986047846299819,9.144697972400477,0.9891383984782413,-307257.52370799985,0.5442810052994015,0.04369077924673003,0.9455327787585204
2014-02-11,674.491497605424,0.9799201507470907,11.587111338607587,0.9662388133365412,-4051836.6356109995,0.5364511848786909,0.027506731589105327,0.9443887430261702
2014-02-12,652.134541592095,0.9632173619651638,7.140799325610039,0.9330186814681409,-6757191.652325001,0.5211541871025502,-0.003684977111608696,0.942430207870384
2014-02-13,605.845714822975,0.9602500684961515,7.34288953601272,0.9403350104666377,-5520162.69856,0.48469595357390743,-0.07915333722954233,0.9378641969746394
2014-02-14,668.150493493343,1.0334185513289058,7.182571351272444,1.002820146651675,5401331.521311,0.53269490809328,0.02026883872786458,0.9436040676959042
2014-02-15,651.988842420917,0.9905057713214496,12.524123574712814,0.9836607206153577,-1352360.0205169995,0.5210438735727076,-0.0042763802834641235,0.942062842885872
2014-02-16,621.002586550428,0.9851709700497916,6.624919378165333,0.9650645091441975,-2626014.2115429994,0.4971396901286384,-0.05300025891269878,0.9391909135036544
2014-02-17,629.948976888316,0.9832378858200158,8.562226110388819,0.9749216060644528,-2931392.226601,0.504410798737164,-0.03747595319231388,0.9399614232460228
2014-02-18,628.121113954429,0.9929885463098452,21.727454381989023,0.9441435963125663,-1220638.3072870001,0.5027446378031203,-0.038211013423200026,0.9396642157729648
2014-02-19,623.766157798437,0.9575924274649361,7.52286915616494,0.9534001210965831,-7131725.378881001,0.5000566075137749,-0.04397397189703647,0.9391287912540649
2014-02-20,561.375041051019,0.9531462688392737,7.615258029191488,0.9297472845002989,-7562966.163284999,0.44468792322682327,-0.1578426011254293,0.932159007410274
2014-02-21,579.637092081415,0.9973174901020653,5.713596877106428,0.9655231835027626,-168410.03909800015,0.4624344313809211,-0.12444231889630726,0.9337101946633151
2014-02-22,608.758139704921,0.9902344197639912,7.331648336188938,0.984066784356644,-1223770.4098300003,0.48846415393168974,-0.07090941068472077,0.9367618311951295
2014-02-23,606.514088508994,0.990064044348923,9.635960301854329,0.9691791030975632,-1260214.3771779994,0.486250782267907,-0.07464234332873512,0.9363987568782961
2014-02-24,533.461874401025,0.8794240577598638,6.156621872680157,0.8698111066817772,-25907963.133561,0.4181339710220005,-0.21362192838967897,0.9275306974028703
2014-02-25,534.619194590031,0.8903996758965246,8.187642764443526,0.874773770997676,-32572649.022564,0.4256611637760059,-0.1994750347512782,0.9275732888159929
2014-02-26,585.189534470641,1.0212312110746646,11.314266777527271,1.0129107641976225,4263978.281244999,0.4746590995858239,-0.09834298325190546,0.9335641912407628
2014-02-27,582.770748190016,0.9749983197026415,6.368931288836435,0.964744373581815,-4163260.352028,0.4727651918801816,-0.1021613282379236,0.9331475024767435
2014-02-28,553.401327219205,1.034082488064381,18.32466681346523,0.94544353048632,4463282.884243,0.44347168570038836,-0.15852231355361568,0.9293825690726635
2014-03-01,568.747683899014,0.9707793189580176,18.360687091182708,0.9330332645640114,-4501491.465398001,0.4591806173482203,-0.12449494793618048,0.9311402206836006
2014-03-02,566.785235831795,0.9799580902863427,6.564274720139569,0.9569076264749028,-2829189.321784,0.45769605591927287,-0.1269073306126641,0.9308756341500296
2014-03-03,680.659703859355,1.0564541126984337,7.910815290579285,1.0344491131619002,13915959.357003001,0.5479588039545888,0.058346667480455146,0.9423641655623781
2014-03-04,671.987059748148,1.0016564785421125,6.9413761625574555,0.995064013966287,472749.30278800055,0.5412815856629738,0.045564170483904716,0.941497206784409
2014-03-05,669.64791046341,1.0292881138782193,8.09199751910747,0.9803842689644157,5514062.064389001,0.5389969610956875,0.041370366482842896,0.9411617218774969
2014-03-06,667.97917100735,1.0404037890965854,8.437998039274134,1.0225763285404523,6694823.542915,0.5370153232843764,0.032937846266397564,0.9403856112160697
2014-03-07,631.022786784201,1.1554558751852329,123.24066381893219,0.993130617339054,123669505.048583,0.493550173153578,-0.02299666871268377,0.9349181030224136
2014-03-08,617.367098776055,1.001713266302107,5.412608703705951,0.9977446600399477,913030.1441249996,0.4820865478910226,-0.04583771966505115,0.9334688549463847
2014-03-09,639.897883681823,1.302071733514095,50.89393332845804,1.0132958042977367,76270913.401382,0.4911533534264529,-0.010425532440667018,0.9349115209440066
2014-03-10,626.980431485296,1.0189306268102705,17.648863976905133,0.9874198424224385,6285079.845385001,0.47913288651036673,-0.030512122907330106,0.9334506821829283
2014-03-11,634.040371056704,1.0162756996015458,13.22905985788477,1.0026441873431702,4546998.608376,0.4844454340030798,-0.026401049094504,0.9330478595089289
2014-03-12,636.289701330536,1.020238438810811,5.0787394264868775,1.00365557071876,8119917.389599999,0.4848085580333956,-0.023578545290838988,0.9334687958779204
2014-03-13,644.210887849228,1.0106687550009696,7.953481688523633,1.002953476919239,3056654.182253,0.4907239281599356,-0.012505909072524078,0.9340954945022054
2014-03-14,627.953762619516,0.9824908281599329,7.298850684116049,0.977860467963558,-3864618.281397,0.4775383090510667,-0.03825304495197701,0.9322584519239925
2014-03-15,635.534112241032,1.003239260835646,6.85232077068796,0.9978867063326822,758714.2891319997,0.48381494433785577,-0.02756356591621205,0.9327849612204638
2014-03-16,632.003703646914,1.006968993272518,9.75060850723186,0.988329887361402,470252.353409,0.4806817164780679,-0.03334479398184207,0.9323681495007826
2014-03-17,623.735263903274,0.9977374549366289,14.075303778495535,0.9799433133627056,-313855.7029959997,0.47364783445876174,-0.04723916020777565,0.9312982085831779
2014-03-18,615.854523428001,1.0193635340878164,7.881988231966679,0.9816345629007748,2051716.2813719995,0.466537922114857,-0.060799734012441736,0.9303261592345583
2014-03-19,609.213279869461,0.9981887770412332,7.478426037176828,0.9803790503220904,-368117.3812499996,0.46058798043129506,-0.07337624047170901,0.9292128858234339
2014-03-20,586.537166008565,0.9634799130519889,11.529261408677495,0.939122091553856,-5377757.772066001,0.439975065502321,-0.11378195052473285,0.9261755903813146
2014-03-21,570.825111000306,1.111832954118513,4.198741509852477,0.9524439903103337,12947922.751034,0.42245238006448294,-0.1426527755160088,0.9250106045177546
2014-03-22,563.022271896756,0.9967324048618535,11.942136195501305,0.972194028915888,-368445.3987179999,0.41443645142519364,-0.1596947653590818,0.9234463321410088
2014-03-23,557.6447871815,0.9760611258543205,7.911395105253993,0.9604546988913065,-1702141.1036519997,0.40876920862589605,-0.17177760650004065,0.9222104267857504
2014-03-24,585.610809414432,1.0165074684738298,7.162502711147935,0.9881820514083748,1879254.5549169998,0.43689780060315775,-0.11635331863246871,0.9257005347228714
2014-03-25,583.974447598317,1.025553220015482,6.0998118842645,0.9802431434232083,2822732.5899449997,0.43475342655462096,-0.11986876300014489,0.9252618668856215
2014-03-26,576.782527983007,0.9986219549591192,6.508557672623798,0.9743727382589249,-161892.55987400003,0.427493630822522,-0.13568112570093901,0.9234986535491939
2014-03-27,474.496112535878,0.9213845833399764,5.057038148279491,0.9075854020528317,-12082921.396395,0.30440876958509006,-0.38852809731927557,0.9023600009020181
2014-03-28,502.927662207108,0.9563700689970258,5.7558648836420945,0.9381140787736115,-6134802.2882590005,0.3450984170192408,-0.3101786508292546,0.906902953409794
2014-03-29,492.433627619984,0.970805669526072,6.515062309318729,0.9517078504075496,-2389120.7329679998,0.3313626650567299,-0.361627911484739,0.8983845188602457
2014-03-30,460.995724361968,0.9287534952440221,5.213487351084373,0.9107403824095844,-7946592.755666999,0.28702364386253487,-0.4654116539432027,0.8880418249617563
2014-03-31,456.647066940835,0.9173967746263993,4.430301570200751,0.9035134081462299,-10400111.640391,0.28220363630913825,-0.4751728086176932,0.8867365548924009
2014-04-01,479.873361199372,0.9728396181637259,4.083925940991951,0.9600795085215544,-2654290.7629120005,0.317235633245441,-0.40252824049221597,0.8921005327935123
2014-04-02,437.214942793284,0.9177444870556989,3.8783578238889893,0.9068886883106562,-8542998.266239999,0.2516297679258229,-0.5398467693170058,0.8802426566999693
2014-04-03,447.992549465074,0.9824482579179876,15.831993237073316,0.9288918787488899,-1904101.9594029998,0.27034736035376816,-0.49985216803991595,0.8825493022260782
2014-04-04,446.994766212599,0.9624900651751527,5.475632640493476,0.9585262417009719,-3878945.532579,0.2693431681861648,-0.5026579328707206,0.881854075061864
2014-04-05,463.667150070418,0.9191923026483285,6.824345158987516,0.9122658490038063,-14332826.508269,0.2987379846929549,-0.4430884876579588,0.8858693569471928
2014-04-06,458.185659954543,0.9968014621669711,10.007318104283422,0.9525777182230599,-261760.78303299984,0.29022062421615735,-0.45932989525419343,0.884127735457137
2014-04-07,446.281160469535,0.963929691608407,6.783063291746643,0.9556606431481259,-2975308.8615759998,0.2715737302492337,-0.49722022477639544,0.8807799596027731
2014-04-08,451.667797651288,0.9629052003015927,4.081408364834136,0.9582120702658931,-3399193.034463,0.280790819636528,-0.48017276203085096,0.8813397362426585
2014-04-09,440.906037806598,0.9956364455499296,4.048473364848678,0.9038281266356257,-410562.38219800126,0.2630467216501172,-0.5154962150344862,0.8769902460876347
2014-04-10,364.124870355731,0.8394453308115309,4.652881415785128,0.8149486355478737,-22747818.710774,0.11127446223112047,-0.8229073154770689,0.8500266407327548
2014-04-11,422.37832094113,0.9183367750213314,5.65070476915988,0.9087830656895518,-9907408.819273999,0.23662622020843996,-0.5698599300598801,0.8687180727541943
2014-04-12,422.890062244945,0.9807296489234033,6.466063902960703,0.9749400518662039,-1338742.523798,0.2376928921327034,-0.5708876604587514,0.865953222690852
2014-04-13,417.301905137545,0.9837045931209946,3.458978256772429,0.9704976567752295,-1024586.1545579999,0.22760217154223952,-0.5946152233774332,0.8611076554254025
2014-04-14,459.848064154935,1.0129608706565896,5.245404672601692,0.9976950898436808,1444799.2156120003,0.29887804197848744,-0.449424192170985,0.8720217293767482
2014-04-15,518.925193708951,1.0274988696844238,4.89982911413603,1.0180224660532329,3683210.792607,0.3785073173503303,-0.28806414591429724,0.8843731221235469
2014-04-16,530.937602631916,1.122185084643656,9.273137075576749,1.022539625458716,18674731.726311002,0.38976496684046247,-0.2609367179278691,0.8850224589530157
2014-04-17,497.597748720723,1.017263994037536,5.31967783873465,0.9901039085642999,2327720.7646940006,0.347581144289128,-0.34640164115344746,0.8748829950295016
2014-04-18,479.402213346884,0.9537107079613789,4.2528064691277185,0.9449880157545038,-4714915.384281,0.3233619506038335,-0.39903546670223733,0.8655594650887368
2014-04-19,503.487238678145,1.0111341294334635,4.268790924454953,1.0048857412172667,962573.851295,0.35557388212897445,-0.3345895873764205,0.8691447271375312
2014-04-20,498.953650399417,0.9601140594235467,7.070475626731345,0.9531157684924421,-3169893.73934,0.3500198267760918,-0.34724285736550153,0.8651836298899692
2014-04-21,493.957318438276,0.9938787166611043,3.8089262268263013,0.9847010181968322,-499357.61419300013,0.3433342001155797,-0.3615523271270221,0.8607832348401739
2014-04-22,487.244646932982,0.9815953585451,3.272174613602638,0.9727360294008571,-3076148.897139,0.33467070884251887,-0.378019882236254,0.8525482620440546
2014-04-23,489.552965607197,1.0610412961030993,3.7345675286017195,1.007450756457546,6417584.249402,0.33659123744148134,-0.3708442438959857,0.8456368864883271
2014-04-24,501.321738736763,1.0153826437684286,4.0462537197663675,0.9992526888078445,1647930.5343250001,0.3520139604522388,-0.339070704891543,0.8429777447944794
2014-04-25,464.48617213457,0.9538288301432404,3.465889472518756,0.9459804306065014,-4756074.175693,0.30126098243958277,-0.44180425508361654,0.8250443718775443
2014-04-26,459.61133846647,0.9821225355353923,3.7895822308366345,0.9688080108734543,-1171766.67265,0.29391417056365987,-0.4535353143978193,0.8145579474075197
2014-04-27,429.123236370122,0.9560379044379249,2.9877384521828914,0.9409063818600519,-2756036.141636,0.24383523336344193,-0.5487712110242456,0.7843143830128796
2014-04-28,439.863274195974,0.9605971875439515,3.985168772668732,0.9508556287758754,-4806337.441977,0.2632844245064667,-0.506204538401009,0.7847838963754398
2014-04-29,445.903356590708,0.9786723333625165,3.2165571288658925,0.964703962753403,-2285788.3650930002,0.2735679404643852,-0.47985739890963114,0.7764878004910796
2014-04-30,449.029769048968,0.9892282834173287,1.9994714450450384,0.9804129125019403,-833392.8652009999,0.27875876590078463,-0.4442377090779334,0.7329552331152414
2014-05-01,458.805840165877,0.9963154883860047,3.062404856582089,0.9832441833142754,-209803.22155399993,0.2941075056296778,-0.4051333126948856,0.7270372147949957
2014-05-02,450.812353697179,0.9962746701397142,1.750729341735499,0.9901157442940548,-467359.24498900026,0.2816300126397448,-0.4194769498817513,0.7098972800380509
2014-05-03,438.721813554547,0.972055996241384,1.551428319465353,0.9688674754648057,-1897503.195123,0.2620538514358315,-0.4467731496987019,0.6888799786495484
2014-05-04,435.169167225455,0.9744693036523286,2.490387730539226,0.9671799481210183,-1647306.371092,0.2562546667470497,-0.4527693921917844,0.6809382409023814
2014-05-05,431.849778453077,0.9580968137307504,2.1212485544357778,0.9485312111215005,-3364675.5352239995,0.2510722034247547,-0.457893667217455,0.673137171667355
2014-05-06,429.238071184612,0.9511578760285213,2.0541721547583136,0.9441897163916859,-3874411.9692860004,0.24711711804527675,-0.45842695644233533,0.6637269392212901
2014-05-07,440.114326814283,0.9827097457032246,3.207931129975976,0.9733167013620843,-1695758.0567909998,0.2659178493780774,-0.41240808172997545,0.6617637033597047
2014-05-08,439.679324524169,0.9927997099880592,1.8282858824900743,0.9837721377556086,-652016.133778,0.265170186102693,-0.4053976658521389,0.6534193410961208
2014-05-09,454.355384932296,1.0017762614813066,1.5337053329675185,0.9979261749438988,295939.823262,0.28886324404426394,-0.3527051464487584,0.6560603105358028
2014-05-10,457.193549962871,0.9965873629763802,2.9344965249160406,0.9907795113757979,-209432.237401,0.29320124920809865,-0.34090724784489934,0.653011705845624
2014-05-11,437.567614875049,0.978749852568015,1.7392918607546075,0.9712830313773795,-1311949.2011219999,0.26157608387954806,-0.3987279028767205,0.633601312003446
2014-05-12,441.1546747449,0.9832938708422361,1.729235908172559,0.9800255160380724,-1509486.4391010003,0.2677778061051146,-0.38402667874525676,0.6324603607708368
2014-05-13,440.131132926695,0.9736890429410328,0.9727183581629166,0.9736983331218628,-2011554.1357480001,0.2663695142422417,-0.3822273564682827,0.626501381743021
2014-05-14,445.529408146216,0.9762173145927419,1.1251219637569485,0.9628926683674293,-2668454.307774,0.2757271209323407,-0.3578901104280336,0.6279444926212403
2014-05-15,448.611682390486,0.9951049380748116,1.7795977336861948,0.9897324522674816,-495271.3848560001,0.28067273962913186,-0.34489305628311684,0.6265872767571248
2014-05-16,449.166281122606,0.9703683301214828,0.8920924800934874,0.9713572056842736,-2159893.039959,0.2818296029987031,-0.33869238278905955,0.6224884254975632
2014-05-17,451.230549112886,0.9919000076449032,1.2776759977702319,0.9891628728901724,-404432.395272,0.285114462040703,-0.3295548342450296,0.6208938416596359
2014-05-18,449.127884979357,0.999611711156756,1.8878936013362855,0.9803370045825548,-25499.028915000148,0.2816725352521142,-0.33340976611406825,0.6170141383942224
2014-05-19,446.985782021753,0.9808640501282855,1.1534994476427582,0.9785514485374582,-1558911.350353,0.2783889644284859,-0.336728294412282,0.6127251537688188
2014-05-20,491.424736603221,1.0395956766422294,1.9062552117672784,1.033421222334394,4836870.988237001,0.34316941620210767,-0.21582723945883564,0.6436591466469296
2014-05-21,495.03427831101,1.0244606782706867,1.6482453339650252,1.011999186573647,2298269.8702030005,0.34736794378840025,-0.20633621519709422,0.644253786624937
2014-05-22,527.691750640225,1.059129227998746,2.262847434293281,1.047636980535705,6390859.604125,0.3868571381922509,-0.13449174773541966,0.6637439569886768
2014-05-23,523.888871531554,1.0217674822940992,0.9584076481389028,1.0229522936332311,2266995.92358,0.3816595239966125,-0.1407622713772137,0.6533066078135635
2014-05-24,528.108040784233,1.0099231362882721,1.3004786706305322,1.0085703191702096,1687433.9296080004,0.38632720172867235,-0.13193530962412994,0.6538606764469161
2014-05-25,574.000923186107,1.1189328723416634,2.676476064411371,1.069994205168002,13852045.195068,0.43353492247057757,-0.04424164155797319,0.6688529890423713
2014-05-26,586.212068788533,1.0318444305089196,1.0862438790156388,1.0302751235516037,4204356.157708,0.4446103712530189,-0.023842049900644702,0.6750152032971477
2014-05-27,575.917762156633,1.2701320012028594,13.427979274806573,1.0246722471934975,35127834.534019,0.4297415901295778,-0.04182985368884757,0.6637247143155003
2014-05-28,579.491396111656,1.0317389133173274,1.444197762906531,1.0247212932992409,4086758.683035,0.4326124006771637,-0.03610240699124721,0.664030680513354
2014-05-29,569.467543314324,1.0121328282845499,1.33005311846815,1.0064700211355464,1124895.685118,0.42229883849778416,-0.05065482578901214,0.6467833639309358
2014-05-30,621.029459421245,1.1145131032092614,2.4019862828826306,1.1038658897719797,27702241.538755,0.46784471437459324,0.02848303705646318,0.6738952445368143
2014-05-31,626.396651839592,1.0488695268323585,2.5508667781492833,1.0187140915286537,6985261.943839001,0.47135221191496846,0.03671942847772367,0.6746864795628197
2014-06-01,626.538965784291,1.041335028074776,1.2368897067069557,1.0302441865960492,5214523.3426129995,0.4703478792120621,0.035756754444750044,0.6748231776056166
2014-06-02,667.260159669021,1.0650094724946568,0.9743363819630869,1.067793392491941,16135858.671481,0.5007474929867274,0.08926288290151121,0.6941763462976402
2014-06-03,671.348575400471,1.057278451183789,1.0808478115973115,1.0566344486028667,8973712.393835,0.5024801539263135,0.092947163790925,0.6938689862007927
2014-06-04,642.055652894989,1.0238278265389271,1.542771772045176,1.016634207712585,3197204.013297,0.47907452333049927,0.0512985385478082,0.6787406682427654
2014-06-05,661.348221006457,1.0555072752304742,1.242537421233629,1.0501641158981023,7040508.600711,0.4933446163995802,0.07690752189320768,0.6879299687448848
2014-06-06,649.174448735342,1.0003021350103602,1.629777657538561,0.9951105695177563,-22673.699307000265,0.4826360660121192,0.0604408776452612,0.6813918194055085
2014-06-07,657.491754015786,1.0288913521396588,1.3713829691788575,1.0213823481697912,2742027.91039,0.4887603431637872,0.07355696859024495,0.6825917150666071
2014-06-08,659.169023435859,1.058343598547511,4.695037102329849,1.0284419583087754,4194570.45591,0.48944948270011474,0.07616336356428267,0.6818402525852215
2014-06-09,650.597167334884,1.0681716096924074,2.357364973029861,1.0483956564238666,7729561.0581330005,0.4816261908092949,0.06421194439516953,0.6751084532601428
2014-06-10,656.724655188855,1.047194957456415,1.6441174078400254,1.0367421749615549,8166245.791602001,0.48527578167319224,0.07328555545780976,0.6752984248190324
2014-06-11,637.564452522189,1.0256334736818737,3.3894359543140467,1.0028780797826817,3928733.882255,0.46901130408256436,0.046338992992768606,0.6636351365707056
2014-06-12,596.478601865419,1.1493187712304975,3.2349897099937475,0.9679650129249188,60999210.169398,0.42297184284708567,-0.013208038352554236,0.6383578734838333
2014-06-13,604.732318935248,1.0160431640368224,2.0059620460401875,1.0055710681396621,3768573.1769529996,0.4308790057568031,0.0010604991868195376,0.6420889322054324
2014-06-14,573.141396313358,0.9713239338971053,1.041640259102612,0.9699728396968038,-2918627.676473,0.3997021758339401,-0.05192669923985326,0.6215572607472034
2014-06-15,593.920477013976,1.007766263729775,1.0621269393856654,1.0072955082020902,837666.9919970001,0.42070853723782536,-0.012477238473773659,0.6314625299661976
2014-06-16,591.036048107085,1.0145359601511255,1.8959610564397427,0.9937513038418679,1508683.452666,0.41734028037292176,-0.015752685589427693,0.6279893067365617
2014-06-17,613.965632412383,1.0152874206651734,0.9527618183746746,1.0173781311315608,1857149.476532,0.4389047031937305,0.022467176006513503,0.6408367857113427
2014-06-18,608.313569150799,1.0097795490776957,1.434734564550178,1.0046591196721681,1201287.304004,0.433325388709595,0.015971226920362753,0.6336707229610431
2014-06-19,596.956806152859,0.9940283201222424,1.037649351007591,0.9928629551808065,-715649.1394999998,0.42232209134511706,0.0007421489181984204,0.6229734250783187
2014-06-20,591.938977873436,1.0044259008127492,1.4326321202949508,0.9977170354586106,423167.81854200014,0.41723686638453794,-0.005990879137457446,0.6176916566416983
2014-06-21,595.32859959483,1.005841908643406,1.5327208104969305,1.0000557398821732,671623.1681530001,0.4203502078729511,0.000548690259586516,0.618831834797728
2014-06-22,603.349486325387,1.0147127538605512,1.6310574907161188,1.0056458713382315,1441088.895749,0.42772415300498573,0.0139773140728252,0.6234931078113336
2014-06-23,591.297419330408,1.0130198643708466,0.9759739138091204,1.0140129654190968,1697679.0854439996,0.4156715609950019,-0.0059666953556419535,0.6152255319198899
2014-06-24,580.451965284948,1.0113504705100185,2.6821972181120177,1.0047386918342343,1993838.426006,0.40410800351694137,-0.024256853337613526,0.6070252602417805
2014-06-25,566.734044843783,0.9864798573368981,1.0078986956984564,0.9862159878820629,-1661016.937153,0.38978276766882164,-0.047202957845852926,0.596278832934649
2014-06-26,582.244195106148,1.0321042211159706,2.4580522858174687,0.9992870605222153,4236550.860522,0.4054952994737771,-0.018189784791161765,0.6057065885248623
2014-06-27,604.313184303073,1.029776179608684,2.9249127340562198,1.0153560937315287,3329655.909028,0.42680213260184424,0.01899553379550524,0.6191433416012114
2014-06-28,595.842643566275,1.0056604813860672,1.323331762673011,1.0023854959500649,438014.571258,0.41834238571397536,0.006194057146080906,0.6120376369565977
2014-06-29,601.233282002367,1.080662122889904,11.350814354325822,1.004414088543072,8384086.806767999,0.42238281208555495,0.015388317574811492,0.6143067642102248
2014-06-30,640.811450154161,1.0649805046563328,2.716688935718247,1.0367612062879015,9399047.424415,0.4570420170140552,0.0746671536953339,0.6373667169272714
2014-07-01,641.702926073277,1.0347994162860499,1.1678581589020705,1.0325902909532014,6102050.982633,0.4566853919937965,0.07515243021361226,0.6359307079529787
2014-07-02,654.638678058191,1.046956469013364,1.3462384981827737,1.042749393455328,12997342.095196,0.46601174856951294,0.08977212379324766,0.6424525500169229
2014-07-03,644.638854458211,1.0426016375797715,2.316997923427459,1.006138390220092,6283132.730263,0.45679849533117106,0.07592464423812162,0.6357550148022906
2014-07-04,631.950545601913,1.0127559664941796,2.35366830891413,1.0017569151786145,1450525.2894339997,0.44551589662412083,0.05804224094158748,0.6273078302738537
2014-07-05,631.62802302674,1.015500549924886,1.2913936938897115,1.0095690935475903,1515645.8382840003,0.44491228528503773,0.0578073846792291,0.6263726253481811
2014-07-06,637.272241944862,1.016200256178232,1.6585698366458543,1.0082570147661372,1573727.317976,0.44953543556207226,0.06639963375379059,0.6289190326597343
2014-07-07,621.540798351775,1.010075749261401,1.7969969627111513,1.0033331238375687,1298937.149023,0.4352335372597556,0.04341712348976013,0.6184576609791862
2014-07-08,625.698704966266,1.0056862300880263,1.0802090428126048,1.0049882256570946,641359.4764030001,0.43883510126768105,0.05017154793604428,0.6202099698882854
2014-07-09,624.273645141518,1.0550681303708629,2.981365693630316,1.0036068123347115,6656979.980605,0.4365576589613571,0.04886369572649475,0.6175915612361281
2014-07-10,616.224397928506,1.013475635726848,3.268569094884814,0.9978863138712493,1675466.136101,0.42882909118366697,0.042952325537409825,0.6034383078283269
2014-07-11,635.986130872417,1.0181223899149243,1.6138937538416684,1.0125703468051774,2187969.2985159997,0.4462960481036977,0.07521865696698114,0.6113468077347356
2014-07-12,636.214094287588,1.01338700343804,2.014133411545442,1.0057767828942925,1571234.336314,0.4461434783593854,0.07607540406832833,0.6098399858966433
2014-07-13,629.606558432338,1.0087800552746538,1.7787472128041584,1.0033549720403134,954545.6470979999,0.4400247480944239,0.06674936584029492,0.6044366491033554
2014-07-14,619.196062352768,1.0013081264049215,1.1329914467233355,0.9992226004063537,144545.80105499993,0.4304372137182394,0.05143668991718484,0.5971069178765679
2014-07-15,620.855859938569,1.0102424984382021,2.1273745270296915,1.0011084333827744,1268095.18936,0.4316562051576644,0.05434769474401241,0.5971143929852749
2014-07-16,617.304554188424,1.0044339782506098,1.478801669811395,1.0020485476334338,609155.429211,0.42819402247022254,0.04945850405873344,0.5932103071390097
2014-07-17,623.603995872464,1.0213341157623022,1.3742023092106752,1.0141737869502176,2423543.3953839997,0.43357328968919057,0.05867078963580286,0.5964905105395432
2014-07-18,630.816186224942,1.0167308518900577,1.26810448063841,1.0094613168570763,2123006.104452,0.43970644394631886,0.06887584144402009,0.6006805540177181
2014-07-19,630.706883563829,0.9929726476289491,0.8804690570426971,1.005173377553163,-692535.0408999999,0.43952646223578296,0.06861797652423919,0.6008235892758876
2014-07-20,624.458917838067,1.0127149445430665,1.0587114570017222,1.0114665834726893,1022194.329455,0.43369954477306344,0.05918487627319144,0.5960701612313128
2014-07-21,620.145118753808,1.03099527001239,1.3484559273276386,1.0249800943242149,4189227.3712919997,0.42909645426376564,0.0514345416542764,0.5924255591853791
2014-07-22,618.977125810173,1.0081923402554167,1.7066122474591443,0.9996886291035852,936401.4175580001,0.42773761451512576,0.04991070850565565,0.5903093516289803
2014-07-23,619.182306571221,1.03414560875679,2.4104600536592447,1.0037601411137287,4176872.2656159997,0.4272722858407264,0.05062977871577031,0.5872349431054007
2014-07-24,603.513866536365,1.0027376267625585,1.9105532854412637,0.9887433063663478,333205.57302699983,0.4121813662235635,0.026664059965809922,0.5759916645020767
2014-07-25,600.100180749828,1.0018318066705516,1.183697164397974,0.9985939895106372,208926.39663500013,0.40868054135420323,0.021017377732760145,0.5730377556629783
2014-07-26,593.917773411456,0.9962455395388224,0.9663579012276013,0.9970328158260673,-340471.597117,0.4024616015260802,0.010883951760295113,0.5682197242103065
2014-07-27,590.61497745839,1.001902437906253,1.3162269888342795,0.9897092401374695,142368.45098800003,0.3989469166418706,0.005749716483082974,0.5652807839298527
2014-07-28,583.89966013582,0.9903248364888697,1.5645711811505807,0.9788577217893452,-1224734.646813,0.3921140277431272,-0.0045249489076186564,0.5600127769551362
2014-07-29,583.062587976733,0.9820425933550434,0.8462177730409507,0.9951009254082969,-1895556.401007,0.3913558784068977,-0.006082344622117682,0.5596865494476831
2014-07-30,567.231362288795,0.9712224603938691,1.0313606444715906,0.9705059391158253,-3069136.827914,0.3745416041140367,-0.0341891127202522,0.5440921162107116
2014-07-31,579.830029413032,1.015950104508599,1.6689583159511623,0.999220386810485,1679493.7819959999,0.387881869769,-0.011671940057159495,0.5531785060144775
2014-08-01,594.711046101146,1.0450633475672841,1.0611038641271533,1.0445872249247978,5571217.829441,0.40241392712804036,0.011347984726817556,0.5638559402915725
2014-08-02,588.869726840964,1.007788350934013,1.8047283236333662,0.9930302839680544,829631.1754519998,0.39622844129906193,0.0013823758855302285,0.5578376368627298
2014-08-03,586.97038413595,0.9946300741881644,1.0058043912651111,0.994227058977863,-464234.720567,0.3942271310302306,-0.0018363155019566401,0.555341756493889
2014-08-04,586.57096032065,1.0355360764623496,1.7396984757826421,0.9987472757233342,4281318.168237001,0.39313165357005414,-0.002753329444560404,0.5533507832423527
2014-08-05,582.866688560504,1.145359779158961,2.6192002507391927,0.9949716967491858,26047409.002279,0.3856107124440672,-0.006891407199176402,0.54655444343074
2014-08-06,583.015130862117,1.0070793234191482,1.6419354369617984,0.994142206074249,843760.3084730001,0.38555954429300754,-0.0033833853060067512,0.540740341328597
2014-08-07,587.179047747364,1.0129136391936857,1.2555194077942138,1.0023653522856304,1479264.5017680002,0.38962841780925633,0.005641038838355076,0.540266583019929
2014-08-08,590.191442838535,1.0098996092525636,1.4034738750482458,1.0019654569582548,808237.669643,0.3924847334471893,0.012364875847477289,0.5392824425033401
2014-08-09,589.219350407157,1.016993409270563,1.5581305957843774,1.0020536558210367,1389780.6049719998,0.3911761006467959,0.011115721179884663,0.5371477705008393
2014-08-10,588.449022154351,1.0100271797537606,1.1917136034719045,1.004165528131291,788041.343211,0.390117671417179,0.009783680905248608,0.5362275070134872
2014-08-11,572.045679467045,0.9896139158805873,1.4569815229513783,0.9826187018312484,-1083755.6894140001,0.37248064302172856,-0.017487803859827452,0.5222851953805515
2014-08-12,569.811335708352,0.9981518235823044,1.1873496814171602,0.9935198556439108,-206721.86907899985,0.36996042166816867,-0.020649217820192415,0.5191430692417099
2014-08-13,546.805810335522,0.9799033660459013,1.5741245581727057,0.9664991582057579,-2444598.4424339994,0.34361134207863825,-0.061221410019665454,0.4981835876403199
2014-08-14,510.156718963884,0.9271141478145462,1.132400158949207,0.9243597427501049,-9702378.963116001,0.2976575400476247,-0.12995245251539603,0.45697128019279903
2014-08-15,496.233374028826,0.9649131842846833,1.299084177043718,0.956441978032545,-4002146.304978,0.27838035753112456,-0.15765460714823148,0.43991796089100804
2014-08-16,519.06087957132,1.0062265548135607,1.701527672511564,0.9961965468166062,584333.17358,0.3102540070322191,-0.10602693705247525,0.46373107480207887
2014-08-17,497.474831467332,0.9955950365210371,2.5812173994203556,0.9763193481921705,-492970.9215329997,0.28016040278163573,-0.14850797146393352,0.43202400980449757
2014-08-18,468.08021396563,0.9143141223186623,1.0881127698667357,0.9107301137606446,-13299587.309547,0.23678521409340816,-0.21142681176875644,0.3954045875975014
2014-08-19,487.42917292409,0.9855023105007947,1.0753291617826242,0.9836008054121238,-1437623.4075499997,0.26739413453334065,-0.1616807346363284,0.4187966873207277
2014-08-20,512.044340970759,1.0123102396156984,1.7661649748133639,1.0033035860478723,1423553.3480480001,0.3025541512562008,-0.10543562605687896,0.4458176425463045
2014-08-21,517.778434057431,0.9816995547445093,0.8880419918163789,0.9939749923129211,-2368316.695557,0.3102471912544787,-0.09146368749383242,0.45177446311231706
2014-08-22,514.59782471031,1.0008024401155209,1.6145634961232653,0.9859081848014936,72281.82092199987,0.305896920258963,-0.09689230836319523,0.44678607967249023
2014-08-23,499.657053312828,0.9680522030293933,2.4037906900544086,0.94470186210462,-3672189.0305899996,0.285584120752709,-0.12559350592413798,0.4272629634613977
2014-08-24,511.160292865079,1.0007910765861077,0.9793821406150784,1.001211418103232,81999.12343099993,0.30166255323418795,-0.10012773777107982,0.4398160342325716
2014-08-25,501.869427506357,0.9892187274569877,1.3194946008944652,0.9755071565295342,-1324608.049267,0.2887527747445792,-0.11838316957876294,0.42923984944994276
2014-08-26,513.379599590357,1.008314511078179,1.3598345552374507,0.9960756725317641,922493.5733020001,0.30455666725224406,-0.09271588458213066,0.4415632989141767
2014-08-27,509.612131620481,0.9868677200561381,0.9233516962243503,0.9883710969093994,-1348355.5502730003,0.29934960306327474,-0.09970989368997762,0.43664212018052023
2014-08-28,506.007066984566,0.9032291392501202,1.3500012724427541,0.8987592212522484,-22333653.697281,0.2971003660798198,-0.09439798744880386,0.43190048369666917
2014-08-29,508.57481577692,0.972424695285878,0.8220344687205577,0.9973278320872668,-2981959.132764,0.3009914596147282,-0.0886850830017332,0.4358679960160548
2014-08-30,499.407947826712,0.9864568222888775,1.032396615850748,0.9854316398824255,-1343186.6776639998,0.2882064031763997,-0.10824697112641311,0.42468236388641806
2014-08-31,477.688738733479,0.9777848319348733,1.7326366293511988,0.9629849077133585,-1514950.4009679998,0.2558784448081019,-0.15707142850901934,0.3981583054223873
2014-09-01,472.973160142747,1.0010979125663244,1.8391972593089583,0.9646060746890878,99278.63304700004,0.2482697105632306,-0.16652203358979678,0.39159031790905285
2014-09-02,475.474055093567,0.9571841551877818,0.8301946525900893,0.9661613797590729,-3952116.5867179995,0.25277666516137826,-0.15931428893577773,0.3946115525833392
2014-09-03,474.671099387455,0.9861903415032361,1.4409073981016962,0.9795204731962888,-1277917.4409959998,0.25165285302021917,-0.16021503669914355,0.39321713419738175
2014-09-04,489.890391159088,1.0129062598329734,1.7008430979495741,0.9934753168181487,1117233.769985,0.2747751045739006,-0.12400381541564534,0.41181024327046767
2014-09-05,482.053870456277,0.998478545250126,1.7464773992542901,0.9788955247898445,-155591.43951399997,0.2628021632295657,-0.1412191214291293,0.40190935563466385
2014-09-06,483.80253526825,1.0262717758665498,2.406959062884267,0.970608902919001,1805251.557093,0.2651088986409214,-0.13568665971946337,0.4036070525343203
2014-09-07,480.056383527919,0.9490149362800869,0.6984942650549361,0.9784354295471006,-3559945.457551,0.2598626700685808,-0.14357292593055762,0.39958061200693173
2014-09-08,471.341300243033,0.9774437729210151,0.9532167003925144,0.9779290102827072,-2278962.43235,0.24648330297916493,-0.16373759676652763,0.388204025721251
2014-09-09,473.066372072618,0.9596288493412345,0.8753444781834022,0.9745228244366491,-4463080.020338001,0.25003920895857945,-0.15708747825376057,0.39185423656400536
2014-09-10,478.535387838512,0.9744347659278718,0.9682514479639707,0.9747814811200742,-2609358.194914,0.25881390006439564,-0.14254001169702046,0.398866588948956
2014-09-11,477.954410626103,0.9864579779436075,1.074704879044317,0.9843420520551391,-1142347.4570769998,0.25806637177121544,-0.14365718227092386,0.3978418367915327
2014-09-12,474.594874600928,0.9590165940597383,0.7573784661951175,0.979270003578397,-3738760.18842,0.2533485074471277,-0.1534557561190031,0.3940222168605843
2014-09-13,478.241302190543,0.990348818867488,1.009075673822174,0.9898208693854811,-546874.4246319999,0.2590327678692023,-0.14468228083303808,0.39851021088640787
2014-09-14,476.766877968088,0.9973796372603381,1.3583266867375265,0.9894739453871522,-164458.56657999998,0.2566720830871498,-0.14794671052554487,0.39653391773734303
2014-09-15,474.769636031563,0.9761279677586251,0.9081485884201034,0.9831819346002291,-2033565.290857,0.25379810680108744,-0.1517946918454154,0.39456319826466346
2014-09-16,466.358340553949,0.9752651276827092,0.9013699062376582,0.9772802379297241,-2140016.735369,0.2405456081334906,-0.17152414375431016,0.38349727023539854
2014-09-17,458.129441482918,0.9827541507524158,1.1909801784003584,0.9742883724165977,-1498342.810733,0.22707295648302328,-0.19077035610368093,0.3719999328820115
2014-09-18,424.669952869797,0.9081763168602528,1.1787552111074582,0.8999739232918904,-10399805.514516,0.16760681362555105,-0.2767688102528884,0.3200082133229326
2014-09-19,393.481893457727,0.9032162627264775,0.7948500384248454,0.9073490696821358,-13657877.962818999,0.10385397593506328,-0.3682650659049328,0.2653848758836115
2014-09-20,408.57534378308,0.9045842925255243,0.6795923899887297,0.9680266998780643,-11417685.420212,0.13879192515995523,-0.31204421250960684,0.2953276932127928
2014-09-21,399.217836682996,0.9611766067154236,0.990373769680088,0.9599237960794419,-3142479.4732109997,0.11914096020190384,-0.3396124505928107,0.2787878357533753
2014-09-22,404.873704609054,0.9650913722404457,0.727812252143013,0.9694635722804205,-2903126.084925,0.132064703402174,-0.3187527628521218,0.2887056711226123
2014-09-23,438.947355668582,0.998903969702385,1.0903900757846405,0.9963786947316031,-81165.75010799989,0.2001265037541504,-0.21567525301532484,0.34376809364472577
2014-09-24,424.430837884176,0.9738340142025135,0.8689353570961659,0.9762312077812839,-3044565.647388,0.1729043042053485,-0.25523831466997493,0.32095947260399466
2014-09-25,409.927956782504,0.9607867453460243,0.8664898998625923,0.9634326794447449,-3501979.779429,0.1441088494052843,-0.29766346710962077,0.2955425332134244
2014-09-26,404.14729148255,0.9245454720085756,0.6044440264402045,0.9570243930379589,-7556841.875287,0.13325120331489845,-0.31229219481185666,0.28619212331785493
2014-09-27,399.813748328334,0.9578869219703832,0.5969161263822125,0.9732914794588136,-2955101.721392,0.12432350253489184,-0.32491835830505605,0.2785465202083998
2014-09-28,376.560802960476,0.9646866234121106,1.6001385459620543,0.9455353578406871,-2607918.740476,0.07049439213725009,-0.4027443621129165,0.23365850154539708
2014-09-29,373.997968334147,0.897024450717413,0.5815277670819624,0.9376888838507815,-12700507.316868002,0.0667299532815245,-0.4048395056001569,0.23037517748537292
2014-09-30,387.123640861054,0.9609781676104727,0.9898637674772189,0.959969792663431,-4048997.4051270005,0.09940763086354325,-0.35354090724401616,0.2564346125704205
2014-10-01,382.78861753767,0.9474258100306316,0.5968335860679906,0.9735957959771779,-5199154.754365999,0.09016542045799603,-0.3667462093405693,0.2482020446397433
2014-10-02,371.586368279984,0.9465188134963312,0.7254598944414191,0.9644411833104531,-4576444.082516,0.06350838781280281,-0.4044782335269919,0.2260062409412898
2014-10-03,359.669264705819,0.8745058258805323,0.6579567406654917,0.8933460567406192,-16279657.053808,0.03558662502100524,-0.4389149976059643,0.20146690811928894
2014-10-04,328.335546481091,0.9051647690741749,0.7967563827770141,0.9118065059971494,-10027671.298285,-0.05459089217077452,-0.5663427014378711,0.12560457411048845
2014-10-05,319.678225627371,0.9720959943047524,1.499482424978928,0.9268654526490012,-3961660.6230079997,-0.08158211091127858,-0.5918087431974024,0.10046500841382827
2014-10-06,327.188790776704,0.8183923489077441,0.5445835751532752,0.8326762756854357,-36209367.27793,-0.04769462594934647,-0.526825817235147,0.12248029855048839
2014-10-07,335.626958905614,0.9677187231470836,0.6263348328030875,0.9878602919259948,-4805630.808148,-0.019954257930020633,-0.4850350556780097,0.14543289092382283
2014-10-08,353.177168921924,1.0028180866712024,0.8456147120451724,1.0108403986484904,508651.1029750006,0.03082923738970037,-0.41036288759323797,0.18840427631559364
2014-10-09,363.679788520861,0.9606198149149551,0.8333734643692955,0.9622657839781542,-5608753.132631,0.05968177574905573,-0.3653441836731003,0.211677692714137
2014-10-10,359.185342823022,0.9567499090002854,0.7598778951888916,0.9776194506150024,-5030579.391982,0.048846124605229926,-0.37851348582660055,0.20247800829349719
2014-10-11,360.922684734429,0.9836994778982343,0.714891001658876,0.9908758410150927,-1021261.179224,0.05366185949765129,-0.3709110223808511,0.20635307195842117
2014-10-12,378.224559260695,0.928007985251095,0.60078287611323,1.0095823451113421,-4872083.548116,0.09856020407566256,-0.3066193201662844,0.24458850435709448
2014-10-13,391.00521776464,1.0551464585813566,1.3243167192142715,1.050856317931681,7810950.675016999,0.126909394235944,-0.2679878032506588,0.26916008529581814
2014-10-14,399.092928913598,1.0103356733282125,0.7207368843516453,1.0241404171117772,1267013.767947,0.14404550768251015,-0.24344956351849079,0.2844739425041955
2014-10-15,394.242616173952,0.925643627143998,0.8944219725721085,0.9263347687268616,-10144996.395107001,0.1355031040393563,-0.25177139161014145,0.27571906667236173
2014-10-16,381.771232207782,0.9910660825018183,1.0256796998590587,0.9900980970376172,-865716.7820400002,0.10725874315849682,-0.2915444195259894,0.251798993999275
2014-10-17,382.518126893721,0.9559494480986902,0.6529312896771996,0.975325398479738,-4982282.791551,0.11006208298056967,-0.28639798220347973,0.2537897424157753
2014-10-18,390.69972030731,1.008912875659313,1.1475667458653183,1.0077129945379069,720674.6621030001,0.12855313322251785,-0.2597535269756181,0.26899481838544803
2014-10-19,387.918443101786,0.9963463126537245,1.242152735241422,0.9940937149026515,-258627.70276500005,0.12225877503515906,-0.2682274920878988,0.263620652537404
2014-10-20,380.724498350147,0.9811081806242735,0.6816692653631098,0.98669914559273,-1968049.9227389998,0.10593843083148108,-0.29088208087900236,0.24974885714524844
2014-10-21,383.99956710736,0.9848475008150788,0.7932660283300155,0.9876170780274479,-1132137.563159,0.11372900594855435,-0.27921501020036815,0.2556866348755825
2014-10-22,379.425962308557,0.9760755374002856,0.841491511659653,0.9806377861372452,-2726138.40226,0.10345679857557552,-0.29223426841282474,0.2463519410739317
2014-10-23,358.063095977608,0.9490527090518124,0.776578394546609,0.9578156206427353,-5240063.275768001,0.050839023545108136,-0.3648974724757018,0.20112758557534363
2014-10-24,357.108255768815,0.937232980738635,0.6797091172063068,0.9584046655548609,-6776751.200492,0.04981619807717549,-0.36340301565420713,0.19942466918188448
2014-10-25,345.563899466812,0.945566666207528,0.9613384749541131,0.9453550347824375,-4114800.8977299994,0.018907566545830975,-0.4049312184561576,0.1720760749562127
2014-10-26,353.174317179687,0.9770857205338344,0.8088237276622574,0.9787470749561624,-1525269.170282,0.04040734990380539,-0.3730220079530917,0.18962145298242383
2014-10-27,349.65252007376,0.9535601921015485,0.7608582170067191,0.9580661068115799,-4713631.317876,0.0316452241247049,-0.3823525970690224,0.18105309254000748
2014-10-28,353.459514003916,0.9795691950303984,0.9650631619497814,0.9799188525062577,-1747814.3058530001,0.04247387958481535,-0.3644836868736576,0.18895435363263743
2014-10-29,333.407201030262,0.9277084348904445,0.6085994694718327,0.936178895361475,-7388179.634227,-0.013827072824586055,-0.43537751234722893,0.1343336943289275
2014-10-30,344.874983953776,0.9569297103788823,0.5872996161226112,0.9881195789723679,-3336268.149263,0.020900369804095913,-0.3848710699015231,0.1633017660722095
2014-10-31,336.795815628418,0.9240639011715648,0.9619588285616235,0.923791274898401,-8985805.154844,-0.0011215179180591372,-0.4098223722928072,0.14268047107045023
2014-11-01,325.76687088625,0.9538987942520154,1.236381131903207,0.9455863025283379,-3245373.27734,-0.03430528097783431,-0.45058104202639443,0.11130730017943406
2014-11-02,323.971035419758,0.9516610826598607,0.829101268832374,0.954956006957893,-2524813.67775,-0.039399139688181865,-0.45493701395777436,0.1056968731028405
2014-11-03,325.033517098761,0.9440501194413672,0.5564895145453617,0.9575533179262312,-4523868.795756999,-0.0350000650629835,-0.44546759838969924,0.10823230604883413
2014-11-04,329.684117461856,0.9441347253555016,0.860318739183128,0.9461287573074618,-5740092.591233,-0.018946450359442476,-0.4177736684114803,0.11962744145968841
2014-11-05,338.871369253032,0.9825699938029387,0.9509537442725434,0.9833131336889523,-1727248.818884,0.00907981979823742,-0.373834994610369,0.14125867097757006
2014-11-06,349.721545517333,1.0093152260012743,1.3317855194434502,1.0015859544241097,894528.281343,0.039808839831625045,-0.32646578644231333,0.1648734436193801
2014-11-07,342.081335394015,1.0193711661996778,2.6481954249150026,0.9653920878656586,1852973.5585480002,0.017758348019649883,-0.3495957677411022,0.14404090576079387
2014-11-08,344.781789353695,0.9993300045327362,1.070099652873736,0.9957611650037883,-34961.14578599995,0.025456667701897855,-0.33613520319600976,0.14969450518382638
2014-11-09,362.596847999539,0.9583057769895545,0.6258594773536479,1.0147269900276028,-2849086.758013,0.07413549142209656,-0.26870365498727633,0.19219846610367905
2014-11-10,366.104286608767,0.9985399404030685,0.7081410333864662,1.0071487549377656,-142830.4345499999,0.08291508293182032,-0.2555736394019106,0.19969492104552847
2014-11-11,368.054641890641,0.9840802433844674,0.6911850478802942,0.99399374874247,-1394806.1009899997,0.08803580467102362,-0.2440557525929575,0.2014266998775417
2014-11-12,431.735207360928,1.0616727597896962,0.7805881481936424,1.0764728617752464,9400162.717848,0.22192414893721482,-0.05772561828229873,0.31349224027444395
2014-11-13,419.011925020404,1.0597076307581093,0.6578885093197001,1.0716933941211206,13740592.573012,0.1951130749309048,-0.08972805044042284,0.28634794824648974
2014-11-14,399.924890033398,0.9801318166795974,0.8377011896364767,0.9849394869703197,-2672681.3164700004,0.15716368116708632,-0.11756245614231381,0.236500533951512
2014-11-15,375.73383703901,0.9756359794933587,0.7713224536384444,0.9789847128407999,-2530097.460473,0.10303728323101391,-0.18629852860218676,0.18674335426363398
2014-11-16,391.629683724836,1.0078230020283034,1.171961511436253,1.0063906980825525,824500.0448660001,0.13948926990024668,-0.13804179498568298,0.21951797143456425
2014-11-17,387.472106715449,0.9638208958918009,0.7063785694791666,0.9686529943923073,-4161658.4995520003,0.13060521307899978,-0.14650035729324778,0.2108666283311363
2014-11-18,373.191911287858,0.9713408008195807,0.9443061482603066,0.9717472135309277,-3517866.625996,0.09786389530403612,-0.18664510996947117,0.18037309826883327
2014-11-19,376.30648286953,0.9601485168721263,0.667951680820222,0.9888114905259087,-4187948.812636,0.1061041319389812,-0.17415614901805604,0.18778648810584386
2014-11-20,356.92877164698,0.9354633579495052,0.7068727112020646,0.9525933306272837,-7107872.3748469995,0.05892260603236667,-0.23179240123339614,0.14395766250472
2014-11-21,350.585147053136,0.9624080494218068,0.6323200679370871,0.9723519469642973,-4261719.84853,0.04283139043789645,-0.24962973323959758,0.1280679670275141
2014-11-22,352.634566580835,0.9796186350316226,0.7763205584927205,0.9839393232075776,-1221290.9267530001,0.048623769459532666,-0.24057813590349833,0.13289005395928366
2014-11-23,367.85796571858,0.9994240151705789,0.7869332310705124,1.0023820310030196,-65.67959300009534,0.08818949467788256,-0.18847143036976013,0.1684684076298936
2014-11-24,376.02181221686,1.0043139857677457,0.8895556024559348,1.0064018814972897,487757.43623799994,0.10777725093062467,-0.16215598834534628,0.18625217990404613
2014-11-25,377.05923214442,0.9896864488634831,0.676816721280897,1.0002471267083701,-1320662.6390690003,0.11030384145320125,-0.15669525493453915,0.18784333098437933
2014-11-26,369.119330053315,0.9757562987847959,0.853199532257782,0.9793246098192433,-2510984.306276,0.09164722095729161,-0.17466802637971493,0.1675323805024879
2014-11-27,370.153762940792,0.9884066714784965,0.7988348537464176,0.9913404343477059,-927723.367243,0.09438181033751625,-0.1695906405982557,0.16933839181534727
2014-11-28,377.286738106794,0.8363867766710072,0.605036478132271,0.9954690721536203,-43519219.618483,0.12125206669231156,-0.1380777650326161,0.19860676387089124
2014-11-29,376.03374929854,0.9884997191541423,0.766727200671577,0.9947706135668578,-1164850.659304,0.11832415470650781,-0.14029158855981658,0.19570761782904253
2014-11-30,379.369571634456,1.0063045805421564,1.1322962048594436,1.0036729153126653,424616.386011,0.1260251909673197,-0.1297048256732117,0.20252766004250997
2014-12-01,380.086307391887,0.9929851121377916,0.7629832947543854,0.9956635097989482,-832147.7049099999,0.12785210588437582,-0.1250896628699377,0.20298336428189404
2014-12-02,382.363214227987,0.9748501767268225,0.8047952744914514,0.9773440642823312,-5056370.291173999,0.13394062656327313,-0.11235456637515663,0.20660662764719878
2014-12-03,375.985859681587,0.9904911392474229,0.9332214495644148,0.9919459228553764,-1049819.239556,0.11930157006650143,-0.12663912224336046,0.1913150663232501
2014-12-04,370.26099640248,0.9008742817051077,0.6795157788750624,0.9538166797454197,-13854426.558116,0.10839584742441181,-0.13619716128473172,0.18101252104239027
2014-12-05,377.551740989351,0.9999460932020952,0.8248249412583923,1.002289150089822,25378.95585700008,0.12585393591636893,-0.11174487437683925,0.19557134287306646
2014-12-06,376.276377938286,0.9937007103561873,0.7360338464578645,0.9980029428310226,-572592.2563799999,0.12298239136617617,-0.11377475741808521,0.19221785415971313
2014-12-07,376.430917784047,0.9887828718129938,0.8977948870743065,0.9936342853204727,-807245.2524219999,0.1234386469905519,-0.11131832185882029,0.19208384425406988
2014-12-08,361.945295766233,0.8478556266876429,0.6118661186786323,0.9840233746041126,-36720519.209308,0.09612784785383728,-0.14675058725383044,0.17129021012687976
2014-12-09,352.113926603953,0.99499534651834,1.3646496638423429,0.9566476711068291,-656666.0452919994,0.07089159722561401,-0.17214998048821697,0.14704046813288277
2014-12-10,345.32686674438,0.9299332066728607,0.8104711750621975,0.9313584953907391,-11976757.364171999,0.05472428922423215,-0.18503782005266478,0.12991203715866292
2014-12-11,348.832460823947,0.9701914861853643,0.7821533060718713,0.9753567322298817,-2881640.478232,0.06465906928927016,-0.16906777673532875,0.13780099681780494
2014-12-12,352.523263124099,0.9936686255999218,0.5689017559604943,0.9984748403776165,-1008831.829896,0.07484834369654864,-0.1552262348286628,0.14641219040892037
2014-12-13,348.064134001187,0.9770787450855275,0.6899002855751684,0.9832642296172877,-1710264.683711,0.06330751687686095,-0.16783801123214162,0.13511416261299644
2014-12-14,354.05950516405,0.9956753684904156,0.8419425143117046,0.9992561207333011,-198173.20580700005,0.07927020700403517,-0.1468583681746818,0.14931649734853256
2014-12-15,346.414165172972,0.9562979806171158,0.5053356648359455,0.9813599646323461,-3845267.087998,0.05963929893173718,-0.16936491886112073,0.13064291164414527
2014-12-16,326.06762526495,0.9579930487738494,0.9203855064477627,0.9585819673359238,-4151624.892252,0.0015356492385978826,-0.2374512076141335,0.0758064688110807
2014-12-17,320.311064317325,0.9595813520190195,0.7258410449263842,0.9639812552622832,-4489135.06242,-0.015281013756202323,-0.25496074020821474,0.05884212697271509
2014-12-18,312.057780928277,0.9539473819478761,0.7132529414596553,0.9607657447335144,-5920045.056821,-0.040670753674963686,-0.28158029005275037,0.03339657449743944
2014-12-19,318.469871085696,0.9611791861898156,0.5773647688291417,0.9682972589912764,-4084152.8602580004,-0.018406997292312346,-0.25148993434754946,0.052502552372365265
2014-12-20,330.488900318104,0.9713515705598829,0.4661835100287448,0.9974349880078176,-2338264.747011,0.019266608431343504,-0.20388594356775036,0.08687132999162932
2014-12-21,320.874352689124,0.9150045649556645,0.5077321453179365,0.931500436760362,-11562568.5474,-0.007850140924622249,-0.2276806636281638,0.05808130981157152
2014-12-22,332.46660630525,0.9844049653991808,0.6205788313597015,0.9934728155465897,-1508434.3793869999,0.027812481195963353,-0.18332823674288715,0.09088701160412735
2014-12-23,336.252902313939,1.0001570979662693,0.6583490316280384,1.0049356263686071,39857.76964600012,0.03903959148565954,-0.1658795518842877,0.0990209217074765
2014-12-24,323.058626990521,0.7891740598354795,0.4773439956934461,0.9756557110919122,-25184986.839354,0.004280129271968085,-0.2057894221850582,0.06873073533855462
2014-12-25,319.075829402798,0.9716297703044673,0.6375166477237002,0.9786906470486453,-1640087.100443,-0.007753034026002592,-0.21761279915398551,0.05623402887138656
2014-12-26,328.021054619527,0.9866948875349413,0.5426022878306691,1.0012574659520674,-897375.4555870001,0.020065795457930094,-0.18284536902598342,0.08160026389334808
2014-12-27,316.236593310823,0.9711303863853239,0.5982102149997647,0.9775793540740356,-2014120.123162,-0.016149185202210464,-0.22387046778749214,0.04674839542143919
2014-12-28,317.217751330565,0.9778000468050315,0.5308733531019234,0.9892625726167524,-1068024.436885,-0.012682528515212267,-0.21809313568638752,0.049211279208326325
2014-12-29,312.991088322749,0.9370138638919798,0.5604817310622444,0.9471927644500829,-5945951.140865,-0.025090955563458483,-0.22924661395758156,0.03632876061641908
2014-12-30,311.33815552032,0.8717572498027416,0.6391211030590278,0.9128708478208936,-20313018.026209,-0.026460249913410325,-0.22111474390341404,0.03318043528283991
2014-12-31,322.140070174456,0.939504565934063,0.5520378744006146,0.9908871376723275,-5913108.402001999,0.009551769308783988,-0.1755057558958154,0.06572178420086343
2015-01-01,314.768935302014,0.9809925256687017,0.7546090132612003,0.985032220288197,-867989.1138149999,-0.013519197909473183,-0.20081531834376024,0.04315319518103573
2015-01-02,316.202080790647,0.9790213898302309,0.6889318861800925,0.9890941970486106,-1230762.655909,-0.008619305869299277,-0.1927734402602448,0.046789447917781564
2015-01-03,279.754184919859,0.8819644933303755,0.5315375721699293,0.890680286227925,-12327772.389858,-0.13798496536777768,-0.33534630735227267,-0.07797222081374532
2015-01-04,264.117167123522,0.9117423713869409,0.6844703999054433,0.9225274748270891,-8860476.724032,-0.20311054116942637,-0.4039041477092856,-0.14225801103987168
2015-01-05,274.933754722416,0.9061909306862933,0.4738979287429559,0.9275225595879327,-8956689.519081999,-0.15290677695282637,-0.3405444398280795,-0.09701826283394772
2015-01-06,288.393379604576,0.9993662621006945,1.3917917439806438,0.9821933156247004,35650.36440999992,-0.09862568948467146,-0.2718863756571196,-0.048157348183462324
2015-01-07,298.067454450802,0.9769563254512507,0.6771394095756439,0.9891546036588669,-2374878.303371,-0.06198785900423654,-0.21295431657908553,-0.021774016090271194
2015-01-08,283.460201292936,0.9359926469220778,0.7601515874238769,0.9449806206652306,-9413272.539111,-0.11500837015652887,-0.26357297045258227,-0.07552894060404058
2015-01-09,291.36812101832,0.9434971738306962,0.5487333693423294,0.95150899878191,-9150462.676058,-0.08198441103740389,-0.2199735609691869,-0.046759950725092606
2015-01-10,275.832689140817,0.9518600951311029,0.6042703909750907,0.9601991466850881,-5165936.941997999,-0.14190453271652884,-0.2829381505554433,-0.10594821429690297
2015-01-11,266.934482518228,0.9684849003323954,0.9818571232003342,0.9681930243544201,-2980045.3171340004,-0.17933865088652012,-0.32058846827927984,-0.14352614589295323
2015-01-12,268.230027341168,0.9426935012669123,0.47729381435352575,0.9705740455308953,-5990780.421234,-0.17194858700866947,-0.30828737657838107,-0.13791171341074573
2015-01-13,228.417294258685,0.8868099046951221,0.6799222377968679,0.8969147566686984,-17348447.528160002,-0.37170618450690573,-0.5142998503742647,-0.33674611193933013
2015-01-14,178.498024352187,0.8049456217361919,0.44745409467250724,0.8293464539334233,-32518030.974543,-0.7434128336979785,-0.8896218626341366,-0.710408006520095
2015-01-15,210.054440590328,0.9607738743196085,0.795605893682008,0.9663270493120789,-3823328.4710410004,-0.4792031786889235,-0.5949762435335428,-0.4556946244062365
2015-01-16,208.447981731802,0.9363820181624936,0.39840339276478365,0.9695914644732115,-5867935.197338,-0.48831406965247204,-0.5985968102366844,-0.467346804986286
2015-01-17,200.638757474675,0.9332453116539186,0.35501410686045803,0.9593372531376483,-4164709.094233,-0.5444792403820069,-0.6535594701130014,-0.5251074809841911
2015-01-18,211.255776340249,0.9696110262738882,0.5651207804201147,0.9832522523365536,-1688167.5037470001,-0.4660256414475755,-0.5665498388608156,-0.44899744424966354
2015-01-19,216.299297195678,0.9672736369410074,0.39187799711664867,0.9792554090794292,-2372644.054572,-0.43068676348668905,-0.5258925727811196,-0.41559567677651055
2015-01-20,211.858954423213,0.9466776653158905,0.46810346843390416,0.9546250190078005,-4078921.0142730004,-0.45922288983712223,-0.5502752601202349,-0.44628770039104115
2015-01-21,227.6633105251,0.8518116431632091,0.4682963077475445,0.8764607854053332,-22402305.689015,-0.34922680974998227,-0.41860185751765977,-0.34516110344550294
2015-01-22,234.309861085428,0.9943411235943733,0.4434806569737083,1.0059092660417361,-468632.6602699999,-0.3108157324641451,-0.3766566922542195,-0.30737749824499716
2015-01-23,233.318179638072,0.9791246802559304,0.43139547565288333,0.98925684630605,-1841658.48998,-0.3158619002413876,-0.37527904496081677,-0.31501488857807836
2015-01-24,249.0344479994,1.0146320821843655,0.7440805352989609,1.0201160999194565,1253849.2957239999,-0.23273892508213867,-0.2877733521130668,-0.23274981620510365
2015-01-25,254.67326692523,0.9983730364383062,0.3758285895391615,1.0136807036413982,-76491.55314500001,-0.2053690829815657,-0.25766708714405356,-0.20601704178936456
2015-01-26,275.740812337644,0.935533899234936,0.501653779682703,1.015093352135229,-11656548.113865001,-0.1112093585377498,-0.16100718548980567,-0.10952034051954694
2015-01-27,265.303292695851,0.9794387380564259,0.5014790669060568,0.994309293083266,-2340836.09587,-0.15400725600464793,-0.20461168994927026,-0.153016108061229
2015-01-28,234.657661705218,0.9591160749507769,0.42164731260814364,0.972273610700179,-4897283.613095,-0.305747439399621,-0.3560573935761902,-0.30368136193354445
2015-01-29,234.140894579057,0.942126850392346,0.5540235289154392,0.9537684793055416,-4875081.332871,-0.30656544579538936,-0.3520261676904493,-0.30711745400230955
2015-01-30,227.435079866942,0.9411848296580773,0.42247472083088516,0.9497596373306478,-5717244.11568,-0.34335255658459063,-0.3835810463898041,-0.34631443038223286
2015-01-31,216.661493081224,0.9048839138526313,0.5067408417427138,0.9096273171008324,-7719796.307762,-0.4079698800981219,-0.4404107235272426,-0.41425089268229476
2015-02-01,227.215880846913,0.9809417001493989,0.4937303003664777,0.9924630341628404,-1011931.2213900001,-0.34154755498138367,-0.3687641221045352,-0.3498714476152609
2015-02-02,238.888244353622,0.9737022046190779,0.4096872559125954,1.0003733288148122,-1739104.1111559998,-0.27474981440977786,-0.30020094073294745,-0.2837245333263328
2015-02-03,228.170783062756,0.9768360061729795,0.8248682877987854,0.9793026264033364,-2120108.827716,-0.334489807690109,-0.35572927633308865,-0.3451725759103074
2015-02-04,227.413695746619,0.941947416052242,0.6183829751954482,0.9660200844007681,-4199231.266380001,-0.33734318979625194,-0.35385142962877114,-0.3501642413925058
2015-02-05,216.652884237769,0.9265905036041736,0.39123886398869456,0.9584821118984788,-5767608.839301,-0.40200836178801197,-0.4147381702438338,-0.4168800986886928
2015-02-06,222.782326749036,0.9825435744422714,0.6536284173178671,0.988231665143015,-1103021.673122,-0.36272811326431403,-0.37251118441722514,-0.37853466422389276
2015-02-07,228.81604404432,0.9733652875335175,0.59213473975459,0.9786623610414673,-1352810.221769,-0.32622572318979154,-0.3326030697540741,-0.3429140044938507
2015-02-08,224.043052040395,0.9718819091634746,0.44976883498192144,0.9808802810202361,-1654984.0945539998,-0.35390068341119296,-0.35577838805224393,-0.37269242317119344
2015-02-09,220.746232372678,0.9455793300085332,0.5393327895598673,0.9593215160541634,-3931757.2815590003,-0.3726909680746322,-0.3702836891913911,-0.3935014278326247
2015-02-10,220.898643383192,0.9702150978823401,0.5010872179550578,0.9774877500737211,-2049118.954247,-0.37086790283501025,-0.3655799093962971,-0.39293684781140525
2015-02-11,219.915894999565,0.9435389587857348,0.5176937688132776,0.9530123038413338,-4305893.793634,-0.3754510361613803,-0.36439074512505376,-0.3998792129173184
2015-02-12,222.730732214727,0.9726829874281374,0.49592409112124197,0.9884671484728073,-1641061.657132,-0.3573382128112605,-0.3439323750383451,-0.38258679858835615
2015-02-13,236.211753155932,1.000298243906179,0.5223187168472249,1.0194160112358364,25416.56974599976,-0.27975666376246333,-0.266767942653464,-0.3037739904360247
2015-02-14,256.9579253513,1.0093614681136398,0.5232148738372796,1.0345645645868167,779071.626069,-0.17621349591630694,-0.1651769178254007,-0.19847955488811544
2015-02-15,235.558310659537,0.9774575427646253,1.02911558930588,0.9767709485406747,-1836202.815331,-0.2831940235055981,-0.2675383428784083,-0.3078475097627647
2015-02-16,233.926203485919,0.963514071409459,0.4034561828864074,0.9879168125292482,-2336762.532642,-0.291254603889987,-0.27425923492220505,-0.3166970839952967
2015-02-17,244.250555148108,0.9971257718676844,0.5336218946504644,1.0134124878232176,-147581.12540500006,-0.23636087386837512,-0.21799541568019348,-0.2617969683349026
2015-02-18,236.724403808332,0.9819275758074183,0.5514019977797195,0.9892845133946478,-1277137.887111,-0.27527955392764275,-0.2542624972321282,-0.3022096372015427
2015-02-19,240.464724160133,0.8808340871742418,0.43718447316895115,0.9993117370622784,-9003523.157859,-0.25265706162580087,-0.23160958373374657,-0.27943518981653287
2015-02-20,244.904421993006,1.1069551987640505,5.158809054055893,1.0056712325439765,6082817.493334999,-0.2316491760507094,-0.20555546911224043,-0.2602009285435158
2015-02-21,245.639535020527,0.9923926563766265,0.4103697517423599,1.0044700391484775,-327200.515807,-0.22781565341197393,-0.20026941004528942,-0.2568087623769547
2015-02-22,237.013727198022,0.9501483004495546,0.3962983049702773,0.9779795045095503,-2073662.955638,-0.27191736068783523,-0.23897208081651616,-0.3033815536848669
2015-02-23,241.400249183473,0.9649503933436747,0.4899944189130421,0.9990856917003215,-2443396.38301,-0.2477451084131086,-0.2150581617459742,-0.2791797483411226
2015-02-24,239.81619784617,0.9641200474846637,0.43007806695077233,0.9909212561135293,-2339601.4177119997,-0.25525961316698537,-0.22127681889933723,-0.28728640005385425
2015-02-25,238.144959850153,0.9302550691839219,0.4348312314558775,0.994262972608308,-5323426.071753999,-0.26241053167102346,-0.2266405932871347,-0.29528561173032586
2015-02-26,237.026890803584,0.9789801528844277,0.42035067802319864,0.990817748177529,-1581785.574591,-0.2678398291305469,-0.23047399453166806,-0.30138719262706937
2015-02-27,254.524248055764,1.0085442528999178,0.5239283040381844,1.0256649009684324,1181830.31128,-0.18087622262518932,-0.14725211542274722,-0.21178195144859524
2015-02-28,255.190399632925,0.9788626969602321,0.6065942925643892,1.0063082711362161,-1335071.8202859997,-0.17736507766777926,-0.1432198201034403,-0.20846701303652912
2015-03-01,261.442621102367,1.0400326188666658,1.5026829395239094,1.0196443880841009,2519560.533682,-0.1496918135503283,-0.11596345635171677,-0.18052840312961876
2015-03-02,276.904779787956,1.0195633999798779,0.44912871893987766,1.0393133124979452,1964420.654447,-0.08555055166625389,-0.05636664245048512,-0.11421131927105697
2015-03-03,282.79462109708,0.9588714173117662,0.46754220480733605,1.0284717095992417,-5587793.230597999,-0.06159699873521471,-0.035958577426950626,-0.08843063848210277
2015-03-04,273.266893807169,0.9990414991797635,1.1953346570447403,0.9951708886053788,-138391.92602499994,-0.0991223881076713,-0.07037675634080029,-0.12696443286435227
2015-03-05,276.962909014191,0.9731152954290571,0.68151753389755,0.9979311750413441,-2829692.7099359995,-0.08348464928464067,-0.055209558420856696,-0.11132028868251437
2015-03-06,273.245670757607,1.0061752239125852,1.339184219127083,0.9975145232366963,566807.0386899998,-0.09850295417377603,-0.06848200202650878,-0.12707780198719068
2015-03-07,276.94490403045,0.957065690576416,0.4571302270819032,1.0040454126484648,-4837364.811287999,-0.08236244440269314,-0.0537408329223188,-0.11046744505609643
2015-03-08,275.47637778122,0.9448894511077996,0.4728058745756814,0.9962594766322034,-5275278.993411,-0.0864439887124193,-0.058445572271298034,-0.11483827569383713
2015-03-09,290.385012464833,0.971281839087922,0.5809909785676575,0.9735731461186528,-4177999.198622,-0.029342787384051754,-0.00046104539981000925,-0.057551239966942086
2015-03-10,292.234721966485,1.0575642691679927,1.7566594916856737,1.0179417609497623,8211969.168489,-0.025232519953419522,0.004331208240964872,-0.05322724120133216
2015-03-11,296.790683379287,1.0304509471184755,0.670141910976427,1.0383272232061147,2774318.407119,-0.01000712282620327,0.017327164809293114,-0.037011628854516664
2015-03-12,295.71516814434,1.0871460136663975,1.19971191722441,1.0862547186666174,11322409.012756,-0.015345725274546425,0.0054336175492656616,-0.04118646308232078
2015-03-13,283.309264141822,0.932708813739242,0.45674547536430576,0.9895834387489116,-6807194.301282001,-0.05842691725930236,-0.036202943241757816,-0.08513454698080025
2015-03-14,282.714236895228,0.9949517635621485,0.6699292167173055,0.9993090005351237,-373213.124051,-0.06050697469142276,-0.03719848477813812,-0.08767048089607651
2015-03-15,287.162559360781,0.9997022742408656,0.6236173905069589,1.0087637434628927,-5010.116766999941,-0.043998395893629014,-0.021286636007770518,-0.07074184978862862
2015-03-16,291.199988376731,0.9794755204406705,0.6966073840175351,0.9880505333899543,-1777077.427808,-0.029152924545870647,-0.004857143990287089,-0.05612984984780497
2015-03-17,285.188942977154,0.9997292889787069,0.8087305361723702,1.001477815718344,-39791.7295609999,-0.05093881438038361,-0.02532365064191197,-0.07861920167305236
2015-03-18,257.359681056435,0.9414989361715228,0.5802757838069907,0.9577077644101065,-6678670.016621999,-0.1632633069822411,-0.13038907592235816,-0.1949520559615637
2015-03-19,262.037758203903,0.9725201989436149,0.5459254175457348,0.988637115310481,-2684673.395017,-0.14133206886670466,-0.10528057489409745,-0.17433648535700083
2015-03-20,262.506448036766,0.9768601219456935,0.5681145683407103,0.9900293769862658,-1767305.5703499997,-0.13873686645549005,-0.10166481235880752,-0.1721649974742857
2015-03-21,260.725863238597,0.9863091989908093,0.9649468001396542,0.9867076602287145,-863294.814265,-0.14620816365887007,-0.10755696658429864,-0.18042942183435168
2015-03-22,268.567775053706,0.989576147479341,0.5696481804868434,1.0056458496071727,-527614.255962,-0.11239819659316713,-0.07471421310604885,-0.1459194981172146
2015-03-23,267.070101181274,0.9847031913130757,0.5393009146933376,0.9922921175502718,-1452225.8502079998,-0.11825698329924403,-0.07955387388390957,-0.15224017454176983
2015-03-24,245.814653851155,0.9418604046809388,0.4710382856714554,0.9578196112849873,-4657198.877491,-0.21382493920788115,-0.16865003375120463,-0.2515986137518628
2015-03-25,246.377932084561,0.959801100541235,0.5368443920897011,0.9830336698073316,-3389318.853421,-0.20984908279101752,-0.16350592678791914,-0.248316671050069
2015-03-26,249.406950057081,0.9700589129004736,0.5885422550746664,0.9778580381453807,-2610566.062044,-0.1943511128759176,-0.14667411071694852,-0.2331231745130256
2015-03-27,247.062633672772,0.9701418579849033,0.5807753937529374,0.9878825538387638,-2224588.119484,-0.204979843456987,-0.15581051144644723,-0.24457339189243343
2015-03-28,253.067479795123,0.9892403028884988,0.6426964344768556,0.9955013926246686,-512272.30056599993,-0.17613559377679022,-0.12763388001517564,-0.2150674604612937
2015-03-29,242.653926393489,0.9688786431298989,0.5296620507564486,0.9777308524317537,-1518520.5882040001,-0.22617661380904128,-0.17371122327009975,-0.26732464036588854
2015-03-30,248.159199435361,0.9733660535366979,0.5735172648396858,0.9773246963685944,-2102898.185328,-0.19816682466327157,-0.14545594909006396,-0.23918206820335272
2015-03-31,244.681899157694,0.9778224987575254,0.5172314980997225,0.9838142761154202,-1838611.7937399999,-0.21465901144188407,-0.15939143592194027,-0.2568328145998425
2015-04-01,247.171610023695,0.8987028593003076,0.4097725033383839,0.9870060338541219,-9896108.662262999,-0.19932605777092172,-0.14478053057419155,-0.2414222651646114
2015-04-02,253.517267987472,1.0096293637416949,1.1016102113415793,1.0052347193091926,803095.3626640001,-0.169308018068687,-0.11550075798235118,-0.21093112290548108
2015-04-03,254.418209008103,0.972903820175433,0.4289359409274831,1.0041335902757889,-1786505.283772,-0.16470697907051535,-0.11083007651549877,-0.2061361928313314
2015-04-04,253.836932590118,0.9996928952718249,0.997032928463604,0.9997357116910354,-14091.83669799997,-0.1673252112149029,-0.11284899841073802,-0.20902280400447523
2015-04-05,260.794183654991,1.0028921273242324,0.6167105284458659,1.0147623088591085,131890.94311999995,-0.13611116147424424,-0.08339321923959021,-0.17667520685953345
2015-04-06,255.876907049085,0.9879102415282508,0.5735064929519419,0.9974903247204318,-782697.82374,-0.1578464732617398,-0.10374026362883075,-0.19913513704126734
2015-04-07,253.916693452976,0.9842583602820338,0.491198864538094,0.9961274276577281,-1148434.310978,-0.1664694154456432,-0.11156209939188591,-0.20815853352631924
2015-04-08,245.39207278576,0.9761301551338669,0.7728617450050481,0.9806341985553564,-1959792.631536,-0.20648841319676234,-0.14763869057094112,-0.2502269389437357
2015-04-09,243.464074481051,0.9498717350078602,0.4766969367203235,0.9716622472370994,-3916710.802862,-0.21485405955262335,-0.15358497762259649,-0.2596969004717369
2015-04-10,236.300607027942,0.8893738299732841,0.5421468122745617,0.9707791424461993,-10725439.421362,-0.24841500206896852,-0.1833292412312782,-0.29574914703369054
2015-04-11,236.994656565877,0.9810288530309829,0.5512870447638076,0.9859959899414047,-1086498.4651900001,-0.24434324826098267,-0.17847636218945065,-0.29195444503572243
2015-04-12,236.685472574944,0.9484578601667454,0.4052689353688369,0.9895942167491338,-2445389.166291,-0.24534623850988713,-0.17873016228525718,-0.2930688845006811
2015-04-13,224.733687860142,0.920232548526214,0.450547200683956,0.9465600784486338,-6113062.945887,-0.30990277029906405,-0.23521699252799974,-0.36147679021052265
2015-04-14,219.199872428885,0.9498975052354919,0.5123976093313042,0.96547089627321,-4037751.8037860002,-0.34150486875749814,-0.26109408159358743,-0.3959331573026857
2015-04-15,223.735949018315,0.8713284397069728,0.3893385896472238,0.9830352071738612,-12428395.23979,-0.3098589479862248,-0.23090184351351034,-0.36414662614194154
2015-04-16,228.310457040882,0.9818835926430063,0.45970315110923154,0.9947483957772746,-1286344.890405,-0.2830596557980417,-0.2032357464806769,-0.33727168679500635
2015-04-17,222.676492906216,0.9640869344414363,0.46243923699517736,0.976352772345584,-2774355.648485,-0.31464084032663636,-0.22987486610149171,-0.3712640073265501
2015-04-18,223.457987382011,0.983841166155924,0.4792856961778037,0.9904353685160127,-783481.209218,-0.3096672015642913,-0.22283205602904305,-0.3669682770291957
2015-04-19,222.593754731546,0.9851919315853478,0.4711339523470912,0.9908254237448118,-780970.150537,-0.31449251684828916,-0.2260650846323647,-0.37238338231196527
2015-04-20,224.516104568847,0.964192830219133,0.5693610638164277,0.9833204924148264,-2306250.620969,-0.3024135935445065,-0.21304107937191,-0.36056965974272964
2015-04-21,236.176204496744,0.9842099228916856,0.5730671728920015,1.0003161127240667,-1166272.1094929997,-0.23727208314726822,-0.15189471741901373,-0.29334778095398795
2015-04-22,234.033020483586,0.98297583205266,0.44188581834825635,0.9977064660816952,-1177454.1663310002,-0.24840292726990143,-0.16111858293327208,-0.305099423016765
2015-04-23,236.067894710619,1.0051837233731857,0.9984070466216826,1.0069698640819096,430226.94692300016,-0.237872366821889,-0.14775959586964932,-0.29625797008573473
2015-04-24,231.131522376691,0.9729823807421425,0.4458679809577552,0.9901313049772341,-1858823.412292,-0.26377400840337456,-0.16935959409960535,-0.3240277520486777
2015-04-25,226.300129721107,0.9729041346462053,0.6689012328596383,0.9861964331226457,-1332089.170442,-0.2903616902883777,-0.1923221392498185,-0.35239675017938843
2015-04-26,219.985881505856,0.9589336189209197,0.4202651435068716,0.9752460213382915,-2252007.32714,-0.3265388225320466,-0.22431797058783132,-0.3910049040663278
2015-04-27,227.420895229266,0.9730753120947992,0.5308318995257608,0.9915523592905342,-1984443.189173,-0.2822318075004172,-0.1829284312713315,-0.3452242798164409
2015-04-28,225.400783145217,0.9799065784598148,0.606439309781855,0.988836846114161,-1387125.940155,-0.29331121626085127,-0.1916127589840403,-0.3573507408928939
2015-04-29,225.472529404053,0.9824358778990027,0.611991840833446,0.9883621992934231,-1184285.631395,-0.29246183713236007,-0.188924711036509,-0.3571633795424979
2015-04-30,236.31126415132,1.00713489669026,0.5784959731581805,1.0124524150772973,552042.3127620001,-0.2331896953975558,-0.134485934324742,-0.2949959922521553
2015-05-01,232.083518300565,0.9820135802662721,0.46944295042756357,0.9941392903713059,-1244110.755626,-0.2554403558198022,-0.15374791277811442,-0.31851409458426005
2015-05-02,234.972882499311,0.9912766692602095,0.44146116015214504,1.0037506585567264,-349224.2912529999,-0.239799354111949,-0.12992541021010143,-0.3046522081155408
2015-05-03,240.422745292043,1.0114180136817414,0.9506097965107152,1.0129476013629948,606843.033795,-0.21180156238616343,-0.10374384617292544,-0.2754516617282308
2015-05-04,238.846970593072,0.9915339170044338,0.48133463863588616,1.0047596642368293,-586563.9546759999,-0.21965793551873458,-0.11046041288295427,-0.28377173567925335
2015-05-05,235.958639530977,0.9747803696744117,0.48993097865520385,0.9973835965559397,-1654509.3352629999,-0.23401209242723253,-0.12266955526988389,-0.29927410417939576
2015-05-06,229.255589867336,0.9760288117650643,0.6317031978862755,0.9820578032511645,-1520181.813215,-0.26984850795436116,-0.15209540994474333,-0.33768572525303436
2015-05-07,237.248000492583,0.9867125150207918,0.35456330186300555,1.0034721901568735,-834344.4904509999,-0.22648437705215088,-0.11216466331335033,-0.29253915465385016
2015-05-08,244.264222488293,1.005771031313695,0.5715506610468625,1.0119248330132657,420311.26511100004,-0.19123103026577717,-0.07365106111597243,-0.2570115544232671
2015-05-09,242.457307617779,0.996576077168613,0.5824912486055218,1.0069755359685588,-189393.64598099992,-0.20004813836319876,-0.07818685950677627,-0.2671193663682828
2015-05-10,240.667179829205,0.9889584958697517,0.5016175290228975,1.0011635062439879,-548143.245487,-0.20881112790686723,-0.08121087341701903,-0.2775024422448908
2015-05-11,242.121705015745,0.9495497135319799,0.4526595197489699,1.0017923435123437,-3778066.8861590005,-0.20043760560502002,-0.07362386496123693,-0.26880648713431965
2015-05-12,241.714121947591,0.9791606541447543,0.4860672766782896,0.9965868970909676,-1546664.926225,-0.20195499947718892,-0.06895633092349841,-0.27178138175415173
2015-05-13,235.949581410801,0.9789947640996514,0.555561133680569,0.9904683365964732,-1545831.859372,-0.23112863667604416,-0.0911827140516191,-0.30315632755737504
2015-05-14,237.024247134343,0.9800330965172958,0.5057524898143045,0.9904086711525619,-1460617.674932,-0.22495011116151004,-0.0845989019152976,-0.29714374675657995
2015-05-15,237.615826910471,0.986966521345303,0.5500409433975961,0.9980857873524122,-747534.435572,-0.22158016599338798,-0.08093492602578256,-0.2938645712174627
2015-05-16,236.043423876757,0.980234438611778,0.551681062540417,0.9964250171228924,-825988.164681,-0.22943069207074335,-0.08682207034453403,-0.30248415715457994
2015-05-17,236.323159249796,0.9877062584232708,0.5811008730544173,0.9972087802666874,-415773.272881,-0.22777966174126935,-0.08458343366440953,-0.3009834963953717
2015-05-18,233.258272506077,0.9717673190093894,0.4434415273414518,0.9913889419981026,-1692029.341173,-0.24342799505086604,-0.09752064285489136,-0.3178077531719324
2015-05-19,231.905281340696,0.980983751976517,0.6631121445921224,0.9867365692603619,-1409922.371035,-0.250197220794849,-0.10163847784040006,-0.3255933552818722
2015-05-20,234.300874954825,0.9917624090074718,0.5472088002540423,1.0008216496010034,-522973.791967,-0.23711557876557815,-0.0895731555079212,-0.311958310267799
2015-05-21,235.441677181669,0.9912249851996672,0.47817541405464614,1.000903042024564,-599287.368821,-0.2308468690079637,-0.08348005923442804,-0.30546003443068326
2015-05-22,240.394033357009,0.9936748438572235,0.6671499450186167,1.0022631956019081,-561173.6283509999,-0.20515088275441723,-0.06027163007485652,-0.278457230024421
2015-05-23,238.834261930659,0.9815512645016731,0.41383115685997596,0.9974651878942719,-1283672.7395670002,-0.21264343600497304,-0.06490200912413091,-0.286578975378383
2015-05-24,240.592708065407,0.9976316486450665,0.6052929500624227,1.0040197225316847,-110621.25327300001,-0.20367803481293062,-0.05612743640588878,-0.2772296486910139
2015-05-25,237.270561981445,0.9677563735675181,0.44936386455725696,0.9967207132621009,-2122525.948922,-0.21990460628856814,-0.0698483318623673,-0.29457349211328054
2015-05-26,236.990935919274,0.984108208875761,0.5514723365399616,0.993602537127404,-1150989.063781,-0.22096953843348344,-0.06934033707179177,-0.29605458879079094
2015-05-27,236.373990495343,0.975933156092295,0.5787905675504987,0.9872371862671925,-1833158.449366,-0.2235866401868949,-0.07020424568575795,-0.29931677066665224
2015-05-28,236.907336252847,0.9714919132370754,0.5483660154312692,0.9939467322022009,-2219697.021358,-0.22009182138423403,-0.06169910820865794,-0.2963725178700895
2015-05-29,236.50714436584,0.9925276002442228,0.738286603978425,0.99827997792209,-551627.041178,-0.22194985666215114,-0.06298148387675821,-0.2985531190759172
2015-05-30,232.705976088453,0.851788550131349,0.4218347389288976,0.9940638807053818,-12522308.403749,-0.2380195654359906,-0.07853761205490978,-0.3159785801272115
2015-05-31,229.158445631166,0.9579828193364297,0.45872908634943005,0.9860197773250963,-2447387.453594,-0.2565015157979224,-0.09373071077099114,-0.3358708606913566
2015-06-01,222.71461175706,0.9455461426969576,0.5144001417055725,0.97063204562449,-4919250.491234001,-0.2913497076652165,-0.12147483187536061,-0.3739264235333661
2015-06-02,225.155886806167,0.9675894600044993,0.43993786168754473,0.9855066601221257,-2869195.258033,-0.27623653853155145,-0.10634970416426287,-0.3585794905879458
2015-06-03,225.207660987276,0.9769163906783953,0.4574931177570668,0.9837080723228926,-2002854.818279,-0.2752638667424157,-0.10117946430637637,-0.35818527957306473
2015-06-04,223.649852368618,0.9738842747363398,0.507005715186795,0.9903888965073961,-1923524.278347,-0.28353070385827406,-0.1053886874405377,-0.3675040996490944
2015-06-05,224.570832679346,0.9885106285891738,0.5531710661739726,0.9943700425546592,-879159.0410460001,-0.2778806073037705,-0.09991377392782738,-0.36180209313587525
2015-06-06,225.366714978606,0.9907248149452555,0.48936642390647384,0.9980171356010551,-455451.12535999995,-0.2731024816569282,-0.09517668480359054,-0.35692371444039234
2015-06-07,223.31836031038,0.9364981413379942,0.36544273694861024,0.9924205677098455,-3137082.352051,-0.2837541003041076,-0.10431606775063139,-0.36838242755893674
2015-06-08,228.722497360537,0.9967485996485359,0.5856269006231483,1.0036867380183285,-198707.45964599994,-0.25315462333104727,-0.07820041543116595,-0.33579006667803624
2015-06-09,229.113378969026,0.9947443083310076,0.5236521193274163,1.002583790393358,-384937.98767600005,-0.2508952448796701,-0.07605593541853256,-0.33320721546031706
2015-06-10,228.541494276328,0.9744503004462136,0.49141511214942163,0.994298423105577,-1975938.9847080002,-0.2533691186819125,-0.07698621891356593,-0.33595805421153524
2015-06-11,229.648699111149,0.9766158324428946,0.4438629790577135,0.9998362735312595,-1699097.943814,-0.24674307947683938,-0.07035042100839284,-0.3289392501731053
2015-06-12,229.502462521495,0.9972331150577584,0.9693085022968463,0.9982828036167168,-205728.41775200004,-0.24743836457317744,-0.06334266826844902,-0.3287006886535654
2015-06-13,232.895157057637,0.9725315158761563,0.4344197616261923,1.0063804329523076,-1666586.9593059998,-0.22860848075214568,-0.04762509979101224,-0.3086631076857114
2015-06-14,233.225041845115,0.9841941843760944,0.5653640783969861,1.00350138162586,-887180.413527,-0.226586539984959,-0.04541504102653855,-0.30630110553190887
2015-06-15,236.640350950239,0.9983761918138794,0.5543323591379639,1.008748171920069,-125530.3875500001,-0.20876373183869015,-0.03087148715978613,-0.28710314524527847
2015-06-16,251.676431485259,1.0274854206688073,0.7800922993903657,1.0339663453180556,3362277.077749,-0.1370118713364538,0.02649647925916695,-0.20996176798475882
2015-06-17,248.802178319007,0.9976957861458133,0.6389713759155887,1.008165523042489,-285122.82997700013,-0.15041243808118007,0.01372707667274824,-0.22295778138191305
2015-06-18,249.35498899291,1.0025199915907408,0.6184761801945866,1.0092422965961494,258883.27746699995,-0.14792013203677742,0.012222406208219868,-0.21848013238924305
2015-06-19,244.749210877899,0.9890841605626943,0.5920668405171713,1.0052515918524287,-1450493.5401140002,-0.16934019449536614,-0.008873463207085656,-0.23937931775939
2015-06-20,245.384932928953,1.002697149935558,1.0163880891837929,1.0016630990335924,167096.92928000004,-0.1662281680126962,-0.007080926961192539,-0.23597698676883422
2015-06-21,244.189452137555,1.0056077749413708,1.2476953358169172,1.000255107849866,290274.40899499995,-0.1720035937667742,-0.012563502674612082,-0.2418542133800944
2015-06-22,246.671569536778,1.0001523327396673,0.5946730613153738,1.0076525389907207,24972.511054000002,-0.16015705578395326,-0.003477941115565613,-0.2289085060319565
2015-06-23,244.253533228932,0.9903173785584503,0.7285239327341048,0.999346840057917,-784138.436449,-0.1714098866946836,-0.013654386037166164,-0.2406531688365569
2015-06-24,239.954934881386,0.9741417879247348,0.45481566245842736,0.9934229718805859,-2125306.997777,-0.19186886120441243,-0.03143202776609126,-0.2621206567379199
2015-06-25,242.227365958915,0.9843754192204074,0.49635683784729256,0.9980843719716508,-1211805.72436,-0.18022481125237266,-0.02185084551482723,-0.24959336779205618
2015-06-26,243.198343582627,0.992733786960259,0.6641453615742335,1.001227915171614,-677150.3645070001,-0.1752023146160399,-0.0181668375774535,-0.24393174535424833
2015-06-27,251.484055607899,1.0148739039788988,0.9141880474236923,1.0166632793060462,993523.6252390001,-0.1365799837859208,0.013971834533243079,-0.2027776443672843
2015-06-28,248.863670375304,1.0011400296957524,0.7210930327338813,1.0045577613289858,55444.32675600005,-0.14861870718085146,0.0032972571966156886,-0.21524431245393705
2015-06-29,256.674809707184,1.0118537705123258,0.7111023921564764,1.0228045503472702,1185570.0325050002,-0.11385789641835502,0.03115969400904532,-0.17789494163804453
2015-06-30,263.028279741073,1.0219012721193999,0.846806544992721,1.0253129420122336,2725487.2829859997,-0.08774035952690099,0.05157039366323479,-0.14924881954735625
2015-07-01,258.12526544978,0.9993138947533732,0.7392989699852827,1.0033030805724126,-106850.74867200013,-0.10841053109296933,0.03329457584104117,-0.17087375958089193
2015-07-02,254.73761148021,0.9882275814768452,0.5914517407374302,0.9997470736672082,-1272460.855764,-0.12285488909391452,0.02029021868333142,-0.18591455044505206
2015-07-03,256.309610586103,0.9375464953288624,0.4178512205231452,1.0035065527919662,-6072195.817702,-0.11422178267174565,0.02560281513843854,-0.17637980608889303
2015-07-04,260.531962207499,1.0066647959381914,0.7601415459897635,1.0091384385729594,461959.21511399996,-0.09618254019427183,0.040359338850932416,-0.1569812296578286
2015-07-05,271.497949792451,1.0018505369789752,0.48966219969945474,1.0256922328627165,253874.60692299996,-0.05186738166518492,0.07483958440806963,-0.10850461386566232
2015-07-06,268.985961590127,1.006904667785398,0.7807655467443583,1.0181000325110228,817736.561679,-0.0622245204917371,0.06321109236348685,-0.11824445492191979
2015-07-07,265.804671137808,1.0129040738586375,1.2024516806478693,1.0074538574544771,1342939.269692,-0.07532862070418006,0.050794642985044054,-0.1317685227737491
2015-07-08,270.606162598582,1.0087215792538533,0.8782545661586115,1.0141734211975593,975697.9479259998,-0.05635863231722281,0.06522196429255882,-0.11122365844293361
2015-07-09,269.349721600106,0.9685728161310572,0.44599057845032436,1.0077437972301764,-3923743.001165,-0.060389627884065954,0.05915271314503719,-0.11450521729398093
2015-07-10,285.591689123489,1.0220921815668662,0.7126220259794632,1.0336449646625558,3706250.4216270004,-0.0009135903953783117,0.10632021421088837,-0.050410678688498925
2015-07-11,293.281271902306,1.0166070869306023,0.7560884149315962,1.0325714993152497,1810763.674473,0.024946788780746163,0.12552280293483944,-0.022212833623632182
2015-07-12,311.378145060733,1.0586455684521106,1.1827350506402892,1.0536484396516674,6334532.096464,0.08040115858524914,0.17016536252072587,0.03713341878402777
2015-07-13,292.71137116033,0.9942431483537368,0.6860509371624675,1.0020398222179225,-795917.6154449999,0.021905337850779576,0.1165192084934413,-0.02378971070397907
2015-07-14,287.71004393242,0.9996735768246663,0.6634030728076586,1.0066200083778152,-70443.76556600002,0.004709358438332513,0.099936081335199,-0.04115878578907284
2015-07-15,285.701404472478,0.9986110741147417,0.6086455392131598,1.0076513510742622,-159031.87760300003,-0.0024172395162245543,0.09218848023235524,-0.047922604905641576
2015-07-16,278.695773336721,0.9885601961129288,0.6160221757804324,0.9982630897252454,-1283089.5291649997,-0.0272914585983209,0.06904956378373105,-0.07371592477815032
2015-07-17,280.04323655991,1.0036927047608517,1.003930842775937,1.0036844187503418,324366.5517490001,-0.022316874110125458,0.07258013142293049,-0.06838823774268446
2015-07-18,277.170726503663,0.9812267105528146,0.6121697900952319,0.9965448040364178,-1325557.955843,-0.03262104516016595,0.06276312833080416,-0.07890531504613117
2015-07-19,274.857221623951,0.9910654667217674,0.7859710935696596,0.9946481787298538,-473167.45622800005,-0.0412076187333873,0.05503134765396359,-0.08777050947947948
2015-07-20,279.983602447802,0.9664906028470417,0.5214591511295059,1.0088725189677088,-2937926.6902049994,-0.02125600032439931,0.07107312968555732,-0.0666229285898081
2015-07-21,276.664715026322,0.9863226295326913,0.594219340819289,1.0016629773376502,-1292846.5102809998,-0.03335160126273294,0.05936263214500643,-0.07880070637704187
2015-07-22,278.53248806537,0.9998312805459286,0.6392499046087294,1.006045435540595,-1912.7554350000573,-0.026309605057184094,0.06478773204694821,-0.07122843037963268
2015-07-23,277.179900689709,1.0049645203274207,0.8508756244081835,1.0067842064706733,429899.47586699994,-0.03144351457074897,0.05929391346353685,-0.07624459514453982
2015-07-24,289.109321173029,1.018584337256727,0.6938090129333788,1.0242047987885767,1942017.5858730003,0.010862043748062307,0.0952612634004881,-0.03150641698445437
2015-07-25,289.407999845346,1.017639473934192,1.049119455504301,1.0162545964909566,1381673.6572890002,0.01149459299807028,0.09394639476088702,-0.029900452507456172
2015-07-26,293.547474959739,1.0184478024576353,0.8850943857423391,1.021557067739381,1143426.8012579998,0.02518731544147018,0.10515650158584049,-0.015271686601546562
2015-07-27,294.560217440311,1.007992268510747,0.6185202268983748,1.0186861809711374,759182.7351900002,0.0283945336790414,0.10615109648218031,-0.01138233325879571
2015-07-28,295.182971760849,1.007146409448397,0.6993590408919671,1.0154792083574935,741250.7913619999,0.030198489974101364,0.10610139952594039,-0.00889322383161532
2015-07-29,290.271364850803,0.9892468598208733,0.5266245314637616,1.0028440331940518,-1144742.707317,0.013976632345867218,0.09036051154460131,-0.02544410521855345
2015-07-30,288.431060334512,0.9871336244358748,0.6027376988433146,1.002383792622331,-1183364.026796,0.00798030398931864,0.08334479130036854,-0.031012574218302072
2015-07-31,284.832682294093,1.0050887163351807,1.3899333473268498,0.9999731553474964,439649.874389,-0.004688917004807984,0.07143776312861687,-0.044102093919602736
2015-08-01,280.481553050013,0.9910872680459061,0.8509304767516291,0.9932623452812743,-606800.4298800001,-0.02012665950334982,0.05731764631467598,-0.060175461688836536
2015-08-02,282.353833298814,1.000930392775062,1.06357405991274,1.0004596602242914,61608.20298599999,-0.013328738893566542,0.06332841468054187,-0.05300652917060341
2015-08-03,281.124037339822,0.9951136327908677,0.9732155939425338,0.9955795418687087,-516558.5036289999,-0.0177911464946666,0.05948430259766181,-0.05756566679004969
2015-08-04,285.348024161186,0.9875810811064379,0.4961665109937803,1.0053101187496014,-1506360.338153,-0.00229764689543865,0.07261202107391695,-0.041202969158015024
2015-08-05,282.632066508184,0.9955987235167808,0.7940256134384884,0.998733477530516,-495102.0640119999,-0.011839867782843952,0.06448337522968318,-0.05093050363907988
2015-08-06,279.729985423356,0.9962467545622625,0.7568989771245632,0.9983393660429285,-514214.433557,-0.022178812700711686,0.054989612410880614,-0.06169468943604435
2015-08-07,280.1314225305,0.9953503311747246,0.7433977484038417,1.000320009589395,-477690.77248899994,-0.020575119767288607,0.056364285487346726,-0.05993735839352848
2015-08-08,261.89391631623,0.9886589388781287,0.6195263952392492,0.9936621191663038,-1473624.355702,-0.0919065308013954,-0.008219965064901951,-0.13339883635015298
2015-08-09,266.002406307537,0.9043142604719967,0.6316751571371497,0.9968414852232435,-19966161.459354997,-0.06957736827804299,0.007840982147583478,-0.11037123347869113
2015-08-10,265.096023801662,0.985669413015588,0.7035884404196918,0.989031241599492,-1659289.585759,-0.07277848456274369,0.006959375596770411,-0.11343827707063701
2015-08-11,271.905537029027,1.0024005082133984,0.9517596059215205,1.0033091034717405,293953.97517900006,-0.045689517096262226,0.03360197554027347,-0.08545086365229888
2015-08-12,267.508235397728,0.9932943621904283,0.8686649662188978,0.9953260192801766,-992238.3984949999,-0.06279449975501541,0.020273289203076444,-0.10320596134628635
2015-08-13,264.762228855632,0.9895154921046294,0.847245306735125,0.9934062677609016,-1346159.591424,-0.07345120022028458,0.012348135766455515,-0.11460377590684472
2015-08-14,266.109674168983,0.9908359913998198,0.6338389930639015,1.0003563620259552,-1549043.859574,-0.06736427184833395,0.023771204405697088,-0.10855665402330528
2015-08-15,262.421933246517,0.9865440473928587,0.6131703184983088,0.9936379008417546,-2007792.731478,-0.08193384526894777,0.011332984727394297,-0.1238205448435534
2015-08-16,259.136901969678,0.9791385460906007,0.4643201127243008,0.9946038798341751,-3162423.834713,-0.09475481326865892,0.0002285166840486965,-0.1372909753875373
2015-08-17,257.797618188099,0.9880012168499308,0.5987690309941012,0.9947698621453087,-1914139.327315,-0.099906831828092,-0.003752171340126724,-0.1428903884791619
2015-08-18,221.28645398457,0.9494839601396112,0.6562101224982926,0.952388767340212,-11057672.633789,-0.28022428258313586,-0.1537406677461264,-0.33133951353634256
2015-08-19,226.724132571822,0.9626475891038874,0.6440158062623965,0.9781808998567268,-5782744.0016,-0.24681841532045104,-0.11958548290056788,-0.29883915161397334
2015-08-20,235.72490930065,0.9724479004618892,0.5268278756512734,0.9910427320586573,-4140427.358886,-0.19751397513006508,-0.07464868516760988,-0.2481503582837019
2015-08-21,233.05363107953,0.9740380877329429,0.40099364099081425,0.9864103395012549,-4068657.3810500004,-0.20993706530639683,-0.08373534818252935,-0.2616910907500828
2015-08-22,230.781798486419,0.9833928269365013,0.7045032831628902,0.988924106676927,-2346480.541172,-0.2208197932072755,-0.09177444765174174,-0.2738509792716602
2015-08-23,229.063605356582,0.9980989189739599,1.3242986181393501,0.991527567924812,-213170.14903900004,-0.22985502792095014,-0.09815842511984516,-0.28392679204614374
2015-08-24,210.588575268171,0.9452601696327598,0.6181231332653717,0.9654905822635683,-11517240.810068,-0.33454284618577323,-0.18188858437635114,-0.3958152270401286
2015-08-25,222.766193802633,0.9097105968889411,0.3391974250309045,0.9959121911225997,-20190435.282279998,-0.2544643499848736,-0.11443532550409057,-0.3129489488837447
2015-08-26,226.18974218978,0.9441642248761448,0.6335294225587227,0.9930705240727656,-8485150.808602,-0.2329770006007379,-0.09460020806807305,-0.291424081269399
2015-08-27,225.510071905413,0.9937386102955958,0.8415054231504797,0.9960942128051761,-957574.530826,-0.23634561266239587,-0.09678348930228257,-0.2950824658620912
2015-08-28,231.742139631433,1.0010131112620142,0.7766836225017771,1.0029814374915453,212547.743457,-0.20293975938610154,-0.06776784360264054,-0.25978930920512305
2015-08-29,230.590426923,0.9849815412259856,0.6412331570130099,0.9958509271047942,-1502954.9904609998,-0.20840314856508096,-0.07229770804589083,-0.26555791536587803
2015-08-30,229.455556872449,0.9915363836292227,0.8514129955265247,0.9947685494442503,-647168.604102,-0.2141067601143344,-0.07682646428287926,-0.2718351386984415
2015-08-31,230.680127431229,0.9945303778106852,0.5853319900955305,1.0001356970218358,-625867.79175,-0.2073987278198643,-0.07098678501268722,-0.26486717017696
2015-09-01,228.276893523674,0.9871751996613668,0.6923522405764577,0.9928376246228596,-1564066.08741,-0.2195620054462483,-0.08084387366240686,-0.27797091285433007
2015-09-02,229.588190258913,0.9860481986472724,0.602967826927844,0.9967846905672457,-1602014.685571,-0.21204722825454597,-0.07396628752217198,-0.2701165058670896
2015-09-03,227.448328465297,0.9721338395381319,0.6031146479363321,0.990278165819941,-3152742.0203529997,-0.22251501042260624,-0.08219694521265641,-0.28126841804626973
2015-09-04,230.869808962943,0.9927007425490273,0.5362113546925149,1.0030386407020513,-704325.8764119999,-0.20404225904835707,-0.06622304240058592,-0.26176437407957687
2015-09-05,235.745612975168,1.0020060293848922,0.6105635352538493,1.0091088481870152,191175.75750700012,-0.17902937309390732,-0.04499950683949363,-0.23542566211265203
2015-09-06,240.724726776629,1.0017860755559551,0.7034856719117245,1.0119593792643546,182997.9384750002,-0.15473921390131537,-0.02462489702899608,-0.20964752520084623
2015-09-07,240.62639793783,1.002317936115628,0.5314089736297661,1.0072406418610065,226393.81024400005,-0.1552446125900095,-0.02580551536926917,-0.209963339413922
2015-09-08,244.251385076155,1.0047869467477892,0.5575231396703891,1.0125235485978739,674203.9572989999,-0.1382622473411435,-0.01260468411002421,-0.19164724453558352
2015-09-09,238.755756612232,0.9938108677588998,0.8590808725010088,0.9968922500382227,-828346.900163,-0.16434251257755111,-0.03515203813255244,-0.21900403211090091
2015-09-10,239.082148407599,0.9776773846841121,0.5841534285808792,0.9984650597913782,-3080073.70344,-0.16168037553461267,-0.03328912549589215,-0.21646606380736325
2015-09-11,240.532796720489,0.9969390831066571,0.5694140946704737,1.0012314233650113,-341592.86054100003,-0.1544985674592544,-0.027229786264379188,-0.20885452613718955
2015-09-12,235.553351518181,0.9870544289742017,0.6902182434094911,0.9900220341075224,-986521.2083589999,-0.1786689439723924,-0.048524922487473955,-0.23342384274067232
2015-09-13,230.46285839457,0.9815158973184496,0.6295585394928269,0.9855889347205824,-1483153.732855,-0.20425784147908527,-0.07013049948592,-0.26044744052711627
2015-09-14,230.54530640765,0.9853819304424475,0.5263931230165894,0.9897252710573348,-1707066.398992,-0.20323111185201864,-0.068124163756368,-0.25973416906813657
2015-09-15,230.766108255201,0.9898869682872956,0.6353871210592595,0.9931701083595565,-1103815.2703169999,-0.20164466894362,-0.06622923446125958,-0.2582408317901498
2015-09-16,229.042048279824,0.9898043089810269,0.7807573897345174,0.9926094581317768,-1129285.997822,-0.21028031243334538,-0.07338249681548241,-0.2674018250367276
2015-09-17,233.19946644751,0.9989426714911362,0.7369632305559863,1.001385547354978,-106239.54403900006,-0.18853514902183707,-0.055150030888212874,-0.24409242619473115
2015-09-18,232.54026176469,0.9947635422803329,0.7014477217931624,0.9968763465339985,-546956.8536949999,-0.19177998450747197,-0.05773777689096819,-0.24745524838850547
2015-09-19,231.200678339246,0.9893695321334777,0.6032322987225148,0.9957829392861951,-862151.804543,-0.19842046597184676,-0.06360501343526498,-0.2542960603882148
2015-09-20,230.69871367266,0.9888209844467506,0.5263768746164822,0.9958714523827997,-840004.972322,-0.20075942128730617,-0.06567887683474355,-0.25663882292533274
2015-09-21,226.853208637253,0.996650842768463,1.5034496196532392,0.9892263945049583,-398160.48621800006,-0.22097405390719507,-0.08192410675086814,-0.27836591662991683
2015-09-22,231.021276104909,0.9961326188730995,0.8092638621650864,0.9995761757725525,-448880.77754799987,-0.1986202129619449,-0.06231813828438392,-0.2551624893125532
2015-09-23,230.127125021192,0.9591118313205657,0.6045192861689432,0.9960545308632035,-3971983.296495,-0.20209171681702282,-0.06561515424703301,-0.25886229175861875
2015-09-24,234.520176790912,1.0025108206370956,0.7316362778229732,1.0051185606128057,282674.69270600006,-0.17949717668332943,-0.04647970778057455,-0.23495463786134538
2015-09-25,235.420806874745,0.9962697286255666,0.5259416620136088,1.002461986282005,-421772.24294699996,-0.17486318228264303,-0.043655483753385425,-0.22858155079676198
2015-09-26,234.320148427562,0.9951091855435448,0.6133842332981453,0.9989179920003204,-414954.503544,-0.1802036661224687,-0.048529470660413146,-0.2340683118395711
2015-09-27,232.802110941509,0.9923945564711834,0.6838547024366217,0.9950954569749751,-465611.06543700007,-0.18774575483816394,-0.0550642496918522,-0.2419114621887591
2015-09-28,239.781819791489,0.9930740208411797,0.5719711282759027,1.0096408250267117,-795860.4150109999,-0.1528174229906626,-0.025947528530032026,-0.20509290592287063
2015-09-29,237.063620808883,0.99718550798545,0.6826151822878439,0.9987958431465718,-399966.69230099994,-0.16601266240993878,-0.037671477026205144,-0.2186183566009846
2015-09-30,236.45802395193,0.9957496054948295,0.7793395033475502,0.9995994978163741,-467240.46438599995,-0.16886113139956044,-0.040362334894715836,-0.22151591717064248
2015-10-01,237.784117520762,0.9901621466046581,0.6956253543390926,0.998175981618044,-1150932.6668460001,-0.16196910389951466,-0.034310788544444804,-0.21439477544073846
2015-10-02,238.098753463372,1.001202069948993,0.7003961951341712,1.0024590930028985,160123.084095,-0.16040625951726442,-0.033389488318655756,-0.21263478199778105
2015-10-03,239.489896818048,1.0024257665810172,0.8914486915716003,1.004963373413507,259600.649172,-0.15370681377291515,-0.02803036690938992,-0.20555620022398116
2015-10-04,239.031018072205,0.9939520892405654,0.5935265108892686,1.0008277686497329,-460533.27465399995,-0.15577014434378356,-0.030048159364702325,-0.2076961907629838
2015-10-05,241.137658117686,1.0012857228205319,0.7032768687099382,1.0048854401028349,172970.74765799998,-0.14553809806858406,-0.021828313527102718,-0.19698205685953596
2015-10-06,246.88566279251,1.0053889135449305,0.5872271841135636,1.0127380717773082,804981.3907020001,-0.11902759683051496,-0.0005013334600348943,-0.16857166486198918
2015-10-07,243.708696104396,0.979929680563366,0.8030838688019958,0.9990713717146864,-2973412.2629389996,-0.13296171358380393,-0.01325506480412701,-0.1834137419390888
2015-10-08,243.134971605953,0.9882167553276441,0.5457330010070354,1.0009546219290693,-1711822.973865,-0.13515197073823618,-0.01583389422042136,-0.18561195905287697
2015-10-09,244.663458327449,1.0016469862021833,0.7465679536833943,1.0036868088245603,239830.53336700005,-0.1280154883062829,-0.010192820892103376,-0.1780558158147448
2015-10-10,245.906034046475,0.9966543213199973,0.6084125313418368,1.005124418895988,-344522.10531700007,-0.1221398560125233,-0.005750432168402099,-0.17179507659230903
2015-10-11,248.219397004731,0.9990748144558557,0.558795578787682,1.0061667895821012,-75788.939105,-0.11159808130455962,0.002914015755458024,-0.16061558232900058
2015-10-12,246.208993006364,0.9640245063269368,0.4373535838880097,1.0000331213731588,-4869243.916374,-0.11946230580464165,-0.0052255792173425365,-0.16851799963522432
2015-10-13,250.535523241077,1.0072716277270723,0.7898288063314574,1.0104367894169206,1098285.8400149997,-0.10031698069825337,0.01019282724891942,-0.14816895535888702
2015-10-14,253.008794847023,0.9811756865457686,0.45710090302268697,1.010816115208432,-2743503.0967439995,-0.08887369419010836,0.01785996772843907,-0.135438750948146
2015-10-15,254.955682538724,1.004644178390647,0.6990524746951546,1.0096113307404997,679510.15433,-0.08074251406620277,0.023527504746863985,-0.1264386702044944
2015-10-16,263.29400534838,1.015573090634053,0.7585263142206196,1.019088364645798,2552606.736364,-0.047094235924651326,0.050572999864815615,-0.09042106606308524
2015-10-17,272.080794170223,1.0199285225879076,0.7291965338475646,1.0247930327351602,2802101.512522,-0.013918690491686852,0.07714343495547504,-0.054954506713258376
2015-10-18,263.823962095721,0.9989540881334096,0.8632581344722985,1.000558463726472,-113074.95209500007,-0.04581300196343094,0.048019642967145386,-0.08788643654690251
2015-10-19,264.697732389019,1.0016340368590881,0.5761152280005741,1.0102237729781656,260159.67932200013,-0.042397225136827275,0.04916266514806335,-0.08387188439662452
2015-10-20,270.865148725385,1.019916055677762,0.9910897817589277,1.0202383177339396,3449084.525128,-0.01930110245110184,0.06660294722718876,-0.05909756699944807
2015-10-21,268.059952475296,1.002077483963309,0.8542364054926709,1.0054911571237934,280944.634324,-0.03016928285781452,0.055658458296688945,-0.07000634504116253
2015-10-22,275.500186087408,1.0116197464013936,0.6789861325810478,1.0201583539197583,1718667.926877,-0.002676359278558727,0.07758272677339534,-0.040652908702712584
2015-10-23,278.851855729363,1.0148817511665478,0.7448629598788846,1.0181552051899248,2407244.8059260002,0.008823197421446402,0.08524200612542528,-0.027930293848196126
2015-10-24,283.557116020959,1.0168112700884873,0.8253792909639556,1.017850293127744,2302942.407951,0.024810563424869512,0.09750700680352394,-0.010674441966098487
2015-10-25,284.609802876575,1.0160552236174514,0.9710902401039468,1.016724350868864,2380394.7360469997,0.027391708976851985,0.09786070955632596,-0.00686507317624323
2015-10-26,286.93731881789,1.012028341747223,0.78928508025142,1.015525571662905,1922455.8299889998,0.03505687745833358,0.10222447649833388,0.0015248236781919104
2015-10-27,295.266625889108,1.0285338087039968,0.9779609111292464,1.0292749210177887,5155660.434893,0.06117910459096851,0.12171449920701144,0.029814632326292015
2015-10-28,304.702423164543,1.0289663911891218,1.0191820205971753,1.0315398493998993,6892841.183936,0.08874189499111015,0.1361906173014565,0.06053536750044978
2015-10-29,314.61544625625,1.0383705361455584,1.1268714463443874,1.0375228718796876,9438435.167772,0.11550015952071328,0.15440738444564325,0.09023436895443526
2015-10-30,328.571284693559,1.0573243715313116,1.2258897291644977,1.051936096002027,15365995.871048,0.14996398252859044,0.17678044339184773,0.12878372719948553
2015-10-31,313.581334562516,1.0142513696523705,1.7206863033129485,1.0037770382049072,2679786.1873100004,0.1081600890143822,0.13601920989642155,0.08672670074721746
2015-11-01,328.067559319726,1.0469914884101856,1.9809004325996666,1.0302042990452067,7914161.957123,0.14629524570428631,0.16767291141409305,0.12697515537989887
2015-11-02,363.810011669093,1.077765887047645,1.0296386078225679,1.0782566284822055,19696636.943848003,0.2276268671696066,0.23330636288549936,0.2129584925759603
2015-11-03,404.608227819912,1.0711396578394412,0.9728829652500794,1.0759681757617667,32528014.179898996,0.30037420507473356,0.28257199192339805,0.2939954742414614
2015-11-04,409.881965863057,1.0748794273560527,1.2783445282961663,1.0674945374899543,32122110.472299,0.29981695748530646,0.26871141427506035,0.3035369355689688
2015-11-05,387.483528922289,1.034759905930609,1.2996756076522784,1.0297502809337016,15173372.542406999,0.25706166013699533,0.2150666172264575,0.2634961522268099
2015-11-06,375.317477115691,1.001824253746794,1.0693355858421525,1.0008824434307366,293695.1650919998,0.23337627550617668,0.18843024390676477,0.23989963858767271
2015-11-07,385.28212926303,1.0465901908629143,1.9187799876815728,1.0211532419594946,9973827.68078,0.251551149562706,0.2036793518242801,0.25914531632706006
2015-11-08,373.947186342058,0.994010330298025,0.9386826777077474,0.9952631039276275,-1187788.0752309998,0.2287365682259162,0.17932666172739734,0.23702605496002258
2015-11-09,380.30606873944,1.025142680836291,1.2221851727630952,1.010987842386267,7480469.256343,0.24077568123321996,0.1871281741214984,0.2502562713629655
2015-11-10,338.472191069265,0.9489582378829584,0.7033839324050021,0.9578329729606225,-16729319.861829001,0.14901342412106452,0.09627138177457568,0.15886395540915138
2015-11-11,312.418710175159,0.9485675103087546,0.8905125484518405,0.9500452837721739,-13064000.699137,0.08132209406421019,0.030875826351481825,0.08913669145982525
2015-11-12,337.389460603109,1.0125679120948639,1.0300070640315568,1.0123554209485204,3393575.8014229997,0.14953651860575182,0.09932476717022666,0.15674811094742971
2015-11-13,338.089460295976,1.0127799298196887,1.586902416127256,0.9993419118650336,2741363.6080779997,0.15084572198688267,0.10017060287000729,0.1581578445218774
2015-11-14,333.759005342778,0.9992252000461314,1.119938927343747,0.9959104197060317,-136182.09090400022,0.13974746613700298,0.08773567988834495,0.147507167011767
2015-11-15,320.427968537442,0.9782832061771216,0.9622679349243378,0.978531760365299,-3563845.6761749997,0.10427366359755329,0.05229156516512524,0.11218155737626469
2015-11-16,331.964578417978,1.000826226571195,1.1665950000524237,0.9994393075667763,304561.69921400025,0.13585161218110614,0.08442181787732618,0.1431761745318931
2015-11-17,336.26314736216,1.0282583268121492,1.087453472824904,1.027220285690587,6541844.848812001,0.14541969154079626,0.09045059514332074,0.1543348349923889
2015-11-18,335.594386662454,1.0047757068144387,0.8098188196253752,1.0062808020782341,829508.1353530001,0.14356614490555047,0.08735738181921317,0.15282289782170674
2015-11-19,326.417595387495,0.9892632395819541,0.9429887766050489,0.9902105330242225,-2001557.4688969997,0.11963324040827808,0.06242636771847676,0.1292850507565255
2015-11-20,322.257899492753,0.9918220478093459,0.9777650378419477,0.9920925329713052,-1354980.173533,0.10866351145189593,0.050783970174231315,0.11824814706710039
2015-11-21,327.767536288257,1.003267447436106,1.0615561865533836,1.0024903686298603,417208.3298279999,0.1236055267892505,0.06499345621665549,0.1334016076863805
2015-11-22,324.97449138624,1.0087883450956578,1.8329494601175536,0.9967040173577033,926158.6785250001,0.11586788809466535,0.05682732877324482,0.12574393519912613
2015-11-23,323.869883979887,0.9938391950321201,0.8060072447012075,0.9962096831287172,-761863.4971950001,0.1129479643514243,0.05339234072897671,0.12299514697192662
2015-11-24,320.664072080467,0.9940434112305172,1.0359639852889089,0.9933708701925437,-870373.771043,0.10421417810400965,0.04392749002053375,0.11442009029081401
2015-11-25,329.526395116263,1.007570916949707,1.1796692129297837,1.0062898523763315,1249492.1130700002,0.1282659933524611,0.06818455573831593,0.13834076963752467
2015-11-26,353.70626231388,1.036651175485457,1.1358793019650877,1.0356736319430369,6986896.200421,0.18672724293330736,0.12614966394992605,0.19738412844928807
2015-11-27,358.52675568378,1.0176369185001717,0.993841999016674,1.0180053469384134,4491165.266254,0.19676768133351646,0.13387704548951448,0.2084378487771558
2015-11-28,358.088117478038,1.0121539111743352,1.202737963069509,1.0107297407644413,1717927.228097,0.1954560036354422,0.1309141898181745,0.20759763826175445
2015-11-29,372.913160491114,1.0313611957877384,0.9222254954205856,1.032024427956666,4638506.977836001,0.2268753376223986,0.16154913912763239,0.2392349746349069
2015-11-30,377.022597147155,1.027655791520411,0.7672153943509349,1.0297104325837572,8280877.876744001,0.2334895246906057,0.16395095771786086,0.24781484678672572
2015-12-01,362.866934008014,0.9976768715358109,1.0820117159572809,0.9966708741600572,-698357.146803,0.2031859962066621,0.13124391982886385,0.21862734400115383
2015-12-02,359.198421304981,1.0020935089697707,0.849339561722263,1.0062754485827532,420463.43458200013,0.19508408946922615,0.12038692988654087,0.21119433384305267
2015-12-03,361.169970348777,1.0034429623463308,0.935962332754686,1.0042282681880692,767052.948844,0.19915685855673548,0.12384662395552327,0.21571945827483904
2015-12-04,363.620423357541,1.0108582189459963,1.3107501967642288,1.0051750893161175,2151392.934778,0.20422477391116378,0.12808960878033396,0.22104466139545928
2015-12-05,389.173732973588,1.0381726633801238,0.699939533979582,1.0432457564364415,8109197.594646,0.25551565002593807,0.17831251143008764,0.27262465059734275
2015-12-06,389.784425451806,1.0346086204276774,1.3035160595367927,1.0250048204992779,6954128.20238,0.2549633263128594,0.174992056002276,0.27387065383145953
2015-12-07,396.100592490888,1.032442765907419,1.0779560775065948,1.031878423426391,7520815.987604,0.2656116650805313,0.18258957401971443,0.2856197759751927
2015-12-08,419.882497681383,1.0472136229789781,1.2265023825583388,1.0460107874461382,12603606.496015,0.3061762225612507,0.22042859014049282,0.32618491706056246
2015-12-09,418.253802410773,1.0618216347505283,1.5789520371196444,1.040730198430354,16472859.329861,0.30044346497954155,0.20845336247382365,0.32342427404382434
2015-12-10,415.310705277168,1.0204440589731352,1.3704370512945896,1.0175825982779236,4673997.5154180005,0.2943844831167652,0.19920354265463067,0.3187005863208726
2015-12-11,455.119332310002,1.0575566764870181,1.156510972765269,1.0555783192452513,19038500.352583002,0.3540363718334919,0.25744982314517834,0.3786679670039047
2015-12-12,436.049334940315,1.0139715737246997,1.1909709381357347,1.0120983200177425,3432118.593381,0.32496445001382557,0.2223673221078129,0.3516248796969335
2015-12-13,432.978863720496,1.0128801593343886,1.1860978147950643,1.009164826663004,2598773.751233,0.3193224976237782,0.21481826529392825,0.34721954422594253
2015-12-14,443.814185310798,1.0502238261582386,2.0541933670362753,1.029913224158345,13586308.672500001,0.333696019797248,0.22717050033369718,0.3626484475661547
2015-12-15,465.345572154734,1.0466209793303956,1.4216714278091058,1.0420409978783036,15071334.501007,0.3624461431061531,0.25430070179488234,0.39222238928717024
2015-12-16,454.970162562658,1.010151380291177,1.3779345477773493,1.0078082178204106,3083022.824173,0.3469924641917402,0.235123105670169,0.37841446918829036
2015-12-17,455.945397306226,1.0186698726102708,1.1264102216681648,1.0179591444807143,5566164.628322,0.3474760042704617,0.23302078099047993,0.37985615893805147
2015-12-18,463.42890573493,1.0208265433497294,1.5938117781158283,1.0165459740428588,6049193.166405001,0.35710964848301047,0.24184524607721827,0.3898863309969659
2015-12-19,462.10771084085,1.0359556011201703,1.4922090477633871,1.012379877207695,9131668.660455002,0.3538269952289057,0.23509162801413105,0.388360303519492
2015-12-20,442.566914355652,0.9992395080550386,1.2577029442146674,0.9981020190785128,-410770.3007199997,0.3250011242232751,0.2011579379009528,0.36139862508366555
2015-12-21,437.928631858315,1.000783848080108,1.0647609395332738,1.00020052178819,118683.4144059997,0.3178064357059148,0.19210609402145748,0.354809643751695
2015-12-22,435.378727225096,1.006389310049805,1.5943069026390484,1.0023829951344099,1921392.055063,0.3133817195075254,0.18621595258214005,0.35101893516741267
2015-12-23,442.63043264049,1.0194365797879763,1.2453764731295034,1.0163990682816577,4995771.431643,0.323951049915644,0.19617183520274578,0.3617994173721017
2015-12-24,456.187859154412,1.0306588195136144,1.3199308869880602,1.0275134581915584,7916015.577508999,0.3427876092671207,0.21541028027612133,0.380867718567676
2015-12-25,455.864706860311,1.0365595263665917,1.5486409111814974,1.0109205614648298,7364282.1847479995,0.341188994550931,0.21150956392100692,0.38051330636013664
2015-12-26,417.109834368222,0.9711822809337798,1.095814922430788,0.9697972539356869,-6342732.852857,0.28044802365152316,0.14148058673182845,0.3230710073578876
2015-12-27,422.826135957318,0.9987693431212707,0.9299862084184722,0.9997415914512656,-118117.823202,0.29027897515371626,0.152314527913783,0.33235082698743934
2015-12-28,420.977708644353,0.9952904467823676,1.2280019136955949,0.9940682322267718,-1021637.157532,0.28713945539542135,0.14888597047466445,0.3294497447168192
2015-12-29,432.273347877249,1.0116029172332621,1.2630607056352432,1.0099440380575688,2244512.0885460004,0.30562317138968326,0.16899009830303935,0.34696441178658965
2015-12-30,425.274409568321,0.9999017485608416,1.1316183467297625,0.9981944862495861,-103227.3434919999,0.2939745029997519,0.15495640763096744,0.33631139412667554
2015-12-31,429.722705949813,1.0213546495019237,1.0444783341066022,1.0211778948636772,3835653.732731,0.3007281446130604,0.16096083256234,0.343259185301324
2016-01-01,434.453776034672,1.0201749488219467,1.3053382849874047,1.0187413500829345,2074227.726721,0.30798525815716193,0.1683912065250332,0.35041418542653757
2016-01-02,433.477435119787,1.0058365889261436,1.1814744588268158,1.0041211730149229,627389.684101,0.3062391253642856,0.16577436409188281,0.3489989394211069
2016-01-03,429.318950976069,1.0146060631988167,0.7781277536380865,1.0176744062960101,1916454.7866299998,0.29913159010950097,0.15586021966745586,0.3428702847647529
2016-01-04,433.415271946132,1.01532688225257,1.1397159801423729,1.0140894897027428,2329065.90178,0.30531585394170196,0.16209467723644874,0.3491612357511498
2016-01-05,432.437052132974,1.008600584611495,1.0881798615123914,1.0074272727981142,1703055.6440190002,0.303376702089745,0.15867995753697442,0.34786614928342713
2016-01-06,429.611969746033,1.0059654186457332,1.226338278342767,1.0037475911400875,1051738.121199,0.2984947311565141,0.15201619995090435,0.34364421883614554
2016-01-07,458.529580553185,1.072162976706818,4.02078772512876,1.0310210821810473,18057243.880153,0.34030730676307247,0.19944319461719753,0.3840451260325176
2016-01-08,454.069380510657,1.0205610116655837,1.2547701386828045,1.0087119843643462,4401892.044234,0.33293925583663214,0.1888283086571477,0.37845425806381716
2016-01-09,449.623332114129,1.0073835267294695,1.075362434591716,1.0068951416164202,1130742.727184,0.32601832129889474,0.17980437772761243,0.3723824369319645
2016-01-10,449.476895984764,1.052200265889435,1.9446275250144038,1.0288814151045054,8420634.955639001,0.32455608901291405,0.17579080253426443,0.3720177554808782
2016-01-11,449.185004562252,1.0237896269230562,1.3029523341251972,1.0210437153330778,5199276.957777,0.32324710460076317,0.1664874304497401,0.3720186178634855
2016-01-12,433.522185372488,1.0000010778073378,1.1759573688730454,0.9988232185429096,-106559.21318299975,0.2981770710097704,0.13366547993107827,0.34954475338393
2016-01-13,431.997844033698,0.9954155586645254,0.9837335233519693,0.9958568860817757,-1074057.8755939999,0.2960196063009795,0.1299900854808855,0.34789142147194296
2016-01-14,430.421706232047,0.9990836381501575,1.3186093918815287,0.9974545972514489,-184504.83202799992,0.2933856288229427,0.1265844914166171,0.34554652815735026
2016-01-15,359.581334134628,0.9321556846708042,0.9710077259612288,0.9309194921792499,-19476285.26182,0.1555908740092042,-0.032452256910608664,0.21716907058749538
2016-01-16,388.517954202653,1.0116962034520947,1.2373607162427545,1.0077162362197332,2984590.3575339997,0.219560712632494,0.04227539020076692,0.2755972099729618
2016-01-17,380.850957413971,0.9915662426467959,1.256331542721262,0.9892152332253853,-1465184.116716,0.20375938977762062,0.023787240227693265,0.26106203878043505
2016-01-18,386.358535612733,0.991768869406176,1.2320807404956713,0.9899626602416752,-1809063.5396460001,0.21564939622846974,0.03872924352737381,0.2716561585633945
2016-01-19,378.617904719957,0.9907852073183511,1.3314476558088015,0.9869822534282159,-1959911.6452549999,0.1996978821175494,0.02018202785103505,0.2568182421057933
2016-01-20,419.190108879924,1.0328399277292195,1.1707858092165055,1.031803343064072,10273380.770822998,0.27645566252004855,0.1083534168062522,0.3289282975887696
2016-01-21,410.962264235009,1.0003011496655845,1.4951120495114696,0.9957102919847927,748.1624569999985,0.26141838308573334,0.0895612705028031,0.3156740545911141
2016-01-22,382.622160769312,0.9143144387113094,0.5315142883843118,0.9757702131496861,-25935964.357038002,0.21016687675096282,0.024274009629996776,0.27120645746359895
2016-01-23,386.542015071726,0.993567556133752,0.9676837170930606,0.9953471343197147,-1281014.0851149997,0.2183888123848228,0.03361168955072487,0.27971933413671396
2016-01-24,403.039977646787,1.0193286498309744,1.2387423015394432,1.0179660205145933,4186570.533379,0.24979156252412113,0.07011580937286915,0.30932017804954215
2016-01-25,391.497963699594,1.0041183522113015,1.254503628649604,0.9997674409472733,1095967.4081029994,0.22719907260120753,0.041821086829601034,0.28917298222900606
2016-01-26,392.175046200072,1.0028422805095527,1.083081234142009,1.0009243677681041,769122.544095,0.22840128894909675,0.040516155195672345,0.29113832536357676
2016-01-27,395.142871374838,1.0034422844219872,1.2638784915481212,1.0016676985259432,1058951.587252,0.234057572443042,0.04569070252144894,0.2967310556986165
2016-01-28,379.270670075264,0.9792696029576373,1.0073074289197264,0.9787019208746446,-6319072.324491,0.2028268219473117,0.007347013870818222,0.2679872136041903
2016-01-29,378.231321662581,0.9822091027687578,1.1871791167060368,0.9813383769940801,-5947502.418721,0.20186557276344325,0.007567250938622385,0.2661510718363651
2016-01-30,377.757392343445,1.0060682868639512,1.360681653412238,0.9968150619667567,1281256.4786959998,0.20053793571355433,0.005944146902306717,0.265322570451043
2016-01-31,367.390081344685,0.9873154129301279,1.4976933913793742,0.9807667634887869,-2682109.253351,0.1779866076309243,-0.019904969000956386,0.2445655065477599
2016-02-01,371.758066557955,0.9769493906284022,0.5199787058817584,0.9860392467588545,-9076629.890308,0.18948037883831184,-0.005324479521315573,0.2547104826391017
2016-02-02,373.692988402788,0.9954478564118278,1.158300935531016,0.9947185641993022,-1519496.025854,0.1939888207226983,-0.0021100710310968133,0.2590056848978502
2016-02-03,369.895271285912,0.9874691692048387,0.8289366732006123,0.9882830896696391,-3331115.288306,0.1862331525987949,-0.011117361523151048,0.25161879188764247
2016-02-04,389.650185811516,1.0163681939469484,1.1219386435187835,1.0149343960704487,5373794.259221001,0.22702659407038106,0.036138227449553334,0.2898663209316452
2016-02-05,386.262091129519,0.9983334900039276,0.9858540088631658,0.9984658809800088,-569357.597784,0.219993813479416,0.027026930012457456,0.2839772621971831
2016-02-06,374.754246042917,0.9869318628633316,1.0044600454118184,0.9866727918417048,-3012188.801101,0.19653403418771412,-0.0015612175754080016,0.2622613808401297
2016-02-07,375.072911094778,0.9995401949777007,1.2670027341827559,0.9974403168445098,-83150.53725799988,0.19714640945266482,-0.0008150373430607624,0.2629587159651084
2016-02-08,371.863861586451,0.9906610076174813,0.9803633488223593,0.99072979225463,-2296661.8043090003,0.19051923076964386,-0.008616118223346314,0.25677020934246764
2016-02-09,374.573677555094,0.9914069559130289,0.6556989956333161,0.9979639693717572,-2369225.7088059997,0.196875130305175,-0.0014689183873937862,0.2628619506788819
2016-02-10,380.646809885967,1.006208410264379,1.2619080546851094,1.003727626066724,2121199.040728,0.20935336950482605,0.012791468661402223,0.27476809779989925
2016-02-11,378.252660315212,1.0013887282443248,1.5361593941378773,0.996816535735361,374365.47092900006,0.20420390243637232,0.006426065306528644,0.27017713564803164
2016-02-12,384.41799823713,1.0062229601406931,1.0372760344443785,1.0059570829196889,1771634.974907,0.2167546477871231,0.020002031758404766,0.2821512747439676
2016-02-13,393.064929489879,1.0105052866552524,1.1844178528579257,1.009091521420928,2499698.952408,0.23360901438788043,0.039793652821636286,0.2980448030352605
2016-02-14,408.243359068918,1.0253438009008407,1.2102219529326155,1.0236845632565141,5490362.816646,0.26135404078653723,0.07205531418475355,0.3242506366075909
2016-02-15,400.303915356537,1.001919820684904,0.8707923266046447,1.0052431522383587,524519.9082350004,0.2461594295296253,0.05208030450560482,0.3115983895522003
2016-02-16,407.9715124151,1.020112517810577,1.17640082169905,1.0184880316626328,7002423.192278,0.2593133662873166,0.0654966210181682,0.32475015628125053
2016-02-17,415.657038576859,1.0292109068340114,1.595093644130515,1.0155360660805712,9044816.805523,0.2714213763774936,0.07899382966986634,0.3371980637131505
2016-02-18,422.563912098138,1.0153693676167483,1.107076426898003,1.0148574361808185,4184234.891059,0.2827126371417039,0.09106800678132142,0.3481844707646706
2016-02-19,421.211398853853,1.019506580327825,1.5312117220945427,1.0126143037856075,6024148.149299,0.2794359186855167,0.08515131870577422,0.34614127075046447
2016-02-20,438.543014939951,1.0263790402767836,1.3160612622387864,1.0236341171364034,7455913.296694,0.3068650652265036,0.116987464331813,0.37211963109775476
2016-02-21,440.687369252635,1.0112254268058187,0.8781298088176754,1.0124318097549234,3465132.7617329997,0.30964472698207535,0.11870628077380385,0.37546449205759014
2016-02-22,440.390576991895,1.0132958001441237,1.1586172318630998,1.0121776695414542,3876954.419635,0.3085052373523476,0.11550553024427217,0.37522368920926424
2016-02-23,421.625508455679,0.9943934604606919,1.4276656557479805,0.9928178707863223,-2126180.0997909997,0.27770561792527193,0.07683039185031255,0.3475069594160507
2016-02-24,426.324852910033,1.0113617039165632,1.7092333290119965,1.0057188001067292,3625051.636609,0.28525261035928506,0.08527392242674427,0.3546938018693093
2016-02-25,425.336016543536,1.003650275126271,0.9726265347477577,1.0043501308616094,961239.6015250001,0.28328946461928906,0.08173291434515965,0.35371325420812816
2016-02-26,434.751304188172,1.0162163935912012,1.5882238351738422,1.0130668440825548,4161255.3767760005,0.29846985256184977,0.09910044389608785,0.3677607925449046
2016-02-27,434.402755906035,1.0067220875614002,1.0051050092663996,1.0067320421918968,1650640.076803,0.2974523373355813,0.09677080739405741,0.36742392569111704
2016-02-28,434.676264035956,1.014774552072952,1.7967993023594755,1.008201053238342,4084638.8580870004,0.2972033282768659,0.09543167304721051,0.36779754788435365
2016-02-29,438.681150185598,1.0251640857892268,1.8603139856246622,1.0160238960305221,8809979.099291,0.30210072769319846,0.0999892580032223,0.373469705995535
2016-03-01,434.99573014089,1.0226075372021841,1.3111530420022257,1.0053994323608535,9740935.864663,0.2947423522024695,0.08911439302983772,0.3690933933739738
2016-03-02,423.127811923627,0.9984537395089594,1.8801301219915998,0.9921801769451053,-842824.4809389999,0.27459563479483196,0.06404315008452942,0.3513700771587725
2016-03-03,421.42603161282,1.0059223738566327,1.043379947848722,1.0052257547735657,2081757.335891,0.271441371897776,0.058287127792439754,0.3492798986562243
2016-03-04,409.930006166618,0.9925231827990325,1.1971249375297421,0.9909262570337798,-3106854.838319,0.250885661214811,0.03227066329370743,0.33131682024617337
2016-03-05,398.557233797884,0.9994022451328688,1.665980460213569,0.9865987904496951,-331627.6097709993,0.22953515357059645,0.006934565502499901,0.31204866767254497
2016-03-06,405.597840854642,1.0038970249272576,1.338250666385455,0.9996950221514277,1100652.7724660002,0.24278965245808865,0.023643656031056802,0.3241028122281188
2016-03-07,413.921772182587,1.010839507269417,1.4749711429302155,1.0051897896652746,3909022.6945499997,0.25777051324231753,0.04183568409075076,0.3377384606889462
2016-03-08,412.787292407244,1.0004450748834963,1.0547569403393295,0.9995651240540468,115597.44539699983,0.2555884612192601,0.03866622381221621,0.3362739719959672
2016-03-09,413.970007076342,0.9928742940102788,0.7559396991026337,1.0007289280026654,-2125928.9511949997,0.2579932150504637,0.040538657087744394,0.3392848628534596
2016-03-10,417.086200784099,1.0081031107993588,1.0885992080818256,1.0065696387828431,2305216.788621,0.2631948187715431,0.043493839585840716,0.3447943147333731
2016-03-11,420.775011360991,1.0060023202877502,1.118965606080984,1.004798128457472,1949533.731822,0.26924643033664714,0.05037300480343261,0.3507781768779135
2016-03-12,410.349614120233,0.9964193346023721,1.5153297949878357,0.9922532288117041,-899801.5285609998,0.25059385114718125,0.02675633391483949,0.3343148364215048
2016-03-13,413.086415446106,1.0063576057882566,1.2381013693252334,1.0021144205438846,1244845.150364,0.25534751414972945,0.03255118310378347,0.33888997607177757
2016-03-14,416.81153173554,1.0089218713374448,1.503248941365453,1.0043208049462153,2544061.8462929996,0.26168927210700454,0.040063741889968495,0.3448308666918892
2016-03-15,417.27838822383,1.004166714538254,1.2313926841079932,1.0019534171738467,1209889.37301,0.26224358650226665,0.04008356784143776,0.34573012237203665
2016-03-16,418.384074127204,1.0071573468090584,1.3070098810633266,1.0021027452948559,2046713.1964180004,0.26387000617147616,0.0414916185101625,0.3476518422232825
2016-03-17,420.428290699209,1.0080140495226273,1.310640658284189,1.0045509790363538,2332921.047463,0.267022713821235,0.043635597250655196,0.3510233111424788
2016-03-18,409.524714934685,0.997062456061344,1.566728767184497,0.9941281815971031,-1070743.2505339999,0.24747537200237066,0.018656206784280125,0.3337556683397869
2016-03-19,410.825726112757,0.9968672902852115,0.7858736086194223,1.0000031473999609,-545673.5036430001,0.24993986573006674,0.021156602607330977,0.33616245851861104
2016-03-20,413.267828777134,0.9994338524289546,0.8324867219492516,1.0018434560906682,-75057.59466700011,0.2543179178552617,0.026345607361361646,0.34031361500674384
2016-03-21,412.748433106919,1.009367598385917,1.3937700282917864,1.000657044355091,2141350.349155,0.25303181836807026,0.024613457894510245,0.33958210828776536
2016-03-22,418.337021142643,1.0149732206593802,2.0912367264606564,1.005860351212603,3544903.3134159995,0.2624130398344134,0.03625360285408394,0.34825978524374285
2016-03-23,419.361504879197,1.0050041722889698,1.3524950176557735,1.0037868900479716,1228307.11993,0.2639674904487626,0.036782440092939274,0.34988152983060333
2016-03-24,416.090326874017,1.0035477798060803,1.5828282891592804,1.0000480893550316,931450.5820230001,0.2578882555452189,0.028513247916072133,0.34476602220424113
2016-03-25,417.974386847332,1.013852922465558,1.5495008887186656,1.003126676758436,3565589.3047450003,0.2607682723047036,0.031829081039473406,0.3477034273404305
2016-03-26,418.441341713558,1.0106007635665086,1.6789133825469122,1.0056838469984426,2027512.9002850002,0.26122142452738684,0.03186788420925271,0.3483942363738841
2016-03-27,427.513979279589,1.0155046846649929,1.3577775908216585,1.0142968322400812,4160105.9153210004,0.2764902403582271,0.05007501890748557,0.36223910043959473
2016-03-28,424.990477258302,1.0110530528699972,1.413810075192782,1.0062460225087828,2868624.545335,0.2716181131899101,0.043111464406646385,0.35849990861254233
2016-03-29,417.73265857205,0.9997542940810907,1.5015782767834764,0.9962943708378419,-129737.96908799978,0.2588377063959706,0.026063623780537094,0.3473150485001557
2016-03-30,415.490515612997,1.0022474222723519,1.2941540569983079,0.9970729210280743,541543.992838,0.2547355161209982,0.020137128487156496,0.3438554918689674
2016-03-31,417.345645529041,1.0072363805711972,1.2395582344485252,1.0022093084542112,1932516.3958120001,0.25767189138750846,0.02373714829766653,0.3469641221378594
2016-04-01,418.726067866089,1.0049642297418806,1.8728962440998804,1.00115291269097,1293249.175482,0.25988705328762157,0.02639961877047623,0.34899782717331124
2016-04-02,421.693095170543,1.0082646745985855,1.782884549116701,1.003456530604211,1526662.2165909999,0.2648301094065209,0.03175238070682224,0.3532169885549215
2016-04-03,422.069446859177,1.0060647539969465,1.5265304991707687,1.001670934953753,1149771.503052,0.26526895006422213,0.03162817821515532,0.3536627869417444
2016-04-04,421.817827478288,1.0036903165553648,1.5142665574614378,1.0020282382128756,977682.7663100001,0.2645925386249808,0.029897560224681465,0.3530474479198118
2016-04-05,424.630066540869,1.0087673953371241,1.746375485743955,1.0046059220007693,2339234.340365,0.2690766603177873,0.03541587905128986,0.3571404111260073
2016-04-06,424.018481325735,1.0172254342824256,1.5260020875934006,1.0071556221157196,4336146.0921680005,0.2673434506844053,0.032851130410791185,0.35529234682109156
2016-04-07,423.55374582294,1.0329948696445623,1.7332097616023832,1.0025961021380652,10700804.592008,0.2648964471292519,0.030955129937601533,0.35313456036690716
2016-04-08,421.064138293495,0.9988810686537428,0.981097075679266,0.9990307225453869,-324933.87907300005,0.2603721035614839,0.02403260554680857,0.3469071455134941
2016-04-09,420.356696408751,1.0003631735232408,1.1322683315377775,0.9997169976129963,54349.40858299995,0.25908122119980276,0.021856252977576415,0.3452520862606395
2016-04-10,423.381274173254,1.0309198744125523,1.6231760521694223,1.0039084740707702,5713580.025574,0.2634153023983676,0.028080772661180028,0.3495616674645164
2016-04-11,424.857920472167,1.006414894829606,1.4573915876922783,1.0031555872480102,1579451.6631939998,0.2657179251315553,0.03086265779045245,0.3517219599109647
2016-04-12,427.531151491813,1.0132651517917104,1.4249860817961597,1.0080883904757427,3474533.383996,0.2696623977595149,0.03529941460405972,0.35530620625365594
2016-04-13,425.755759384078,1.0018626205731815,1.0370139257220565,1.0016001793085605,454449.0707739999,0.26640752192421424,0.030346899879627277,0.3525246249192416
2016-04-14,426.163033233764,1.0037947251609238,1.0712620712901844,1.003308304262077,847324.9864099999,0.2669023333959452,0.030290509046769103,0.3531688145067391
2016-04-15,431.253405898357,1.008454107402277,1.1926919282079447,1.0076988019721211,2412353.659025,0.2752277054429367,0.040176975488163236,0.3607485848703646
2016-04-16,432.455139286248,1.0083447331574444,1.0607736945999948,1.0077848920177201,1546152.000825,0.27688546796782043,0.04113084933505371,0.3623643819908968
2016-04-17,429.643823787882,1.0001234319078733,0.9540514172430078,1.00066189796272,-74.72636299999431,0.27199236795376375,0.034571423295995975,0.35830291340085724
2016-04-18,430.780784320861,1.0044759682429387,1.1354256276459822,1.0034676105095017,1079429.825006,0.2737248077089038,0.03630714682102639,0.3600430194800377
2016-04-19,437.224491853684,1.0125041213763653,1.2998870954091895,1.0099775699748603,3191083.953127,0.28408878089242573,0.04861423544060999,0.36943216782956034
2016-04-20,443.238020994336,1.0147331759074947,1.252997679569658,1.0116954352986627,3984962.2389929993,0.2931751629501354,0.05858780378264196,0.3777955930285047
2016-04-21,451.879833757831,1.0204619394740748,1.3968023135360426,1.0184157201895094,5468585.249479,0.30594847040180123,0.073686864158367,0.3896518733610791
2016-04-22,448.445766703073,1.0156445290502492,1.8566735905646914,1.0055980929258743,3559023.4316499997,0.29992215008661005,0.06545912706041411,0.38483867953946344
2016-04-23,454.073556506421,1.0143198022528277,1.5612190451437074,1.0098351583977618,2548798.6526949997,0.30822541901470435,0.0757256985134433,0.39242262394088945
2016-04-24,463.092124376107,1.027652137949489,1.6898938374326842,1.0153918332785898,6468795.687024999,0.32077078645903967,0.09140892286722548,0.4042085246608125
2016-04-25,462.365178082818,1.026217164688515,1.3661153259032777,1.0197368232207658,8549360.704017999,0.3182098610632001,0.08613190301672213,0.4034234992701097
2016-04-26,468.155955224252,1.0172510785112479,1.4132250218894757,1.0140818164600716,7653477.188557001,0.3255074430055427,0.09384145467769209,0.41085846089924677
2016-04-27,446.064762225105,0.9915736435590281,1.5521959162238743,0.9894513532755262,-3431223.429553,0.29165001959980064,0.050502377509935206,0.3816041898848855
2016-04-28,451.43763711352,1.0104126489241942,1.5228267902199113,1.0070963435777365,3527033.601458,0.30017361144279786,0.060109219312838934,0.3889142656250656
2016-04-29,457.115470560424,1.010053107532141,1.255710789423518,1.007602890895022,3392631.0856600003,0.30846644060039075,0.0700746533452559,0.39655393928843885
2016-04-30,449.583870829368,0.9998742958532943,1.481782606710481,0.9962949934590588,-111879.480583,0.29655921998874446,0.0543436408548576,0.3862212639191198
2016-05-01,454.026471318932,1.021604760273036,1.915038115915138,1.00460480639641,4724851.415658999,0.30279159966313346,0.0626353397343741,0.3920126304571937
2016-05-02,446.772344241217,0.9999811242801849,1.5288851940132704,0.9984914015287599,-57780.85406799987,0.2914349760709598,0.04750497855778514,0.38208426828911374
2016-05-03,453.097848135133,1.0060732959172327,1.4700944366479356,1.0041585349783242,1977728.108472,0.301083861526743,0.05988175156223761,0.3906221997380738
2016-05-04,449.498257543097,1.0032710612737004,1.1681099808383926,1.0019600151208863,1100591.9730969998,0.2952477340354223,0.048503635775844774,0.384068001701976
2016-05-05,450.170976773548,1.0048655082019013,1.4129060307773225,1.002435396251609,1184097.9020409998,0.2960531267280532,0.049285264496913984,0.3849107688270902
2016-05-06,461.454842430884,1.021444152694548,1.668482711152598,1.0146348167303008,6769598.524239,0.31239979826766934,0.06938952845863205,0.3996596968391516
2016-05-07,460.77594934045,1.0066325312283915,0.9918132102927558,1.0070959138690398,1486404.791529,0.3110031824208976,0.06671410088122304,0.399179426798923
2016-05-08,460.734062728435,1.0088021798967572,1.508353941900088,1.0049417193024242,1643598.2990289999,0.310607182519155,0.0659372430081397,0.3990397012100246
2016-05-09,462.133788324292,1.008642047695912,1.4916716826590262,1.0055455277648282,2212133.0702170003,0.3122625991338493,0.06777567930364961,0.4007358107179503
2016-05-10,451.981794898069,1.0023211123364628,2.1146214996997363,0.9954546578649301,596658.0518100001,0.29636710733641874,0.047294753419802354,0.38703537813402594
2016-05-11,453.160646838607,1.0073586533166652,1.3358535863071315,1.0013383811867116,2244163.904649,0.2978569432134947,0.04931209878809752,0.38864064668292314
2016-05-12,456.043142969166,1.0087916694036443,1.4035642718639287,1.004657917489266,2382812.781761,0.3020920624828168,0.05445008904671717,0.3921819804256093
2016-05-13,457.055895378812,1.0043291221739015,1.1860133619476712,1.003016470168628,1234434.220341,0.303353504550698,0.05570641892526807,0.3926141139260127
2016-05-14,457.211381125503,1.0129726251993618,2.144678618487071,1.0032332482377995,2803380.3034039997,0.30310365793346217,0.05569236851621876,0.39221331429691597
2016-05-15,459.035486966438,1.0062772794801926,1.4048416328955673,1.004419862193856,1302170.8333080001,0.30557976874449355,0.05891752979918077,0.39442457523916236
2016-05-16,454.307554443586,0.9975847068896306,0.9564188057624515,0.9982555767852792,-717706.4220059998,0.29826436440431253,0.04924414484324179,0.38829982622596143
2016-05-17,453.878569814523,1.0496360337332475,1.5846722163241576,1.000393196895318,16567451.781542001,0.29531590249744616,0.047262547926262916,0.38746385379329257
2016-05-18,454.270102180864,1.005179514210407,1.0854650565266608,1.0042464048618605,1631177.618934,0.295552525590701,0.047442310818712426,0.38790103362494116
2016-05-19,436.802327518175,0.9929998340768206,1.5742926124076833,0.9861591265607637,-2515070.997072,0.26707715405105087,0.011844928496961343,0.36306339853827074
2016-05-20,443.088845926099,1.011513955966528,1.4592240566514643,1.004748340275045,3880387.201115,0.2772313270789473,0.025013634434663333,0.3719683026134862
2016-05-21,442.903915462276,1.0024279723965392,1.2838040303718063,1.000085169485368,509396.20443799987,0.27676354430704375,0.024729113151006947,0.37135096286202474
2016-05-22,439.123732838208,0.9984899112876934,1.5137582805071748,0.9948933109320455,-310539.52347599994,0.2704083002000962,0.01702460093130436,0.365398202919101
2016-05-23,444.820945595316,1.0105073228050379,1.4666147242411212,1.0036811176786649,2788886.98411,0.2794240468151281,0.02902986797148977,0.3734471751841566
2016-05-24,446.002439033782,1.0042001936748508,1.1334759674361528,1.0024103204423584,1165747.6626260001,0.2811718897794223,0.03120694867526483,0.37501852993479545
2016-05-25,450.335761292191,1.0130182944552235,1.3342722049743376,1.0050407718576437,3904186.747221,0.2875232933826801,0.039584919745467156,0.3809311541236591
2016-05-26,454.446938700044,1.0108066879309598,1.2659785483628534,1.0073677140172628,3221268.388473,0.2935487457842559,0.047086161276284996,0.3865298976433119
2016-05-27,473.006215289606,1.048952743043387,1.841184148727478,1.023110486175537,19526610.672314998,0.31856179871648865,0.07938610357341559,0.4101516407576692
2016-05-28,529.204806909753,1.0759590274385857,1.345264184251785,1.0714763227779536,27184192.783145,0.3887246431213164,0.16628195507180724,0.472007403652232
2016-05-29,529.794983907387,1.0472386881694549,1.6564165048919035,1.0373115599248797,15845154.549315,0.3871293564514667,0.16128518168626121,0.47252690476803216
2016-05-30,534.726188133237,1.0399397092789562,1.5777477828845277,1.0335794029695926,15375857.892657,0.3906980342460153,0.1630951963527116,0.47733072327035414
2016-05-31,532.907244760593,1.0305789497133306,1.6407323750171658,1.0236517776017762,11700403.354342999,0.38682421163558983,0.15586224934708331,0.4753562786979893
2016-06-01,538.010616405787,1.0286168549886014,1.2296913589624001,1.0256518980490288,11011845.732776,0.39144339487071267,0.15927979163868047,0.4804584491894567
2016-06-02,540.283505965386,1.042922463099021,2.724671705218999,1.0244967607663968,15559188.271519002,0.39201313640243635,0.15837019076422185,0.48217554874250906
2016-06-03,571.306844649098,1.0454995566431917,1.3873713365915312,1.0422202078629874,14834891.363301001,0.42359764194525074,0.19833638894260552,0.5103039940439795
2016-06-04,573.74397671677,1.03206652048577,1.5563025516024505,1.0288922228551936,8853684.827237999,0.4247067820160814,0.19836240695722035,0.5123102963081262
2016-06-05,575.288562350975,1.0332731041525682,1.7805952579584408,1.0274558079871041,8533403.918335,0.4251189119027901,0.19738682934651608,0.5135593016895922
2016-06-06,586.94413965057,1.0457871667331804,1.3965791144709312,1.038166996869117,15543233.124333,0.434820268319324,0.20757600646527366,0.5234199115327552
2016-06-07,579.121002942565,1.0155476261982943,1.4603547432263857,1.010490288849747,6639355.065326,0.4262946526609223,0.19445073392219622,0.5169843805030477
2016-06-08,584.514475744474,1.030162701416858,1.587519816606017,1.0243740346003964,10582908.197407,0.4304389388261738,0.19810273646127066,0.5214345895476423
2016-06-09,577.045276838712,1.0139072375742955,1.5932046011656413,1.010540521497176,5739712.5301830005,0.4221474498018273,0.18550312137155267,0.5150500294655103
2016-06-10,580.638412764129,1.0217789146964056,1.812210503334429,1.0150919590598082,8741038.427556,0.42475188818359444,0.18766334020426206,0.5176819620548164
2016-06-11,613.77686913751,1.0460700872866584,1.8912646568042464,1.037037006251304,13870750.256622002,0.45485300360846076,0.22690957250519356,0.5435866939826985
2016-06-12,673.871106076321,1.105251319857356,1.777044499038195,1.074867721487987,43079512.379868,0.4996828706431417,0.28330790494303815,0.5847709339709999
2016-06-13,707.761042071353,1.1037373595522024,1.8328463632124492,1.0941841556005534,65742901.897206,0.5178597768388494,0.29806999666381134,0.604673479651919
2016-06-14,688.056748358146,1.031505859997006,1.2499845031996148,1.0270075286426412,16346978.424304001,0.5022229236906797,0.27213954147961567,0.5936396951745866
2016-06-15,699.275437036298,1.0514170140665904,1.982026247308993,1.038955638423148,30283062.317189,0.5073935545003483,0.2748933508765512,0.5998979726990228
2016-06-16,771.025805227497,1.119476991669107,1.8477234960053992,1.1096078361361807,81699175.573569,0.5471866382351962,0.3199683223380102,0.6372921267953093
2016-06-17,751.519419564071,1.0338397867391753,1.8517581587245255,1.0265371703320505,22051731.936890997,0.5327944957037509,0.2961317856110937,0.6279436662299568
2016-06-18,759.344236504463,1.0500311721788773,1.9686540519314981,1.0401733802596485,18589782.664846,0.535776819596294,0.297695561314999,0.6317713804121882
2016-06-19,768.549085328704,1.046787523136187,2.0297979065179597,1.0376736293165238,13915339.690259,0.5401910393150045,0.3017796557525542,0.636098064080859
2016-06-20,734.840009262532,1.0131983441128511,1.7957540849697382,1.0036505068470014,7384986.169068,0.517765683333702,0.2677453257477488,0.6196012513247178
2016-06-21,667.229463239073,0.9982441228770739,1.7143092660769097,0.9895146117297492,-1618536.666161999,0.4683528784231757,0.19411676983896578,0.5811316115399726
2016-06-22,603.134426655105,0.9579742766462631,1.5500695515732037,0.9539041442190759,-28264757.476088997,0.4130083343123162,0.11823818265216121,0.5366431136257964
2016-06-23,627.405817963262,1.0089166858670926,1.9237724955316913,1.0053818225516775,5577044.286771001,0.43671376940384854,0.15046109332472357,0.5544237047282695
2016-06-24,666.802056383051,1.0282025003955433,1.8861989444289078,1.0222450046615927,14199134.380965998,0.46838757483628873,0.19618716358682323,0.5806645505613544
2016-06-25,666.268821500682,1.0284799032340153,1.3619758533959767,1.0069137961145584,9796411.399021,0.46653087842828794,0.19260625156379862,0.5814632607722666
2016-06-26,629.46341012981,0.9747238880350921,2.0879974492600994,0.9702996074124794,-7632338.483671,0.4357086549284251,0.14566416444242494,0.5562403699646407
2016-06-27,659.306372909078,1.0277880932517915,2.5166747542846557,1.0218933622775606,12191410.953005,0.46062210614023563,0.18018960435714712,0.5760388167239096
2016-06-28,648.037586152984,1.0031861275072338,1.7494012908548684,1.0008563137447848,1243007.8909169994,0.45071800370315535,0.1646321917676937,0.5683994324150649
2016-06-29,640.454858118372,0.9974665218492631,1.6620246078392782,0.9954318068537258,-1087466.427983,0.4442855732607023,0.15440999919531528,0.5630983722692244
2016-06-30,674.545807197194,1.0399897414227608,1.764419919968593,1.0233895051547652,18931573.318001002,0.4708374364920169,0.19200621869168522,0.5854089566399977
2016-07-01,677.276994409772,1.0163494577131316,1.7404979827779674,1.013440071749162,7528002.817562999,0.47188034922327077,0.1924411311798514,0.587006524200988
2016-07-02,706.694934016283,1.0443638257735615,2.33395759834593,1.0383724021251957,12141033.633775,0.492912951111878,0.22218920976341017,0.604116887593886
2016-07-03,660.34572759946,0.9939321759696823,1.8549633873660352,0.9904632866135259,-2099914.2050820002,0.4570340072740838,0.1677900877167283,0.5762333906251381
2016-07-04,683.590611445,1.024817017958039,1.7126229385470118,1.021873136517696,8263706.100342,0.47492557580094313,0.19281240822248288,0.5905464684362195
2016-07-05,670.05685748269,1.0159345714986856,2.2020131625295822,1.0040106522112886,6405062.649066001,0.46338845020906294,0.17475000343083047,0.5821770393458996
2016-07-06,678.701371424282,1.016028893411963,2.0084065590796527,1.0099152292695233,6655728.655619999,0.46954806564893997,0.18280117998662465,0.5873865711920961
2016-07-07,641.496909806968,0.9871489365697088,1.5488276338657998,0.9834934780140442,-5881944.066578999,0.4391815188984117,0.13710556059191092,0.5634941248832217
2016-07-08,667.585837578386,1.0179784035257735,1.779315611839538,1.013870915175372,9290247.696697,0.4605335245380962,0.1678456989277888,0.5805515721907132
2016-07-09,650.578302686274,1.0147034333159577,1.7960307711601236,1.000362023937052,4732747.507707,0.4457068155892038,0.14380110263256682,0.5693178225540737
2016-07-10,649.403637069173,1.0191704996671376,3.868293702191447,0.9991362769543709,4870970.127444999,0.4441811361182621,0.14164416788011663,0.568303973064847
2016-07-11,648.947806674565,1.0154251801292196,3.184728210496998,0.9988524839925464,6058287.359686999,0.44296506464758856,0.14021036979881207,0.5677337420439518
2016-07-12,666.554596314427,1.0161402701398028,2.1201925647503725,1.0140748077608408,7226317.886355,0.45701306144326004,0.1603905175775351,0.5790812312279792
2016-07-13,654.147953738031,1.0025840205330032,1.7259176148274837,0.999890091036972,1065458.2703679996,0.4461957604159324,0.14380792601324374,0.5710436172787094
2016-07-14,660.167866986203,1.0095778334366625,1.7711184997152214,1.0067251594069475,3757608.783187,0.45096910432153775,0.1500016099205887,0.5748624796276763
2016-07-15,665.313761815855,1.0074062112971292,1.7533556749687285,1.005561677595757,3290199.1259419997,0.454827011741487,0.15488917243524084,0.5780166800792762
2016-07-16,665.451094307256,1.010498687501957,1.9940647194501495,1.0081486811319702,3151688.662907,0.45457715499404155,0.1535764385668139,0.5779748768880525
2016-07-17,682.437225930828,1.0414701141493545,2.2830239636369027,1.0359415624934358,11545340.532004,0.46715573643903274,0.17104493572615176,0.5884070221742713
2016-07-18,674.612326735961,1.0064570278437628,1.7514838359784737,1.0034580742227568,2575648.964174,0.46048391286294615,0.16045805910931432,0.583574167167639
2016-07-19,674.883183089905,1.0228933821881316,1.4113346092054553,1.017699355913615,8913673.01124,0.4598870867796603,0.157485148389799,0.5837892141363674
2016-07-20,665.972033770209,1.0008210519025897,1.5179423666570715,0.9986345403500423,223191.39393100003,0.4524222281332983,0.14573079431324965,0.5781315344287543
2016-07-21,665.255577870341,1.004993209956723,1.69086271923805,1.0026748926443274,1928895.249841,0.45162082873158943,0.14278279243711026,0.577151249298017
2016-07-22,649.660224567331,0.9965920829405194,1.60798301998912,0.9923021109029843,-1524519.1301110005,0.43826810281735157,0.12275638768630927,0.5670030281023526
2016-07-23,655.797205201165,1.0017812014688692,1.3226203251198179,1.000168390713081,604150.5456289998,0.44349063949692763,0.12985398608027443,0.5707717297855011
2016-07-24,662.206379698885,1.0388068419241423,2.508958588758605,1.021265714567857,10408202.718953,0.44791397796718224,0.1357503601054638,0.5747420764383888
2016-07-25,654.956981759508,1.0111040565163103,1.6578093267762128,1.0005472335654169,4020876.3412619997,0.4413340643466353,0.12543890703751526,0.5701394781018195
2016-07-26,652.007765212131,1.0058459077855775,1.8720937283800814,1.0007960658818338,2487812.7823090004,0.438524670309904,0.12045899643710181,0.5679079528932607
2016-07-27,656.019968234682,1.0143640169838295,1.9350267353839026,1.0088839751248013,5749262.776497,0.4414307620293007,0.1239105284388241,0.5703912630001248
2016-07-28,654.993906932732,1.0058924326124963,2.129586430455532,1.002271775389854,2261263.941946,0.44022884542393725,0.1212743684426868,0.5693908339990625
2016-07-29,658.479712137771,1.0096301024782268,2.487951879749171,1.0031641035751664,3705980.8300949996,0.4428247853348671,0.12469378524703523,0.5714082381008098
2016-07-30,656.431079437973,1.0136911476979147,2.285633640391882,1.0005466460776775,3309032.219001,0.4407054093283255,0.12142467063473816,0.5699692948090017
2016-07-31,625.7790353042,0.9785296343311025,1.8837130681152419,0.9735508872582611,-6042447.0171610005,0.4136097113289308,0.08054636869544358,0.5488256651762826
2016-08-01,608.371103560219,0.9797818092273894,1.4826144235285923,0.9770932428728444,-7814663.8914560005,0.3973711913430654,0.056767307833079615,0.5357917423307654
2016-08-02,538.0597068668,0.9271053804276571,1.4788020514291054,0.9188109477881929,-35360923.166242,0.31993868386952196,-0.0516597508649443,0.47498967792076174
2016-08-03,569.860726983348,0.9998792624165742,1.4961305989759248,0.9910564484295044,949009.6166879991,0.3589263213753907,0.004776188707234042,0.5030878483256587
2016-08-04,579.694821025332,1.0213934372017697,1.511796877351372,0.9902643336804556,8283548.278587,0.36917009368679,0.021538932323425672,0.5120021781467023
2016-08-05,577.29052569335,0.9993335611471444,1.6211595998942998,0.9926838174022775,-228486.2054770002,0.36652731258721594,0.01736343343357776,0.5097225272144115
2016-08-06,590.912993521719,1.0039020626703288,1.6255928176350243,1.0003101734415238,942390.2522120001,0.3812495868456017,0.03948275493859341,0.5209233963314529
2016-08-07,595.713200449668,1.0057307393734503,1.5735134207984298,1.0010306006090866,1529385.0974820005,0.3860260106437378,0.04623336741640358,0.5246342538888802
2016-08-08,595.920804676835,1.0038817932242872,1.5033797962163749,0.9984125144034218,1102928.0894860001,0.3861750300902502,0.045641867006219486,0.5246209097304039
2016-08-09,591.508304304024,0.9959504803324907,1.5770771290754506,0.9940649465922837,-1434034.797038,0.38182453140799183,0.03860196809341154,0.5208916291827085
2016-08-10,594.701908803147,0.9927885523741257,1.707118829147376,0.9895661339481656,-2421815.4155289996,0.3853275305738594,0.0435905214984202,0.5230300158765891
2016-08-11,590.774608379686,0.9956793136827443,1.747561255389637,0.9932271878585869,-1603252.974475,0.38121274649110215,0.03682087443189982,0.5194436998931758
2016-08-12,590.33942806017,1.0012553908045954,1.4518348697689598,0.9971029362851905,412354.963158,0.3807637286713973,0.03546177863636187,0.518892731028882
2016-08-13,588.661606944657,1.0025166206109017,1.5884247453643379,0.9980708202687514,567547.6436040001,0.37888853781599885,0.03129855217908756,0.5170051577242919
2016-08-14,574.882072411682,0.9931238558453843,1.3716114727434727,0.982895195966847,-1459846.557013,0.3640755409605035,0.00877515293464695,0.5055063748858306
2016-08-15,569.39291776957,0.9865845064978706,1.3798471997502604,0.9852354532443206,-3843076.3403470004,0.35832902717959547,0.0003258270012580113,0.5006169885044615
2016-08-16,576.892528929865,1.007910112731232,1.4742072724054085,0.998957360120728,3177498.047381,0.3664130457322305,0.01248671272023192,0.5070995969951807
2016-08-17,576.595463960072,0.9990358431077245,1.6065975736128393,0.9957948384456321,-372619.27346499986,0.36609536060592995,0.011620345072856704,0.5065733988852521
2016-08-18,575.763472958278,1.0004346597982616,2.4544935170276925,0.9964623546238555,135466.0406859999,0.36511605899323385,0.010027233365185923,0.5056185163371312
2016-08-19,577.279232853404,1.003671752160517,1.6084525666070046,0.9957173162788964,1248183.340632,0.3666616330726412,0.012527870227628208,0.5068360962981397
2016-08-20,581.818771017628,1.0430991944851316,1.774960130062417,1.0005025284584463,10011008.195662,0.37046251955425397,0.01834002858679322,0.5104100208011871
2016-08-21,581.873576733252,1.0049842402422424,1.6243035646719826,0.999482865048633,1140063.551525,0.37031604410595337,0.01795199052525109,0.5103602889144261
2016-08-22,588.554394168369,1.0063817020815191,1.4559306106189513,1.003962836208765,1980452.186608,0.3773159309879749,0.028203794352625235,0.5158575947723099
2016-08-23,583.905773808649,0.9984687567288876,1.5145687456642987,0.9950502226928232,-568221.4497580002,0.3723142454799389,0.019972403231744935,0.5117293700653996
2016-08-24,580.374414522237,0.9953629883092303,1.4952106443224715,0.9921826815360084,-1580171.49814,0.3686043690576744,0.013824585814864962,0.5084390819763307
2016-08-25,577.259006662628,1.0306838660888034,2.621017784624403,0.9950808129988062,9749968.592106,0.36416655896040945,0.008601451715844187,0.5053173069556084
2016-08-26,579.398944935556,1.0051083065355104,1.7301096986010212,0.997814073816933,1544373.390148,0.3663161867485805,0.011998102349707525,0.5070487399113799
2016-08-27,571.931545635756,0.9949333246295222,1.412177015282614,0.9934052112088637,-1251930.680294,0.35808947354478743,-0.0018153435665169985,0.5001187778824187
2016-08-28,572.687674818014,0.9997682233987438,1.5427345138832145,0.9963392889816546,-35077.88818399992,0.3588971140724923,-0.0007933427188531678,0.5006287500584361
2016-08-29,574.498149763457,0.9931146113162579,1.1567623316577282,0.9919152710358533,-2262659.727624,0.36112460382672296,0.002801787404916443,0.5021393017231393
2016-08-30,578.200143020004,1.009062452861436,1.4146852784366275,0.9986857959058111,3537496.7025300004,0.3648280679039673,0.00876658251302627,0.505563301131683
2016-08-31,574.318969779525,1.0108410048074459,1.5276756489086902,1.0021128317032553,3869592.376332,0.36000356649714843,0.0012190849796322152,0.5022454680371405
2016-09-01,573.00088868751,0.9986222578890208,1.850683787475149,0.9954176415807471,-522850.79721700004,0.35852711979922786,-0.001146231201353876,0.5008770568312856
2016-09-02,574.769932933179,1.001728056452755,1.6354694482697492,0.998504483843857,525883.753052,0.36039863225198193,0.001500314155903997,0.5022526864966349
2016-09-03,598.96836075936,1.0197877023252182,1.5402163898148395,1.0159724443744276,5130155.561468,0.38592492282487767,0.039149268197745654,0.5220444037527149
2016-09-04,607.71772719952,1.0192694345502162,1.4986621657839603,1.0136869017950034,4240472.524224,0.39411209028007305,0.051340053918032307,0.5288652985006664
2016-09-05,606.47394118831,1.0106009035341812,1.5000191437280297,1.0073935276946975,2909303.487274,0.3924679302423881,0.04795940735736518,0.5277467496149686
2016-09-06,611.527351989822,1.0173845011018934,1.5940913830613659,1.0119660314869259,5351080.31352,0.39691617998811424,0.05228013871753273,0.5310132914467355
2016-09-07,616.76328534117,1.0138593825912976,1.5285312817163648,1.0116387301374048,4359638.028828,0.4015880447291943,0.05833884031472907,0.5348316982887554
2016-09-08,626.164807320783,1.0184363369411442,1.9364217274139162,1.0133671562619389,6138654.917627,0.4098752066432686,0.06945975770106337,0.5413812998709745
2016-09-09,625.026072426539,1.013346500242591,1.5880385184678938,1.008699819170817,4484554.662049,0.40832887864244205,0.06325656243346321,0.539524457143623
2016-09-10,626.068592722537,1.0111406917783274,2.145615395048827,1.0066675385727923,2520382.941923,0.40900756278838385,0.06284943465847188,0.539864523873872
2016-09-11,609.660811855907,1.003290952014492,2.136892069370912,0.9937809397800188,695563.352827,0.392777119610358,0.037224303123985364,0.5272093524880754
2016-09-12,608.58968622661,1.0014283388056537,1.5389221159476454,0.9971184840668842,434418.8904250001,0.3916970274474907,0.034233052752800856,0.5259736953666022
2016-09-13,609.745098149406,1.0181764390818466,1.9971026180020948,1.0035763356099199,5937959.636751,0.3922091356726261,0.03471760088387287,0.5266585317767009
2016-09-14,611.956582306933,1.0090252446274985,1.6744411603664002,1.002147968212174,2546721.265983,0.3940986479252975,0.0369174555156037,0.5281286804507852
2016-09-15,610.37620402589,1.0048958795939136,1.6923770055293326,1.0017660375489361,1461277.4684680002,0.39234361264217427,0.033374419568132994,0.5266831044616787
2016-09-16,609.539310300801,1.0151575755897133,1.8384044815465193,1.0017443488109963,3885756.0641590003,0.3910864142894203,0.031165494880438085,0.5259089854969448
2016-09-17,608.649229379996,1.005173940003237,1.5157134842960067,1.0005853667425686,1038473.2549400001,0.3900333033744405,0.028492429578835184,0.5248854906222874
2016-09-18,612.670291280422,1.0100974360382877,1.879512663363838,1.0047274393513315,2031364.489735,0.39381907835300894,0.03375365371425,0.5277752583769779
2016-09-19,609.395233706885,1.00261390408514,1.6721532379773512,0.9985121872388306,818189.4958019999,0.3904027709785895,0.028077064589535083,0.5250884417989992
2016-09-20,605.330172532735,1.0213918076155548,2.1821838568530105,1.0125662113645384,7048937.045819,0.38540693799642445,0.019375347370322246,0.5216880421001279
2016-09-21,598.865017021438,0.9990407004509628,1.4700224752706492,0.9951304755934466,-404561.21970899985,0.3788574584341716,0.008522302922994364,0.516310450991612
2016-09-22,597.048942634039,0.9991419622650737,1.5508991598759154,0.9963085343288406,-283538.844059,0.376936656555129,0.004839253573894045,0.5144657677123028
2016-09-23,605.149042771298,1.0052477865657878,1.5465220506825756,1.003276105938058,1948001.7100809999,0.3851679840548617,0.01579771270090903,0.5202084123435874
2016-09-24,602.948519866297,0.9946345078607054,0.8734706756041843,0.9990740573265446,-1343671.2738639999,0.3829781077396901,0.01130250820554199,0.5188031640506614
2016-09-25,601.573271604124,1.0197976413123109,2.2928507226838044,0.99719263746571,4190191.846556,0.3810699578005911,0.008736988051586904,0.517430222214
2016-09-26,608.787523228681,1.0099482649800247,1.878364083224972,1.0070600183528684,3513258.653252,0.3880391343433898,0.0190541974099482,0.5229397960396367
2016-09-27,608.056489801026,1.0081641004695747,1.7860771332155851,1.0016633715993435,2875285.1917789998,0.3869910548266977,0.01666956377439985,0.5219742493084579
2016-09-28,605.518103754187,1.001803856320941,1.4743459122773488,0.9990245866747423,655523.8340409999,0.38426865818741185,0.012072277702826735,0.5197564891997862
2016-09-29,606.028504859802,1.0019043343368659,1.5890950251937512,0.999772556804585,773140.4931250002,0.384633792710222,0.01149367836481419,0.5196660261593781
2016-09-30,610.985874902402,1.0032473625363052,1.6463484343523946,1.0019461864861494,1205796.5604290003,0.38956082604174075,0.018689867658609995,0.5233713708250325
2016-10-01,614.846748624164,1.0069805371708178,1.6205134886095407,1.0043681967789166,1824206.568118,0.3931078257858929,0.02370708038073404,0.5261036337070927
2016-10-02,611.304737249224,1.0032882749982115,1.7680835410447446,0.9999023803456624,681833.0570510001,0.389468124524863,0.01759092109190008,0.5231982475523188
2016-10-03,612.725619882474,1.0161476355418149,1.6948187938546015,1.0022609028455798,5389289.016145,0.39026354535829033,0.019150581518077494,0.5243440121601216
2016-10-04,611.135520400589,1.0138666076490788,2.588968008259812,1.0036280312024288,5295373.816249,0.3880815783152333,0.015614508736810119,0.5228673669485523
2016-10-05,613.182103821486,1.0062671160850485,1.4760106240588389,1.0028953000728769,2333545.1609110003,0.38982313925926443,0.017863710595546624,0.5243301000106925
2016-10-06,612.549507562413,1.0056565039046959,1.7577989518185082,1.0026454148605446,1979217.1770219998,0.38891193334018787,0.015039858139352684,0.5233204722309758
2016-10-07,618.89015358491,1.0081784143584305,1.626845374121439,1.0044386746935123,2727318.0886850003,0.39490328528799523,0.02406506846082845,0.5280894867881749
2016-10-08,620.320604939978,1.0101351740851026,1.740081986672512,1.0022464738550778,2590490.1930830004,0.3959747256732768,0.02541239405869939,0.52897029749919
2016-10-09,616.503070835281,1.0038939462499308,1.527419244683461,0.9999370884126588,781437.588054,0.39205779777063365,0.018501899463777144,0.5257382909644587
2016-10-10,618.022613093339,1.006631770952745,1.5943315612841114,1.0017876030303623,2135364.483362,0.39329958521298614,0.020368288761823023,0.5268701277183881
2016-10-11,641.04722616792,1.027731219775877,1.531127747576548,1.0177731473814564,11899883.943036,0.41403318814009643,0.05197899120552969,0.5439477497662253
2016-10-12,637.534491785099,1.0283177874507305,1.779620318721211,1.0071988806287735,10851945.423269998,0.40956659732421985,0.044724906714635845,0.541416952702616
2016-10-13,638.121658875373,1.0084304899317353,1.614303864301225,1.0045269943190516,3375278.118767,0.4097603553817713,0.04350883243000107,0.5414110680465829
2016-10-14,641.737668553752,1.0099875497155897,1.568980215063104,1.0058359538288038,3254179.5456000003,0.41275679629039086,0.04740090300402716,0.543802390999153
2016-10-15,640.777218739109,1.006569968463203,1.4448995716951758,1.0049817422243186,2002107.253561,0.4116131260381006,0.04492164953989791,0.5429890429371991
2016-10-16,642.6759392034,1.0099388708099069,1.8645442374921624,1.0050813552044253,2663567.2979809996,0.41304801142242425,0.046084646309786426,0.5439406361419149
2016-10-17,642.245599078263,1.0271940196114822,1.9727047466860725,1.003879240809635,9884317.438858,0.4116925283049383,0.04403530361629055,0.5435077166417872
2016-10-18,641.132475651315,1.0184823346212986,1.710218617380011,1.0038918435234756,7094051.1346,0.40996558201069494,0.04093804721384135,0.5426909864421586
2016-10-19,633.038878409848,1.005538125189907,1.7827013402697176,0.999201032886438,1851664.133357,0.40211488183037625,0.02250311453879865,0.5346700968194165
2016-10-20,631.848942999544,1.0041048557645498,1.6044947921619659,0.9994470741604218,1704630.41382,0.40082109605851574,0.019952286475495174,0.5336415083625269
2016-10-21,635.786306639525,1.02383243443783,1.9949990659992511,1.0028505939117094,7388171.061853,0.4038188506451212,0.024185769108184377,0.5362132576296844
2016-10-22,661.188352086205,1.0243483898194645,1.9912480988965005,1.0176718973917036,6351651.424195999,0.42625419750283067,0.0594794466905589,0.5539251121569282
2016-10-23,657.160386931093,1.014642508201657,1.6997328131705276,1.0068229004013047,3151070.167796,0.42233190152620903,0.052806703144846055,0.5511811486730313
2016-10-24,656.870713032573,1.0178097420664556,1.205653489001763,1.0129798454324181,5653763.214153,0.4215299502790899,0.05032356083990981,0.5513388949259096
2016-10-25,661.075779150039,1.021594822913445,1.6293496800099576,1.010304114474702,7673982.550993,0.4244677623526949,0.0539994354923905,0.5541654084211936
2016-10-26,680.137652032721,1.0342901093185497,1.8595959138744595,1.0194957869602206,13246612.516645001,0.4395762967443648,0.07668991407441764,0.5665626816587167
2016-10-27,691.789586715254,1.0347199455599099,1.8751701946985988,1.0240759275572735,16255822.462848,0.44749046820962746,0.08757901309612441,0.5738548459513859
2016-10-28,695.947652505383,1.0167313623758536,1.8136320456080464,1.0136104521366205,7101633.878882,0.4500890715992671,0.09033731472894346,0.5762491921075654
2016-10-29,723.162917566689,1.0358068307672794,1.7924729990180506,1.0254519339309927,14008214.017904,0.4696027521932135,0.12024180404844255,0.5920874496820474
2016-10-30,706.850470961825,1.0082906360230017,1.4237430893668295,1.005035865955738,2087425.628363,0.45699266030056584,0.09904021444106764,0.5824987290474082
2016-10-31,708.047417171229,1.0274635345308776,1.7122997200465135,1.0223113954404817,11000377.806647,0.4569500688674405,0.09688928891251872,0.5829057308338702
2016-11-01,737.464326851529,1.0363968723397485,2.194987814147076,1.0292773705064058,15780920.100894,0.47732377298462314,0.12780757971110857,0.5989593404976412
2016-11-02,748.477566122293,1.0296825403620926,1.8340934066914927,1.0219103745966982,11624219.094738001,0.48427273529005455,0.1371979789939221,0.6046717184417871
2016-11-03,692.660993217848,0.994162192460321,1.6492446695627299,0.9866210116285117,-3107975.778407,0.4419030236340933,0.06912877100877382,0.572595190289732
2016-11-04,709.167770678417,1.0160333806047976,1.9267148237761804,1.0101433123167063,6897370.645391,0.45458653662449383,0.08885008083124292,0.5823599827207802
2016-11-05,709.248482992329,1.0094206600462763,1.8800303495775095,1.0039049910791886,2676467.729535,0.45432445151220247,0.0881007555832972,0.581995919470715
2016-11-06,716.697387741449,1.017253959676595,2.173574052780787,1.011206369718819,4472761.179979,0.4595778571566627,0.09627649799771013,0.5860794317461376
2016-11-07,711.01338272107,1.0100877656222225,1.899713460449526,1.0061007002476894,4122266.018236,0.45487022088381235,0.08784406185359045,0.5824812342295141
2016-11-08,713.03437624519,1.0247841647625315,2.304327435794731,1.0117694722172117,10206986.722065,0.4554395412274562,0.0882727898582194,0.5832986320173869
2016-11-09,727.824091950038,1.027492225057503,1.7185694199295163,1.019604703852315,12931870.869661,0.4652912110392069,0.10320529874286505,0.5915838410850449
2016-11-10,720.173197273519,1.0155709142682547,2.8562438252311537,1.0038986572678426,5660793.610234,0.45911785594746013,0.09275809094494515,0.5868717953870188
2016-11-11,722.393772658342,1.0187236570178613,2.1557931993703336,1.0080390012392455,6017521.367811,0.4602752554714595,0.09423797708447246,0.5878905089332767
2016-11-12,711.323704518075,1.0051803067395728,1.6647034324015948,0.9985091818995733,1191343.483174,0.45167591907967514,0.07940533210844339,0.5805725886751769
2016-11-13,706.647729631174,1.0045512662409444,1.8148874933213588,0.9992553876450754,1234017.705904,0.44796726088841266,0.07299532292409619,0.5770877518336046
2016-11-14,710.052193843583,1.0125999487876463,1.9164194680864448,1.0030733578429278,4735592.32764,0.4501747933091019,0.07700743291210561,0.5778390904232136
2016-11-15,713.038671052377,1.0171762758935952,1.543770962972904,1.0095360314820372,6574502.916130001,0.4517633117295139,0.07976514407218538,0.5788129281168561
2016-11-16,746.65939670417,1.050021956588061,2.181874967181883,1.030594666344358,21894487.712254,0.4750096840679243,0.1164560223572477,0.5970354470484102
2016-11-17,743.855094075401,1.0250014592288503,1.4036111097115844,1.0132195243457487,12243196.107239,0.4715986707281195,0.11057306202676714,0.5952731218783817
2016-11-18,754.527096255521,1.025931840121723,2.100129523655051,1.0148650616843666,11839476.250836,0.4782020858439984,0.12222862312678161,0.5985745223688741
2016-11-19,758.961094678218,1.01717400020125,2.009743653880379,1.011089575155965,6096551.084645,0.4807436417774773,0.1272439788191317,0.5985762615023494
2016-11-20,735.148016434057,1.0016311245049268,1.8150869633046705,0.9962297475717256,465852.97623999976,0.4636725226042613,0.0996998956533629,0.5849003150682208
2016-11-21,745.94935768664,1.016667376605288,1.8254190071537777,1.007471633205756,8140672.248494,0.4708732926825364,0.11152913357150795,0.5904838755443687
2016-11-22,757.151447445888,1.026109991125257,1.2883079724441986,1.0165801765814506,11751488.936090998,0.4778926833464839,0.12228037995176726,0.5957447205146172
2016-11-23,751.190594672342,1.015820518788552,2.0144232003390043,1.011829392059282,7679045.487574,0.47303207407815384,0.11328557401364409,0.5909283580233918
2016-11-24,747.915764303143,1.073262230161941,2.7127019771107,1.003504661888237,30047288.110371,0.4682378414313428,0.1063613871913074,0.5874545440454998
2016-11-25,746.90603393757,1.0074628277797242,1.9081707718635539,1.0032362138513968,3610504.903953,0.46721592878995516,0.1042677096751448,0.5864807539822128
2016-11-26,745.019208106223,1.0142462154804939,1.7345709918900816,1.0023278201366597,4913828.8354939995,0.4654311213262349,0.10135180741744192,0.5849028499733565
2016-11-27,738.988601598347,1.0127616684649965,1.924772147701628,0.9996506696159525,3654022.018312,0.46063959272344607,0.09374141795215547,0.5804939219231748
2016-11-28,744.629847289657,1.0158436751079263,1.760176892168336,1.0038332187804662,7284474.539023999,0.4641810509385469,0.09939902296521821,0.583481979497724
2016-11-29,745.243065517409,1.0110824285324649,1.8587427172811632,1.0046329066889472,4864557.410568,0.46423653743669274,0.09916244707991552,0.5832745927204545
2016-11-30,753.054853754161,1.0194557404814413,1.572192425266253,1.010095178677686,7858796.732276,0.46915113591283053,0.10667706398864621,0.5874099098477749
2016-12-01,764.264902334344,1.0300002050737713,1.7523714034722566,1.0137306969181785,11341577.863994999,0.4760350957179847,0.11735115569387515,0.5931186175759242
2016-12-02,795.753721754165,1.0417826459291217,1.6047617805896002,1.0304608988120083,21548084.329489,0.49543701292052744,0.14669024161620564,0.6090401068886093
2016-12-03,794.709983465583,1.143826460987471,2.166235708809117,1.0359617987365746,54553138.189387,0.49096643078121693,0.13830555810867665,0.6085065665801169
2016-12-04,799.68954058244,1.022226566997641,1.7276410105025521,1.0185638084775526,6207314.1658230005,0.4937766159429777,0.14199655477782355,0.6106891559776444
2016-12-05,783.060914355864,1.0148372974127482,2.241565392005567,1.0030802395572676,7008964.010078,0.482524792419294,0.12284018604517678,0.6021007379019803
2016-12-06,785.569205440112,1.0132794507145302,1.7105727146678211,1.0078776430439402,6198084.203854,0.48371625967064924,0.12421676612277788,0.6029484635599325
2016-12-07,784.460794707778,1.0145003128498857,1.8632417465326905,1.0070582375994224,6579479.451567,0.48235374207497383,0.12156261796615941,0.6017843057199981
2016-12-08,781.177929200729,1.022704388367282,2.1382581022742504,1.0067076315584125,9523090.245851,0.47922317568921685,0.11647735958649304,0.599848448970097
2016-12-09,781.830379339286,1.0103504569208925,1.818416543517653,1.0044222522689,4490901.708984,0.4791905217294766,0.1160934813883715,0.5996107106191726
2016-12-10,781.811848296173,1.0262310116518705,1.9265005253827714,1.0042726064993213,9372203.339856999,0.4782979216538093,0.1148178942578,0.5989584953421914
2016-12-11,778.314503623634,1.012493263518572,1.7204406099304324,1.0027045372440797,3335171.336549,0.47560602567189314,0.11015494774518676,0.5967364625241863
2016-12-12,788.879108724394,1.0208274354808722,1.719717953881241,1.0147795318288944,8723395.231827,0.48189078071123154,0.1197181089101222,0.6017601980764876
2016-12-13,789.411695803975,1.0184168267301483,2.345016208063636,1.0070561650749699,7846872.025732,0.4815213489312728,0.11865872208966467,0.6011329554988155
2016-12-14,782.178057190906,1.0150962376664416,1.8189254436695235,1.004600739309436,6186069.5011,0.4760588620177535,0.10944880971863587,0.5971131673883222
2016-12-15,783.71138834582,1.017298695397671,1.9606266436397228,1.0053695736494757,8087647.480609999,0.47635491658832024,0.10987476188014561,0.5977056035060736
2016-12-16,787.783103080444,1.0190161294481717,1.4407548104494008,1.0094935523160669,8323264.0007919995,0.47833858084279013,0.11258169153932912,0.5998513946702279
2016-12-17,794.260288351619,1.0197888757348281,1.5780568584533694,1.0107552077817423,7427553.7503619995,0.48191140174210306,0.11808070089069822,0.6028582259165441
2016-12-18,794.821909238375,1.0266754550553319,2.3708117290316495,1.0069180974906267,8594514.553251,0.48154474019778876,0.11754715010832359,0.6030105658481951
2016-12-19,798.775046216939,1.0132370728912476,1.6538383832368846,1.0075289903663693,5714736.246694,0.4836151949830836,0.1206056221118642,0.6047689753264288
2016-12-20,807.703065750462,1.0253812292812665,2.2237524836001707,1.0172033958464932,12413915.658697,0.4884646326585161,0.12744001770857025,0.6089256022489988
2016-12-21,837.175475667133,1.0609128437057256,2.8640163829851866,1.0273253359365244,31216249.133569002,0.5043332794423896,0.15278622742457826,0.6220670346944069
2016-12-22,873.345104765382,1.058195300795489,2.282818809659677,1.0349943915952882,33092163.716601998,0.5224618865011177,0.181087561656696,0.6375527631942969
2016-12-23,922.762991532235,1.0792019944563895,2.229904841419365,1.0552202385002967,50515650.735799,0.5447993747326259,0.2142241152163588,0.6570325176625341
2016-12-24,904.256526024078,1.0228642361840137,1.9510987163330986,1.0102155560811983,10707489.362447,0.5345140560771205,0.19603190631342918,0.6499075971373525
2016-12-25,907.039258948658,1.029945262073022,1.8378935667744318,1.0164793768514522,11863033.525434,0.535378959597384,0.19601924546820754,0.6510279054879182
2016-12-26,911.407359641075,1.0317441560265406,1.6627769926772111,1.024512532927854,15010873.086169,0.5363527841716161,0.19573134176397675,0.6517778174130773
2016-12-27,939.431141767927,1.0419352007056266,2.203434690413854,1.0303125236764528,25658445.180745,0.548475870086298,0.21409647607286275,0.6620559869853383
2016-12-28,988.3665324128,1.0666773934047382,3.2765890154387183,1.0415573735976378,46022196.348418,0.5682297960953597,0.24434595455070413,0.6784335470929762
2016-12-29,985.540345161665,1.0508044364703053,2.590919729978419,1.031606769739558,32529326.239037,0.5647996301110624,0.23583491514288343,0.6772290433753696
2016-12-30,969.782721299634,1.036169487329548,2.65358402440521,1.0201899731101982,22639385.60075,0.5561289139981569,0.21920167763949755,0.6717818610199237
2016-12-31,979.607750372603,1.0275232576382178,2.1840219153810256,1.0192335894948044,11643013.517748,0.5598599081317237,0.2244500427475132,0.6749121983989292
2017-01-01,1013.21384921929,1.0667418486986884,2.181044087113805,1.039384900018859,22517051.496262,0.5731655828074422,0.24582120836462695,0.685649431020493
2017-01-02,1023.85232811152,1.0704631040012613,2.5931687783861324,1.0430990835763554,35731803.00515,0.5751918881525382,0.24713083120181628,0.6889079008224844
2017-01-03,1038.26028751157,1.0626085640678644,2.6080234367876938,1.0456737106370266,37016412.134541005,0.5789238287773171,0.25014359048722273,0.6930902936067002
2017-01-04,1155.2720819306,1.1139754381270497,2.1065232209438594,1.0872572548353225,95116924.338688,0.6173897363746658,0.3010325556440721,0.7225218327233355
2017-01-05,1011.02798930221,1.0666651599489114,2.1142518741723086,0.987419929451003,58194941.990439,0.5565576348290335,0.19669691365659006,0.6842083469713278
2017-01-06,906.31450299029,0.973598449625207,1.848601938272285,0.9577893950968632,-22623589.821229,0.5060326498867354,0.1112546705367831,0.6478772887920806
2017-01-07,914.193525771002,1.0039312517200683,2.1716988994866586,0.9944016113798049,2294898.220992001,0.510961999768548,0.11885306286582048,0.6508096579104813
2017-01-08,917.158351651756,1.0133233956807788,1.8465239980452732,0.9989852356590305,6347618.188722,0.5118376761198712,0.12080927752010387,0.6519737192327316
2017-01-09,900.981341091599,1.0093106848088365,1.7133562518264556,0.9924996257989465,5476531.048383,0.5027042627703583,0.10499022597624406,0.6460020696837345
2017-01-10,912.850172225818,1.0133339839890345,1.9432248336688525,1.0023466833407833,8063373.809215,0.5087499405100002,0.11530143551866802,0.6505677605096715
2017-01-11,780.254009831306,0.9524577976490906,1.4003958938569092,0.9398890149903797,-36199660.207022,0.4259708341297081,-0.022578967095280816,0.5917721588270157
2017-01-12,804.679597778121,0.9959734472163251,1.7614791279241213,0.9897188167020136,-2302210.896618001,0.4444618443405066,0.00908794506193691,0.6037724941947468
2017-01-13,828.50862052464,1.0076548900245497,1.4198351304121684,1.0007023821038417,4241629.295905,0.4604850129449626,0.03671904007886394,0.6152970263626601
2017-01-14,818.517237527623,0.992891255438796,1.8556974194686173,0.9885206398904711,-2555163.105844,0.45375149016569405,0.025503074433762915,0.6103801784757926
2017-01-15,824.279517029255,1.0052959673080613,1.7999655630849423,0.9996523551276097,1839629.7695109993,0.45751339536849384,0.03169533354298496,0.6128961190859306
2017-01-16,836.698138636585,1.0070877978045178,1.9306742426687131,0.998309293680581,3412457.2808989994,0.4653530141115314,0.045364473661170766,0.6184357114499741
2017-01-17,913.124531154945,1.0440263121884525,1.748608401284334,1.0322228392072836,25203390.620821003,0.5088181801344563,0.11944978447627554,0.6504225446705968
2017-01-18,890.860809503911,1.0089151163472283,2.0751087825956116,1.0040051554260454,4647484.3020440005,0.4959953474083833,0.09611248729328105,0.6414646860738389
2017-01-19,898.659032180757,1.015403948941747,1.8056443573115066,1.0096410568636214,7413333.504521,0.49979250389503144,0.10173925391302835,0.644345554259435
2017-01-20,897.895266121281,1.0105965736634617,1.6316438112264047,1.0058720493926208,5555804.479874,0.4988500268373987,0.09913489646629056,0.6438515024348
2017-01-21,924.08353608402,1.0299026289128765,2.280078781367918,1.017032460115912,11074185.014464,0.5122591553612819,0.1216159608778917,0.6535352838805587
2017-01-22,929.817599105844,1.0318741844886803,2.381616413452855,1.0193137702262185,12014035.471866999,0.5143669723301102,0.12465774051124408,0.6556097773284367
2017-01-23,922.004801033921,1.019700263683147,2.2670895669057853,1.0115393299646416,8448074.057827,0.5095812766674936,0.11511220768494762,0.6524589789113147
2017-01-24,895.166315337296,1.0161457465632366,1.6751575209798732,0.9973664785549654,7835991.889895,0.4939847179849659,0.08795093261508886,0.6423684129810315
2017-01-25,900.753779668424,1.0209333937611416,1.8164916156454016,1.0134042486854584,11135422.597771,0.49646320859200493,0.09099362074295772,0.6445080140347866
2017-01-26,919.991268162472,1.025238088432323,1.7604895824918234,1.0154176444690834,13377245.621776,0.5062017807195763,0.10532878444521457,0.6512651357650281
2017-01-27,919.732513920359,1.0149105036652721,3.094822391057108,1.0062521944759588,6071786.910772,0.5055259936899961,0.10239724007858234,0.650437703208306
2017-01-28,922.672847066825,1.0132311966083563,2.405958946247164,1.0069015035594666,4242448.717633001,0.5067412810369073,0.10360525887253563,0.651201104461795
2017-01-29,920.650590201946,1.0626509096560954,2.8381426385318256,1.0045909713805297,20490355.659359,0.5041797342947518,0.0999218426773327,0.6502371980999148
2017-01-30,925.399284441806,1.0148874285139955,2.1293874341619103,1.010271756278571,6315080.937665,0.5062932322349273,0.10293577409066254,0.6519316846086722
2017-01-31,970.960729921524,1.0342134317002833,2.0178995480320268,1.0269325937881688,19100622.533611,0.5284924525121247,0.14061668902516117,0.6681823372753297
2017-02-01,992.380179608016,1.0338839340953687,2.225236068690942,1.0265755833159484,19164831.071588002,0.5375190928602723,0.15482337576108038,0.6752312605363568
2017-02-02,1019.62358703291,1.043802990555673,2.23536387575951,1.031087140068382,22610212.080785003,0.5486425035715271,0.17265625022053985,0.6838224379075742
2017-02-03,1034.23717115703,1.0474448346718197,1.9086759297303098,1.0291505106147965,30752529.258557998,0.5532283565058423,0.17857860918490964,0.6885418751294415
2017-02-04,1041.74221172858,1.0297030450060896,2.5007739063067604,1.0200602511084924,14409259.003978001,0.5555956280894888,0.18149286964230443,0.6906740877233875
2017-02-05,1028.1767028784,1.026710837583439,2.3251346909464203,1.0144113421485803,11108667.984197,0.5488702086633649,0.168592173808995,0.6865284837735549
2017-02-06,1040.45301700894,1.0348313756316045,2.0754012227610716,1.022056268868342,19407002.463969,0.5531042894516671,0.17475489016274767,0.690257623620087
2017-02-07,1064.44676517649,1.0471492207856818,1.9688637944248029,1.0291051290871918,27220286.37767,0.5616340410529694,0.18856859492389125,0.6974688443469448
2017-02-08,1076.09578084716,1.035592657591607,2.2040173457805317,1.0271967184575144,21556793.316532,0.5651918246803964,0.1927733327913575,0.7005737168244098
2017-02-09,1001.18475072918,1.0060619347241635,2.0813072627907085,0.9886334603414785,3790436.270832002,0.5313443891530937,0.1330124741427594,0.6782559365138251
2017-02-10,994.979437848975,1.0264947488015708,2.1970891828733135,1.0100269222152096,16925581.851541,0.5276466145922936,0.1250270018301296,0.6762085147242015
2017-02-11,1008.34756670658,1.010872507990797,2.4686079507512457,1.0066709507979803,4246484.909851,0.5334591279589104,0.13558074159905267,0.6803694176079816
2017-02-12,1000.69377412204,1.0220116393577683,2.295231328897176,1.003952520399967,7182887.060990001,0.5292986071621859,0.12808986699265848,0.6779066600241576
2017-02-13,1005.77658861862,1.0245316756170506,2.25729047281329,1.0122103719704572,13605054.949068,0.5308144397278353,0.13000309168643556,0.6794264515116291
2017-02-14,1016.43602231838,1.0215297032282302,2.3808952659690457,1.0091666065267513,11818888.138648001,0.535002371106838,0.13718747778552923,0.682722480393375
2017-02-15,1020.57390896272,1.011984993295136,2.1126638218688996,1.008138639769686,6457303.982313001,0.5364847729935925,0.13868462047070224,0.6837084436852957
2017-02-16,1041.96799517828,1.0250454955991113,2.1006987382662667,1.0167783369489503,13929708.211566001,0.545208325668652,0.15330890066076733,0.6900369286824987
2017-02-17,1063.62788623541,1.048515650996064,2.9717482598211205,1.0358519217210191,28727425.600130998,0.5528256719071825,0.16518901068130254,0.6962100616375856
2017-02-18,1066.51974418076,1.0311188758607677,2.816055672125483,1.0231068495471958,12691342.457737,0.5531500096851218,0.16413034776685717,0.6966289637248737
2017-02-19,1063.67391683137,1.0239825380972158,2.902628072108455,1.0124101776950547,9708785.682828,0.5513614956583434,0.1601949022925683,0.6957101374035922
2017-02-20,1087.45762760284,1.0301390199267089,2.7397527898885174,1.0224207693608813,15411422.737532001,0.5604315602183241,0.17555381668270045,0.7022663579879294
2017-02-21,1137.80248069337,1.0528041570597593,2.956598724451924,1.0393203156333084,31581415.013746,0.5783629431666482,0.20643575063336622,0.7153468150266031
2017-02-22,1135.8401989077,1.0540533164540062,2.6710407054359258,1.033296460837523,38491868.832945004,0.5753301735336553,0.199011372518654,0.7148735884577403
2017-02-23,1187.82584838419,1.0574211716486346,2.2815307289980584,1.045417486005011,41386477.670316,0.592063450873039,0.22678343892465885,0.7274103014002832
2017-02-24,1195.54894490169,1.0718680854986755,4.686274452621679,1.041792577083946,56941418.153885,0.5913784102754914,0.22384777326812563,0.7289125038484727
2017-02-25,1162.4333391915,1.0196726113141819,2.5525685574622186,1.005626236787587,9015274.950388,0.578994234441585,0.2004001236413453,0.7211569394375389
2017-02-26,1189.5174993802,1.0296575722324806,2.2877468428277608,1.021204145003387,12176219.912304,0.5880481902455216,0.2163041112274196,0.7274725675167353
2017-02-27,1197.71474931719,1.0377065689304084,2.571476086352867,1.0267173352734067,23553216.051913,0.5895812418821328,0.217515113809117,0.7292623638601249
2017-02-28,1212.81756948398,1.035657460196875,2.71752359535173,1.0268129076462673,22858689.956768997,0.5935829103885064,0.22336038979474157,0.732597129065351
2017-03-01,1240.21423986091,1.053757863311168,2.8756407839923086,1.0415557430137123,38366843.651015,0.6007682718935242,0.23407955069763034,0.7384207666923881
2017-03-02,1268.74542419334,1.048614266386497,2.918425653952393,1.0389852411285394,44835266.74113,0.6075927199195,0.2438183159743726,0.7442129651767354
2017-03-03,1293.40687325759,1.0581975558144492,2.6569076281860267,1.0300574805627616,51499792.590669,0.6125526953946999,0.25005924578453365,0.7488689470298562
2017-03-04,1275.44574109497,1.0313740898963277,2.686120771562003,1.0209764103494605,19738261.582923003,0.6059359542504344,0.2363454730630043,0.7453028070632676
2017-03-05,1288.14064138915,1.0361643604898778,2.947808729268725,1.0251917662739944,20248269.387879,0.6088963699304107,0.24061605058901175,0.7477538480195832
2017-03-06,1284.57103158368,1.0454824427135063,2.450130419959119,1.0246008981104466,33768582.756016,0.605981715384404,0.23393981486663576,0.7472343747315399
2017-03-07,1237.65886373534,1.0191570523637743,2.4758810599511953,1.007942892721482,13862784.712882997,0.589820093479657,0.20287019526781802,0.7376496791530813
2017-03-08,1167.01866916393,1.0103576573896542,2.534494096433566,0.9964875600863463,6763280.4292830005,0.5640761235378291,0.15338292293756695,0.721532681021445
2017-03-09,1196.96688415131,1.0192343304693068,2.4373654243242893,1.0058339718237892,12451538.026513,0.5746471352470218,0.17248424441015053,0.7283915918605294
2017-03-10,1134.86485758073,0.9993127948189409,2.228807813351375,0.9846149096791995,-758684.1175180022,0.5499992679563556,0.12835283810618742,0.7136154337417393
2017-03-11,1186.96560011316,1.0213797106405755,3.021446392052587,1.0129139560165656,15053571.253643999,0.569346947004142,0.16412723250473552,0.7260843279965286
2017-03-12,1235.01107622606,1.034994346156346,2.7478887078896252,1.0245799186951154,19029210.792992998,0.5853905839579149,0.19327245788682393,0.7366101193245839
2017-03-13,1248.25923268351,1.074784186404888,2.829484846109602,1.0189491675566593,56403447.291747004,0.5870443020625601,0.19668264384675715,0.7397167819848386
2017-03-14,1250.70579881126,1.0261275366747598,2.687106873634156,1.0158942114802445,19902628.126399,0.5868217663124426,0.19521343571353017,0.7401867087297029
2017-03-15,1272.40145483818,1.0454992279818638,2.5124540632376013,1.031997917502015,38009560.448474,0.5922093052790491,0.2029047822260592,0.7445342122456635
2017-03-16,1183.77515537426,1.0139804777539327,2.602453841149064,0.9969912821194091,11893430.023465998,0.5600918838697945,0.14280350245316473,0.7254552872439293
2017-03-17,1084.7152136928,0.9888951437179992,2.6716997354436933,0.9667214006823641,-12949913.535468,0.5195881136724118,0.07007154300683237,0.7003228627232471
2017-03-18,967.147049527469,0.974090145778419,1.7706448316328536,0.9472742656987785,-21213104.017534,0.46147414256899566,-0.03427064198595369,0.6646117669919156
2017-03-19,1036.92529466842,1.022350372199854,2.4330613703363273,1.0013910166301194,13928488.824553,0.4975846855899525,0.03442452360755326,0.6872034931853829
2017-03-20,1055.49762643586,1.0026808381389016,2.3605520237715867,0.9941275368554896,2435148.881213002,0.5068324749729941,0.05144884212547225,0.6925605971320308
2017-03-21,1126.50035693671,1.0413175731253483,2.5099653646472677,1.0199461289079552,33229070.918945998,0.5365801793377865,0.10693814749537758,0.7119546141269173
2017-03-22,1052.53799357863,1.0078776615907747,2.356081851987256,0.9894848501197784,5666821.981628001,0.5035528869087719,0.04338407602365439,0.6910769378552517
2017-03-23,1040.13112077885,0.9938074045299758,1.791198622714669,0.98443305178241,-4680769.9283799995,0.49776527798190434,0.033674375913179726,0.6875359235894825
2017-03-24,936.72159645051,0.9800457013144289,1.4071508011793936,0.9440815408867737,-16402927.810286999,0.4417796950679463,-0.06398348983880393,0.6554213426667247
2017-03-25,977.169130370071,1.0171286991742685,1.7344361629032583,0.9969065622159768,14431370.124845998,0.46550410257282243,-0.020876005791409327,0.6700637996229992
2017-03-26,977.96153409044,1.0161463575322236,2.8096213826685332,0.9905213230287739,8265879.71975,0.46509241734681855,-0.01948302472421731,0.6701507689665754
2017-03-27,1049.35660454421,1.0262731764526727,2.744423907978918,1.0146274383058163,20628912.795447998,0.5009605167784419,0.04703420854009861,0.6924839958098308
2017-03-28,1051.96081444997,1.018789125006228,2.3651270301889404,1.0074668239460223,14396399.019608999,0.5010333693213102,0.04725403931019339,0.6930295828853256
2017-03-29,1045.91184466137,1.0084047656950663,2.335378146438882,0.9993688404549331,5717073.250305,0.4978056319760276,0.040759910217935305,0.6909469266937553
2017-03-30,1037.25818485747,1.0084244303928953,2.2056707919493004,0.9955691235067308,6670262.069479001,0.493096492309506,0.03267929168095683,0.6882858050964158
2017-03-31,1083.47659730046,1.0311873520795354,3.004181094093008,1.019704045360009,30716109.262839,0.5132473005165296,0.0681865357788959,0.7007005866042975
2017-04-01,1090.01235457448,1.018441747600884,3.9598915371208356,1.0072885897704809,12315484.032997001,0.5153040741150466,0.07219417551947613,0.7022061276298863
2017-04-02,1110.75788350362,1.020828694433154,3.6213865782886088,1.0094370623695808,12765435.794038,0.5236681777758432,0.08775423166348452,0.7074642054530683
2017-04-03,1157.45482952762,1.0366189705390567,2.9641094011719704,1.0269569312379194,29856021.163976,0.5413744856928088,0.1200208735416985,0.7191536795153672
2017-04-04,1153.52638074895,1.0206902719583548,2.5683769690560356,1.0155065769912406,15997102.075237999,0.5388932739517125,0.114300867897109,0.7180260933531357
2017-04-05,1145.08470423784,1.020999099963122,2.643249774861251,1.0128923007016657,17211101.881175,0.534616148377393,0.10517165440728259,0.7157313962929434
2017-04-06,1196.85506049068,1.0351988269807788,2.6023005274126696,1.0258958513961727,29265142.352891,0.5533448534154545,0.13949109650604422,0.7279063850333819
2017-04-07,1202.17640028386,1.0385123271743493,4.36341409747909,1.0179738494719937,30490447.637443,0.5536729227928332,0.13962280283167122,0.7287196039424882
2017-04-08,1193.7750547721,1.021655702325859,4.086083761581177,1.011887178170012,9941992.993462,0.5499267919716866,0.13206556129262198,0.7265975372032651
2017-04-09,1214.39502902522,1.0364020688223299,2.3707793696931994,1.0305564756259218,17450270.920908,0.5567026176619794,0.14376088263637718,0.731090450640162
2017-04-10,1217.29369272848,1.029230633021044,2.634891243815869,1.0193071217218008,19874123.672419,0.5567025042306535,0.14299759484157878,0.7316675902034285
2017-04-11,1231.09406066777,1.0289521729661895,2.5707351365442555,1.0194250435759684,22916700.634012002,0.5605523428527155,0.14933980091580798,0.7346119679736078
2017-04-12,1221.88730340206,1.0286637157881768,4.9245665325807275,1.0117797652257186,21185587.45587,0.5560573194704409,0.13930060732571617,0.7316686415456481
2017-04-13,1186.23890134592,1.0064107147185408,2.3066032770422087,1.0020973440640961,4190812.795191001,0.5422954415021005,0.11262309629043338,0.7234138000130187
2017-04-14,1198.05137043337,1.0186884553471867,1.9524085659090407,1.0076068885739369,15468450.167727,0.5461690038364486,0.1192902430529865,0.7261763576286944
2017-04-15,1196.82971241956,1.0102713966020607,2.908346790046737,1.004207246903586,6249512.045666,0.5453555734361214,0.11726440541325368,0.7256543210844888
2017-04-16,1202.54302277521,1.0110123939038356,3.0125982333728714,1.0064196410233632,5905028.936865,0.5472590461950846,0.12032337516775049,0.7267700583038365
2017-04-17,1218.01130610039,1.0405943294951083,2.2542456537553814,1.0320927941333766,29148061.894926,0.5518509918098663,0.12697329318737655,0.7302016669680125
2017-04-18,1231.40438767659,1.0307504662083264,2.5882893612910975,1.0198907355247315,22127907.567015998,0.5556920199891506,0.13305592010349382,0.7329176237380945
2017-04-19,1229.14748781259,1.0210560194394547,3.100008127286849,1.0132243600752877,14034322.590827001,0.5541752354406131,0.1291880189855751,0.7321786496217519
2017-04-20,1262.59875165331,1.0369090431628865,2.439523661320337,1.0273889660131577,27301350.311989997,0.5648347215077494,0.14807377258674242,0.7390891131734187
2017-04-21,1274.95695682404,1.0235683850168293,2.9631396531325565,1.0187867204006775,17542807.430704,0.5681859189536002,0.15334698005373815,0.7413579272343149
2017-04-22,1280.56473631266,1.0180682593997155,2.6001646999396737,1.011197165173532,9941510.141105,0.5696486433657141,0.1552098428961435,0.7421823273451518
2017-04-23,1277.70632683967,1.024260491288053,2.6838439055813614,1.011742567844448,11712161.906405,0.5680802705330336,0.15182748670728885,0.7415136381010949
2017-04-24,1278.04390920856,1.0334657085100991,2.9150711151634328,1.0159179466758697,22981748.271895,0.56704254453132,0.1494952224343642,0.741524271881576
2017-04-25,1293.87026338172,1.0268348409252361,2.846474236142247,1.01737143582734,25142486.630725,0.5710284663392746,0.15658265062053267,0.7445918656973527
2017-04-26,1313.10147567932,1.0321408335606541,2.6666417259181876,1.0223561796024054,27108812.116504,0.5759056253399217,0.16508095195980163,0.7481558157347157
2017-04-27,1351.59435335139,1.0393607542437777,2.4479994623471453,1.0320721609462886,35767228.769533,0.586346663705211,0.18309791308193962,0.7549374269145921
2017-04-28,1342.29695620197,1.045963989801546,2.7973608750664014,1.0168589771641776,41963842.223197006,0.5813568870113379,0.17321215085894195,0.753161483031669
2017-04-29,1357.44893479096,1.0289058441348442,3.4182419403112125,1.0187691540423183,21346091.024127,0.5848703722890709,0.1794003864981166,0.7556565027979656
2017-04-30,1376.39584479716,1.0385677116138958,3.8478291160121,1.019920897324167,25907160.638442002,0.5895097216821241,0.18727157803986447,0.7586069071220111
2017-05-01,1454.40958856649,1.07694369547962,4.529389548916982,1.0444989797279824,73118084.503115,0.6084562103499498,0.2230144503747305,0.7712563485449062
2017-05-02,1490.89207221018,1.0669341156452443,3.4789831166227234,1.047443933513839,60695058.208955996,0.6157066675199216,0.23431755240630525,0.7765003341214193
2017-05-03,1531.4406900674,1.0550874887695896,3.09279504658939,1.04268877850767,55160055.414187,0.6238927541149732,0.245580361765847,0.7813634754701057
2017-05-04,1579.14421728683,1.0866215017293441,2.989684764357875,1.0703430687395958,99393149.35372,0.630768360101865,0.2564498977488118,0.787955807750535
2017-05-05,1539.56928151818,1.0572160777783741,3.2465745306253173,1.0257002386843783,63993765.363841996,0.6180211192281216,0.23145706695914373,0.7825538713854582
2017-05-06,1597.02280531653,1.0517461830855135,3.6575070610621294,1.0434494411338575,49666873.243338,0.6300634763104497,0.25301778768032224,0.7902453747780979
2017-05-07,1620.50216128326,1.0425276353800887,3.4287854287611084,1.0320512921444835,40440739.478823,0.6340219061162345,0.2546855301464455,0.7910510161048703
2017-05-08,1703.21349524832,1.0774664908589806,3.8462825971711774,1.058579944445679,102633242.398497,0.6486191318013076,0.28005095750922315,0.8012178855178475
2017-05-09,1763.37043222481,1.075882867113287,3.5464062995228818,1.0520142692535088,100759579.641278,0.6569812734718862,0.29462072736140144,0.8080540799513369
2017-05-10,1807.33013696985,1.0619895417921548,3.6910641726857296,1.0489478245035821,79848521.718612,0.6627607508034812,0.3030086959388963,0.8125142755777264
2017-05-11,1848.1695699784,1.083064197726232,6.472170158000102,1.052712114818587,111695292.578745,0.666166970164747,0.30797856217020453,0.8162592407557231
2017-05-12,1716.62183323545,1.0277734766615103,3.40026951284488,1.0129487774170434,35544413.763779,0.6382962516372832,0.251528613991794,0.802084568993478
2017-05-13,1811.17306468336,1.0478257675844485,3.7243008551373427,1.0395372663766453,53756294.997543,0.6561057918720284,0.28469522306165534,0.8123241745208786
2017-05-14,1852.35793529878,1.0363626523438685,3.4152796450823444,1.028590087357166,37610961.823172,0.662566727342962,0.2962183564190549,0.8163221570105889
2017-05-15,1770.42309561994,1.0276293724792973,3.4501728922676937,1.0148208598631043,39043229.380603,0.6453759897512726,0.26012593840881004,0.8078463838154599
2017-05-16,1778.4160532269,1.0365755291138599,4.166870417556271,1.0274970439569997,41535302.387237005,0.6455925971839586,0.2588316931572288,0.8085333353901322
2017-05-17,1883.24759084432,1.0599617234697485,3.670094606825655,1.0381682431992882,113357181.894815,0.6620820722865535,0.28947117113378446,0.8190889707458737
2017-05-18,1955.22267113362,1.0398678597906634,3.9337476612323816,1.0309639656827232,66919224.8121,0.6729645499846694,0.309081353318211,0.8256817113304087
2017-05-19,2026.55097396706,1.0672526038750014,3.8108106866113864,1.0479266353228909,103670348.37733899,0.681481692437119,0.32391930838465405,0.8317597364291409
2017-05-20,2105.54370798035,1.065540991939368,5.166944847497143,1.0514616631409575,90208744.919385,0.690988371642417,0.34114139933738785,0.8379624898277421
2017-05-21,2031.5736982239,1.0544048584040802,3.859876519318601,1.0328762987879967,59542851.46127799,0.6771996885967203,0.3119710602719531,0.8320115089605841
2017-05-22,2109.91360765748,1.1138312133205979,4.081305842305141,1.057428208346322,172096157.525609,0.6827885074810881,0.3253694748004481,0.8385491809884097
2017-05-23,2259.54223956731,1.091512919920715,4.802151291858328,1.0636704552910476,196786000.453999,0.6990498811571757,0.35500954432506876,0.8492705230130067
2017-05-24,2491.18130563493,1.111243359658486,5.497027547591334,1.0785484440613695,228273339.100121,0.722105816006489,0.3988865899629063,0.8632464288209765
2017-05-25,2338.57803117939,1.0839785933552686,4.197270353414848,1.0405804464294957,190213388.933226,0.6949546245303769,0.3472255691065207,0.8544896576196837
2017-05-26,2268.50789274678,1.0543449836965757,4.708854215990732,1.0357801277632819,102369950.50633699,0.681918102055962,0.31921901247386114,0.8498399537911492
2017-05-27,2054.56892327937,1.0017163472872008,4.043742769094197,0.9829002845469104,1313636.5182780027,0.6486854662747276,0.24923107407145445,0.8340116526946865
2017-05-28,2126.80831932951,1.0387478346265555,3.3678774058942245,1.0189086994281153,45979698.593153,0.6589049375338132,0.27098925603916185,0.8395435701005797
2017-05-29,2291.47153261674,1.058387662403346,4.238896820323582,1.0441830191216515,86175709.186469,0.6818619842138159,0.3165310116854813,0.8509907126753259
2017-05-30,2204.13818562927,1.0341574794873922,4.572022615706815,1.0103061245563587,54697234.209966004,0.6671587779599124,0.28620201884953334,0.8450245396467838
2017-05-31,2301.5618388431,1.065411989581041,6.68596051906569,1.040959521065519,124614594.923737,0.6785937593859147,0.3070957020047158,0.8510857782677352
2017-06-01,2413.299841934,1.0600877469663925,5.470088214272194,1.040551376828841,134488587.43994,0.6900553046109307,0.32938117280459506,0.8576011426227914
2017-06-02,2497.00426429095,1.0526793753912844,4.51406150397142,1.0419833702400516,104527751.046828,0.6985201599709419,0.3438426587748713,0.862127956718665
2017-06-03,2606.51103480382,1.0524223573468412,4.932932033878312,1.0400891990828536,119490668.082742,0.7086457076041058,0.36291626572577307,0.8677537691583403
2017-06-04,2592.45400253533,1.0420054190453283,4.958224974253078,1.0264114872594714,85132346.21614201,0.7051621199499478,0.353375819270111,0.8667417513822248
2017-06-05,2743.54448494041,1.0699711532907374,5.046062811853047,1.0544216381440825,154179422.582103,0.7185690359546053,0.37867051732728435,0.8739196058606966
2017-06-06,2914.19923254268,1.0825498495580002,5.996930426189742,1.0645095401198101,181982500.138696,0.7311027510887942,0.403277323552686,0.8809614091836395
2017-06-07,2713.25297162474,1.0302931483843243,5.1519614139162915,1.0195765657240612,60810428.956852995,0.7085501178030655,0.3543115404557055,0.8716755666938396
2017-06-08,2834.28700754268,1.060964281002782,4.5848933127321665,1.0400748201180776,135592421.088466,0.7187448055546387,0.37351812581038063,0.876960805637554
2017-06-09,2843.51513462926,1.0584180524334201,5.267866374985337,1.0353979390142085,114896493.404283,0.7170283561374773,0.3683522656964061,0.8771094249703861
2017-06-10,2897.39208087663,1.0878437834514063,10.124169495460897,1.03764754547027,155938482.516272,0.7189943611457296,0.372041813768583,0.8790380106602759
2017-06-11,2976.89313994215,1.0747585901278203,6.020180786893012,1.055510116775937,121345861.151619,0.7240490341776551,0.3811154636250416,0.8820911287373852
2017-06-12,2704.05133772975,1.0753757037834513,9.701359498745001,1.017951055536312,139648386.088861,0.6918868463594623,0.31310796795689794,0.8699119040042591
2017-06-13,2747.34132829811,1.0690367662922728,11.526845460651268,1.0208025807474892,167466978.519878,0.6933495865930346,0.317036061642729,0.8716687706880585
2017-06-14,2533.83243402412,1.022799691579832,4.608715929382318,1.0025018325984942,52042084.85535,0.6648749694974714,0.25731118288071425,0.8608401584630425
2017-06-15,2491.81216298179,1.0145046393229797,5.606183615675864,0.9997641091679771,34322240.820129,0.6600618464887626,0.2414079651397602,0.8580727290548249
2017-06-16,2540.31878106786,1.0373868662447479,7.691405648018125,1.0047868019687176,86035269.683458,0.6646135111501477,0.2517421152307212,0.8604431567242232
2017-06-17,2721.43959710109,1.040488711633377,5.114105170995363,1.030788408462165,70617183.63050699,0.6858348656383226,0.2954399730682396,0.869395028874199
2017-06-18,2597.48160725646,1.0565661800515072,4.915872935657547,1.0102228706770437,105374687.703769,0.6681613268062664,0.2576378112130918,0.8632718903541655
2017-06-19,2675.54927150037,1.0609074683249884,5.501220161480922,1.0402512248394318,115985203.185336,0.6758011510710807,0.2720961824217596,0.8671792241745115
2017-06-20,2805.96527436563,1.0673067663525875,5.495626900120816,1.0427031022584379,132778770.168282,0.6883829317890136,0.2985035758315382,0.8733599366869085
2017-06-21,2779.3654607682,1.0392864955819932,4.478083842201532,1.0230054875530818,83041533.44623299,0.683454372070813,0.28678142895649794,0.8720839108716079
2017-06-22,2809.84703203717,1.050578555358951,5.804796955420607,1.031483954189378,100184202.44835101,0.6850974067364375,0.2888085362740367,0.873399346674722
2017-06-23,2822.68125961699,1.045092961629811,4.323334326442028,1.0259592617679438,71084392.982867,0.6851035138645176,0.2877120221203584,0.8739230656002978
2017-06-24,2598.93952672383,1.0050401172429804,3.920171014758296,0.9855986657542509,7512047.419445001,0.6569769170496096,0.22669900076215926,0.8631064261627949
2017-06-25,2528.14503538918,1.0021755694579568,4.072436995689362,0.9878611411185017,2697031.181111999,0.6468714636641447,0.20531418964381953,0.8592396302353684
2017-06-26,2449.0049876546,0.9969869892867584,4.1121527573011445,0.9833320226834733,-6469144.819952995,0.6352881998502722,0.17909696061521588,0.8542006725997088
2017-06-27,2585.46425573505,1.0313501180982125,3.9857831642262673,1.014792516597756,61615193.31910001,0.6541371287568097,0.21902677754525623,0.8619332217770252
2017-06-28,2595.71359728938,1.0302872855216672,4.797032762938097,1.0125793823396494,61946084.750883,0.6538180386664187,0.21849239599880874,0.8623645650378851
2017-06-29,2559.97647572381,1.0267876952902724,4.427125609780141,1.0149517989179742,50568953.522597,0.6473266484433727,0.20439707274647465,0.8603756739995281
2017-06-30,2518.23549527109,1.0330057559437815,4.442376200884195,1.0155694913550586,73209950.292526,0.6394131899867991,0.1867096335952522,0.8579124586751642
2017-07-01,2464.51055077339,1.0080150355429898,4.1185220049927445,0.9933683759082443,11030292.182030998,0.6311241492872822,0.16870021497787516,0.8547620013687206
2017-07-02,2520.79647059779,1.03015485472828,4.94960271686463,1.0137014766063033,38304289.581478,0.6385628065206325,0.1851849121080569,0.8579757254598591
2017-07-03,2576.86150628639,1.041844887477816,5.38043179298719,1.01781374906887,71968935.234658,0.6447405693689073,0.19836865163288775,0.8607775819054331
2017-07-04,2626.59456097794,1.0292737242269978,6.019350592759602,1.0155881178544643,50225248.007499,0.6502178067377425,0.21059660706470026,0.8633036726207495
2017-07-05,2623.72546426339,1.0421439602828462,5.32715773499147,1.0144027730381484,75338245.408989,0.6480760872479946,0.20638874505259133,0.8631021976604404
2017-07-06,2619.95003205259,1.021513705828457,4.957459053748535,1.007492871190341,39428641.73932099,0.6465455312580004,0.20324008720737974,0.8628281892389978
2017-07-07,2530.87125036328,1.0321455822730603,4.180878025681288,1.0168197374919632,59932331.032313,0.6321634038998873,0.17189959442919123,0.8579710919911858
2017-07-08,2577.43516892076,1.0202113144914748,4.202249387892478,1.0091024316298947,31602990.487676002,0.6381665930211227,0.18440227684893037,0.8602787746739747
2017-07-09,2527.44633307094,1.0039789114549311,6.383671891951924,0.9958406398364782,6524218.092544001,0.6303658678708407,0.16796035678053217,0.8573276293618226
2017-07-10,2384.87127171513,0.9890353668365215,3.699573946047091,0.9801152505004875,-21827056.140010998,0.607921385253338,0.1203474280462096,0.8487261831366921
2017-07-11,2345.09262405348,1.0039865606167457,3.852759753789123,0.9910117436797222,6037912.763744995,0.6011327852307404,0.1056112754705652,0.8460387635453303
2017-07-12,2420.26421423014,1.0120048496065461,3.83857762660972,1.0037605692326625,22019717.838083003,0.6134547601487444,0.13127118068190877,0.8504661070175268
2017-07-13,2370.62684578395,1.0131186961155192,4.291608463942519,0.9936375962798241,18473114.528712004,0.6046490296966934,0.11291018632945195,0.8472494223863178
2017-07-14,2243.50207140457,0.9935269622356157,3.5373065807776687,0.9756041844148541,-10641873.915956996,0.5821176109275655,0.06433564685395073,0.8384743858189866
2017-07-15,1988.91494916799,0.9423353432120035,3.8551838637608977,0.931359582272614,-71977479.71546601,0.5299660731698707,-0.04876695811308861,0.8175113721419651
2017-07-16,1929.45720712284,0.960947571960458,3.020244568810268,0.950808903749854,-46295891.760731,0.517059587789224,-0.07649629372632041,0.8116896147482857
2017-07-17,2254.69562246209,1.0739496443444716,6.647837115582891,1.0254895714281829,107545171.300441,0.5852198443341685,0.07417461099827714,0.8385502875095419
2017-07-18,2334.03382260133,1.0286173986668372,4.046368839367205,1.0123720875202706,48774776.17289,0.597764776388797,0.1026887400304107,0.8438928962932023
2017-07-19,2284.10772181906,1.0173139312487651,3.654062731654359,1.0027021196807862,25776337.197523996,0.5876592968402728,0.08161628104720267,0.8403271192001641
2017-07-20,2856.53210632686,1.1242799418585565,5.081316786870095,1.1029077519027795,233027438.06207198,0.667329251724699,0.25213346536121306,0.8723303864877797
2017-07-21,2653.13757633571,1.0240143489106168,5.295631071404144,1.0100197949702239,40557283.586804,0.6393075123176171,0.19270681394924227,0.8624158078888062
2017-07-22,2813.7291827629,1.0664863328455603,4.699403555624277,1.0520898540912267,92135243.921315,0.6579667247688069,0.23309324867738762,0.8701454133403045
2017-07-23,2742.64418968414,1.0327275761273198,5.174267989738738,1.0217412813504667,40008509.491518006,0.647886877530544,0.21081484010486898,0.8666998871471898
2017-07-24,2760.50558633014,1.042099895032325,5.896705109870558,1.0212872099188226,68616099.46362601,0.6485472312080846,0.2106378443237384,0.8668618560962237
2017-07-25,2571.8101214144,1.0739371907548994,3.6435827875244176,0.9937542460414857,128383134.20541799,0.6191444912490845,0.15090883017754367,0.8578124306475277
2017-07-26,2537.92971255952,1.0213738976978677,4.18155039516156,1.0073440988277578,35429092.228241,0.6133488044695199,0.13742597341044532,0.8556442370381807
2017-07-27,2664.61732651485,1.0739158898697299,4.346323696137509,1.035434295217624,143469392.179767,0.6290166594941272,0.17152497531643388,0.8623989507418084
2017-07-28,2802.60397508865,1.1423384387227522,6.43769681456086,1.0582148034931578,326252301.503908,0.6403149384762213,0.20021812374550346,0.8690789161574664
2017-07-29,2718.22761917957,1.1737768655257852,4.237661452040786,1.0437412237485868,276510541.300169,0.6224754171819921,0.16673145247191581,0.86538390404905
2017-07-30,2756.65108915747,1.170055474657496,3.9738491502151088,1.026553848383413,363420010.76299703,0.6203624210063288,0.16919272130408744,0.8684742362114407
2017-07-31,2883.45786633848,1.2046692137928385,4.364339136541545,1.0460487306960218,505926203.57354796,0.6269954032806903,0.1930461308091176,0.8758888228686221
2017-08-01,2739.36539665558,1.0741460214939862,4.082906881737853,1.0413825005481288,176983551.84820902,0.6017811229203409,0.14302631623875997,0.8694338365970938
2017-08-02,2711.52904051341,1.0428232152607733,4.801709919301635,1.0154629248217764,153866453.98446,0.5944236547691644,0.12949809403766144,0.8682609868222684
2017-08-03,2790.77178643742,1.0734869586178424,6.220779256004781,1.0205993342448612,209788498.136643,0.6017398362474071,0.1487663709848622,0.8719995838656477
2017-08-04,2856.54372014359,1.1637608832956199,7.165904469492577,1.044776667471063,373140519.150464,0.6029344540786943,0.15891201803163924,0.874658505145511
2017-08-05,3253.54352574681,1.1856763197763853,5.630921401911955,1.0976151094729232,371207762.718636,0.6448840504528968,0.24865296992518962,0.8899783367988493
2017-08-06,3213.62063299353,1.168470720020833,5.9848540456260455,1.0979085145914138,367894862.335394,0.6329547935852206,0.22662879312753145,0.8888187776952458
2017-08-07,3393.64869834137,1.1344636758234319,5.145916315304599,1.0862426535180163,424354519.340794,0.6453452057387065,0.25230923932491917,0.8948898982459975
2017-08-08,3438.21137734045,1.1109457714538666,5.104939187080893,1.0483806246117173,350607602.884067,0.643442331246809,0.25136873677794075,0.8964671304545123
2017-08-09,3357.41602381906,1.0874209858536854,5.074631311125434,1.0230956766040242,226147468.234429,0.6305679927872484,0.2267660308669258,0.8938167604280153
2017-08-10,3416.80071339533,1.0607692240809266,5.48617434480408,1.0424730094116177,179449089.99052998,0.6337569447224722,0.23340613781080286,0.8956415372421099
2017-08-11,3652.82904066331,1.069191714191147,6.051736756022669,1.0539751112079874,219759748.66695398,0.6544117157322342,0.274558557111086,0.9022975600480903
2017-08-12,3905.71170490168,1.0993198403473354,7.23457981103889,1.0758043823201606,301843615.538901,0.6722789842385617,0.31077745301228993,0.9084838597914392
2017-08-13,4108.68998704601,1.1061181291930517,7.873684691351327,1.0782940032970785,292098664.635697,0.6840776569447183,0.33517319830148556,0.9129003329216155
2017-08-14,4340.9661814715,1.1104940356388096,6.744783071541627,1.0879066154279924,386888688.88821596,0.6957921423047703,0.3584981632080847,0.9175935966682104
2017-08-15,4205.2204856222,1.06183873705928,7.304980495370835,1.044297066724932,215275285.115036,0.6823297876728541,0.33099295626152025,0.9148887005512047
2017-08-16,4385.92100605985,1.0582005217915944,7.4305055162888864,1.046432194423702,261958690.981955,0.6922977046944271,0.3499475745163743,0.9182395853676927
2017-08-17,4284.51808362253,1.0760156356491202,6.141130846085674,1.0469241910469855,288504623.917126,0.6798996511519341,0.3263750453161121,0.9164225863887037
2017-08-18,4141.51890750285,1.0494199211193809,7.921247318437999,1.0192031700304107,171265853.971528,0.6657276814615721,0.29824681017859117,0.9132899552023227
2017-08-19,4179.65149771559,1.0870447465001338,8.487454469384657,1.0510060070296892,265622376.44353297,0.6652022148339458,0.2951639171368744,0.9135074658263772
2017-08-20,4094.26651221418,1.0993639944740652,7.829783501721795,1.0300269743729114,271292639.919563,0.65398325718915,0.27390143618137447,0.9116372275911395
2017-08-21,3998.63146761992,1.0336917314067515,6.090184031191,1.014570086812335,113649177.26998901,0.6437565369149116,0.25320781641821355,0.9094983288831564
2017-08-22,4094.9118855354,1.064343649318341,6.904915935259553,1.031774326216393,201150929.00437498,0.6496210763511662,0.2651345734145152,0.9115899486680492
2017-08-23,4154.72042542671,1.068606520772782,11.21402424614602,1.03072663986584,219501977.292481,0.6511252039222292,0.2699558727956038,0.9126213600852062
2017-08-24,4317.55398811949,1.052191998983561,7.55606250059652,1.0320043789884277,159510471.357714,0.6625403365351662,0.2926240604249953,0.9158195749259638
2017-08-25,4363.85498931733,1.0661650557190179,7.765363035489391,1.0444961945089646,151817063.813819,0.6636746089468555,0.29550388310274395,0.916646467196908
2017-08-26,4349.96887660506,1.0640127648426385,9.234583552512506,1.0337488139939814,133074403.39698501,0.6607548289247491,0.2895050052025813,0.9163047873841021
2017-08-27,4355.76728977718,1.0522988472956223,7.132741129408385,1.0260943808596734,112817654.419178,0.6594946563182132,0.2864427613532287,0.9162252260683408
2017-08-28,4391.71874691155,1.058118557333122,6.20307029891806,1.0387084958337967,170355342.760667,0.6600822347310077,0.2869996015461767,0.9168838099532901
2017-08-29,4566.01414603408,1.0945533117534625,7.234646126494578,1.0593137450482697,313163612.54503095,0.6689124112789819,0.30608406581768366,0.9201464650921652
2017-08-30,4546.63029745443,1.0674333241543765,6.454700377407203,1.0316960477037331,183351606.172285,0.6646656975315769,0.297215305666894,0.9195624438158609
2017-08-31,4699.49622909928,1.0982130730280277,7.164851053857677,1.07218553547775,314042258.751631,0.6714658841446075,0.3114631648164044,0.92222588929068
2017-09-01,4901.28507371056,1.1081157023949078,6.103339488363221,1.071911383651636,319575940.01540697,0.6812321293122671,0.33152600494642176,0.9255462221617454
2017-09-02,4602.2221279442,1.0617082390788823,6.3018280030605585,1.0258969360170338,140947843.55674198,0.6580238825364263,0.28439798617981277,0.9206800693553082
2017-09-03,4645.84832449062,1.0591156056504982,8.59323018068193,1.0325379809658362,123622228.134268,0.659663383848843,0.28790738553469847,0.9213777991686699
2017-09-04,4285.32075159234,1.02987118569282,6.7489721545056796,1.0033974132479024,90430580.61935098,0.6285122663394185,0.22620690682141845,0.9147357453081594
2017-09-05,4422.63294703185,1.0398089433361835,6.869073551804918,1.0268456037019011,131238203.13450602,0.6385985074478556,0.24608632338902411,0.9172631203216683
2017-09-06,4591.48563278169,1.0598626203805814,8.174997898628801,1.0454485907988726,193340482.887357,0.6493404865484753,0.2682590038847545,0.9202589163328855
2017-09-07,4596.43876153672,1.0960455342845148,6.62312368416508,1.0845270644019667,291268642.112707,0.6457369469106365,0.2598474685018347,0.9202356848375755
2017-09-08,4364.61856609267,1.0105917568247207,6.41932511088316,1.0003348957452571,27918878.930832,0.6258591241363382,0.2190486500044252,0.9157314838787242
2017-09-09,4326.32675432425,1.016457106887584,6.831935195034285,1.0023888900894566,35175131.718818,0.622125226884662,0.21058265170197904,0.9147476806666655
2017-09-10,4230.42779422667,1.0497092858044006,4.3926429207246,1.0248367894343664,111696798.04609899,0.6118938153459333,0.18972301238277306,0.912921997982632
2017-09-11,4179.08538409761,1.0135492188608495,7.5343728950889695,0.991474934783123,34688703.717947,0.6064163592242111,0.17953158722952298,0.9117767463179958
2017-09-12,4137.80636827786,1.011873524572362,5.164735571845656,0.9972428479808758,37060881.12595501,0.6014469301434694,0.1705950437331233,0.9108631247639781
2017-09-13,3862.51305775878,0.9775535889123471,5.38880277404464,0.9609315371301536,-70113147.61216901,0.5740186984559327,0.11514632738543498,0.9045111784776692
2017-09-14,3210.2975753142,0.9121530695405228,4.8441581751109455,0.8957688891905411,-238252110.046334,0.48934824803606436,-0.05236061758178568,0.8851347573397745
2017-09-15,3716.28897268073,1.0364746086614924,4.278492843811891,1.005915517486003,130952469.33601698,0.5596648535973338,0.08882943248887423,0.9011442590442602
2017-09-16,3682.03845956004,1.0204369594210532,6.018873149795113,0.9991688639506581,39529519.496423006,0.5544669541325382,0.0797472278499453,0.900179296322745
2017-09-17,3654.02732476075,1.0028612424751884,6.074942625102527,0.9857145544054541,4477802.227480002,0.5509065717690489,0.07199735652725922,0.8990656617423769
2017-09-18,4069.72176538011,1.0474557832261182,5.678244819797798,1.0361914022493526,114503494.532897,0.5954235403828455,0.16304282663640782,0.909326673597419
2017-09-19,3877.91032768945,1.01159063435423,5.109606057124841,0.9932974123576108,28949313.209487006,0.5743362284449719,0.12070393308629161,0.9046240013960377
2017-09-20,3862.33604256487,1.0153869198798509,6.819503981334487,1.0029145100226908,35655123.921188995,0.571797033439443,0.11579707807334194,0.9040142608218502
2017-09-21,3614.256509691,0.9891255145447451,5.447793911374554,0.9686877653582251,-24794969.214104995,0.5421320892161082,0.05689342816558947,0.8973675031073786
2017-09-22,3614.20245493457,1.0144009421774465,7.613241992141663,0.9830166547347866,29451512.056334995,0.5418643092485426,0.05661506433160542,0.8969865206384128
2017-09-23,3783.50187611393,1.029689207865477,4.642590553007089,1.0133956178336931,45593229.744868994,0.5617943134118937,0.09739838456601005,0.9015471665676578
2017-09-24,3668.33741910501,1.0007527635782332,5.292710009095347,0.9880011897769608,408999.5916300006,0.5478683242681661,0.06921252495926429,0.8983814607515176
2017-09-25,3905.3219104819,1.1314655235305862,5.941478607902204,1.0252181092740833,295058951.98737,0.5712181484135921,0.12173962538493435,0.9049309510175088
2017-09-26,3856.52567193794,1.0226845705503964,5.735108259754132,0.9954577369526547,51993227.699228,0.5645725533813565,0.11013812972638802,0.9037149051795614
2017-09-27,4171.93623456426,1.0551560302889402,7.137103802940668,1.0434435249253957,133122673.17062499,0.5959963941672689,0.17291131746252417,0.9108077714809886
2017-09-28,4128.76261131381,1.0384628569207752,5.401981246742361,1.0233638705720525,97327377.606987,0.5897518929280122,0.16158077185023265,0.9098697902901265
2017-09-29,4129.88890208874,1.0310643038141896,6.1671659831436765,1.0196869304908265,66283123.70506,0.5888275890723396,0.15917104656075423,0.9096013261249764
2017-09-30,4317.80415669803,1.0829244624419165,5.864167602203401,1.036164870514873,144944303.573455,0.6048399198865831,0.19178837826925096,0.9133187040409404
2017-10-01,4358.04372928243,1.0452126006349345,9.706148354693857,1.029702410166759,82012608.716334,0.6073959531951366,0.19660809281965194,0.9139068941692843
2017-10-02,4386.54339726068,1.0637426453241803,7.01385473473243,1.0345160766040185,150412579.925522,0.607672465262517,0.1977395533155584,0.9142558374699132
2017-10-03,4319.5678414086,1.0376557789399647,6.880350913012322,1.016156917131234,85576392.92232,0.6004675764758935,0.18312542708207136,0.9127789783995752
2017-10-04,4223.88082475357,1.0250889286549487,5.749188178348534,1.0018143796091263,50004202.07524999,0.590538211270988,0.16347545851712952,0.910638783227976
2017-10-05,4305.02353199075,1.088304039406288,6.856885732822536,1.0190326241061634,192994152.932612,0.5955785795407182,0.1760644572008316,0.9122453832847457
2017-10-06,4357.59934637826,1.0452507927744554,8.01987186518666,1.0252738057955648,88485608.94481501,0.5991619378266143,0.18256668718614324,0.9126399148383397
2017-10-07,4400.47892719142,1.042452190269087,9.113207067529123,1.0242901724070097,75461106.775019,0.6021056146953102,0.18823982019885327,0.913232748908153
2017-10-08,4580.83036768192,1.083678725219986,6.555190018301748,1.0450135151255853,134855238.208204,0.6160145588748781,0.2170314333677152,0.9165841519267249
2017-10-09,4764.27538380713,1.1182359382669178,7.917420620702928,1.0752165928779187,278203175.575215,0.6274433762249471,0.24023286195435414,0.9195034671372125
2017-10-10,4778.06326836388,1.0753801841285138,7.33184573436249,1.0503015102953361,205698515.712637,0.6255216626428864,0.23740010985074972,0.9196236469820743
2017-10-11,4815.20126853391,1.0506650692779924,7.188599188937232,1.0361606367897076,109297097.854146,0.627072816031049,0.24017193671631792,0.9199919591071843
2017-10-12,5475.47001297733,1.1201672721579226,8.711967563541236,1.0964289823556008,328697636.852018,0.6692564609759896,0.3237119971474638,0.9293168021954791
2017-10-13,5656.28951855579,1.1344476310597411,11.382183948591532,1.1047224356442797,426912226.785643,0.6748244888170039,0.33561516088303034,0.9312679436360846
2017-10-14,5824.80067993663,1.0926145037725992,7.69948674222641,1.068708673498993,227108924.20828,0.6820841213923899,0.34925644566184727,0.9328913191233432
2017-10-15,5707.32922727491,1.0906218578497056,14.56629868762459,1.0454399002053274,180278900.762288,0.6735253280624591,0.33205403659236815,0.931121231254483
2017-10-16,5732.35322660574,1.1002652610966173,15.99983714672506,1.0501908674257603,265417191.690812,0.6720371017653864,0.33023401561467236,0.9312494721764805
2017-10-17,5608.42665068248,1.0796125180494274,6.682795453741881,1.0347957443554434,207359275.016362,0.6623116380506583,0.3113528351251641,0.9295796388900014
2017-10-18,5576.42268303297,1.0580685463488713,7.12260756529375,1.033887633876509,153604829.314564,0.6589625872678698,0.30411106829516454,0.9290591616730103
2017-10-19,5689.87224744511,1.1127844265218303,17.11649014058129,1.0681854030909814,285729637.19717,0.6625608501826598,0.31176355408348133,0.9298785345876346
2017-10-20,5981.3740854712,1.0844630757043852,8.018483369737366,1.0659387693183164,223133011.494853,0.676889189196248,0.34014425774094326,0.9330027107026478
2017-10-21,6033.14066647698,1.0770756411669138,6.738981277014034,1.0552743955890482,178136082.357109,0.6776026618463543,0.34162252139885235,0.9332121042297369
2017-10-22,5999.302650589,1.1364799676214636,7.2227407643475425,1.066728284182943,298664964.931165,0.6727673121176948,0.33266981237948046,0.9327680859773927
2017-10-23,5943.65122104403,1.147094732725549,9.488116157516771,1.1092078281538678,609808507.0080711,0.663559442673129,0.3141746703175578,0.9320180315141333
2017-10-24,5525.7993709207,1.0488482928326024,8.91843915386892,1.0307998805234297,176455899.954086,0.6349519741028284,0.257714307964443,0.9260546406823457
2017-10-25,5720.55354771111,1.0536115300870526,6.017996379648331,1.0229457342103343,182233747.081148,0.6459844579254217,0.27929279188665757,0.9281200382846648
2017-10-26,5883.83673567473,1.0507558338221241,9.68795184962195,1.0361064776344646,152479506.55565098,0.6540947084696569,0.2957226602121274,0.9295631305526914
2017-10-27,5772.01157687137,1.06039916002526,4.268255704953529,1.0380463557580584,150725359.44255298,0.6455994860700494,0.27775300243899653,0.9271700559845623
2017-10-28,5723.17900767833,1.0347391178319851,7.4957557984530006,1.01694216245775,72760993.677829,0.6417221858424287,0.26960694594767387,0.9259921645938833
2017-10-29,6072.88396560214,1.070902358970171,8.55966865632853,1.044039770820915,190871990.325582,0.6606904653772078,0.307936534268655,0.9301109419504746
2017-10-30,6087.09820176483,1.0734822118039933,7.833166455108685,1.0391714770113416,224865540.240876,0.6590235732743076,0.30551370405640677,0.9301395909997463
2017-10-31,6447.63054018746,1.0844468590739027,13.95913232742892,1.0610426458433908,274683643.721595,0.6758630320048097,0.33882096785787513,0.9336194936523836
2017-11-01,6768.95603735447,1.118739793678574,15.68685656429024,1.0826620057004874,453110624.431453,0.6876624319930421,0.3619684827754922,0.9363595807650773
2017-11-02,7091.99049794717,1.1327488768816176,6.957720387910342,1.102349700923185,591741697.7913749,0.6966813253423368,0.38034555249342245,0.9390678159925508
2017-11-03,7197.66108119763,1.0981988170938308,12.40143783091126,1.078896903462504,385782962.157915,0.6974566840353393,0.3821640447560358,0.9394794357380998
2017-11-04,7389.03716901761,1.1004066709135645,9.722238590684222,1.0804647084446855,312753537.645623,0.7029229468530818,0.39250841647609613,0.9407748655217306
2017-11-05,7416.71291711207,1.134834809512503,21.199372716369417,1.0757675440445962,359787071.912581,0.7008012688937143,0.3894522807660677,0.9407193557424093
2017-11-06,7062.26774361836,1.0617683651513292,9.295511261190578,1.0498603456785554,216798412.422746,0.6833060140937629,0.35423649996906553,0.9371186669605828
2017-11-07,7169.47315081107,1.0786540754315155,10.224131297725739,1.0425321886702008,321296132.92735004,0.6855399060978317,0.3589633308430694,0.9377831410178951
2017-11-08,7475.55819837755,1.0751665472553864,12.613629141775412,1.054139188632591,325294498.08635,0.6957238329342968,0.3795810162740073,0.9397691184990412
2017-11-09,7189.23798300573,1.0819589546813992,6.8140547111128065,1.0592697529756203,369178161.234904,0.6802109854775094,0.34836002322898274,0.937035461745732
2017-11-10,6583.42449155565,1.042461593969885,10.491149084693843,1.005521739502018,179459848.30220097,0.6476014107491018,0.28622515792884623,0.9306322840664816
2017-11-11,6349.98071708737,1.0665438279465351,13.649875386306665,1.0107929600043124,212173725.62817997,0.6324051335637609,0.2574754993389787,0.9274011354460534
2017-11-12,5884.74759108919,1.1626410534996778,17.643940233917704,0.992835698031787,690664340.327132,0.5949727251710668,0.19554476242311186,0.9209085091933649
2017-11-13,6568.28786114009,1.103952163728469,11.098271596226514,1.0415236395217664,510309693.30044806,0.6337790128191093,0.272649275009409,0.9289157174790819
2017-11-14,6661.65090945777,1.0437852252022028,10.423828942181858,1.0250825716834784,253279017.538103,0.6368893227624551,0.2778179302584687,0.9287843754576725
2017-11-15,7346.22147932253,1.0824025463167697,11.576384171310139,1.0664739371869092,571972952.7313571,0.6669167984109748,0.33405227701069906,0.9339693036256329
2017-11-16,7849.97978365187,1.1073462976871635,11.88738941891771,1.0664416125072593,668274350.481028,0.6837621188990226,0.36715914314654496,0.9378653291546324
2017-11-17,7716.35842229273,1.1288520881763162,11.410002909848814,1.0928864969626217,654860763.613165,0.6721346706344917,0.34608281135624247,0.9364534158258677
2017-11-18,7790.48311951353,1.0822591885050377,12.418698922461436,1.0587820880123033,325847585.049139,0.6728478066455942,0.34721804627007685,0.9368207410953566
2017-11-19,7998.42300612489,1.109403097476079,6.707036082913352,1.077257611303503,354014769.530457,0.6788697704202598,0.3586584180810183,0.9382156495572219
2017-11-20,8204.45602114418,1.1174976954207732,11.444566982104819,1.0684777329303472,519769704.647999,0.6830649901324651,0.3680381220632282,0.9396832259537196
2017-11-21,8111.82125716654,1.1094358283238233,9.868888596874205,1.0836352597486998,538098579.4911971,0.6748881107754282,0.3523065655174344,0.9384797711661715
2017-11-22,8236.49247784763,1.065096352641983,6.602266723198753,1.051585704264461,321205255.829695,0.6775261300935661,0.35686510601432253,0.9390628448517495
2017-11-23,8035.37923615236,1.057434131081337,8.145334017658728,1.0398809793272528,238921370.44535398,0.6672381911824402,0.3370689516826658,0.9373030363354407
2017-11-24,8248.91865575768,1.1196315843695952,10.445489798689515,1.0654204200481834,577159669.656602,0.6718040416408997,0.34666730846220256,0.938503880184838
2017-11-25,8785.03413890086,1.1698097769762021,10.675707529975233,1.126973073598768,658278670.672034,0.6878366278994216,0.3774854861910532,0.9420110631392792
2017-11-26,9334.25877900866,1.1528752723458537,13.089301408413561,1.1229013561095031,717029189.916952,0.701646294091151,0.40455859894771873,0.94524305763309
2017-11-27,9829.18879614451,1.1491550267009722,10.300144258170151,1.1203990502875094,887248148.025146,0.7113977281474888,0.4235047567340874,0.9479997443735657
2017-11-28,10215.0699825893,1.170349293633084,12.349509410842284,1.1341206412831826,1186926750.649083,0.7158708440801208,0.43111180783261516,0.949846472821703
2017-11-29,9930.88667640021,1.1145457573905202,10.532398035549807,1.0892480166050822,897659906.405278,0.6995089826930931,0.4038524157126584,0.9483012980885104
2017-11-30,10199.7708899014,1.0966180932904612,9.675398540693195,1.0788821682522798,665045427.797912,0.7042826228622107,0.4111924390551154,0.9494725131022054
2017-12-01,10997.1762523484,1.1479737578690188,13.705709753763445,1.1161566165869223,832183803.547563,0.7222339738406425,0.4444718137035926,0.9529828759551268
2017-12-02,11069.2056397202,1.158657076382282,12.231038805206744,1.118939152928647,695169213.774762,0.7200819419276066,0.43943614839532746,0.9527368108400935
2017-12-03,11339.6938535249,1.1190703276908995,14.342897752706486,1.0900221141807398,499421362.923423,0.723775728767324,0.4463379443748959,0.9533545396522694
2017-12-04,11715.3769784574,1.1529153299696822,9.607613572595227,1.107746749248177,817285417.873751,0.7286884167533557,0.45549932333702836,0.9547426684625719
2017-12-05,11701.9996243677,1.1077716473658208,12.65749099208586,1.0812039447830153,731557365.508855,0.7244068289117619,0.4465804127951287,0.9543239636679718
2017-12-06,13817.331639603,1.2052165134436619,10.514243822974768,1.167932228945875,1697130187.746459,0.7606444839530976,0.5155467116931393,0.9611860123221732
2017-12-07,18250.9455034354,1.4676942697893811,21.64604016392924,1.3294166879112006,5493025826.831071,0.8051107162196639,0.5971685554749956,0.9705286468638705
2017-12-08,16349.408491038,1.1766612048594367,16.476356835287532,1.1353629626501245,2125984608.6150842,0.7732948079694933,0.5344396494981479,0.9670062601778108
2017-12-09,15260.9840035126,1.0604666755197316,16.775019708593373,1.044281284599879,755273506.7597259,0.7527550514341749,0.4946321512087024,0.9644089050958325
2017-12-10,15242.2475880857,1.0921756875431663,17.01615807918985,1.0693267192225795,920162944.6300529,0.7487756366125076,0.48657959043163046,0.9642751846895838
2017-12-11,16905.1069824994,1.133670804869444,17.401653496869397,1.115717232815712,1669955434.077708,0.7674865188999687,0.5245999914071963,0.9677456480716465
2017-12-12,17108.1981757159,1.1950231571063523,21.393650374677875,1.100922091705488,2298233853.429439,0.7615955605735886,0.5161157814769401,0.9681229469989363
2017-12-13,16463.5264310636,1.124759083941253,14.681012677737359,1.0822114192069596,1350271848.789959,0.7459279794261163,0.4874613513753666,0.9668027538153204
2017-12-14,16690.1880373137,1.0975760456473556,15.856502290438614,1.071872432173989,1037975480.5640259,0.7455537919953863,0.48667889786241725,0.9671473964958245
2017-12-15,17791.5222939447,1.1165625762412994,13.888032319246248,1.077755449233801,1395647692.366679,0.7567553903103336,0.509307734204349,0.9691998199509604
2017-12-16,19538.1283354772,1.1494646987651045,21.269730199566695,1.1316720256275359,1430769647.4976718,0.7746030613696321,0.5438051831006379,0.9719014866432655
2017-12-17,19336.2117434397,1.1648759607541392,28.674883568816256,1.117621616935762,1626971317.0983782,0.7667654695027569,0.5292312589790332,0.9715731546958009
2017-12-18,19149.7805363515,1.1094291895252377,20.039940649756073,1.0856839743817197,1157929179.030832,0.760907778340269,0.5170922054185798,0.9712531546272812
2017-12-19,17681.1017091666,1.067646524485238,15.791122205039311,1.0386770420857825,648963207.0302329,0.7376668872355332,0.472810314389972,0.9688400208843113
2017-12-20,16533.4635511081,1.123716004006044,28.642704679216116,1.0351094175937616,1219160440.3329291,0.7142757279693602,0.42985215854287934,0.9665423576681291
2017-12-21,15806.5252063995,1.048995454035014,12.604230545405617,1.0236288404758647,403988147.34916,0.6990192857344242,0.4008485757621712,0.9649834152179184
2017-12-22,13833.3808649743,1.0086163908218306,15.93692862647554,0.9668660399538143,63317800.52753103,0.6552156577934197,0.31644276879953676,0.9598644803161768
2017-12-23,14508.0699666203,1.0495831517388658,19.04678575481448,1.0231307344459464,355024215.843346,0.669398366945898,0.3454841898665489,0.9615824750444155
2017-12-24,13924.4077095052,1.04613407601574,8.708413337141666,0.9915919591837895,266523883.73981506,0.6543635418909929,0.31664666497429345,0.9599597690881022
2017-12-25,13943.5562666221,1.0245155384119726,16.735261446866495,1.004596712204157,147203082.05112,0.654172408725694,0.3164321423287263,0.9598975685034862
2017-12-26,15903.4984156017,1.126296337932497,14.989928537882037,1.06692863977516,931426822.668752,0.6939129043101434,0.39461612486327846,0.9647732432600866
2017-12-27,15596.0380197358,1.1088668800672894,14.672243214026002,1.0776803096147902,1016738591.2326351,0.6838014622267214,0.37503874403797544,0.9639518043436057
2017-12-28,14631.4430140706,1.0312838618872668,10.445826940732307,1.0150489967056457,272857483.885063,0.662121324697071,0.33109395909348366,0.9613685109898983
2017-12-29,14666.6842689532,1.0459709205840924,12.972586189549716,1.0205315361730936,429913252.13345695,0.6609121508802465,0.32943177674302976,0.9613208943755025
2017-12-30,12865.7701643443,1.0364226452437733,14.362565991489653,1.0084844851216144,275552857.45325196,0.6108108956512333,0.23215180925398904,0.9552593880780446
2017-12-31,14265.3070901087,1.0569688809430775,20.342401592841398,1.0244788394083137,457453447.489298,0.6485633264082721,0.3011381837171431,0.958661560085945
2018-01-01,13783.2811914635,1.0044244321925855,14.888708170780397,0.9884606587837987,25011902.264453977,0.6363048081232191,0.2688435286002042,0.9550792194253813
2018-01-02,14956.9816198437,1.0953555987347918,15.026353674383769,1.061811208811188,766183075.27591,0.6629139039063016,0.316519696665869,0.9574351024704507
2018-01-03,15346.3987352107,1.0570221602180383,13.972368279232454,1.0366973984587764,502428285.728806,0.6695041967383072,0.3283508330872802,0.9580337640698505
2018-01-04,15413.6702183466,1.0771154597735193,12.625215412162992,1.0552569887575929,803071299.068821,0.6683806312634779,0.3195520603864729,0.9568881972569359
2018-01-05,17334.0676491656,1.1346621941681037,8.767404856794093,1.085842232022314,1621400721.086776,0.7011565563910974,0.38221785192024016,0.9613153119295529
2018-01-06,17578.8059853878,1.11218155983687,12.38136391550956,1.0808596564750945,1026002963.6192089,0.7020390998394969,0.38219120395729655,0.9614439893947638
2018-01-07,16638.8177100675,1.1199250926968265,54.819271816774425,1.0294336572045617,1140730721.868599,0.6805110228972082,0.33950198079378663,0.9582167884693306
2018-01-08,15433.9962634989,1.0017793650621056,10.516030885946313,0.9869195078628592,4744647.251550972,0.6550857185353579,0.2871982513346277,0.9546131573417138
2018-01-09,14973.0679616193,1.0297713918982452,7.556294402029961,1.0143731931653166,309075084.12811095,0.6429746173623034,0.26087810517447513,0.9525739840478755
2018-01-10,15385.4977867688,1.0433562918405805,9.235590527291409,1.02725830274575,460602108.33087206,0.6519303155218776,0.2724918178659079,0.952421751304692
2018-01-11,13894.2311571695,1.0135874575476824,7.797099985415974,0.974743957034652,115130912.89503205,0.6132730987772657,0.1910710192836619,0.9462294752729452
2018-01-12,14396.6119729224,1.048841769808529,15.807208244076651,1.0135478551515773,399297167.584114,0.6255764614412234,0.21562643411334803,0.9475971679017992
2018-01-13,14801.1502814556,1.0447528614651536,11.758651505663316,1.0155693119010767,294585188.563396,0.634724185652697,0.23418135155230474,0.9486387486415523
2018-01-14,14223.6560599716,1.024358514962867,7.963849580175018,0.9949332924028746,142074277.78685403,0.6193355354672733,0.20090795813725118,0.9459582890109944
2018-01-15,14121.0373546717,1.007569118329218,9.62152003766432,0.9944323347672406,54282655.328765005,0.6160714928964792,0.1938834375968857,0.9451003357240235
2018-01-16,11419.5111459582,0.9317275104950465,6.457326098818072,0.9040469487028593,-636410944.9050989,0.5265935807257484,0.011458406271158466,0.9315390974265386
2018-01-17,11238.0343206104,0.9749036520877394,6.386125144017847,0.9341349703907303,-205058521.779405,0.5211650249351306,-0.0004965809040263762,0.9298562366414641
2018-01-18,11289.7852821729,0.9716321482146038,8.863969316150545,0.9644227877246437,-205574490.82857597,0.5235627465190815,0.005686588283333564,0.9295919904468715
2018-01-19,12036.7418821243,1.016600753670908,5.627698849976727,0.9909135661328865,130697691.61270803,0.5531324771313639,0.06548873918852051,0.933248256225114
2018-01-20,13221.16573963,1.040010559971529,9.764055110624044,1.0233291982540287,239022395.694382,0.5928315431234848,0.1460986218514134,0.9387146832619108
2018-01-21,12020.3059307867,0.9660756600785504,7.129520233891206,0.9470654854366395,-174220125.91558802,0.5523968089330233,0.06166330174680598,0.9319059901875201
2018-01-22,11177.2511504361,0.9717339333997341,12.084725655249686,0.9473740710052,-175382868.123839,0.5193113560190816,-0.006955236836792903,0.9261612628282225
2018-01-23,11176.293322639,0.9709607747827109,8.470524200761337,0.9523116816222041,-185894897.650826,0.5206071503197072,-0.004951207401861789,0.9256621156929496
2018-01-24,11747.0504110474,1.0087629298193221,8.073544419244898,0.9916840548784439,56831433.64615801,0.5440281377509675,0.04164374809135385,0.9283638845025636
2018-01-25,11472.3416492151,0.9906989606411225,5.660285476178798,0.9696556389881101,-53406209.98736,0.5329443979099144,0.01771299994079885,0.9257044816078753
2018-01-26,11373.9915508703,1.0310809289623608,6.944493113004688,1.0133589328649355,203215324.89246497,0.5279363157780648,0.006833504882772369,0.9246269828700198
2018-01-27,11672.6553882168,1.0210797266830285,7.709646563372034,1.0043818241876843,83669950.14647701,0.5397439790304697,0.030682697112190425,0.9260759072120761
2018-01-28,11881.8509901958,1.0928195894466104,5.568320368200801,1.0430138857481448,409733775.243664,0.5457997958023899,0.0443992109728293,0.9272213823659684
2018-01-29,11383.7273013366,0.9894199263074774,6.844790672680155,0.9782517999484815,-69218112.03182802,0.5259767622790287,0.002062951197611231,0.9232594178624228
2018-01-30,10237.4441225932,0.9105862070186982,5.318993318867666,0.8970133994179542,-551580109.0921689,0.4749806340507605,-0.10271446150621412,0.9141480940481689
2018-01-31,10337.7115078461,0.980990131030784,9.29313373690849,0.9611615566003464,-101880321.37749699,0.481058762713827,-0.09161203607502831,0.9139449761850286
2018-02-01,9115.22536026951,0.9247336722514893,4.302379413944093,0.8876840611663347,-466010517.7047781,0.41331724780017964,-0.22887468897786584,0.9019724708184748
2018-02-02,8894.81764566456,0.8997948591597303,5.499819168444787,0.8821226596741201,-699995064.206331,0.4042116751283009,-0.24819097292013031,0.8987643169459578
2018-02-03,9290.8298780611,0.9696655484167381,5.456022906176537,0.951889191715652,-111222131.39311999,0.4305822211387749,-0.19390037344767624,0.9022589906479366
2018-02-04,8325.13397036081,0.9908708882700907,16.76341218547783,0.8712815708786472,-33833544.715011,0.3637346350467919,-0.32464529355033295,0.8899114544867466
2018-02-05,6913.45283524325,0.8450616876820445,4.900938708175633,0.803091458619745,-809201560.158885,0.23821790144086225,-0.574519261768532,0.8666163461332772
2018-02-06,7787.48870540742,0.9664914123959667,6.814689897442598,0.9236327289932976,-199050242.71740997,0.3284952162409688,-0.38966475740795725,0.8809180321050001
2018-02-07,7658.28414064893,0.9188678470332471,5.941625143931315,0.9092195703670408,-387750751.819577,0.3184592477507671,-0.4076484166933917,0.8778088077154179
2018-02-08,8333.50105242744,0.9761230900289708,10.71015373579588,0.9475261781270657,-111224169.20767504,0.37474026182733605,-0.2911084130475791,0.8866056470077793
2018-02-09,8791.51402943372,0.9962434079976784,4.5416785312912324,0.9906174415364971,-15282694.168912023,0.40862106663708836,-0.22447284723834898,0.8918835143960724
2018-02-10,8707.29408381043,0.9940532414708051,5.068212917427063,0.9869079044817081,-33047022.500436008,0.4027240194717938,-0.2365917024479121,0.8902073180487267
2018-02-11,8178.08354360021,0.9751740825901742,7.0856719627106015,0.9620259556190004,-103570688.183616,0.36449619610225986,-0.31495259987990126,0.8826034920184556
2018-02-12,8974.55829529548,1.014316863622455,3.686503270793004,1.0038331843560946,93012736.56742099,0.420696845285241,-0.19949464132831565,0.8927573950347478
2018-02-13,8627.67638172495,0.9720612670411759,5.001853730101725,0.9667691728892571,-144539409.20158,0.3980414516061369,-0.24649194668976854,0.8878499879701625
2018-02-14,9551.42135090789,1.0364541142304002,3.6414867141853424,1.022012386469258,208811131.232432,0.4555973111642984,-0.12984011360089662,0.8980245311963524
2018-02-15,10139.8238403792,1.0604477465664002,5.568723295463927,1.0233994366523282,322096274.574785,0.485323101513652,-0.06727418820867602,0.9036428329149888
2018-02-16,10285.8214677357,1.0305749696923208,6.289004000083767,1.0161831097338703,134753335.371858,0.49181580695669586,-0.05491607444811502,0.9046212047256187
2018-02-17,11190.1927331023,1.0402035029670427,6.583130375392702,1.0341095259261264,206406582.75125998,0.5319666579156078,0.025919920354303377,0.9116789305088223
2018-02-18,10566.1636493854,1.015256796462856,8.083216350373274,1.0040783652897334,64326356.18453501,0.5034993714669271,-0.0330872617136976,0.9061001861297396
2018-02-19,11299.5718808741,1.0505906982334712,6.121511268840662,1.0426940462446401,265492271.21733296,0.5345459458243416,0.029575887932844245,0.9117609507234827
2018-02-20,11338.0322555782,1.0548579672668912,7.606285969268795,1.028838818681404,305895344.495128,0.5339779443883218,0.02969274070326317,0.9117224464141412
2018-02-21,10645.7787868342,1.0096808737477772,6.827742469118844,0.9991590768557742,39536376.704272,0.5029675371868458,-0.03453516767819905,0.9055702320958199
2018-02-22,10024.4290891447,1.1984786236996299,8.062492974520316,0.9866639613705893,1088022953.121587,0.4653459763841588,-0.09726271501102153,0.8996195123880263
2018-02-23,10404.7969050483,1.0308714750571584,5.487151278523066,1.0139853196618136,148700881.837991,0.4846476886430123,-0.059942050980983645,0.90282126126754
2018-02-24,9957.45404745347,0.9805665715618226,4.701934162419457,0.9697663059107022,-77410574.13321699,0.46137581490741386,-0.10710569470997872,0.8981705579390235
2018-02-25,9848.94524506212,0.9917716347847155,5.696890405638286,0.9753596763803896,-21719058.774063997,0.45565649158295274,-0.12005385191958308,0.8965661931656342
2018-02-26,10470.3524482453,1.0224470987392003,5.00239099270223,1.0123775135310968,96380908.68880601,0.4877850910525449,-0.054814145079629215,0.9025978900862203
2018-02-27,10734.7529591834,1.0252384860053259,7.052314917380527,1.0107447635761606,113826192.94257501,0.49953836492109954,-0.034513342638523896,0.9034301279273355
2018-02-28,10503.0979188015,1.0204227506613612,2.8403958938471776,0.9630739802770698,105489191.85342902,0.4870216271300648,-0.05906354174102095,0.9010872593941744
2018-03-01,11041.1050122952,1.0329390035336063,6.079832196493034,1.016268571599214,184612517.956313,0.5115277157771265,-0.009895542623654684,0.9055244924454205
2018-03-02,11187.9292714577,1.0302175320612648,5.357711480916451,1.0179721538280626,139013449.642055,0.5171639788990879,0.0014016749821832194,0.9065005422702584
2018-03-03,11590.3305993279,1.032028110120676,5.764920294937385,1.018662356376799,105001389.75057298,0.5333768714972218,0.034706848898635644,0.909579257380219
2018-03-04,11615.682941932,1.0657862675246015,4.389066384626384,1.0279696719371694,176639645.03064898,0.5335671418614445,0.03521611506643046,0.9096957152460353
2018-03-05,11553.1792862556,1.0534722440370368,3.422579272307044,1.0357902764591318,255506170.07369304,0.529322459039935,0.027204366857903582,0.9091459498729727
2018-03-06,10848.8923639279,1.0050561784234757,3.484791953105255,0.9851436820770436,16599355.897440001,0.49823255175368064,-0.036183165552241256,0.9030504004724783
2018-03-07,10030.1173449179,0.9457814437474031,4.074366705666941,0.9391427411685859,-244103756.915086,0.45816675177952565,-0.11818127548598507,0.8947565533184058
2018-03-08,9488.93119119697,0.946333024712346,3.6077495020445354,0.9383418705117023,-214389578.465566,0.428276397791503,-0.17918017340853243,0.8885208567028758
2018-03-09,9374.33352903881,0.9080224172492807,4.281385734207941,0.8888699887693139,-479825050.20906895,0.4250446066719835,-0.18589339994600046,0.8869547859890734
2018-03-10,8957.52958360764,0.9399256472462619,5.121783783974867,0.9292786265353643,-167836731.603947,0.39881277710772234,-0.23927737448006847,0.8812098179449777
2018-03-11,9673.9341084146,1.0303356543507,3.3099568647363005,1.0071489809791423,99315172.622694,0.4433070348112358,-0.14888585190492284,0.8897255162124698
2018-03-12,9295.67816608066,0.9738668432371227,4.363904981951587,0.9611797135159285,-99345463.099112,0.42073384672603,-0.1942871946501732,0.8848985656684887
2018-03-13,9308.5913829621,0.9831797128832732,3.991145116741204,0.9680189434170525,-64679266.398175985,0.4220611932034465,-0.19263324291035716,0.8842508715150909
2018-03-14,8398.25377083997,0.926271649175186,2.925555086249588,0.9192658569837305,-289788044.954042,0.36078765040473487,-0.31929950584471384,0.8705537401388543
2018-03-15,8379.26770404359,0.9654344255569256,4.336950832194267,0.951367431510822,-141365954.952048,0.3607145785342031,-0.3200412552210932,0.869697603828422
2018-03-16,8396.92251566927,0.9610264598923098,3.554700019239927,0.9443684888096262,-136431785.402398,0.36293084590050884,-0.3148307304058633,0.86940007509256
2018-03-17,7991.23192536619,0.9540601719315643,5.20077063907142,0.9415651668390648,-132632646.540957,0.33134540052981587,-0.38096047567684055,0.8611071045908686
2018-03-18,8296.6760313896,0.9873264333215805,4.540190873555584,0.9673471458424856,-38347729.922460005,0.3570044907497715,-0.3291641679068501,0.8654614250602423
2018-03-19,8763.90204785906,1.0025441952486438,3.0429601250341505,0.9910820022651241,13478211.373758003,0.3912990533479644,-0.259072519125204,0.8717793131571444
2018-03-20,9035.00480931558,0.9972605147790728,3.9572123595104176,0.9922168103806849,-7372836.639981002,0.4097733223735969,-0.22261728415788173,0.874448124385013
2018-03-21,9009.9627051858,0.9977127814018005,3.1586405342927986,0.9858392381518881,-8278781.185964003,0.4078412109294586,-0.22673234456149283,0.873145464926047
2018-03-22,8833.06648053755,0.9741161327852808,3.174515793086214,0.9621188395791385,-91674484.98180601,0.39646409777244235,-0.2514963538423306,0.8691724235806187
2018-03-23,9026.56754297128,1.0012311368330513,4.279659339191934,0.9949002622696616,5351956.918168008,0.4098493185649122,-0.22611628263624503,0.8708444716720924
2018-03-24,8641.7059824982,0.9950019580130722,3.3309298286541136,0.9706362180815156,-14569520.149524987,0.38317120103264307,-0.2801268002225532,0.8645259197233698
2018-03-25,8590.41499206883,0.964153767763632,3.116299497855616,0.9588644174518155,-112474280.96629801,0.38023367978409256,-0.2863355917636801,0.8631831499310431
2018-03-26,8256.89060637111,0.9496384942490831,3.0444598618592984,0.940777457716343,-219471068.24658102,0.3566375753098469,-0.335896382700434,0.8561416764946042
2018-03-27,7928.23096264826,0.962866881209089,3.05410947048017,0.9572574391651211,-148488648.756831,0.33074753728048745,-0.39319266634987027,0.8466711986914742
2018-03-28,8093.90399935986,0.9695914364933971,3.3532872156753717,0.9644217444338858,-118267137.760117,0.34543111644066926,-0.3659652086607154,0.8476246493536942
2018-03-29,7191.62021208465,0.8987031803346323,2.3868224592217815,0.8848230869752726,-352095555.230231,0.2653665984912007,-0.5312944033624958,0.8271661540314155
2018-03-30,6964.06245571865,0.9166014571784166,1.6190513605617152,0.9038817938365102,-285213535.75581,0.2439258850179442,-0.5747743563491106,0.8213137952290828
2018-03-31,7061.80350937259,0.972700642847994,3.175601511040298,0.9524436504368561,-59046478.52953701,0.2548644383679863,-0.5515463837639333,0.8230153701754527
2018-04-01,6929.30211625793,0.9525737210861647,2.0078205830392717,0.9404647194986707,-127313506.128571,0.24180860439598442,-0.57774668327007,0.819531870739773
2018-04-02,7165.64008195293,0.9810230413309315,2.302520758236154,0.9752451675717381,-68680821.88133001,0.2674718607848919,-0.5244099078176877,0.8248920828217169
2018-04-03,7525.14153227583,0.9848235703550213,3.849107968974635,0.981052152998436,-59578662.317747,0.30302601450864985,-0.45108285878271226,0.8324183598951378
2018-04-04,6894.68207219692,0.9370328445146593,1.9681193798247598,0.9310263570782191,-191550436.236769,0.24043228599915978,-0.5805029520606195,0.8159625075220204
2018-04-05,6868.75822403774,0.9522206178979568,2.763804527697447,0.9402560684295591,-133692017.24858999,0.23885640166349106,-0.5844316970728295,0.813349687354936
2018-04-06,6724.53646792066,0.9436461946251432,1.970812107264563,0.9396367173604567,-176676062.117645,0.2240360676821305,-0.6167264174339879,0.8064610614860073
2018-04-07,6976.18805463319,0.9703638040728483,2.452777110769677,0.9566338191822806,-69467365.74323699,0.25258031104331996,-0.5569851968003361,0.8119874980822941
2018-04-08,7088.78768547944,0.9882908414837683,2.2963171157577116,0.9669835499971999,-22968705.780541003,0.2646476612762146,-0.5310249995462355,0.8140010297246159
2018-04-09,6844.04828417157,0.9509357435412884,2.9647465245506095,0.947000360768604,-155899464.96207002,0.23950007297520556,-0.5838642060788098,0.804932726280203
2018-04-10,6914.22661725476,0.9697008498153834,1.7931246283509321,0.9581213522589773,-85142835.24050699,0.24801854615096972,-0.5660353469311713,0.8055411046776138
2018-04-11,6982.1295891349,0.9814176629382736,4.136785925173607,0.9501232705292479,-60350172.47929099,0.2558325007858768,-0.5473743476724642,0.8058332371674054
2018-04-12,7927.6755320463,1.024497395393878,3.3291414236245003,1.0074903799582802,99600604.966925,0.3445597116463714,-0.36376804709101535,0.8277943573142661
2018-04-13,7911.45032187657,1.0135903957586547,3.780473846509549,1.0034861287988421,53405791.13580501,0.34206609570354696,-0.3676463016702147,0.8260364681562528
2018-04-14,8004.40259701374,0.9960202143018226,3.3049572603331097,0.9857986466136173,-7939684.398879997,0.34974545183184536,-0.35266472271045457,0.8266421755800124
2018-04-15,8354.01013032095,1.0150224513516581,3.1186694247756015,1.0056835997291522,35930646.352005,0.3766994492882717,-0.2969724569276936,0.8332425244561587
2018-04-16,8113.43332335146,0.99685495798375,1.748794370645782,0.9904790568474958,-18207014.482601,0.3582523733872813,-0.3384594091493362,0.8259044557703317
2018-04-17,7943.60260533867,0.9872837197123888,2.9107609569434376,0.9775303233317322,-55870406.341585994,0.3446067237648502,-0.367675550569476,0.8199166283773316
2018-04-18,8188.4282034017,1.0094723453983352,3.8061783716550774,0.9956423573394779,33159462.785514005,0.364070341844327,-0.3281779848538196,0.8235810531501179
2018-04-19,8317.57498000725,1.0728908086144484,8.509153947894431,0.9985272865150838,276067366.597979,0.37201458848520563,-0.3079982135773689,0.8234560645945966
2018-04-20,8869.67202862062,1.0375255992563532,4.228436031981389,1.0203179661369177,167527564.998532,0.4103614024310465,-0.22921832339901685,0.8323656021099545
2018-04-21,8933.28706419643,1.0335638205312179,4.720600551724834,1.0112775877691986,105118595.508903,0.4137617366988841,-0.22263221585383483,0.831009666525723
2018-04-22,8812.41167838675,1.010854543220133,4.679047223483824,0.992074977008024,32366651.913223997,0.40521308818984714,-0.24111889992917582,0.8254310265857184
2018-04-23,8958.71579399908,1.0290276197508479,5.08639315139542,1.0145476247728504,106860709.09608501,0.41418353728273893,-0.2222480681844438,0.8271153203634982
2018-04-24,9653.75255193749,1.042876568841373,2.343154249130564,1.0314689312493937,242170538.33489,0.4552396992423431,-0.13769173526202597,0.8382559702458273
2018-04-25,8861.85540993636,0.9926363206514751,3.36780197980193,0.9850656728805948,-52577703.03104399,0.4058456092395776,-0.23915644263412253,0.8214509866380945
2018-04-26,9271.06811420141,1.0661601921897537,5.905458132594525,1.0226388442018353,258686626.555354,0.4310908914331431,-0.18609963996080062,0.8279240093645437
2018-04-27,8900.24228883739,0.9832904015460808,2.6590554341865738,0.9772640746707365,-67188649.10052401,0.4071397818397477,-0.23466578800396687,0.8195951516944893
2018-04-28,9289.09143400829,1.018220767938582,2.1171368937380337,1.0143528252332978,63958633.079583,0.43169188904607525,-0.18509674337931353,0.8249601038431817
2018-04-29,9408.14057235559,1.010697462911547,1.5794771428634014,0.9998585014590026,34001922.047639005,0.4386493266948621,-0.17043706024800678,0.8263395070009111
2018-04-30,9278.19541154596,1.0189693771626827,2.915199348150022,0.9960441936029838,61151833.301419996,0.43029183747366156,-0.1868511165049519,0.8221909846879248
2018-05-01,9070.55026579142,1.0006117838526352,2.657306001076099,0.9930445958952758,734590.6350380033,0.41724108232100066,-0.21395554528478988,0.8161850669316012
2018-05-02,9207.88397405866,1.0525221504613442,4.5341437788712335,0.999626904582633,188186959.339131,0.4247849459960415,-0.19549320049986846,0.8157267180190048
2018-05-03,9676.47954354911,1.029227701903997,2.221442408420925,1.0139079292115791,114210757.39526698,0.4520795943712128,-0.13903356287914678,0.8208688550211882
2018-05-04,9641.5683446134,1.0209098799474727,2.5734176712723555,1.0071457236788572,91372459.59860499,0.4492743583454752,-0.14370875459543664,0.8182605767682022
2018-05-05,9762.21430170034,1.019028739114235,1.8515093442854333,1.0042360139714057,57112996.545449,0.45560009700446025,-0.12956867522237328,0.818787492742105
2018-05-06,9622.06468518914,1.0039754616109735,1.8284332111716501,0.9923810346510994,11464176.477261,0.4475405766251609,-0.1454172223398552,0.8139554733241942
2018-05-07,9423.06383095131,1.0028783468114537,2.231843843783063,0.9944993702599736,8824279.103046998,0.4358299745724688,-0.16893815494332165,0.8086157345049066
2018-05-08,9212.52289177024,0.9927007541249631,2.2406366456079354,0.9867318151009572,-28334319.123992994,0.42294167894743756,-0.19443462000699718,0.802423382673382
2018-05-09,9312.06067041742,1.0231894252186529,2.249772345976283,0.998967787063249,86806683.65648201,0.42861982567258966,-0.1807722191929928,0.802160281681518
2018-05-10,9049.74262994218,1.0026483819886043,5.310487916731392,0.9810096517621082,8312617.120288998,0.4115786476684322,-0.21192703513998346,0.7927171603981864
2018-05-11,8475.90393953052,0.9738260358526369,2.038016123648915,0.962735093003577,-125403351.48269999,0.3723036573773822,-0.2816149688966402,0.7669914260366908
2018-05-12,8576.45326782635,0.9975577870703952,2.70640509348762,0.9886188418594682,-5800743.456543997,0.37988096993241205,-0.2608517954790396,0.7618857811933747
2018-05-13,8774.46390579502,1.0014580135352973,1.754790070242861,0.9945190167503412,4613306.076956004,0.39388610306510946,-0.22962148400778506,0.7631733536874449
2018-05-14,8695.85795362246,1.1211819827078768,3.344698036422285,0.989386901489673,466052671.113993,0.38539310900040963,-0.2350557155566022,0.758116649188849
2018-05-15,8492.55678414223,0.9944609725562324,1.8798902352943876,0.9771924562991298,-21058321.124100998,0.3705212747123808,-0.2595954906486637,0.7483954980448421
2018-05-16,8364.64827840311,0.971811002427709,1.361198359539332,0.9654539673796811,-109312823.54260698,0.36170792829314435,-0.269539110250467,0.7359801803380058
2018-05-17,8089.03662113214,1.0850289181409303,4.192895255528873,0.9466455302867274,302422081.559465,0.33724495977440017,-0.2970509052046161,0.7143811842853737
2018-05-18,8253.64491276539,0.9841401572052207,1.3693635547934513,0.9808001963203242,-65781314.565986,0.3511556937376109,-0.2654157174492586,0.7147821883687917
2018-05-19,8240.08393872954,1.00663472564689,2.0816804844526393,0.9853465584904804,13428419.039367005,0.3498815869506419,-0.26335985323546424,0.7105779361311098
2018-05-20,8492.59917265101,1.0095578121230047,2.0870207297972247,1.0007570719967127,21752434.674535997,0.369097667959334,-0.21751312485967603,0.7101365483105019
2018-05-21,8410.81548267098,1.0071872717492107,2.644809572606789,0.9918420228110606,19104828.791899003,0.36267109761772465,-0.21530078389310395,0.6927551810731969
2018-05-22,8042.65342156741,0.9696055942317865,1.6451982290146805,0.9644449445655291,-87163519.089434,0.3338261343628154,-0.26519605995271234,0.6750348096573028
2018-05-23,7549.01578032354,0.9601446939746453,1.7559957179071055,0.9444166044923308,-131529145.260409,0.2909617832670046,-0.33964384290521404,0.6498421520206827
2018-05-24,7610.49691231459,1.0003783510843718,2.1733515274062603,0.973300315178116,1570219.1135289967,0.29692970327027657,-0.3208627853945264,0.6465211442833574
2018-05-25,7518.58789160525,0.9724539898809939,1.482684079687624,0.9679797574578428,-82050987.81569201,0.288956237555954,-0.331379674598814,0.6380825642753736
2018-05-26,7394.96148826171,0.9701141615547986,0.9508122190694323,0.9703201012847884,-50683470.639403,0.2773393217830796,-0.34987176872658193,0.628098483762831
2018-05-27,7428.63938382815,0.976544943608268,1.3383339699590298,0.9719383416193793,-39192024.252234004,0.2809968404868577,-0.34029914548160667,0.6267522669042058
2018-05-28,7207.74839913496,0.9525729180942398,1.1889958296796996,0.9504862272530916,-145592786.134338,0.2600077438262089,-0.37536727051201907,0.6119022147976583
2018-05-29,7476.12540354414,0.9855187931120417,1.1755800827879348,0.9835556144691457,-46019570.230637,0.2871903252582296,-0.3230047512860716,0.6237277054413186
2018-05-30,7409.1584757084,0.9842678521747901,1.4516065476861135,0.9749883763547234,-45641167.439904,0.2808955652667931,-0.32957764301586745,0.6167783751273422
2018-05-31,7477.84503373635,0.9788621690714884,1.0799531622878549,0.9777704544154546,-61498319.86799401,0.28790329048094043,-0.31084184267223264,0.6145490088392722
2018-06-01,7535.52831340785,0.9845707679573412,1.1218092284829195,0.9823743795676588,-47244147.517748006,0.29376545711003926,-0.29623078691519417,0.6138056034077982
2018-06-02,7658.00892102042,0.9995013451479107,1.4350094620178186,0.9956690558175424,-451713.1038389988,0.3050424940798505,-0.27169554655379957,0.615662478281912
2018-06-03,7689.38782099348,1.0028885838292179,2.208514571225114,0.9952440429849276,6607985.490244001,0.30775395107994374,-0.2584885613026876,0.6043519210080713
2018-06-04,7503.54865801002,0.9786654451867072,1.4703147388792415,0.9739608050238192,-62995336.024463,0.2909261043329409,-0.2795037780700703,0.5841976453808406
2018-06-05,7624.11183550795,0.9822048810290338,0.9079904706298172,0.9832782510478303,-54781046.22028999,0.30273583868224757,-0.2545815174216809,0.5867588175547672
2018-06-06,7628.54943838761,0.9921068970208394,1.6809988130390017,0.9836707318137944,-24314108.361567996,0.3032599017042212,-0.24705602560084028,0.5811258069692219
2018-06-07,7642.08521609352,0.9892933935812501,1.0621880575691862,0.9884458349713535,-29557031.727939,0.30457768513896377,-0.2407606804710893,0.5786930675387278
2018-06-08,7629.04392811589,0.9829436853354676,1.1201497751414606,0.9820164247491059,-58365179.76270801,0.30380291792362646,-0.23656710333103334,0.5731060837128624
2018-06-09,7532.44458562124,0.9826240620770169,0.774831853764591,0.9873001251884482,-45035258.940941,0.29508376940666525,-0.24418986669184403,0.5615419957679499
2018-06-10,6838.02956737053,0.9330930018234578,0.9274111798648947,0.9331494043040419,-231784929.833174,0.22499811219502436,-0.35739252234399427,0.5111286069964344
2018-06-11,6940.6483327347,0.9559137718261727,0.89166479058359,0.9568240264922162,-147926297.928319,0.23822651127712435,-0.31346857841886655,0.5010274337533731
2018-06-12,6629.03367881793,0.9472830028392191,0.777968809802811,0.9489913383110066,-175003005.657148,0.20349506881628918,-0.36123954822070686,0.46941851853327976
2018-06-13,6349.87019878045,0.9211579641393285,0.963186382001711,0.9200921343667819,-306037196.49005395,0.17110250817570558,-0.4056123873206305,0.4413458151189756
2018-06-14,6696.81735055423,0.9840656443448931,0.6866781441254882,0.9906107481612556,-48147732.19371499,0.21482980035073568,-0.3267771612665003,0.46663797845637955
2018-06-15,6500.37674764468,0.9645093273423871,0.7052064513277712,0.9691488928615974,-115099889.73768899,0.19187372805666497,-0.358265653945596,0.4456982695186776
2018-06-16,6587.55401722836,0.9870992610096296,1.0455328860784032,0.9867651977630726,-26856931.367615,0.20294135148269304,-0.3333551836214416,0.4476325885930319
2018-06-17,6569.98626570388,0.9770575570577589,0.9426476963880656,0.9773933334830812,-47811463.584216,0.20121571517702028,-0.33083210659523504,0.4423403334759514
2018-06-18,6760.7887085525,0.98370768303975,0.8792252137913775,0.9853224181771234,-44160668.06326601,0.2244303615228377,-0.28730899391975406,0.45428673501764866
2018-06-19,6779.1185915568,0.9830358230529934,0.6993724882723326,0.98701907500206,-48072886.704133995,0.2268519702547168,-0.2776280142030928,0.45167101595926445
2018-06-20,6763.87449713133,0.9788895966380058,0.7798560738874696,0.9820576745994296,-53914663.90986899,0.22555492676197988,-0.2757321692080968,0.44660056575746343
2018-06-21,6729.15840156224,1.0044619883439496,2.1879783543994145,0.9846516599429683,12280712.675477989,0.2213400710070193,-0.27666304476011994,0.43890494105125716
2018-06-22,6138.41968154089,0.9400808967008057,0.6154361140677259,0.946056578130705,-205366947.579747,0.14789782945325716,-0.39075021605275745,0.3821071274409998
2018-06-23,6253.52073358843,0.9730234598613698,0.900272909588023,0.9738323397275381,-58153169.41974999,0.16435668702679074,-0.36053549921580574,0.3908980105332957
2018-06-24,6218.62081675723,0.9625726580525706,0.8226198986858525,0.9659754579714651,-84846613.784946,0.16068761568649434,-0.36069743504865087,0.38374000233730465
2018-06-25,6307.38061587444,0.978639037476034,0.7125656026146981,0.9852161627693387,-59351863.803013995,0.17304078126430686,-0.33714240573559595,0.39026682323232137
2018-06-26,6117.77574311091,0.9624786007325672,1.04733625648463,0.9609059504773904,-93743762.383112,0.1480282853748284,-0.37250879135031134,0.36871162458856144
2018-06-27,6160.25857054166,0.8047135424356523,0.3440843011436209,0.968690307503845,-741421693.735691,0.16126376198312364,-0.3543526366762941,0.3813321817001433
2018-06-28,5914.13588603817,0.9390537099883005,0.6325253937146762,0.9508776755400569,-159901200.30770302,0.12748907253195293,-0.4034225554563826,0.3539360620677936
2018-06-29,6244.92621633453,0.9885871847791072,0.7345505517663131,0.9922721412531066,-30956741.176850006,0.1747010936121333,-0.32618246973805287,0.3864462593684633
2018-06-30,6402.30728987676,0.991956419483164,0.7201647073725015,0.9983840456014299,-16130968.842673004,0.19495261214833634,-0.28735142582174705,0.3957434132977287
2018-07-01,6340.06602324344,0.9177352499466519,0.9350534282891807,0.9175629695597209,-219138452.146423,0.1889393646188798,-0.29070100297476864,0.3876010303732253
2018-07-02,6604.4828450369,1.0039660942384747,0.9887065848565818,1.0043809248376117,13605712.904635996,0.22141777434445775,-0.23651525939596627,0.410327077626281
2018-07-03,6530.28892762608,0.9826730896461673,0.7801437725350625,0.9872904935305664,-58882247.360686004,0.21276088970819754,-0.24633554398575355,0.40164755291762566
2018-07-04,6605.47419700074,1.002971171322375,1.3778747758896879,0.9957503117452294,8047979.400991999,0.22166526280430057,-0.22971481941000055,0.4065432983176392
2018-07-05,6584.38608342835,0.9887590902186814,0.7254233984339123,0.9916264985398187,-30918064.665108,0.21942991052073751,-0.23093930516203112,0.402595847181567
2018-07-06,6648.60908847732,0.9745602679073664,0.7944241826655266,0.978759420031557,-72743289.678535,0.2277292777775906,-0.2159928180718224,0.40683717488597393
2018-07-07,6790.70251040529,0.9982506997068752,0.7458769311458899,1.0052941441377836,-2687240.6247429997,0.24400165321831335,-0.18960848728615753,0.4171374310779862
2018-07-08,6721.51797218167,0.958924169046002,0.7772852591581434,0.9609616756746368,-97292958.061775,0.2368484370888386,-0.19827658782728796,0.4100198650941253
2018-07-09,6683.85923253637,0.9901684166143859,0.7858866854699262,0.9955557102895133,-27238027.824973,0.23264158586360495,-0.2038258041397091,0.40425362481953797
2018-07-10,6355.12096935432,0.9649085665550109,0.8295445032896017,0.969327197755466,-94803685.16077101,0.19351771823335465,-0.264449270782178,0.3722843342814753
2018-07-11,6440.7189680716,0.9744209577531049,0.747843354906018,0.9799292261751773,-65941996.115181,0.20503971488868503,-0.24595120194793818,0.3790387331249348
2018-07-12,6281.5043719653,0.959282707289621,0.5631982457495618,0.9786061673166541,-98552601.893881,0.18582582386535335,-0.275643706921784,0.3627369953182759
2018-07-13,6284.67125862888,0.961549074037776,0.6054591225810557,0.9809885321410208,-98711035.162516,0.18715568560848764,-0.27228829686264994,0.3618658232133277
2018-07-14,6274.53102702325,0.9794579582293895,0.7851831862925195,0.9818367691387063,-36756888.229413,0.1861380652221856,-0.27200654830335985,0.35846694634807175
2018-07-15,6390.75317886336,0.9981114537327646,1.1340355174749932,0.9968144594071304,-2061238.7236420028,0.20097820255493012,-0.24810389590035492,0.36912121198254816
2018-07-16,6717.71248334671,1.0051935955412878,1.2255725279909377,1.0013692312097795,15167358.808401003,0.23993250553364523,-0.1869930919174784,0.39891706440101377
2018-07-17,7288.63440090676,1.0345638582542933,0.8704289363903773,1.0375508894212118,111137186.796258,0.29897883892313687,-0.09642952772606016,0.4448286074691039
2018-07-18,7353.44389357907,1.0060843773396047,0.6939724923248258,1.017175211589461,21048492.576673,0.304531182395838,-0.08768833415101956,0.44928714645717394
2018-07-19,7457.43355680821,1.0169591763646997,1.0260723990214091,1.0166239295904398,52486424.47930001,0.3137879907289213,-0.07209738742855257,0.45535274849456486
2018-07-20,7341.00185975704,1.003305116505828,0.881796385656908,1.0059835790058076,8895498.317277,0.30261282088106545,-0.0873650130121813,0.44483307076360235
2018-07-21,7403.90687900379,1.014440100039139,1.2358567688441366,1.0055170329156193,29503426.370474998,0.3083475302363991,-0.07680558385316935,0.448368409172977
2018-07-22,7401.74723263855,1.0128942132246108,1.3134606028152134,1.0041557729449155,20955222.779281005,0.30787318382653517,-0.07557518040507075,0.44701443438228294
2018-07-23,7720.93614980044,1.0234258650331567,0.959424495667194,1.0252721808445815,72048809.564286,0.3359289979339223,-0.03234486638928987,0.46961461142171984
2018-07-24,8385.183823621,1.0452253014772062,0.8570675503532096,1.0525286572627424,171395624.99859598,0.3877179847301331,0.045485428363213676,0.5115849579274401
2018-07-25,8144.22495804518,1.0177366892543451,0.9081075005843136,1.0204698802937928,57093623.052102,0.36873508878487443,0.017939758222926688,0.4955641756995281
2018-07-26,7935.19633241838,0.9962484316249794,0.7831972272225854,1.0026072194239386,-13012810.979782,0.35179849576113703,-0.006847686049028449,0.48164976042295005
2018-07-27,8172.68598115587,1.0224480911992968,0.9953318106607516,1.0228369794115353,71695709.529471,0.3704291578158514,0.027700792491086722,0.4891692853945255
2018-07-28,8217.52478675808,1.0194542639461677,1.1011769586606703,1.0174409468500816,42633220.785379,0.3735130011095108,0.03304973502624911,0.49116425097518923
2018-07-29,8191.76904734053,1.0249333242546783,0.7945391978839881,1.0354749357361712,60986724.264553994,0.3710351669713519,0.03059051604143361,0.4871780105465949
2018-07-30,8173.76626652201,1.0081640344274083,0.8751810248556928,1.0113110790589495,26184236.572003003,0.3694490416517977,0.02789825731765962,0.48596257184292924
2018-07-31,7745.64360400648,0.9908190805157886,1.0154952671251076,0.9903864723661424,-29285896.814923994,0.3344919633821635,-0.023439817335694856,0.4564390184668145
2018-08-01,7633.78528177951,0.9915169541898444,0.9812733325965164,0.9916348189328428,-23890991.213072,0.32498543746521513,-0.03624012596562771,0.44738124609438773
2018-08-02,7559.85721152678,0.9874330075717566,0.8462641963541623,0.9945003408663964,-39213035.919369,0.31856858439896324,-0.04262388279199593,0.4401109873416279
2018-08-03,7436.90441418002,0.978280149669696,0.7087522862874144,0.9865809694879963,-64326494.076315,0.3077973442153918,-0.055254542206645135,0.4288652033900961
2018-08-04,7024.46008451798,0.9435823919288138,0.7122729646295992,0.9643763202902943,-103484070.20754,0.26770294747931933,-0.1128564818494849,0.3948036961061727
2018-08-05,7054.60225210488,0.9856703198451943,0.8614943675894846,0.9895449589464513,-26215621.360729996,0.2712054607292526,-0.10500289008645526,0.3960962974590298
2018-08-06,6946.76359215604,0.9653963913207905,0.781494430541039,0.9799991666043715,-87459808.995408,0.2605901124288348,-0.1176220090111017,0.3861562275107559
2018-08-07,6744.02617849124,0.9668788535811943,0.7127082375821691,0.9714146891625053,-85350009.405895,0.23872885441225733,-0.14040355537256258,0.36250388325719257
2018-08-08,6302.0697058176,0.9478374425622668,0.8213777269481454,0.9503717685443577,-151525872.459842,0.18664261822113157,-0.21283183703728317,0.31663995623144453
2018-08-09,6554.77269431699,0.9635593135217468,0.7207583916471385,0.9813641327319587,-102743729.670739,0.21935882874398518,-0.16196360088162765,0.34289809260139276
2018-08-10,6178.79115680648,0.9606363859089487,1.052667460075047,0.956759750127813,-103253116.885696,0.17226231769041195,-0.22618362083829455,0.30183283905817965
2018-08-11,6286.16006682469,0.9668681670091505,0.6883131361455885,0.9783338225211456,-65245488.63598,0.18721940256494116,-0.19717600852274417,0.3084721747793784
2018-08-12,6361.38457019775,0.9823792636029831,0.8316764988065541,0.9848847957983233,-26330377.990891,0.19709496025339687,-0.1813275658610928,0.3160523448962386
2018-08-13,6329.83687971754,0.9887627941567911,1.2802411955116706,0.9775433743393994,-30378668.322176993,0.19330213342988345,-0.18206110908572914,0.31105528738449956
2018-08-14,6231.17059350539,0.955110276414695,0.7106254533787915,0.9665033141962078,-140096925.039335,0.18217496669974748,-0.1949104129337469,0.2997614453778927
2018-08-15,6278.66885952369,0.9654810610052444,0.7250803793167904,0.9818686538751089,-105915658.03698099,0.18892587619906628,-0.18039572301729823,0.30402530412608775
2018-08-16,6323.82170099718,0.9898802530404295,1.112740147914978,0.985963222329557,-23975296.578543,0.19492988701263275,-0.1696119592825701,0.3084176457235714
2018-08-17,6587.98666677998,1.0159785132037749,1.2993631105856158,1.0079988993765854,42909932.56322599,0.22704100940409155,-0.12243955113320894,0.33550058592639825
2018-08-18,6403.74779827472,0.9810452695307174,0.6463379885824448,0.9859845066929627,-34196531.807461,0.2049878229463887,-0.15270393539154664,0.31528147139377755
2018-08-19,6500.39725148431,1.0165226172473762,1.9342011040529792,0.9981033748021383,26139367.862303,0.21663965311510283,-0.13489916146945982,0.3248959640123632
2018-08-20,6290.04418592047,0.9814407652224205,1.1111871289748316,0.9784165626454072,-44914700.492009,0.19054005539653016,-0.16991617372087617,0.3016165912104539
2018-08-21,6494.76773074407,1.0033563064098434,1.2964467322794049,0.9959517936841726,10740818.339659996,0.21622006672601354,-0.13100927293060108,0.3225375159804336
2018-08-22,6400.67640274504,0.9898552130506021,1.2428854661812179,0.9821262055000607,-28664065.419625,0.20450454893209505,-0.14417165566585968,0.31174571204525964
2018-08-23,6534.11345355147,1.0129556248389802,1.5820354508179322,0.9967630230354478,32086303.242804,0.2207335455589715,-0.11910785686963178,0.32489266197201105
2018-08-24,6707.78700817528,1.0043643535065143,0.9649522730075047,1.0051156208535936,10760664.168646999,0.24099468133168583,-0.08939746349427419,0.341602426460856
2018-08-25,6755.97071527136,1.035977272999048,1.7088038412518416,1.007336003377145,67636208.687087,0.245749057303007,-0.08094155667681273,0.3455292782715378
2018-08-26,6718.46604738008,1.0251757071543346,1.9090108086372974,1.0001001995972183,33880421.790217996,0.24121293144393974,-0.08634084675907958,0.3413708666838384
2018-08-27,6903.1080164898,1.0242894172231853,1.7561483813117584,1.0059756009976697,71003360.21829501,0.261126669562562,-0.057201922081495854,0.3584568980492447
2018-08-28,7074.04215316713,1.024635626314534,1.475879221296947,1.0154957807343825,78786976.864575,0.27825193414831106,-0.03251741271899233,0.3731572043269895
2018-08-29,7039.79239224644,1.0227350270970237,1.7323971832846312,1.003795299418702,60004192.269614,0.27411432419122345,-0.03710649947500912,0.36894489603231373
2018-08-30,7006.27465758779,1.0158347880781764,1.5818533365271028,1.000005036477489,40073138.114865996,0.2703711284533408,-0.041427748347685985,0.3652180099472113
2018-08-31,7029.23621487447,0.9945534218958194,0.7386757517845853,1.0050756041271194,-13939692.112641,0.27278539620034226,-0.038405263937490615,0.36729450482986514
2018-09-01,7184.45133071552,1.0161927675756213,1.0061660102153536,1.0163708018377982,30543661.885657005,0.2882817019331417,-0.017288858954564813,0.38022629355656784
2018-09-02,7300.07612722649,1.0169997520942051,1.0702989634703577,1.0160549537802732,28933672.997393,0.2993000469200443,-0.002135088808155062,0.3898192248452147
2018-09-03,7266.17224128219,1.0016366375937602,0.7092648970044627,1.0093151823294417,4228016.332326002,0.29589935052240696,-0.007759814394512207,0.38699228946243447
2018-09-04,7364.0347279285,1.0098538956492937,0.7339527592688073,1.0177054377142634,30229790.963165,0.30502404155179225,0.0038786924920630487,0.39524134600968125
2018-09-05,6722.31283926992,0.9544142825062206,0.6247735516054037,0.9652017058921666,-128781790.771795,0.23914064993106696,-0.08756405150230186,0.3376165783317528
2018-09-06,6542.35118710044,0.9725232468266236,0.7781610155665256,0.9776430678538844,-98699205.67223302,0.21950976945995201,-0.11450518070922779,0.3195145364898841
2018-09-07,6458.78618678251,0.973304701649213,0.6283372190410121,0.9842443306076235,-74478238.592002,0.20997226405392821,-0.12722585912854067,0.3109437622958335
2018-09-08,6283.039059033,0.9704467570444256,0.7605111332999069,0.9774322225865323,-49551647.180888,0.18821262240236555,-0.15724500464225727,0.2917266567677686
2018-09-09,6314.81638221266,0.9788472749561128,0.9194798410826053,0.9801355235918524,-39572470.002945,0.19264394882077412,-0.1499326446705784,0.2950426076458348
2018-09-10,6374.57493257096,0.983685401679056,1.2762990912695855,0.9780445693831625,-38790403.689169,0.20069901060761497,-0.13702951194458016,0.301032543011776
2018-09-11,6353.40910447119,0.9602011619255348,0.6912748144447617,0.9828729136109458,-92511277.31106001,0.19890360693388337,-0.13896658642228174,0.2993872554393788
2018-09-12,6389.1465055719,0.9786654850304187,0.6916935399850518,0.9861019793995724,-51626064.80930801,0.20395895821677026,-0.13140617754567818,0.3029459903422017
2018-09-13,6510.881572168,0.9629233142407131,0.8071980185761745,0.9939532146531599,-121376857.928336,0.2197664683905371,-0.10798314622342162,0.31852893946547817
2018-09-14,6513.9048920132,0.9944411926509987,0.8642276243559293,0.9964057016204539,-12556653.034653,0.2201698459298366,-0.10647711290707021,0.31812658249800685
2018-09-15,6545.60861225917,0.9935986645340005,0.8050955677476519,0.9988464111739054,-10323591.833682999,0.2240120130176173,-0.10048314326123955,0.3210168811993693
2018-09-16,6522.16250528833,0.9926283119724173,0.890124444242727,0.9955884812573615,-9947466.876693,0.2212948071041273,-0.10376650887523313,0.31832337566028623
2018-09-17,6294.63926898621,0.9789514711867583,0.9734058634126479,0.9790742130638613,-50670022.912416995,0.19342788918870082,-0.1410069893890703,0.2933464016093812
2018-09-18,6379.19461157244,0.9899001990890366,0.7404138978965441,0.9948944439358611,-24174355.231391996,0.20445947121455105,-0.12473025947325758,0.3023509704616158
2018-09-19,6408.39240284224,0.9886733658272653,0.8001895778390332,0.9948571172026981,-24587033.783387996,0.2083267089059537,-0.11845383126414545,0.3052250501974125
2018-09-20,6516.71443488538,0.9884506303962064,0.7753804667644686,0.9990877141456491,-26796836.005868003,0.22177525387778868,-0.09898451431268028,0.3168477237290048
2018-09-21,6750.46195715367,0.9636886354522485,0.5257807623090731,1.008678483726384,-118269080.79622799,0.24968974392512766,-0.06086091653638277,0.3420524657141038
2018-09-22,6722.0805782777,0.9918895003507915,0.7346120957461627,0.9985515082017373,-15467027.930518,0.24658488543546364,-0.06301090957627747,0.3377810771288708
2018-09-23,6707.72024757514,0.9988042203138947,0.9674354911480982,0.9999567427180618,-1664321.494828999,0.24493069088078942,-0.06401567461134737,0.33564377679421353
2018-09-24,6597.75748500411,0.9872372470354559,0.8449437302228058,0.9915525413733427,-25136341.613850996,0.2324608273779046,-0.08006048482757121,0.3240852910801972
2018-09-25,6453.05013822458,0.959114574386596,0.7532941128306397,0.9829995967545961,-114401029.133254,0.21626033890324367,-0.10054905602442857,0.30957076040543485
2018-09-26,6475.69544593283,0.9920797189746486,0.8464715272519101,0.9956591551316688,-19442599.505855,0.2191142077538722,-0.09282295092514553,0.31013925572954726
2018-09-27,6687.78844769127,1.005953605023472,0.8637629008370302,1.008467735327158,17842456.393806003,0.24396418772002748,-0.05796289890548651,0.3314921330169451
2018-09-28,6644.02393789554,1.0006778118001902,1.0638851584225777,0.9966217015719231,1713576.9838360026,0.23872802759659165,-0.06309896972657372,0.3269129082312602
2018-09-29,6599.2726772185,0.9825953438782203,0.6979216724884444,0.9952631537456733,-32202493.498136003,0.23383780394751502,-0.06890817688122547,0.3221144618795265
2018-09-30,6626.31135776041,0.9939483541773761,0.8775542061519809,0.9994358990696787,-9994079.792575002,0.23700539099943335,-0.06181233006813704,0.32350111276463117
2018-10-01,6610.03617515634,0.975870546958422,0.6746337803220556,0.9967557549450421,-58884296.418355994,0.23560239567359537,-0.06267968010102498,0.32203084805447335
2018-10-02,6537.66351249397,0.9813158243799562,0.8209859809437519,0.9902600115475707,-48543395.976658,0.22746388849708452,-0.07176288048896771,0.3142297440925182
2018-10-03,6522.58905564752,0.9823151324100334,0.7735389327401935,0.9893955278089697,-40629622.350865,0.22609480554071765,-0.07242894643317457,0.31252047281478745
2018-10-04,6590.98292186958,0.9920154433356675,0.7169826275244573,1.0011879295571604,-17740472.931034,0.23426195550664342,-0.0577814188473069,0.3177405869040757
2018-10-05,6628.57399763463,0.9957153147860236,0.7785775065524131,1.0014004678265864,-9012112.395395,0.23872316977782349,-0.05056373639270591,0.32116235383270897
2018-10-06,6598.09470555805,0.9935197409610967,0.8768183671657885,0.9963733237911072,-11598320.311037999,0.23525686074016008,-0.05343811277100103,0.3172282316279703
2018-10-07,6629.0830340991,0.994780774202675,0.8149793114775726,0.9998517063564413,-6358025.249403001,0.23890509791356165,-0.04734068260040655,0.31994801289849095
2018-10-08,6658.16413606773,1.0034486795535307,1.0585528206234966,1.0019537098689542,7776636.006494999,0.24216151780617937,-0.041356955676262026,0.32223789955031973
2018-10-09,6642.07398588331,0.9940655726505468,0.9177563421382562,0.996443895307523,-13922464.948286995,0.2404201726005832,-0.04210620716915387,0.32006274401663404
2018-10-10,6572.97938495625,0.9950304855483201,0.9379850885284708,0.9980506902511468,-13071179.839635998,0.23255274451578856,-0.05142071988430112,0.31267901123501446
2018-10-11,6254.62242025813,0.8811567552956082,0.37743032661160764,0.9728952480389338,-400194207.85477096,0.1969805290066935,-0.0986799730012201,0.2807608057315254
2018-10-12,6322.82262222196,0.9906998470034224,0.9144224494944128,0.9925936161562282,-25120857.581389003,0.2059995797311978,-0.0851055374750237,0.28831103624750243
2018-10-13,6354.35403767038,0.988481700911305,0.8044093961878318,0.9958429424995711,-20853447.296313003,0.21020021793093568,-0.07824040597984223,0.2914274522150007
2018-10-14,6350.62808134611,0.9826999892530315,0.7504214699806211,0.9944533303848093,-29675278.925465,0.20999912168421403,-0.07771470098451665,0.2910284459540192
2018-10-15,6574.22734857527,1.002573243749781,0.8068147822196444,1.0098905489639793,10787662.592102997,0.23699176399763025,-0.041315833684319354,0.3152065313081013
2018-10-16,6582.97907522687,0.9792194384294689,0.7583226211312284,1.0016637816558416,-55020424.488608,0.23850886012268718,-0.035965818788300255,0.31476701529018
2018-10-17,6569.79375397655,0.9852787853777341,0.7176980280356882,0.9983353218251096,-37469867.413656,0.23731501053931273,-0.03609974933379159,0.3128573165226775
2018-10-18,6517.06426119954,0.987342655707803,0.7022726227788183,0.9947998753682498,-37163754.705570005,0.23141822093153558,-0.04212213433918196,0.30645095569948294
2018-10-19,6478.91686338406,1.0083941073183698,1.2903005505856013,0.9961256184345673,20813553.985584,0.22669141722920005,-0.04273237261814177,0.29845535514003696
2018-10-20,6508.87563651331,0.8048584844421314,0.44153962334153424,0.9995036573049056,-452289882.041525,0.2341041407358433,-0.03343237559563201,0.30520449420930473
2018-10-21,6505.15782395123,0.9920297243264882,0.8055304137934135,0.9988562003502063,-9443069.479595002,0.23370194774558797,-0.03334326926774869,0.30459955585638565
2018-10-22,6491.43417691555,0.9872043641074575,0.8195244972240846,0.9960731661328793,-32971355.502113998,0.23234920110258883,-0.03467488768189311,0.303553820806337
2018-10-23,6449.4785801656,0.9843826194167178,0.7834645000396667,0.9915787630242344,-40111329.277105,0.22763473012820012,-0.03995230759727649,0.2991321664512091
2018-10-24,6462.65565169388,0.9913227687862093,0.7322336371904037,0.9978988875056638,-21244661.796254,0.22934361519748273,-0.03670045881558864,0.3002232822331063
2018-10-25,6461.37164066434,0.9859476906846874,0.6994066003303224,0.9962923845104019,-37045765.425993,0.2294940210067845,-0.03584026181124372,0.2999939453204154
2018-10-26,6459.06585432804,0.9689185993779945,0.7583491851609976,0.9983133902743184,-91057143.660603,0.22996062238381867,-0.03486450472187519,0.30090455154992996
2018-10-27,6457.22285398303,0.9920798603996677,0.762581584595323,0.9983215655745802,-12527016.761800999,0.22980517279853727,-0.03473806926709713,0.3006455573676772
2018-10-28,6462.44935993458,0.9912454182600359,0.7483948796196255,0.9965792498024013,-13889022.545710001,0.23049549835318772,-0.03352058614882146,0.3012436464112254
2018-10-29,6296.78261540062,0.9816473301547336,0.8461273518627308,0.984214411112193,-47587310.004549,0.21050822367256689,-0.05882493574839356,0.28287839587222163
2018-10-30,6319.99118295864,0.9877573173806777,0.7573728907160107,0.9920007504325525,-28758680.277427997,0.2137062260483979,-0.05393419896071274,0.28547194619882854
2018-10-31,6333.51368420619,0.9836415181028814,0.7205588371441201,0.9942888416261502,-47424699.849998996,0.21580100868334343,-0.05010581229069351,0.28681495687553205
2018-11-01,6394.63293340624,0.9814995934985871,0.6503242169746808,0.9995199919754972,-48564795.723456,0.22376081291334396,-0.03939073038224055,0.29393999358224515
2018-11-02,6435.34998979024,1.000471815053047,0.9353955581899761,1.0018485875187417,1569462.585640002,0.22867679443646463,-0.03259574663102324,0.2982838777744242
2018-11-03,6408.31633682553,0.9932655717033386,0.7284895195823973,0.9976232879623796,-12003850.39047,0.22550118918582573,-0.03625441630993714,0.29499516838177614
2018-11-04,6472.63939811862,0.9990832070312996,0.8907358813475381,1.0031304924192923,-1138917.0101840012,0.23323164642205055,-0.025886637453000173,0.3020667331918602
2018-11-05,6432.49226586104,0.9924741449991837,0.7953353692250134,0.9979303859797626,-20039278.802183,0.22851458056605642,-0.03176476981073006,0.297869128584885
2018-11-06,6477.47957640717,0.9972469910473363,0.8221187455272195,1.0019803854117664,-7382953.670414999,0.23394418707902506,-0.0242745157588914,0.302616742096225
2018-11-07,6550.06729670758,1.004343620039099,0.9652428915491975,1.005315697275521,11835085.052423995,0.24227679075547698,-0.01267531494034126,0.30988582021559663
2018-11-08,6488.11111061874,0.9988382891586632,1.0516869074886945,0.997991649208241,-3240757.0343969986,0.2350276057170372,-0.0215878107475261,0.30293989222871104
2018-11-09,6414.79203550461,0.9970593335875101,1.128257512334825,0.9947833001122426,-8321979.695372,0.22634856099205064,-0.03209079919853006,0.2945860980442461
2018-11-10,6428.30223550181,0.9962170679117661,0.8754352524817245,0.9988224057172544,-6286898.706745999,0.2280172181109558,-0.02896961320002959,0.2954679425326593
2018-11-11,6453.84470950013,0.9994691990076415,0.9589693154834945,1.0003320845705392,-685358.52709,0.23110827286105015,-0.024556992423576618,0.2980624025038133
2018-11-12,6439.72594077211,0.9977302863982662,0.9830934670763287,0.9980211598506019,-6223381.0319759995,0.22948254717227307,-0.026357284402315197,0.2961969652614458
2018-11-13,6404.35267251848,0.9875862522889945,0.7854910060916495,0.9965089012331677,-34724808.134186,0.2256025422171885,-0.031275237302504144,0.2923811817162355
2018-11-14,5809.08737098184,0.9539979818906946,1.0317957923022307,0.9503103100543099,-153412247.30651897,0.14733809046271332,-0.1291352056046383,0.21997569142532228
2018-11-15,5729.28185079382,0.8938736007644081,0.6553029109159791,0.9613058652127133,-595599818.643533,0.1424389424258298,-0.13278063547257263,0.216431661609039
2018-11-16,5709.72145118042,0.9656918669437863,0.7276791968313503,0.9760667571115591,-113726753.28086999,0.14071202639506308,-0.13266438796251823,0.21414571299754595
2018-11-17,5704.36520205696,0.9785341355630173,0.704803004013564,0.987058558403645,-39294857.372373,0.14041290001688653,-0.1324472809478854,0.21340587233404795
2018-11-18,5733.69823829956,0.9870301758722807,0.8599143225073732,0.9897982658746001,-21150288.166722,0.14505493135886544,-0.12572329940881416,0.21742326967477166
2018-11-19,4861.87927044962,0.8713385471240132,0.611969869010121,0.8903257939903501,-364921816.57021296,-0.005325985308401947,-0.3109336197237977,0.0778866708499327
2018-11-20,4487.06751042754,0.8564149724615456,0.552850750208155,0.8808398073218263,-674415130.711236,-0.08081280699184089,-0.38784462638282674,0.0030707272390077056
2018-11-21,4647.79546061098,0.943941229750372,0.5226939700519888,0.9595678758436047,-154557613.77861,-0.0408135446554146,-0.3329304419258646,0.03789152773685651
2018-11-22,4368.66924713129,0.9156171463745748,0.5510719019158228,0.9418135656192566,-190230504.36883202,-0.10539698782054506,-0.40876187695293603,-0.023080390655556546
2018-11-23,4404.20960055943,0.938337791414404,0.49089733163597665,0.9609862238676089,-142351449.7703,-0.09422948737306856,-0.3907952136047036,-0.014574231306433844
2018-11-24,3918.87138974418,0.8919062541304057,0.6091296473409181,0.9078638840531016,-188037242.013811,-0.227834267036373,-0.5514968228071571,-0.1401379467805584
2018-11-25,4033.13337391932,0.8971712741022873,0.49445881668407554,0.9282599228906705,-214099704.60746202,-0.18894317539460131,-0.49679391625040537,-0.10683275412287391
2018-11-26,3828.18463385213,0.8771041008811541,0.41841801093400105,0.9160598251735607,-272875079.77541804,-0.24899715170614897,-0.5632096882747434,-0.16471579520274135
2018-11-27,3871.99602145651,0.8880727410491194,0.46531789320130307,0.9310238018638715,-265817721.681665,-0.23030407049395943,-0.5325399245826669,-0.14988314949899673
2018-11-28,4304.53652487548,0.9772800343710439,0.9278024493781117,0.9796465496135949,-57448207.055677,-0.10543006294846478,-0.373250535798007,-0.03450840160516886
2018-11-29,4336.45579983026,1.0217833388709758,1.6565470396782471,0.9873927027676664,51463126.66325399,-0.09809071066485016,-0.3567236779221706,-0.03007399964156153
2018-11-30,4031.00473008493,0.9092110609414861,0.8296413081396488,0.9329527979604482,-268506693.455181,-0.17833953157157467,-0.43605527668587024,-0.1075004344899239
2018-12-01,4238.14011278173,1.1065517625278625,2.8081571314190934,0.9952457049606113,150059855.99544698,-0.12233528079220529,-0.3607241229462717,-0.056600520708320695
2018-12-02,4189.09621087448,0.9610436478089472,0.487722718197877,0.9779544973931096,-52175024.748938,-0.1347790722430063,-0.3742914710438177,-0.06878871112520143
2018-12-03,3909.33968546665,1.0712092832630398,2.3830437881470936,0.9419574895326072,144924190.124988,-0.21830968970499828,-0.45080698548396336,-0.15490220938963117
2018-12-04,4006.55138014741,1.2397187398458092,2.21869232039136,0.9708792982844888,595698496.048966,-0.1967091016039797,-0.3853952505618839,-0.14326686853357604
2018-12-05,3777.30743936224,0.7037574633787096,0.41657543823392684,0.9232049997667602,-1028094758.049584,-0.25453685911504337,-0.444221919135779,-0.19752085913444486
2018-12-06,3497.32413941416,0.7723870550746544,0.4839144324617736,0.8810914191445498,-650321560.058814,-0.3459185724310672,-0.532382619511639,-0.28717529189447144
2018-12-07,3445.45267854672,0.9014064825860156,0.4675799958618213,0.9268681986473563,-235444730.548832,-0.3616913137950277,-0.5430338070987132,-0.3057335014386555
2018-12-08,3522.50392870971,0.9504211467539404,0.5238117160588368,0.9668498601650091,-66010976.544237,-0.33059139003635746,-0.5033004272693772,-0.27845729377215467
2018-12-09,3635.34509227514,0.9694440332608524,0.5236223973697187,0.9802305593649688,-32741062.781337,-0.2886054317456854,-0.4546769477329453,-0.23877042913183974
2018-12-10,3524.52028845159,0.9147229979733038,0.40150921332075606,0.955509220684314,-148583692.584283,-0.3268111247448354,-0.4942252272848836,-0.27656095915868395
2018-12-11,3440.73449914165,0.8211088338012019,0.40044160665243533,0.9316039237360878,-380489791.028515,-0.3529720886905094,-0.5173272517797471,-0.30327575438286875
2018-12-12,3532.64374775214,0.9412766504098429,0.4363205402452452,0.9687841728242912,-101386810.220356,-0.3158952842887693,-0.47267854458644315,-0.2691636293223477
2018-12-13,3374.59810638248,0.9355420943648547,0.5363409249817296,0.9481959132260177,-120342102.16978,-0.3757969907632274,-0.5337729222574008,-0.3289131264307411
2018-12-14,3281.05718612757,0.8918038985775839,0.3434067563201885,0.9409199812138676,-186275948.79145402,-0.4116645924452855,-0.5687702441978766,-0.36565141227799974
2018-12-15,3290.8522250115,0.9329714501649068,0.4313408004505097,0.9641677654879162,-77234857.856468,-0.4058717670617741,-0.559857254194838,-0.36132024280863495
2018-12-16,3303.16155370256,0.9326236869015857,0.48190182524143604,0.9537141084859536,-72893958.87373301,-0.3993145385405909,-0.5494864545448171,-0.35627694472839205
2018-12-17,3579.86223822463,0.9721060943862535,0.48018138067558847,0.9893360368976587,-45851955.781387,-0.2898095701173106,-0.42760455348352583,-0.2511600927473879
2018-12-18,3771.17222569214,0.9328296233627252,0.6225609932497553,0.9490702204465069,-183387684.209443,-0.22082359829543738,-0.3457249141146001,-0.18733875623466012
2018-12-19,3761.70181560355,0.958426383057501,0.5857975431170551,0.9756002888782207,-102578759.948672,-0.22310795283843488,-0.343531232765641,-0.19024081372638588
2018-12-20,4156.43990642384,1.0096197681225376,0.5707329270673792,1.023400114450502,26183261.15806599,-0.10680117663457879,-0.2170452318396602,-0.07723911106713902
2018-12-21,3913.39116638287,0.9424689271098707,0.42511264825945627,0.9789375604279753,-134244080.93379098,-0.17440820523983686,-0.2873346309981895,-0.1434548808817463
2018-12-22,4058.54390026753,0.9969900450853649,0.5097865326223486,1.0094020437915971,-2850970.3823820017,-0.13195399089082105,-0.2402976848030108,-0.10294638422044128
2018-12-23,4032.16253945407,0.9585642224196425,0.3810104968461236,0.9926403265111386,-52923768.828673996,-0.13877428545037018,-0.2463628375754258,-0.1099218238870745
2018-12-24,4112.56644842415,0.9793598081012712,0.4707723053641831,1.0041287517151436,-39616027.67655001,-0.11616931050604778,-0.22090742526913218,-0.08782721838190743
2018-12-25,3871.70183807958,0.9467860834413259,0.3713095336351681,0.9664853933275886,-76606196.39520301,-0.1843076741961871,-0.2923519910059065,-0.15576162296101473
2018-12-26,3914.61285934629,0.978423642424609,0.502100202670551,0.9922221237895066,-34056849.740796,-0.17061171366799954,-0.2748042549001028,-0.14378909508505255
2018-12-27,3705.72122443972,0.9497781297083991,0.5254995230398049,0.9657715252368643,-96913237.140099,-0.2355295031857406,-0.3404736555263923,-0.2085986583292294
2018-12-28,3975.65986612537,0.947476113049885,0.4688295000213729,0.9831611586416643,-106961430.55025001,-0.14922908781604433,-0.24528976460355903,-0.12595124098547308
2018-12-29,3806.72200174211,0.8952268366134405,0.5906377835240103,0.9769513965730274,-179996430.632779,-0.19818476401395121,-0.2936060416261232,-0.17443871865452626
2018-12-30,3920.34773987474,0.9577714420290044,0.46393413508130205,0.9958211175320552,-45690326.000481,-0.1625452944586802,-0.25438522448286305,-0.1400848716912036
2018-12-31,3808.50561275989,0.9302371600499314,0.4428621924353105,0.9732960722823061,-101519950.45933299,-0.1952757776691288,-0.28054236174459063,-0.17599270826711264
2019-01-01,3921.89646436442,0.9666690449201667,0.43502263583943845,1.0023455938616928,-28748693.766181,-0.15997609479152805,-0.24062794939984158,-0.14260861313334405
2019-01-02,3980.71966522805,0.9910984384340799,0.5755949530906033,1.0014893418223259,-12657069.031468995,-0.14255425381469713,-0.219711448141277,-0.12656103095446058
2019-01-03,3859.52684073302,0.9493780772158026,0.4616691342555171,0.9650347444807424,-84075350.375487,-0.17739695939747727,-0.25354604999090974,-0.1619532639778883
2019-01-04,3901.67451200417,0.9813142120220546,0.532176285291739,0.9924262302942427,-31510194.711226,-0.16406763300709337,-0.2380358171401638,-0.14951816103598295
2019-01-05,3872.16119916343,0.9846439348147987,0.5696974457918424,0.9913742992395954,-19469068.979639,-0.1727651464721834,-0.24504328663340558,-0.1588739954755702
2019-01-06,4103.78852514593,0.9755945380562994,0.470240727509406,1.0133664551405477,-26324153.609252997,-0.10589488663960211,-0.17465782933189636,-0.09294412285547944
2019-01-07,4079.50086329269,0.9858893699978901,0.685836841497927,0.9989662820278996,-26021236.838271,-0.11229680049983835,-0.1804412737245685,-0.09935023923004652
2019-01-08,4050.60102487255,0.9550827827260545,0.43068703053422036,0.9918557404577781,-75299705.9296,-0.11926600427422177,-0.1866700648452994,-0.10654069914008175
2019-01-09,4068.13307168475,0.9967406320775757,0.6670512726940447,1.0028291887831748,-5589870.219651997,-0.11433439741249335,-0.18066180135955728,-0.10201715160300014
2019-01-10,3698.76122835628,0.8511783196178496,0.31743767079673996,0.9534716140788401,-320045497.329312,-0.22137024108652492,-0.2905792535247201,-0.2082199293480668
2019-01-11,3717.10296810523,0.8162453916158212,0.4879586656372733,0.9833661505853406,-502550645.938463,-0.20745410049321503,-0.27354796738790227,-0.19505097601973162
2019-01-12,3709.97835366353,0.9691532650574923,0.4935942977156438,0.983999642814869,-35597964.360614,-0.20915798584607087,-0.2735620500984689,-0.1976034538348558
2019-01-13,3587.73394997392,0.9540869749325659,0.5488006863597056,0.9669394416973957,-49248216.049058005,-0.24968565426622247,-0.31387602164464445,-0.23855546480315248
2019-01-14,3743.2912026097,0.9844605731476003,1.3867463228184924,0.9701294562027408,-22597352.974782996,-0.1969963481296541,-0.2554342720311525,-0.1880780466396704
2019-01-15,3587.75493617513,0.9919870566064368,2.2946265101574297,0.9210772823336248,-20761758.127471,-0.24930315151317237,-0.29373035145094606,-0.24550307908262306
2019-01-16,3674.97411151996,1.0052995128770283,1.6195320062585503,0.9909233052037172,9162748.113229,-0.219584061263515,-0.26037255620136895,-0.21721558417996084
2019-01-17,3713.93349147343,0.9720588517864867,0.49052504140682984,0.9931259319050117,-43245466.247476004,-0.2058894065969068,-0.24473028923832477,-0.20451930016259506
2019-01-18,3692.20708038804,0.976517996493948,0.5031915508700073,0.9844451897654811,-37185122.450775,-0.21241175536454776,-0.24954917764926562,-0.21183557221545624
2019-01-19,3772.88464099678,0.9709594768231993,0.449582493518855,1.0017673877633988,-29754980.754106004,-0.18596156153613055,-0.21902528161542834,-0.186931217387258
2019-01-20,3608.51918361495,0.9571144169846005,0.46443338201623,0.9729342730854471,-40173831.894906,-0.23943397753160767,-0.2724128677561861,-0.24094847003529826
2019-01-21,3619.41059197156,0.9762338306314361,1.2771572095683832,0.9661852175912898,-32970429.473892003,-0.23507416697125655,-0.26423102973441454,-0.23824685431964804
2019-01-22,3653.49867159477,0.9097655648667142,0.27204679675131554,0.9853165859251338,-157185807.044967,-0.221003617004067,-0.2496530129542075,-0.224327665636589
2019-01-23,3639.57945541488,0.9731750208974723,0.4844808080047153,0.9897778150317518,-41404758.137966,-0.2250208956004485,-0.2514410439076507,-0.22932577645567037
2019-01-24,3658.37193732296,0.9834860743539203,0.5371736491951883,0.991389963021261,-25786175.378064,-0.21820901828132006,-0.24176665797331506,-0.22378906428965378
2019-01-25,3649.61590203112,0.9657997138727042,0.33051047504506886,0.9871765859503574,-52385971.409945,-0.22025084883527546,-0.24134538964438365,-0.22696624527196957
2019-01-26,3644.63683992798,0.9619312373921667,0.3962135391585323,0.9892100826505296,-38968877.344276,-0.2212929167401988,-0.24111952844725515,-0.22854389522344923
2019-01-27,3631.86719805259,0.965738944782602,0.4581796255269393,0.9882543436343023,-34244745.713239,-0.22499276818799926,-0.2416112333471407,-0.23368898025855436
2019-01-28,3505.99089747654,0.9445518437551096,0.43729009748516456,0.9685367513446981,-102503502.282273,-0.2673322878195859,-0.281269203271622,-0.27761472889847194
2019-01-29,3466.68896136667,0.9495050486615927,0.4291833477162596,0.9765810523036644,-86453236.03342101,-0.28027264720284734,-0.28963282678689645,-0.29258941599232857
2019-01-30,3510.09721672375,0.9524676089981728,0.63043689563812,0.9837626689354163,-85055149.438707,-0.262861486163792,-0.2659879783577586,-0.277784418229403
2019-01-31,3477.93958959138,0.9662931383725346,0.5241777702105632,0.9804262041457442,-54046128.204735,-0.27368987051186977,-0.2733402959292666,-0.290087980086841
2019-02-01,3498.07242611388,0.9715235767939454,0.4650126608564058,0.9783348417933704,-51214396.29461,-0.26526014122071384,-0.26006814162167446,-0.2838474859679178
2019-02-02,3528.38897286619,0.9794933601540722,0.5189580187169107,0.988438194837231,-21483405.392564002,-0.2539676661515486,-0.24704949514816685,-0.27317547882223414
2019-02-03,3481.84606775749,0.9675072275339469,0.42145730973579143,0.9829105600520002,-29494479.409979,-0.27027757987763523,-0.2615339959156271,-0.29036118270835676
2019-02-04,3489.24013743218,0.9426241141204014,0.3679253153417654,0.9739088304245119,-74428708.28430499,-0.26623835711129523,-0.2556503771710444,-0.28718859496591315
2019-02-05,3508.79595491924,0.9717104127227743,0.5141502536360038,0.9900784332848358,-35687173.796289995,-0.25852832951501187,-0.24547854297576568,-0.28044218806773213
2019-02-06,3438.82269134901,0.943026407208142,0.6158619924891604,0.9662585722529723,-82211317.323587,-0.28279750001090065,-0.2652345486611268,-0.30683134414152513
2019-02-07,3431.00755766863,0.9534605833689044,0.5106888218676372,0.9740562853058206,-63624737.530453004,-0.2846139318293796,-0.2644683170404113,-0.30976612976438417
2019-02-08,3672.56789094896,0.98851765314931,0.4753832301828913,1.0130817878537604,-14928010.592137001,-0.1994588150265222,-0.1809301573823318,-0.22340975944192445
2019-02-09,3686.76975363373,0.9956291118614173,0.6673899758475393,1.0040047634345663,-4879133.187142,-0.19489512235254952,-0.17437803385148581,-0.21933918590095108
2019-02-10,3712.26142417163,0.9929659448574474,0.575347503643063,1.0027200585718778,-6513627.394848999,-0.18654480825773817,-0.16564668498694501,-0.21106381967784194
2019-02-11,3648.80312873662,0.9724601889266697,0.5381121939472302,0.9939818242557846,-37448698.961646,-0.20666824535424153,-0.18355687514282068,-0.23222034496466845
2019-02-12,3648.03688883552,0.9708344096447985,0.48882525398119436,0.9852312685760468,-49372531.830152,-0.20617254461000242,-0.18067714109084576,-0.2326150411914708
2019-02-13,3643.91688635496,0.906426189610245,0.43935587994840436,0.9784649281251047,-169375363.09837002,-0.20485549905819886,-0.17651833902100247,-0.23251495576578946
2019-02-14,3634.14373510438,0.9805142371952486,0.6991281782102824,0.9881400937867321,-23635820.452065002,-0.20771318152726653,-0.17739860581899058,-0.23619109409577682
2019-02-15,3653.1650968777,0.979268103472087,0.45547957909492576,0.9946261075796125,-30217646.167155996,-0.2008998674118113,-0.16297690084474725,-0.2321278892780063
2019-02-16,3584.12659869152,0.9327213022818144,0.4182783624169311,0.9861254204839462,-75147371.564734,-0.2229922912811015,-0.18323727792795036,-0.2550501122483252
2019-02-17,3708.34922461811,0.9794283866582459,0.3909119315444048,1.0086864134644984,-18582693.002260998,-0.18154173592526202,-0.14300348787243336,-0.21281269308263714
2019-02-18,3926.33275853258,0.9967167688459234,0.4811138860490163,1.028758899738656,-4692822.014866993,-0.11561624573554553,-0.08094670919748323,-0.14483860295120735
2019-02-19,3877.93633453874,0.9720611744539558,0.5761091755155441,1.0042983758461994,-56760220.571223006,-0.12920994057261864,-0.09306714253624519,-0.15854629432290301
2019-02-20,4005.55268473166,1.0356345030814673,1.612184525661764,1.0183181531824015,75649051.37176698,-0.09403485580040129,-0.05903971575002581,-0.12290496069241441
2019-02-21,3921.67075091532,0.968410112170944,0.6056143812704976,0.9965569746581635,-56859521.98022801,-0.11680018958378856,-0.07948612829333354,-0.1466776345134078
2019-02-22,3942.93285321627,0.9927073667640484,0.6086817853811869,1.0041059924382427,-12278521.322159998,-0.11067630662144785,-0.07204708970485364,-0.1408446421629359
2019-02-23,4153.60125610778,0.9781851210401276,0.6057117093779127,1.0290026326257593,-27603922.780893005,-0.05365681517433782,-0.018333644170069524,-0.08225807987461628
2019-02-24,3831.08394398204,0.9621960602101165,0.5294499282428394,0.9782143117458706,-54374898.078528,-0.1421697097205195,-0.1007349918497608,-0.17354074871220723
2019-02-25,3899.08566194327,0.9785754881502049,0.5880127175265516,0.9986654730051827,-42627433.347095,-0.12118494657850375,-0.08060852057467131,-0.1526242482603318
2019-02-26,3878.90097563862,0.9913747895861381,0.6613044084089842,0.9986022765558684,-15374218.577929,-0.12676980512515176,-0.08505148924944263,-0.15876640270766076
2019-02-27,3898.83190819843,0.9902527580290078,0.5040311884343689,1.0016914576859808,-17980271.586742,-0.120608192078202,-0.07822054707617469,-0.15294904623808683
2019-02-28,3792.99306607751,0.9762866005405801,0.904245193572529,0.989762501523037,-54078568.071345,-0.15143872194249716,-0.10464094318783602,-0.18596204676216918
2019-03-01,3897.8785434632,0.996117829505791,0.613338205595499,1.0033098902173403,-5873928.001479998,-0.12022819143939699,-0.07426821574267031,-0.15417370752729015
2019-03-02,3895.54957090884,0.9897706328934631,0.47214957606205843,1.0136592139504288,-18555652.16535,-0.1205573430631425,-0.07433160146720268,-0.1546893700419714
2019-03-03,3877.16771413045,0.99139853506293,0.5065341370209393,0.9999185270380986,-9556626.163662,-0.12571951480806257,-0.07847837604009021,-0.16031674709458701
2019-03-04,3796.47893591825,0.9547396496295851,0.6237712478904792,0.960858476798809,-81093908.727297,-0.14834539257935236,-0.09662999153785604,-0.18520237460811514
2019-03-05,3920.31579351683,1.0048152050624373,0.7194907216499727,1.0133570554827174,8894452.780472998,-0.11192924698090918,-0.06116419743996624,-0.14823869991397692
2019-03-06,3916.47101842946,0.9903716043602492,0.559873063175039,1.0015619022247362,-17373205.920228,-0.11281577547649153,-0.06069572731430179,-0.14958104089468438
2019-03-07,3923.11647327388,0.9935378464849048,0.6419692399137493,1.0015795834915309,-10711677.094555,-0.11080206336951497,-0.058119176662430876,-0.14772264363655213
2019-03-08,3910.99240651889,0.9812351002778549,0.5300814492185382,0.9996799739216395,-33754275.561318,-0.11382460307292744,-0.06023739129155407,-0.15106878307825608
2019-03-09,3985.93596132286,0.998023544916031,0.5269655336392516,1.0079391606127899,-1903677.2728420012,-0.09277054652730211,-0.04000483921452338,-0.12948549191087663
2019-03-10,3962.2919637941,0.9847795341138066,0.6666433884596286,1.0010062144619607,-16523096.494326001,-0.09905549430141905,-0.045303755202839045,-0.1362721301559194
2019-03-11,3877.8314588376,0.9723848539882622,0.5502008427637305,0.991385401185896,-44397901.224753,-0.1224716414152964,-0.06678323390318108,-0.16066969587924235
2019-03-12,3942.77159257979,0.9815279203250122,0.6153298979505367,1.0061261930617973,-31775917.929783,-0.10333156861167701,-0.04831137715301771,-0.1413252998141888
2019-03-13,3932.11756854623,0.9931184384752814,0.6714420472216946,0.999804239424597,-12100924.578290999,-0.10612650643528808,-0.04984498595510082,-0.14467954773389438
2019-03-14,3937.38017190565,0.98887579563973,0.5069325811587835,1.0019781708128521,-21665904.038939003,-0.10427995002523205,-0.04642839639784842,-0.1434525733950094
2019-03-15,3898.8624395337,0.9857566335889728,0.5399923813210227,1.0015542615811615,-25935668.728717,-0.11494867611930804,-0.055546925894272375,-0.15468796855998695
2019-03-16,4060.93853962008,0.9745792130857448,0.43250568041274107,0.988048392824789,-36174855.33234501,-0.06989065066383597,-0.011061871201906196,-0.10877611814859962
2019-03-17,3961.80505256534,0.9909421164925555,0.6054256438264504,0.9976173263433651,-10624932.340485001,-0.09667204164998576,-0.03543668139703319,-0.13665165252997516
2019-03-18,4040.15091817348,0.9923837285735324,0.5789428199549506,1.0080201826279491,-11188053.872771997,-0.07514164532243038,-0.015214060366001272,-0.11445611097012594
2019-03-19,4067.51783729715,1.0050933367414747,0.7393464546648186,1.010345187498399,9004553.325007,-0.06796004329050687,-0.006212159499985774,-0.1078767347199686
2019-03-20,4108.24444180822,1.0004654788186016,0.6785256608716534,1.0093218709346978,968874.791935999,-0.057272171310426404,0.004096407733703444,-0.09703893812519003
2019-03-21,4038.80328748636,0.9839701830396138,0.6758065919153545,1.0014436549415453,-30445667.43792,-0.07517999572115319,-0.011639665752394699,-0.11590632650123021
2019-03-22,3978.69285902669,0.9805356776073229,0.5063747772671913,0.9928817431837824,-36268401.440961,-0.09111602613832365,-0.024746437840890603,-0.13287204861111898
2019-03-23,4008.88685182307,0.9902993089011342,0.5734778654325854,1.0017336955475615,-10604609.038082002,-0.08271978717142836,-0.016029048369025772,-0.12449364290487873
2019-03-24,4043.51066246815,0.9942790908272968,0.5326535437892087,1.0048248863824678,-6374423.409147,-0.07328320981086899,-0.006681640788061888,-0.11496621780838748
2019-03-25,3975.24685270955,0.9806532990353711,0.5099574075328304,0.9929546130563262,-35344428.126747,-0.09131972092601975,-0.02265474632959011,-0.13394152791480846
2019-03-26,3926.15587743512,0.9790557840046795,0.6686689202439446,0.9941827945214432,-39714803.501660004,-0.10448338467361827,-0.03174409414509039,-0.1487302620665061
2019-03-27,4032.62436841951,1.002367390202004,0.6575678121465605,1.0096303166444893,5594214.358290002,-0.07537780734070738,-0.003515163597392537,-0.11882635172595796
2019-03-28,4074.5648540129,1.0009780233674472,0.5878529322594732,1.0083109726608888,2045832.661959,-0.06425461617364227,0.007081381019108861,-0.10742324927188739
2019-03-29,4087.50882679439,1.0147310034708379,1.2271564088797837,1.0051672210849583,28671213.549874995,-0.06136817367101677,0.011240267182120496,-0.10500525659835891
2019-03-30,4148.41754884706,1.0031584151108106,0.5711430164406271,1.010344352042998,4781931.579303,-0.04578042839116344,0.02965070614408114,-0.09012227114332745
2019-03-31,4085.56441538009,0.9432787872603596,0.30833719317010283,1.003302026361611,-84258524.90750301,-0.06082897592852516,0.014869632944727772,-0.10536997360739433
2019-04-01,4130.32266928648,1.0005952932417688,0.6350938773095463,1.0093963419815095,1544437.6040669978,-0.049422001935901544,0.0251143439315311,-0.09327670052956666
2019-04-02,4896.33847681487,1.0869221445420763,0.7431094847089347,1.0975261409304318,289733822.34776497,0.11221274179912605,0.1653032229148347,0.07800261738917263
2019-04-03,4970.89219699921,1.0326732119650708,0.9433120149854491,1.0361289880176223,93721666.17028199,0.12383327874458493,0.17383637513862726,0.09184883093518556
2019-04-04,4905.39310746551,1.0210728427310114,0.6584025453945663,1.0298569853458637,51383012.343407996,0.11132113936729363,0.16402951584862102,0.07864115454445787
2019-04-05,5029.1683539977,1.0049702514350947,0.7062263664329429,1.0359661415163104,12383109.113736004,0.13318043456398634,0.18132215642514268,0.10229694609224031
2019-04-06,5043.01875984075,1.010133802844351,0.6497977549172408,1.0225734144704453,14910531.458262,0.13531276633918532,0.18339759055900484,0.104626842565505
2019-04-07,5195.37130124658,1.0167043781241119,0.623186815613805,1.0313920563198304,27547780.232346002,0.16045787482608567,0.2059779832071175,0.1310057899198239
2019-04-08,5296.4026152735,1.022459991904773,0.7577311271166205,1.0356862815129841,68430563.86822,0.17575708061910947,0.21723704754729634,0.14804667285155207
2019-04-09,5192.19663318834,1.0135733285353337,0.6732911441637437,1.0218667120957836,32820166.836053997,0.15859778213650264,0.20033553353913225,0.13093497438883994
2019-04-10,5317.97501107732,1.02555540673542,1.0438723966538714,1.0250478502603626,68986947.69148201,0.17783409096955125,0.21688245301009088,0.15135932933130902
2019-04-11,5077.52340805403,0.9963129320031872,0.8202048428050981,1.0006146557271813,-12940066.208665997,0.1387316856213225,0.180202987560733,0.11116936992524196
2019-04-12,5123.07284247045,1.0180402513143445,1.5232440656667732,1.0089061869006302,44906918.836541,0.14605243767563691,0.18719153368746985,0.11846233132570463
2019-04-13,5119.50399990075,1.0099963580643694,0.9528791414735227,1.0110536240187107,18210453.699040003,0.14523451925585054,0.1875278514835635,0.11726052951856263
2019-04-14,5201.13176951488,0.9649335543853386,0.708228028579622,1.0160654593439147,-65724508.573571004,0.15959142198198425,0.1981415344298433,0.13278203285730178
2019-04-15,5039.22720703072,0.9883442111849889,0.612964894179585,0.9985011546499961,-29217137.640421003,0.13254508746459334,0.1729635960217639,0.10512005616489248
2019-04-16,5221.81209243586,1.0186737688895944,0.7568732830477286,1.0247674802392774,43339537.613368995,0.1626561451817728,0.20057590811464085,0.13628605929093987
2019-04-17,5248.34558416109,1.01787848687918,0.8681788759438034,1.0215867498947044,47698529.49152699,0.16630223362929653,0.20276178522061997,0.14065212595543777
2019-04-18,5302.37529453645,1.0111602490225742,0.9097730043399076,1.01340246957919,27889772.995804004,0.17448786300732502,0.21028766243532393,0.14924449149268226
2019-04-19,5313.85210520063,1.0629113764294444,0.7384411612067001,1.0772236020961385,182712894.092284,0.17425175169246993,0.20506790539452358,0.15120970047590238
2019-04-20,5329.37172331585,1.0051742943495443,0.8088410780829586,1.0086298503252527,9737883.560617998,0.17649921225659665,0.20734288238471316,0.15356738388791683
2019-04-21,5337.6091408747,0.998965281196368,0.6463879508168142,1.0150513868285194,-1442145.240123,0.17780592837268788,0.2081309243905507,0.15506284162632972
2019-04-22,5400.05350755681,1.012625178432066,0.8460159471114834,1.0217591247641022,28007778.320671,0.18702321324590784,0.21509396893333083,0.16523672706356668
2019-04-23,5531.47024426132,1.026681330288336,0.9000886118108532,1.0285202775963835,73466143.722424,0.20540665871153949,0.23111479869587576,0.18511264981016984
2019-04-24,5483.76046780149,0.9795366486414313,0.7200269116492104,1.0252369897564517,-71253996.50784498,0.19911966739791406,0.2190862246342744,0.1811271742508659
2019-04-25,5249.18929448947,0.9869311219679398,0.6737170102593533,0.994513654529179,-36529685.128482,0.16320776896941716,0.18455421524644228,0.14492119293317515
2019-04-26,5322.29779541486,0.9791131197317452,0.6483362864214981,1.0133099696765129,-60321738.310452,0.17594129958564333,0.19314539827052668,0.15856098021081894
2019-04-27,5340.89786865256,0.9990016997628327,0.6697777634518562,1.0097000244314362,-1596622.9916860014,0.17892559536812233,0.1951676213483069,0.1618573898831459
2019-04-28,5337.70389905222,1.0040193828573294,0.7130902079975265,1.0109092070259689,6490234.523790998,0.178422969427236,0.19366932650442634,0.16165727162299806
2019-04-29,5291.10885959494,0.9847781624665269,0.7308251102545991,1.0051591662792436,-34393714.523714006,0.17160960830673627,0.1851195408174126,0.15534679240333543
2019-04-30,5344.85834670001,1.0133866620703624,0.7762803670448462,1.0159789616195751,36082108.714794,0.17962599625932324,0.19132868131704844,0.1641127584310219
2019-05-01,5375.46491125081,0.8992362247382534,0.5350514771874811,1.0119251942157594,-244789821.28803498,0.18671819155163957,0.19208359406365874,0.1740531799012531
2019-05-02,5456.81042563287,1.0028851475779088,0.6873909225924664,1.0174808365340093,6940886.520498,0.19874004288791933,0.2022070557959028,0.1870272294670209
2019-05-03,5667.70236447104,1.025361918788583,0.8347583044785248,1.0299906479586727,62295782.27752,0.22779441036123194,0.22896824398813753,0.217574243524366
2019-05-04,5776.10718265489,1.026422552798451,1.1769340019673045,1.0241454661968177,40363510.263017,0.2419415510540231,0.24070503880984287,0.23285890481635302
2019-05-05,5722.09485614861,1.0271051416825807,1.3211070714242923,1.0228891333592196,42354625.300206006,0.23424577578021635,0.23167025861113996,0.22577901251678534
2019-05-06,5658.92001967066,1.028959820932307,1.037457738684376,1.0288192747803195,81788540.325487,0.22468185905208982,0.2197376580080767,0.21729045566935284
2019-05-07,5778.24668377325,1.017039395360694,0.766308363789719,1.0300350724371692,55360747.17015699,0.2398022623509502,0.22961067036428226,0.23510012087025672
2019-05-08,5908.27277938115,1.0341299622351603,0.9188970120676803,1.0370983029629892,89807734.121807,0.2558252921330935,0.23759028793143644,0.2538056290519176
2019-05-09,6190.46087411392,1.0308644701513268,0.7201041799225795,1.0507547361469303,97506146.631105,0.28911098337869745,0.26136715158690743,0.29016974190488354
2019-05-10,6406.06908978169,1.029801648862943,0.9212280557722092,1.045370290004375,92836341.604782,0.31225436250585736,0.2723501394669829,0.317322053710626
2019-05-11,7213.53563703165,1.1211315460339413,0.9221577107298382,1.1291989884354838,388548975.58173096,0.3867360294271654,0.33917947179764085,0.39448157189705285
2019-05-12,6974.96389009358,1.0731277078244497,1.0760012985738656,1.073026960441431,183396997.482063,0.363582216374831,0.30948061662600046,0.3741279813361973
2019-05-13,7812.05249225103,1.1460578326769693,1.4868439889043252,1.1298284220038237,491931690.655186,0.4286842291037523,0.3685611625748509,0.44147575757741125
2019-05-14,7940.89916207039,1.113530073368056,1.7168916920453015,1.0746778455537385,483728538.786332,0.4340335830573324,0.36502025889722434,0.45078083086211795
2019-05-15,8185.612078301,1.1218774866580439,1.3868587342962944,1.0967882755299903,522726832.938292,0.4475540266161345,0.3671167742354089,0.46831717794971267
2019-05-16,7880.78162424521,1.1019022859420389,1.1408470914327786,1.1010184644391483,495592033.45786893,0.42227530745736064,0.32746443758192195,0.4481979520125965
2019-05-17,7346.50338002963,0.9956320862731723,0.8721859679741238,0.9981286977678135,-19290544.78565699,0.38056429035988265,0.27723943198101625,0.4086128113940276
2019-05-18,7274.87529931839,1.0077053207406907,1.085020337842181,1.0058435784269282,16043730.386307001,0.37413504842497564,0.2683583273978526,0.4031263201986659
2019-05-19,8064.34059800395,1.0747898506560163,1.260782005172456,1.0664417931473664,165817296.817584,0.4343529686003554,0.3343847973310453,0.46192130438116225
2019-05-20,7970.34883881234,1.0336072917885248,1.019424601478294,1.03425731292179,113998692.124818,0.4268481284828231,0.3213558121921079,0.45631077163170713
2019-05-21,7954.64992358859,1.0339623151263773,0.9238172571228049,1.0401810773388074,113242771.17763,0.42469895886374603,0.31423484286057535,0.45618155021856016
2019-05-22,7632.90468102737,1.0044450669015028,0.9800268288793115,1.0062193513060678,13920147.697243005,0.3998359527711878,0.2818335226008348,0.4343261536158942
2019-05-23,7863.49008957199,1.0229748444720514,1.2590112992867113,1.0196612191357985,103625246.330062,0.41705006069518713,0.2988218383373896,0.4511901800800902
2019-05-24,7902.01080299532,1.0387617838945375,1.1635407333896233,1.0366786066972025,143734387.930485,0.41856680859701256,0.29723457118874874,0.4541004957415582
2019-05-25,7922.65299069228,1.0394007251934738,1.9493480669634582,1.0220740946821214,83135990.93040599,0.4193752616896028,0.2965693988193298,0.4555394543888662
2019-05-26,8745.39196800206,1.0872474496268139,1.2706071577600468,1.0816044163773364,199978283.659614,0.4732679050832195,0.3570029457400341,0.506989165748622
2019-05-27,8775.94135894782,1.0621347387416984,1.3555163004081319,1.0541461903247058,221113637.60017,0.4733887834127752,0.35269372630421547,0.5090090038481513
2019-05-28,8720.39137079459,1.057530961615776,1.2812922120364352,1.0513321553063335,210729978.97117,0.4685671479436613,0.34240100497672765,0.5062103250983284
2019-05-29,8665.45511378745,1.2720723171639323,1.42738422826803,1.265943113745846,1177226174.4197562,0.4575598277660018,0.30783526504884234,0.5035267445843782
2019-05-30,8255.3034446722,1.0118915604965837,1.197338659303272,1.0088876393382897,39837231.02313,0.42972578395475974,0.27183039589627334,0.47907266052401787
2019-05-31,8566.91564872908,1.0375744626261256,1.5183360465030498,1.0305386393428568,175482073.641391,0.44989779420869663,0.29333403261711233,0.4982089685174225
2019-06-01,8557.18535734259,1.0278000522717219,1.108429868540572,1.0263117419321959,80629817.47318201,0.4486044856145831,0.2894231495274033,0.4978806756460944
2019-06-02,8742.9471646236,1.035135981105156,1.3688668523275032,1.0278571582515865,87822184.56202,0.4597272531187648,0.30178079017687137,0.5087264363921257
2019-06-03,8146.49642548369,1.027657534340254,2.288177477508217,0.9916735084389711,110348339.17963599,0.41837261163314177,0.24951235130713212,0.4725544656769576
2019-06-04,7715.95222077764,0.9316976880179092,0.564095030538232,0.9826526996956739,-372957239.427287,0.3885605049237875,0.20720928905988303,0.44763754646857323
2019-06-05,7788.5916540076,0.9893210913038957,0.859966353914761,1.0062356079782948,-59989842.51257001,0.3948605613114259,0.2099471651022297,0.45623464958253274
2019-06-06,7788.35511523775,1.0021996118122838,1.0581112080052253,1.0011379427506206,10714775.472943991,0.3950156701163983,0.20859476007873373,0.4566218402496647
2019-06-07,8011.8820993719,1.0250647091626957,1.3423028351617632,1.0219560422464984,87195613.618864,0.41124982372226454,0.22766176412880898,0.47191229756966985
2019-06-08,7960.65991147315,1.008715459127322,1.2171283899196954,1.0055706073849378,22062679.209285,0.40728045546391595,0.2213966791505792,0.4686758790054522
2019-06-09,7650.82978451905,1.0048073112696336,1.405615552085271,0.9928398416468418,9460922.909367003,0.38301820270693515,0.18955539250536466,0.4473247635758488
2019-06-10,8016.60248743077,1.0459805345026296,1.440449776623306,1.0366281411142122,167083013.743012,0.4102625407135471,0.22179977317178748,0.47274322674384767
2019-06-11,7913.17249505966,1.0095397509266815,1.1179528292008591,1.008058555005531,38741017.794974,0.4022193103162171,0.2098260019290009,0.4660847804546501
2019-06-12,8160.34359712027,1.0280903634255991,1.301334033371251,1.0210787886912918,115672172.97321899,0.41959261877001836,0.23013596095737257,0.4825836866121644
2019-06-13,8236.96334108976,1.0218339972603583,1.335527250918627,1.018029372773297,79736568.050774,0.4244053240224857,0.23474458400691053,0.4875353725391798
2019-06-14,8699.40120028464,1.0636940574150662,2.080514302320337,1.0360641732190101,246757285.243103,0.45374044756136567,0.2700733571044179,0.5148069938581641
2019-06-15,8768.83578751187,1.0314906728631428,1.2172142887161868,1.028944927953087,83655956.965477,0.4573123299162742,0.2731792741845613,0.5188119811743844
2019-06-16,8993.01435302274,1.0496499273553126,1.425988810035168,1.0407207269680205,166408306.01901197,0.4695592586032608,0.28704811638762384,0.5310477694742615
2019-06-17,9186.39225241483,1.0412882481552288,1.0967597802929192,1.0400560802980983,235946043.239375,0.47909277379322995,0.2956434812442368,0.5414594637091942
2019-06-18,9060.00150433476,1.0293176830176252,1.3386824541763969,1.023454242341503,123374340.28441201,0.4709005379668597,0.28062376038403025,0.5354507736023788
2019-06-19,9266.55251603363,1.0580258962813975,1.3647688187905922,1.04001621819292,236202007.626565,0.48145444428373296,0.28562142313431327,0.5469206382054715
2019-06-20,9496.70234275935,1.0518455871941972,1.4143586093399696,1.046192101685423,199677768.35271,0.4928996084744361,0.296984899249884,0.5581663077816527
2019-06-21,10102.6572064453,1.0724896221038704,1.6438128808352759,1.0562827389647875,314098083.89252,0.5217869839042172,0.3317838335225874,0.5850037802603829
2019-06-22,10463.8961008859,1.0871193509796986,1.23940792729337,1.080409333564488,397420523.060079,0.5354373909860338,0.34557765055195083,0.600060257704041
2019-06-23,10704.9771663974,1.0803449971978543,1.7124297443988683,1.061959308437536,223045675.599824,0.5447138696061099,0.35556478184239815,0.6092689124896427
2019-06-24,10898.8995446162,1.08802055256368,1.8572390805291894,1.0695421696887382,343400013.148432,0.5510283511399201,0.3602796797253477,0.616423862529764
2019-06-25,11528.0181770289,1.1055799881682271,1.7246644075366895,1.0747362713719828,487947793.243372,0.5733998464252388,0.38458397253291515,0.6380065249796892
2019-06-26,12830.4112915608,1.1851026633178812,1.8653934806348524,1.152911712769796,1329879535.710901,0.6108802415629887,0.42498224260114975,0.6755412515311832
2019-06-27,11186.6162918483,1.046727297548176,1.7281558956238132,1.018916276527813,253736066.936036,0.5515638279636269,0.33569379621638995,0.6284416608596092
2019-06-28,12416.3385531163,1.1363018055537866,2.0255373764704143,1.0883265866326801,829595049.609449,0.5932470727655863,0.3884236866482514,0.6658773726044404
2019-06-29,11913.5109099377,1.0652606580758475,2.1833433322499385,1.048811767055884,228606973.20657402,0.5747823616500262,0.3581443713881199,0.6518902310702893
2019-06-30,10777.5304064484,1.0678945187737408,5.025063133220878,0.9996061092609936,237469063.82221404,0.5278468581404494,0.2885949018834457,0.6148001820977398
2019-07-01,10535.9526817245,1.0048255890386735,1.5937476804925326,0.9976983281694373,22830802.290820986,0.5168062529673074,0.2717014182258132,0.6061421833074533
2019-07-02,10836.7391516287,1.0392859093833655,2.0006115711747317,1.0116097486128464,188869144.763461,0.5298396654804113,0.28858547831041775,0.6173400464865154
2019-07-03,11981.9064065324,1.0846206078375895,1.7138891278664905,1.0682568101289172,409406841.606875,0.5732407433698806,0.3493090262025198,0.6542561183968647
2019-07-04,11220.3217722242,1.0565741752369024,1.6358181613550065,1.0316958351078738,249591790.36008698,0.5420223115405177,0.29932675814210824,0.6313926334770217
2019-07-05,10996.6485014783,1.0042031127388904,1.0263196119726303,1.0031080326628505,14743297.878321007,0.5324366228410875,0.2833520060840615,0.6247002666816897
2019-07-06,11294.2487324872,1.029575007029023,1.5802076835592522,1.0249282682155005,82818679.376672,0.5442775809417565,0.2976109029010971,0.6348245361254992
2019-07-07,11440.7106143135,1.0325618094345452,1.551140408487691,1.0241609007462769,78556313.664764,0.5497442812955184,0.3048891590936651,0.6396264280260888
2019-07-08,12177.2623304489,1.0783336982706873,1.949501049314429,1.063375698224714,403166462.144362,0.5755696429891646,0.34022785213490664,0.6616263222237649
2019-07-09,12486.2395693099,1.067472968437404,2.4655096415879325,1.0453150661427768,348702057.165559,0.5842622554610173,0.3511298267000013,0.6701151337730057
2019-07-10,12125.0340486712,1.0871709741834383,2.0012019645089736,1.0750812487429957,606667468.66606,0.5680088907154723,0.32161389652900574,0.6605019694397372
2019-07-11,11379.4118716853,1.0141579005306813,1.3247330254873688,1.0027779059469726,60178963.505288005,0.5391960568458435,0.2751155893791483,0.6390517167042575
2019-07-12,11849.0088044436,1.0645713372058958,1.850528544393827,1.047936181910303,299362006.81104,0.556372583216008,0.2983181644437963,0.6536238146383316
2019-07-13,11402.1560239286,1.012161719932955,1.455972718323093,1.0068274533074584,32390223.971792005,0.5387199748468039,0.2694175229736513,0.640214096229623
2019-07-14,10219.4959362507,0.9695689445368663,1.460028291642619,0.9624444659281735,-130671598.95239201,0.4855499288155351,0.1871420653389067,0.5987495415058199
2019-07-15,10883.1735099455,1.0228469798520974,1.9169052992996176,1.012190655233102,116055009.32901199,0.5168140739368049,0.23424231196623627,0.6233462173276958
2019-07-16,9540.26411688977,0.9709615364460049,1.4580133924836742,0.9580737813662453,-139563903.154621,0.44860878094436013,0.12919344356468576,0.5706758167471677
2019-07-17,9696.80002321681,1.0319881553464174,1.5430208679221216,0.9917580221272214,149089043.92555296,0.456931218421318,0.14141809445284023,0.5785800789728595
2019-07-18,10665.0314288209,1.0654272392406672,2.5523780088433843,1.0330810213392168,357144001.17102695,0.5049361896185888,0.2108283502434446,0.6170027817300496
2019-07-19,10568.211657323,1.02839026011946,1.1899982194600913,1.020174559773608,145176877.007824,0.4995640945276575,0.1995147385007707,0.6145311920227091
2019-07-20,10759.5887899584,1.0332189210978358,1.8742113084385958,1.0140999225444125,90698733.274247,0.5079079432255809,0.21188403022117594,0.6215357836165275
2019-07-21,10626.5284315564,1.0452343734529,1.9096298832316831,1.0255914287120071,104331655.44963899,0.501173984975086,0.19854326575549472,0.6169764277943167
2019-07-22,10335.2033717124,0.9983125874841932,1.2997754831517334,0.9934064756032991,-8904287.007998005,0.4869276236169962,0.1755537039072816,0.6063997210607376
2019-07-23,9842.97306940586,0.9796691792396099,1.5687099588072273,0.9762407263613372,-77229396.387406,0.4613777076084225,0.1354119953221224,0.5867827208994378
2019-07-24,9844.37375415359,1.0863187969819554,11.868232406590664,0.9880766128046377,290189317.888759,0.45995749612865716,0.13429095201130936,0.5859138100806007
2019-07-25,9955.17959317,1.017982909821807,1.2302012667910738,1.0109817808032218,61015747.03885599,0.465491552117968,0.14117770120220702,0.5909522995653644
2019-07-26,9934.52005732129,1.0180262237568556,2.187207700805997,1.00283927288894,54182629.220240004,0.46416725821787186,0.13561778710353567,0.5901758488071538
2019-07-27,9625.5316421783,0.9932257750001846,2.0655906072166625,0.9857080289096094,-16599143.105364993,0.44691984957782666,0.10777997843802013,0.5770436375524012
2019-07-28,9714.70263902248,1.0050608717217913,1.602147759157734,0.9989851754178022,8965797.992933001,0.4519887878462206,0.11540316003054908,0.5809676805084785
2019-07-29,9640.97222336733,1.2602537992140372,5.221705665668625,1.0164800173289124,1766008908.909766,0.4376371927119956,0.10144959382803341,0.57386880650455
2019-07-30,9584.62372200254,1.0044265132932217,1.541257870851037,0.9979521141543699,14407394.179891996,0.4341522180087452,0.09457931434734254,0.5715038702487607
2019-07-31,10134.5745812126,1.0298354289885305,1.7736364679121568,1.023184118173772,97798901.868799,0.4644813879331463,0.14136798887399077,0.5948334775085645
2019-08-01,10382.0832181172,1.036325919249373,2.386916474655933,1.0204187683137564,109721024.76078302,0.47677067098504394,0.15975090322295846,0.6045194337457247
2019-08-02,10549.7554665768,1.030867017229683,1.8819812215631724,1.0260918405062993,107137166.64725801,0.48439668902252414,0.16449445438543514,0.6110198247721516
2019-08-03,10836.6555478624,1.036678974322787,1.9746200458170553,1.0313234665525974,85126453.35898599,0.49754560490800087,0.1846059162163409,0.6213514666146789
2019-08-04,10944.8873631142,1.0394489394298252,1.408630539434889,1.02021747649139,76215437.93120301,0.5021005268082284,0.19109924172540604,0.625426252094978
2019-08-05,11810.1653915313,1.1017923503483802,1.490977730827844,1.064762054500459,538814659.845741,0.5359806176944061,0.24214261397792727,0.6543586093275939
2019-08-06,11486.8170347812,1.076360161664039,1.672059642091656,1.0310420952746513,350173744.287311,0.5206689035055316,0.21404920577303543,0.645601228985054
2019-08-07,11993.5534484301,1.0779574322711876,1.8735685945323062,1.049000853121333,307420974.813331,0.5398043303214062,0.2424007434603158,0.6609163608194595
2019-08-08,11993.9919257893,1.077281082096236,2.4673193533263276,1.0488971458438983,314371935.54479,0.5384075286461311,0.23783817721961079,0.66102526038407
2019-08-09,11891.1247535773,1.0332639426591257,2.004096551748608,1.0255008089675943,121483937.97781701,0.5337401193427413,0.22862670261782886,0.6581639673087152
2019-08-10,11307.2847089656,1.0051950003804906,2.096490958679124,0.9953992839028846,10489205.778303005,0.5093627303218465,0.18784798080662943,0.6405642924355268
2019-08-11,11546.0049178242,1.047039857469444,1.633755343148718,1.0245620057558962,102324333.69233,0.5190888553037682,0.20276767042430646,0.6482306599636036
2019-08-12,11383.8244907973,1.0267181331553388,2.3808918389313227,1.0070150455316358,84292021.59484701,0.5117239043453055,0.19005931374507634,0.6432718421403226
2019-08-13,10901.8291311866,1.0283663043239208,1.7676639940127394,1.0139580044820866,104885092.690557,0.48918867538589533,0.15220537720256147,0.6276930658921251
2019-08-14,10115.090924665,1.0105959728788783,1.7906329034702673,1.0046473338773854,39744377.778405994,0.44887794920443697,0.08472836549473256,0.5988118099754592
2019-08-15,10440.0025308695,1.0062436706031879,1.9333162606201788,1.0000439099528,26743195.237614006,0.4664482600618547,0.11235309709414291,0.6113519342545536
2019-08-16,10482.3414143856,1.013101754413312,2.176383817582213,1.0037630386073884,47820083.037415,0.4683713655639738,0.11406367035441393,0.6129700245755837
2019-08-17,10394.0301477797,1.0011354536032053,1.9073415223866652,0.9971895186135223,3570666.8416490033,0.46392714462699636,0.10473054215218278,0.6097391760147537
2019-08-18,10431.5592943798,1.0060087693237645,2.222088593913037,1.001923764467757,16977382.302010998,0.46572721764786423,0.10731435179909182,0.6111526843177323
2019-08-19,10947.9703530009,1.0211766147317907,1.1525539923403538,1.017579280663087,74894478.388439,0.4906745383319854,0.14751721755019337,0.6298840708050216
2019-08-20,10820.8877633239,1.0365757594038383,2.2589053325915263,1.0114188757277225,122677956.99829699,0.4839336680811487,0.13473502722569464,0.625615603949709
2019-08-21,10281.4714085612,0.9980258851565404,2.5360198200816595,0.9892152496603812,-16533285.899388999,0.456899097760951,0.08928287705855173,0.6059726055721315
2019-08-22,10265.8609290499,0.9949473342099564,2.0801479140741552,0.988316873403957,-13117284.778655998,0.45620346021274594,0.08743362285792536,0.6053907297208128
2019-08-23,10513.7725238689,1.1293511961125031,2.4181627665384005,1.1177170734473738,414626750.713973,0.4670060545688349,0.10139645057334339,0.6147107728644912
2019-08-24,10292.7324733008,1.004270226510702,1.703655141606602,0.9984027759285496,8132387.212893002,0.4554436370119451,0.07880555476046659,0.6064978954319284
2019-08-25,10291.9449477339,1.0138342028733978,1.803959309311517,1.0008155776576602,25563006.891655006,0.4552514248358995,0.0779677893916078,0.6065365234108032
2019-08-26,10435.4077328217,1.0205255125396182,2.036212424076968,1.0081599914946833,71749838.017182,0.46226221709910603,0.08942737440945919,0.6120118903197656
2019-08-27,10280.4595555949,1.0220614422317549,1.765168605032639,0.991656350580447,63954909.300528,0.45373595913260295,0.07519058658285581,0.6064380762241259
2019-08-28,9940.70226134142,0.998120047124789,1.7607521992843422,0.9896038346107783,-7344571.287726998,0.43486079839675235,0.04212002307699637,0.5930773064463413
2019-08-29,9697.3416876693,0.9824053355867406,2.011468858730678,0.973990979726441,-70959205.118518,0.4212282029446324,0.01920239536197441,0.5829083072175304
2019-08-30,9781.78983089478,0.9987621991812793,2.0228033143996442,0.9901527619761621,-3353661.916964002,0.4262854921351241,0.027553680931232435,0.5865401516574966
2019-08-31,9800.08930420235,0.9944735706087827,1.6199537886278759,0.9906137419034966,-11650554.688555999,0.42739066477634724,0.02904599705464832,0.5873446512098739
2019-09-01,9739.39609887312,1.0097358532412222,1.8462215533005113,0.9921290653597594,20126713.366612997,0.4236206984871987,0.02290942327217996,0.584852367749185
2019-09-02,10349.2191064565,1.0262557110450217,2.0251395547236832,1.0182951305705044,97486582.049204,0.4573686600998236,0.07864053944312266,0.6093585498177513
2019-09-03,10631.1512202484,1.0321586037810067,1.7352757056642567,1.02277407082692,129576789.32276002,0.4708927150386894,0.10031252787413625,0.6198451855051715
2019-09-04,10647.0440848181,1.0221071092798597,1.4868915955199058,1.0121077595152717,84985314.699251,0.4711519114611905,0.09923026415784031,0.6205705482369087
2019-09-05,10650.4380874233,1.023082696891128,1.763492839600731,1.0080134688301414,87955325.410005,0.4707870171264454,0.09669140689203218,0.6207095880149546
2019-09-06,10419.2605180637,1.1992455582936086,4.663323681530065,0.9968374656773606,805184454.892967,0.45419982563046907,0.0742107402813896,0.6108191648562821
2019-09-07,10582.7176672262,1.0230033699442849,2.270707027622268,1.0096446206277183,58915622.352591,0.4624397914196126,0.08689522575413279,0.6167626296447325
2019-09-08,10506.912778104,1.0179256777213548,1.8353446761626762,1.0059858331956695,38046903.65346,0.45829170949423154,0.07944462041924091,0.6140175086966105
2019-09-09,10405.0709243931,1.0053065631894131,1.5101360536932744,0.9985056004323165,20621081.602778003,0.4527796313180147,0.06981009913115703,0.6103383523801905
2019-09-10,10242.2343873083,0.9998474309324732,2.020418913708096,0.9924320903041924,-1264130.9919749945,0.44397887781066064,0.0544607422228401,0.6040636499175318
2019-09-11,10194.8001037375,1.0757201247369204,1.9574804003665445,1.0692305553035117,295707628.59773,0.4398947196174,0.044191459482240555,0.6021784656166881
2019-09-12,10536.5252600889,1.0223055988520997,1.853423619554022,1.0123980133910486,78732663.19506,0.45782699125644616,0.07336167397802498,0.6150583650794781
2019-09-13,10385.1022594933,1.015955589009563,2.3603684951609667,0.997424590734306,43112973.802637,0.4495429767322905,0.058916045965058804,0.6093801583617797
2019-09-14,10341.6091653141,1.0070905761199693,2.150683228927208,0.9964698599651285,15739520.123756,0.44700160641242276,0.05386173630532192,0.6076481691447908
2019-09-15,10419.0132295664,1.012702838374911,2.156142243116339,1.001347709075154,25974049.944376,0.4509601704947583,0.060415803786987216,0.6105532884356589
2019-09-16,10304.588195825,1.0006898180136405,1.7237333883104902,0.9950074064309214,1993596.9283830002,0.4447497115506162,0.04770155872460553,0.60603087063248
2019-09-17,10210.6967184019,1.0053420314115349,1.309057840139186,0.9999194778109681,19076138.675865002,0.43939427926426794,0.0376138080557295,0.6025389577298909
2019-09-18,10235.6860675804,1.0317239616510534,3.4277616909723885,1.0001101423860739,124144018.61967401,0.44003462968626195,0.03868933145665723,0.6032493979214064
2019-09-19,10284.681039902,1.0053847999667014,1.7054532541659095,1.0002301543977141,18532007.174891002,0.4427954469927986,0.04228011175844797,0.6051023085458076
2019-09-20,10296.949839127,1.0065308712734304,1.8970721683323895,0.9996265980341399,27337358.539490003,0.44323225861158266,0.04265627965219929,0.6055517339157638
2019-09-21,10125.0649029007,1.0003356248230706,2.2844766818405664,0.9952959764660535,537526.2131779976,0.4336990442639182,0.025690155424174573,0.5987541730388211
2019-09-22,10085.1330602805,0.9989896171610625,1.7155387139189928,0.9952449084542017,-2165422.883816,0.43141824432253384,0.02153388060024196,0.5971362593120814
2019-09-23,9865.87460853742,0.9883179148498875,1.2296521606107758,0.9844651367403996,-36152478.529262,0.41887588112026247,0.00022236778068993773,0.5883114268971913
2019-09-24,8772.43391367457,0.9597860376590495,1.7978835551253944,0.9073185159524102,-219831288.41631597,0.34626104276610137,-0.11432185057437778,0.5372886590034472
2019-09-25,8593.33456543955,0.9624813370558738,1.7182709141351584,0.9507958231906775,-223843972.84590602,0.33538288730609456,-0.13155628821601315,0.5276846398692039
2019-09-26,8219.82403541841,0.9288649953823276,1.7885563133755118,0.9192959824343708,-366400597.183973,0.3073396590952699,-0.1798452203769131,0.5053295700151781
2019-09-27,8375.17846754462,1.0023411033427962,1.8380087488170747,0.9823727588018979,9061778.363794997,0.32059364169747967,-0.15779028077361634,0.5143968697789023
2019-09-28,8395.21296352117,0.9768822150251946,1.4722130308346637,0.9721152548655847,-59237651.641667,0.32266862002516156,-0.1545609044936413,0.5154645691925522
2019-09-29,8181.09311495935,0.9786276735397553,1.5405175885601357,0.9703906501561081,-46382886.590824,0.3051583805964023,-0.183589679721934,0.5027881307741092
2019-09-30,8313.71979249385,0.9845674175565,1.4657762435026367,0.9789976262286176,-49085048.946632005,0.3166175129703033,-0.16360757315695404,0.5107388255167719
2019-10-01,8399.89134533326,0.9741251456458451,1.450915771661675,0.9718089607949204,-88468842.468968,0.3240525298534396,-0.15081167891783545,0.5156375061612688
2019-10-02,8579.7918565564,1.0006196947067592,1.6548951249792794,0.9965147985535525,2430386.6579610035,0.338455498819425,-0.12721751720346128,0.5257225340623564
2019-10-03,8421.93643888283,0.9796422365073282,1.5507614806226064,0.9739733199932019,-54566219.269495994,0.32637318717822716,-0.15295913952322968,0.5161005263368389
2019-10-04,8328.35883521631,0.9828408610690095,2.041919474397455,0.9753410173379176,-41345629.97328,0.319037578985956,-0.16558009106720273,0.5105030678119046
2019-10-05,8340.82820462157,0.996492979770621,1.64574502805066,0.9906394810314753,-5846130.794399001,0.3201133990083419,-0.16467766972434453,0.5110452691328357
2019-10-06,8095.53335343318,0.9716294539118251,1.1918590492276624,0.9685773193599483,-44432620.477684,0.29973868374426915,-0.1990282057023342,0.4962399916158088
2019-10-07,8334.29635813174,0.9962994999887964,1.3324388652798989,0.9896948676654346,-8637452.738812,0.319980684950857,-0.16414510445502944,0.5107778155714645
2019-10-08,8288.86617075195,0.996004465695984,1.4487988969978711,0.9751800930395036,-11047605.362945996,0.3162035217136262,-0.1691032107185671,0.5082901332896952
2019-10-09,8599.85742361521,1.0023256558339786,1.396580095378099,0.9992503756160012,7752443.852752,0.3409395669226525,-0.12738687935755263,0.5260130082149154
2019-10-10,8650.27324196,0.9985793794932347,1.8027806488327693,0.9937735260370412,-3946500.2197999954,0.3447175186353933,-0.1217868454273604,0.528504603737134
2019-10-11,8276.35713774535,0.9759760859881595,1.3130511588415121,0.9707187420984609,-66507619.950551,0.315269097689329,-0.1730967208108704,0.5066676386668963
2019-10-12,8347.46262435701,1.0029400162446598,1.7674574805010705,0.9867053345170116,4757742.283282001,0.32105306980430354,-0.163443809437473,0.5106080082251736
2019-10-13,8297.34972411386,0.9863615138575388,1.4223347511469961,0.9844303382236239,-21681567.949118003,0.3169985757861677,-0.17337140433203616,0.5058878537944413
2019-10-14,8377.12391745221,1.1272414181351451,2.220019688328911,0.9872051832769286,461915419.294871,0.32045367489868315,-0.15869344911333824,0.5098894035163443
2019-10-15,8356.77477822925,0.9762511684092806,0.8585446577604393,0.9863237225179725,-65348716.37475,0.3192701562081259,-0.16169929904064897,0.5085065639557285
2019-10-16,8007.76895264893,0.9667365179315635,1.4589938312805748,0.9573740296629495,-91395050.209932,0.29006729362755,-0.21040411381112192,0.4860879997494576
2019-10-17,8176.30447974039,0.9916080237186911,1.657777825571812,0.9857563010279499,-30680718.205999,0.30500211665507615,-0.18447223965884066,0.49613047921488207
2019-10-18,7980.23332695576,0.9843377573445533,1.0986994804745345,0.9797648919555414,-55344601.041207,0.28822391538526393,-0.21155072907975148,0.4839209229523784
2019-10-19,8122.39178534545,1.0033416194698452,1.582668280667766,0.9984168750519347,9323205.423231002,0.3006729067122062,-0.19134602556715918,0.4922610791268792
2019-10-20,8232.43522600217,1.0013602791609502,1.9525430211696029,0.9973479007935198,4444527.422698997,0.310005576165994,-0.17577192784031878,0.4987079464694336
2019-10-21,8225.77367865012,0.9837294752584511,0.872599724794994,0.9942185167713172,-61965386.57529199,0.30971349762031186,-0.17570626116308127,0.49935278784915255
2019-10-22,8055.68330776575,0.9853086732861864,1.1873438700025347,0.9833456207925125,-52126602.139103,0.2951952871749496,-0.19971293683279262,0.48812423571506336
2019-10-23,7564.28642947329,0.9533664596256565,1.289559000645856,0.950776221036525,-196994162.359238,0.25070446025971416,-0.27270141041183077,0.4542999887052891
2019-10-24,7454.82692517236,0.9484194525060206,1.0533102388813462,0.9469120853079864,-220083624.809026,0.24135386742982845,-0.28587536613940284,0.44593044326049275
2019-10-25,8820.18462530599,1.0498969796941142,1.4640963512766434,1.038299735564574,229666517.799668,0.3585141314184008,-0.09070899172908511,0.5316507935505161
2019-10-26,9246.95611239457,1.0536207691871027,1.3027518245122058,1.0504683211740853,252712512.975551,0.3861167926190644,-0.04676916971061453,0.55214150152081
2019-10-27,9543.71381079162,1.0276591854297425,1.4070461019576341,1.0221419375205116,77618620.487351,0.40468479447695205,-0.015905799325209784,0.5658109765074479
2019-10-28,9238.81899592666,1.0270994226222265,1.661520594163214,1.0063542510498034,132900062.43830898,0.38352900412291546,-0.049959413764623366,0.551411386907
2019-10-29,9423.81549073234,1.0319227628558483,1.76768360901386,1.016572922479152,140999097.422188,0.3948201895972689,-0.0309497276247843,0.5599208734425553
2019-10-30,9196.11033671131,1.0050203775229245,1.4204106860484824,0.9989532243486372,15203754.168407999,0.3796723389904257,-0.05657529150125087,0.5485487267995656
2019-10-31,9220.16964042512,1.0068531451303384,1.2981910042294351,1.0029583965626057,30378232.318776004,0.381067791322797,-0.054528178527162276,0.5490110353535452
2019-11-01,9315.30007544309,1.0327224736862466,1.4171767675416205,1.000124047682531,160195035.11954898,0.38652390998006286,-0.04366286897179345,0.554364596268517
2019-11-02,9360.41390878478,1.0093835017791741,2.138443719816009,1.001892384289806,27822252.890907004,0.38925967773079057,-0.03901703110964035,0.5560393054734578
2019-11-03,9327.00812798991,1.000756342324407,1.3522976805388565,0.9975508509152463,1957815.2731100023,0.38704650042667893,-0.04276733270184746,0.5541904313858342
2019-11-04,9435.21244606531,1.0105118406330715,1.6103019277362756,1.005797160733402,43577548.741579,0.3938451760756283,-0.03143156304292457,0.559056442684025
2019-11-05,9310.79075857969,0.9472504355746689,1.0262165437018524,0.9436988696944162,-304662307.732482,0.38775587873003986,-0.03891782625036091,0.5538725960335465
2019-11-06,9318.96225702737,1.0001667689238147,1.090208767535535,0.9946708717714792,889264.3629509956,0.38819896902032985,-0.038201190421464526,0.5547058378876091
2019-11-07,9308.77692698598,1.0109654453038026,2.258375837067332,0.9990398619226213,44814572.762431994,0.3873017480772259,-0.04428641981483587,0.5503499747785602
2019-11-08,8906.6867536001,0.9830474568692981,1.422039767069318,0.9797537747341675,-83461256.05280499,0.35992207682989436,-0.08992127025233365,0.5295671953090306
2019-11-09,8861.47667313982,0.9926162915909413,1.4816175282920678,0.99066109936178,-24363099.030222,0.3567894130757812,-0.09497947534200958,0.5269783181052154
2019-11-10,9192.16082172047,1.011346322454861,1.4607156947614224,1.0086857063072991,28433674.164502002,0.3798468176985853,-0.05622941681239421,0.543856781738158
2019-11-11,8802.80543630773,0.9961673275174479,1.6786663831559412,0.9862772698959059,-15861321.304918997,0.35240537693722684,-0.10194464342263163,0.5236202003620645
2019-11-12,8980.77735272324,0.9997058252194022,1.0984851707994905,0.9981788029605307,-642982.9843470007,0.3654213486760747,-0.08025758458341753,0.5329210751752983
2019-11-13,8781.66304199267,1.0529862506211733,2.678386803824555,0.9887346054106309,193196408.987288,0.34967764901910586,-0.10339896052339426,0.5215786782173474
2019-11-14,8758.30209690455,0.994994677035006,1.384193641972723,0.9909525310774695,-18684611.335849002,0.34809097573366315,-0.10650074353941548,0.5193245764509646
2019-11-15,8694.24762695861,0.998554081814359,1.425674390217004,0.9917317752508451,-6300948.026708998,0.3433734528925441,-0.11394669040867199,0.515597004973591
2019-11-16,8724.86624259459,0.9971993508081688,1.270802310844745,0.9958197809838878,-7096913.29377,0.3457784110215605,-0.10991727507086095,0.5169860118397903
2019-11-17,8736.2305019683,0.9997400627989559,1.2271578690229712,0.9977663862223838,-555750.7851860002,0.3466170179370304,-0.10854606622904792,0.5171324738913913
2019-11-18,8183.52250090844,0.9704663380692822,1.0907312347806342,0.9648751740348115,-109356302.21574001,0.3028151385482441,-0.17981452558209116,0.48461745177192256
2019-11-19,8116.93378357067,0.9847921370550194,1.2901439397182457,0.9778891245085504,-54098144.940065,0.2974398018468719,-0.18744595530544908,0.47930085021085933
2019-11-20,8320.62692140835,0.9928276835951109,1.3825424286801011,0.9894210750094354,-20441370.417216994,0.3150005229036553,-0.15764898074971068,0.4914849301663161
2019-11-21,7848.08525181198,0.9611878110239812,0.967665927095324,0.9610164753875502,-148775186.480277,0.2746522143496613,-0.22332808320629297,0.45975209570753817
2019-11-22,7448.21207152243,0.9514080118368208,1.0982090129047997,0.9365687579823097,-246894220.731696,0.2377772148612943,-0.27735032461164244,0.4320513622089529
2019-11-23,7321.42442523596,0.9542696392824962,0.7605688222037846,0.9639912615364866,-165590782.515352,0.22568080481982855,-0.2946185753570303,0.42192430950844706
2019-11-24,7057.93999031244,0.9932137482109538,3.5051877538860534,0.9641081780976529,-21825845.023225993,0.1966347791911617,-0.33767560500368177,0.3975537173968282
2019-11-25,7186.68347802699,0.9718692041463896,1.0821083673025278,0.9678338299974082,-116742420.56395599,0.2123175937205088,-0.3082410959897245,0.40796458853255485
2019-11-26,7165.70528160955,0.9628155816466313,1.1290428064270197,0.9588090008531056,-143284037.612342,0.21094686223693002,-0.3061253117228705,0.40530436397702263
2019-11-27,7733.72544804235,0.9995991720314943,1.9635587876347143,0.9908941617433925,2071593.0708499998,0.26982661905395133,-0.20798714850582342,0.4475645432847022
2019-11-28,7666.29511075556,0.9916080736225068,0.9559717589837715,0.9922955795044918,-21536147.744495,0.26338522339975917,-0.2125873599007867,0.43804291541609847
2019-11-29,7779.62798450312,0.9909478527666166,1.1552805805833328,0.9890562258093876,-26653659.09968,0.274288406089508,-0.19193433355990966,0.4437268146214056
2019-11-30,7787.01148823109,0.9800417570803703,1.1819911067021778,0.9740215268617378,-48850445.345511,0.2753038378204696,-0.18525615349220356,0.4411137396448589
2019-12-01,7574.12634448035,0.9834404131353277,1.1419866472378648,0.9809994588632193,-36872843.875245005,0.2552655510891083,-0.21535831480444717,0.423622566953692
2019-12-02,7305.57492476491,0.9606227713988069,1.022306815597766,0.9594170208667958,-111520582.618711,0.2284620729747766,-0.25461140569405943,0.39993236054025383
2019-12-03,7545.41083235614,0.9815503015710673,1.2192173609941839,0.977360360503189,-51337979.349810995,0.25355129431545387,-0.21197073927185553,0.41808301661038677
2019-12-04,7193.98071276996,0.9681164639692944,0.9287554910123239,0.9700093997744009,-134223709.74909002,0.21727503380948593,-0.26491392892854637,0.38855740296997143
2019-12-05,7608.62942688998,0.9942775137581782,1.1061441356663082,0.9925957588899403,-13913443.018447995,0.2603661674248062,-0.193510437144987,0.4203940903713335
2019-12-06,7735.39632168443,0.9959503014411248,1.1705522582507089,0.9941572690525216,-14701311.637701005,0.27305543860394516,-0.17122571369834522,0.42780715351425186
2019-12-07,7502.35128979071,0.9835749525028223,1.1013093920962633,0.9825097272150674,-37667529.056041,0.2503805814341057,-0.20560773943051228,0.4092308039439138
2019-12-08,7733.8762168362,1.0028545258903132,1.1867803070095762,0.9999004508175895,6419858.075025,0.2728524406114119,-0.1687784420245278,0.42632491061319366
2019-12-09,7344.56120236195,0.9745463259675103,1.0338542675621492,0.9736136899648502,-70840700.030487,0.234419478440823,-0.22785244522601797,0.39555690426102896
2019-12-10,7440.81241755944,0.987226578947052,1.029654373190078,0.9867828297674726,-33808740.24788,0.24467698880726893,-0.20868600954763372,0.4016393963254435
2019-12-11,7424.4229027858,0.9838022673264729,0.7952913912500914,0.9915751076743037,-44644102.377083,0.2434495827128939,-0.20827952741705122,0.39933541254409627
2019-12-12,7427.69858326886,0.9920768613847784,1.0784118440582875,0.9907587804382126,-25128321.518625006,0.24418709160510593,-0.2040216053310838,0.3975363580207868
2019-12-13,7483.45805449416,0.9980659609679979,1.040295222271948,0.9970607930278476,-4503456.20039,0.24990360250033666,-0.1911966955710085,0.3989509773093747
2019-12-14,7136.72769752214,0.9676560279983627,0.9125676002553312,0.9699564657781646,-54171652.251758,0.21369381892510264,-0.24386243641368868,0.367166051246697
2019-12-15,7376.47508854449,1.0056942183307838,1.3530977563553723,0.9987129960653578,9382060.253239002,0.239302959311711,-0.20263842523412923,0.38729925665731557
2019-12-16,7129.41866768372,0.9710460794278769,0.9153082749909821,0.9724500132570129,-73572788.205652,0.21338355285860724,-0.2413641217158834,0.36571621463364307
2019-12-17,6854.12393636706,0.9627530706640518,1.2195744249489606,0.957896601422258,-123830250.93696702,0.18261059234048668,-0.28548905969294575,0.339558290450268
2019-12-18,7280.76719338046,0.9634371710031068,1.2815048979730534,0.9600269780442726,-130536852.641348,0.2320911047406744,-0.20531337479707387,0.37744682674086716
2019-12-19,7452.18905169472,1.008685099380604,1.3534322352880084,0.9983337697822404,25024075.836667,0.24960443595341025,-0.17655892085779587,0.3913320611520887
2019-12-20,7408.17857141814,1.0057245713407832,1.2001283756671162,0.9854793644163247,18566462.377799004,0.24506516260260297,-0.17965902610482345,0.3877985099471201
2019-12-21,7430.24414028109,1.0001250595839295,1.2129513875999463,0.9972879707948763,326250.7194630001,0.24733866153107134,-0.17076286860924714,0.3839071928763265
2019-12-22,7510.99925021541,0.997304748587658,1.0015027704349824,0.997227302970418,-3615330.327323001,0.25544832992024474,-0.15713821348274054,0.3898572350584956
2019-12-23,7318.88146882871,0.9840044619315396,0.8666375332275441,0.9870570916231298,-50908533.411919,0.23567002430477382,-0.18539008555930667,0.37366391715404834
2019-12-24,7539.52777818475,1.0161723667514684,1.341370711487132,1.0035305117767899,39992498.095892996,0.25801395704940144,-0.14968539254496865,0.3913145736688407
2019-12-25,7196.85713646088,0.9146815385355886,0.9323342439348873,0.9143583865925109,-202884313.587948,0.22404996403404961,-0.19796695319588714,0.3621717295534158
2019-12-26,7195.35824383555,0.98133134337109,1.0610150534272464,0.9758143596133788,-45946725.233429,0.22400208632511603,-0.19389636817845385,0.3602209780251201
2019-12-27,7244.89104712088,0.9861575788036001,0.8575768376370949,0.9911539001419319,-41786980.469781995,0.22963905864740045,-0.18396128478417878,0.36456664150532775
2019-12-28,7296.68531645153,0.9945834896774473,1.0577305168150408,0.9931044155697776,-10434824.240939,0.23511840918567367,-0.1744369697543211,0.3686706593179148
2019-12-29,7634.77263573633,1.0183232905065323,1.2486270466540608,1.014846035948842,35706587.685498,0.26893091151450216,-0.12283027496858595,0.39628275262247403
2019-12-30,7455.46908193393,0.9730997045224723,1.1273073487850265,0.9707588705260572,-101600422.584757,0.25227839318286355,-0.1462014588126394,0.3816614690052243
2019-12-31,7441.09262129824,0.9923580273998027,1.07588203821265,0.9908146716149465,-17749371.866715003,0.2510619979305455,-0.14356123559368644,0.3744671573261637
2020-01-01,7440.9171103844,0.9982390653544331,1.1420099318464452,0.9958311054611546,-2213083.6647839993,0.25106119624401235,-0.14280218082287563,0.3737969445329179
2020-01-02,7241.52172520657,0.9952595735574274,1.307091394264564,0.9838647558237854,-10813206.639309004,0.23051676136102725,-0.17191585622564978,0.355888240483468
2020-01-03,7509.88166349584,1.0066785057490597,1.0166457714420338,1.0065515765693376,22345308.088818,0.25799208999746975,-0.12988644071490943,0.37845890665776605
2020-01-04,7413.57349224863,0.9834906847368848,1.0759717240261442,0.9815054267650939,-29697444.730545998,0.24847219001955514,-0.14271885856968008,0.3698888107220863
2020-01-05,7585.66924367672,1.0053820935963145,1.0044947246279676,1.0054018142802965,9653353.148494,0.2654409940340966,-0.11647102506666286,0.3839352455426988
2020-01-06,7953.72902693968,1.020567694811972,0.9461565680216155,1.0223056879277999,63712651.186064005,0.2992671178578858,-0.0654917375512932,0.41185018823806596
2020-01-07,8297.711358747,1.0248651692242037,0.9409992561008885,1.0279263016091833,73258752.403869,0.32793755272624014,-0.01811827175425518,0.4329481399663297
2020-01-08,8178.62682072587,1.0122530023071452,1.0975112605107014,1.0102946654438274,35715887.224077,0.31748874122644616,-0.028962468345384525,0.4215011818353041
2020-01-09,8080.63706321322,1.0212062221652074,1.2221539588524493,1.0172604511219288,69193539.214002,0.3087745072888111,-0.039032053954893106,0.412138327357191
2020-01-10,8423.92594181755,1.0269205981848795,1.0786846247049677,1.026036861981637,85994555.359915,0.33685470116851685,0.0025642834522275654,0.4353255782572
2020-01-11,8024.25385881086,0.989268351576429,1.0510197452079428,0.9883119272533717,-19818685.34463,0.3036406832464479,-0.04520032082271269,0.4064544350412906
2020-01-12,8247.04062877384,1.0129136515716506,1.032491411835159,1.0123814979586312,22227739.62192,0.3222821591493366,-0.01678305074013957,0.42212439049077877
2020-01-13,8343.47348803554,1.0163501395673122,1.3507458884525927,1.0105956326281669,40759428.151808,0.32985931972828647,-0.005110838626862947,0.42846004402864507
2020-01-14,8859.46516792309,1.0469712721490352,0.8538543027533438,1.0702266790051296,263284641.61473,0.3674986580723052,0.04467017996069074,0.46380684612888157
2020-01-15,8973.55365349339,1.0379022002482166,1.1717224590323987,1.0330607995165912,191409512.577841,0.3743333408703274,0.05319028822098846,0.47058039730441387
2020-01-16,8759.51833101199,1.0115803187605559,1.299927529826828,1.0041186243878215,50060095.735413,0.3584540095043814,0.030046005733308696,0.4573440741403371
2020-01-17,9044.16436355555,1.024780549941825,1.1962742592890907,1.0231497935260916,114200239.762962,0.3780424371861794,0.058399052652095794,0.4740310338488927
2020-01-18,8931.7519068645,1.0119213253773822,1.0738039035168752,1.0103203012192081,20994623.036473,0.36996327761274944,0.046566206158782354,0.46706486144765585
2020-01-19,8729.45710683362,0.9918149461693002,1.5030371318295983,0.9875680139245664,-25226123.179367,0.35525323081030735,0.025610783826302292,0.4545497650395007
2020-01-20,8827.25596417741,1.0065579033415266,1.0711176839372378,1.0055879382417152,26514902.618568003,0.3623647657559123,0.03598460828253077,0.4605902265298459
2020-01-21,8924.98671544368,1.0151406903452727,1.1543305695342498,1.0119438890257981,37022251.132143006,0.3691848044308383,0.046342715430955306,0.46616114377452644
2020-01-22,8660.32781683201,0.9917119388767043,0.9934140065080661,0.99167527239596,-33192188.876176,0.3497618020914467,0.01886705467004159,0.44941579685556937
2020-01-23,8550.87196408555,1.00349165079594,1.258245012249294,0.9945811003835267,9738044.748991005,0.34133726931996244,0.007174239797831694,0.4421440222663743
2020-01-24,8587.88921968479,1.0166498623317062,1.9309706813260312,1.001549691246286,42489093.418046005,0.34392339237352454,0.012104423775039876,0.443733209896326
2020-01-25,8412.77855792057,1.0025112626483617,1.4761280634911225,0.9929905555625088,3111198.2024139985,0.3301668234828086,-0.0075215853516920304,0.4316470822237064
2020-01-26,8809.642184284,1.0214089645141842,1.4381234028007785,1.0154459188551908,40193962.100166,0.360208649868991,0.03756465343218802,0.4568217448676192
2020-01-27,9038.54469651087,1.0244349467088774,1.2518740241496935,1.0202330265438182,68662120.05084099,0.3760383791250531,0.06093914285494248,0.47021400559666504
2020-01-28,9375.97789501837,1.0362569292826544,1.1655881714063547,1.0336491163493906,117344783.03474,0.39792051730403266,0.09267788424981913,0.4888101152044569
2020-01-29,9299.96162663326,1.053064320188414,1.53691427513243,1.0151268892532834,168705215.21213,0.3916575228237778,0.08434457345326192,0.48408904868385627
2020-01-30,9493.08554046166,1.0395911603543737,1.0745274707300991,1.038766502462703,151615064.42984998,0.40313515959908003,0.09959555793062512,0.4945264561719466
2020-01-31,9335.05194305678,1.0357040098063617,1.2119008622571175,1.0301534903407903,159276797.790863,0.3918451771814367,0.08114348079073049,0.485996243055847
2020-02-01,9403.60060640837,1.0163624594987932,1.068524717931794,1.0151461965510282,37275358.310674,0.3960348490852877,0.08719873623420298,0.48950472474037693
2020-02-02,9323.72322592627,0.9925111609716025,0.8265438916636326,1.0082412020531322,-14926516.962394,0.39083491978896095,0.0789358992519743,0.4856235557632025
2020-02-03,9286.36024013443,1.0083009166516894,1.0308486267043693,1.0046883206113855,50930084.628878,0.3878487322341597,0.07322830100744679,0.48647417107620644
2020-02-04,9176.00032436048,1.0058313059702295,1.0669806670952258,1.0037179482340917,20933719.960505,0.3802243986200786,0.062496763906078626,0.4797333324710048
2020-02-05,9612.73129312167,1.0320213711736208,1.1479629702087133,1.0289816690932856,97705365.70895599,0.4079203706142137,0.10356615467780811,0.5029468488920626
2020-02-06,9752.83181034061,1.0500233258488612,1.006103945232346,1.0548190155109294,271080470.455746,0.41474513188359347,0.11067276119495013,0.510517892358355
2020-02-07,9808.25637627188,1.089482986906924,1.531684584543183,1.0192687418491022,397371524.14661103,0.41576852384742574,0.11239457961601555,0.513724949978021
2020-02-08,9893.41266668696,1.0360203075330483,1.129540428935214,1.0333230090377783,130028035.13121401,0.4200905464466513,0.12111065544676622,0.5138115823070426
2020-02-09,10159.8468361936,1.0464124517803697,1.3477480543330491,1.033160460348996,109937597.700902,0.43468504078127534,0.1422853756587442,0.5265952412918493
2020-02-10,9846.74578370377,1.0598639194783774,2.6274470921277318,1.0170369899111322,250801893.086129,0.41505212898232813,0.1130351824750727,0.510958976114776
2020-02-11,10237.308198372,1.039664523327951,1.256336725211593,1.0349204804458496,190519492.753844,0.436555167497111,0.14329780869167713,0.529509623363107
2020-02-12,10339.4685845639,1.0312067329272174,1.2221372537037198,1.02664103735317,128191037.567634,0.4412792730359507,0.1494305832105322,0.5340300915278411
2020-02-13,10225.3954195325,1.0279416518851183,1.4563334202063323,1.0169575413416898,108490188.15212399,0.43432427900452464,0.1384172482314495,0.52865997232796
2020-02-14,10347.9412053541,1.029067886268435,1.2759870780367777,1.0228157411792576,104769053.202501,0.44049399261872335,0.14679167599455728,0.5342117089430203
2020-02-15,9899.92905239554,0.9963760579044406,1.012414154529695,0.9957236917161784,-15360652.090013996,0.41497442714123545,0.10858774433298574,0.5131273361162448
2020-02-16,9938.8747781215,1.0119031125934779,1.2498649157938693,1.008910659426403,34491660.876499996,0.41704882913247043,0.11160106476875956,0.5148578619167057
2020-02-17,9705.57263992697,0.998078710666945,1.2944442492483128,0.9941481512904057,-8467598.270624004,0.4029992377263661,0.09084396362911408,0.503040545989227
2020-02-18,10176.9112915874,1.0487617292490419,1.2878642868627816,1.045381159934538,267322528.657428,0.4300038762364334,0.12778603454754558,0.5258055817004902
2020-02-19,9603.59179932087,0.9994196982859305,1.328443839513538,0.9875798625152208,-7207235.56512101,0.3951581550132662,0.07696925545256303,0.4973118682177446
2020-02-20,9753.18206686123,1.00280550043698,0.9739299103204416,1.0054045352815402,14400853.923214003,0.4046764761163114,0.09020098755961796,0.5059918120086343
2020-02-21,9725.82402100957,1.0089348822815625,1.0696151152060922,1.0072179757795237,25854513.566656996,0.4027750164198443,0.08735818633239809,0.5044019314365864
2020-02-22,9864.95845678748,1.0158190080448635,1.4216716853434392,1.0111186849984664,33951578.760149,0.41106895446714,0.10005993344116886,0.5108355264608532
2020-02-23,9976.31729254294,1.0253978000484432,1.4114808420707534,1.0197702026997582,54957700.737385,0.41727782009490855,0.1092319156764443,0.5161027342616249
2020-02-24,9794.02400647799,1.0076785671405712,1.2125323014300822,1.004264795269206,25659675.822025996,0.40620229487849147,0.09230562434195644,0.5070751044915931
2020-02-25,9370.60782070447,1.0286872723900846,1.3748067676097877,1.0191573921316248,105031412.332434,0.3784871336087337,0.04972943250415967,0.4847372185044653
2020-02-26,8805.10601546749,0.9661993893423599,1.1236284055388885,0.9614749393828963,-113431532.139844,0.3389780945782787,-0.008292659066149306,0.45107029018055717
2020-02-27,8834.23208091019,0.9805381707808077,1.1574639008489382,0.9772111943226297,-65542426.82765199,0.34181971536526706,-0.0037176961985751424,0.4503145881243724
2020-02-28,8704.42728079738,0.9889578630495197,1.2571848406722501,0.9818399401968753,-41700600.941714,0.33219334919531807,-0.017672331678271817,0.4410836700614803
2020-02-29,8523.04038517677,0.9781786718292588,0.9220658637000267,0.9815649754606111,-47840305.85683101,0.3180793325079467,-0.03859630907961346,0.42875961746378355
2020-03-01,8654.73740278669,0.9897281543152162,1.1092099286194894,0.9859125890425788,-18762415.085312,0.32864799253353766,-0.022419308621764923,0.4368302337595343
2020-03-02,8925.19525740527,1.0170286141234084,1.6948350527558278,0.99665286635275,51626305.851624,0.3488011702440286,0.008562377641090082,0.4536582137007938
2020-03-03,8762.03229531437,1.0063934007244988,1.3599624542289999,0.9839678964642372,18530944.540881008,0.3363647260135982,-0.008867090424814521,0.44345851103427864
2020-03-04,8825.74030878652,0.9470186068012992,0.9743302748220432,0.946557510743715,-243250911.263379,0.3422493452535368,0.004299936259558588,0.4473913451606446
2020-03-05,9289.64862516547,1.0174972227121566,0.9292915196440742,1.0232834138020497,62509877.242796995,0.3749557807135292,0.05187023874304366,0.47559837766057306
2020-03-06,9201.63236572705,1.007607829433697,1.288714586973256,1.0022645964018502,23951998.149932,0.3687380724323364,0.04245209690018484,0.47045452085772493
2020-03-07,9117.72760312678,1.000142763571871,1.1315887891680836,0.9979426372429869,-374918.5102329999,0.3628518923005424,0.0336208384524913,0.4654817074894092
2020-03-08,8109.13334083755,0.950549155558708,1.143147462700225,0.9452984104154627,-93397854.347453,0.28378267228378784,-0.0837633406233313,0.3989673402636874
2020-03-09,7934.77087679265,0.9486318663992099,0.9098728431538894,0.9505925130802857,-203003543.84296,0.2696205252127531,-0.10200983429952407,0.3863599748997219
2020-03-10,8154.08625794656,0.9776406823022986,1.0408595420740079,0.9760315739933179,-79734364.60324201,0.29005437905606013,-0.0700167334538611,0.4029122974686206
2020-03-11,8210.61535148085,0.9720029316821103,0.8949483034745167,0.9762425018916353,-166067603.97226697,0.2969098424275694,-0.05890667668730624,0.4075799094494534
2020-03-12,4837.32127554015,0.6931689743659175,0.5582485747618747,0.706531844347841,-2360197384.128149,-0.17953839706894073,-0.6922508520311261,-0.0016265623082831386
2020-03-13,5631.97293041623,0.9065389750576023,0.6077494576459658,0.9274445681221888,-661538565.513473,-0.0004661949457159339,-0.4303316658412652,0.14231168905085428
2020-03-14,5193.49593749969,0.8978154846096282,0.6586961381841151,0.911557595221291,-342552627.685636,-0.08221471460996799,-0.5367233556379378,0.07058113300001237
2020-03-15,5382.38878298045,0.9527957141415937,0.7155064536710637,0.9619136352384491,-116934565.83557701,-0.042507972188104294,-0.4777723024234872,0.10345035548920742
2020-03-16,5108.45858990639,0.9101406931399537,0.698115075622027,0.9198988597708149,-396705486.16319996,-0.09327057974304644,-0.5397571360815544,0.05609475634638389
2020-03-17,5497.03945252489,0.9620360260034491,0.7401233830052751,0.9777999648721037,-147841911.053878,-0.013233051783817406,-0.4244201563140653,0.12371952000681241
2020-03-18,5474.32622639066,0.9789007790049115,0.7663210434513702,0.9829906243842168,-72467245.155894,-0.016382434490903014,-0.4268924730120949,0.11960856903889107
2020-03-19,6386.20624595847,1.0288912595727622,0.6776822319160748,1.042120697188114,113088788.861538,0.12902212022780113,-0.22747889106533264,0.24578656490335318
2020-03-20,6218.97507235305,0.9522551411622789,0.7958695482913981,0.9554653005327949,-216440831.06757402,0.10586231829099405,-0.2530455455046153,0.22557979024383723
2020-03-21,6373.71211016573,1.0048239816887468,0.78767961689878,1.0088527579151618,10609818.045263998,0.1279027570232006,-0.2228648572497321,0.24408039510985657
2020-03-22,5902.94302850539,0.983572372660597,0.9329908520978423,0.9849568526083361,-27652745.770747997,0.05805273266737673,-0.3189177907862853,0.1837244495276774
2020-03-23,6510.28301229095,1.0107085674428355,0.8018276672234506,1.0220461918243777,33838434.89980401,0.14638182374005407,-0.1970338785409602,0.2603913868399405
2020-03-24,6764.90235664289,1.0336581146200388,0.7797693543714199,1.0394823175781414,126178546.183302,0.17763071593074495,-0.1558175084724897,0.28791007969691296
2020-03-25,6732.13525849177,0.9876343054562426,0.8404484505974725,1.0001945034851203,-39168520.360989004,0.17393425626448952,-0.1602885164992825,0.2850905225159947
2020-03-26,6799.24658729842,1.0107018336921478,1.2465249545987174,1.0025698562201992,26371617.391934,0.1819410420607321,-0.14855701272060007,0.292052137218842
2020-03-27,6608.30190699645,0.9852211066567828,1.0969817541638263,0.9833972871887873,-45916820.808345005,0.1583153845288779,-0.18012589281618274,0.27075078320833995
2020-03-28,6255.7111013077,0.961382769248733,0.7724846720412561,0.9658218327220656,-68539191.334842,0.1114505300444329,-0.24405851394302452,0.22946890897944774
2020-03-29,5902.66037975136,0.9330049092085845,0.6548358602299422,0.9546722915514313,-104984998.427688,0.05905972145818392,-0.3146779513745618,0.1834915665259705
2020-03-30,6604.69028233354,1.0012456497582807,0.7783657953669212,1.0102172226609178,7787168.434892997,0.15955473875141502,-0.1748713277295711,0.27029843278325427
2020-03-31,6421.35877324677,0.9723422719975777,0.8016937051454941,0.9745874684171094,-86670420.48500201,0.13581817669134483,-0.20417181831947234,0.24818846595001257
2020-04-01,6633.66281207525,0.9115190163346043,0.8319249524376707,0.9124610303572783,-306062658.061833,0.16691081457144785,-0.15537780405661197,0.2718564062063144
2020-04-02,6945.26780180217,1.0112524159945153,0.8262277889969011,1.017375286934845,33278535.615716994,0.20406027203021168,-0.1043177037107118,0.30450460114056377
2020-04-03,6813.68612736077,0.9963219561896954,0.8375104819920957,0.9991000267242824,-10307038.722573996,0.18850963513634078,-0.12502649755812892,0.2909334287355281
2020-04-04,6962.80545203319,0.9972543781481173,1.0346164720115918,0.9967763109864597,-2768469.417299997,0.20600581256330733,-0.09856507188968691,0.30410701499851367
2020-04-05,6899.45808968313,1.0035581218000418,0.7978048473178293,1.0082336031911068,4285050.130662002,0.1986520805775501,-0.10857622863072652,0.2976152536897918
2020-04-06,7324.71438682949,1.043038036682562,0.8895211629980084,1.047461557316886,146772275.74803102,0.24437781912000436,-0.04834958785332488,0.338548700450129
2020-04-07,7182.0694610853,0.9819086761113112,0.8015554967579149,0.993125599617375,-58721410.46472599,0.22912387191667224,-0.06781751484797517,0.3259353538376341
2020-04-08,7419.50678996563,1.025883635544309,0.942214554766433,1.0273497935098852,64836439.710042,0.2534617750154119,-0.03410146668524912,0.3463322755416644
2020-04-09,7288.37088722667,1.001156740883186,0.8619065360298082,1.0075345790164012,3259454.2697670013,0.23981019524567074,-0.05208176679419533,0.3341616823445447
2020-04-10,6884.31714076024,0.8894829340047173,0.7931128154415821,0.8912721634617992,-408747862.63773,0.19821255797192003,-0.1010401898687242,0.29494402265959746
2020-04-11,6876.54354385171,0.9876845263038465,0.7913533668424088,0.9919085649520648,-17398705.299746,0.19743773906246054,-0.10140773176903424,0.29384225824590876
2020-04-12,6934.91789792915,0.9970201169058109,1.0872870933556686,0.9958298945808894,-3509436.777225001,0.2041635792565651,-0.09177284461011968,0.29968958804108786
2020-04-13,6858.63583836966,0.9882956254288195,0.8704882392012205,0.9895476911740609,-40039348.470499,0.19576117226582895,-0.10252040478962815,0.2918957713383356
2020-04-14,7092.60984616508,1.0093316573998625,0.879010011636588,1.0111466891261016,21120136.211074002,0.22227987851102135,-0.06657483862064856,0.31512327121356554
2020-04-15,6854.77180372965,0.9878888948423773,0.9106880974803757,0.9892508363049239,-32082722.232445,0.19549759397995056,-0.10202241961530857,0.2909986343592547
2020-04-16,7101.25897789595,0.9968252438813408,0.893830297071817,0.9992037051894623,-9476873.819145001,0.2235558275250107,-0.06277084226036529,0.31502453647434525
2020-04-17,7044.99750434058,0.9958596630061828,0.8789870428801797,0.9997576145470954,-12219916.255287003,0.21722553448661724,-0.07047901457227145,0.30931445653429696
2020-04-18,7278.67435839077,1.0140494388741639,1.006166041327682,1.014184873680407,26360574.53128,0.24221571736407163,-0.03618568697506836,0.3308452693195055
2020-04-19,7196.7378868904,0.9989236667554892,0.9558275275943213,1.0003561644410355,-2422657.628689997,0.2335515424339596,-0.0476324348772224,0.32314243945533594
2020-04-20,6956.9807038754,0.980724872216835,0.7257669000106194,0.9872296663264842,-51820329.169245996,0.20734463749578053,-0.08239798016532783,0.2999858448238667
2020-04-21,6900.31758940102,0.9835825750617765,0.816258525332052,0.9886175476268608,-41562495.848155,0.20119561198426722,-0.08973003316404864,0.2937124086163907
2020-04-22,7207.93050757476,1.012950362065016,0.7996183826999265,1.0185001303797008,36431196.937171005,0.23522673592737056,-0.044208393367162535,0.3234033423497989
2020-04-23,7496.42300165878,1.0235146797064285,0.9187168437811795,1.0271539755364274,78435418.499416,0.26415659370636946,-0.0059887806467845695,0.349120101824519
2020-04-24,7520.88587306134,1.0157683662929118,0.8599501535028444,1.0179562638814446,58706033.545444,0.2660109056038691,-0.00430976452009705,0.35053177744714814
2020-04-25,7562.90554105182,1.011073807177585,1.0050338558254508,1.011183646527463,18193474.116742,0.2699061543910696,0.0006719371990748656,0.35355211122734015
2020-04-26,7677.2048449588,1.0130703705878052,1.3546349140617937,1.0080281474403172,22488087.278614998,0.2806156825613236,0.015008010706870002,0.36273871821818526
2020-04-27,7698.02545541384,1.044753744066409,1.1676801282509575,1.0433362783587383,168279382.954908,0.2812009859277913,0.012156671542503071,0.3632700958980536
2020-04-28,7777.06600578363,1.010758152226329,0.9941126960697819,1.0111180292090969,29654635.581508003,0.2882897777395316,0.02114096074206125,0.36963852095967487
2020-04-29,8796.55715768272,1.1128319048883935,1.054832861140185,1.1147975794523193,777366130.500876,0.36810064549248683,0.1146867735311379,0.4432988722499214
2020-04-30,8646.09346578049,1.0444657657532055,1.0202778692917092,1.0451187312895336,243974819.995185,0.3542891283646006,0.09275690828458033,0.433540340573003
2020-05-01,8849.40817807646,1.0398719074191527,1.0306382841177824,1.040007687788953,164417887.95308602,0.3682098147192224,0.10932990541163508,0.4465215151749691
2020-05-02,8982.09057593528,1.0392707732353132,1.0814930675012464,1.038565328218585,82483584.892555,0.37706363409505217,0.12033469418812241,0.4543492499250747
2020-05-03,8934.84463316123,1.021523762312967,1.0678262072094697,1.0204819490972248,66336204.542353,0.3726629659395766,0.11387886686381936,0.4514214190352613
2020-05-04,8908.78629947007,1.0254501626059558,0.9937209169887213,1.0260641596146838,81154806.93911001,0.3703677063133764,0.10900815899188859,0.4498795060005512
2020-05-05,9017.98016239598,1.0203017762661262,1.0938876639623896,1.0187667850699458,79961053.134605,0.37764757437030605,0.11757296814093263,0.4565982956544871
2020-05-06,9161.25884067051,1.0509421805666779,1.2469201403315178,1.0402547491048721,197827520.54869097,0.3860058627769208,0.12691127349030856,0.46541840753824165
2020-05-07,9971.23131878634,1.1047783972097294,1.4045119407629265,1.0808988726917654,634740099.1326181,0.4331837520266399,0.18482483243428224,0.5094647026406217
2020-05-08,9801.65390836398,1.0447877586585264,1.134256228727893,1.0409113613812118,243996492.03427804,0.4214870654162019,0.16482199373807077,0.5013983103576327
2020-05-09,9548.62821173925,1.0065911877673637,1.160240430754588,1.0024801699452948,26995928.554619,0.4055674698567745,0.14193947148199146,0.48838511232492804
2020-05-10,8740.4179326506,0.978828274748513,1.127549409501825,0.9744185526286718,-61638429.464259006,0.350976229581982,0.06412068590831473,0.4412264370384731
2020-05-11,8641.00220583123,0.9831614217023278,1.4552845724464687,0.9696699855695211,-85100380.14609201,0.34392386325056984,0.05669630692137734,0.43490854027269876
2020-05-12,8875.79917297786,1.0025740811128674,1.1500426378112254,1.0009261294355556,12738584.636436999,0.3615320243464881,0.08122701158756179,0.44983236158984924
2020-05-13,9297.38596150461,1.0324517467865766,1.1812305567862118,1.031061295912868,154164739.82956898,0.389885767598123,0.11892809461699524,0.4743999571241669
2020-05-14,9758.49501265674,1.0437385433628952,1.1286119543056812,1.0416957710091206,169465272.90588602,0.41781427490617384,0.15652245180995492,0.4993228747196103
2020-05-15,9314.74502176767,1.0063692332251424,0.9192560829913988,1.009778585666113,23841863.162121996,0.38950648280801425,0.11492484319349527,0.47592094377333827
2020-05-16,9387.04146504907,1.0132708986523364,1.6224218733648506,1.006191019199692,31692891.612787,0.3940308356342015,0.12115558540218498,0.4798669135340315
2020-05-17,9671.06469824559,1.0275432564138796,1.287379266526766,1.0231880340195263,62385361.720571995,0.4114838000192135,0.14552125609721087,0.49515480432204095
2020-05-18,9706.90475344103,1.0439421245367835,1.3436723800403843,1.0395739676040605,188250173.895738,0.4125789131143782,0.14457034449558842,0.4970510956884231
2020-05-19,9772.15111515857,1.029952306746243,1.2394006125446684,1.0277095543890675,135432230.092703,0.41585108450319064,0.14713129666800406,0.5004054734246933
2020-05-20,9513.98697325318,1.0088633376280745,1.028275181866888,1.0083890510469997,31651074.064565003,0.3994225685488825,0.12277641909602718,0.48706042758735096
2020-05-21,9065.8802917068,0.9860136211461449,0.9680433285859784,0.986466094238196,-58806198.360799,0.3698511094995161,0.08030417210778457,0.4619067202483896
2020-05-22,9174.22114726037,1.001455589454974,1.105272593105637,0.999554654729164,5847094.759793002,0.37736014021025527,0.09074478777353445,0.46821032197845863
2020-05-23,9178.12170710802,1.009469182509066,1.1459375638917526,1.0037182492378605,19730587.555749,0.3774720147957775,0.09018264435877255,0.46818865495977524
2020-05-24,8733.04352827803,0.9815761961449223,1.0422028073742946,0.9805261403573496,-38857079.782042004,0.34565563133951427,0.044645734760707906,0.4410973935724328
2020-05-25,8976.2996446713,0.9904528289310175,1.157281957717957,0.9892718492642804,-41473138.88423201,0.3641164601307953,0.07139981825925787,0.4561505360510096
2020-05-26,8836.16271690057,0.9931016292011424,1.3606859093141186,0.9886351222555599,-20913915.994627997,0.3541020920868781,0.057183948002393056,0.4474074316602534
2020-05-27,9239.29481173782,1.0225573170036997,1.2386135495659456,1.0201598593064194,81530587.597652,0.3819772113026311,0.09634191066185077,0.4714353130288898
2020-05-28,9567.99818292576,1.026934746391685,1.0704770282952347,1.0255171738871407,88643466.586339,0.4028249010264173,0.12502659705221275,0.489817972717536
2020-05-29,9423.86930534028,1.00282938280028,0.878122254732298,1.0075994570011035,12360890.761344,0.39338707910094534,0.11024306189404937,0.482554038898153
2020-05-30,9696.46441073909,1.0244407992702917,1.0879563816198627,1.0228201259807144,51623877.198965006,0.4102658078372873,0.13387367739373043,0.4971734403933769
2020-05-31,9450.9515134233,1.0005284870464863,0.8489119506029226,1.0074812186494273,1134423.2999010012,0.3947291418113874,0.11056601820830106,0.48444700694109116
2020-06-01,10189.9790223102,1.0679206684557074,1.2024316378626376,1.0507707117972966,320454141.612051,0.43790611513772,0.16818085292728902,0.5233358028151454
2020-06-02,9532.84938215527,1.0010130577993632,1.1585719926655464,0.9973184854578255,-4623310.734721005,0.39801243489896365,0.11079334895578959,0.49069319199688194
2020-06-03,9663.70697000841,1.0159499444696352,1.5134085908469936,1.0102000434089522,71252323.511907,0.40593073730044127,0.1214534895996904,0.49754265158603306
2020-06-04,9795.62269140986,1.0214947302811102,1.1094358939634676,1.0192329789439551,95797533.00816001,0.4134998670804999,0.1310012456644163,0.5045971611120159
2020-06-05,9626.47795503711,1.0027059518962351,1.1608869981565462,1.0008127311591035,9941699.153314002,0.40288845863363454,0.11523602728663397,0.4958679776064276
2020-06-06,9677.23142207293,1.020555356462436,1.5221275411653925,1.0073640416715317,35261621.799829006,0.40583251095148043,0.11924839547594378,0.4984525843900578
2020-06-07,9751.28064058002,1.0185505396882553,1.7016199734454118,1.0086477921850197,31329704.555448998,0.41022116372626233,0.12535569108087424,0.5021859426546819
2020-06-08,9780.99619651199,1.0525787480780608,1.9913996241036793,1.0128589827326382,177828203.678719,0.41101159013003963,0.1262203193913961,0.5035945283639448
2020-06-09,9777.32282153703,1.0175707084839127,1.3969909574072603,1.011833348363488,62362299.667906,0.41046033743606214,0.12459328115777313,0.5031989974494461
2020-06-10,9883.85776375287,1.0185909710677847,1.2424235273893085,1.0129714316931224,68255966.686614,0.4164904507438834,0.13259347216830403,0.5083712871890845
2020-06-11,9272.36764252557,0.9832720182032608,1.2492862028057767,0.9796294521626445,-69035380.49577901,0.37787643768710527,0.07701289988286986,0.4757528155261993
2020-06-12,9465.31643360108,1.009096467065082,1.11035272068771,1.0075805156902298,31052493.992905,0.39052137156851424,0.09501036384105262,0.4863476805972666
2020-06-13,9474.17785160749,1.008693229401683,1.2265456887681305,1.0019450338049685,15138673.899817001,0.3910017575642304,0.09559980614659123,0.4867468970750895
2020-06-14,9335.64807084669,1.005611449736053,1.1916700970280225,0.9969169972199483,7318066.151028,0.3818486303867712,0.08207277781979243,0.4792055095582613
2020-06-15,9500.63565042032,1.0134077362921925,1.2210428734748309,1.0098814675144685,52622057.724415995,0.3927926050988491,0.09692237273348209,0.4882481826587147
2020-06-16,9530.47708115578,1.0108399006820297,1.3569648396515794,1.006179924530075,42864326.850315,0.39426945081923837,0.09901073133928105,0.489828370752416
2020-06-17,9457.67367065552,1.0042117400184962,1.214596511677571,1.001602981829789,15090772.803313997,0.389491916742993,0.09189256779544579,0.4856512014055535
2020-06-18,9379.76179791113,1.0739192237347666,1.3592912015059964,1.069351307966637,253918891.521791,0.3828349249274824,0.07905301077609857,0.48099676464234653
2020-06-19,9300.30726072619,0.9961932033666866,1.239706848537571,0.9940627684769422,-16166870.589423,0.37754457116999635,0.07171825471266623,0.4761420613946921
2020-06-20,9350.03681802414,1.0113990217899502,1.3324649751254993,1.0040376515779694,19757671.378144998,0.38075730328935303,0.07651987345770388,0.4785803452022928
2020-06-21,9286.00592889455,1.0142679214925292,1.3966754287657592,1.0006947161120596,19265198.200012,0.3763096572626392,0.07016397770681844,0.47439350702837263
2020-06-22,9691.18891001144,1.0286723443545482,1.3052000048525136,1.0221657638050528,95154197.38007,0.4020348440203475,0.10721206065299142,0.4964252420094204
2020-06-23,9623.62738620504,1.0128202608527705,1.267226066896574,1.0071193675815224,52402342.284561,0.3973741938139364,0.10007937808546534,0.49288457832483906
2020-06-24,9290.90001196646,0.9836612067644509,0.9595976784545545,0.9851945481194034,-68905712.013822,0.3759087208667584,0.0688600198519445,0.4754351738020205
2020-06-25,9261.12661219675,0.9950354339002786,1.0995591706768455,0.9939135397405882,-20116552.645506002,0.3740407131186075,0.06634565543955712,0.4733053542777361
2020-06-26,9158.20219830445,1.06080998795425,1.4658291924348037,1.0567447198414308,267654762.61803097,0.3651478765185384,0.050014598560082196,0.46720538547364904
2020-06-27,9014.37949959402,0.9969773441863995,1.2205483186145116,0.9902456648704147,-5965771.733252,0.35498299990798027,0.03519007141306409,0.4586094184053608
2020-06-28,9122.15583492354,1.0006254045256187,1.2375963863427883,0.9951174311116209,1868881.0232300013,0.3626424015751029,0.04666384808633651,0.4648132362188574
2020-06-29,9187.70772585798,1.0071380841679485,1.2615459897883337,0.9997044237604579,23374026.214921996,0.3671078764262004,0.05333651999664348,0.46874882880058133
2020-06-30,9151.48059555084,1.013185976026533,1.1029150728545056,1.0107656422575748,43651382.493287,0.3642303034413634,0.0487235844392143,0.4666935498532601
2020-07-01,9238.68796305122,1.0071841655906155,1.15170522958174,1.0041950545828051,24199615.161280997,0.37008016864008286,0.05747159650630977,0.471457634511632
2020-07-02,9090.71684868815,0.9969338399148507,1.1478155797701468,0.9947888806833696,-11860183.192291997,0.359782652731766,0.04269270205858503,0.46255492044007035
2020-07-03,9077.5693435839,1.0017693400330965,1.1955088545809238,0.9996361910417676,5756033.537742,0.35879922988113455,0.041510957890077006,0.4614254196300301
2020-07-04,9199.48374811664,1.008198786163055,1.1459274950552345,1.0056384825176719,16988404.425836,0.36724367570513783,0.0541548186811978,0.4680160415521233
2020-07-05,9084.22499513658,0.9978637297982528,1.1728107037943256,0.9961421101793105,-4452413.099355,0.35920761506407806,0.04241124219542766,0.4610753693770234
2020-07-06,9342.21069384062,1.0149378784663898,1.1763536926955114,1.0113437689586557,50671940.290098,0.3766939351574783,0.06804024188005856,0.4756911291639543
2020-07-07,9258.70267718087,1.004762580193609,1.189316908038435,1.0000183558044446,14948458.615210999,0.3708945699714216,0.059696601425809126,0.4706957820258933
2020-07-08,9434.09323919054,1.0444665503799875,1.7783167698658675,1.0127301155088457,149596071.529252,0.38178336527400886,0.07589550822299458,0.48029221508725745
2020-07-09,9237.95181407941,1.0054007815688437,1.237166828159263,1.0014438606153155,17501367.499007,0.36841031252771417,0.05624242031577597,0.4690989909121177
2020-07-10,9292.76555662409,1.0051528899967666,1.1654637181442866,1.0033575682849645,17154396.512973003,0.37215320009310354,0.06279378011867719,0.4702544070434544
2020-07-11,9237.055586659,1.0025920446515721,1.2740202819536641,0.9993518029849819,4183855.610247001,0.3682929427275339,0.05903576711542606,0.4643008539272227
2020-07-12,9301.43648076496,1.008819701690915,1.2686328165912832,1.003111579042748,13809525.180181,0.3725962966492753,0.06862999840600537,0.4637648990761262
2020-07-13,9238.91703811033,0.9973676284185429,0.9472107996258818,0.9989502695628024,-9902904.199752,0.36827933155772846,0.06265339138662267,0.46011103580380147
2020-07-14,9249.50765728192,1.0181785786097688,1.507660258899204,1.0001374579388262,62953123.765640005,0.3686425862437654,0.06377159898900088,0.4604401872059679
2020-07-15,9196.22518054187,1.011296764241753,1.5030371076029103,0.998935261217777,39470536.531094,0.36467376070148066,0.05972947950334924,0.45586158866706356
2020-07-16,9133.22102443796,0.9998955665628895,1.1361881041967683,0.9981519493150565,-1041756.5541829988,0.3602920500021551,0.053895233469645885,0.45167322168159385
2020-07-17,9190.16402227187,1.0010929866453426,0.9921572447223425,1.0012905760500788,3713896.740306001,0.3642416394049516,0.060411046652840444,0.4544068160428237
2020-07-18,9199.70458550249,1.0035501537206664,1.1506466163853173,1.0010307733842085,7874956.40568,0.3648380826401895,0.06157735988286583,0.4547613487606329
2020-07-19,9208.64012901127,1.0127058171083887,1.4616415855814775,1.0023413495200502,23098889.789122,0.36531576809398186,0.06253323754577708,0.45504907242598386
2020-07-20,9191.36788919978,1.001449486695763,1.1625465046463754,0.9995122300927126,3981515.8307649996,0.3640640336946807,0.06091355416165463,0.4539084007400134
2020-07-21,9393.46927473282,1.0125864854790703,1.0152040040085821,1.0124843871634686,44075824.83091301,0.37755594555877287,0.08002956656032914,0.4658440962279386
2020-07-22,9531.85160958969,1.0220178882695854,1.2723647581133948,1.0122005859476295,80988172.200755,0.3862385651928559,0.09236726617144313,0.4735002824686202
2020-07-23,9608.22007304956,1.018059444907797,1.2632085653204672,1.0119849442824327,74434137.95271699,0.39064003107110806,0.09840755296150162,0.4775278665732425
2020-07-24,9549.51963017547,1.0113237501584214,1.2515672752786238,1.0067204117354316,41192714.576159,0.38655948833020753,0.09237072031209524,0.47411286384174667
2020-07-25,9706.50154629203,1.0220715471205963,1.2675997064941515,1.0176490255704067,57405244.865916006,0.39618861355484497,0.10613533440373268,0.4823137908096693
2020-07-26,9942.71401285302,1.0295640682050224,1.2420712278012893,1.0245679967942456,79065790.106816,0.4101143205943897,0.1258370395313823,0.49455991658780857
2020-07-27,11036.7393065731,1.0838589910255338,1.39566583265906,1.0757448556140756,469863201.814736,0.4669854719677475,0.20383480275936042,0.5441500654995403
2020-07-28,10919.8556552348,1.055221996073576,1.3754268345548195,1.0335451150629866,310584574.167812,0.459211999148224,0.1899068232566207,0.539830021691623
2020-07-29,11113.977042444,1.0412608345529342,1.4150510255402908,1.0336526910038581,203326344.724724,0.4675840890083935,0.20028857030022318,0.5478153805062338
2020-07-30,11114.4610092257,1.0379612983361794,1.3717408524685635,1.0269039242087785,188280638.54488698,0.46674997512635585,0.19680878769940016,0.5479782397158274
2020-07-31,11351.5430232964,1.0455627958175349,1.8490644877054332,1.0292347034367026,211397883.101638,0.4769366311291863,0.2101855362528047,0.5571762632019452
2020-08-01,11814.9456927668,1.0508517389730303,1.3242658135039045,1.0424573917512956,189652979.537069,0.49663173397269106,0.23748946225102616,0.574531410408641
2020-08-02,11067.9597735259,1.0184018941031319,1.3889722553649388,1.0035573066998649,51946267.177109994,0.46209401039999237,0.18522101908835234,0.5460076100006219
2020-08-03,11231.253843676,1.0633232694565424,1.5312300489038415,1.0557695349236949,349727509.410148,0.4680136278988886,0.19046507346435254,0.5526108918970538
2020-08-04,11195.8608235587,1.0209950550311737,1.2193478421452515,1.0164104024084435,93883335.815483,0.4658269226210879,0.1859602963957615,0.5512557310976776
2020-08-05,11758.0533726969,1.0662353634538906,1.3363175890570973,1.051836499723678,308710928.936859,0.4902135348150763,0.21899304690999694,0.5726710705645034
2020-08-06,11771.1881935415,1.0791710356545197,1.483620515036373,1.0688121458048079,443472607.65315104,0.48859417535456456,0.21182184077713548,0.5732000621010811
2020-08-07,11614.7218569286,1.0660441721970697,1.331884005027339,1.052020790643936,323683812.504652,0.48008847102831265,0.19531926790358012,0.5677027059408417
2020-08-08,11777.1026053991,1.0574790379179826,1.493353730666989,1.051257174378019,233713957.825888,0.48626082804522325,0.20216343294333017,0.5735137471165995
2020-08-09,11694.4612084789,1.0477055262855375,1.3501681841955366,1.033773346723942,131790918.63398899,0.4819662923879204,0.1941606345991592,0.5706421962937882
2020-08-10,11897.7501143332,1.0322895279660962,1.4406344112916936,1.0267535045273717,155341559.027258,0.49003406810385197,0.20503722017385675,0.5780177015189079
2020-08-11,11396.7438904613,1.0293952100008372,1.3511975185061307,1.0062237601751587,144906789.78242803,0.46658392846171753,0.16772260389369478,0.5601217963495811
2020-08-12,11579.2310031057,1.0276449501277174,1.135699723670297,1.0226543094421274,123871046.629433,0.4744826809582264,0.17778404215438448,0.5673514002219735
2020-08-13,11780.9029293741,1.0360129814249421,1.33291957169704,1.0296736310530785,152308737.68649203,0.4829330148199133,0.1887492559761403,0.5746931130798991
2020-08-14,11776.6494852842,1.0349049750356023,1.4929733426622196,1.021477025273019,177279581.07236198,0.4818145642964851,0.1825695999126232,0.5748991564828612
2020-08-15,11859.3632764381,1.0265903748324767,1.5069752088951727,1.0163149719310811,96484882.91068,0.48497067018714574,0.18174070019342237,0.5777796840115095
2020-08-16,11915.551267586,1.0312504873749497,1.4698116258484335,1.0197345079428533,87467556.289106,0.48700789970839364,0.18161346442557286,0.579899981328004
2020-08-17,12289.4162465931,1.0693231467210267,1.851109008463161,1.0372689309081644,374017721.882084,0.5010497037218758,0.20011464555876107,0.5929427029223779
2020-08-18,11978.094631518,1.01970064866897,1.5524765808554921,1.0143769866331889,103149330.15286702,0.4873444600860239,0.17492878582404492,0.5824579940418979
2020-08-19,11753.607402852,1.009350495083068,1.4211630755517737,1.0029061537636346,45342921.613713,0.4773023980830631,0.15434653152399555,0.5745237475954372
2020-08-20,11872.4459646607,1.0237440861415887,1.342745754845045,1.013790929751761,112623373.419148,0.4820430382176938,0.15873803984965706,0.5790819183448004
2020-08-21,11529.1326373421,1.0246954900501957,1.642242681064252,1.0004634476588594,102078187.821924,0.46588026052413883,0.13042862804646685,0.5665256227677402
2020-08-22,11678.1463519109,1.0175537056599944,1.383207211146907,1.0121921700831038,47893098.038137995,0.4725641199321992,0.137500777876316,0.5718318422014115
2020-08-23,11652.6965735495,1.014930634966722,1.5084652604807838,1.0053842324255804,33546107.731763,0.47123274678997384,0.13428609598861718,0.5708856985643745
2020-08-24,11771.9887459104,1.0304787689625672,1.591769075491604,1.0207399207458205,114515344.11932601,0.4760414196845987,0.14061314387914073,0.575315118973691
2020-08-25,11334.2521266748,1.0089405450511333,1.4544788545991785,0.9960852402481601,32485712.385134004,0.4554778758228702,0.10533203503443858,0.5589057650981755
2020-08-26,11462.8624022718,1.0154730159421566,1.1437087747523806,1.0086763870736313,66765782.02521499,0.46130638424172427,0.1118809689903936,0.5641729905952733
2020-08-27,11321.4927768167,1.009619674719818,1.521606331863288,1.0028185346621383,40538507.70321299,0.454325108282471,0.09947011846043702,0.5587089504459536
2020-08-28,11533.1050139327,1.0309847692624279,1.3185842810283326,1.0156519515906979,128871253.078854,0.4637787982200995,0.11311005837826703,0.5671874101579968
2020-08-29,11474.8363395285,1.0023395387112062,1.2823276212253032,0.9987635849157842,8387234.929391999,0.46093981134314005,0.1071525097574079,0.564933224990542
2020-08-30,11712.4900927385,1.0286941464841572,1.4018758045808677,1.021489606050329,82425180.498271,0.47152413869056503,0.12328438670051302,0.5738318239351498
2020-08-31,11680.0334313373,1.0300399395353554,1.401636913282545,1.0121824441838907,150413514.546355,0.46927750439980476,0.11829939594054208,0.5731680778734554
2020-09-01,11922.6469236938,1.050430082616227,1.733648761415638,1.0311455227520514,234788544.07272398,0.47899319087789655,0.13230990204525228,0.5819783147234296
2020-09-02,11403.7637041681,1.0070623697489682,1.5618564138857167,0.993670837142953,30742941.203548998,0.45500924959607597,0.09248053323215603,0.5631281575766897
2020-09-03,10173.1401308123,0.9662574217154938,1.1525169952263088,0.9627515123179623,-215852780.93140197,0.3889802987706298,-0.013201277897757538,0.5104387960885854
2020-09-04,10484.64592283,1.004172252550203,1.3792873711832085,0.993701267199868,34860135.50108202,0.4075076036688825,0.01673424277343022,0.5252616677152899
2020-09-05,10173.4383593761,0.984576044924281,1.1429773475777267,0.980268711000858,-64373588.83756299,0.3896883563367307,-0.012264669090931227,0.5109243596670164
2020-09-06,10259.0252459539,0.9977674217853023,1.2677098431726392,0.9902038913910164,-6405498.125655003,0.3948606943375751,-0.0036580660713493285,0.515133589132962
2020-09-07,10374.8515352505,0.9957030677913206,1.539676505831729,0.9872243960345074,-17876213.423338994,0.4019614805102039,0.008254384833271032,0.5205863107437797
2020-09-08,10126.7840716942,0.9897867916058789,1.3557397593824594,0.9843162425359009,-46713480.486279994,0.387453224585196,-0.015232614200904918,0.5087962995178389
2020-09-09,10225.0875832591,0.9945009161303692,1.130684480752261,0.9899910736709433,-19102057.195234,0.39345467756464214,-0.006242657776786081,0.5135555613094682
2020-09-10,10341.9430819595,1.0021443462374557,1.1110316679017564,0.9989514100520602,10382917.038974002,0.40024566992550664,0.004372851008298916,0.5191730489530195
2020-09-11,10390.8900101108,0.9985091473324686,1.307873420122193,0.988286867841745,-5451080.739609994,0.4031704943466309,0.008656135260223005,0.5214528942986111
2020-09-12,10444.82900808,0.9977578418471597,1.1382998576081846,0.9946438396394517,-5748371.794715002,0.4062920338440133,0.013235328343785385,0.5239862781713502
2020-09-13,10331.4465059812,1.0002644455373098,1.301590687867443,0.9928222753410171,-1938002.151955001,0.39971038179266966,0.0024287411317515024,0.518832667127294
2020-09-14,10671.5989084194,1.0086862512196921,1.3745357286690858,1.004591734976736,54060653.086507,0.4186687640451728,0.03317436929575591,0.5342552046180532
2020-09-15,10790.5305483097,1.0145987920358863,1.513162870645367,1.000042772353019,80164973.33517501,0.42458039987642004,0.04271768279258504,0.5395463913701353
2020-09-16,10954.6383216935,1.029220386400929,1.3527590805438197,1.0119970901311195,140853874.34271702,0.4325068521594897,0.054854359273333916,0.5469159460818509
2020-09-17,10942.4970165505,1.018354895296127,1.296787956272222,1.0085576461097066,67899809.608622,0.43155667419538574,0.05230341381973173,0.5466354285958145
2020-09-18,10937.6140823815,1.017646328845546,1.3266397410545339,1.0058000132521892,81558464.167151,0.43083875834820107,0.050372190899698376,0.5467259191393475
2020-09-19,11083.7460368869,1.0316501044081567,1.3550227042672331,1.013265356053952,104897921.590039,0.43784174231608697,0.06109040830465922,0.5530181426466987
2020-09-20,10922.7788838165,1.012511606939631,1.2926420274770485,1.002605310930206,35096613.546425,0.42935958677812214,0.0466358639620187,0.5466243258538163
2020-09-21,10421.821494943,0.9854809433869063,1.2654602880547134,0.9806510470605051,-76370237.988107,0.402059197014098,0.0025167788591324335,0.524957905640364
2020-09-22,10535.0045451779,1.019051439374766,1.6065030782662089,0.9957524684414139,110297554.938824,0.40800229492134144,0.012983785743132933,0.5303106563665516
2020-09-23,10231.6307459128,0.9890168847826165,1.3577867603479254,0.9833397109980828,-68918074.28110701,0.39051221083869697,-0.014751515291207124,0.5164667477883419
2020-09-24,10736.4653105566,1.0097829648841703,1.6337972389775208,1.0013891379152842,79019765.91285701,0.4193969116967075,0.031662320021631614,0.5391814487459556
2020-09-25,10692.6356047524,1.0127676860529773,1.4341204547933526,1.0010857852854134,63592606.902330995,0.4166131125829802,0.026411086687552095,0.537296794459071
2020-09-26,10730.8636925432,1.0140098611599702,1.4624211336531159,1.0027924538619188,35938525.772119,0.41847694668196367,0.028810165706974315,0.5388348998003932
2020-09-27,10774.4086261163,1.0067753837229134,1.2709773714891457,0.9995316515829169,24758023.869416997,0.42072347152417594,0.03231288561751239,0.5408542610859579
2020-09-28,10695.8133215283,1.0032717710583698,1.3088743722600307,0.9990194525417025,16202432.748509005,0.41613866094691654,0.02463727000674889,0.5374647667005932
2020-09-29,10848.5659049815,1.0341853372470227,1.62341628154411,1.0100190150947004,200813120.874984,0.4235674659555866,0.03613880687613068,0.5441292090294554
2020-09-30,10784.266015926,1.0046120461735735,1.2176153763844597,0.9975207634050258,29482594.45579,0.41994737903862905,0.029967520522045408,0.5418202321138003
2020-10-01,10623.2260617153,0.9983631550709987,1.2882852417395094,0.9953286521321838,-15562866.590397,0.41104664919684397,0.013016515633014456,0.5328781359662846
2020-10-02,10580.4211386842,1.003363843658009,1.6192942306185993,0.9947310527065325,20951992.629430003,0.40859072863093504,0.008316333734474105,0.530258121595141
2020-10-03,10556.5555355343,1.0013552921350832,1.3417308554820988,0.9980940005437293,4776849.084123002,0.4071926615126507,0.004944717213854733,0.5283526759045276
2020-10-04,10682.7638617614,1.0055761942475265,1.5609730460750093,1.0015546683807475,26798820.965531,0.4140884499816867,0.01624385659964988,0.5337945643610981
2020-10-05,10794.913705387,1.0091046084958921,1.3775832359532134,1.005768304261412,60240843.133308,0.41987570956771436,0.025256619494266122,0.538506040348064
2020-10-06,10607.002857884,1.001565822038766,1.5250693031407039,0.9957881166816981,2322114.781334996,0.4094342221086496,0.00811416765977969,0.5301129492677169
2020-10-07,10675.5299841504,1.010726924323736,1.7327663824400836,1.001868688215066,65893707.17195301,0.41296968410051843,0.013847579164872526,0.5329348699874572
2020-10-08,10927.9946157921,1.0147046880484494,1.4058365245396884,1.0068826151674324,100277879.912017,0.426154551366538,0.03421127812858088,0.5428444187938606
2020-10-09,11060.6767626737,1.0187461351327505,1.385407746628435,1.0127558308849307,112589202.42578301,0.432335133751455,0.04333616795724104,0.5466119237004283
2020-10-10,11300.5914423382,1.0138222336599838,1.587982662436721,1.0103067595988566,75984512.98660399,0.44395849758734535,0.061858873438950523,0.5552895115585045
2020-10-11,11373.5221892592,1.012140827103406,1.7780322078293365,1.006071262840071,50793399.128486,0.4472679589350094,0.06696571262245012,0.5578193064282783
2020-10-12,11539.3047487149,1.0254802730797816,1.5136970093224582,1.016650249792292,139306565.090875,0.4545942227114924,0.07753962455503736,0.5639230733931004
2020-10-13,11427.2750478001,1.0133008621955581,1.560971895422002,1.010433263947267,80224038.57112099,0.44874731751066704,0.06619712006937813,0.55920089444511
2020-10-14,11424.9324427832,1.019780750236122,1.51438590417348,1.0075907126034391,109034897.76079401,0.4481098889145872,0.06399274674913258,0.5588123986515164
2020-10-15,11514.6858187381,1.0197449592269026,1.4775182000419387,1.0107147818573672,122222825.05545701,0.45185983212042163,0.06905006804070452,0.5619273083603069
2020-10-16,11330.2004109902,1.0054523672291744,1.501496080340226,1.0020699702818217,27097258.999557,0.4426732241328031,0.05332324490891328,0.5543728039353597
2020-10-17,11370.8721376176,1.0082336096270397,1.663673067644751,1.0037295896694243,29514137.267683998,0.44451156086289473,0.05592030365762043,0.5556090395843002
2020-10-18,11514.7598621066,1.0119214602757327,1.5824189070856294,1.006850025790807,42530804.882229,0.45126372441222873,0.06697875140646893,0.5610697209038146
2020-10-19,11764.7797306918,1.052789007620999,1.6360085760200163,1.0171374601273344,349907230.378974,0.4614296870548055,0.08348993952499666,0.5709522850791883
2020-10-20,11929.1257898298,1.0307370654408314,1.5623385254505378,1.0229733595349961,213611253.332837,0.46782188221782545,0.09236389005321163,0.576612787141038
2020-10-21,12818.1779551961,1.0645487299962355,1.6335405307122148,1.0561218860229786,458731017.04239005,0.5030880421856114,0.14746871386058905,0.6059247493944844
2020-10-22,12975.8080278772,1.090961992663104,1.4654051863184427,1.0505947052942417,644424398.9055359,0.5061726134751079,0.14897175654811987,0.612060752657149
2020-10-23,12938.7752350862,1.067254435319401,1.4043767166054124,1.0211506771392336,586414536.796194,0.502154275179419,0.13970956797559497,0.6134015531519764
2020-10-24,13127.4639473113,1.0354411847043599,1.680739539659231,1.0290841680504528,253642615.051399,0.5083025338846456,0.14792741573077017,0.6188992192186007
2020-10-25,13038.2990820896,1.0286234108950671,1.7236699864909473,1.0168491855122426,124052350.241095,0.5043645405696262,0.1403773512033762,0.6163122606328311
2020-10-26,13069.5502982544,1.0162343262363436,2.0485791035765657,1.0095472590356998,117196823.58374801,0.5049547656204303,0.14057469657182498,0.6170792968547337
2020-10-27,13646.5458450135,1.0481524831815865,1.6926126659751988,1.0308479057424271,391966624.389822,0.5244239861622555,0.17132605156220884,0.6334113682087552
2020-10-28,13281.8442701427,1.0329273482649257,1.7186544004831612,1.0178895469059464,248755100.77371398,0.5101439783629247,0.14521956803450406,0.6234399659960573
2020-10-29,13458.9959620919,1.035410720913523,1.5332372122071427,1.0245512669928152,280336229.32446796,0.5155346732999041,0.15222278556264865,0.6285147752416078
2020-10-30,13567.5568041081,1.024981028336212,1.6692690647702204,1.0142105977536746,179858311.238132,0.5187453469416373,0.15647363263763772,0.631450351585338
2020-10-31,13801.3834959702,1.0350116669521972,1.757388756308824,1.023425838075497,207754754.861598,0.5260727835506319,0.16785456881733224,0.6377140124060794
2020-11-01,13762.2235164788,1.0405933688606637,1.8426754306533455,1.0239399721829974,228088757.140353,0.5237428720578338,0.16257129614492158,0.6367004434993183
2020-11-02,13565.4857897092,1.047753840369227,1.7256336119274054,1.0108181159246346,321210548.055057,0.5155051185442258,0.14766351296697236,0.6319632582721515
2020-11-03,14018.3308531961,1.2149753750764234,2.7601074471553217,1.031264508816917,1869196169.962306,0.5243873549327744,0.16348472176312417,0.6425851806131628
2020-11-04,14155.0471342057,1.0415946012867452,1.7311639992513346,1.030254656895434,380542467.477869,0.5276094992321008,0.1659999531865378,0.6458015411418591
2020-11-05,15595.7718768751,1.0835231908727052,1.761212192224201,1.0483936688154387,1132558647.616428,0.5681503839050265,0.23024520910601237,0.6795497382588427
2020-11-06,15585.520544557,1.0586166405866766,2.0564529497320008,1.0412061016982082,558974844.615062,0.5654466553543561,0.22301227467659596,0.6792784446493393
2020-11-07,14844.0726126198,1.0106381034953789,2.1112078758275734,0.9987853992908858,66678524.60293199,0.5429572884824124,0.18341222258216916,0.6629389588308566
2020-11-08,15488.7180600669,1.086929889901646,2.1285246534168434,1.0723739301224648,581452762.468293,0.560328266570235,0.21008670602446763,0.6769642387061187
2020-11-09,15330.3539426136,1.0412470991225191,2.1141454492229657,1.0203189866915126,325226136.373417,0.5545261158068177,0.1986637996855982,0.673724208278309
2020-11-10,15314.2732888852,1.0333997163643693,2.208064454319808,1.01776261309615,259388614.450442,0.5529689715861933,0.19484308410877255,0.6732046029482663
2020-11-11,15704.8806554678,1.0545420844496622,2.2278835402556307,1.034400636177452,358247488.714535,0.5628822836073615,0.21072867498462033,0.6812164243822545
2020-11-12,16297.3567012793,1.0554487542317441,2.508751988213098,1.0335603198979961,536494714.65242904,0.5771631238942466,0.23377625752087347,0.6927104246539016
2020-11-13,16328.2672144497,1.0469694439110346,2.283898987154168,1.0246393769608975,410179585.150431,0.5764957841100209,0.2310657284140823,0.6933307794247311
2020-11-14,16077.9656982454,1.0421822203119033,2.1205501673829583,1.0184457711887354,217308599.744353,0.5691283450202835,0.2168831844986039,0.6885661069331404
2020-11-15,15962.1115572342,1.027672649096114,2.0234818655713833,1.0109013482518165,125439105.51617801,0.5654962725187513,0.2098637723780937,0.6863043199487818
2020-11-16,16708.2990479659,1.0636231175400839,2.2134131878358603,1.0414945074963868,405053207.095087,0.5837148784392481,0.24091623298468384,0.7004257994407062
2020-11-17,17668.908331884,1.0934573469195141,2.1800920449474948,1.0648776796023667,860569360.1249399,0.6039304841608054,0.2732435444397233,0.7168974264825657
2020-11-18,17835.7087250275,1.128746423929197,2.0037088322062604,1.1007144639088136,1273437024.347924,0.6034630163186231,0.2666289779288915,0.7199631678784162
2020-11-19,17817.7621238241,1.0606563767840294,2.601683611227423,1.0304678853194256,395102164.873913,0.6017792534458852,0.26222588141462555,0.719648613822222
2020-11-20,18675.5462601674,1.137993899442813,2.023293382973452,1.0781837401295546,1374828319.89026,0.6162428157834865,0.2808179031889547,0.732376700505938
2020-11-21,18683.8382743241,1.0939906761073435,2.0481130848675573,1.0419613518971855,606643694.240035,0.614519674041365,0.27421188238819805,0.7323666573976005
2020-11-22,18423.4482593986,1.0531308918634663,2.3677543926072824,1.0232903824174042,252439493.658838,0.6082769823248171,0.2616200444389731,0.7286042303481784
2020-11-23,18365.9472311334,1.0569728260745908,2.518552457954519,1.0384957382429727,415434832.203673,0.605691485263214,0.2552522217801096,0.7277757799758499
2020-11-24,19118.1212264696,1.1014416635023387,2.39851176754805,1.0559511943477586,1005801198.858119,0.6184391527277414,0.27614901313374723,0.7388686152335951
2020-11-25,18716.597689569,1.0438806726866083,2.6594443155913416,1.0244396773689077,380602926.841159,0.608810243809313,0.2569481371194869,0.7331475205676116
2020-11-26,17170.1629922405,1.040676077763104,1.7137829059462837,1.002352271759449,349929226.17023,0.572379791378335,0.18759149262202812,0.7099980825895318
2020-11-27,17139.9407519173,1.03335084156599,2.0654796374524533,1.0128559484274535,333730735.06118304,0.5707525897489636,0.1832842091448377,0.7096577869183516
2020-11-28,17747.7230225413,1.0304062325360377,2.6479050590107054,1.019429523708323,197879880.22403,0.584914820658172,0.20867253529615848,0.7193819199412507
2020-11-29,18200.8370844748,1.0362835733714888,2.290911934907604,1.0196951068096423,244671320.361788,0.5945036534329471,0.22601209875039804,0.7263963669974417
2020-11-30,19667.5007343055,1.0976004586466017,2.7992482277128716,1.0641594575567743,1064266775.125993,0.6222673590490094,0.2746036497454543,0.7469105796794185
2020-12-01,18789.9257000042,1.0504592553652672,2.5451328360998158,1.0256040823679669,569066830.571026,0.6022958100706142,0.23594293750623546,0.7351503518718602
2020-12-02,19224.1305513393,1.0825296255815031,2.6199801443504307,1.0502390793189158,762372031.404574,0.609377849950156,0.24571358825437611,0.7409402008220839
2020-12-03,19448.8607442943,1.0592846581961484,2.4475152425648656,1.0183155325175008,557413477.6164939,0.6123092902140228,0.25047807228114327,0.7441688659599408
2020-12-04,18674.3518102332,1.0259437368223319,2.7593025502143096,1.0045037081122428,288598028.765365,0.5948518873572771,0.21754176734023042,0.7335804192532304
2020-12-05,19165.8438974842,1.0321364639077275,2.9715412986614216,1.0161708720728748,197114061.115599,0.6047713264446548,0.23546717657929644,0.7402640062901982
2020-12-06,19381.4358796147,1.0325026660302994,2.931639924984304,1.0135477409895726,197669876.03206,0.6086473695140217,0.24247347884706993,0.7431556815026358
2020-12-07,19187.763155816,1.0430701381523875,2.319481120720337,1.0169374143342373,363263438.078301,0.6036296482942846,0.23213849659108224,0.7407490899483931
2020-12-08,18324.9769050087,1.0225439226510604,2.62661734415947,0.9985549066312934,205426179.27906802,0.5838416327202045,0.1949492866003872,0.7285477997715579
2020-12-09,18562.2248181049,1.0439682535749613,2.407982044121146,1.0205667826881561,354084571.415824,0.5884262698211775,0.20235690510086363,0.7320882971340008
2020-12-10,18253.1866479509,1.0482296035779577,2.1086204465411105,1.0062590687328983,506151466.135732,0.5798785441395088,0.18538677255320574,0.7279049699216464
2020-12-11,18039.7802459044,1.0294140354047248,1.7260138589274006,0.9987348288772321,245567508.45239902,0.5742314462988384,0.17345097917695643,0.7250930265003692
2020-12-12,18796.2128174809,1.0499460654750945,2.417993972586946,1.0172106307476998,434469711.228859,0.5903041134054201,0.20366982697191957,0.7363141086915906
2020-12-13,19173.81442723,1.1342711696767496,2.191929562160341,1.0356486638458653,1087590264.552593,0.5952131816970363,0.21319162197249392,0.742622966404034
2020-12-14,19261.7011273338,1.0429354378348792,2.4128042556181013,1.02078614088773,377609285.023581,0.5960190464376142,0.21399001661032424,0.7439302236394564
2020-12-15,19438.8601450301,1.0535155092832176,2.812921433087254,1.0249893548887712,481775634.958215,0.5983101800504486,0.21735258865442986,0.7462145535698353
2020-12-16,21354.4080754298,1.114019682060837,2.546494828059607,1.0620363425452222,1446518940.969413,0.6314232168049159,0.2770399153002353,0.7693686683984159
2020-12-17,22819.8456124226,1.1526853538931026,2.6074966525386682,1.1099173335892518,2332022939.863801,0.64938549957753,0.30627682750962815,0.7846069345305184
2020-12-18,23135.7560798906,1.1649004114254167,2.768096979841111,1.1318064128885807,2568614265.379244,0.6483568833435682,0.29670394544965106,0.7878249427834043
2020-12-19,23861.6771924341,1.0957388328608928,2.8106331776752276,1.0563432853563945,790324900.5802541,0.6573326616218522,0.3127112645656251,0.7944060716924165
2020-12-20,23488.7747822642,1.0970929580803157,2.258587159761928,1.0352293986679666,822712894.627642,0.6498259167565117,0.2970594633674679,0.7918335087578939
2020-12-21,22743.6464887522,1.055842267239934,2.2856552914764667,1.025931390672661,604060147.401981,0.6365759320180081,0.27000102858086567,0.7853370772178294
2020-12-22,23827.4312815865,1.1325124106502997,2.7855164088882507,1.0492430591754816,1891946479.5057292,0.6494301694889317,0.2932643527226056,0.7959506892479319
2020-12-23,23275.9181453675,1.1150068599777352,2.8337979342611535,1.0291050804285815,1408723712.491231,0.6374471161961055,0.2699558587792384,0.7917988437777476
2020-12-24,23739.9969021727,1.1262173754334155,2.859547861458161,1.0861945583587498,1526263263.731657,0.6413892038131095,0.27409263267919864,0.796032132187985
2020-12-25,24684.0177155461,1.0608433649670344,3.3845803714136187,1.0400173592873607,445697303.734911,0.6542314838748775,0.2987163687030045,0.8037684109686342
2020-12-26,26472.3048620795,1.1245696427877938,3.5324647743095188,1.0887838082054182,1053979569.368966,0.6757188122425409,0.3395960898971488,0.8170427355973136
2020-12-27,26244.3979774799,1.123333438519446,3.749610462261738,1.0752381431343643,1414803770.2435112,0.6690687922671529,0.3259058639019608,0.8155254914151818
2020-12-28,27055.8675960945,1.3062926969461945,3.1493011313686123,1.0766415385771866,3742231748.14363,0.6714691050282096,0.3309964017290802,0.8226735094352494
2020-12-29,27381.8120727193,1.189544802324833,3.5229869661074336,1.151762326677506,2656931866.426492,0.6705759139587714,0.32329001084451203,0.8247302370911574
2020-12-30,28878.7491611544,1.119891647037742,3.4712241500404337,1.0964715354896866,1915404013.5402899,0.6843952014428821,0.3473501575392823,0.8337501128179723
2020-12-31,28979.3222619658,1.0894279755105825,3.859010456442957,1.0579269925052317,1492561230.351399,0.682769788036551,0.34135855150608146,0.8341361627939624
2021-01-01,29389.3213460805,1.131137813293648,4.024578748477137,1.0874196773699938,1815065009.89548,0.6837593686129823,0.34095374111148213,0.8363276390986989
2021-01-02,32204.4060882031,1.2058877684549851,4.671266093745619,1.078154822588567,3139253172.450075,0.7064715545413748,0.3863513798059483,0.8507770515364239
2021-01-03,33050.0373376062,1.2469924964369972,4.315416278961229,1.1610940360373445,2930788408.359613,0.7088889759216871,0.38914258275401925,0.8546993641506176
2021-01-04,32074.3115511574,1.1607168385376418,5.271916486202578,1.0961764612017837,2824809493.710826,0.6953651575081605,0.3585872871584047,0.8502840183384476
2021-01-05,34035.598151908,1.1965779890233736,4.1816383680731,1.1468385092235944,2975140586.338648,0.7088997846607517,0.37887916174572867,0.8579717932846433
2021-01-06,36893.4240956537,1.2053078680262326,5.023754136166692,1.1675946712023983,3673096535.993136,0.7267868611892404,0.4110467101996721,0.868944334159279
2021-01-07,39519.7736643907,1.2559653255220178,4.812652541782908,1.1908780439545117,5688105077.16084,0.7373736192450843,0.42842907768819466,0.8778829557329043
2021-01-08,40736.1542479504,1.2315345666384159,4.844081617589333,1.167970049528712,5210148116.53549,0.738375777441392,0.4260207241731739,0.8816294270035907
2021-01-09,40308.7304185015,1.2230623913979857,5.15895337779826,1.1447671081687327,3292745275.254941,0.7310217022908164,0.4075901539066635,0.880302422331183
2021-01-10,38290.515852761,1.1419003875187892,5.080257619980955,1.07628555497465,1504043499.202565,0.7143138194145038,0.37102902719028363,0.8740110992876022
2021-01-11,35550.7990714535,1.0888326882161372,4.159455778186359,1.0338703194088932,1471704949.140275,0.690699789505548,0.31778108386096265,0.8644821636690426
2021-01-12,34095.1621488013,1.0522529109872045,4.3640989857911965,1.0249785202713055,887139503.50865,0.6752933782558752,0.2852141755353361,0.8586685941257677
2021-01-13,37400.4308787808,1.1032474447644756,4.890591973073894,1.0789592071535146,1647363423.804013,0.7025246486451879,0.34151962233984906,0.8711114453300346
2021-01-14,39185.3108948774,1.1046907700585615,5.02664737256085,1.0727717401668835,2111179630.7732532,0.7129635564021631,0.3636599409974444,0.877009652853615
2021-01-15,36839.6305380535,1.0622762659975156,4.326257418685079,1.012329422361758,1087735642.697802,0.6927182287453089,0.32000137089518493,0.8692915186805121
2021-01-16,36081.1602147202,1.0601028729100739,4.489127479006439,1.0172359828694564,606265339.7157719,0.6851191964221189,0.30331651738772614,0.8664514183766703
2021-01-17,35826.2364690777,1.047202745319654,4.322332118552221,1.0144024985502156,542541053.6363701,0.6820993695663861,0.2963237859168816,0.8654573406235296
2021-01-18,36637.6966419414,1.0907647998764491,5.354820427540174,1.044379802141023,1245518844.798239,0.6873886839325478,0.3074071295140906,0.8683610185123135
2021-01-19,35983.2957290893,1.0374868290288233,4.2277164918259365,1.0174249928933643,668692202.2097361,0.6801709303354252,0.2917608787624008,0.8657994496569641
2021-01-20,35538.1364151362,1.0343935404520526,4.801077847017773,1.0173395832458132,564451000.617646,0.6755659014501761,0.27965040354411347,0.8638024086727719
2021-01-21,30825.698086867,0.9819295542163051,3.709543533056197,0.959520198146029,-287308708.74458396,0.6255872340066255,0.17163065454799187,0.8429188414045051
2021-01-22,33024.8329479714,1.0289011293996144,4.50605890087957,1.0077589947480898,430527004.95522404,0.6504089504874269,0.22486774047193347,0.8532410202457142
2021-01-23,32119.9893093566,1.0240691739757628,3.681876454744884,1.0078232311302735,240016968.38931,0.6399386969940632,0.20156641099889522,0.8489858348555855
2021-01-24,32271.9648997127,1.019016719315163,3.969832738639984,1.0016675103342625,175622755.380783,0.6413126282269442,0.2046181191919827,0.849661852165587
2021-01-25,32288.5370474562,1.0216364955111459,4.359261194448088,1.0050235417078595,271255663.93455505,0.6406240824070473,0.20403428831241385,0.8497057282939885
2021-01-26,32537.857545666,1.0253156146190818,4.462210478562095,1.0100725040621124,313164532.99386203,0.6431571381208121,0.2085617733821461,0.8507448557980776
2021-01-27,30458.0711638745,1.065490126531014,3.974749078275762,0.9865132458115196,1053833499.1991901,0.616547809717041,0.1531588454412996,0.8407193963827203
2021-01-28,33397.9166485297,1.0743079791771482,3.7175927301385836,1.0482788923184254,1218291453.6482391,0.6489505643789295,0.2219129578990545,0.8546247300065126
2021-01-29,34284.6741806098,1.0740695854861217,4.2170508831220275,1.0419487140249908,1587589169.270647,0.6546941621621802,0.23592743838150484,0.8584138089098313
2021-01-30,34277.8128595616,1.0482319074949884,4.417767825530301,1.0212313974201,617319545.730875,0.6537702617723045,0.2333604662610352,0.8583371223276435
2021-01-31,33112.7065946175,1.066069355574455,4.855137458812621,1.0021414803047906,616544448.135946,0.6404748387984894,0.2052747707389428,0.853396107439037
2021-02-01,33512.6416833693,1.0270174495064395,4.263551824585146,1.0153032153137416,434327239.917516,0.6440883705817898,0.21267701104054076,0.8550554791862163
2021-02-02,35472.6097236885,1.074092314598479,3.979794898971495,1.056876925081065,1147609071.859824,0.6622999322649137,0.2497660425289973,0.8627076691583887
2021-02-03,37613.7489972289,1.0611672253664457,4.733557619311198,1.040805632146938,1087391113.712131,0.6801161463037262,0.28769941980302105,0.8703642098967792
2021-02-04,36967.84118732,1.0671501013252673,4.235770369538186,1.0395837239882133,1250456992.4785051,0.6722535797876189,0.2702830523696971,0.8680596168630748
2021-02-05,38248.0427781026,1.1075856249864997,5.220119182831644,1.0746739512891772,2061711750.564208,0.6805269898773925,0.28681900547546074,0.8724488108240394
2021-02-06,39220.9573682299,1.072799513550853,4.66411677890309,1.0501057170549282,1053579896.020841,0.6867484400593009,0.29967631383072835,0.8754793113756059
2021-02-07,38861.9901427614,1.0811067172968745,8.933744663956118,1.04473433785217,1101816499.66184,0.6824105672992521,0.28947713526775,0.8742368892574497
2021-02-08,46342.7016672751,1.13663874934071,5.854901792547027,1.1058658702829083,3552479059.838756,0.7308728950393127,0.3927955414983083,0.8945894884361145
2021-02-09,46479.4103456098,1.1754160585438695,5.559450789661703,1.1410099738971249,4693839530.79792,0.7255425398048897,0.3793708590913802,0.8949512802831591
2021-02-10,44846.072359375,1.1020650680666815,4.861339014708522,1.0683536055511307,2404208369.177579,0.712090550365015,0.34933432295927214,0.8912475163729597
2021-02-11,47992.8833260871,1.1359031623783653,6.145017126322199,1.1053890619853388,2611056606.794118,0.7285306690245743,0.38345774358807766,0.8983339986712606
2021-02-12,47396.7466850019,1.093577436813174,5.650929883571687,1.066959007921578,2064331730.088655,0.7224437832336238,0.3693776930634902,0.897088564276006
2021-02-13,47160.7296052015,1.080284550601285,5.732791794762584,1.060113365961265,1019665963.323471,0.7198144725900304,0.3628116019049252,0.896556330641205
2021-02-14,48654.4957152627,1.0762081495099918,6.295750152417905,1.0420561248920233,928043964.5138949,0.7273356923370057,0.3797639991888632,0.8997455561240182
2021-02-15,47935.5077863674,1.121073566008369,6.8397253141107095,1.1047371109445008,2703949702.263031,0.7200491030873307,0.3616786509663753,0.8982149294893338
2021-02-16,49166.6672162532,1.0722577494533572,6.671046079362909,1.0463926597899784,1754805736.129711,0.7253019215036214,0.3720012614996344,0.9006693165001519
2021-02-17,52126.9911934531,1.1183340219830462,6.167508461393478,1.0862328276547062,2960995744.711712,0.7381015795732224,0.3993332368287136,0.9063395212687206
2021-02-18,51632.4308224497,1.1275285999077458,6.700942652868231,1.0826865201855462,2929957771.2229447,0.7322997233935119,0.3857556866333204,0.9054734074639403
2021-02-19,55971.8711359096,1.1551424202960932,6.448634478618692,1.1165125785678054,5487741624.602198,0.7484789906395166,0.41932755196743193,0.912906295232419
2021-02-20,56052.4900636912,1.1648024299361932,6.857580562998565,1.1104567520765025,3470795810.133126,0.7452183071030981,0.4116119388491157,0.9130917878141593
2021-02-21,57550.822756313,1.1147651094901048,7.955657264596777,1.0742753312339135,2270063347.202507,0.749691200191491,0.42129731712946317,0.9153375968119322
2021-02-22,54186.9244533631,1.0773956507006868,6.334541231106576,1.0348310842517887,1915271494.0588398,0.7320635865791526,0.3810239372389922,0.9101527171155434
2021-02-23,48960.8077850202,1.090960095132067,6.4567922756884615,1.0391591927226855,2558001044.3557367,0.7003948560890028,0.3092486937771275,0.9006582726053772
2021-02-24,49771.3128687891,1.086435212321121,7.7838128409532334,1.0355764472661613,2257719840.1267776,0.7028224786817285,0.315516577952185,0.9022907450156978
2021-02-25,47054.5546276911,1.0463276080411172,6.620445454022211,1.007420210440109,1011841870.185399,0.6835182987620005,0.27408515211763007,0.8966737543587591
2021-02-26,46387.7972375531,1.1193498095460148,5.770737786325339,1.083097467687914,2426468545.782474,0.676261723198358,0.2565749161525724,0.8952130653001795
2021-02-27,46238.1915529868,0.976984559001005,6.200960415643676,0.9559982511025843,-489493490.8940749,0.6754452751695958,0.2559012290711833,0.8948097670639583
2021-02-28,45234.823649694,1.0272602034357676,6.441273239596198,1.0059257407294542,378813680.248459,0.6679344166252584,0.23828690072908118,0.8924363692079319
2021-03-01,49682.0926085921,1.0733997542814901,5.947059449856515,1.05894705889495,1651981661.875086,0.6963073911843584,0.30163100234639706,0.9020734487106001
2021-03-02,48488.175814668,1.063380435389487,6.577079694308073,1.0148510494380103,1310855784.934201,0.6871874994842858,0.281686174212683,0.8996770371689574
2021-03-03,50432.829991698,1.0478173989153365,6.075433236512152,1.0322836282146857,1059910566.8984131,0.6980499225798502,0.3049196928646093,0.9033504542417632
2021-03-04,48410.6719303495,1.0233463208745126,6.1509696977093835,1.0069416159718405,575363176.224753,0.6843979793763578,0.27441861626344255,0.8993035932859275
2021-03-05,48837.3235160746,1.0470115130428972,7.335009781070561,1.0129387396172231,1095545926.0745678,0.6863331049760453,0.2783160791117806,0.9001620330730218
2021-03-06,48897.1720627471,1.0394102407630457,6.170104682192501,1.0122066683486806,510497121.88546103,0.6861178472227172,0.2772328165881258,0.9001986662186157
2021-03-07,50982.1719175322,1.0472547044123521,6.081462197617215,1.0278707842008001,630379440.758633,0.6982801340751785,0.30494834354099976,0.9042689741054044
2021-03-08,52315.43770626,1.0849588061482,8.338859311227857,1.0335350873636777,1764788545.573106,0.7043707974062353,0.3191144346219084,0.9067242037159505
2021-03-09,54904.392152084,1.079187563268038,6.4091008832514875,1.0546838550488888,1767739880.1767719,0.7165835958521165,0.34615804595546923,0.9110675651143755
2021-03-10,55927.3988501558,1.079871409067092,6.639734340159551,1.0570455105697316,1816358309.270397,0.7199017790049507,0.3533236574608271,0.9126819283499292
2021-03-11,57799.6067876217,1.1524593751398873,12.946181315364136,1.1005145566224328,3328113370.885904,0.7260637267788376,0.36641430347257653,0.9154067193230953
2021-03-12,57272.1469578519,1.0980405054890923,7.280131113221956,1.0679831996742724,2352365630.73233,0.7211699127743193,0.3546170538506281,0.9145975695026843
2021-03-13,61186.2710771734,1.0876423318908786,8.1859564098914,1.068410724449073,2098290493.577488,0.7374231035909332,0.3891526181895466,0.9198303888495993
2021-03-14,59106.5350517659,1.0858591796460024,5.103771193108992,1.030028386566398,1415300904.648378,0.7264691844190712,0.3650029291906909,0.91716104072567
2021-03-15,55681.452032207,1.0259927154992736,7.10486311356672,1.0088156506542039,716660397.7588849,0.7085183835784886,0.324401095567429,0.9120628912987432
2021-03-16,56945.8509968625,1.0857227219170498,8.083659697788573,1.0676424664972632,2273495887.5907288,0.7131460746294436,0.33352738383383035,0.9139782668228122
2021-03-17,58965.649206165,1.0869502698584388,9.531852826656616,1.0471943873067768,1859366843.935021,0.7215599231292448,0.3496544458804784,0.9165448025036669
2021-03-18,57701.0470269185,1.0351108779800753,7.192558599412403,1.0198040549892653,771826413.814098,0.7143872522911159,0.3334399490279554,0.9146929152307471
2021-03-19,58143.0243762907,1.0396060970568872,7.434387490092812,1.023712727277896,816773084.570975,0.7157055844640616,0.33645215415046714,0.9153198098513826
2021-03-20,58145.9797424363,1.05298539456411,5.715001444441199,1.0190142838203398,915407752.351792,0.7147698088237104,0.3342125831853039,0.9153244774306095
2021-03-21,57377.0672783386,1.0464238550011586,7.01796137962773,1.0273631369733758,771949760.690134,0.7101992785845657,0.3233015207092606,0.9141689798101755
2021-03-22,54220.3842698476,1.0442795600850066,6.736346295882852,1.001364394042041,885585319.047535,0.6919948616307222,0.2826408254604671,0.909214995867571
2021-03-23,54453.6175122283,1.0616968426448214,8.943884122138064,1.030391254398775,1892648790.021502,0.6915739492961274,0.2791163088074346,0.9092289330660167
2021-03-24,52499.5758066772,1.0405997626952712,7.163075383490563,1.0194566372033234,934729538.33004,0.6785770565109558,0.24992380983802648,0.9058063714988903
2021-03-25,51454.671432264,1.0463604624625018,7.788088435574956,1.0041495023484779,1238089789.980861,0.6707831494498772,0.2315063492370306,0.9036518756800103
2021-03-26,55120.7676416274,1.0571591565604026,7.145859992187325,1.0316725332059917,1458031916.3179111,0.6917038857073934,0.27837974302742297,0.9099014868172947
2021-03-27,55913.0722694946,1.0998594699768856,6.22817525576247,1.0507371482610124,1515310411.842756,0.6946259687513912,0.2845216654194672,0.9110782724291009
2021-03-28,55808.4100699265,1.0447137439991196,6.8526272870900025,1.0145676096229739,612657209.314862,0.6933963162496524,0.281722268838106,0.9108728803818699
2021-03-29,57649.1086073897,1.0585043928263507,6.818136117515918,1.0444440150470826,1389591596.826083,0.7018938346988813,0.30107047496711276,0.9136881922340395
2021-03-30,58825.644162985,1.067866720490471,8.528150900649072,1.0482075331254865,1563418015.927016,0.7063924051701105,0.3109860499068494,0.9153283781100672
2021-03-31,58888.9067709399,1.0645142809268127,8.411965576638563,1.0330564637082642,1552980379.99724,0.7052408187306531,0.3081164780702556,0.9153241642030162
2021-04-01,58854.2642032084,1.08279619309772,5.790229436067179,1.0202836409817762,2005431353.4040549,0.7032157343126406,0.30390269776038387,0.9153336739918267
2021-04-02,58999.4290857968,1.0552568957603297,8.27643491650482,1.0229045212136463,1290931581.9408462,0.7026901715243438,0.30233221385808673,0.915391996035404
2021-04-03,57099.8154644628,1.0142731625343357,7.074537957576944,1.0007423450607837,206159565.930376,0.6923840844364175,0.2783614910771616,0.9125008899002575
2021-04-04,58224.8904074257,1.0360650847778152,7.435256450210386,1.0153295140588476,601183411.4599631,0.6978517239482815,0.2905753871035834,0.9140973472856532
2021-04-05,59081.6543883045,1.0439940237441783,6.831493549421341,1.0210251864370383,967382541.765619,0.7014514583316781,0.2980143493823278,0.9152006408440762
2021-04-06,58006.9873031986,1.172468070016904,6.660507224622223,1.0352444842794977,5310962379.174103,0.6907999505478789,0.27719423144157246,0.9138698933994713
2021-04-07,55950.2343528557,1.026817032627616,6.555145675445747,1.0073119627556286,566309104.802488,0.6787057261640259,0.24052286579379434,0.9091497678464943
2021-04-08,58087.9902046332,1.0411798606547138,8.158680719201016,1.027328510310216,1068473040.991775,0.6897390687536145,0.2649675871537038,0.9122979384886056
2021-04-09,58108.4005289102,1.0272679067454347,7.202539758262341,1.011204209196422,733128575.3453181,0.6890848836549109,0.2618759442974808,0.9119263145531984
2021-04-10,59760.626188806,1.0430311868346878,8.22774280842553,1.0232312370249286,1026378946.624093,0.6966696877229268,0.2795449353030017,0.9142169306626131
2021-04-11,59949.711112079,1.0768757537519968,9.519047988288529,1.014980577659983,1265365196.942967,0.6964993797169539,0.2795968399242626,0.914388282198646
2021-04-12,59871.8486265718,1.0544748099869556,6.543217134237141,1.0183979090273327,1533462155.136766,0.6946342545332648,0.27571652019657417,0.9142470291501674
2021-04-13,63551.3265337792,1.0793939385004463,8.108544362312823,1.0559863344087992,2623755973.8217196,0.7102851192654888,0.3115939900796213,0.9191007484750567
2021-04-14,63006.7042038547,1.0874330176022127,13.306988106468959,1.0411556994805369,2782151497.370811,0.7052213313107675,0.3004059832073033,0.9182327426089237
2021-04-15,63270.3252107559,1.0777247658453857,9.923089631594554,1.0309212482207673,2152464012.873205,0.7046518433643147,0.29924421826656733,0.9184355180282416
2021-04-16,61455.0102855569,1.0297015565945864,5.812900073791569,1.015144922329216,886896380.206074,0.6950408378985541,0.27529121679434077,0.9157215410764117
2021-04-17,60114.8085597083,1.0299854990700126,6.63957433917608,1.005618845872076,770900222.107215,0.6873716744471087,0.2575769755206922,0.9137658444865361
2021-04-18,56338.254982297,1.1312196845935771,5.215915499258412,0.9869379915280518,4027720460.2151127,0.6626614470322945,0.2052653599459341,0.9086639514905649
2021-04-19,55694.5729736653,1.0024147139494999,5.904386639923331,0.9929286156368498,66984744.427757025,0.6585130819481496,0.19577772919043993,0.9075121309856234
2021-04-20,56501.9014545726,1.0269975783404386,8.237533941990174,1.007132494786665,942414993.2806839,0.6627363810577144,0.2054851088709909,0.9087243664862074
2021-04-21,53837.9146022618,1.0024080576608958,7.100135290436808,0.9866128858634801,-4162615.167691946,0.6456689373876986,0.16593177654711266,0.9039295931461894
2021-04-22,51787.8024694745,1.020377111906123,6.130050237733958,1.0073827275866805,605400225.401536,0.6304669064244639,0.13095083151326709,0.8998844341183221
2021-04-23,51244.5496827701,1.0116903629003229,6.267449590654749,0.9845688637299924,353096794.30493104,0.6267845328266022,0.12155699725131994,0.898602675949613
2021-04-24,50226.403367277,1.0288632178784924,6.241396664058375,0.9873882513981038,566771950.152653,0.6185040071391409,0.10264857634431503,0.8962092532909425
2021-04-25,49216.1696621573,0.9999627108112591,6.388608953407528,0.9756654584926143,-2318461.582957983,0.6105787755359073,0.08485424885753763,0.8939231759432464
2021-04-26,54140.7406779935,1.0480597697631304,6.876135969096992,1.025043417314851,1377566145.691258,0.6449600552117781,0.16470859007758035,0.9033828766563922
2021-04-27,55177.247113725,1.0694298215963967,6.93984003607557,1.0160591151387544,1641737540.491161,0.6500609156669008,0.17787857992462358,0.905119844068883
2021-04-28,54971.4634065037,1.0265529601424321,6.8551202401214955,1.0058410789082584,650075167.41216,0.6480476301918824,0.17213158897188252,0.904243513019207
2021-04-29,53713.1532098934,1.0427052176001423,5.812109453625982,1.005395450857595,1229676600.103775,0.6384961483121832,0.15103243268552047,0.9019492054502964
2021-04-30,57853.0663649613,1.0888755524645073,8.891089237848695,1.0351426299932656,1982164879.3648782,0.6628867707238552,0.20747591610088237,0.908682992416118
2021-05-01,57935.8578477097,1.0487953168061772,6.770872962571826,1.021487139439495,576696997.423264,0.6627228461358298,0.20588604836765453,0.9084350865409734
2021-05-02,56755.4721430315,1.051660471360414,6.2541111343534705,1.004999087571076,470594700.507226,0.655167325977798,0.18848238541978252,0.906459940345121
2021-05-03,57311.6130844576,1.0484718998760851,6.581356647118376,1.015872912048525,903327599.6567559,0.6574627685018416,0.1945360462332453,0.907271194894334
2021-05-04,53309.5597279595,1.015266585221583,6.002321581583073,0.9809033326637093,290710480.509074,0.6310584352223251,0.13373461356715055,0.9000025084205654
2021-05-05,57578.4590640068,1.04938574302296,6.320299084599528,1.0229013905649946,1298321258.640629,0.6574757925742705,0.193724437576247,0.9069272254395918
2021-05-06,56620.7023957848,1.044312136078949,5.665564464388235,1.0159171932992475,1154763298.571151,0.6504301575734002,0.1774876034968416,0.9051712731772872
2021-05-07,57573.9377388494,1.1052009040399216,7.805475558703158,1.0613894892546472,2606962308.684001,0.6538053168741617,0.18533707067484514,0.9064918389911125
2021-05-08,59074.0801397817,1.0449282682797723,7.093303076602162,1.0313815031915432,904216032.503273,0.661794515485423,0.20296754688616023,0.9085772352744086
2021-05-09,58481.3083155406,1.0433317787721752,6.554605442552054,1.0159790725190265,825428980.466191,0.6575998575149452,0.1932669930147069,0.9075716993054411
2021-05-10,55909.8491786804,1.0181857087941475,5.798760377513539,0.9968963445421529,464094892.328316,0.6409496980975753,0.1556081013755131,0.9032442444494593
2021-05-11,56951.0832928406,1.0221060212485615,6.042776755394153,1.0072808978130965,623557853.877105,0.6472326002266899,0.16937701205392486,0.9048341226077902
2021-05-12,49425.2409420667,1.0088273265867553,4.542171740194013,0.9765905498617722,138160982.07870507,0.5915441097328924,0.043970645076402894,0.8902867009519274
2021-05-13,49723.0105528306,1.0072006344557418,6.181758507226317,0.975958268194304,226680438.333084,0.5942649220167183,0.05038186096239684,0.8907075370219989
2021-05-14,50038.4792393681,1.002249184464108,5.816771344943164,0.9872491060864326,76026910.18947303,0.5967452189482485,0.055457365688748976,0.8909934303976883
2021-05-15,46754.4247306777,0.9910229061572385,5.605977858446615,0.9749961274508732,-219020632.515826,0.56836208885842,-0.009689785049779543,0.8832280366735492
2021-05-16,46561.9324185729,1.0011097588100637,4.681095094894959,0.9854437192375594,15848079.717671037,0.5667078031112531,-0.014094537278934054,0.8825068564418557
2021-05-17,43673.1068693392,0.9580222155554,4.285633729447573,0.9429776090511338,-1067795213.5233018,0.5392540969152635,-0.08721357571341573,0.8719196594660629
2021-05-18,43006.1721428662,0.9837090557541709,5.272856013350376,0.9670224829957016,-419192425.30104697,0.5324678999756624,-0.1018166642939679,0.8697449272771606
2021-05-19,36799.6522919344,0.9134575883129106,3.4053314320327677,0.8826324537848217,-3127303575.710011,0.4572908919417959,-0.269993086380918,0.8478474966127002
2021-05-20,40740.1820399412,0.9750613635005575,3.043552132603984,0.9600418582885965,-808321952.1143212,0.5115603403987693,-0.14314970221883264,0.8623831694099104
2021-05-21,37358.8422289155,0.9662207199615698,4.309671382432086,0.9441003547610709,-816499482.6260571,0.4681633237468731,-0.24304726889163236,0.8490990613291378
2021-05-22,37524.9032962903,0.9531445874907939,3.828210197689375,0.9425174708073892,-824195143.359988,0.4717646253145867,-0.2362860521833698,0.8485721611290133
2021-05-23,34762.4447941254,0.9716840416811792,3.8406895462344215,0.9333491124007192,-443202790.6149981,0.4307078860429541,-0.3305799960174753,0.8360674876652219
2021-05-24,38847.5679358688,1.0468170035135347,4.30852994260378,1.0033090933894426,1037064696.8485259,0.48958760707061366,-0.19114579086440625,0.8531666994078857
2021-05-25,38471.185776445,0.9749345106320688,3.3235626263835614,0.9638587555070811,-544087976.8391271,0.4853392282363687,-0.20252952605233204,0.8506335787674544
2021-05-26,39328.2713283477,1.009347174151709,2.844301510115877,0.9882409689022607,212838569.62129003,0.49618559307477494,-0.1816190482630456,0.851379811962725
2021-05-27,38539.4040325905,0.9818211732485661,3.7202590690673123,0.9774122386944389,-409703849.72667396,0.4862283051281144,-0.21204358892457328,0.8451016516770269
2021-05-28,35754.812140681,0.964186498270145,3.4934508197182548,0.9545417316236545,-729317029.5490041,0.44711485100402215,-0.30655478849433954,0.8313139175149608
2021-05-29,34612.8980549329,0.9730147492085733,3.4434365932018762,0.9672275672964034,-462474171.318843,0.4295432029826747,-0.3477051468420938,0.8254215024003512
2021-05-30,35748.5782233628,1.0253648977058192,10.030673632533597,0.9845564657515732,340432459.850181,0.44721205754711324,-0.3045089646201364,0.830268960569889
2021-05-31,37352.6470274449,1.0029472542711881,3.444938487487474,0.9968007057704986,64698392.793936014,0.4711263808603344,-0.2509508411255954,0.836215097272626
2021-06-01,36717.1012943696,1.0197976279660945,3.7303663662648074,0.966341751075677,300535540.976987,0.4615620684167027,-0.28176233907219717,0.8269293937706771
2021-06-02,37601.1034140503,0.9958600864783186,3.358360165109344,0.9809863569900195,-42851270.078228,0.4742327564359018,-0.25164951853946116,0.8303080069289733
2021-06-03,39209.8037900208,1.0236012961708023,3.466082790734561,0.9947659263523214,427455279.37875503,0.4953837500365082,-0.20077250039495445,0.8365735889851388
2021-06-04,36926.1343385836,0.9649409504900128,3.69758926124288,0.9582265836110408,-564388160.470292,0.464909438392521,-0.2740303580670198,0.8251998941775072
2021-06-05,35571.3455793727,0.9783289243246441,2.8174370405461078,0.9721920819335548,-314286237.068674,0.44482895517467474,-0.32205750909460024,0.8176107075982474
2021-06-06,35859.0002512537,0.9884087413480706,3.771538242118882,0.9821436776907653,-180734730.71656802,0.4495579189449452,-0.3125209389152451,0.8169320691038929
2021-06-07,33606.0167776162,0.9696132437895735,3.5866941408095907,0.9604130939691258,-754704806.539206,0.4130770998624025,-0.3969753151847533,0.8030426014543722
2021-06-08,33441.5593811079,0.9500724186479014,3.1385495924097664,0.9382367803330165,-975273917.074351,0.41249415544657986,-0.3998607419615331,0.7999934302172963
2021-06-09,37385.48277123,1.0365755633391849,2.839276048048949,1.019756142476898,836871064.230981,0.4738450842606219,-0.25550573205939414,0.8193739106882255
2021-06-10,36703.722401889,0.9929604414632823,3.205335586316847,0.9720683894368096,-149685126.40320903,0.46395786696984914,-0.27688752482466017,0.8142703580482301
2021-06-11,37351.9323531007,1.0154044025249187,3.066591821423041,0.9864995464457345,232023317.27220404,0.47297142636075473,-0.25474190840423305,0.814388809273358
2021-06-12,35538.9512953677,0.9771909640555115,3.02809230759788,0.9721573670546168,-273727726.405384,0.44636057492642683,-0.31915939921000225,0.7995056131290864
2021-06-13,39082.7586393276,1.027691764860027,3.801700269411063,1.0139057276223686,346262730.65030706,0.4964439203853178,-0.20251817767858302,0.812408574132163
2021-06-14,40545.772401773,1.0371129067456228,2.1801923518182686,1.0234408156155328,712016479.173189,0.5137025650749029,-0.16199013389630587,0.8173566830440706
2021-06-15,40182.9420347707,1.0117787013222155,2.138031046836385,0.9963915757250198,272606774.635129,0.5088088068520655,-0.1735526594714405,0.8139353807511057
2021-06-16,38381.7140531184,0.9955484155959238,3.230963401784884,0.9872318860984809,-110267545.18837199,0.4856147396978101,-0.2292159057899654,0.8033925845636669
2021-06-17,38075.3214764602,0.9752866425777306,2.21980199919848,0.9689609399984255,-418596266.35556304,0.4819937374688918,-0.23713822150279468,0.801033974862599
2021-06-18,35771.775882414,0.9781597280812141,2.262601276631473,0.9696063761855707,-367950364.95994604,0.4489546826657534,-0.3160996682229155,0.7846345198146167
2021-06-19,35555.2859122395,0.9877048687808186,3.0399487896904342,0.9833942439158864,-155646523.30942,0.44584007849456553,-0.3245183427150184,0.7813432708939699
2021-06-20,35619.3314589064,0.9963199925786459,3.5023655569348526,0.9872153015442108,-41439365.907754004,0.4470477232245143,-0.3217198150973404,0.7811345092483286
2021-06-21,31682.3045229174,0.9447653551874295,2.982247278669374,0.9334730570594829,-1165337967.6477108,0.3797639631144277,-0.47794615241708754,0.753350690940192
2021-06-22,32517.4656577842,0.9838833720120668,2.268153999051768,0.9737071652547933,-313624207.341378,0.3968008175559015,-0.4373487396697791,0.7586452144642691
2021-06-23,33684.8799129249,0.9958963741788901,2.297211021677385,0.9804882939689775,-61242628.72670394,0.4176954966545808,-0.3868687965370871,0.7647065374586993
2021-06-24,34675.9075086688,1.003505610743638,2.0056115773868077,0.9848945876913383,81185552.31631404,0.4344271866862088,-0.34596199545359857,0.7705102533218317
2021-06-25,31630.859275722,0.8672604184741185,2.7247600699392467,0.858922631951987,-3573601446.6855893,0.38550118043120113,-0.45581780610497363,0.7470294338117581
2021-06-26,32269.0201188845,0.9822386500776902,1.9806387828487442,0.9791563318300212,-277061596.524493,0.3985439415738537,-0.4262142064574967,0.7510861953536859
2021-06-27,34702.5590238434,1.0270290068723487,3.6935397102530603,1.0153473999977263,340190181.45843697,0.4404975153855081,-0.327553414140169,0.7680294307843685
2021-06-28,34467.2697142977,0.9969433210413795,2.0414583200790535,0.9911009732895785,-58493558.711777985,0.4365733362317859,-0.3358237638115564,0.7661994980514168
2021-06-29,35887.8251389237,1.0033426997303514,1.5694992094415237,0.9991711800336438,78967743.56596398,0.45872893842990725,-0.28338841167443846,0.7750874688350623
2021-06-30,35045.5776844357,0.9875464546205263,1.8195773602546137,0.9807660955891062,-215659855.111976,0.44612700010647777,-0.3131157657703097,0.7691221550731222
2021-07-01,33566.3827974695,0.971306279229805,3.1679929749567117,0.9612221568784515,-449997286.975109,0.42230564182010666,-0.3696877627614444,0.7574896857634101
2021-07-02,33829.2627170264,0.9420356842360635,1.4988815196956469,0.9294650912575474,-917610028.978008,0.4284011593270771,-0.35418719732184867,0.7582085844311597
2021-07-03,34685.0879246793,1.004269961835589,2.363826062141811,0.9982783837423329,57203589.520392984,0.4424148078749167,-0.3217622498923308,0.76304966999515
2021-07-04,35318.6811291999,1.009360644198262,2.8732497276568894,0.997249666624769,85362918.797149,0.45222684248924905,-0.2987115977695574,0.7663973858531533
2021-07-05,33733.4280953744,0.9880664607171765,2.8618321264431903,0.9782400390604779,-149242208.438597,0.4266266863755133,-0.35919101474519416,0.7545221296042697
2021-07-06,34249.4317747432,0.9968732880701107,2.4698485475153964,0.9884860465279678,-28817272.565860987,0.435333140852834,-0.3385754640959202,0.7575288832638662
2021-07-07,33877.7810852423,0.9957430689471276,2.421312608936475,0.9841630966952679,-61462132.66657102,0.42900791070552263,-0.3521993955984193,0.7542054434129583
2021-07-08,32921.4051771039,0.9707177923854695,2.4525528527739375,0.9646797439280385,-363147004.871505,0.4130256089283701,-0.3894575669931046,0.7460653652228033
2021-07-09,33806.1156871775,1.0075278546487312,2.024693397871444,0.9957992844784984,87175024.11523698,0.42835134968916977,-0.35352516143085977,0.7514204220395714
2021-07-10,33537.6091455601,0.99353735756928,2.377989644124916,0.987785928934556,-53405509.394864,0.42379124590950434,-0.3648795758730089,0.7473948893246752
2021-07-11,34231.3138484862,1.0054189798747255,2.398093141239981,0.9995988896661875,48999768.01189999,0.43541180446864797,-0.33736527306449765,0.751823206739823
2021-07-12,33164.2631174945,1.0090226775878992,2.1320485329343235,0.9787611329951518,91053215.77439499,0.4169379295364489,-0.3777133433524971,0.7436391425348724
2021-07-13,32733.8350110294,0.9825948864944268,1.6146507807735933,0.9764552338693419,-222251285.06791797,0.40961637421365016,-0.39363908386167484,0.7389697520281082
2021-07-14,32852.1173441895,0.9796169859803718,1.713222518142099,0.973265484475977,-249836315.728571,0.4121817347128526,-0.38587292295929426,0.7322570488274568
2021-07-15,31879.3317378411,0.9714529082831809,2.7372851640084885,0.9642748155252299,-453769533.209804,0.3949941127954719,-0.4245577228823288,0.7194970693383307
2021-07-16,31416.8051323572,0.9684307181639783,1.4957834635229441,0.9577819112116431,-386870162.503952,0.38661142807624743,-0.44097265912826433,0.7126261463581675
2021-07-17,31766.4991811537,1.202043246243114,11.532576388692636,0.9883999828869391,1478089129.686106,0.39096441594043624,-0.41949979163861534,0.7093973954335899
2021-07-18,31827.0308656312,0.9834455843806633,2.1256608913130886,0.9774904805512536,-149402145.146494,0.39238281853603624,-0.41497771489589097,0.7078313616730901
2021-07-19,30844.6504514639,0.9799400832584201,2.0467721056279125,0.9688194005484574,-231589143.69497797,0.3733315652066821,-0.45694967647520424,0.6976649738769396
2021-07-20,29837.1840430492,0.9845055640297603,2.3291003288446093,0.9602720873739782,-191389450.346255,0.35252264316966575,-0.5015024856444926,0.6866727012002375
2021-07-21,32145.4527074778,1.0093766178334906,1.9229461242708281,0.9939288750691013,146875898.11864102,0.3989882462683567,-0.3922617958904132,0.7080599705532558
2021-07-22,32279.9417233634,1.0196483098940952,1.9569521827162886,0.9920148651717009,176461276.059979,0.4011499273085422,-0.3839559338832085,0.7075076782692457
2021-07-23,33619.0268839499,0.9505642711904996,1.8829918700539419,0.9473160901204044,-681448810.934746,0.4264978994969456,-0.3220787656765419,0.7135858297374761
2021-07-24,34283.9191305024,1.0104200718534089,2.0189776363123295,1.0041477642624808,82971213.515942,0.4374393021850188,-0.29462853770151126,0.7163374886347929
2021-07-25,35390.3206179253,1.0085695070451641,1.9598775909096482,1.004442784584424,97214767.426801,0.4549837802135647,-0.2508344012633926,0.7199961956552371
2021-07-26,37288.0149167607,1.0847482622085258,2.445675936633003,1.0047769929394876,1489715652.812543,0.4800281608087434,-0.18381978925170347,0.7326270445810552
2021-07-27,39485.8218067873,1.1652786919411458,3.0546486143518727,1.0770080519205933,2932997363.884076,0.5057610158010781,-0.12122937480949353,0.7448593105318556
2021-07-28,40007.9393900705,1.087766932945723,3.5645967135174725,1.027044020805065,1695448656.42659,0.5098009766759208,-0.10609357588748547,0.7415308329384624
2021-07-29,40008.5509495012,1.2906104761684591,5.403501343063239,1.0186330733291369,4292841856.9450393,0.5040272740850673,-0.10372766376385299,0.7379277556631748
2021-07-30,42243.2226963344,1.0434435731533476,1.4381956439092558,1.036121478849519,769671551.8798139,0.5298881753551226,-0.04742879394781543,0.7487129022729337
2021-07-31,41507.9391865087,1.0165822369488426,1.2244502838021507,1.0111327842222257,147341857.214789,0.5211567277592681,-0.0660374398097657,0.7428781156288073
2021-08-01,39926.7992136074,0.9959515430591096,1.6743553174091894,0.9916451066429851,-87003379.10780099,0.5019047221300056,-0.1073576467140921,0.7320893357172881
2021-08-02,39186.0936725229,1.0069113476322833,2.1483983314872286,0.9995022866492103,49598589.79370701,0.4923508893601661,-0.12794290486531823,0.7265537971315189
2021-08-03,38193.9395385549,0.9888764065335337,1.4305012688588037,0.98537213730673,-204738848.24492496,0.4793168479978859,-0.1552359817708488,0.7182537601512065
2021-08-04,39736.8063663359,1.0161821603366965,1.7427902786161118,1.0118221597620225,304814193.604467,0.4992400980515448,-0.11106350766572809,0.7282295517047663
2021-08-05,40859.1028823608,1.020677978615456,1.6304191978895672,1.0135826565321788,334282315.63062197,0.5127320951509821,-0.08108960685451591,0.7349172966135815
2021-08-06,42802.8167894893,1.0356656506036643,2.8141407126742894,1.01987801355414,710229358.569102,0.5340437953808563,-0.03354194863905435,0.7462467404092167
2021-08-07,44594.8457705738,1.041072293385595,2.376630610758026,1.0287913582160209,462066792.691232,0.552252747172437,0.0074542870451541525,0.7536277628019115
2021-08-08,43830.3069854484,1.0180015936516216,1.5971566205113161,1.0035825923833237,191513992.745967,0.5440062836953667,-0.009615860216549066,0.748587431667808
2021-08-09,46290.6974513131,1.0453420889261795,1.9809081888328925,1.0392875982301417,1078787592.766151,0.5671814032339161,0.04033534516851941,0.7613823971518777
2021-08-10,45595.1894036596,1.0404001761553525,2.1451252055423256,1.033181803779071,567692925.7946509,0.5597699176057762,0.02437523326455297,0.7564723288744845
2021-08-11,45590.2828355325,1.022886687357441,1.9856028938291683,1.011628623007465,378851271.774711,0.559050385285206,0.024224280044065426,0.7553256745468993
2021-08-12,44432.9519853485,1.0188532866423292,2.2874657012300235,1.0115754585668255,245185411.01043698,0.5472294059160261,-0.0007592764549203653,0.747495570096275
2021-08-13,47800.3407332082,1.043241267361559,2.8398309001982183,1.0340510940559096,837248693.630474,0.5784062029231234,0.07019094212359218,0.761093520572619
2021-08-14,47100.4973571392,1.0762242926650218,4.0834084270433975,1.0160144477213726,840636716.068958,0.5711008640338622,0.05774549338582108,0.7545971032459172
2021-08-15,47034.4406588719,1.0168486641501522,2.1600927291199357,1.0106712202792865,191830840.60518,0.5702851796995627,0.056977396398060834,0.7531108875255733
2021-08-16,45948.2462908833,1.0233036111815117,2.183661717320188,1.0143706360589773,296243338.535465,0.559497479470731,0.035207198060415425,0.7458181671164825
2021-08-17,44691.7820347228,1.0134381197305695,1.8990166463421743,0.998428216634026,115501618.65657803,0.5467709279325483,0.00944740448850756,0.7371646558896754
2021-08-18,44744.858788295,1.0310790562521284,2.3537672535580207,1.0100589596094538,429350322.905133,0.5467122685381047,0.014409931655142974,0.7320454922714732
2021-08-19,46749.1092111184,1.0474651384040834,3.0134088440861664,1.0350604891834372,655991438.55696,0.5656130317422714,0.055915861741589586,0.7419191985987499
2021-08-20,49297.7525446557,1.0560192195781197,1.8276277836665689,1.0462835103440835,934885867.229115,0.5872429329306101,0.10198059007611432,0.754649177991559
2021-08-21,48892.1735739317,1.0356260187535422,2.198339187795974,1.0236546225526428,425944550.94039303,0.5832148110545203,0.09388057735853911,0.7519515224320853
2021-08-22,49273.7112837274,1.0480061422238462,2.9432157672863615,1.0172345193701153,387180694.19627,0.5860257928718223,0.10094462189092282,0.7529726380886644
2021-08-23,49529.2239967408,1.063712606632448,1.7880903102872525,1.0300968115351499,931487939.909593,0.5869937863872641,0.10469552373190216,0.7530756752658843
2021-08-24,47721.6354639734,1.0052663440462848,2.1426466062268936,0.9980513905202884,71723062.71862599,0.5709882279213452,0.07151050928926243,0.7430382242608289
2021-08-25,48992.5471330104,1.1207236358697372,4.379355906642866,1.0319628370609086,1843880346.996829,0.5803007197039226,0.09385672419015885,0.7480480793030055
2021-08-26,46893.1661174073,1.028929141835045,1.6524833064942643,0.9981414433959357,377025375.654999,0.5609410772360988,0.053863327202751325,0.7363071164987975
2021-08-27,49083.8119906109,1.0258868173050264,2.2945985563357647,1.0150668019782678,548990485.653594,0.5801212931756372,0.09513028326294375,0.746882106215048
2021-08-28,48917.3550126657,1.0256062737015874,3.07703114252487,1.007109089790426,271972385.574463,0.5782940275298335,0.09298796324215754,0.7441696991433872
2021-08-29,48782.9181634071,1.016747054777888,2.824045354514964,1.0042876520960982,160933425.038189,0.5768992222025301,0.09213367867164522,0.7410588581911568
2021-08-30,47009.0340696705,1.0142613451481783,1.7988791441001521,1.0001858868952516,171462422.531173,0.5604497676795003,0.05838512446764236,0.7309816623490423
2021-08-31,47154.0976229171,1.0195548996523403,2.494500198437418,1.0012333116742353,399849393.055101,0.5613415963553248,0.06181661615492884,0.730948993628199
2021-09-01,48836.783538819,1.0409021372561849,1.5952341462512856,1.0266407188281406,753403643.272167,0.575953176152506,0.09289831215201433,0.7393518279130341
2021-09-02,49294.6585813609,1.0366195035232393,1.5080026325332425,1.0290597371547876,651529318.8693401,0.5789856056432556,0.10007013243126713,0.7408066750495537
2021-09-03,50018.6685379496,1.033397584198326,2.6056004659325716,1.0195018059891028,571218850.929756,0.5844410760874384,0.11320332266010247,0.7427512035783693
2021-09-04,49925.0509170584,1.0330577421104838,2.1019261039637493,1.0214117789866974,359437992.564564,0.583234564632424,0.11131544514138761,0.7414077405459625
2021-09-05,51744.0611532536,1.0302921057303627,2.651622991592336,1.0203438633163082,369850541.16345596,0.5975809954821457,0.14193805347946872,0.7498979411053383
2021-09-06,52662.3430046349,1.0522902273740051,1.8033088501444667,1.0349374113115648,657800123.68962,0.6039705163829504,0.15515821432206364,0.7540748470143048
2021-09-07,46862.2080515105,0.9771906774723818,1.188846557047043,0.9725234321844299,-610224550.399632,0.5549841027291059,0.054162354220396385,0.7234522341381164
2021-09-08,46092.6953349868,1.0015175460306038,1.483153849792811,0.9953918863212562,-3084235.813727021,0.5475822888594423,0.04460510418535115,0.7126082496645606
2021-09-09,46405.4898030801,1.0408589226679452,3.0799362522770592,1.0117354548276964,673060159.9058161,0.5498692616933109,0.05067588444081437,0.7137543157853207
2021-09-10,44896.3980156971,0.9947304361972377,3.055036840589511,0.9817164483471821,-126416744.25807703,0.5346622323714488,0.021443281989036486,0.7030113750920927
2021-09-11,45177.2953656965,1.0020380011574315,1.4675792948650512,0.9977950049022899,44776543.64136699,0.5375071789936401,0.028504303051226674,0.7042094952380297
2021-09-12,46077.3811127876,1.007650737444976,2.4090505535111792,1.003104314124914,194101526.09153202,0.5463506389993898,0.049511556791213406,0.707623121265865
2021-09-13,44974.1671198601,0.9966980081292578,2.1604974535205197,0.9915677290234819,-106011098.11462599,0.5353978512871178,0.028414711265761047,0.6994035421718771
2021-09-14,47102.6390290012,1.0270851517938053,1.5991848119123697,1.01852296258696,675081551.211416,0.5558162612714052,0.0714043666435906,0.7118964737486438
2021-09-15,48156.5789725737,1.024651661892267,2.716843542935016,1.0117255535298881,871267454.598406,0.5647012016764683,0.09116479657464135,0.71692625388187
2021-09-16,47782.9717489841,1.019211392410336,2.0945747444117173,1.0022329163429755,485187074.17835,0.5606911141948234,0.08781460004714937,0.7113948556309038
2021-09-17,47316.8980954737,1.0091914175113144,1.5432952367215893,1.0014446163058066,187886413.40811604,0.5560634221384041,0.08067855378092013,0.7070948116244803
2021-09-18,48309.8720428052,1.0173643320541383,1.6466875617229426,1.0113646714371667,286592669.006496,0.5648577050376863,0.10069904887090751,0.7114473980049367
2021-09-19,47268.1651914174,1.011386149128532,2.0625646925587633,1.0034052552989718,87711683.29395498,0.5550972717349419,0.08158146965094798,0.70442162323371
2021-09-20,42974.1707595382,0.9683948635403421,2.0472040607216586,0.9630220266693691,-902840169.803369,0.5113330622100837,1.998569062995746e-05,0.6700109244841573
2021-09-21,40706.9704034072,0.9737963470159137,1.2191665252148915,0.9724450869137956,-789630109.972219,0.4848435717038837,-0.04963781508702191,0.650319664938549
2021-09-22,43599.0499094126,1.0144681801262088,1.704087683978322,1.0096442154967389,486645260.00965,0.5188224957866655,0.01899896232299203,0.672838439148635
2021-09-23,44888.7018492214,1.012229130767161,1.8541419717937362,1.0071077164375086,300154180.60203004,0.5324798843337798,0.046878097369280114,0.6815355548035762
2021-09-24,42834.0418908137,0.9911141931346151,1.5523498129249336,0.988267572165892,-316956343.30270696,0.5104750196539223,0.005444838483073554,0.6636113795487945
2021-09-25,42722.3649307385,0.9990060440104903,1.7983199653869493,0.9972228124687027,-20795970.568036996,0.5091679271472151,0.004874551005225789,0.6604963209898487
2021-09-26,43217.3739196458,1.075604497617901,2.535845342964787,1.0039160670605187,2714466161.0365534,0.5114904203396728,0.015911039047971687,0.6636878553281816
2021-09-27,42190.161939574,0.9978620893830624,1.8977544555917463,0.9922467329467082,-110892903.294812,0.4992817417673588,-0.005185031303121461,0.6537398908085944
2021-09-28,41037.3997923888,0.9903741697987468,0.9663606545372257,0.9907747809578917,-343178609.06194997,0.48564801495652554,-0.03028353204312836,0.6432928376540321
2021-09-29,41546.3639998857,1.0018136010286742,1.9947968706703856,0.9964713570434287,70130360.11022002,0.4919574582160305,-0.015067482591375683,0.6457636908962602
2021-09-30,43890.0472376814,1.0135934613841004,1.7365819953953017,1.0084565336096298,589161995.5063641,0.5185230983823929,0.03788030294605062,0.663994702030331
2021-10-01,48143.8335275487,1.0379255425883662,2.4504145847616283,1.0318245738580967,1304155359.024847,0.5599171582910701,0.12092457264592593,0.6901704048668126
2021-10-02,47683.8419094453,1.028553799853754,2.1709970171975743,1.0216606679538427,518655870.929778,0.5549001009604004,0.11199783391294085,0.6859167531332371
2021-10-03,48193.5838074308,1.0096534700224682,2.143163031425974,1.0056703033544896,262872191.938418,0.5592610106962462,0.12106481558515249,0.6888227358246864
2021-10-04,49288.559221334,1.0266956082289476,1.1607536452268001,1.024084998365323,754216721.8473591,0.5684839615093124,0.1375460483000003,0.6957754195519344
2021-10-05,51518.9308226231,1.0410620473911893,1.8966148994000394,1.0325812331554691,1213390640.2937682,0.5861015497484786,0.17120231344002385,0.7081654890749832
2021-10-06,55347.5026515799,1.0734789499210375,1.7282564852282545,1.0677699371988791,2920092804.695625,0.6121033900017747,0.21810853274836223,0.7270903839133054
2021-10-07,53804.750734583,1.0377318975956045,1.6792134552298401,1.0298316580728613,1328260353.8207388,0.599127381508244,0.19177545839732588,0.718523827668888
2021-10-08,53945.614415427,1.0224889136177189,1.7324372134502746,1.0155861942787638,645957958.536388,0.5993637388918439,0.19257199684785706,0.718473085633132
2021-10-09,54908.8538710603,1.0350078687373838,1.9259548040436774,1.0236454523670895,542738620.918859,0.6059011474571907,0.20991885724011577,0.7190163248311477
2021-10-10,54694.7384688706,1.034812051071831,3.3245233688129177,1.0076512916437366,588193018.112737,0.6036931138823037,0.20693977839528913,0.716895343071932
2021-10-11,57500.0558265101,1.037503361587709,1.900113981547485,1.0283172597151358,1231364743.582617,0.6220255325595699,0.24205146261581512,0.7300962690049283
2021-10-12,55981.4498908459,1.0312461507890072,2.3262510399539074,1.0100823499289586,986541438.9978749,0.610649239308145,0.22005050545946495,0.7220973643888429
2021-10-13,57403.0997172855,1.0486128293554926,1.6830635901994637,1.0364523635508405,1122157422.8656728,0.6194457410331491,0.2362773025217939,0.7282383924068395
2021-10-14,57326.6457806918,1.028647686150304,2.039533455080969,1.0225276418710967,1119679060.530157,0.617735614677971,0.23220656023052477,0.7260634934045065
2021-10-15,61695.5100405735,1.0543077169441277,1.6845657073673324,1.0464653948056901,2385085762.3507323,0.6431036517526991,0.2780423823027783,0.7451182460496956
2021-10-16,60874.6921272866,1.042771004481836,1.7353186545605752,1.0212394425578344,771883543.784088,0.6374037714104354,0.26647204192836627,0.740843659348406
2021-10-17,61585.6141961422,1.0231441154130747,2.0748132679258973,1.0156397418581338,569235774.7768869,0.6411346150717854,0.2730968079307389,0.7434285950339713
2021-10-18,62056.9063454091,1.0625413636883376,2.5665202475493283,1.033706533985174,1559059237.1271899,0.6424670312669668,0.2741250866363337,0.7451845043324526
2021-10-19,64300.7801046361,1.1298815690424466,4.072774978281517,1.0509277429730113,3355931119.599639,0.6524239999278917,0.2914100867393125,0.7536310510662407
2021-10-20,66026.7013385388,1.0730313213760712,1.8980372825055891,1.0510757412749574,2717159617.697181,0.6591536484001639,0.300971724118837,0.7601507722034799
2021-10-21,62249.0642662859,1.037512098685564,2.4351249322929585,1.0231358709400442,1201097714.848688,0.6366853094064883,0.2526523581333371,0.7442813951081133
2021-10-22,60755.9661976719,1.008127128349696,1.1632460321549964,0.9951166631620604,218246030.76462597,0.6274784133065089,0.23079075865371884,0.7381340609704657
2021-10-23,61366.5041106628,1.0210439224970362,2.89222897664753,1.0091358698474993,418443324.200225,0.630865594659462,0.23641106488117025,0.7401985625374772
2021-10-24,60911.3515378443,1.041062720959878,1.1295585091037192,1.025770698548153,964767423.5946081,0.6273030293428241,0.22455350954117004,0.7406517212118476
2021-10-25,63121.8403337763,1.0600529902332163,1.532158372269012,1.0423589897268533,1846336565.789284,0.6389445500375714,0.24429519398235305,0.7500421851363964
2021-10-26,60366.7137544603,1.0113749935057372,2.029826415873444,1.002085994096183,489254022.10764706,0.6215371205121344,0.2080921185336518,0.7383498426923569
2021-10-27,58543.8780723942,0.998908143671492,1.9188893900531614,0.9912701335614696,-87716287.19367003,0.6099159382199995,0.1833338650064594,0.729659879374083
2021-10-28,60652.7652214098,1.034258356060893,1.9031791703652217,1.0253594178336047,1080075629.24457,0.6226251488128618,0.20739096770610269,0.738751550367786
2021-10-29,62274.78330902,1.0341948086381358,2.510486355739551,1.0261332784455186,1245210439.912014,0.631635275851331,0.2234120157085204,0.7453432062331563
2021-10-30,61878.0461867853,1.0244521563369002,2.3603190472870548,1.0117022686317052,397729831.82526803,0.6289026940631076,0.21678053433042282,0.7435259930138319
2021-10-31,61343.2062011738,1.0478852246751813,5.142482916978773,1.0014488547243972,845511656.247174,0.6249218142999099,0.20703034808667514,0.7404702979203689
2021-11-01,60946.0830230208,1.0647646062428222,3.6975377329264436,1.012832273688463,1953789632.925421,0.6206289534691156,0.19790738588253656,0.7385480766010643
2021-11-02,63215.7813965961,1.080198436422233,2.5224997605785995,1.0240283967520472,2668455611.378175,0.6320515500421154,0.22050693435730925,0.7481837331072342
2021-11-03,62926.614542338,1.05698471239407,1.5197623778614653,1.0256241039671241,1695200602.800701,0.6289042337244203,0.21067101241038083,0.747741560141935
2021-11-04,61474.5850401543,1.007622194810154,2.236313048939208,0.9988850538966988,217544072.52366698,0.6198858215237383,0.19137265464612274,0.7416625922789613
2021-11-05,61060.6800377701,1.041438980038724,4.370360697769069,1.0021331669733995,1000957749.1338829,0.6163036011076614,0.18376386874140577,0.7392102549439352
2021-11-06,61520.3949898102,1.0417699401558382,1.610541088432191,1.0146645395636154,542256004.30277,0.6187360339223371,0.1877815186786712,0.7412417471858448
2021-11-07,63317.4577332819,1.0293952813794494,2.269329655381638,1.0188182881072836,470898185.853665,0.6292192483052316,0.20905255474407333,0.7485161505208356
2021-11-08,67524.6959548011,1.0673752267866448,2.9917255764712545,1.047395152225404,2800987228.381706,0.6504019620602671,0.24997657285427036,0.7642149790551115
2021-11-09,66963.116163706,1.0446344807021024,2.292804639189486,1.0307764131628907,1568259939.248685,0.6459580035312709,0.23821733483332938,0.7621544384066107
2021-11-10,65025.467155987,1.0346183392675645,3.637861434732831,1.0034609745616103,1035618311.4164729,0.6341383747991717,0.21328340599689444,0.7548370366681451
2021-11-11,64877.0081930951,1.0315332202428105,2.5946123284595637,1.0198925184079615,991852491.5537299,0.6326128303121344,0.2079834759376777,0.7540420306912627
2021-11-12,64188.6437134246,1.1195703982622771,2.428318772082071,1.1127342664010345,6115709868.528303,0.6237558475301956,0.17682683476347488,0.7511311092454344
2021-11-13,64413.4217953063,1.0177435825445365,3.012331108786212,1.0041201992622109,373670086.124078,0.6247457103392055,0.17862561334681737,0.751871941366657
2021-11-14,65523.8584709272,1.0212324468336165,2.969802047086396,1.0096505985915323,409946518.416914,0.6308459082350704,0.19126808899431152,0.7560160017576912
2021-11-15,63617.1091595721,1.0242930990169632,2.1923613654121,1.0058236440000967,818219819.0099709,0.6186513066212934,0.16444621605544088,0.748418953620563
2021-11-16,60152.9833214583,1.0191680719399117,2.003931423748178,0.9843842154841727,687103881.3769201,0.5960463755589929,0.11734617999566195,0.7343889333864434
2021-11-17,60403.0115101506,1.016905031738786,3.545914768807642,0.9975199897053058,738957977.7905929,0.5972154167496941,0.11996919472633209,0.7350582497478514
2021-11-18,57110.1566553242,0.9775435119237624,1.6467376648275622,0.9664910139446196,-929434604.557349,0.5743646087407526,0.07367287850280164,0.7198788983096133
2021-11-19,58157.6002732596,1.0053177916844807,2.131466356925127,0.9970743860616408,257630034.886962,0.5820725540327454,0.08961748317626957,0.7247110835939816
2021-11-20,59771.6315137569,1.0199583665357168,2.523861995096341,1.0115123731457443,435621132.620072,0.5930916501294979,0.11189806075874686,0.731815234183283
2021-11-21,58807.7175941185,1.0067373077380084,2.415976639264965,0.993888217164086,60664625.750963,0.5862572796622015,0.09694966302654096,0.7272446614795298
2021-11-22,56346.0376852446,0.9828363740198883,1.9373831644872894,0.9742219052199877,-620396633.208237,0.5683675780103382,0.060829809021446954,0.71540878030188
2021-11-23,57592.7474853861,1.0084156432140448,2.851738608778907,0.9988606822786085,353562698.250401,0.5777190328725157,0.07996782289128035,0.7213990951886528
2021-11-24,57266.2346093222,1.0047261969223684,2.1980375557169007,0.9996934820393196,279003928.05450493,0.5750755267934715,0.07353037450743671,0.7196663126269754
2021-11-25,59000.5855866191,1.0677942580653463,2.3282192223040155,1.0117208615474864,3515446216.191986,0.5845463690465922,0.09525209444739216,0.7285538989017732
2021-11-26,53719.0603669697,0.9820286250911001,1.8407798368939943,0.9742579936549581,-1288516601.5704331,0.5443837038068247,0.011244871331299205,0.7014442006163347
2021-11-27,54974.1548889334,0.9982582345996448,1.2964440310526126,0.995593106540958,-3789295.3051609993,0.5548803458587512,0.03310459102159297,0.7082206239930933
2021-11-28,57335.8385785585,1.024566169032214,1.67475064142034,1.0103140659878356,505307278.368335,0.5730897746516341,0.07127049450604528,0.7203770758836421
2021-11-29,57847.2919246656,1.0240179804726504,1.9965854306870197,1.0122269239479489,826388359.278035,0.576013246669641,0.07718570347770116,0.7229656148662895
2021-11-30,56995.3857585774,1.0051280388928763,1.5852606170245456,0.9966214104969636,219251387.24610996,0.5693052468247207,0.06206014836929491,0.7187689609138619
2021-12-01,57273.6611889464,1.0145753561790658,2.2188917207569276,1.0022191945590786,764699269.158948,0.5706217984856172,0.06497493561914602,0.7201019179284825
2021-12-02,56560.2266972815,0.9986936456293434,2.515310808308749,0.9926365081309837,-78922108.186907,0.5652485935570223,0.0532055757196457,0.7162400400921413
2021-12-03,53761.801608697,0.9831579888355275,1.405622782694569,0.9772131836225392,-659982623.959914,0.5427225566709368,0.00593701641091454,0.7013965231886307
2021-12-04,49364.2907212515,0.9635535524103098,1.7734267347259238,0.958805038534045,-1824179890.373718,0.5042849105749769,-0.07966130895735032,0.6731157264849912
2021-12-05,49452.1889584102,0.992483155466265,1.400364746875771,0.9881689393644358,-201678886.739862,0.5053628020145434,-0.07656112486163667,0.6737697816861489
2021-12-06,50615.0532827178,0.9909749913341381,2.024205383608617,0.9824150939369087,-364936134.540359,0.5174639558807874,-0.048739015213073236,0.6812806447146788
2021-12-07,50668.0032962036,1.033153895214859,2.2039865145044013,0.995552949122939,1082302505.0693622,0.5164646624818106,-0.04714000919160621,0.6818539628300719
2021-12-08,50553.3823409153,0.9960641003314584,1.932756087376913,0.9882227189036171,-116760545.92899102,0.5156178446354581,-0.04863486538752707,0.6810310860852274
2021-12-09,47671.2506039541,0.9701640900310996,1.909341134972184,0.9554972066827322,-949079322.1453279,0.4869607049467558,-0.10616274747400202,0.6616340826883604
2021-12-10,47215.6968142432,0.9885445377600357,1.2425308527521242,0.9842645759753604,-417548072.70549095,0.48222864120890885,-0.11422339540534406,0.6587153381767098
2021-12-11,49388.1539281261,1.0189554517039117,1.8190091839638889,1.0090419066474408,423038917.528223,0.5048655567342728,-0.06678232020875176,0.6736859743036063
2021-12-12,50143.9127866447,1.0060148417750212,1.9705216702369286,0.9992040843656106,93943758.899342,0.5122243710421097,-0.051059038095972516,0.678550070901267
2021-12-13,46800.5088490845,0.979030116785656,1.3126702327923163,0.9732108808595744,-615533583.396328,0.47765747458896035,-0.12293252624911119,0.6556858141871421
2021-12-14,48414.6571558443,1.025221398875872,2.0231285568771993,0.9949070319410634,553375297.759061,0.4949606229301939,-0.08539059194474372,0.6672681688492466
2021-12-15,48927.1003013805,1.0061122431866922,1.7442415117005454,0.9960966367286712,172256112.052202,0.5002611722402599,-0.0741823149595034,0.6707633223556172
2021-12-16,47669.1942846622,0.9964019477512912,2.0387894087159517,0.9814141709077692,-149236223.42136395,0.4868351497936509,-0.10011984623210617,0.6620240301568555
2021-12-17,46191.7602477693,0.980231121047223,2.113094606529902,0.9739722102685738,-578531933.337584,0.4709244059173487,-0.13192684062288237,0.6511454708899477
2021-12-18,46875.2589558478,1.0020751465741646,1.8313439891540095,0.9918707255428214,53807838.967375994,0.478706507904892,-0.11611206623215639,0.656012237816375
2021-12-19,46716.581950515,0.999975881922037,1.9712259171047886,0.9943438858728492,-4367595.508855,0.4768752160759921,-0.12224107191518845,0.654239506924758
2021-12-20,46919.8442821935,0.991837276839157,1.178406835882823,0.9882335550966257,-198153409.93965203,0.47961278473079705,-0.11620310327603453,0.6560156616690825
2021-12-21,48950.7754669867,1.0129931076030385,1.6990310963170714,1.0077767970421176,418105594.57711494,0.500769344809569,-0.07189745633195448,0.6702410095446513
2021-12-22,48613.1718612261,1.0023288083489368,2.030785547096815,0.9909811175177297,55528736.459387004,0.49710175447537336,-0.0791587295267104,0.6678781266095977
2021-12-23,50811.3412189753,1.0330849580273456,1.4214540718429818,1.0137158031183824,816051808.606845,0.5185812990556438,-0.034841409081656484,0.6828188025869044
2021-12-24,50823.3614631592,1.0099314084442053,1.6257216433876143,1.0067960886839522,265526952.741037,0.5181874648907062,-0.03681625360395829,0.6826389932572283
2021-12-25,50453.3251880114,0.9944146990562209,1.182949101209672,0.989948923600565,-122681164.52863002,0.5146780536684721,-0.04411215419176758,0.6804979055408151
2021-12-26,50797.3196743488,1.008642356355429,1.2722133697293159,1.0010130567035371,175937173.072611,0.5179088125864356,-0.03756222185510326,0.6829464756556277
2021-12-27,50698.8674221977,1.0054739135542485,1.8618464048979888,0.9999479738381384,146310861.752782,0.5165488940926977,-0.040677704446162984,0.6820324563514442
2021-12-28,47614.4905860455,0.9815717875781653,1.485983448519328,0.9753247201896124,-570174291.921431,0.4855974382753769,-0.10744756699748137,0.6603867826585728
2021-12-29,46491.2140478384,0.9858582658966435,1.5943949860234625,0.981332395594082,-468996590.47326505,0.4735531802627753,-0.13532182639125714,0.650054077244377
2021-12-30,47158.0920351509,1.0031110571646435,1.6676685462786458,0.9873546506169563,143342626.62920403,0.4809781037355689,-0.12045870417407131,0.653302890460172
2021-12-31,46233.8073264065,0.9970569185332585,1.9629954087761148,0.9748680601476407,-105203226.99164295,0.47045921924020884,-0.14645210974034673,0.6425585904416478
2022-01-01,47713.4800763635,1.011109263554402,2.0607725653634494,1.000219026311493,149704735.154581,0.4868012862500393,-0.11137554879849652,0.6534087567384921
2022-01-02,47319.8922501558,0.9980126028465199,1.4195403345717612,0.9954042554404224,-33416838.458306,0.48254713485176753,-0.12094497307052696,0.6500997068532949
2022-01-03,46453.3084080836,0.9898450503115023,1.6522382323943405,0.9819317759195726,-200179473.229146,0.4730864053267513,-0.1400319473237159,0.6435608761265601
2022-01-04,45862.8155794275,0.9809232260289941,1.114052179499452,0.977926540540753,-459964413.45076907,0.4666241128990919,-0.1519012861540214,0.6392292393966769
2022-01-05,43468.669734812,0.9800440685416709,1.5484303971662978,0.9723205675365578,-616576270.338383,0.4373355011283243,-0.2105936809016398,0.6193793184623305
2022-01-06,43136.3896696428,0.9865515472949319,1.4180961999176362,0.9781833774304294,-496812569.1845431,0.43417382750436234,-0.21474288551865292,0.616702460344384
2022-01-07,41552.7485405801,0.9697328715143607,1.3433582982589214,0.9655510587149596,-920076441.035267,0.413703647275781,-0.2549657891654486,0.6019935972743452
2022-01-08,41746.2650603275,0.9881378089347687,1.5612975128173938,0.98446587364605,-186554370.032372,0.4167049978958465,-0.24783865461596732,0.603600709282945
2022-01-09,41884.5668758102,0.9919480521955866,1.5075370580526706,0.9861826199203962,-89615248.18711701,0.4187249508040952,-0.24281814613430058,0.6046685023842764
2022-01-10,41852.7797413142,0.9925144674950667,1.8305707660761539,0.9855197735199043,-183627949.502443,0.4186242261329302,-0.24159967534746812,0.6040612818927749
2022-01-11,42765.2780816116,0.9953512441571118,1.5023706176431,0.9919278776431761,-90024592.729626,0.4313189709294295,-0.21418094160956916,0.6120353968390528
2022-01-12,43935.0013720576,1.0146531166215815,1.7901247420159565,1.0032215606579413,347435882.33019996,0.4461296502595797,-0.18213478158979035,0.621865912571338
2022-01-13,42585.4192823703,0.9851967721593793,1.6061111341815126,0.9811964320562723,-340784397.28073096,0.42867410864196065,-0.2178722397565046,0.6087234055507327
2022-01-14,43106.5572964824,0.9972230014598942,1.524413327395847,0.9926217342053625,-43160154.830917984,0.43574725216756804,-0.2022775075274041,0.6133102475488054
2022-01-15,43124.4659261595,1.0013860620150854,1.4667216920059445,0.9984035817309467,19047317.438319005,0.43592577133798355,-0.20162134288121905,0.6132012118466249
2022-01-16,43106.9111899019,1.0029162677291679,1.766688757961692,0.9941913036561301,26414987.80742,0.4356558802588863,-0.20197423482369428,0.6123284849526688
2022-01-17,42270.4146206985,0.9842724012470021,1.6168867604660206,0.9804093963156016,-413352677.786741,0.4249769388110861,-0.22268548162064677,0.6043984874515137
2022-01-18,42391.074918118,0.9927553687340539,1.21045373832129,0.9898161166538175,-160606386.95170498,0.42697719390085836,-0.21780521425634528,0.6052268537109567
2022-01-19,41707.9618280743,0.968233673629028,1.2783098523397636,0.9612199176194064,-724598272.71393,0.41829776626263104,-0.2321579753030303,0.5987718656936194
2022-01-20,40757.9095125769,0.9737525189151826,1.839584725146263,0.9663837296489042,-581915688.613791,0.4049129228012086,-0.25647422097789646,0.5888778178176839
2022-01-21,36528.8835138266,0.9470609208916665,1.1613281042513222,0.9455135419090193,-2714971244.876414,0.33935115636179874,-0.38257568722138063,0.5412776001309367
2022-01-22,35095.7013710283,0.97223845833177,1.3635891172222836,0.9672674247202993,-892905512.605117,0.31406167742549573,-0.4303568550248912,0.5223807661573778
2022-01-23,36289.6900877946,0.9958689619449649,1.8364084025546494,0.9846376577176625,-11978187.425677001,0.3369127027076771,-0.38128712817375343,0.5378416522867795
2022-01-24,36695.7141813921,0.9843960687205753,1.3967733778235836,0.9804438388097653,-542070182.1499,0.34582935554862126,-0.36031399659345226,0.5429252744042466
2022-01-25,36976.5994948533,0.9949270508722615,1.7216444747770985,0.9850901536883996,-89283002.78187704,0.35065714732411163,-0.34706087765983856,0.546056786202411
2022-01-26,36830.1308900102,0.9889335158354152,1.4680398523120692,0.9867324140598136,-335843619.372666,0.34815300471974564,-0.3493928232498856,0.5438075531098029
2022-01-27,37174.3039739391,0.9916518272620115,1.5359375935220865,0.9842970885437902,-256170522.39819205,0.35499645971688937,-0.33228107774905413,0.5475589648755493
2022-01-28,37754.5378905794,0.9822793616713531,1.1193813738487932,0.9814092531870333,-537574489.730505,0.36576304595190845,-0.3079028443387512,0.5538799243467173
2022-01-29,38211.0860525392,0.975053553399129,1.7043383286489473,0.9720634449187046,-696066181.155736,0.374390869935222,-0.28695453763101836,0.5589616982666182
2022-01-30,37947.4917904629,0.9819073264272226,1.3147873629646392,0.9800562224562706,-442836952.398811,0.3705526527347674,-0.2924422452026975,0.5557510819664543
2022-01-31,38518.7099564129,0.9983346689589712,1.4982207996886776,0.9962818341414958,-25201109.574200988,0.3801867121331561,-0.27239599298544404,0.5621832800453817
2022-02-01,38760.2566778841,1.0834723708218137,11.62072496681414,0.9565379079959886,2422502887.23059,0.38068007844678026,-0.2506422033851495,0.5619461052308254
2022-02-02,36935.2015224288,0.9834443490830498,1.296828789191625,0.9813620025712085,-446931776.277043,0.35041176636269666,-0.30898946568460295,0.5395400953837377
2022-02-03,37307.4534756288,0.9935558152397753,0.9099980866739517,0.9950388284011474,-171079324.628207,0.357443493942808,-0.2941674388612894,0.5437103236992484
2022-02-04,41581.992365089,1.0326822763429797,1.5701569289901907,1.0307478803695618,972385858.7025009,0.4227920382703099,-0.16611414153815163,0.5898410025605444
2022-02-05,41444.7014378814,1.0025473467901815,1.0999491811119906,1.0015465064182978,82273226.39715,0.4203874117307844,-0.16971611477446835,0.5878294766918891
2022-02-06,42434.8565934934,1.005756033510899,1.0831874732313787,1.0046438971704876,157136620.57149398,0.4338638685662192,-0.14277819677175196,0.5971122866332148
2022-02-07,43888.5171923911,1.0149336925878292,1.4685436951805133,1.0117409625501268,685943867.828119,0.45164629763726655,-0.10752442452096184,0.610377108548917
2022-02-08,44093.2252227645,1.0114086527706476,1.2909750827788147,1.0077411914826464,362328600.37144697,0.4537949833272145,-0.10315537410564185,0.6118978218639117
2022-02-09,44427.1310356663,1.0089821989462204,1.3329005162487717,1.0058236411976704,280097100.946797,0.4575435478939733,-0.09572895673256403,0.6145577323853593
2022-02-10,43585.622305455,1.004837646478349,2.4951542810100964,0.9977151876493326,151889480.16618198,0.4464162471032953,-0.11609874864646635,0.6066374952766423
2022-02-11,42421.3845903464,1.0036923061579883,1.44262425936582,0.9984045548023023,101623888.427198,0.4309695266882693,-0.14601038498725924,0.5955864617416555
2022-02-12,42249.4882063866,1.0133025975741716,1.2340651780418088,1.0111733839706065,156553031.002846,0.42845251366871717,-0.15138846018441693,0.5937036056828459
2022-02-13,42088.0385518948,1.0001504295629189,1.810493613172192,0.996253564104446,1764876.4170980006,0.42621624637090555,-0.155383695044456,0.5919751351960576
2022-02-14,42583.7069950108,0.999852660498687,1.4349490119967494,0.9983105776673875,11988922.011096,0.4329997919435243,-0.14164496282785896,0.5965658245297245
2022-02-15,44567.362408842,1.0277260563124668,1.6820485698972856,1.020636809435139,665181975.008109,0.45761598730597497,-0.09342572700014118,0.6143994604762493
2022-02-16,43911.7812747083,1.0019934273967186,1.8980168285974237,0.998614359520471,57067248.125063,0.44932003604935083,-0.10943180663981097,0.6083625063530463
2022-02-17,40572.5787254018,0.980916740605612,1.3573702512308736,0.9776967145957314,-746055414.802552,0.40423060949494805,-0.19518812289855048,0.5755860245772569
2022-02-18,40033.5993673829,0.9907242324909273,1.20397387035867,0.9892765399827231,-305201388.755633,0.39679086760742643,-0.2089358975203644,0.5692014000107267
2022-02-19,40135.9085817186,0.9986619199165857,1.2910988675420738,0.9975800735442562,-36139105.762462005,0.39843498783269166,-0.2052793403685868,0.570021113266622
2022-02-20,38398.6858875527,0.9852929683098133,1.5923972410574232,0.9810687758336133,-329819837.305249,0.3716269765347319,-0.2569259154441584,0.5503173176143157
2022-02-21,37065.5463296146,0.9860728069546406,1.4086962888107477,0.9821349764823982,-566057755.5695031,0.3494003606412329,-0.2966358875445388,0.5341821740205946
2022-02-22,38273.7589086326,0.997475743462873,1.177234538109616,0.995910340235603,-5762301.482942998,0.37042240872343146,-0.2553362113301689,0.548586124209945
2022-02-23,37266.670760206,0.9928212724998423,1.7720491780366219,0.9787057446896987,-158168540.73213398,0.3530549524875517,-0.28598392283145246,0.536215603716986
2022-02-24,38373.3567294839,1.0006238762062323,1.4118959160814384,0.9984675752253139,60038498.247094035,0.37292025432069764,-0.24856770151637708,0.5493409395505707
2022-02-25,39247.0606836865,0.9966525538215021,1.1370878907145865,0.9945049872037474,-70188456.33444202,0.3868231064210381,-0.21936389531624034,0.5594676760803488
2022-02-26,39145.2857313199,0.9866895783416141,1.2545124147170406,0.9819426032184011,-135919953.972941,0.38530747917022856,-0.22138770416738277,0.5580584804325889
2022-02-27,38000.1320731195,0.9882852199137546,1.2804259925242432,0.9828865672515279,-236167843.70787603,0.3667808097413202,-0.25570771696522226,0.544684898023313
2022-02-28,43208.3022431446,1.041962870350115,1.2310129277105002,1.0131518059748887,1906710510.5557811,0.44224722577487785,-0.10415680573815876,0.6037393602356467
2022-03-01,44433.8329941324,1.0150238189405816,1.0908378365880231,1.0139662583401607,639452841.264299,0.45672816235352137,-0.07672386191648159,0.614824816435259
2022-03-02,43938.3473929568,1.0069347143213074,1.859278098395201,0.9986533407874927,164028271.851157,0.450185786284184,-0.08891388371474425,0.6100064746006628
2022-03-03,42476.3495419097,1.008028987266048,1.5461546586050798,0.9986889105646685,181715608.21714103,0.43066054910917767,-0.12561147503489892,0.5965850991245608
2022-03-04,39214.1164340164,0.9689281595924079,1.2177683900233927,0.96531039472137,-945909768.3103701,0.38384499463444116,-0.21284130368505907,0.562972711655084
2022-03-05,39404.4290408575,0.9986638415778969,1.5012105695677687,0.9972224840237865,-24962748.798539996,0.3871071183268695,-0.20646346204436317,0.5647643552399306
2022-03-06,38416.1139211941,0.9914353908640662,1.496385541543634,0.9868854897593514,-116839935.259909,0.3713934936601988,-0.2361737083016149,0.5532833983363361
2022-03-07,38039.9536778358,0.9850931240896887,1.6216278675612061,0.9762601871178429,-312705795.46467197,0.36545539705052776,-0.24478264004857414,0.5487400853486898
2022-03-08,38755.8124052357,1.0043078964192842,1.3043928334705608,0.9923010177870099,82020363.104283,0.3771107600783602,-0.22036333592781288,0.5570083774664825
2022-03-09,41949.2532150797,1.0118601263268374,1.4545456009049895,1.0075203535264599,528985788.5137019,0.42409870061802324,-0.1289829294516875,0.5904363996204854
2022-03-10,39450.472970223,0.9794087142155232,1.4512290580208769,0.9754831969857392,-531136940.197127,0.38834630912757456,-0.19617864819264222,0.5639172606882249
2022-03-11,38751.0034822877,1.015406742196694,3.053058441558219,0.9733754143880016,342208816.172577,0.3766618776925515,-0.21148205259835792,0.5546315734020021
2022-03-12,38808.912529661,0.9990029967653037,1.151031135169749,0.9963297714771132,-13247085.154631004,0.3775390363811106,-0.20853539180410602,0.5548599444316643
2022-03-13,37830.488565129,0.9914974453950345,1.4824768643597388,0.985008270829069,-110688946.23215298,0.3614878258993651,-0.23820013310699664,0.5430049656843222
2022-03-14,39669.4584244225,1.0090889762505433,1.6106609237301994,1.003646220446824,227157182.121137,0.39114785102237226,-0.18066530460968758,0.5634112897458312
2022-03-15,39298.495064226,0.990408050471204,1.25752098656223,0.9867907799855221,-172901329.793204,0.3855732158314835,-0.1892616175330467,0.5584504368006702
2022-03-16,41124.7921082548,1.0171878950978912,1.7577788754552226,1.0086869761775132,594021472.127939,0.4123570014046767,-0.13636091946188972,0.5764417049416869
2022-03-17,41019.1859285344,0.9849031116515147,1.606282278388393,0.9641179615271346,-372173701.40178704,0.4110974013058267,-0.13312636205505282,0.5752115271044695
2022-03-18,41788.1158911028,1.008163463617661,1.324964348598653,1.0063849254729433,233127347.22188497,0.421724915891196,-0.11251942432359437,0.5824201795679591
2022-03-19,42227.1822132212,1.0107895501490525,1.6612026506232151,1.0044408352605705,190713947.404838,0.4274996969827244,-0.1000459450781693,0.5857791971133813
2022-03-20,41265.7887816155,0.9980139932697574,1.128470128043157,0.9967557169707911,-65347865.664737,0.4141128002554432,-0.12430672639958507,0.5755647378342851
2022-03-21,41072.2757382856,1.0014329907364348,1.1712449496007475,0.9987491521399608,42788027.445898,0.4112681397200748,-0.1284054505228424,0.5734733446077315
2022-03-22,42383.4284462752,1.012659779211451,1.2530010937232152,1.0109526415845063,431935784.002823,0.42885020536389545,-0.0942647792885129,0.5858974157258758
2022-03-23,42908.0152940736,1.011507159646988,1.3728347386821629,1.0081040266875496,332926415.11928797,0.43566357751940243,-0.08042322039798404,0.5899082297467539
2022-03-24,43995.0544615427,1.0101678904288922,1.116037771828957,1.0089468168186053,460851255.283272,0.4489771598253156,-0.052715333920485274,0.5982548823652436
2022-03-25,44324.1456587403,1.0657288235355848,3.452664856447011,1.005970399118384,2251378133.8898883,0.45025194072417085,-0.04375070796250178,0.5994604889468604
2022-03-26,44543.2618254253,1.0067189633706493,1.19618551389341,1.003916681325049,116087803.482738,0.45282801638842746,-0.03707350712460021,0.5999873100934521
2022-03-27,46829.1925356218,1.030873743760209,1.46203901379253,1.0286418513684705,698756856.877082,0.4791870151780462,0.010806951162154278,0.6192133941571659
2022-03-28,47109.5900327755,1.028105741768802,1.4396799882137035,1.0255268855895887,1146924554.7674851,0.4804510059190378,0.014813106423616997,0.6188416180759081
2022-03-29,47444.2536001307,1.0326997693523212,3.222234813729761,1.0123819778896777,958376779.535577,0.4830712265295776,0.020855885891617548,0.6206754265399501
2022-03-30,47046.5588659099,1.0078733130780138,1.182911214635952,1.0068802992481298,287707340.681877,0.4783331304941818,0.012302231885396439,0.6167653245078353
2022-03-31,45539.3030499317,0.9953689232161017,1.1964576883523654,0.9926334676052787,-243094125.02161795,0.46099414023366825,-0.017728012080629133,0.6036754352562049
2022-04-01,46294.5456536343,1.0106404837859102,1.457575046460854,1.0074913829397045,502464303.811713,0.46945742495823034,-0.002370857064389776,0.6098798989167276
2022-04-02,45820.7574400274,0.9969534698214071,1.0095122751447567,0.9967652376605703,-72355371.19956999,0.4638698508179764,-0.011240940977776415,0.6052263740145373
2022-04-03,46421.8950152819,1.0113878640499703,1.5417869802662343,1.0064709793087045,248477908.65978304,0.4706292032070121,0.001872943462767716,0.6098119016029571
2022-04-04,46629.5608508979,1.0147286523799972,1.093214014279393,1.0111635608927274,330778780.939243,0.47279475815862576,0.0063289303884836385,0.6112974677596388
2022-04-05,45518.8114534148,0.9970759163133408,1.1973876647959736,0.992890918714123,-83503931.38506597,0.4596690158043356,-0.01571112585838161,0.601193593146024
2022-04-06,43191.6713431437,0.9835243884224529,1.150072325906578,0.9823647256566173,-702788325.244975,0.4311590071362233,-0.06561914198660627,0.5792961488885638
2022-04-07,43467.2472281728,0.9968054427178128,1.5443741084794391,0.9946786707374515,-85016910.48272797,0.4351041907455459,-0.053598257942278967,0.5785481288052097
2022-04-08,42332.0247333776,0.9917620573030314,1.1922486952424476,0.9907311493254636,-376102382.284299,0.420077939233768,-0.07865943585985433,0.566752249968822
2022-04-09,42768.6868370621,1.0011550001158191,1.3702211990804836,0.9994811369419211,34974983.822771,0.4261116674237225,-0.06596719030104561,0.5698542669760474
2022-04-10,42149.9663795503,0.993676046710878,1.3668045112603364,0.9919479072380938,-146246573.42821702,0.4176578796338729,-0.07966084137225163,0.5628884031817682
2022-04-11,39547.3314208316,0.9790577183375254,1.3759590838911135,0.9763909919736683,-778136540.860817,0.3801702477517625,-0.14483860206045596,0.5338552269473882
2022-04-12,40094.0390121693,1.0107763536648295,1.6588418699907443,0.9970132489788137,544892117.5905781,0.38818053515477435,-0.12423617201026954,0.538661371971384
2022-04-13,41161.5300146781,1.0030456426913037,0.9832417926029187,1.00323509419907,177773570.54921898,0.403949134450186,-0.0937945490617993,0.5496530018833177
2022-04-14,39953.5837486506,1.005141046432134,2.4235765372446227,0.9894829276324372,250924844.57370007,0.38533443255793326,-0.12059010843225595,0.5348994909467263
2022-04-15,40584.0326118403,1.0017575250422934,1.1678082168868364,1.0011101231302304,89596764.13658,0.3948721528884985,-0.10230224441689104,0.5414749429170587
2022-04-16,40385.835365387,0.9968577822471044,1.1093824500541696,0.9965503131814343,-76983193.059749,0.39195042394049956,-0.08559389418968383,0.525035322992478
2022-04-17,39720.175031325,0.9946336848037698,1.2809525295998445,0.9930377075000767,-81071862.456497,0.3817689608375742,-0.10202417479409949,0.5164405007064421
2022-04-18,40810.4266178582,1.0008622964219671,1.0329951673261233,1.0007328881827966,71028284.624347,0.3985525330896479,-0.07210085706918315,0.5290334582880989
2022-04-19,41498.8486738084,1.0035527653237315,1.1653743761171516,1.002352253342172,187300473.48892203,0.40823247826409415,-0.05232382771802004,0.5355154965500138
2022-04-20,41371.2952751209,0.9999786010908587,1.345007780788294,0.9986809451502348,-2397488.509815991,0.4061920754974864,-0.05335294970284053,0.5329570263269081
2022-04-21,40490.4476835698,1.0209465442635475,2.4192049866042065,0.9954718769425763,770774890.062429,0.3918991069880466,-0.07323147708815993,0.5218586311690508
2022-04-22,39729.9187440143,0.9892838330636379,0.7755511748248154,0.9944844871916814,-459584919.58515394,0.3809498093039124,-0.08927253887632694,0.5116890151474861
2022-04-23,39446.5520631321,0.9983938097704691,1.448443787414424,0.9969964667315451,-68699356.26507701,0.3765497232004819,-0.09518918100925057,0.5074669563285191
2022-04-24,39465.644797799,0.998722580210236,1.0344220451282202,0.99859087876046,-43249465.722779,0.3769345681542187,-0.09364138589675787,0.5073810601699772
2022-04-25,40473.134484777,0.9995508340683769,1.0820659297348592,0.9990211117405264,-8871608.064880997,0.39282450919019013,-0.0656249799508225,0.5194480979150395
2022-04-26,38130.878974108,0.9820668823790534,0.8659869540928757,0.9836082692835673,-782828495.669111,0.35615667373258875,-0.12554506738155075,0.4899234624723214
2022-04-27,39240.7843412564,0.9970181344961814,1.0516662793637979,0.9967094494599433,42354342.963972986,0.3745208455786313,-0.09279639831556201,0.5037707997715177
2022-04-28,39769.0207239483,0.9997588997903971,1.0280412446029261,0.9993974164939284,24093538.55684203,0.3827839643334056,-0.07679013520618208,0.5097634084245966
2022-04-29,38603.0732911076,0.9901194708380262,0.8941093083299351,0.9915060948921292,-444404955.05876696,0.3646481900872097,-0.10130940931400315,0.4919807360385091
2022-04-30,37690.6156017555,0.9933503397773638,0.9663714260939309,0.993564313542932,-258395909.296068,0.3494424494177407,-0.12524879528531505,0.4791902608487584
2022-05-01,38480.6829588327,0.9994961916194747,1.4316375016011935,0.9980746578911581,10087904.965531021,0.36308364540695154,-0.1013391986052682,0.48958398318937235
2022-05-02,38526.9427973215,0.9734985753219872,0.8062491088672278,0.9815411741830332,-696856801.4336901,0.36471638097559184,-0.09542247233607572,0.4907017638740808
2022-05-03,37736.5823970341,0.9833817131610822,0.8446709796392445,0.9870239205492525,-636496289.317603,0.35224933981942874,-0.11325932309763934,0.4800657021993059
2022-05-04,39694.6268104868,1.0089640090313385,1.1584306599084306,1.0069989798237724,414493286.243639,0.38378528058261674,-0.057962760714347486,0.5045922496289909
2022-05-05,36577.7754839369,0.9770434757726281,1.11314036128631,0.9755397323619385,-893260794.7548931,0.332191642927991,-0.13962156724021507,0.46127471342117027
2022-05-06,36010.7997064727,0.9859149996921105,0.9793397864032718,0.9860212340048377,-522114576.9129751,0.3224015881655166,-0.1519439926128767,0.4521455371496814
2022-05-07,35492.272288545,0.9944029393934437,0.8802993974655993,0.9948000479958231,-228993912.551111,0.3127870589977342,-0.16598358169530897,0.4433797030691647
2022-05-08,34056.3276112642,0.9814034551345542,1.0393592953823665,0.9808719290682533,-540282687.7907159,0.2845452941849179,-0.21007908131283795,0.4193871316454016
2022-05-09,30115.5299245556,0.9136470275039916,0.8884255960296629,0.9143049735777257,-3067889907.880603,0.19513371963747425,-0.3413744491434422,0.3434657929137598
2022-05-10,31013.0903012082,0.9673293331890764,0.8824392227175878,0.9687730755218321,-956876095.234042,0.22051908535434708,-0.2928403591363921,0.36168979041637767
2022-05-11,28955.3477326609,0.9416665108885647,0.7984050102432568,0.9462553811662827,-2827342301.5939302,0.16961552506285685,-0.35762392240151303,0.3160087468864959
2022-05-12,28948.8468667497,0.9606027944086067,0.7799199536394016,0.9666173250838508,-1187387400.6092708,0.17253498195379194,-0.34618999653015287,0.31591030098175693
2022-05-13,29277.014143605,0.966743386572182,0.9835238755190068,0.9662392907911952,-887497058.7415259,0.18292989666111084,-0.32045484755026604,0.3231039226611588
2022-05-14,30071.7583952937,1.0246369562677244,2.4464297118992655,0.9942341856002624,763599364.787847,0.2037312584394096,-0.2806640097326844,0.33925288176332
2022-05-15,31306.4566177875,1.0058409168307991,0.7706723644322161,1.0085182173443001,137477053.82225597,0.23520413506198912,-0.23029188381021892,0.36482242136908666
2022-05-16,29842.3665899188,0.9819657440223105,0.9271478350204686,0.9827870422403848,-556370604.248261,0.19840341213992285,-0.28503836295987767,0.33371759943740814
2022-05-17,30428.3885599316,0.9893449918495922,0.751185020586873,0.9949541463939205,-321512619.07335496,0.21445779457101094,-0.25715836120832963,0.346575055039829
2022-05-18,28675.2158699234,0.9724634656241671,0.8099942011431635,0.9740970541601527,-770374895.566196,0.16745092453457308,-0.32629433177125694,0.3060470142485741
2022-05-19,30297.3188695349,0.978481314226778,0.6375636708304494,1.0029264892769811,-374321347.59231806,0.2130500848725155,-0.25327531986898405,0.3440824121905197
2022-05-20,29170.8388784833,0.9695246641623194,0.8330652726544779,0.972162059114326,-720884305.253916,0.1836881516503973,-0.2946257881844186,0.3185053857102645
2022-05-21,29427.3702282029,0.9898935267286726,0.6687564326802071,0.9974446277644036,-96556445.297264,0.19100095636785172,-0.28218308441634704,0.324214775367834
2022-05-22,30264.4586309666,1.0051728880529913,0.7659489957553897,1.0071302820894121,62486181.086308,0.21337135320218076,-0.24663463979831357,0.3425380770022887
2022-05-23,29087.275130061,0.96665209299551,0.5915275931655218,0.9768632062550251,-639565819.6241399,0.18213055535383496,-0.29243128837338667,0.31635039476596344
2022-05-24,29627.5068787364,0.9948895042200783,0.8487592286186832,0.9977186065481894,-83210158.822667,0.19762247966869012,-0.2672351585539322,0.32858833983507935
2022-05-25,29526.2095277186,0.9886872845135455,0.8792913057586487,0.9904089290202793,-227464504.888588,0.1950559513071188,-0.26818528086508536,0.32565653876742534
2022-05-26,29189.8019829638,0.9792678842754425,0.827097242788585,0.9811131729539736,-468652632.49407697,0.18657981994094255,-0.2759547267348592,0.3161068745292982
2022-05-27,28593.647341069,0.9728314911442669,0.9788769597105479,0.9727415644378423,-767071595.658705,0.1711685821781736,-0.2911462135405447,0.299616278709714
2022-05-28,29023.6963531194,0.9984325961701969,1.0517153417390148,0.9980262244246192,-5090279.258721992,0.18351660718666415,-0.27103338756451717,0.30961975772440115
2022-05-29,29453.8823738123,1.0050334831858694,0.9852539706433144,1.0053978403782924,55089424.214862004,0.19548043963199815,-0.2514527512079996,0.31915894259733796
2022-05-30,31707.0477166798,1.0213892870352816,0.9329849033757335,1.022984402230235,307384637.307548,0.2524400767486369,-0.16411549405547038,0.36740154431191746
2022-05-31,31763.9881272722,1.0104949108476948,1.216231525215998,1.0092264720385258,328813417.43044704,0.25312175296608824,-0.16261124539234648,0.36784023405550853
2022-06-01,29780.3787257085,0.9725714827929884,0.81272258955851,0.9769086317628929,-756793781.551657,0.204310304048159,-0.23312492481091984,0.325904758804494
2022-06-02,30445.6771415581,0.9516903782335208,0.5901047059783235,1.0009439290842224,-981947112.564705,0.22369166909960597,-0.20249476301012181,0.3427941629622093
2022-06-03,29692.2803010075,0.9769851705902183,0.7413573274253897,0.9861317052095168,-467243951.96157503,0.20467552588373472,-0.22791134731611365,0.32564034701906747
2022-06-04,29851.9731801901,0.9613896296270459,0.6144345546303777,0.9732567436902871,-427393717.64447397,0.2096729419866884,-0.21659714336133654,0.32821545969671584
2022-06-05,29906.7016211219,0.9874268401543257,0.89285209883275,0.9881695606062573,-115933996.96355,0.21134695063176465,-0.21290943332674872,0.3292092657308752
2022-06-06,31359.0052613532,0.9910927527734702,0.8545444298899522,0.9925827930470769,-129822202.00900704,0.2481641403215731,-0.1552806073047141,0.36017284468116484
2022-06-07,31119.7778089599,0.9802458425701145,0.6514153390527422,1.0021320543527403,-549485860.749918,0.2437270794823294,-0.16233899802516383,0.35685473261195716
2022-06-08,30194.1657751089,0.9815320511321611,0.9156455905980647,0.9830137645596025,-300969102.301138,0.22076095537057236,-0.1908037582353124,0.33409833708421294
2022-06-09,30088.1992605605,0.952257837656916,0.5866419893108449,0.9916605672311385,-612438544.435472,0.21901093891735193,-0.19252689808931622,0.3329912007626689
2022-06-10,29066.8608555744,0.9813343987665116,0.9222252208328435,0.9830493249876708,-430098063.982742,0.19228170829134456,-0.22928197723349866,0.30931788851392783
2022-06-11,28398.2127825331,0.9541457599470111,0.5809698137601355,0.9857767659211688,-490368619.481395,0.17419158741127502,-0.2553377897559752,0.29361814901470584
2022-06-12,26593.4364374062,0.9577684346993505,0.8407477193977505,0.960565253706132,-671841826.590039,0.11900138899958235,-0.3337639810104959,0.24571049449687068
2022-06-13,22445.1436398689,0.907367716611208,0.6476401984572834,0.9151701257240074,-4635737650.17983,-0.034501065680938754,-0.5304186085713666,0.10753157558687884
2022-06-14,22138.9698212549,0.90126108956734,0.5570615875143641,0.9165428900717004,-3191014777.868471,-0.04069796274849446,-0.519005985338565,0.09674356569196102
2022-06-15,22571.0576199162,0.9255211935816601,0.5002848694801778,0.966444427091967,-1908350131.675648,-0.01470626246976972,-0.47565851515697843,0.11747420012682788
2022-06-16,20380.5325789067,0.9083088965606487,0.5553414536752279,0.9205772106967387,-1969099948.543892,-0.11994853813924436,-0.6107392552619683,0.022479770689646433
2022-06-17,20444.843150264,0.9431682620984493,0.7769597169448896,0.9619485125262184,-1383662765.346034,-0.11256075827866908,-0.5825060195693861,0.02696911618306665
2022-06-18,18973.1024503608,0.9306831891916914,0.5343954176501488,0.9438713252367826,-2103580675.2877092,-0.19305356504238658,-0.6798571630386262,-0.04780420450541304
2022-06-19,20559.5050894125,0.9911576786362737,0.6577428509061645,0.9960760494732361,-2444993.935365021,-0.10050608107695569,-0.5497212690780242,0.0331234330034147
2022-06-20,20558.6286659958,0.9772798295959986,0.6695603654538547,0.981655426213488,-399702453.63964003,-0.09943347758202294,-0.5445851914813139,0.032992525280524605
2022-06-21,20708.9008031907,0.9668163521146259,0.48290640301830545,0.9843375134190724,-724055429.487517,-0.08987408055592509,-0.5266310951899678,0.040772673606154664
2022-06-22,19960.2186719402,0.956666222342603,0.5813905227619421,0.9643165931560715,-891825256.91026,-0.12843505547135373,-0.5732360638213737,0.00483857083569715
2022-06-23,21084.0932609266,0.9951221355771164,0.566747845778742,0.999889215477923,-93537985.44046098,-0.06761690861525409,-0.4873735209186135,0.05741744811810759
2022-06-24,21214.6692327235,0.9785670731851915,0.6679411091041805,0.9842159105550252,-432215150.970479,-0.06002856391583694,-0.47297684299762277,0.06323590945524639
2022-06-25,21486.7795267034,1.009271628727942,2.0619520549116293,1.0003858520701836,126277402.43685399,-0.046813859196241404,-0.4519838715060299,0.07356470311146393
2022-06-26,21035.9629970889,0.9903603487213541,0.7042713587115437,0.99195251607791,-112868306.762607,-0.06910872194745231,-0.4811371594550126,0.05305383058732945
2022-06-27,20707.6886918966,0.9692148730431827,0.5145504914429752,0.9767429245858993,-587804615.16878,-0.08468039837037454,-0.4982678112651148,0.03798545040926812
2022-06-28,20261.322494417,0.9732386766131089,0.6555015604713382,0.9816222937989703,-436741517.906527,-0.10755811200943427,-0.5255446318915299,0.016632143558736386
2022-06-29,20101.410032865,0.9742453320207497,0.951184649766379,0.9745424009284023,-454944815.494579,-0.1150721729350893,-0.5305729755353952,0.008245525194203858
2022-06-30,19908.4208257945,0.9334342917329443,0.5035329296711832,0.9593767118089149,-1309044797.216527,-0.12165636232253446,-0.5326388905029286,-9.238010744242588e-06
2022-07-01,19252.1638224184,0.9500911155454841,0.5196571372308033,0.9637294162494474,-792650787.470057,-0.15827418904771662,-0.5751491407354373,-0.034363510703727514
2022-07-02,19232.3596433005,0.9800048883427702,0.5116999116962212,0.9890321833708852,-250906531.06605,-0.1587534742148814,-0.5737774361018604,-0.035383191627064804
2022-07-03,19298.6909601537,0.9753364418424202,0.5896479127837926,0.9891548460061608,-281221020.029616,-0.15400680986889095,-0.5641129147973498,-0.032110172712013586
2022-07-04,20208.1258521229,1.0009123239091264,0.6491005175223074,1.003342693697621,17387614.389651984,-0.10186972733198377,-0.4933051866280843,0.014071209977794135
2022-07-05,20177.8719636965,0.9859613518671531,0.6391160909897275,0.9886663406127395,-205304438.69157198,-0.10300850288698452,-0.4926196977575881,0.012324645737863493
2022-07-06,20542.4083893739,0.9629116039583145,0.5118082919536296,0.9741423488705793,-752139870.3733951,-0.08122613084733835,-0.44919409826010265,0.02435987396846578
2022-07-07,21632.7264424563,0.9967902067267055,0.5793706468238333,1.0024326296518966,-17036770.100113034,-0.026477766587359366,-0.37573838180339825,0.07342031836260576
2022-07-08,21599.3104220071,0.9810695806416451,0.6941478504224866,0.985277518789268,-229908045.292386,-0.02776666485521186,-0.37466605046471785,0.0716757165742535
2022-07-09,21583.8358064306,0.9563878927385492,0.6504369637201126,0.9584487802685779,-619448820.106631,-0.027022342375411214,-0.3678570852283692,0.07048057491140707
2022-07-10,20841.4020253745,0.9894015379123721,0.5965491880805179,0.9932377463666723,-140451437.69773802,-0.06327984135736937,-0.4142734372902775,0.03707429012855155
2022-07-11,19953.6463431842,0.9166037367784092,0.42641193822363255,0.9698966588203555,-1440643802.771833,-0.10710464264988828,-0.4669666033468296,-0.0028872646044220086
2022-07-12,19314.5681356567,0.9671544225499212,0.6304253497268969,0.9720091630982756,-380814188.700169,-0.14282348422637867,-0.5089459966019856,-0.03686168902885946
2022-07-13,20239.0325461825,0.9941252482166991,0.6937992939595398,0.9963732393921807,-10129568.932365,-0.09016292956794097,-0.43666093147991764,0.009072088093318924
2022-07-14,20587.8286458016,0.9729266291949957,0.49970726138166066,0.9953200481954543,-352727810.90489197,-0.07069767179751896,-0.40906630947400263,0.02630616686777433
2022-07-15,20823.4872892865,0.9033715846552353,0.424383873464474,0.9610957506469158,-1572411066.9397519,-0.05461490277921461,-0.38225993117771656,0.040033309872904876
2022-07-16,21209.9251489495,0.9995897004103074,0.8593639154676251,1.0001832871586036,17136491.147667006,-0.03536234713483263,-0.35508514560379917,0.056575217523053986
2022-07-17,20787.2747890091,0.9939313678716512,0.5978959853274511,0.9952039800790202,-88779001.790753,-0.05630182121562584,-0.381058371306122,0.03715276037133288
2022-07-18,22497.1521495936,1.009282378956437,0.6753840794340092,1.0151526809390468,151838034.390865,0.02396524534355976,-0.2771556118351255,0.11026174037936665
2022-07-19,23407.3349580126,0.9698266768485766,0.7099987784988911,1.0027817281552152,-496403373.0645009,0.0632412037682849,-0.2240885727569004,0.14666503829550312
2022-07-20,23221.329625508,1.0063468171165346,0.8393626504929265,1.0081138193338002,119195452.24159703,0.05508783533726388,-0.23372920516495704,0.1394238180035808
2022-07-21,23151.3577660337,0.9646322353302902,0.7139518247212034,0.989649330879082,-728794170.6561899,0.054065074589392186,-0.23135233877155573,0.13839669916615147
2022-07-22,22701.4180913587,0.9495671938857422,0.3816874957622501,1.0043237205907956,-812116897.139396,0.03672524052571876,-0.25390591983005506,0.1236246453884289
2022-07-23,22463.2046978471,0.980996985993656,0.519523895726283,0.9966518724824214,-269202208.527503,0.02721001465474803,-0.26505485752574476,0.11456129534775442
2022-07-24,22587.3412261066,0.9930379023999111,0.5416802017635927,0.9989680166941336,-97327543.348367,0.03273899333201806,-0.25702057362462316,0.11937612927147544
2022-07-25,21316.7699867919,0.9622437296796179,0.5007356707851103,0.9741602057497311,-589904786.331123,-0.02371802974400642,-0.32628665820408326,0.06710324348755414
2022-07-26,21269.8745649408,0.9766887213219748,0.7967528341521795,0.9788084700426679,-303084572.270679,-0.024872387549479954,-0.32502927442858737,0.06465891374872947
2022-07-27,22962.8182152291,1.0117836378279406,0.8728869114279804,1.012711897890742,245362246.803378,0.0504856416135331,-0.22870014810218656,0.13316547675324722
2022-07-28,23858.0662916566,1.0098740954860992,0.6310451124841293,1.0126948698494869,224041963.333886,0.08558234470203406,-0.18393099622107614,0.16526342971204994
2022-07-29,23776.6077602224,0.9966833161729989,0.5675941896544021,1.0041127525031903,-60215111.810891986,0.08239122167410744,-0.18717958173988045,0.16223375466855705
2022-07-30,23649.5949175304,1.0004651764605172,0.8269663383593955,1.001311695859904,3999758.0021490008,0.07736011311292305,-0.1926892115699244,0.1573255850895113
2022-07-31,23313.8527919824,0.9891678312218226,0.6714066225159325,0.9955304033620666,-137197396.921036,0.06433462500550514,-0.20828731253256283,0.14514073208637995
2022-08-01,23283.7273812922,1.0007906554948791,0.6351456880494837,1.0034749032358672,11954502.564526021,0.06320952723418004,-0.20948356305099253,0.14379642685484773
2022-08-02,23002.2350849598,0.9919123450031144,0.6468795084489973,0.9957993521334148,-169345208.28058004,0.05212056883118184,-0.18707637758186083,0.1177282609693195
2022-08-03,22845.0854057235,0.9930864900112945,0.6663568700286023,0.9972901667119792,-104390011.62983501,0.04567111374631448,-0.19220842248433592,0.11095115560778263
2022-08-04,22622.431583546,0.9784100422411315,0.6399918403950958,0.9914993884788313,-363949637.436228,0.03715840695412929,-0.19762107861603567,0.10137916939105998
2022-08-05,23306.9785860126,1.000264442904255,0.584203857608244,1.0049688205294822,49283747.17401202,0.0654868250353851,-0.15963856512264185,0.12645335323650037
2022-08-06,22953.1456804837,0.9992263833657918,1.1871050268268837,0.9983197808785108,-32444494.327281006,0.05102185869750201,-0.1756424662955514,0.11244723823097809
2022-08-07,23182.4817640934,1.000295000985483,0.8874896127977685,1.0012969127051021,6757689.207459003,0.06045221265929247,-0.16339461453086365,0.12104474933480622
2022-08-08,23824.7369983572,1.00443571849389,0.631612536475917,1.0091026706404624,71291526.50603199,0.08561457747874521,-0.13257238465813306,0.14468231521694863
2022-08-09,23158.794917736,0.9633248950228473,0.46826879545016337,0.9960608060965931,-564834068.3172851,0.060543776694677816,-0.16152683688723848,0.12073184022173368
2022-08-10,23961.2072606782,1.0194300580724374,1.6426960371402624,1.0109493515094825,311362974.816766,0.09152637775374138,-0.12323207420254817,0.149621521640172
2022-08-11,23949.5204902639,0.9949750028064235,0.5780320754427768,1.0009306668848321,-90367780.90512802,0.09101685769473454,-0.12184802512040731,0.1487986985673735
2022-08-12,24411.3285140137,1.006300999635138,0.6260917231076091,1.0103688107020015,142734464.103889,0.10812827816174655,-0.10138228012863897,0.16464494473155897
2022-08-13,24449.7898028232,0.9993742176583497,0.6117160846457442,1.0016808513203808,-10403437.065267995,0.10947630567058475,-0.09799747037740417,0.16528720718722054
2022-08-14,24313.1832718628,0.9962825453858132,0.6298680811235136,1.0000272859031227,-49645975.558993,0.10454391809574204,-0.10328308342032373,0.16043511572493152
2022-08-15,24097.6857184209,0.9914828179737948,0.578296536392726,0.998536135121534,-140042204.46524101,0.09681486996404472,-0.11218852990516999,0.1530850879842349
2022-08-16,23867.6750691758,0.9970605019813443,0.6675540723277371,0.9999196357592472,-49508674.12052101,0.0881851093922437,-0.1218326514415671,0.1447107164466305
2022-08-17,23346.2252262025,0.9860620912403761,0.501711793375895,0.996739350023118,-264222516.68766004,0.0683066423472114,-0.14422814747059368,0.12555180581881564
2022-08-18,23203.1358520417,0.9970957812098542,0.9263662301986021,0.9974900107747577,-57538795.366134994,0.06265428939564714,-0.1485755673819886,0.11939511580275976
2022-08-19,20842.0781597212,0.9313341935675048,0.5487729272908412,0.9498421434635579,-918760301.601789,-0.04169837108122189,-0.26893604162681195,0.020033593892190327
2022-08-20,21143.9369934609,0.9870552943897569,0.6317954794730508,0.9937529989331407,-84186559.224565,-0.026457876656752744,-0.24325094907883585,0.03152737750150587
2022-08-21,21517.7631751083,0.9963509546403703,0.6038896859467164,0.9986688971607065,-19205756.542585,-0.008504560850761202,-0.22051689095686092,0.04803486387952905
2022-08-22,21407.2600532749,0.9776916273245168,0.5461402266946124,0.9900867084312109,-226318954.839493,-0.012996551825334242,-0.22454813531651274,0.04326152253815649
2022-08-23,21519.0765615916,0.982637969485561,0.673826482629784,0.9875409506955724,-146951816.284095,-0.0073989222052712345,-0.21353450779771366,0.04714744885486643
2022-08-24,21367.5124035899,0.9817643266152326,0.5696514085597661,0.9899222336612525,-171733620.82706502,-0.014216440603526035,-0.2181392692798673,0.03965467283161767
2022-08-25,21566.8225731527,0.9871419957235399,0.5972044173261772,0.9915372632232047,-168132346.766313,-0.004390921474399252,-0.20341685753068686,0.047999245583879156
2022-08-26,20252.6953138933,0.9705947860390962,0.8441698183964222,0.9716719465336582,-342838968.15328205,-0.06899213773432372,-0.2754661694484256,-0.014363015963961598
2022-08-27,20038.9379990459,0.9742560528578895,0.6591344936944983,0.9769201506737376,-286984597.47167903,-0.07950696131779435,-0.2702979417270684,-0.030419966416539348
2022-08-28,19558.4102774165,0.9951174744797645,1.4849735707975957,0.9901276061973887,-55594753.46363498,-0.10600259283406678,-0.2981019562163085,-0.05642036427969052
2022-08-29,20301.3635488976,1.003211623626734,1.39607144625073,0.9983226207560253,39216332.159235,-0.06534056299818426,-0.24786540890247843,-0.018598061169289543
2022-08-30,19803.7122711205,0.9571810760748913,0.5639882448516654,0.9793001338266819,-550529087.762295,-0.090803022875469,-0.2694344684276768,-0.04498499658463901
2022-08-31,20050.2306826139,0.9839778504450089,0.5465245734400603,0.9903694418241658,-161953244.076348,-0.07692919751257432,-0.250367057610017,-0.03256795583665445
2022-09-01,20132.4351278389,0.9732807776364658,0.5678597827398559,0.9822434498823055,-248953812.55675298,-0.07169748846604407,-0.24081094389021057,-0.028748555675750003
2022-09-02,19958.1546339531,0.9723622253377392,0.5468096013967758,0.9823078351047184,-341541726.830007,-0.08031530128505061,-0.24384693892165663,-0.03883423193486813
2022-09-03,19839.1957300156,0.9947354720264394,0.8026564920272748,0.9955649538883766,-65687615.78375,-0.08660983073878459,-0.24776179206488327,-0.045888006367468676
2022-09-04,19998.2496914502,1.006453099812216,2.167516051423775,0.9975317669888536,53384102.331517,-0.078033802581725,-0.23488953156609352,-0.03855023566784504
2022-09-05,19792.1636053288,0.9882260571590431,0.5809529011993186,0.9922740465027977,-137070478.655044,-0.08893410238176473,-0.2441398100421395,-0.049922735804649544
2022-09-06,18790.9069153409,0.9472971511754514,0.5499666699666269,0.9629294845090378,-611327058.572034,-0.14563339045221266,-0.30078306922073444,-0.1062639240168303
2022-09-07,19282.7869813442,0.9774024741427252,0.674162986318181,0.9843523369990101,-175002397.79566002,-0.11557450985781527,-0.2599593149071257,-0.0796449673038261
2022-09-08,19311.0985224782,0.9787550061654023,0.4891134430967333,0.9939610344385632,-224228648.51809102,-0.11333555795906904,-0.25385834136408,-0.07846208416150437
2022-09-09,21508.8854687482,1.0226735260373347,0.6265698495481813,1.0282241956541125,316711994.184971,-2.1096526616327713e-05,-0.12817991661547265,0.03138928838173475
2022-09-10,21655.6317589473,1.0001334903830017,0.6702941591250027,1.0025585358045384,6551402.877351999,0.006687490461065837,-0.11933436181264909,0.037575648589014195
2022-09-11,21819.8741310598,0.9919091179313095,0.5958512948430192,0.9980175865922026,-58491746.946153,0.014311533542801172,-0.10945538443861648,0.04459227377827876
2022-09-12,22397.7556323332,1.003407055241676,0.5791235074331061,1.0091249926014274,57977986.61923501,0.039601376435139744,-0.08137383666916607,0.06922716667623953
2022-09-13,20175.3568576726,0.9198485196260949,0.47202390316774656,0.9447539193322335,-1348607201.0455868,-0.06363029418579519,-0.18713037797251503,-0.032298426091015534
2022-09-14,20230.1026493397,0.9775460312031082,0.4778737622736205,0.9906507293182669,-427882517.018507,-0.059402714175276074,-0.17960331742998675,-0.029218310500247306
2022-09-15,19703.3300886564,0.9660410054972055,0.4471595021653979,0.9831389442259102,-570355531.5783379,-0.08641354413566513,-0.20430959956714903,-0.05663767121203915
2022-09-16,19801.2191593224,0.991257379799928,0.5113946069959618,0.996744489551243,-117547228.71687001,-0.08056520230654085,-0.19444174359347885,-0.05216855953999499
2022-09-17,20116.1287453886,0.9933048655299236,0.5606953814884201,0.9977236307295531,-57112466.354035005,-0.06347525682152529,-0.17442279420386048,-0.03586770017947901
2022-09-18,19419.2114488315,0.9832916541628393,0.500682050363305,0.9889429281366083,-155380029.39782798,-0.10135895954176323,-0.21442273256787897,-0.07307617432910195
2022-09-19,19543.3565534122,0.973606972469992,0.6284221980540075,0.9860548622012807,-282278870.950094,-0.09322933075388821,-0.20361333382372865,-0.06603776905264715
2022-09-20,18878.7016110801,0.9715709077477009,0.5789401399212433,0.980033370775584,-337861286.79410297,-0.13087459517085326,-0.2410162563028397,-0.10369141476186057
2022-09-21,18490.9294708545,0.9732236333229723,0.5654565648441329,0.9831059712902473,-320694253.340011,-0.15393844349759483,-0.2608270981332433,-0.12737222771077183
2022-09-22,19409.7534540829,0.9941889032719182,0.5825643937110246,0.9995707043309093,-21410165.04587102,-0.0988413909569093,-0.19832084129263888,-0.07475035782136058
2022-09-23,19290.201268573,0.990136108092022,0.6170581660542894,0.9961663939440227,-114795333.41974097,-0.10524640659214077,-0.19484817550110792,-0.08420238746151547
2022-09-24,18923.0396137772,0.9908462644841503,0.6199161549105798,0.9936935236822588,-76378600.389934,-0.12658925752155864,-0.21282873209237332,-0.10645734497940353
2022-09-25,18799.5981202723,0.9848865628647918,0.5448089261863606,0.9914490482874905,-112619457.44380999,-0.13370130991415333,-0.21109779856306854,-0.11608228195976185
2022-09-26,19227.254756094,0.9912729198899991,0.6495984966522097,0.9979400075269595,-55519693.238970995,-0.10822942309646275,-0.18275455028765497,-0.09142134465914188
2022-09-27,19091.6412715529,0.9780175783744919,0.7067577115090665,0.9836727361408727,-314262259.22165704,-0.11561902877617453,-0.185571409256883,-0.09951941645154076
2022-09-28,19411.5572735283,0.9721391734285048,0.4642035612335279,0.9968146472077976,-270783815.357247,-0.09625040735219188,-0.1635254578004835,-0.08110866193197183
2022-09-29,19592.383140833,0.9910880848957861,0.5358752768630541,0.996256121337795,-129293022.992814,-0.08565541738101239,-0.15023930698930274,-0.07136714452326379
2022-09-30,19424.3694033923,0.978339322909743,0.5057411671337533,0.9912830417978895,-294701474.11358297,-0.0944251926665775,-0.15613824648943847,-0.08067861530341522
2022-10-01,19309.0114018438,0.9916208101975745,0.5727895008672997,0.9959777688380823,-71666495.156605,-0.10073172071191769,-0.16058928714442414,-0.08754710601055224
2022-10-02,19054.683325411,0.9874069240117089,0.5611630354897863,0.9917420827897998,-90228930.63794601,-0.11521573453278,-0.1734839632594875,-0.10244297379562435
2022-10-03,19627.1760107208,0.9967419908531443,0.5359516347519881,1.0030070732714296,-28752210.375754997,-0.08240084163993508,-0.13803774097530813,-0.07051221625175506
2022-10-04,20344.6489661715,0.9978372782081798,0.5345172950793815,1.009740983170365,-9770624.580499977,-0.044044279375028174,-0.09715607384954086,-0.032926718221697286
2022-10-05,20162.2221311315,0.9900496634625584,0.6424919697362071,0.9988432786001149,-125657368.18789601,-0.053245378618608404,-0.10497011494537964,-0.04239674740755002
2022-10-06,19952.3940142373,0.9881509386795452,0.5909709567444571,0.9962903092415016,-136506778.768657,-0.06406914444697581,-0.11296342575232071,-0.05386516700681644
2022-10-07,19533.3286266017,0.987808279606434,0.7983562885067264,0.9903763232398912,-139247182.640076,-0.08664155500526893,-0.13321465922831907,-0.07695087468867311
2022-10-08,19415.9679747434,0.9731190194222067,0.43429361761367963,0.9963911191286356,-252759155.850564,-0.09250502563318898,-0.13803331579603376,-0.08311402333150614
2022-10-09,19443.0462649631,0.9955932417206749,0.6160635485131887,0.998300151319037,-36773532.357489996,-0.09087018927464392,-0.13475313052001123,-0.08193213210151988
2022-10-10,19133.2766790523,0.9770772281221317,0.46075741670864834,0.99030050368769,-188416037.699638,-0.10804471912026588,-0.1507330187644537,-0.09941617020728447
2022-10-11,19058.1590286618,0.9836364869717493,0.6816563158469987,0.9909008664501888,-147667028.040245,-0.11194291853647718,-0.15149169672104623,-0.10424950900819915
2022-10-12,19156.9479335102,0.9552238254780039,0.6022429072889405,0.9620642292450606,-428793406.086324,-0.10493441213645818,-0.13799894481545913,-0.09905903033594979
2022-10-13,19379.6933449788,0.990785862900686,0.5987698153544398,0.9952350075022445,-91201757.78790201,-0.09180524827545981,-0.12159138663571478,-0.08701543749958801
2022-10-14,19180.0158817323,0.9864572907320123,0.5731093790365248,0.9938412423713862,-136894632.63025498,-0.10296690149793289,-0.1290480560095214,-0.09898104620840645
2022-10-15,19066.4862589852,0.9909422507463352,0.5810603908337605,0.9955306287990224,-60210911.485231005,-0.10935802398121591,-0.132466855062324,-0.10618348832159337
2022-10-16,19262.295619267,0.9902228424692503,0.6121046044322046,1.0003844113211686,-51262825.372779,-0.09789414460717415,-0.11811870433933144,-0.0954941906764789
2022-10-17,19548.6174791554,0.9656523049759684,0.6067252695094543,1.0024714975841236,-350680729.79975307,-0.08082727882423082,-0.09942411527957824,-0.07882980995908159
2022-10-18,19330.8474645807,1.022329148019507,1.402809436071934,0.9933981152560645,208627732.24934798,-0.09366615373385717,-0.10798660502252083,-0.09259915628112445
2022-10-19,19126.9220346171,0.9762807461561817,0.532415908408301,0.987269171452328,-227605305.306191,-0.10473892897075286,-0.1159865173356516,-0.10443326698188693
2022-10-20,19045.4680600591,0.9848801930425687,0.5075590160317356,0.9938791928179189,-132565889.02393399,-0.10909459957211946,-0.11875600623975331,-0.10920374145608865
2022-10-21,19168.1408610375,0.9893349740197147,0.5284641567347158,0.9991112532040788,-93741657.85478699,-0.1016904372566017,-0.10909484488450173,-0.10241284604459257
2022-10-22,19207.6963610599,0.9652686874210492,0.5579419905657808,0.9993069238632725,-260078885.53025496,-0.09870094766851449,-0.10482402170866369,-0.0997501966359905
2022-10-23,19569.7325849495,0.997433395783266,0.6287094583194562,1.0017430513671732,-15415099.124327004,-0.0782721603722967,-0.08339053666688061,-0.0795992637246612
2022-10-24,19332.8801797789,0.9919310661831593,0.6580178808156872,0.9967648358338566,-76971985.391939,-0.09130791518727652,-0.0953266800709817,-0.09289532824496395
2022-10-25,20086.601334111,1.0145752860216288,1.14788768049031,1.0121656348556916,136306692.12237102,-0.05058291318857075,-0.054211262675505426,-0.05232951550165889
2022-10-26,20773.4264453863,1.0141376815414072,0.5948767511071538,1.0268993114561007,210455055.318638,-0.016237380167869235,-0.02297413797798519,-0.017291979518067477
2022-10-27,20289.5828958237,0.996597620954324,0.95428385309062,0.9972408920080437,-54607730.48317599,-0.04061113682376885,-0.04560386361046008,-0.04181385090725179
2022-10-28,20596.0509955165,0.9976352481618578,0.6215916971062856,1.005347038257822,-21653705.242772996,-0.024911291528109208,-0.029664346694410558,-0.026337391308729897
2022-10-29,20807.8630909117,1.0008920115577469,0.6883552943025824,1.0036037657228762,13982324.576753005,-0.014519320292148686,-0.018456970255228595,-0.016115185284680218
2022-10-30,20625.1357557588,0.9900716613992775,0.5061353444867167,0.9992084209530961,-99837172.795245,-0.02328023107460771,-0.026743477049782177,-0.02498423575696027
2022-10-31,20494.9257299831,0.9913921610954319,0.6028633369457076,1.0013054593824775,-97156153.254296,-0.02950643530754218,-0.032404317876818856,-0.03140000595734907
2022-11-01,20482.1975751488,0.9898629981819719,0.5590755493531454,1.001015739327335,-117640917.63403499,-0.02985973110165241,-0.031280439877403844,-0.03210405926603342
2022-11-02,20153.437580166,0.9890382345221732,0.9287310740181739,0.9899961036845777,-140643728.2694,-0.04644450064025915,-0.04368727530614583,-0.04957687520352904
2022-11-03,20205.2083159117,0.9942282231626481,0.7268218063288694,0.998791064559474,-59246447.74317701,-0.04357991133787049,-0.039697520774911385,-0.047018377600203325
2022-11-04,21145.1212975502,1.043388572222974,1.625629241819773,1.016941234395263,581918898.122151,0.0017076911875339767,0.004597593994469254,-0.0018050117524857517
2022-11-05,21300.4973318852,1.0005376306141787,0.8511112461776006,1.0044993114300589,12251304.385791004,0.008901727656084152,0.013733778604107346,0.005002867314544208
2022-11-06,20918.721862735,0.9800322050367948,0.5216713753041047,0.9883059446409952,-193006407.054857,-0.008759899441009997,-0.0010133242681640475,-0.013356105076511898
2022-11-07,20591.5810569268,0.9055328050496833,0.427130093396789,0.9954398977204844,-1072051217.2231039,-0.02214314181830666,-0.015323969981867412,-0.02648727319992259
2022-11-08,18549.8096066226,0.9381203474503246,0.5215059817184573,0.9544499017256682,-816831564.151027,-0.1330909544155257,-0.11514867342811155,-0.1395730656153499
2022-11-09,15912.8757024704,0.8624034964927815,0.41055684766515155,0.9080024145904912,-2341054123.3835883,-0.31458957864292,-0.27249134510181183,-0.3257963201914984
2022-11-10,17628.3804115913,0.9659097698469923,0.4889131325016693,1.0015097981984473,-390824970.65450096,-0.18380951936994303,-0.14752181880534834,-0.19566111167766403
2022-11-11,17054.1262725733,0.9486587667583234,0.7995348552532316,0.957824240382235,-659440198.1423869,-0.22179624112355842,-0.17528019281951715,-0.2362476613009609
2022-11-12,16778.3734764205,0.9183012012901592,0.5163678386601067,0.9836745149069686,-974369147.1327721,-0.23875990219186488,-0.18648313231362704,-0.25496411970989813
2022-11-13,16331.086043426,0.9703168067290614,0.47464717707658827,0.9811907789380301,-278900823.693336,-0.2718879737754372,-0.21521189085481648,-0.28918242203953815
2022-11-14,16616.1149204193,0.9492640986013287,0.4848028834216284,0.9757899695496861,-611339818.553138,-0.24790125344918765,-0.18860906608808276,-0.26620273817106643
2022-11-15,16887.1041026214,0.9331951559306942,0.4624895700510106,0.9843498624036082,-703510938.515568,-0.22563482692660605,-0.1641424956169749,-0.24443914494124702
2022-11-16,16662.2571518258,0.9186929817993196,0.5668448713386411,0.9651904169999044,-906259309.1333979,-0.23937285551461687,-0.17150591119472652,-0.25990539809305935
2022-11-17,16683.8645945887,0.8454468024511369,0.36325399750097676,0.9508544975855543,-1667472970.263966,-0.23263679550162142,-0.15960771799945384,-0.254405313070448
2022-11-18,16690.5061646123,0.7400836614036969,0.36658730141259877,0.9799681805840174,-4302070762.890209,-0.218650343333622,-0.15010433173218063,-0.23999542469722013
2022-11-19,16694.0173694121,0.9594533921831093,0.4557411684414094,0.9916656761923878,-210268923.693093,-0.21769362349541443,-0.147894123070123,-0.23914559283392509
2022-11-20,16275.4041131052,0.9395778361141128,0.503814468372288,0.9768974150817484,-300016964.460855,-0.24816424840703702,-0.17528055354738373,-0.2702654057820224
2022-11-21,15774.4832353555,0.9150024675886655,0.42277429728632454,0.9636335539763266,-731383644.001752,-0.28552306729344024,-0.20644346954048018,-0.3091568586991224
2022-11-22,16205.8221488175,0.9371811962146549,0.5097155606875978,0.9799435571015763,-481600917.34501505,-0.24946886186740433,-0.17092879637118372,-0.27330529734992
2022-11-23,16613.9113100967,1.026832429075911,1.3961937558526527,0.9924050343784474,223276964.11449897,-0.2193418645818939,-0.13877261583979764,-0.24407716125455192
2022-11-24,16596.708046295,0.9617264740160372,0.537680898851852,0.982268708656509,-239244286.63925698,-0.2198660093705323,-0.13782698871131357,-0.24495008964217624
2022-11-25,16512.9170255092,0.9637370251097678,0.5291692507808761,0.9858726931969943,-245646357.198396,-0.225259652015949,-0.14138213063733063,-0.2508479366844667
2022-11-26,16453.3220545922,0.9485093366911436,0.34597787803139235,0.9941230225138209,-251319572.95174098,-0.22894201114216442,-0.14437472286659966,-0.2546296809548251
2022-11-27,16419.6793920512,0.9740175684134731,0.5128128074018851,0.9894170896306685,-100446428.660229,-0.2311615155202142,-0.14536619794323866,-0.2570719145705262
2022-11-28,16210.7752707756,0.9382479610363291,0.4148263230610074,0.980010162725286,-515873585.299306,-0.2453920507285628,-0.15692749896253086,-0.27209655278956757
2022-11-29,16438.8702427102,0.9754881781762855,0.610850381784107,0.9876259144853515,-169944227.442337,-0.22755959536749978,-0.13897527444584562,-0.2542392479278304
2022-11-30,17172.1372250751,0.9763104422063498,0.46014144678984786,1.0081590258223014,-165992891.84237298,-0.17447277653464793,-0.09049461972080164,-0.19994640212350492
2022-12-01,16979.0561874183,0.9763421517120958,0.6479859362085244,0.9926670979085982,-186391805.34280002,-0.18738472357995614,-0.10141042222888572,-0.2132561264073582
2022-12-02,17096.8104732562,0.9669149304008153,0.5122307834115978,1.0017957350284399,-240362583.87084898,-0.17839730812220098,-0.09321263152853192,-0.2040701277119127
2022-12-03,16888.6496011212,0.9769356135237359,0.5007248346694494,0.9949114124448291,-108954352.860055,-0.1926325279719428,-0.10595140363709028,-0.21854812054563164
2022-12-04,17118.4665376458,0.9554003594176558,0.4297158282142408,1.0036856599428028,-193334483.491098,-0.1759852800971959,-0.09101316833787668,-0.20145543321711867
2022-12-05,16968.8908322988,0.8630806857063308,0.4027728640800656,0.9942724510451973,-1137857893.654774,-0.18317192260830148,-0.09880213460881544,-0.20829153611935827
2022-12-06,17089.9333898539,0.9508407829869181,0.3746005101674155,1.002320777922775,-332674307.63295704,-0.17370962045329158,-0.09017437080166006,-0.19851673630046257
2022-12-07,16839.0737573858,0.9842502236643557,0.71614844942614,0.9899201850498421,-88712167.61398,-0.19094021328086766,-0.10522090496794081,-0.21630310164872613
2022-12-08,17226.214010572,0.9756751862906733,0.5318427667214543,1.0060436908934305,-153573881.28026903,-0.16356423787090288,-0.08024481458973952,-0.18839616803995776
2022-12-09,17129.6601171897,0.9468959780436476,0.48581754650404957,0.9931369533332262,-352700454.02411604,-0.16915435204764667,-0.08459065034492814,-0.1941975906148952
2022-12-10,17129.1862768961,0.9973120625483396,0.9390790135193079,0.9982480911160008,-11299742.763058,-0.16915740991589792,-0.08379483315888209,-0.19432378510551598
2022-12-11,17092.5710718811,0.969778420331654,0.5339308110603036,0.9988729792732853,-122567491.643775,-0.1712797229107531,-0.08568170973973795,-0.19654818774722735
2022-12-12,17208.8355970428,0.989182835284898,0.526629445828367,1.0036070296836899,-68078864.74256301,-0.16302908725831702,-0.07840442860544039,-0.18819556527774214
2022-12-13,17776.8698615716,0.980888329091898,0.4642775914472655,1.0136046570907946,-159634539.38309002,-0.12520421604923565,-0.0451285746855245,-0.1493429489613023
2022-12-14,17800.5289116282,0.957318723240302,0.4588570675054004,1.0078619832189315,-335848953.935507,-0.1228727728081242,-0.04423741852354511,-0.14651763165689283
2022-12-15,17358.599966588,0.9810666517319006,0.551144134216979,0.9921762204126541,-143181297.112905,-0.15112744071388934,-0.06961953689824597,-0.17545088367000586
2022-12-16,16636.3019783046,0.9650590409201292,0.6007526869484896,0.9794222898765117,-259100059.00084898,-0.20056305288169146,-0.11310051678649181,-0.226207113612331
2022-12-17,16780.6374709485,0.9752340788193142,0.5653191997135395,0.9909354446207813,-118688509.975052,-0.18972941039920901,-0.10230442567485644,-0.21546253742213223
2022-12-18,16738.692624659,0.9837970659507281,0.6253688091335309,0.9942472042840316,-67795409.72775601,-0.1924653997886181,-0.10438710962159502,-0.21841308322701158
2022-12-19,16441.5653963005,0.9249862314954997,0.5071753584600522,0.9374715890398396,-595680950.362743,-0.2123080392464111,-0.11665786331320342,-0.24009834760549734
2022-12-20,16903.9868964253,0.9904771791241048,0.4818604291624733,1.0050542913189788,-60325436.290792,-0.1787912529614263,-0.0859906262315879,-0.20593984276637414
2022-12-21,16825.6031068065,0.9549885686876739,0.4639592120174673,0.9913951650372138,-288574203.704027,-0.18341497456529357,-0.08578848269847338,-0.2114587233877049
2022-12-22,16819.3397917948,0.9769279650276075,0.5717753930265719,0.9968574338557175,-150204083.197368,-0.1833948092092609,-0.08489751716032648,-0.21165857056659793
2022-12-23,16776.5713879112,0.976510043505137,0.6820685929336295,0.9874219735561769,-163882476.217044,-0.18592307439291778,-0.08410198112642014,-0.21488123280579421
2022-12-24,16831.4918982042,0.9806752181979486,0.5683904718733132,0.9990352695268752,-74786531.349915,-0.18180236295232585,-0.07631561865514028,-0.21125129211957605
2022-12-25,16832.5436938815,0.9433123999403492,0.43140660861303015,0.9986410771343208,-200429053.115643,-0.1810749671753047,-0.07566093483402289,-0.21057783663481125
2022-12-26,16922.0231290302,0.9907634098092701,0.5630192807791504,0.9991625491513416,-41610363.229933,-0.1746625305734853,-0.06931456201817433,-0.20413619900115226
2022-12-27,16701.5323619558,0.9655476586510884,0.44005782370994173,0.993325144380277,-204045702.484843,-0.18956961828498325,-0.08204747544027326,-0.21954324720506177
2022-12-28,16541.4723044317,0.9238059024454528,0.5683173366912906,0.988291881773638,-554835967.456635,-0.19941436116643996,-0.0901043341710201,-0.23004630818435853
2022-12-29,16640.1263641993,0.9497166617968418,0.5250714966448848,0.9973551155950495,-362379277.893641,-0.19107485500525673,-0.08220038120193905,-0.22182336570124203
2022-12-30,16605.7238616281,0.9823394325459022,0.6758999835526881,0.9936008576746523,-136968223.81422,-0.19305729800041738,-0.08254313781008728,-0.22431004690973375
2022-12-31,16537.3493546371,0.8631658788556522,0.38487903071218105,0.9936963698279816,-814163596.388416,-0.1954756618620482,-0.08521699564510674,-0.22681665392230035
2023-01-01,16614.7996181354,0.9849910697860517,0.6006860675590642,0.9974938865654266,-56123165.008653,-0.1896872709990673,-0.07920426156782151,-0.22108371128684332
2023-01-02,16671.8455481964,0.9914269975638895,0.745318804084889,0.9992966084896794,-39232425.296316,-0.18551007190143706,-0.07487217339409409,-0.21692025465020276
2023-01-03,16668.5747367951,0.971222581402456,0.5432932691430662,0.9960098625790172,-169125045.561969,-0.18521490221120454,-0.0740232076181281,-0.21680513902772577
2023-01-04,16855.1515566319,0.9696071533889111,0.5623849744587917,1.0006577432785038,-206923195.972987,-0.17141741592280985,-0.06121765152760935,-0.20282874300367507
2023-01-05,16826.853077852,0.978455033383006,0.815738194013789,0.9976257333955021,-136476229.497411,-0.17296040755469436,-0.06173127981074311,-0.20488191738511768
2023-01-06,16950.685352777,0.9697432317715989,0.5600927075435373,1.001143548842452,-198951915.34626698,-0.16367954258236006,-0.05291601342879695,-0.19560287494097384
2023-01-07,16947.9786911474,0.9783688632774883,0.6020466030178901,0.9994386814139253,-98489340.33471401,-0.16359043607638665,-0.05233395118792465,-0.19561854774955234
2023-01-08,17120.2536044793,0.9934102108135946,0.611904641132148,1.0052464416437987,-23842904.829460993,-0.15174603782264207,-0.0416395393723359,-0.1835154535735779
2023-01-09,17185.4426286406,0.9933178610345617,0.5714490448151549,1.00347087798703,-45900578.24616901,-0.14731966205846916,-0.037694442652548704,-0.1788634431932897
2023-01-10,17444.3911017755,0.9734316518203429,0.5260565208922189,1.009195915541124,-175124289.47513598,-0.1296485000226327,-0.02240787009723083,-0.16074105721804713
2023-01-11,17937.9085106608,0.9563905061006277,0.4669089835027104,1.0162616580044814,-257025116.81019896,-0.09764135444365886,0.006086713267914108,-0.12791776242896405
2023-01-12,18853.0342288496,1.0209726428855566,0.7007357844492139,1.0321619717898285,194384239.57402003,-0.04472722887285877,0.05172448842238634,-0.07311780185711303
2023-01-13,19929.2964216156,1.0319830576207902,0.5927398391004065,1.0477049728986905,327228331.075213,0.011216828968200341,0.09759704989914243,-0.01483801696399472
2023-01-14,20955.5153194575,1.0317440719364368,0.6094706166577373,1.047056704856701,236638207.82233298,0.0589785213011678,0.13813951180285872,0.03507974240914749
2023-01-15,20876.5832655193,1.0083947542837475,0.5652489709147733,1.0250193436755408,54445128.03907001,0.055237882162739727,0.13313370342233966,0.031703077898406685
2023-01-16,21186.604577389,1.02333426292366,0.9152583821984489,1.0287538088015078,165409263.773683,0.06864018457246845,0.14330941194032512,0.04594941364167324
2023-01-17,21138.9164686384,1.017718820585419,0.5679985119981674,1.0332011841249125,163835005.44608203,0.06591906029606877,0.13801736353499688,0.04415875619846794
2023-01-18,20678.3348791823,0.989969315367329,0.6140457623876667,1.0110888851842292,-85486199.57532701,0.045067835819829295,0.11795326449346877,0.02333340387421744
2023-01-19,21078.4544974041,0.9922964206693703,0.5308138608951787,1.026334275035243,-59118870.44443202,0.06350486544306204,0.1322233178184269,0.04265934143866433
2023-01-20,22682.2029187614,1.0430102647675652,0.6144331480794034,1.057698864058632,398185708.981466,0.12940259438018845,0.18801120248614522,0.11067115075868815
2023-01-21,22779.2138078613,1.0235380845173967,0.6218572553285241,1.0377293580675457,163493283.55287397,0.1324805915602847,0.18900695696578748,0.11471869748900096
2023-01-22,22718.1314335012,1.0271604873606763,0.786633850659899,1.031965950294488,125776856.155055,0.12979934758366035,0.18522549104627026,0.11240202174971124
2023-01-23,22918.3699917327,1.007689200199484,0.6157034289909605,1.024147151995268,62214393.91740599,0.1371830191080237,0.1900276635178968,0.12056010277909779
2023-01-24,22638.901587247,1.0105207898809307,0.7235227108978395,1.0194091060718145,68850756.88827202,0.12623758615254257,0.17861993752277894,0.1098785335348738
2023-01-25,23059.3851644209,1.0207849328555396,0.8023154722651901,1.0273183630645042,184654613.205729,0.14194706935237453,0.1909118083553745,0.1262884124470999
2023-01-26,23019.9101609654,0.9785243929066682,0.7440107362928225,1.0407239987140522,-210763662.81132102,0.14085818858654336,0.1832768032013707,0.12681934380073054
2023-01-27,23079.9557865419,0.9723794230428388,0.6409214822817066,1.0234646995121963,-240706480.80071497,0.14357969600109774,0.18221323298205527,0.13053978631530583
2023-01-28,23036.0163159092,1.0112764097179001,0.8324795084510992,1.0144644213584184,53461383.536951005,0.1417973686317791,0.17990465049691473,0.12894172565148962
2023-01-29,23755.8522960817,1.022046116307988,0.791116889829563,1.027679039676988,132623319.965776,0.16756053066589374,0.20287694004993337,0.15546715563182936
2023-01-30,22836.7994097976,1.0008981584589904,0.7216178994165183,1.0048615539234007,4785020.744810015,0.13380471620085613,0.17011867740324113,0.12164101763777861
2023-01-31,23132.6366267087,1.0140209721491995,0.7473787837717444,1.0195268600935115,147415249.84520203,0.14465805316467506,0.1784238864893187,0.13308037239275658
2023-02-01,23730.892108563,1.051646694173676,0.7117214843606611,1.0572615848050004,502784144.465574,0.16547169205585335,0.19334112232904146,0.15511734458708734
2023-02-02,23472.9378986901,1.009230547947986,0.6649073289104092,1.0166283534926956,78121259.568506,0.1558875034101808,0.18282848633421184,0.1460517249049356
2023-02-03,23427.2999489355,1.0121703994376676,0.7303115080692505,1.0232016767104954,116261743.362452,0.15400731364554873,0.17856126773588163,0.14476858051623734
2023-02-04,23323.8704017848,1.023079806608589,0.7929580944970661,1.0269172077882747,132827381.575929,0.14993971153537317,0.1731998538283193,0.14106264934198073
2023-02-05,22939.8873379221,0.998136559063144,0.7143920695229611,1.0050388179176688,-11418576.066085994,0.13568765164499808,0.15893817149592082,0.12682391352082503
2023-02-06,22762.160401592,1.002155141049673,0.8466507964858414,1.0051587014970236,14289393.294376,0.1288549232966504,0.15184375832820737,0.12010225406375671
2023-02-07,23250.8437643727,1.0120441033792538,0.6645152062058386,1.0221900802567387,84160345.198601,0.14709794086430508,0.16786001404477865,0.13883968973716232
2023-02-08,22965.0353709284,1.0052679143862715,0.9417662074169407,1.0061292617961768,35396781.19566001,0.1362969452617302,0.15683281542648517,0.12820778515567272
2023-02-09,21799.4426181371,0.9828123292591187,0.7229983212944571,0.9900962735096457,-151543343.594289,0.09009565996561769,0.11246268083408725,0.08185014495061384
2023-02-10,21632.2158073977,0.9865621427750846,0.8904732523269983,0.9905399832588011,-121196546.296704,0.08345898204302774,0.10611876016501633,0.07496157175184938
2023-02-11,21862.6260227177,0.9976692915482076,0.7703552085310938,1.0015274043771227,-10965052.01861,0.09318632059473468,0.1156356069557902,0.08473052874768192
2023-02-12,21790.25455289,0.9925319711062315,0.6341775195015826,1.0034035129925338,-35136966.941996,0.09022540462246609,0.11249213288974498,0.08184562959377882
2023-02-13,21792.5223461046,0.9936095101902961,0.7373591284035954,0.9997068495732607,-49694297.51904601,0.09049673164816839,0.11262717248435694,0.08207583443980344
2023-02-14,22208.9199618737,1.0038093415828535,0.7431672265249806,1.007061963454849,32790026.72570601,0.10759587272451798,0.12878438921382496,0.09932143281440407
2023-02-15,24323.5166590462,1.0453218462536527,0.7573949303311068,1.054042398951547,375071912.878999,0.18491976734111762,0.1998447667355547,0.1778621368648679
2023-02-16,23533.2769528505,1.0081104469272124,0.8647141017629825,1.0119445205644626,64543350.747282,0.15664225908711885,0.17166119037094255,0.15041811388794676
2023-02-17,24571.6150380305,1.0310480689185384,0.7289374327290182,1.0392474411441186,237404754.59771198,0.19212256400156486,0.2034616934890344,0.18653866792786417
2023-02-18,24635.5338888335,1.0138083269512916,0.7485572591576403,1.0191300702212969,70259814.216568,0.19404132665881857,0.2043988784686532,0.18875668941525367
2023-02-19,24279.6343367959,1.008340871855067,0.9637199959573335,1.0097908450219395,35350876.096591,0.18206563124774133,0.19204748539228012,0.17694150979387704
2023-02-20,24835.755894074,1.0175378366966983,0.8132747723144031,1.020610114852528,115808390.75902899,0.2001818129231177,0.20861652598017183,0.19546739325265905
2023-02-21,24444.1011345712,1.004807400006961,0.7843314179961578,1.0109557125802406,34829998.531351,0.1871966950329687,0.1947790979175851,0.1827901922010924
2023-02-22,24186.0885791748,0.9883998153875062,0.6732412266859041,1.0134069486871085,-80653292.09584,0.1787181551401753,0.18457792805293946,0.1747169702675009
2023-02-23,23939.6688327525,1.0102855625322504,0.9307544369590156,1.0116356349058442,65882174.132925,0.17004852220477504,0.17514552057427646,0.16631164117464173
2023-02-24,23194.499333278,0.9852979527520664,0.6946650333044622,0.9990422773495073,-133931798.03966597,0.1434381825866294,0.14827327240202728,0.13999867152205026
2023-02-25,23163.049349882,0.990327519187968,0.6581152999364087,1.0005920497191552,-54204456.87773301,0.14246378849081723,0.14686297098723786,0.1390484176427497
2023-02-26,23557.2229146909,1.0107479675598614,0.8790262376383758,1.0136718287211954,44883893.11436799,0.15677270963983822,0.1603717319746376,0.15352630561709527
2023-02-27,23499.8309774113,1.0081511473839213,0.9355500709160058,1.0102712679005292,61885300.97065398,0.15454308205881281,0.1571365816994738,0.1515973425866632
2023-02-28,23131.2984639804,0.9534233106171459,0.6078377612523808,0.9983142535107077,-416853781.311772,0.14177448515659805,0.14286688066876452,0.13948531851787777
2023-03-01,23649.4803930443,0.9805754141872292,0.6910038129687189,1.0180012237095546,-161464265.05009803,0.16096530656004374,0.15906294288853678,0.15948962684836265
2023-03-02,23470.0361999682,0.9930276256105148,0.714489636492775,1.0026489007310162,-50562752.894320995,0.15466113775552048,0.15211651483839267,0.15333936723851585
2023-03-03,22361.1191692556,0.9820291762984937,0.893606868841988,0.9837212232903185,-163742988.17428198,0.11304664033436446,0.11139919490628691,0.11146132223482075
2023-03-04,22355.8306157683,0.9967904085130236,1.1316541728063687,0.9947558759700923,-15198451.109810002,0.11292448721716876,0.11129462316232641,0.1112599240224125
2023-03-05,22429.4908591502,0.9521225789396381,0.6316666592599165,1.0023088324643814,-233634117.02173698,0.11636465347077156,0.1135211418739969,0.11505139574300466
2023-03-06,22412.6705271364,0.9881584140181993,0.8024349134837904,0.9970358249226988,-84552550.746796,0.11592348921314913,0.11270263479222921,0.11467393785245561
2023-03-07,22200.2507201629,0.866047303030145,0.519117068385543,0.9930948518157404,-1320234364.505311,0.11050261015714961,0.10319682156897106,0.11043750546187192
2023-03-08,21710.6990275416,0.9797058845299439,0.8467289154789635,0.9820113436798416,-156032640.019057,0.09068812673754947,0.0843797228500197,0.0904536387819842
2023-03-09,20375.6834685557,0.9533198758732757,0.7407841460664462,0.9597105695882109,-378131290.535569,0.031564236526992744,0.028101305967095216,0.031041282592155
2023-03-10,20213.7629924351,0.9730481255988255,0.7984464056712143,0.9761792274418146,-256159409.72820097,0.02488931068980306,0.022917225520899268,0.02338820696631375
2023-03-11,20620.2077794277,0.994290001962729,0.9082609587471372,0.9971536188445024,-38870503.22173999,0.044329558186925834,0.04221334362702284,0.042749572596798645
2023-03-12,22145.8844282266,1.018374713646132,0.7586398840344672,1.0234865127514767,114060658.39362401,0.11023160929306859,0.1065235978265133,0.10881470803465101
2023-03-13,24208.7267998456,1.0510366222180487,1.0403186484118476,1.0514502388877085,626803113.1203569,0.18508282289584127,0.17582016488676147,0.18494290165950286
2023-03-14,24763.5637364342,1.0376277944021535,0.9626160114372082,1.0398528432393,456465534.78958,0.20203319662548871,0.18909742878546595,0.20343132838438513
2023-03-15,24380.3366925489,1.0174474426578406,0.9396694558198591,1.0223510065079735,166588619.683589,0.1889732716711635,0.1734026095210294,0.19129399857608298
2023-03-16,25057.7204466164,1.0302083127391866,1.0465799550875976,1.0297625523517149,291496906.616568,0.21046000200332135,0.19254024150232973,0.2132838283515159
2023-03-17,27449.2125371784,1.090394705607073,0.8488157609431176,1.0956124784379657,1129013956.2062368,0.2776514419691157,0.2522452283012574,0.2820815608714114
2023-03-18,26990.2099147727,1.013829902144009,1.132924105468663,1.0116281749687204,108474952.042144,0.2648057059153554,0.2382859770686504,0.269942018894225
2023-03-19,28043.8685945591,1.0274918049625923,1.0028426930078655,1.0281085826575116,261234138.777108,0.2919791229798379,0.26408570370827467,0.2975388675932523
2023-03-20,27808.5477374102,1.0274858363816082,0.9514878685779539,1.029295696507133,325491423.538734,0.2852198406758072,0.2543289216908144,0.2918151546077806
2023-03-21,28200.5289595314,1.036214521975881,1.1381865695070936,1.034390210413281,401126818.66502297,0.29442687609794693,0.26083407374516204,0.30175900749036133
2023-03-22,27351.0672482204,1.0123903661261153,0.9809816135697137,1.0134823005092837,124508936.637384,0.2719301901135392,0.23588563039143753,0.28032754731789417
2023-03-23,28365.4052559054,1.0586025515024764,1.1577502734622136,1.0543557302025421,622427440.6677439,0.2970444012195094,0.2573564511714948,0.30627260592713457
2023-03-24,27508.9778733925,1.0108536594567625,1.0820968780071047,1.0094669578362128,104180784.83666499,0.2747698813971979,0.2329123011266945,0.2847896751907317
2023-03-25,27522.8566887814,1.0067139577644149,1.027870412168397,1.0063083518426106,48091505.305378996,0.2750695072796336,0.23251185726229567,0.28524287967467465
2023-03-26,28018.322473185,1.024038170386371,1.137160591964,1.0225452565908735,167335780.171767,0.28761794103041977,0.2443537116332214,0.2979368754562001
2023-03-27,27176.1206279737,1.0421508428290818,0.9086090922578122,1.0447206178041013,505577802.088145,0.2644056993613957,0.21583063266461855,0.2763723895986295
2023-03-28,27286.6561737917,1.012146734686829,1.0701556464543522,1.011192000122007,138683611.160608,0.2672385731587099,0.21740868281338174,0.279411368151243
2023-03-29,28364.9268668795,1.026746111063023,0.9096551658168026,1.0281824360224563,319160356.059978,0.2945493670616541,0.2440149079410678,0.3069196246384421
2023-03-30,28063.4394407859,0.7602833000366631,0.4476285396332298,1.013826547077589,-5938561667.00673,0.29767547282146956,0.22483559533835956,0.3176402315045766
2023-03-31,28497.2081539256,1.034985999294777,1.224871185920841,1.0291748257203552,418966330.957114,0.3077472969909339,0.23296233808686959,0.32814430499352
2023-04-01,28481.8954584263,1.0221741602395622,1.201418603646701,1.0196721912971274,149130267.78436202,0.3070616473491161,0.23121477541907334,0.32780744778922827
2023-04-02,28215.1372410906,1.0080992361135677,1.154816884063634,1.00631928075144,43942565.60757,0.3003999551165092,0.22342724780197082,0.3214567079220773
2023-04-03,27815.0788799947,1.0075125759361125,1.2616282082443115,1.0034151868457437,82647886.74475901,0.2900958262074808,0.2114893875437282,0.31173688046705816
2023-04-04,28183.4796906071,1.0124430916998306,0.8519520875232792,1.0214625028645896,134558451.287343,0.29917438997850204,0.21900162487882785,0.32126754361083154
2023-04-05,28183.1127411209,1.0253745131791117,0.8844498550312602,1.032404565942979,309860335.167602,0.2985143477741149,0.21494649521160875,0.32178423669607187
2023-04-06,28046.5936404394,1.003537962005913,0.7481804014041447,1.0174866702234162,43158131.854292005,0.2950372087878336,0.20850500513667877,0.31921881192482393
2023-04-07,27923.8296812933,0.9900972230965933,0.8057984741282157,1.0025830203723864,-91586329.05897701,0.29208551886543727,0.20390843095906666,0.31683454570059355
2023-04-08,27964.8602674257,1.0069440966645415,1.108994492754417,1.0055269360746457,36071131.279794,0.2930391737954597,0.2036919507200446,0.3173347094375679
2023-04-09,28342.2800906457,1.0081955006537804,1.0780762907580093,1.0075240908293992,46071168.037065,0.30238671379753684,0.21373635758903634,0.32640413830710013
2023-04-10,29651.8259220904,1.0291360980970001,0.9488036987217722,1.0321036811585682,377553361.585096,0.33283641899881417,0.2444233076793271,0.3565242062956616
2023-04-11,30230.4027905525,1.0563774039372158,0.967261018899552,1.0651519986573168,667194676.1872721,0.3444019537278256,0.25141727619298926,0.3697143907736938
2023-04-12,29908.9683587085,1.005782091978953,0.8662310162856837,1.0198237078743955,72020449.57152903,0.3371022432288133,0.23899940023639682,0.36413648301371204
2023-04-13,30418.117768826,1.029960664090294,1.066844496239118,1.0289652830440743,340595934.85113996,0.3476448809722826,0.24577488851728405,0.3753777382152167
2023-04-14,30495.9936496767,1.028825138173572,1.1743363215706155,1.0261638579289076,389925461.675789,0.3485748539952533,0.24270645780485195,0.3772486734433284
2023-04-15,30326.254282035,1.0093233661589214,1.0079056032074623,1.009349781067347,58507109.636167996,0.34480249129294865,0.2357001624063752,0.3740444905111383
2023-04-16,30319.3392117242,1.0100756122701833,1.065855252334944,1.0092440486798457,73335268.75472301,0.34450375506985254,0.23221648855562435,0.3742250460173852
2023-04-17,29454.288611993,0.9970785191292578,0.8947244408597039,0.9988384929169721,-41299908.36771399,0.32520728656852227,0.20810835688843887,0.35620246885613305
2023-04-18,30392.1774635086,1.0315012327497004,1.2566419709371077,1.0276408901578435,346236659.351357,0.3455883220802534,0.22772695558573183,0.3763490808528657
2023-04-19,28838.336552442,1.013168695218907,2.2566727847329795,0.9940519290839765,132941252.18321097,0.30980954705660063,0.18454453353343825,0.34270155403970753
2023-04-20,28256.5932505126,0.9960424362559731,1.179613691191818,0.9935545406302361,-47234080.98933801,0.29564145792175456,0.1657181824424946,0.3294595448212333
2023-04-21,27284.2446886479,0.9996640800097191,1.101187811581153,0.9984683847624901,-9779107.05625099,0.27041486925554187,0.13276899867594016,0.30591923521785136
2023-04-22,27841.7754958968,1.0090208898509367,1.112440908390495,1.007431660648695,53268459.560104,0.28508001979540926,0.14386658512430403,0.3203476063231405
2023-04-23,27607.8347430762,1.0128942540792027,1.2373881401014886,1.0087180515073344,61606960.504543,0.27887225569707924,0.1351070945705298,0.3146990422802032
2023-04-24,27541.5807831025,0.998457804122362,1.1802714251181963,0.9964248191255404,-15017311.749635994,0.27720906354202235,0.1319890022997211,0.3132033684281043
2023-04-25,28305.8791292559,1.0094879692377954,1.0614724331673269,1.0085221441851189,106818436.403144,0.296777450184268,0.15268752307450154,0.33203813124256004
2023-04-26,28527.3021598618,1.0147244055054347,1.1719301952970598,1.012989509635189,170882783.133765,0.3016674607201325,0.15465093679312938,0.33755646874350065
2023-04-27,29491.4405723241,1.0165878690989785,1.1136408002081,1.0154411886898047,181294762.21057498,0.32428319231923236,0.1791349014302826,0.35940406594688074
2023-04-28,29342.4943883475,1.0174355455106678,1.3593539323446926,1.0100925848189652,171280013.58888102,0.3204913577968045,0.17288922767054718,0.3562682585874129
2023-04-29,29279.6788958756,1.0237122907465062,1.4877709531908387,1.0073623103978262,141998112.68159,0.3187591878350329,0.1694692977947694,0.35496649204508995
2023-04-30,29269.3284190614,1.0035774968478368,0.9939629700686696,1.003684957882346,26513210.191715,0.3184424101623212,0.1682539974351114,0.3548446756399633
2023-05-01,28104.486312544,0.9902512760474228,1.0114152371928282,0.989950411390263,-97136291.48532602,0.29028673972477986,0.1337508604761252,0.3282614366243124
2023-05-02,28696.6191722905,1.0137006235306307,1.181782293779023,1.011346470918235,130733906.124699,0.3048270004954198,0.13991366261017282,0.34302007470606255
2023-05-03,29037.9933377395,1.0500863465135628,1.115742352540088,1.049085944072787,666274974.0485411,0.31192636722095396,0.14284886248575818,0.3509337025880307
2023-05-04,28878.6029922569,1.0028173528427342,1.1761067807981542,1.000162358785063,26369561.01446399,0.30798014348185465,0.13674162617499028,0.34748443873644125
2023-05-05,29563.5199685999,1.013128637847375,1.0539583898283937,1.0126245061338512,147616617.123244,0.32379516815938,0.154095075508759,0.3627631036490475
2023-05-06,28933.2955078631,0.9991258070588583,1.0943768710883064,0.9984775845206875,-10734596.793155,0.30898618187210175,0.13472218755437937,0.3489739986625126
2023-05-07,28498.5019364021,1.1661006549490596,1.743007299737618,1.029148842477865,1825523050.211797,0.29482729287576215,0.11442551749282752,0.33835535628928215
2023-05-08,27736.6673104092,1.0116402191854388,1.4028470699171767,0.993105933118901,120427914.50333303,0.27518590076898214,0.08960214126846008,0.32026360092207384
2023-05-09,27666.1663334429,0.9926984804673615,1.1445164299927257,0.9914414210046574,-65172167.835159004,0.27350977920577235,0.08716812327725598,0.31861046872936793
2023-05-10,27639.9301236234,0.9942205518747348,1.0588729770745924,0.9926427242135119,-61101206.14325701,0.2728412954202464,0.0859772585702452,0.3181701156366939
2023-05-11,26999.795182326,0.9894164799058682,1.0149388244168596,0.9886250556725756,-101016792.910454,0.2557430161139751,0.06445398131090749,0.30224013764622154
2023-05-12,26819.5447111702,1.003392195793238,1.3096602966113597,0.9933500916362155,34813549.44742802,0.2508392811604833,0.057867139896507956,0.2976527982537067
2023-05-13,26798.5986390513,0.9965781524669507,1.0523916890767178,0.9953865501798057,-18073997.104846,0.25025244721245565,0.0560444040263091,0.2972378998745025
2023-05-14,26933.8020596763,1.0064872003668124,1.532842737329462,0.9979559311020959,39773915.50373701,0.25393125507912745,0.06034780003637681,0.3007722248692299
2023-05-15,27197.7040446513,1.044592702393384,2.1310364053208466,1.0003850739013525,398411558.969499,0.2603396762615382,0.0683468808233446,0.3071935782128781
2023-05-16,27046.494616832,1.0148343290238353,1.167226396777365,1.0123702363396478,125567162.47631902,0.25596794627538116,0.06112516126872276,0.3034275843541184
2023-05-17,27408.6745498218,1.0077802121992123,1.011883052536207,1.0076976328030185,67555822.935269,0.2657872283251037,0.07094094633434521,0.31281700595323186
2023-05-18,26838.9668512658,0.9891201036545566,0.8910930013907382,0.9910015251200145,-97327106.080123,0.25022232226423063,0.05024547243409829,0.2984341858482541
2023-05-19,26897.8682529666,0.9934389606982457,1.1420886376593702,0.9913788567419993,-60569559.134256005,0.2520178622707059,0.05159615450901262,0.30009396495859164
2023-05-20,27132.4253543435,1.004907971767804,1.1914397173863012,1.002237356767767,29670525.254554,0.25843898944016375,0.05847269866408623,0.30624808751250515
2023-05-21,26767.9729382682,0.9983958961036221,1.1160006233740074,0.9947951243884059,-9779982.059936002,0.24830043834335558,0.04476415476185247,0.2969490224978703
2023-05-22,26869.9450609306,1.0467775224420894,1.0865901632426975,1.0445754236692308,539991076.167546,0.25018165369956724,0.04219068516658257,0.3000312848667728
2023-05-23,27232.2067834683,1.0064938783696011,1.0311877074669278,1.005946357598032,76420825.28489001,0.2599901418838048,0.05312921298225263,0.30957336584951595
2023-05-24,26347.4019321724,0.9905660872183956,1.110618783081867,0.9879476399021008,-91360489.57527499,0.23525282237211229,0.02154915711361767,0.2865347103903213
2023-05-25,26487.339972648,1.0260819167497626,1.2667285441120661,0.9944562509139258,261261531.109081,0.23890210666667094,0.02521164562130427,0.29067754672981955
2023-05-26,26723.7398235066,1.0018701929738314,1.1649184917317192,0.9952827064983518,19257433.350456998,0.24560265814718907,0.033080196085275834,0.2971723353825309
2023-05-27,26872.1392590869,1.000896210228904,0.9628908300218886,1.0013736102805162,6441994.671009,0.24975627127059663,0.035530571704866926,0.3012718299436951
2023-05-28,28084.3386929541,1.0218323780854168,1.4250574165624375,1.0157990393717693,151857679.38457,0.28194497976604027,0.07532268442076544,0.33147948416138623
2023-05-29,27748.8249884538,1.0076921950062108,1.0085019038543146,1.0076748136057987,74416950.07554701,0.2729891978196329,0.06250767205425527,0.32359112727079625
2023-05-30,27710.973035485,1.0125058649761465,1.3214724033979088,1.005567465178392,141681838.02413702,0.2716817157183485,0.059886533916858546,0.3227563515735077
2023-05-31,27230.3080428998,1.0010864851903176,1.1296250470644391,0.9990587262824847,11631192.900133997,0.2588152328431267,0.04262199976350433,0.310972407640749
2023-06-01,26829.29960344,1.0028850110897258,1.1553209428374536,0.9955136830319051,33169444.747030005,0.24759932708736435,0.02542447364215997,0.30113926203291863
2023-06-02,27260.1298849564,1.007511565401951,1.1223833048642324,1.0058889443487429,99054343.01245101,0.2593766466345275,0.03865634935164526,0.3123554715583111
2023-06-03,27086.3172554771,0.9984051411957398,0.9402823991606344,0.999021408979703,-19554265.730603997,0.25461602921793547,0.0309584272430009,0.30812143846500584
2023-06-04,27135.7904122839,0.9997770544796838,1.0048982684527303,0.9997167387281921,-2123191.805962004,0.25596157778650525,0.029935490475995415,0.3096171438028424
2023-06-05,25765.7963247578,0.9883266432807747,1.136564369782013,0.9845762904014438,-193109378.157543,0.21657971236984236,-0.019533019654784923,0.273104292064761
2023-06-06,27248.3246542986,1.0183994333187367,1.1187244862313115,1.0174204902174535,267832627.05446002,0.2592538797307402,0.032821156284361365,0.3127607415288982
2023-06-07,26613.1697965198,0.9973355805979062,1.1882060783748865,0.9945185762043259,-37778889.829233006,0.2414646139601823,0.008979806379650465,0.29649368815704347
2023-06-08,26521.1529700854,0.9994968286125222,1.352217466523962,0.9934940610690253,-5035607.637243003,0.23882673014543673,0.004802844641145941,0.2941317015472225
2023-06-09,26507.0890083425,1.0003142713433397,1.2798799064106905,0.997703847986277,2897234.874611005,0.2383976552258382,0.0020169254870936017,0.2938977514992562
2023-06-10,25881.4306723709,0.9849411034713975,0.7905869076752725,0.9917222941813232,-131946653.92120501,0.220227071684643,-0.02323710458095195,0.27722025776690445
2023-06-11,25954.4633197473,0.9966070025952329,1.1864884409537606,0.9939207605080816,-30581989.975575,0.22245717498112438,-0.02082056280779965,0.2793464696390375
2023-06-12,25989.8934186014,0.9949732739874507,1.1831601729854928,0.992506522955874,-55410495.982127994,0.22364843276478358,-0.019147242610589473,0.28040528143857196
2023-06-13,25954.7612096253,0.9961113694183735,1.1732363975019733,0.9916680983402507,-46410712.98285101,0.22263851904589368,-0.020366348285335522,0.2795781437177801
2023-06-14,25172.5104139701,0.9927500916608293,1.1411990506132592,0.9842753092939954,-79075693.92786798,0.1984019512599602,-0.051400731167530064,0.2574516036498868
2023-06-15,25592.4132007647,0.9940247374627911,1.0099965168255676,0.9933836225063989,-58864141.20363298,0.21193847509329983,-0.03435170554027165,0.2699151950453157
2023-06-16,26346.9089448547,1.0076786833272882,1.1978584333050954,1.0043868989126348,86406758.34811701,0.234491748850542,-0.00665949453342458,0.29088268725927346
2023-06-17,26529.2967946286,0.9979126511550485,1.0224508101324203,0.9977379391018287,-16888732.56132,0.2396954529941213,-0.0005132395060915992,0.29575514328058705
2023-06-18,26352.3262313544,1.0138482383540892,1.5021390349287782,0.9983401838043591,108019533.17470701,0.23430553704295476,-0.007518086356682834,0.2909432148055326
2023-06-19,26852.392167205,0.9914675677280369,1.3644897758839305,0.9884351076428649,-112996502.795326,0.24904156864990745,0.012358953085211323,0.30412670224512994
2023-06-20,28318.3604233876,1.0105197015077148,0.8015133075861514,1.0251224778688437,155983767.08387798,0.2879550627876184,0.05928404026733334,0.3410907672257153
2023-06-21,30004.3066633103,1.0313642902104116,1.020601840272364,1.0320206632405644,532235404.42628,0.3270777983974837,0.10573879850820268,0.3787506577249638
2023-06-22,29903.0951256052,1.0215192795945542,1.1730078467000236,1.0191118197860245,304317207.77848,0.3240325770612297,0.0996914638578456,0.37674002033183157
2023-06-23,30695.0319627857,1.0341292376218552,1.0877520895605675,1.0310800199156223,431990304.72106296,0.34081604738118404,0.11825482369243914,0.3932341770296784
2023-06-24,30547.2538887232,1.02154556734191,1.5608828352070174,1.0140614252654392,201369441.137538,0.33720140796393994,0.11215732581561885,0.39019752355295617
2023-06-25,30468.4754666978,1.0127779679030047,1.7723362916819878,1.0038454675638129,124516126.209264,0.3352341621898501,0.10881430740799025,0.388480611366167
2023-06-26,30295.226396642,1.015885760395561,1.3000452666122833,1.012931937169067,217046754.636493,0.331032107397623,0.101834536257426,0.38500149805564193
2023-06-27,30668.9243387284,1.0323118925427721,1.4592264719521495,1.0230803206230086,433954956.19049096,0.33847754372386407,0.10939527490860897,0.3924723233129031
2023-06-28,30101.2258952121,1.0243827750814376,1.579092126307912,1.005734730889707,322521138.63501805,0.32533304926402373,0.09089184731899094,0.3809260634476667
2023-06-29,30440.1023199044,1.0015464681853268,0.8437127601924391,1.0146887048293347,21631255.766446948,0.33281008848500143,0.09834742195053409,0.38873291507193464
2023-06-30,30437.7451668473,1.0201591878110252,1.4669365430306256,1.0149972573648354,302261009.844444,0.3321657480657859,0.09539505715076997,0.3885392850889772
2023-07-01,30533.7461791116,1.0572061131717243,2.5472217329062192,1.0069652804230276,543952107.998727,0.33334037448383114,0.09654088563966245,0.3899842141629435
2023-07-02,30629.064612191,1.0164811987839806,1.4704491358121778,1.0101829245688652,99353712.168491,0.3352342711651018,0.09852805779810053,0.3918571678292094
2023-07-03,31173.6004676264,1.0160059975841196,1.2273502542611014,1.0130490082757244,214217370.490287,0.3465337835249082,0.11241319975954447,0.40251843833879153
2023-07-04,30804.9314937316,1.008881428180507,1.2835618745208046,1.0049166757708445,88994891.31930402,0.33845501842503367,0.10093518502496508,0.39537850542566516
2023-07-05,30527.0969511612,1.0068356731855925,1.0912525440852798,1.0054440894283392,75209791.10879101,0.3322949836449274,0.09151682705133674,0.38986524300694975
2023-07-06,29930.3254083315,0.9638015738306325,0.6039427275658799,1.0075999054597553,-514843714.06375796,0.3196586881969258,0.07157956293697143,0.37962430689673216
2023-07-07,30382.6523200649,1.0101623142241014,1.1776450607123263,1.008140894687087,122497813.63500202,0.3296975869641344,0.08399825890013699,0.3888224176617796
2023-07-08,30323.0188403165,1.0047391867948463,1.2888954297106812,1.0024298387710129,38516528.440365,0.3282938233198585,0.08152692334135883,0.3875348840496205
2023-07-09,30061.3743526232,1.003659241044318,1.3684641898148178,0.9994319300754233,29743042.163916,0.3223410228337651,0.07333400100666268,0.38219816192870204
2023-07-10,30414.3935333379,1.0099864356882018,1.0136039835900628,1.0099069347117144,128306411.1924,0.3300025803666894,0.08252274791540526,0.3894983025176175
2023-07-11,30647.2187156785,1.0176979031725075,1.5885723042688924,1.0070257667788067,216480520.512131,0.3347331473175557,0.08825758436774168,0.39410699965082013
2023-07-12,30413.994084819,1.009369536191401,1.1039265765254924,1.0078405039545366,116889135.75334202,0.3293664232872534,0.07999589432253253,0.38952888699128296
2023-07-13,31481.4081376011,1.0109540873056018,0.8131257454095823,1.0202181882441763,164700598.11570796,0.35208176568703214,0.10813498739351746,0.4108723088581237
2023-07-14,30345.7701035837,1.000108088705749,1.323723864559868,0.9935379983448841,-6343406.888078004,0.3275572077946925,0.07487623160110816,0.388873555138088
2023-07-15,30318.1340815308,1.0022115916384442,1.2880786517485876,1.0000903871678188,20049292.869108003,0.32695351293907016,0.07363702580649535,0.3883085119906027
2023-07-16,30254.0284882476,1.002956690972411,1.2343946480316286,1.0004376174319358,23839299.881173,0.3254682510986862,0.07128059419601412,0.3870203002154253
2023-07-17,30156.5844242845,0.9922198811392599,0.7971333996199812,1.000898150386113,-95491118.70940399,0.32344753164946594,0.06741268156051762,0.3855405871137659
2023-07-18,29884.3573854079,1.0086095722324158,1.4024118039414277,1.0018820125102732,126515470.873826,0.31698135745633466,0.058077518798673164,0.3799585782946193
2023-07-19,29935.6891157405,1.0117887157909211,1.1973250185765414,1.0093159265483325,156599912.654804,0.3177928847712295,0.058141769868715776,0.38105847811408616
2023-07-20,29811.4849347523,1.0043409634076894,1.2323317443789141,1.0004805933625947,55815906.710124,0.3148049514304281,0.05371301571684265,0.3784685224317573
2023-07-21,29892.1365446573,0.9888665638744744,0.7012474443549781,1.0013530470456604,-135521336.953523,0.3169286312760871,0.05556871630238159,0.38066216670922737
2023-07-22,29804.3500738858,1.004815549194441,2.050723898837826,0.9993637370918078,40683275.943731,0.314819920320278,0.05254323743717925,0.3787116976516652
2023-07-23,30101.2645734077,1.0077167233725166,1.4095205611559833,1.0039322811440146,68192358.42751299,0.3214786223412914,0.061341597835584,0.3847883056594275
2023-07-24,29206.0663216961,0.993611932319092,1.2448405570505443,0.988814843085199,-78220845.778024,0.3007275850925356,0.033461412468556474,0.365966785255022
2023-07-25,29256.1875846369,0.9997623612689261,0.9295739206408724,1.0012428193096778,-1862062.2328559905,0.30195924828348863,0.03478546411171428,0.3671431420639832
2023-07-26,29375.3055204941,1.0008762326622296,1.0500486876598312,1.0001329577307663,8812586.805421002,0.3047847903181029,0.03835301370921102,0.3697041773035295
2023-07-27,29239.7913150158,0.966617508813333,0.7388580420649993,1.000393048091916,-406940295.846802,0.3021035153723177,0.033191095600389485,0.3685145741612142
2023-07-28,29335.4470402998,0.9092729971606001,0.7102717304707853,1.0015486816710084,-1352956949.04124,0.3064693734934833,0.03493475825793512,0.3762777132775887
2023-07-29,29383.336465198,1.002171728015203,1.384959468566222,0.9994755169457628,17823282.8764,0.3075580987200205,0.03613514537767243,0.3772172934930625
2023-07-30,29364.3837700405,1.0003934150497267,1.0724484899481572,0.9997159323385754,3542752.421944,0.3070934533175904,0.03529487309517624,0.3768265483347223
2023-07-31,29258.5076902706,0.9944129968602501,0.8708040580584172,0.9980503296515081,-64184518.63305501,0.3046369082196639,0.03159834498115393,0.3748137316626469
2023-08-01,29703.8104813107,1.007144345405567,1.1645438891905642,1.0051076602319138,73841655.30939299,0.31509325059859217,0.04477563251805057,0.38403211697327516
2023-08-02,29177.9478242776,0.983466835224919,0.7584830753450701,0.9949793624830081,-175257567.125934,0.30287507743953074,0.026758075033752358,0.3732463588551647
2023-08-03,29184.4729902195,1.001256407372388,1.1777190338126495,0.9996202118309533,13100862.126459002,0.3030153324571413,0.025775366541026943,0.37309231398040216
2023-08-04,29096.0701444857,1.0018347537354677,1.1621612118109619,0.9983877130605747,17680413.21848899,0.3008371374228257,0.022593388964392065,0.37122894194468314
2023-08-05,29072.4311106811,1.0002612143799017,1.1586712186992456,0.9989940949762625,1832450.811108999,0.30026036775861814,0.02125947724738203,0.3706518264556882
2023-08-06,29079.1215999119,1.0036014416507526,1.3250490776189234,0.9995486157835,23789909.748394996,0.3003642077343957,0.02129849676218571,0.3707951934815173
2023-08-07,29197.986038807,1.0005158298101093,1.0289268901139552,1.0001521250574223,6912527.014544003,0.30323345160256254,0.02405372885838501,0.37327539386864966
2023-08-08,29774.8224448097,1.0039305548322612,0.9304180831026727,1.0061629554146057,55390615.552294,0.31666931306262946,0.04160342493909155,0.3856993272116584
2023-08-09,29579.4693139563,1.005610621154235,1.2663238801222596,1.0006133910719561,64200626.41196,0.3119547532776002,0.03281169942881396,0.3813825361171578
2023-08-10,29439.068889827,0.9997790731288191,1.0556698355327976,0.9984709668297618,-3465203.9153569937,0.3086493317853984,0.027736151544159853,0.3785774900536432
2023-08-11,29408.1385408148,1.0066385938910969,1.4436985449159383,1.0007959110889335,66923508.73873,0.3077999167451798,0.025848637928765877,0.37790587103602763
2023-08-12,29431.2391205862,1.0069740385655777,1.4477570990091326,1.0002221276261887,57154968.926026,0.3082278777055087,0.025520199492683318,0.37836198078378436
2023-08-13,29294.0071031849,1.004877353481608,1.400190637000596,0.9988014167094418,38886810.956043,0.30488926587936405,0.01971716953198409,0.375389788923392
2023-08-14,29414.4402033915,1.003954865501974,1.114424551429812,1.0007872138173872,44204287.07875401,0.30765225610104213,0.022929417070627223,0.37805888966431267
2023-08-15,29181.7271502883,1.0008448443080147,1.2183057578924301,0.9972591590293439,6727059.531124003,0.3020605313935365,0.014645460539888053,0.37294966244589733
2023-08-16,28714.3609957384,0.9951867079751983,1.0839553819208692,0.992654185632233,-51437029.441746,0.2907028127815888,-0.0013524677560330333,0.3626842988873769
2023-08-17,26668.375876092,0.9727951981755851,1.2813662544502136,0.9651478008657416,-328553414.55249,0.23647588851064794,-0.07451909464715344,0.31367532184782815
2023-08-18,26068.756541312,0.9750006438768907,1.0222236180891138,0.9729710735523418,-310888704.73629,0.2196735885799251,-0.09599388973162427,0.29803133337026416
2023-08-19,26110.5955282053,0.9925962969938895,0.9992833809509515,0.9925209766309221,-48927400.938969,0.2210560906990839,-0.09383900485172395,0.2988795728452584
2023-08-20,26203.1956390114,0.9965930017734728,1.148153264048827,0.994746175904348,-21165307.510608003,0.223854047242266,-0.08968350140568308,0.3012166652398901
2023-08-21,26176.5093140249,0.9849770750620673,1.1619611940853547,0.9826681590863564,-161692064.24688,0.22342727735306914,-0.08886729921137206,0.3003567752180163
2023-08-22,26042.2437082433,0.9884053536869015,1.2526035400853104,0.9826095608605236,-139002526.66184998,0.21971588872315484,-0.09225665749109713,0.29646812289831276
2023-08-23,26442.198971668,0.9947180019294446,0.9369004036685348,0.9958574505488897,-48685363.043657005,0.2316931004694062,-0.07526579097521971,0.30690934783311163
2023-08-24,26183.9661193447,0.9791085931303776,1.0079426874193211,0.9785866178485414,-192532182.538362,0.22443842455808147,-0.08394149170195263,0.299905045459983
2023-08-25,26059.7902007569,0.9857488160856646,1.1616335164733818,0.9826082879777278,-148160490.65236998,0.22105415279537477,-0.08714490161663717,0.2961442870914869
2023-08-26,26033.3825013828,0.9935949220082726,0.9091303523450378,0.9944992157139574,-44435536.684111,0.22034255337603914,-0.08786700976831133,0.2952914954856316
2023-08-27,26103.6600177839,1.0049502740585308,1.552546957216974,0.9976474806008118,37198328.23154099,0.22236609616442832,-0.08466545586517328,0.2970401756880602
2023-08-28,26119.3483138369,0.9930799712171889,1.1271272638388359,0.9900440930496986,-69650951.018243,0.2229837401469389,-0.08285412708147545,0.29727708442570555
2023-08-29,27740.1326391347,0.9979879668999714,0.7590222066025262,1.012600976596806,-24268312.984474003,0.2688315996679076,-0.02114235137085474,0.33898169311089527
2023-08-30,27314.1128866737,0.9979022427404574,1.1347004807947618,0.9956508370862079,-27527972.889891,0.25731331616534014,-0.036639830873084166,0.32849816297901363
2023-08-31,25954.5020137399,0.9803105857700594,1.0093353103933842,0.9796641693109287,-209712729.57854003,0.2184948465330962,-0.08859241660031279,0.2931706842116164
2023-09-01,25927.762485267,0.9906710621442851,1.1029915572995266,0.9885808474765694,-90801362.38899,0.2180197336566242,-0.08874395033689612,0.28803048622149985
2023-09-02,25909.5771757153,0.9958143737077215,0.9212492109927842,0.9968219112879929,-27458887.874293,0.21753498154143086,-0.08913963706694504,0.2871462399891483
2023-09-03,25985.1483294931,0.992915237096853,0.8259582966920965,0.9969885682166586,-39773128.281127006,0.21987789249528691,-0.0856526995638375,0.2891428970973163
2023-09-04,25829.7607686328,0.9924456065640958,1.0109198993975443,0.992035151040285,-54080983.42304201,0.21526051365249851,-0.09141907571174529,0.2848493965754327
2023-09-05,25801.3845443916,0.9850343188376588,1.0232855203649094,0.9842714708996542,-114075548.47073,0.21460900734256352,-0.09124563109317135,0.283931422431514
2023-09-06,25771.4578139339,0.9897344772515569,1.2074064807846039,0.9865820977709218,-78340803.383658,0.2138701246473008,-0.09128973028908546,0.28291050341715057
2023-09-07,26251.1493587611,0.9995470027316086,1.0266244846785881,0.9991160196257115,-1737002.7559850067,0.22835653269660147,-0.07118568104428269,0.2958554257042116
2023-09-08,25918.6803715733,0.9931278205812545,1.043753587993424,0.9922857327975513,-60915217.71303199,0.21847457822171937,-0.08408551153761014,0.2860378559127729
2023-09-09,25909.5640398976,0.9915466832629309,0.8192424217625516,0.9956411115893112,-47953879.095899,0.21829616563948157,-0.08410335200660798,0.2857567448258336
2023-09-10,25837.954001127,0.9967634089643425,1.0719195170963494,0.9960067229424744,-20349959.110404,0.21615541377828665,-0.08676428820643554,0.2837106169787001
2023-09-11,25178.9378691104,0.9780542762595354,0.8657862933149785,0.9810984213723729,-187455652.135817,0.19588947935031154,-0.11319692783165056,0.2650781595238999
2023-09-12,25849.7665024534,0.996272006087231,0.8168254542247594,1.0006089872442057,-29485741.246596992,0.21684964840837131,-0.08358387637391841,0.28336611906177867
2023-09-13,26237.4208561472,1.0010757388853626,0.9886892322002546,1.001268360427962,10907841.334814005,0.22842095273112628,-0.06691713130013617,0.29320922846518177
2023-09-14,26543.9728778799,1.0156775416544008,1.3854719060600869,1.003774566815189,128804455.79235801,0.23708476894782854,-0.05428443100374543,0.30081823186814777
2023-09-15,26614.1097215987,1.0061188861739476,1.2997010097865918,1.003012114676277,52682129.027463,0.2389977280332194,-0.0512928449065825,0.30224009503765986
2023-09-16,26580.1658687366,1.0011282856608463,1.0618634963819495,0.9994769527905236,6030454.392626002,0.238000138160262,-0.052142394716786875,0.30105400501464025
2023-09-17,26538.0876010768,1.0014515529210755,1.1943427737018963,0.999318065894493,8777288.796512999,0.23676034392693518,-0.053578435745934516,0.29983062045337217
2023-09-18,26789.2195875401,1.0146462265285743,1.7110640025898682,1.0040927393567851,116106300.235217,0.24364648432979377,-0.04382550065527648,0.30620682699377305
2023-09-19,27218.8557248351,1.034271672872655,2.3670626098699334,1.0070513222132254,302421043.440952,0.2550549143701425,-0.02754929106474479,0.3163869779058199
2023-09-20,27132.0450120978,0.9966308071505791,1.01056154567479,0.9963622867139641,-31208522.304185003,0.2526911792008179,-0.030139007612991174,0.31400926094214343
2023-09-21,26571.1655764492,0.9920538273537628,0.9744029701335327,0.9922625944933883,-69579402.19061899,0.23697230609565967,-0.051005801809654985,0.2993481371212067
2023-09-22,26594.4556749723,0.9990440174669863,1.1509214549676992,0.9979769491508202,-8173131.691899002,0.23766814025296815,-0.04980554791287662,0.2996887980103622
2023-09-23,26605.3830969086,0.9997412863385743,1.0289699543131492,0.9993965262563365,-1659963.1725189984,0.23798308835183252,-0.04935182719840681,0.2998041267759616
2023-09-24,26265.6243724177,0.9959093415271391,1.1469839072251145,0.9943650777689862,-26960147.884997,0.2281162516201786,-0.062468024079646516,0.2906567540208441
2023-09-25,26308.025326399,0.9987094706173965,1.142965808836552,0.996225617984649,-12346450.211664997,0.22943799931178577,-0.06026648649493019,0.2915884377951153
2023-09-26,26259.3751262091,0.9970092222533661,1.0419781189314072,0.9961236345266549,-26463733.352653004,0.2280446758837501,-0.06175480647765689,0.2902517199886402
2023-09-27,26363.1155185171,0.996665062052655,0.9437620809768631,0.9976880286279154,-31298025.361264996,0.23115359061367557,-0.05719179915183453,0.29301365967506104
2023-09-28,27029.25185203,1.0063631078585988,1.1724133665109548,1.0042055437666455,66102992.139303006,0.25006626790128944,-0.03148969283142209,0.31033393517327496
2023-09-29,26916.1650929342,1.004169831810608,1.0740224513911067,1.0018708147373834,43541924.51495001,0.24676146543609895,-0.03573218124004025,0.3074292732402076
2023-09-30,26987.167631827,1.006716524932803,1.3413918825369862,1.0007857582030664,47535512.253841996,0.24863983823824054,-0.03286576594155262,0.30905359301176716
2023-10-01,27974.3425712162,1.0154275845526235,1.026787617092994,1.015115149418344,93429947.20041901,0.2751025604981189,0.0027702151372116126,0.33337905251836414
2023-10-02,27513.5171289827,0.9971085129374428,0.8472596204550426,1.004824167943617,-36631868.36911598,0.26267705267832897,-0.014334851250713513,0.32266041623704766
2023-10-03,27434.6743188398,1.0072260907614823,1.2076635596495464,1.0021096534977056,61843413.557947,0.2605029979858816,-0.017366441709618898,0.32067269640589025
2023-10-04,27758.2389203123,1.0147520933126812,1.3275874890229862,1.0084646631010605,152213368.57230198,0.2689255501690528,-0.006305195258417839,0.328459660084579
2023-10-05,27420.0566072926,0.9934112224717809,0.9175225238407824,0.9949624044342603,-64411728.225990005,0.25992904303163744,-0.018073360639119847,0.3201274341993177
2023-10-06,27954.2974682272,1.0174888631011696,1.1596295520208317,1.0107308259902086,160443992.49967,0.2738581018438014,0.00048710924961185273,0.3331691096445159
2023-10-07,27983.6529132693,1.0148308424339678,1.5679542469262733,1.0031071991318483,109121446.688951,0.27440096413085746,0.001393079823531609,0.3337192732561754
2023-10-08,27942.1110753019,1.0032297319299774,1.2591587319847128,1.0011999578195363,19858871.751891002,0.27326914715312595,-0.00010211872444616702,0.33260140295972646
2023-10-09,27597.1824632686,1.0126055516318644,1.4475394739324745,0.9944755456084224,112568516.313515,0.2639637801398084,-0.011596163915546624,0.3226304625524464
2023-10-10,27403.905488386,0.9983671556633794,1.174035929660262,0.9957776764207307,-16858489.556278005,0.2587655600117266,-0.018268181895414185,0.31773484557068643
2023-10-11,26900.086541431,0.9965050194410391,1.0606157058811556,0.9929027506064229,-37215334.07261999,0.2449249408687114,-0.03639863153413498,0.3048941176750094
2023-10-12,26767.8532170025,0.9918736352014378,0.9326794432246374,0.9936308935147179,-74509288.076404,0.2413363033134734,-0.0408293406009906,0.30134264902046465
2023-10-13,26879.1505879939,0.9978238063536681,1.0522267741926068,0.996959203650857,-17027465.212266997,0.24451930981838046,-0.03633984946397408,0.3040351041317569
2023-10-14,26874.3242751899,1.0263977102501658,1.4868093940650604,0.9984263470384691,178865740.23129502,0.24402140093294034,-0.03649159723669607,0.3033547274234598
2023-10-15,27165.9801546294,1.0047135260881521,1.094833179196138,1.002960481198986,28162942.905752994,0.2521034167300828,-0.025567811363821687,0.31080266776940074
2023-10-16,28521.0531573359,1.0197825190379202,1.0206246909496546,1.0197676346684101,238731354.685248,0.28732618710272734,0.020666570128481724,0.34355923546307005
2023-10-17,28414.706376303,1.0064771810582462,0.9675005296271951,1.0074100723706234,70339117.523726,0.2844601241728135,0.016018707912099705,0.34096491471693885
2023-10-18,28337.1443338273,1.0095835485350233,1.1423226616650224,1.0068282249160134,106664282.59878299,0.282232510197464,0.012280105609499286,0.3388022085332901
2023-10-19,28715.8962956434,0.9922115224693707,0.88999472184952,0.9947071491251833,-102253407.63444701,0.29203601406511953,0.02586034985015544,0.3476506278217045
2023-10-20,29686.7015620961,1.0241595319869714,1.0524036775774286,1.0231732380304976,306002254.025228,0.314706305064818,0.054628034399003204,0.36918623172638676
2023-10-21,29926.1134549487,1.0125979818615485,1.2076335853939368,1.0092484637190384,98034039.19750999,0.3199929259533098,0.061312320822575976,0.3741769960140622
2023-10-22,29996.4003905257,1.0097560933561833,1.167344381978717,1.0069824972780923,77736407.882795,0.321430787024778,0.06281572289582137,0.37561985884427856
2023-10-23,33066.2832874463,1.0609863002195816,1.226607001157287,1.0553127150363346,982628752.845834,0.383606853439291,0.141370215078106,0.4338101156622041
2023-10-24,33921.6865795161,1.0545720152133817,1.2521636139913863,1.043168368789524,1105277458.481351,0.3969553879054699,0.15389150269100568,0.4484421971135696
2023-10-25,34507.408481829,1.0382984523815455,1.3875576973305865,1.030407060208488,583890968.10355,0.4063072426121457,0.16338561126355833,0.4574573796273766
2023-10-26,34162.9502605681,1.0520125560528932,1.7027015205676561,1.0177187809659571,648889751.299733,0.3992562086639475,0.15117307055541943,0.4516699155921053
2023-10-27,33948.0095841118,1.0215349175877306,1.3221754032521515,1.013150669842435,274236211.958015,0.3950104100462674,0.14338470708725093,0.4480804056103177
2023-10-28,34116.3111958282,1.0225087508349693,1.5504459158952368,1.0140336845108517,209714197.33519801,0.3976556461393483,0.1460305626391385,0.4507188587173076
2023-10-29,34561.3615527494,1.0218352827779371,1.6290550735417162,1.0129775172773823,191492666.55647302,0.40514096064907335,0.15572635906073912,0.4577715706773364
2023-10-30,34467.5972381937,1.0229938316697849,1.2790710824845841,1.017473391216851,322455090.019953,0.4029873420466672,0.1508567561298205,0.45636150873793924
2023-10-31,34677.694888327,1.0267320329171663,1.2434555346864649,1.0199067062774037,306799834.076742,0.4061556763678371,0.15346831650805717,0.45973056166698817
2023-11-01,35441.3187280536,1.064866032139909,2.187201287832941,1.0276796185042298,805710101.663003,0.41794909682731857,0.1676684325776574,0.47113715903681946
2023-11-02,34968.0403739042,1.026108860222281,1.3099715133004797,1.0193577110663463,323328687.928118,0.4094283540103958,0.15357802655150268,0.463808533463249
2023-11-03,34760.1091460429,1.027130039831702,1.2428360380773786,1.0168475719375458,353723491.47219604,0.40540547256211323,0.14569559638204027,0.4608426587137605
2023-11-04,35120.5284980712,1.0200589869002707,1.3676834596143652,1.0128977082306003,170576936.75048602,0.4112609017451712,0.1526404889380255,0.46599766768800316
2023-11-05,35113.2054948287,1.0142176794040452,1.3191782271566566,1.0094424608203734,114642139.41772099,0.4109275861728615,0.1514953359297338,0.4658771506132615
2023-11-06,35066.7201316785,1.019302330089614,1.5048660627293322,1.013474991436597,243604382.60550898,0.4097515284716178,0.14842118580177988,0.4650386660184619
2023-11-07,35444.1351966701,1.0284165786744526,1.4681710218360393,1.0184125314307715,354476079.211587,0.4155885490694748,0.15477638462091287,0.4707164077807021
2023-11-08,35665.3088145711,1.0264752816929665,1.5142471141580078,1.0207057507642465,341533026.41850495,0.4187034524304679,0.15717987256488358,0.47379911309410344
2023-11-09,36730.3636407603,1.06211442168377,1.2776863012354611,1.0309568807184872,1064596891.0610741,0.43405258418006204,0.17378577314216254,0.4901402707808223
2023-11-10,37283.1547837519,1.0386092534588112,1.5159500397410979,1.029949554654415,566511781.29504,0.4416969490847352,0.18176133372580067,0.49762567361486776
2023-11-11,37160.9490354781,1.0159614369360987,1.3789539025021058,1.0108764291550347,169552337.166549,0.4395738557393131,0.17762626481594412,0.4959404152429773
2023-11-12,37036.8372171169,1.0120131427953976,1.3231958593182502,1.0078310621403213,110119175.81880099,0.43750111977570744,0.17362678207403975,0.4941713151645201
2023-11-13,36488.7600423475,1.012418175097089,1.5215390201591843,1.0056668720326054,165542563.863134,0.42868763801565585,0.15960499764650396,0.486412470079805
2023-11-14,35579.8878979973,1.002163091376521,1.4116325849873455,0.9965460467853469,23679280.023240983,0.4138428052174141,0.1376225406264028,0.4731664449382631
2023-11-15,37906.3519401157,1.0511609439435976,1.442677686749783,1.0379290927371927,670167993.367148,0.44940321801105076,0.1854012685194054,0.505498392997224
2023-11-16,36188.2628329782,1.0111603462018108,1.3816258262857763,0.9997017070369563,134165522.25502002,0.4226656242293162,0.1455644497296876,0.4820585913032774
2023-11-17,36640.7340121362,1.0169808307891017,1.382873813805568,1.0108321842584238,229905747.32748103,0.4295026750664923,0.15317279548909724,0.488175065385197
2023-11-18,36605.1469342481,1.011804315401916,1.7161039435949925,1.0047272716542623,97938320.81267601,0.4287764652352514,0.1512349632410344,0.48748354066986993
2023-11-19,37389.203113183,1.0186092655489911,1.612464793851311,1.0090021790028127,174938339.119995,0.44056577994611423,0.16780263894814978,0.4981986491339588
2023-11-20,37492.7364404784,1.028493676455183,1.5984058215550663,1.0202045886817495,419069243.65492296,0.44154873359206986,0.16681381043969085,0.49946487342174534
2023-11-21,35805.7114825636,1.0179917560613418,1.512777998518222,0.9932226642032672,262728283.65646398,0.41442314652977047,0.1228311978279464,0.47443410615750536
2023-11-22,37424.6537780368,1.031013912111462,1.2601402945094364,1.0209582202549163,538398590.524266,0.43935736560529387,0.15647951621164005,0.4973783845386118
2023-11-23,37312.4932675321,1.011655671616957,1.4636551249037968,1.0078178624172909,154408785.469004,0.43736644627962185,0.15253747231151193,0.49539300563483035
2023-11-24,37750.2572947509,1.0188922406319516,1.3104083160245676,1.0150946819044593,277407719.380844,0.443512906420978,0.16008677835019816,0.5010960311356923
2023-11-25,37814.6744112666,1.0127756216738169,1.4011533601797839,1.008690033140703,126911828.10691701,0.4442811123011791,0.16037912696864998,0.5014418766386908
2023-11-26,37474.1227666724,1.0158130024882743,1.5082376464759593,1.0054283309022138,125035830.840287,0.43902195206270134,0.15196098707741137,0.4967471869208842
2023-11-27,37264.7309086672,1.0067841205382755,1.359707383545154,1.0028704162234108,102110324.92799701,0.43572512661106266,0.14647690021891152,0.4938674985678416
2023-11-28,37835.2499687928,1.0223213702905696,1.5229626498496391,1.0122657055510378,316750457.063078,0.4438452106377917,0.15728569001372725,0.5014048960807777
2023-11-29,37871.2213851124,1.0200990958169762,1.338984616969884,1.0155389334826983,307884226.045151,0.4438793313677801,0.1554123546738344,0.5012142714408022
2023-11-30,37742.813686119,1.0156056413045123,0.9660321819187728,1.01995360986746,228444375.94767594,0.4416441241408237,0.1484217594285798,0.49987380201751547
2023-12-01,38697.8181192782,1.0370005119574237,1.6130571649037944,1.0270894985361954,601377238.582154,0.45466215735535004,0.1649804504895597,0.5117570059954475
2023-12-02,39467.4019032871,1.0234256689737724,1.8711893027893551,1.0109636071036396,282432933.41486996,0.46495975255387334,0.1795062098304584,0.5210109343826482
2023-12-03,39991.9547880374,1.0271630399179223,1.5233077529366403,1.0204887212810962,285561378.964408,0.4715958426906032,0.18812741959624268,0.5271667791628848
2023-12-04,41998.4912785941,1.065300821139793,1.6485783940861842,1.04906820668272,1318861020.782702,0.49531988719894604,0.21831522939566275,0.54987113787977
2023-12-05,44106.8575235394,1.0579620056682055,1.568854982753306,1.0442449875047652,1154051637.7558918,0.518400824926639,0.24816048293836102,0.5714457650964566
2023-12-06,43781.6910768042,1.0585683639580479,1.5265008442391843,1.0348221338297559,1250556279.0062912,0.513087572587695,0.23493149566848562,0.5686398159707962
2023-12-07,43309.2920621813,1.0329761720207473,1.7553529407676673,1.0209071514622774,642998167.074033,0.5068876468096899,0.22268503466483675,0.5638839851530766
2023-12-08,44191.4048992984,1.0363517363564483,1.516712015628943,1.0235804933537291,639741533.333007,0.5160735973854258,0.23334148344360825,0.5722600545722839
2023-12-09,43731.0428026967,1.0311615433961534,1.698562579740179,1.0106615485194377,332246608.785313,0.5104787052036419,0.22341311679683012,0.5677439818829495
2023-12-10,43811.7674571301,1.0188802286639453,1.5810789435192323,1.0089962888025148,208176848.615964,0.5111223325910993,0.2235220653206293,0.5685433408159928
2023-12-11,41264.0700336181,1.0115111172091014,1.7183338537550858,0.9946791814301503,224542949.31433892,0.4804079708939304,0.17520792686008116,0.5419831934997598
2023-12-12,41482.5474755058,1.0452793377366472,1.8984573666755777,1.0084080049965656,852305224.415517,0.48213653872804835,0.1763329999431628,0.5444324647333014
2023-12-13,42887.6320917721,1.031587936160135,1.6274661866749542,1.0199892032226212,461723025.057379,0.49874945124678816,0.2003331257855674,0.5592677681632534
2023-12-14,43049.880512803,1.021896369399337,1.5861256370849761,1.0156875710117397,366181856.273882,0.5000888835741691,0.2005471053743611,0.5606756837716348
2023-12-15,41947.0388823196,1.0318886645517595,1.7893078944588625,1.0047632351883722,520220601.54854596,0.48612872951877895,0.1769128409192052,0.5486369013289217
2023-12-16,42257.2688987908,1.0262697113988841,1.4863811911964948,1.0075968466554397,299864020.217763,0.4895520523646929,0.18100518930225473,0.5519124708378431
2023-12-17,41356.0030170296,1.0032854488969607,1.5801006843263865,0.9982250161395965,31940744.501264006,0.4783003269184667,0.16292466201829595,0.5420937559608444
2023-12-18,42674.1990190121,1.045650930224239,2.1305412028879966,1.0209595612272737,700174306.2423431,0.49388115214224876,0.18531241740098986,0.556132674884861
2023-12-19,42292.5183668724,1.023400151619409,1.5034125198028916,1.0112453423231629,393818295.589649,0.4886089651534422,0.175210377899699,0.5520174422897322
2023-12-20,43681.5398780004,1.0445946033843236,1.640443654727019,1.0209063737644024,719292753.4669269,0.5041121361901462,0.19755308431415225,0.5664088829538072
2023-12-21,43884.4164563142,1.0248759654168742,1.580334280298393,1.015110163596473,406041844.581102,0.505881326719481,0.1985096703254223,0.5683375790388486
2023-12-22,44028.1877377527,1.0286436655830584,1.4273875200938433,1.0124866987013483,517256270.990012,0.5068890761814028,0.19782421795201308,0.5699465171544112
2023-12-23,43761.49796539,1.0238976876115462,1.9069559123203623,1.0049064797657978,237715305.535235,0.5035515251841287,0.19103195347128277,0.5669583176748753
2023-12-24,43043.6663501508,1.0430840948760416,2.95523153699596,1.0019920425585005,445543624.81009,0.49462432618773683,0.17642933911974126,0.5595850386956269
2023-12-25,43611.5247374747,1.0178224265304932,1.8430580750424275,1.006507740334529,192881105.24758002,0.5010192994579552,0.18610567218665103,0.5652821639664185
2023-12-26,42539.1184136361,1.0312749262949332,1.7631006354355754,1.0263801816266196,537114379.851295,0.4876798349733939,0.16191356868069154,0.554267219747508
2023-12-27,43471.753257475,1.0874771248320698,2.468309217146426,1.0120609505240572,1386354486.028789,0.49716953739116426,0.1758560536238501,0.5636352015147179
2023-12-28,42605.1593740229,1.0142659657249296,1.5320485177458598,1.0052378623452496,229961987.91996998,0.48650162422212795,0.1578093121125303,0.5548106680346158
2023-12-29,42092.6334867548,1.0275835406197793,1.10246909638767,1.022057887787527,510567509.65174097,0.4795110078353013,0.1410596053484632,0.5495645199779177
2023-12-30,42154.0589758333,1.0193048785215182,2.479193451336165,1.0026111740903372,232448611.202721,0.4799905923692942,0.13589746255835958,0.5484104308694583
2023-12-31,42294.1598555961,1.016865168600494,1.6065945896729912,1.0090461842573035,206566989.40579,0.48140134216054914,0.13750962189606264,0.5499203304902324
2024-01-01,44203.7020721423,1.0291121993937662,1.624310538326942,1.0209847303525053,324228700.66878796,0.5035914382780324,0.1726132462233475,0.5693575278167323
2024-01-02,44974.7685212193,1.0419654117049149,1.6386080464861132,1.0240521323608829,774462616.4516,0.5110494025118104,0.1821715628843717,0.5768007345936647
2024-01-03,42882.9772875105,1.0212293222320532,1.8063760424355966,1.000205917754156,369098884.13169503,0.4865194819408593,0.14111290360495968,0.5561892736038414
2024-01-04,44255.4798441317,1.1563517396782046,1.5773805756324808,1.0266984434282853,3740706326.5162377,0.49876283544340716,0.15454391774893686,0.5723734955161838
2024-01-05,44334.8715679845,1.0359829274409933,1.5170258542829387,1.0170869460831704,639166789.3499681,0.4989684598074636,0.1528918281131564,0.5734024529427594
2024-01-06,43997.8710233057,1.012271212719104,1.7090467377555463,1.0055534579929688,163946944.377248,0.49488352939212343,0.14540773621253555,0.5701075967975574
2024-01-07,44299.2939991951,1.0139058711674807,1.622101966912014,1.0065550156606202,186402490.775324,0.49808692369376084,0.15021770437332696,0.5730577198285904
2024-01-08,47081.4977792422,1.0433453791349068,1.7275544588304672,1.0326268978153985,831692257.4505891,0.5271564617136691,0.19589404946013425,0.5983563637107303
2024-01-09,46157.104634299,1.037206334155003,1.7540220082291673,1.017439815090935,763908974.619566,0.5164906638864811,0.1762494928939753,0.5904367721983927
2024-01-10,46704.0212654584,1.0354600916797836,1.713670239218866,1.0230395845941405,715657653.8122009,0.521537003883745,0.18202912968123441,0.5952666790176345
2024-01-11,46422.514952638,1.0334595278410723,1.8463719220373886,1.0162405426186498,706658927.74261,0.5176795711426423,0.17363574690860328,0.5928205837343178
2024-01-12,42802.9958672967,0.9837334999398339,1.4352063655536724,0.9760154657971486,-401874400.912749,0.4766886384385436,0.1067118422745831,0.558501486237358
2024-01-13,42850.6353160156,1.008987272760568,1.8134120612428994,0.9984935346644941,98246088.83912599,0.4772678331657297,0.1072521048825254,0.558941086389536
2024-01-14,41802.6523443133,1.000476628028221,1.984425527865187,0.9876490238162674,2080791.200083986,0.4640730318463753,0.08516507240356756,0.5478139122774719
2024-01-15,42525.0130290145,1.0130651755466806,1.6054938789923263,1.0028720489557634,183040678.93847597,0.4730725291083196,0.09995603709692905,0.5555379892040445
2024-01-16,43151.682390494,1.119792462677916,4.060967843245062,1.0011411727152901,2115176225.983322,0.4783036401882367,0.11041549053035761,0.5610927597536212
2024-01-17,42768.6164119022,1.0112181864761334,1.2650894641615693,0.9979924481072975,192347930.09728202,0.47337700820071554,0.10152479003016872,0.5576177415284665
2024-01-18,41319.8844291479,1.0414561502048492,1.5337683649293175,1.0288169836957397,774101974.9194981,0.45367878773830883,0.06583795365624555,0.5422257549525764
2024-01-19,41665.2040829469,1.0203744297012296,1.497738748982557,1.0022596964603043,304049231.705369,0.45799645548486734,0.07224176675789949,0.5461739836349643
2024-01-20,41687.2539317214,1.0042919813482916,1.540073849620385,0.9985373971596301,42076069.629794,0.45819296214282346,0.07075257360173036,0.546201254681233
2024-01-21,41613.2952610405,1.0038387462022176,1.7390392680135425,0.9981141324452092,34123915.718665004,0.457152106863813,0.06877486120200241,0.5453684532473875
2024-01-22,39563.6764739163,0.9907889856384954,1.2050141084530614,0.9804629137274923,-166348983.82743004,0.42896202038707865,0.022289445306654967,0.5223127652845954
2024-01-23,39906.2715497597,1.014604325018095,1.3035966760132272,1.001161033401523,251717599.117265,0.4337963992134116,0.029831025383700815,0.5268056536814275
2024-01-24,40117.6810517906,1.0498076567513168,1.854609750925957,0.9952441122390321,862855921.7134161,0.4357092459474186,0.03415208087050754,0.5294096352272252
2024-01-25,39964.0969895517,1.0195724237485162,1.5476853676324636,1.0032276104796525,316960153.08599997,0.4330773233970884,0.02908769711139968,0.5276825387813733
2024-01-26,41846.611859567,1.0224947246400653,1.200969403724727,1.016334683439781,447319660.756701,0.45825971041946606,0.06983234532572455,0.5493053432069385
2024-01-27,42124.7165589278,1.0161920037477175,1.82659067563595,1.0056349313142088,165790613.618938,0.4615932463415704,0.07415160936645733,0.5521405029845453
2024-01-28,42074.4906532441,1.009191242565435,1.5148715738325462,1.0037590785202355,94337653.621448,0.46073840385050924,0.07212963949998959,0.5515820537082298
2024-01-29,43332.3683844016,1.0229393975491123,1.1835439144193232,1.0183276234762022,445466366.281392,0.4760293974667695,0.09604930134948862,0.5649167123118384
2024-01-30,42985.0078295262,1.039715614427655,1.5303557803195909,1.0106877464621682,929549674.0345219,0.47040327582176084,0.08458412798539101,0.5618177792429726
2024-01-31,42588.2593257684,1.031579416486164,1.6725496775107083,1.0167805500956393,651147467.911424,0.4645999108323896,0.07134702404822885,0.5575039750779957
2024-02-01,43092.4278760411,1.0126952476357234,1.33666989033692,1.0062215908482388,234848639.51163203,0.47076609886062887,0.0807461931389764,0.5628120322161158
2024-02-02,43235.5085016416,1.0140263983342386,1.5208018268867192,1.003994386980418,245055746.67255202,0.47218011936186377,0.08237190119986887,0.564336609588278
2024-02-03,43005.2067269749,1.0043761368821627,1.6029557652479018,1.0010233814071006,43666269.114164,0.4692487614569523,0.07676008834427761,0.5619568728131745
2024-02-04,43023.0378408148,1.0103170772622962,1.6778722245690016,1.0015959703608381,115375571.69290899,0.4693273888061408,0.07641957925917237,0.5621353294553119
2024-02-05,42693.1995056128,1.0129165579669486,1.656757884295583,0.9999130757233996,208741296.30974197,0.4649117110679165,0.0685134896525454,0.5588129149813735
2024-02-06,43105.8596900106,1.033092757525378,2.4813066755317026,1.0056778913617825,601085471.9604491,0.4693636734605267,0.07580400389428081,0.5629232137929933
2024-02-07,44349.9033889938,1.028719539896132,1.7067491317129313,1.0171856524510998,467565361.32634395,0.4838891855006052,0.09925822753803402,0.5752250144771414
2024-02-08,45307.8804160099,1.0311169333114956,1.5783120418470422,1.0226650996795559,580395611.776413,0.49410070938391243,0.1145676430051691,0.5842238887135524
2024-02-09,47151.5733568702,1.0356258052506926,1.5068509924637223,1.0274835277702319,788770879.662969,0.5129826342474694,0.1449163628373775,0.6006228157547531
2024-02-10,47765.7511896916,1.030137978872306,1.7764871429197107,1.0160172678544925,386810890.492869,0.518825201755015,0.15392689108166885,0.6057947240226047
2024-02-11,48320.3734724689,1.0302926018516905,1.8209807680884886,1.0176688442656057,387082216.304263,0.5238985126374918,0.16165862868332617,0.6103457248581158
2024-02-12,49954.8014301557,1.0544576126762844,1.4956508561621775,1.0428297239292388,1169414902.6845021,0.5384201076059858,0.18332678430016539,0.6233708618318624
2024-02-13,49730.3776890612,1.0284044467127258,1.4471587494661098,1.021494370973992,688084674.961133,0.5355121584540146,0.17589322001835622,0.6218477638038024
2024-02-14,51839.1876215735,1.082374544053329,1.8072739124883102,1.0471793229761115,2463113305.854073,0.5521239842629357,0.19970692404711557,0.6377662403377374
2024-02-15,51949.5723070712,1.0378269687097683,1.706889818710221,1.0236699184621694,879011323.677553,0.5520347820412596,0.19726110911892536,0.6386850958261866
2024-02-16,52175.5510341885,1.03429739217758,1.7122530775865417,1.0155712521804665,739806731.7376829,0.5532407686841049,0.19764467644169909,0.6404600051524547
2024-02-17,51660.6797388419,1.0247843367935519,1.853702984223182,1.011111866716907,292331896.003303,0.5484630773533903,0.18807516696337012,0.6368818187288425
2024-02-18,52165.3086265893,1.0273478152220605,2.02356457728458,1.0183420069775357,411454674.22143,0.552438526123678,0.19367216377184146,0.6403603221387363
2024-02-19,51801.9196082592,1.0832696555560895,3.8572104173472908,1.0174872605716367,1398169631.755098,0.5478012617763721,0.1849461850919572,0.6376157613084483
2024-02-20,52282.8913310682,1.025783341965761,1.5811247428360478,1.01702002190907,541003187.938327,0.5514883111776516,0.1896440291275956,0.6410456843107311
2024-02-21,51878.7855511258,1.0308381904470987,1.3409512692982077,1.0226506478654447,669422553.2558061,0.5473412247764781,0.17893788853893966,0.6384154694308772
2024-02-22,51293.3959031646,1.0375865665569957,2.1964060741972555,1.0170758343432507,773993858.7214279,0.5412850879090453,0.1665233137757934,0.6342870989588215
2024-02-23,50771.7678279699,1.044454643232219,1.613618608192246,1.0077536759549792,788732764.150636,0.5356894361037844,0.1554556738756999,0.6310200364998975
2024-02-24,51577.9542644651,1.023186567246617,2.0428772708468976,1.013127864356738,322851536.44043,0.5426879682991839,0.16718004995310112,0.6367900505719243
2024-02-25,51747.8197122083,1.0247382693357345,2.183657493328124,1.0099248491473258,241080022.173509,0.543915570835696,0.16752406326372468,0.6378114727492893
2024-02-26,54518.2748768293,1.0576748589332552,1.9387465843108638,1.0380531795161767,1359094907.7844172,0.5662052350897462,0.20443396959051757,0.6563767736172079
2024-02-27,57082.520103983,1.0811040789856983,2.0073993435904463,1.0607463299177915,2407602052.6486497,0.5834569587069296,0.23037954543148081,0.6719796779138089
2024-02-28,62497.5456995296,1.1876699499578074,2.267735176800649,1.129911167481797,7402613731.547351,0.6143552929357661,0.2719372841290592,0.7009917618230465
2024-02-29,61192.5563921785,1.0678473513795383,2.0628828994432684,1.0392647222094675,2132386773.381674,0.6037998040433256,0.24925679524267105,0.6949091083832173
2024-03-01,62426.990354872,1.110897226987431,3.0340024292776477,1.0405748874344327,3291632597.0067387,0.6090468579219596,0.2556988160016588,0.700973200471723
2024-03-02,62053.6953322366,1.0302499427694831,1.9100032965560998,1.0152912999078594,425641670.914606,0.6062829912509011,0.24857221438768023,0.6991289482432974
2024-03-03,63174.9873456672,1.044824444910151,2.3095955143343883,1.0255925431852981,721376579.689078,0.612737696145029,0.25940201982621136,0.7045096919789045
2024-03-04,68346.6086119814,1.1129826519916073,2.104029247684107,1.0783063432778817,3758271235.324218,0.6396164666816629,0.3035321534775092,0.727270798675264
2024-03-05,63872.8968871554,1.0934821482245767,2.158172035311877,1.032996595131189,3328487175.722917,0.6107953837281411,0.24577438525794182,0.7087835334467107
2024-03-06,66113.9380414855,1.1971878117088057,2.5042198002627245,1.0448113412043922,7480625110.482866,0.6183199523510262,0.25588249900929716,0.7197198875315454
2024-03-07,66925.3447650293,1.1115814355024958,2.930662105000339,1.048779638743928,3599996035.235717,0.620158674309526,0.2561236077560648,0.7232308112116171
2024-03-08,68262.5075462931,1.0983735109231523,2.574334013038305,1.0552299366791102,3190547993.155754,0.625270147360101,0.2620454680474201,0.7288393386743499
2024-03-09,68435.1183358685,1.0583831368930288,2.4614273059050156,1.0340242936160955,988861691.984777,0.6254198228344051,0.2608329142324595,0.7295520709240964
2024-03-10,69016.3877801603,1.058669281533102,3.0420903257065555,1.0182578531985937,1099217851.702822,0.6276886015790712,0.263440338644111,0.7317167093853225
2024-03-11,72100.0849124086,1.1219805909635676,2.3393478565461288,1.088694509018528,4620671208.095013,0.6404505643265994,0.2822363002453688,0.7435237952567588
2024-03-12,71471.7234785544,1.0765271498258269,2.346609464391622,1.0493050620167919,2556637047.396555,0.6353347965251537,0.2686883526896188,0.7414440677991361
2024-03-13,73094.9843905541,1.2124311804642802,2.6799137810846174,1.196089853576143,9157333563.872145,0.6368750532093339,0.2577777786459483,0.7472768207829704
2024-03-14,71392.5011502951,1.0587630939792547,3.5046032640154996,1.0149304940986632,2053127275.529642,0.6265619342195681,0.23615732741676115,0.7412409307371122
2024-03-15,69503.9233744188,1.0339166483628899,2.366302546462686,1.0094820471233064,1140987129.1986408,0.615703601100837,0.21278948648241033,0.7343719173873985
2024-03-16,65267.4862663572,1.007812822342464,2.42964485618604,0.9897184742908457,93368959.74506897,0.5904015219848109,0.1616251412502841,0.7171555359944097
2024-03-17,68380.1432293656,1.0822827126605445,5.658591412333453,1.0124579885899425,1625929801.584733,0.6080515978915345,0.19748155332768635,0.7298479381940391
2024-03-18,67611.4372162205,1.0258312972194008,1.9300125045286298,1.0081360296806743,764091781.7719849,0.6028287200831924,0.18642685766035166,0.7269967767291927
2024-03-19,61942.3358324217,0.9760409470140256,1.7275128128141295,0.9639871617166158,-791482273.156694,0.5665835028754755,0.11492573548489587,0.7021795170929903
2024-03-20,67872.5371344735,1.0520996934345765,1.867017907548869,1.0351746231590435,1646997373.425991,0.6041685215941784,0.1874110748219534,0.7284377230000689
2024-03-21,65515.5382942972,1.0251471446445417,1.791464052650097,1.0000724290260303,748231381.847305,0.5887618402055271,0.1564164655465496,0.7190507183606217
2024-03-22,63828.4486559229,1.0473215124619648,5.463380101628484,0.9953501724423615,1150200661.0845542,0.5768550165380771,0.12791827422869245,0.7107705156752712
2024-03-23,64019.7572689704,1.3571031931337871,5.6943656283792565,1.0066242252497366,5389867462.160648,0.573863231709736,0.12640709463193917,0.7107539291003345
2024-03-24,67218.5861872259,1.048459183440153,3.6582042834237827,1.020966501154327,655393076.741481,0.5937625580426364,0.16638011764466606,0.7244669580164467
2024-03-25,69893.0238503033,1.1738361683132625,2.3211991077716907,1.0459274820823727,5768882890.090202,0.6054042225134285,0.189138322096806,0.7361881480547793
2024-03-26,69999.1592055405,1.0148389164226208,2.4300786339570286,1.0005336318155178,650694465.4369941,0.60515750525944,0.1885002005113337,0.7365118604376019
2024-03-27,69440.7040922377,1.0262467672638507,2.215880232726925,1.0112491495724716,788424322.144503,0.6013422009362257,0.1792390114860253,0.7342760199336372
2024-03-28,70786.6087419666,1.0781509820836102,4.634169315102931,1.0266043911796,2326312312.722258,0.6072661724638229,0.19060688729170816,0.7390763509051967
2024-03-29,69903.9175406613,1.0229848108991906,2.5075951196798028,1.0088211087026737,587739210.395925,0.6018662756672161,0.17842138442764802,0.735657561834764
2024-03-30,69628.3005722577,1.0205240086439278,2.0195322308399475,1.0094878986227862,341174402.76243204,0.5999685249903053,0.17354601852679502,0.7344987390462664
2024-03-31,71321.7045409231,1.0309782864589798,2.0885883928302076,1.0150258665716634,512000087.48688,0.6091555946631575,0.1917338111158524,0.7408261811887327
2024-04-01,69691.309237929,1.0852447898769342,2.654671149818144,1.0016821543532848,3087100444.343471,0.597911966226667,0.169675590396955,0.735185380475592
2024-04-02,65482.0758397414,1.049510922182683,2.6556693878155055,0.9861544419058477,1462076151.712064,0.5707584209043758,0.11563288935569352,0.7182654516764195
2024-04-03,65994.204593157,1.0278494691516114,2.33700050270325,1.0049044443270208,763764206.013914,0.573506344551929,0.1209899728832059,0.7204712166208481
2024-04-04,68525.8629517595,1.0249439024989677,2.2300667839748054,1.013238014418213,732718366.724283,0.5888703407057407,0.15091150589733424,0.7306439501098464
2024-04-05,67854.222053946,1.0113503754455535,2.2553509710911324,1.0026370312683979,302315261.779254,0.584530348402304,0.14139552238279382,0.7278877477171484
2024-04-06,68912.5124964358,1.0398752377079548,3.00608422475001,1.0245799781831915,670977674.240489,0.5904899063533791,0.15260299125572113,0.7319704063764138
2024-04-07,69363.8330262167,1.0199070761590587,3.0053037347487566,1.0059214086497272,324030691.082048,0.5928391365844972,0.1572537127155525,0.7336469211120856
2024-04-08,71636.4603681044,1.0435836482111362,2.1865646589614935,1.031421145809164,1211743391.339779,0.6048430828869584,0.1807474686739149,0.74212762237168
2024-04-09,69138.8510101944,1.0162619232745058,1.7139083086887612,1.0042391729359414,420705143.670511,0.5900288790999255,0.15004873031478774,0.7329490355968228
2024-04-10,70649.4714377113,1.0277581373879656,2.084833889153286,1.0156091007131485,699427177.738096,0.5985109005287352,0.16619295673458817,0.7386467460513225
2024-04-11,70046.6207280579,1.0188944070744543,2.231019762361395,1.0053034719119476,431026344.58659697,0.5945790867783738,0.15793425771665476,0.7363902199980983
2024-04-12,67175.1628129427,1.0069483963308345,2.81631518253273,0.9945763112680135,182788145.95722693,0.5767448421735599,0.12132092788496664,0.7249320527669807
2024-04-13,63987.1612972281,0.9874930305503883,2.4063208331075914,0.9757848155761804,-239110829.178356,0.5556750860889613,0.07806655441384294,0.7110443796043042
2024-04-14,65758.0929799621,1.019542674552962,2.4047658353934875,1.0034361387174024,378151474.830535,0.5676797253442518,0.1020773074523046,0.7187873943419417
2024-04-15,63458.0411047539,1.0003973490303029,1.7536050658106825,0.9882624855056273,-7960853.045283079,0.5517369672463475,0.0699990865813325,0.7087014476308002
2024-04-16,63834.4427488161,1.0310577098755966,2.9513292922994956,0.9989238367754152,665085206.77273,0.5540315045936566,0.07478556843285027,0.7103412364268988
2024-04-17,61289.7515765013,0.9894953117518237,2.390598043903544,0.9767448133742552,-235767844.74255306,0.5355339651749712,0.037508069384802334,0.6982543356059117
2024-04-18,63506.721063307,1.0323028516891335,2.035685793131797,0.9964451818264193,796922703.387211,0.5513076678750974,0.07000552509756884,0.70887318916104
2024-04-19,63850.7575570495,1.0286032886708325,2.5024315754705206,1.003369951044081,709688405.503757,0.5531496128349211,0.07350314509418643,0.7103124177740029
2024-04-20,64974.0940311797,1.014900357825476,2.116252847623108,1.0074055953761942,159866527.544902,0.5607712935968677,0.08851913288888692,0.71516381973531
2024-04-21,64961.3248959078,1.0117826576030755,2.0937531920851806,1.0053055810941398,176258670.558488,0.5604908437396611,0.08777162244925257,0.715076281469654
2024-04-22,66852.6852209244,1.0302859157638713,2.732654482135774,1.0159265576565424,660681423.254894,0.5724816017513124,0.11195932281019139,0.7230731554189614
2024-04-23,66425.0606584486,1.014632643598472,2.2628295390493007,1.0013608546607538,327609713.255464,0.569446716690138,0.10496003815683437,0.7210908008761661
2024-04-24,64268.6760141898,1.1000849378924613,2.21332308693999,0.9996667482733086,2417545503.046975,0.5527784257396853,0.07307608662857352,0.7122888595695135
2024-04-25,64501.9230946703,1.0135551926518864,2.143263687835802,0.9990366531947039,279404858.366184,0.5542648761880448,0.07506623863081285,0.7130690372931023
2024-04-26,63781.3608769704,1.001778012404684,1.9284564323530515,0.9925161084779826,45403385.593632996,0.5491138566666324,0.06379031477107931,0.7095740458449767
2024-04-27,63439.213245318,1.0197554830467723,3.2240296323607422,1.000240661669104,290141719.606688,0.5464713827151859,0.05815696495066589,0.7078708929075861
2024-04-28,63130.0914984904,1.033568024349721,2.9990225368890986,0.9988165221378693,493777760.58133197,0.5437875381024879,0.053198137294640506,0.70639452137586
2024-04-29,63860.582725379,1.0200737446654848,2.284730876957695,1.0035684864397552,457040774.44759804,0.5487890821688284,0.06322723390217713,0.7097450846994289
2024-04-30,60654.2423132281,1.0030441457579247,1.8198541002419912,0.9875580442670293,65677930.23664296,0.5246878680331326,0.01386688973904342,0.6944032321057034
2024-05-01,58340.8647027734,0.9768468982432515,1.8247538895090014,0.9651544092275451,-572551253.2627779,0.5064120193306071,-0.022767804473359222,0.6822978145005297
2024-05-02,59125.370597207,0.9974841087431262,1.736318740176887,0.9885224370581702,-56471106.775647044,0.513099478654965,-0.008984881946035108,0.6864508331576408
2024-05-03,62977.0583829764,1.027457885875427,1.9359916888165778,1.016996692892065,611689200.901165,0.5426839470059966,0.04992491275177935,0.7053040958639505
2024-05-04,63908.7829565062,1.0172443864081302,2.1044452736742136,1.0080769763171595,257349830.83449897,0.5490838718843926,0.06262275351023243,0.7094251196640966
2024-05-05,64085.5447834871,1.0071589817339515,2.4872478559123907,1.0021657029607423,121256802.842662,0.5501759534522104,0.06470922016981012,0.7101249663592359
2024-05-06,63211.4990057562,1.0172902098216627,3.164504951756103,1.0036787779394722,363296641.687662,0.5435197786080747,0.05105040919478852,0.7059801803101117
2024-05-07,62349.9854720994,1.0012637615843611,2.2469833374775208,0.9931796176550413,26957668.81469199,0.5369811266442244,0.03744177254942316,0.7015556587687293
2024-05-08,61216.3031950455,1.0150561023338651,2.1723653639961853,1.0063008930075306,312187985.68073905,0.5280369412527572,0.018548763721189392,0.6957597782300031
2024-05-09,63104.1481486252,1.0212946110065844,2.0595786781281338,1.0131326268507963,415894490.556733,0.5420277260149654,0.045602777476641904,0.7041978756129255
2024-05-10,60826.0870121601,0.9939371645314187,2.293765849092097,0.9864966750636872,-122481351.67475203,0.5247929142130748,0.00989718172610678,0.6927524006884773
2024-05-11,60843.8262660571,1.014753718963811,2.217045725812084,0.9998843141557012,178659037.83117202,0.5248058233248041,0.009500173272468517,0.6925400388496593
2024-05-12,61508.2565716394,1.0193903281457966,2.6984339601863674,1.002147130138749,253090866.090598,0.5297350181176225,0.0197116046995545,0.6957069136206023
2024-05-13,62953.4331861161,1.022333825219247,1.9791184861751734,1.0095128141692356,450799928.78237903,0.5402159569028544,0.04109271499786911,0.7025964942269565
2024-05-14,61586.5757521245,1.0118373448574527,2.3654444484949098,0.9973913128588927,233648850.495427,0.5297377963294004,0.0186709601077407,0.695561775094255
2024-05-15,66266.5724746397,1.0900181699257214,3.847362247431866,1.0285607352024029,2126755540.4824338,0.561730581484192,0.08251337272262202,0.715929864228241
2024-05-16,65279.0349400071,1.0223101165977126,2.153298235380594,1.0128931481424706,531186973.07432204,0.55446398350371,0.06704790859673922,0.7114762470476258
2024-05-17,67073.7398627384,1.0317834321459383,2.6844609937925035,1.0164976160527612,795505126.440996,0.5658832394088895,0.09010934167590509,0.7190586180439249
2024-05-18,66939.1887713577,1.0139068293255409,2.1005815766801086,1.0034608693482205,204112784.815485,0.5648216689128431,0.08735680385232618,0.7182830448631154
2024-05-19,66311.4564580935,1.0132099215979664,2.521230706528382,1.0020307975301679,238874730.768485,0.5604159394131856,0.07821056507406893,0.7155307948646691
2024-05-20,71424.8899121258,1.0656795129442511,2.7798626028282665,1.0423242478317662,1450630753.241096,0.5912792710808912,0.14094641270694752,0.7358867093360766
2024-05-21,70153.509713142,1.0347188787255372,2.320904701763527,1.018061448905423,1156068515.707755,0.5826787110429529,0.12243281532565992,0.7309114788812391
2024-05-22,69149.4018051058,1.0228410895906082,2.876230680434744,1.0070407888962674,677437173.1105039,0.575997656528036,0.10837740212860564,0.7268777775803474
2024-05-23,67972.416456223,1.0259113472260868,2.3293315682061313,1.0020377255237018,586502376.579965,0.5681255019219292,0.09175616942090307,0.7219412402062747
2024-05-24,68560.207760764,1.0236349294720968,2.6924887690066033,1.0084752175440552,542134531.383826,0.5715223003971405,0.09815676478136821,0.7240911574246198
2024-05-25,69297.0465378444,1.0191359269935203,2.3129284243388812,1.009153490860652,248333765.341419,0.5758755096011269,0.10630579585050652,0.7266018644870618
2024-05-26,68515.1855775806,1.0230865829695495,3.0287360360189783,0.9980912889447636,344718362.88970304,0.5707148469901683,0.09559430878673886,0.723321082323639
2024-05-27,69411.1538411746,1.0438139548796848,2.6295471803385513,1.0125311770408452,770766790.170901,0.5757098626146288,0.10555632784603994,0.726667159813937
2024-05-28,68348.0297863216,1.306979837960393,29.667132375635262,1.005528997489284,10001175021.628403,0.5616924441687369,0.0881567823219254,0.7198538727471565
2024-05-29,67587.7412471339,1.0124637907862841,2.0814182475146414,0.9996173492656666,263344829.300723,0.556510419594117,0.07683119803622325,0.7164209932697995
2024-05-30,68357.9424908315,1.0133170077308988,2.2909366032675407,1.0044731118175148,361393013.09035695,0.5612126209284588,0.08580364351480227,0.7192704102734827
2024-05-31,67500.3215558657,1.0093644660166743,2.181513903898255,0.9987154863420779,263238080.407565,0.5553446012629775,0.07321681961840196,0.7154241481042135
2024-06-01,67739.1217231224,1.0141561541293909,2.1306588620043794,1.0029070432031555,196879392.052416,0.5567682390980769,0.07510511299975674,0.7160407129483912
2024-06-02,67770.3206057021,1.0165364600653481,2.49994813849776,1.0014510947458397,229983397.085903,0.5567820838159091,0.07440995608535236,0.7158489778727752
2024-06-03,68814.2794761351,1.0344808638132306,2.1600860857069466,1.010836373557262,1046207472.593858,0.5626673460258129,0.08614002457445717,0.720027011738435
2024-06-04,70547.6180578658,1.0361589715334858,2.303475277266478,1.0229367794111894,971602031.616057,0.572828576128277,0.10635447709572629,0.726882316080525
2024-06-05,71119.2895092299,1.0295504321069917,2.778188715107145,1.0147233299767249,919995554.292293,0.5755428145250181,0.11131427760500065,0.7288167744209961
2024-06-06,70796.7064989258,1.0631734018827437,2.6206346213357445,1.017106849423061,1599387922.031246,0.5724100459137142,0.10446080361197954,0.7273885154489097
2024-06-07,69368.1978748998,1.0254385266157817,2.119311823448102,1.0007345898585367,573030734.210096,0.5630215030257083,0.08456113157619467,0.7214782118912313
2024-06-08,69317.6853712228,1.01707102098112,3.094451354033373,1.0022364770218146,264788083.40438902,0.5625268348748461,0.08316228804133292,0.7210555433804597
2024-06-09,69668.1708049745,1.0204354505106044,2.4440600076494827,1.0036312384094468,232319526.81619102,0.5645588215990254,0.08667692555962477,0.7221282741269028
2024-06-10,69528.7433588597,1.0168029736012452,2.411282961527455,1.0053896510191778,380670630.977813,0.5634254867488834,0.08396005700319543,0.7214517793016877
2024-06-11,67344.6743669418,1.0560514418678943,3.6840561708596895,0.9912231443508743,1241316289.86364,0.548319165417942,0.0539320856106756,0.7120456775195391
2024-06-12,68276.0867483275,1.024899724335178,1.9751890632933986,1.0041166785405062,534280468.52161497,0.5540503620074545,0.06544519840714007,0.715691316469957
2024-06-13,66779.8616897095,1.0053622185162114,2.4010167014863804,0.9962029195874729,98603368.91051,0.5439239280137178,0.04387054976231919,0.7089286725342937
2024-06-14,66045.463186465,1.0064104581234166,2.065216052852627,0.9938146905896004,156495467.62874103,0.5386993724639086,0.032642328931047765,0.7052945993421569
2024-06-15,66218.0715951293,1.017948503568736,2.4592691192752443,0.9958682453520715,277002292.832613,0.539691405689781,0.03462383843265223,0.70588325677801
2024-06-16,66678.4977366228,1.0089626636792486,2.406084664773886,1.0010112653278005,132090232.79558401,0.5427722278023402,0.04080395341709524,0.707790572352705
2024-06-17,66504.2248076087,1.0120665441806376,2.55706573662125,0.9993117467108926,305021632.72553897,0.5414042400645123,0.03787940039724556,0.7069431867466829
2024-06-18,65172.1218419755,0.9996324481388729,2.221024770798516,0.9884286688986651,-18611940.802765965,0.5320297214893382,0.01812320575127754,0.7006885469020242
2024-06-19,64985.6256598936,1.0135607686447226,2.148216752078816,1.0048823298280591,268790259.785362,0.5304512794323595,0.01175936422920608,0.6986874130830356
2024-06-20,64865.1176586803,1.0032327536558379,1.9461792079842843,0.9943392707971486,65886117.813439995,0.5294550695158932,0.009239452087719272,0.6978436861375651
2024-06-21,64139.7014916789,1.018391133112745,2.771276870627266,0.9913663746712998,404066799.015347,0.5238277451968877,-0.006497832614799352,0.6929104320425421
2024-06-22,64263.329978367,1.148904293191841,2.359528442134893,0.9980107051977312,1730132384.6875532,0.5233792300470764,-0.00507145582559765,0.6936804439386098
2024-06-23,63207.2675861901,0.9984270940247635,2.0924529721068645,0.988991147824684,-21003362.296230987,0.5153788194585038,-0.02173929511145881,0.6884971730006914
2024-06-24,60304.6179379191,0.9800090744341623,2.0028336979547445,0.9616131790866743,-545161378.412467,0.4922984179198403,-0.06743330823468052,0.6736100935045705
2024-06-25,61817.579174479,1.005007878962376,1.9145073817445262,0.9964141107730764,114021810.63372803,0.5048313814309762,-0.042025427313914766,0.6814180214916837
2024-06-26,60837.1496747581,0.996180946910145,1.9076314845318276,0.9810409325332564,-90537872.84166902,0.4967864940619616,-0.05978110536063983,0.675758977607321
2024-06-27,61640.2509092307,1.0443218891289916,2.4087513122926953,0.9952882967078367,1196703822.542837,0.5024985764155631,-0.04701608621808031,0.6797270999258108
2024-06-28,60349.6743223856,0.9981144172936931,1.9577381537420142,0.9836495781089571,-48376800.38443297,0.49173045691912126,-0.06879856428311543,0.672773113828142
2024-06-29,60898.9464463168,1.0064737545372107,1.634360292222528,0.9992636550211519,85118691.977278,0.4962690834159509,-0.05971573574303621,0.6755987012449401
2024-06-30,62700.4187730068,1.017301503582697,1.8131909799679633,1.0074285403288772,213104476.195701,0.5106448512249774,-0.029987390660451845,0.6848469119235455
2024-07-01,62862.4157535144,1.0193329124348312,1.7797835542836973,1.0051244304202271,440051977.49812996,0.5114877100306101,-0.027963959624528203,0.6857512739017576
2024-07-02,62062.0374738766,0.9969224784106959,2.3514732204543605,0.9892488548190708,-68025728.78061503,0.5051582080568323,-0.04110413099958223,0.6814789322970448
2024-07-03,60178.5516953527,1.0288270916550257,4.235169067064596,0.9861050376531383,482689067.633792,0.4892374271013159,-0.07348910076336161,0.6710966659649846
2024-07-04,57082.1714483441,0.9961640405733254,1.388686688752711,0.9584962954800865,-100426831.41664791,0.4613671825355318,-0.12865690197406965,0.6539831054276939
2024-07-05,56679.8544296276,1.0079278191916015,1.8855201965854214,0.9670245042856943,265313437.334069,0.4576379322869495,-0.13189330577881672,0.6519846598319929
2024-07-06,58273.2470990144,1.0082210293867726,2.3031425426200736,1.0023479151195986,133883602.582362,0.4724329253382595,-0.10176862655671505,0.6612383168479062
2024-07-07,55919.042762323,0.9946492093895585,1.6382346969842283,0.9778931830938135,-67006965.159069,0.45011879224903995,-0.14716997590043374,0.6470456324889341
2024-07-08,56753.6550691591,0.9826516001298663,1.7224798500006437,0.9786709248858607,-435990381.68738306,0.4586792976225025,-0.12868623068324186,0.6521467685923878
2024-07-09,58082.1222579519,1.0223340869277935,2.1775620163881455,0.9963041019646538,447757742.42606795,0.47070196196335284,-0.10319306498767787,0.6599179614636806
2024-07-10,57769.5796323842,1.010481964737305,2.8907651752202965,0.9935262125470947,229762788.785827,0.4675638787578533,-0.11078601028051271,0.6572144437260342
2024-07-11,57378.7299407792,0.9971041558961986,2.1444353136022207,0.9908172494462313,-58213888.678472996,0.46394952782101145,-0.1187021799497256,0.6544615879357547
2024-07-12,57934.1171872244,1.0097097796673438,2.0791745210758594,0.9959974906871706,189066176.680024,0.468974684327721,-0.10860781681355833,0.6573672928190002
2024-07-13,59240.4123587616,1.0179878198670413,2.125203355016622,1.0073553845073893,238630811.030049,0.4805138198631509,-0.0851024776820033,0.6646034024936801
2024-07-14,60855.1888078746,1.0210683090609796,2.967052286928855,1.0119129059520573,299996798.940133,0.4940471869263147,-0.05728010483188605,0.6732707992612924
2024-07-15,64787.3135119136,1.0476265989314277,1.9836617172156963,1.0322136855879385,1305867879.254956,0.5239160920811277,0.0037051626492005897,0.6930449725108134
2024-07-16,65089.4136708217,1.0289672223264936,2.07833831888528,1.0241366458058712,995929280.260057,0.5255195945216234,0.005057204190204944,0.6940865336304904
2024-07-17,64112.3777712272,1.0165678956054995,2.2929505423433105,0.9981595838665384,376425467.787524,0.5177394420867423,-0.010453917892680886,0.6891745996208656
2024-07-18,64000.1775047057,1.03048239338855,1.790706256188321,1.0015667994043844,542099697.387434,0.5164212270620194,-0.013588951239502699,0.6878658621137236
2024-07-19,66697.4997660912,1.0699350728225134,2.3769752444849614,1.0283921762287684,1642113871.185989,0.5349935363488262,0.024204239041875228,0.699863846917733
2024-07-20,67165.1166584443,1.019818447814825,2.3205746807893255,1.0096563851914142,316803111.59058297,0.5378914345683602,0.029914324323399525,0.701520194747111
2024-07-21,68175.5557654758,1.0206521368876054,2.2276427944379376,1.0128409618938916,346838814.512558,0.5445001837734149,0.043309541742150674,0.7057557028356701
2024-07-22,67569.2155271443,1.0204476517203063,2.200070344211815,1.0087922729644283,565010206.735721,0.5398640334811199,0.033610859005186025,0.7029579356010577
2024-07-23,65956.0495792104,1.0560074678801468,3.570608030628357,0.9962634254303748,1716225525.808094,0.5270707148959158,0.0097725325978775,0.6952595422522783
2024-07-24,65395.1394213702,1.0050351176338579,1.981036521375926,0.9972046139906133,134674414.24186498,0.5227812635312629,0.0007685084054649385,0.6921289033383315
2024-07-25,65807.8896350477,1.017290534497625,2.179989598715025,1.0085437515297866,503078205.22543406,0.5257711278430623,0.005840973988983295,0.6938173896512706
2024-07-26,67928.3621394834,1.0332790259468827,2.01578811814254,1.0248627563803714,846674919.705157,0.5399425211593204,0.033895375651445174,0.7027310931104751
2024-07-27,67913.3537338176,1.0258415506964833,2.6272915713309253,1.0100145808675396,464990023.897278,0.5394192948071834,0.03257901049915742,0.7023628054178305
2024-07-28,68270.6512974088,1.0195369809135892,2.6165005024927552,1.0059592403556252,221274673.931963,0.5416915180668755,0.037176755564242055,0.703776912982701
2024-07-29,66805.8575119178,1.013095661694878,1.9361731706418317,1.0034498988475502,453303446.32702804,0.5308058147187449,0.015388835046907232,0.6972254982822186
2024-07-30,66200.9292850163,1.0106267357085108,1.3107740890620148,0.9923219292459821,331035726.910448,0.5263372637508573,0.006684141937772232,0.6951885053890446
2024-07-31,64648.6641585843,0.9977179998837776,1.829319482569306,0.9905522226956406,-93058614.58085698,0.5148417517655307,-0.01772185081343309,0.6861297110451486
2024-08-01,65346.6380044086,1.0255104758108173,1.991743207762589,0.999127164147445,679844609.108848,0.5198789354375666,-0.008383374987934072,0.6832456621776992
2024-08-02,61468.2017999318,0.9773925047826078,1.6300195698941164,0.9675565218150168,-505265216.22461194,0.48953044903622844,-0.07008359920990721,0.6615776739702337
2024-08-03,60690.6544417564,1.002059173677695,2.6633050666716755,0.9844075848839209,22762904.477059007,0.4829723895212916,-0.08350895432110515,0.655394188407194
2024-08-04,58173.9285124362,0.98768530899915,2.212703097008374,0.9731141614538651,-190284917.08571598,0.4606866146249072,-0.12877916197139833,0.6401227272192128
2024-08-05,54026.1136729947,0.9519524911516531,1.8713204566567458,0.9168216359826538,-1560817242.890545,0.4210644876093841,-0.2033364743988838,0.6124177919451793
2024-08-06,56097.6715658095,0.9858469527823546,1.5712143772676386,0.9819116816925191,-366686999.4843771,0.44280521080579616,-0.1564581412205407,0.6247760498346755
2024-08-07,55150.7402778118,0.9973192164304652,2.1996143306985023,0.9796464258012746,-76228487.21962702,0.4330476516899612,-0.17394571063748793,0.6143040986784737
2024-08-08,61734.0755808046,1.0488347948069052,1.7562945469616604,1.0356303598845855,1059722362.7782441,0.4931930381153448,-0.05082444926313542,0.6499650072233519
2024-08-09,60895.2172773163,1.0182265734517286,1.7543755475546459,1.009584941929773,463495295.8839179,0.48569321484184935,-0.06562883603882776,0.6425214152555633
2024-08-10,60949.5897373938,1.046790010516866,2.592395788231081,1.0027303748694054,808188318.0060619,0.48549758553670963,-0.0641064493553124,0.6411261235023483
2024-08-11,58764.1410744337,0.9862932098923252,1.9122447839295622,0.9812352968686111,-177958773.19965,0.4663364916369558,-0.10254200208627005,0.6272816581755669
2024-08-12,59387.4824770097,1.0070785579991315,1.4235906359852393,0.999067761163082,146203580.769531,0.47186784633083373,-0.09044282933777191,0.6305727873126586
2024-08-13,60626.6808094847,1.0001973465955414,1.4442131785966554,0.9915508756576692,10284708.538363993,0.48284478827315014,-0.06476154045434675,0.6338396606312798
2024-08-14,58736.675323023,0.9845947945269442,1.3315523996502656,0.9802437731428726,-382343333.786532,0.4661899361398965,-0.09602804947106669,0.6204437148103027
2024-08-15,57581.1147073559,0.9927602510374256,1.6121547159687881,0.9842852183958991,-154296622.581202,0.4555688347631877,-0.11322164359858437,0.6078011640661235
2024-08-16,58925.9483617605,1.0016381930723433,1.5682421394401438,0.9961875962273306,43946288.09187397,0.4680448326412662,-0.08538101213857174,0.6133995427592743
2024-08-17,59506.5485313704,1.0033456344948595,1.654838658578971,0.9979356441621886,37078207.071923,0.4732072021256745,-0.07411039151387427,0.6159719994858572
2024-08-18,58477.5872240491,0.9998306863018066,1.794376703147701,0.9924718515207795,-4653879.055475995,0.46384132793469723,-0.09249813336681996,0.6087487181654659
2024-08-19,59495.430280844,1.0073561117686327,1.3575549603833312,1.000958108728262,158880477.21048903,0.4730737479568142,-0.07345795081996519,0.614925593917816
2024-08-20,59054.364247926,0.99353949059319,1.5324165282649325,0.9867656100735813,-145428738.889922,0.4690577900376283,-0.07959233832051278,0.6105696506451224
2024-08-21,61182.7478767991,1.0168604612721677,1.4977867537827039,1.0070923862715633,373454520.025539,0.48742622340967195,-0.04270144538316345,0.6234352898566585
2024-08-22,60398.5203571878,1.0071166889301906,1.584997185278397,0.9986968936570614,158479038.61640996,0.4805092891025023,-0.055679193548763294,0.6177819383078201
2024-08-23,64098.16853561,1.0426229327120962,1.7007238387205124,1.027452221414946,970281686.7800629,0.5100359442825737,0.0030290108218768985,0.6390637884271669
2024-08-24,64183.5467177311,1.0240166811899898,1.7726616097128427,1.0185684687137873,422959270.200568,0.510235145421574,0.003089009512542542,0.6385812190775733
2024-08-25,64281.6083627199,1.0096594972065023,1.8156926796893806,1.0042146932537803,122791131.150867,0.510868322345493,0.004407372155670955,0.6351023761315311
2024-08-26,62867.4977396317,1.0108056479896197,1.5146547252534246,0.9992112607725843,163957896.278626,0.4995907311583682,-0.017613949975631465,0.6263143728529498
2024-08-27,59475.8256180269,0.9701808698970067,0.9525284415280296,0.9734567015245282,-1026841626.3320031,0.4710787492316375,-0.06841376155229649,0.6041384603686135
2024-08-28,59059.5230319153,0.9883533235173422,1.7688333463351096,0.979298825240369,-263772097.35597402,0.46768919985655366,-0.07301212196484178,0.6000695258369066
2024-08-29,59400.9382855776,1.0424122124267676,3.1866278613731467,0.9953517502611425,919308641.605072,0.4700121745898338,-0.06562113084673286,0.6015438593543786
2024-08-30,59159.7665120597,1.0014232060196304,1.5049599867862826,0.9947932375001766,28842142.22502999,0.4678506353554654,-0.06854294820600101,0.5987533481025298
2024-08-31,59021.2775734004,1.0107446217584564,2.4177314177236044,0.99792262268193,139552258.176246,0.46647122531059376,-0.07057470677356041,0.5973733592864533
2024-09-01,57364.5225263985,0.9889597450677746,1.7875093946525737,0.9844550780484203,-149665209.751189,0.451166111646312,-0.10018865997822886,0.5852534182769272
2024-09-02,59176.6410150989,1.003961741698564,1.442938123254862,0.998885891861865,89518192.580978,0.468057404623495,-0.06611950561367966,0.5976937818433186
2024-09-03,57514.8332937915,0.9881402708348184,1.3108949412567574,0.9827625099522936,-330992399.714372,0.45278488322381844,-0.08723582197125242,0.5749447234746838
2024-09-04,58007.4263662738,1.0067186291285715,1.7726476321621485,0.9964922052113367,132583040.04881403,0.45744983299954195,-0.07731332610759506,0.5779908924862632
2024-09-05,56210.1822588753,0.9852432855353563,1.400438188467986,0.9795014119507427,-282576356.147454,0.4402784227968846,-0.10943799625776911,0.5639721544199386
2024-09-06,53997.9612298954,0.9780796702093725,1.648989851370412,0.9630360318645694,-480079808.0636659,0.4175588551998935,-0.14951028510238631,0.545058705357206
2024-09-07,54199.5776881075,0.9973667644963463,1.420164400936557,0.9937551389105931,-32339748.13058801,0.41984617620730474,-0.14438108018498916,0.546230354200777
2024-09-08,54912.7147012096,0.9968282588107864,1.4478094617976636,0.9939300466804217,-38198956.492743,0.4274347799747727,-0.12877748746559603,0.551749114136261
2024-09-09,57071.061234207,1.0259603969373934,2.090504948110438,1.0055718592115137,567932002.943568,0.448770098930859,-0.08618950086533896,0.5684969645309566
2024-09-10,57649.0872421084,0.9994660386806624,1.3617875129598487,0.9947141601580699,-10703736.142132998,0.45435280271716516,-0.0738170459070541,0.5722427268200038
2024-09-11,57359.743214705,0.998374537010821,1.2975984202883826,0.9944143333642412,-47885482.43126401,0.4516462109497142,-0.07783226134013872,0.5696148445505732
2024-09-12,58150.2333545969,1.007348609533798,1.2683901934543707,1.0038100342830503,201905375.027869,0.4588822508528014,-0.0630778783690928,0.5750889323293362
2024-09-13,60547.3134309392,1.0364237280335014,1.8694014036281925,1.0175540726009964,1066943615.842139,0.4797066501319537,-0.022843205773918886,0.591660821446682
2024-09-14,60023.7641163497,1.0055090878729758,1.5110883447542143,1.0003310068136277,88129927.431084,0.47501777968944514,-0.03144555694031277,0.5876520960594303
2024-09-15,59185.5008586862,1.001171646829034,1.8748416369509806,0.9954025153987184,19216303.95782399,0.4674774470503632,-0.04554892836194479,0.5814723775144909
2024-09-16,58240.8179108719,1.004153261783112,1.4684352776906502,0.9943229343336457,103907070.38460198,0.45875783126724334,-0.0613753548408527,0.5745756521153722
2024-09-17,60340.3109004562,1.0193767134895666,1.4478295291127485,1.0115390167831422,469566585.476728,0.47723730431078376,-0.025547739615287668,0.5891245769200607
2024-09-18,61772.7930641354,1.0274846585818955,1.535311427254892,1.0167158564177408,666942458.234982,0.48901678096044243,-0.003442158083254132,0.5983586606770303
2024-09-19,62965.2492660169,1.0265529213344826,1.5801074198390608,1.0195678198767961,707825165.748612,0.49798448149978136,0.013243714456345293,0.6057849307459712
2024-09-20,63217.8781104345,1.0309472766457162,1.651091609050334,1.012787600783718,897243137.439979,0.4991809387588608,0.01568881351835329,0.606506516296787
2024-09-21,63378.6476170908,1.0212221182779067,1.623796457319183,1.0105664682189075,310617129.46441597,0.500215606723311,0.017614940545966608,0.6069072192811866
2024-09-22,63595.0863082289,1.0130921083049729,1.5858586840252906,1.0038259328784833,167320104.59123698,0.5017892575183251,0.02075509614928964,0.608177242511648
2024-09-23,63350.9446695885,1.0299766113360704,1.3596193135827495,1.006049879906102,719111385.0189159,0.4992113853400271,0.016280302623468825,0.6072513317714725
2024-09-24,64302.5893644631,1.0226509112029036,1.6122364893396077,1.014888408734455,528445067.40745497,0.5062976557898111,0.02949583811632509,0.6127751778568232
2024-09-25,63148.1998026906,1.0261889397384094,1.5252867517143334,1.0056279948321054,652790027.99308,0.4965986786744815,0.011288325241613922,0.6057077902806799
2024-09-26,65194.0901136626,1.036560188183972,1.751408104076511,1.0183946141895943,831916599.549389,0.5118261343435533,0.04051396341879159,0.6177917141483653
2024-09-27,65801.1414214786,1.0255579421241345,1.3685117274724115,1.018467837094223,622872682.468032,0.5158045855996315,0.04747138871475841,0.6211729068598904
2024-09-28,65887.2135773289,1.0295928370956333,1.8207579810211936,1.022128157280599,438225412.232314,0.5160319651190785,0.04734861927520081,0.6214269600166749
2024-09-29,65626.5046907249,1.0113959038162577,1.9858263499614752,1.0023617472982715,150488042.074997,0.5139731799446885,0.043402916744501044,0.6197528029627509
2024-09-30,63332.7776140374,0.9989615625328441,1.4377557474935851,0.9917678529391144,-49478835.085208,0.4962868793041952,0.009796645696201329,0.6059842268078725
2024-10-01,60826.6276746958,0.9877255023360102,1.6423035742300487,0.9821064388198736,-302590625.34819597,0.47552543379761236,-0.02893684989440005,0.5893700026642994
2024-10-02,60662.2329218135,0.9960815535093833,1.1438862270001173,0.9931670473132557,-93535815.07602799,0.47425265375186604,-0.03102293551562105,0.5880983083460656
2024-10-03,60768.6760074744,0.9985937151537232,1.3591212596555062,0.9926215580741585,-32253842.917993993,0.4752798826553444,-0.028530907736638224,0.5887353047328853
2024-10-04,62097.1099705322,1.0173745081148866,1.8318646993624943,1.0046627458032447,424532414.117844,0.48619420852854317,-0.0074024250978142305,0.5967553154747025
2024-10-05,62073.0157519238,1.0075847059699277,2.069266653321886,1.0019556347123701,103830143.358791,0.4858868248728248,-0.00788608120898223,0.5962256875005592
2024-10-06,62828.358701696,1.0114215427881976,1.829987080457697,1.005303829336272,189054086.358051,0.49194786661873613,0.0038550665068802386,0.600958268080251
2024-10-07,62230.4625084833,1.0054253096877923,1.4214075893620473,1.0006415225247878,138791064.06365502,0.48673342500896205,-0.005747802719043913,0.5971184537382764
2024-10-08,62141.647102476,1.1362795447540461,1.7462738048733135,0.9991827306657005,5289857939.565234,0.4817025585426013,-0.0066822304491893185,0.598398811527388
2024-10-09,60602.0586200711,0.9988341280290135,1.1860075424473513,0.9883313948657362,-34123555.13052702,0.46836123118933787,-0.030783171296146217,0.5886344560291316
2024-10-10,60291.8230408993,0.9875901874540527,1.006307399772363,0.9867512878696729,-262231404.649834,0.46587574465602993,-0.03488889244083165,0.5863582663094737
2024-10-11,62515.8763316225,1.0820658316429468,1.6222673757469759,1.0143512059167374,1847240218.273823,0.4835309965609872,0.0007205059831284609,0.6017381703500817
2024-10-12,63221.9295438542,1.0448863564455086,2.0297475457679988,1.006126117873049,505392511.39323395,0.4888813368528977,0.011510676416669748,0.6059889271060448
2024-10-13,62871.9480057892,1.017900456375297,1.9892651274044397,1.0038951386285428,229167327.093086,0.4858760499736623,0.005757174108382906,0.6035996857023551
2024-10-14,66052.4764903993,1.038389957652053,1.4555251073244855,1.0265201939176143,895481406.725845,0.5100747414763388,0.051096027660584395,0.6228488371117933
2024-10-15,67050.4491516615,1.051616764086773,2.2200556517547274,1.0255327268777785,1677798273.079972,0.5161788430427439,0.06175863335189129,0.6282746563915846
2024-10-16,67608.9554372881,1.0318067971610332,1.7046148510213048,1.0219028826575818,838986204.870254,0.5194894900107925,0.06715566928008014,0.6311950638975854
2024-10-17,67395.2215125504,1.030405678276634,1.8172447788970594,1.0136957597400396,608289861.8070741,0.5174867960721186,0.06324920280181569,0.6293419114981603
2024-10-18,68421.8208316511,1.028839106291671,1.5858841360183904,1.0167117511303754,737727578.1190441,0.5241537885066958,0.07556729689015788,0.6347711631135062
2024-10-19,68370.4988843752,1.0345618128540908,1.7627114208552397,1.0113489596105223,431225712.190138,0.5234641479137204,0.07433957632090095,0.6341461431735087
2024-10-20,69020.5399560581,1.136950908036801,1.9275646796926493,1.0080678531727607,1521533771.3727808,0.5268448327680694,0.08191650418292072,0.6378355209056001
2024-10-21,67349.4984218654,1.0698248293789336,2.3206618509106796,1.0041724720552971,1614515291.181775,0.5137634971568663,0.058276254571208545,0.6287914440965843
2024-10-22,67395.6874685028,1.023800711173294,1.7955298815103593,1.0125404182623394,516199698.9637,0.5137477284082144,0.05816550068263477,0.628605793928612
2024-10-23,66595.1575370042,1.0152196953967816,2.0134570388611666,1.0013451363659123,272197140.46173203,0.507696144255516,0.047011828285096036,0.6236116517019719
2024-10-24,68164.8279907969,1.0261152370829951,1.8521584003927094,1.014661773182354,570048372.899532,0.5186757319969855,0.06789069877716702,0.6318918109294166
2024-10-25,66608.8588016777,1.012078731182848,1.8079559607115887,0.9985458404695602,251461515.032476,0.5070701495553676,0.0463869394518928,0.6227650066064923
2024-10-26,67025.6278144203,1.0161328537378764,1.7673945453643818,1.0033083731162658,205794651.15478802,0.5099831972940135,0.05230742650552637,0.6246791327393165
2024-10-27,67960.7870584741,1.0183561903927307,1.9460162273156933,1.006188136597915,225331790.30669102,0.5165681152958184,0.06507549807747376,0.629708898922145
2024-10-28,69931.1218734847,1.03894685740012,1.5854292600033126,1.0261463923396024,932977385.361831,0.529660209823372,0.08907434378699712,0.6400345151684947
2024-10-29,72716.9139244938,1.0571455877354103,1.6430901912944362,1.041200654083011,2013957625.35711,0.5463323720911947,0.11859569428325714,0.6538839676813853
2024-10-30,72347.5952043618,1.0274596181331945,1.7692881110928782,1.0119094877698556,826553403.9429381,0.5433513962098352,0.11261297694152665,0.6518961403090064
2024-10-31,70239.8161326723,1.0105385628613186,1.5994600114578452,1.0000957203120817,320025351.43330693,0.5291999823898839,0.08580562346377911,0.6413753549351494
2024-11-01,69499.8990526099,1.0218863627959034,1.5189308903123782,1.0088462154523528,626518652.0058609,0.5237938913823472,0.07540648219378603,0.6364547306626457
2024-11-02,69349.1039939168,1.0223818338633517,1.732344174850267,1.0013730991531578,248018334.22230998,0.5225598669007911,0.07351446412152869,0.6347009431841804
2024-11-03,68782.5710242388,1.01218121430313,1.9481138540540406,1.000442657250323,160407150.255454,0.5185170007533763,0.065861568704978,0.6314897509273422
2024-11-04,67839.6651434504,1.02420115698533,1.9060621576153143,1.009930212947033,541556403.125364,0.5113867708223687,0.05201329186876233,0.6262535349137428
2024-11-05,69391.5345696399,1.0192341088052688,1.3506341241678002,1.0076349837703946,523647704.324942,0.5219407512118095,0.07236197900752478,0.6344685767895157
2024-11-06,75596.3997543213,1.0796479925992102,1.1489483354877452,1.051654604317295,3823499162.293042,0.5588122197466346,0.13579780632722355,0.6709204271519832
2024-11-07,75901.9931706196,1.0463559196858971,1.722161892006876,1.0323828943177746,1565422730.132099,0.5595109469950337,0.1358251954523761,0.6714934484796686
2024-11-08,76552.8549931562,1.0456298945518065,1.81630727803866,1.026658537367759,1645204794.903603,0.5621848722623655,0.1402269260029835,0.6728592831418385
2024-11-09,76715.8795017437,1.021497037686522,1.8458665436396167,1.0115363620142683,470834555.1913,0.5627872704592499,0.14122117523359942,0.6730279366812197
2024-11-10,80406.6501624955,1.065729540957494,1.9854885095143096,1.0440152669933835,1821422257.260136,0.5817619415374305,0.17641349505816872,0.6880140078052789
2024-11-11,88728.9508391651,1.1151425468899656,1.9703227215695038,1.083060377765447,5314154177.637546,0.6186149959125288,0.2414263352204763,0.7176596553540888
2024-11-12,88056.9520854703,1.0832230620579812,1.9813629848318866,1.0482464328241499,4540560595.288999,0.6127457113366619,0.22626761932187786,0.7158487046461304
2024-11-13,90511.4218833129,1.0992255499560577,2.4743672994687254,1.057640845881593,4872014549.138927,0.6205809166272722,0.23773367863068348,0.7234069419186134
2024-11-14,87344.1898531065,1.080563651750272,1.6497335915546885,1.014511899701459,3910159865.132968,0.6040511063784705,0.20374779591697806,0.7148905228627023
2024-11-15,91076.8119424913,1.0864744394274823,2.8805379318016096,1.042928141568795,3766819926.036337,0.6184943716562439,0.22988260048241677,0.726442135065817
2024-11-16,90584.2911636323,1.0445783767929884,2.418412596417748,1.0187729143115039,1028827471.570329,0.615748436846249,0.22388484318031313,0.7247294409473618
2024-11-17,89875.5646640815,1.0304579331520012,2.433848781679423,1.0077379394897834,601940408.211953,0.612319154363827,0.21686295609290257,0.7224380601864564
2024-11-18,90534.6457249376,1.0428408434641272,2.0620305493485285,1.0211240904061343,1993896763.882493,0.613777357632684,0.2189446033756847,0.7246622222863162
2024-11-19,92393.0854652586,1.1226066063689317,2.2979531521636956,1.031599172368471,4828240681.820711,0.6189434804805561,0.2278559423890626,0.7304103301175502
2024-11-20,94369.3365827971,1.0910057587226345,2.0710619501687195,1.0369222545368342,4171348517.371148,0.6247729509460471,0.2370545852119561,0.7363430588688102
2024-11-21,98402.1949920443,1.1513426289628377,2.34882892930431,1.098429677908291,10722021719.404778,0.6347354739643207,0.24894155732551054,0.7478072749087923
2024-11-22,98943.4977548279,1.1042934873381225,1.9539142445032864,1.0365691218756587,5114036356.233974,0.63399648106128,0.24532264366216608,0.7502825462950197
2024-11-23,97724.4950610056,1.0768200430175427,2.245973997356567,1.036924730344125,2767029946.693395,0.627863330776283,0.2313216664944941,0.7471615651267834
2024-11-24,97967.2951372954,1.053543072236704,2.581983912447972,1.0278461650325197,1558662125.55818,0.6280328789081719,0.22963456493292714,0.7466522415953553
2024-11-25,93025.1292956724,1.0379612936266667,1.7040978012141603,0.9961572942658812,1691099395.3023741,0.6067865946837726,0.18700581489731527,0.7341164429733221
2024-11-26,91940.193000198,1.0413540474575547,2.837478395779904,1.002084374309887,1818930523.1054893,0.6011705586700058,0.17563688815269493,0.7308179603239832
2024-11-27,95947.0830989849,1.0748403393693475,3.1791193881519257,1.0329095989340185,2616127889.7059326,0.6166157958205412,0.20611883300240175,0.7418558609598622
2024-11-28,95666.2193195659,1.0632443509125304,4.250738952012996,1.0127032508594969,1749675148.065448,0.6145477569529839,0.20187761435464557,0.7408688174747404
2024-11-29,97490.1520025695,1.0586821253751584,2.6802575238446598,1.0351370913626052,2200990733.628986,0.6206482973878438,0.2110445324271022,0.7441962256932096
2024-11-30,96479.2439359753,1.0267192161017542,2.3937717401272858,1.0058946547459449,591260563.0161511,0.6163111188184132,0.20166376268745956,0.7413160707751592
2024-12-01,97240.3353955653,1.0398985249735433,2.262255329130228,1.0156808773797321,757059264.043664,0.6189177842558861,0.20666393512625197,0.7433196116769222
2024-12-02,95862.9439884694,1.063406574817688,3.504373366955507,1.023557453491345,2325685034.7419252,0.612188417819004,0.19230254758106335,0.7395712763317296
2024-12-03,95871.9335129261,1.0681126226151623,3.955772430427381,1.0144465810981271,2421119495.5871954,0.610976051067513,0.18981464107353263,0.7393425909509718
2024-12-04,98734.3200545731,1.081180661667955,1.9163559277934716,1.0551933887553295,3273076547.907362,0.6207836300952457,0.2071527339653282,0.7470673241462878
2024-12-05,97050.027060881,1.0953516574630566,1.7235243654600632,1.0189653961811989,6562424864.982477,0.6095273330610608,0.18522631833927064,0.7453545986700558
2024-12-06,99866.4510373869,1.115763749008822,1.5014667297777706,1.0336291423495618,6276433177.039322,0.617758600188346,0.19827907539345932,0.7561790191093877
2024-12-07,99921.2160409421,1.0384407961307258,2.232820987801215,1.0129063561405833,872553464.15598,0.6175354994293984,0.19519925644288472,0.7553411968086626
2024-12-08,101164.789500775,1.0436776090421263,2.6614083993683617,1.014601957265053,840255664.891651,0.6218545753979702,0.20337641052120076,0.7580535134725654
2024-12-09,97406.9715880375,1.1154859915385273,2.009284137732107,1.07170907412836,5455069443.545732,0.604225260162013,0.16369778278889024,0.7492409950562544
2024-12-10,96657.0407188012,1.0686162560833241,1.9897564917832415,1.051632363542889,2866621983.04252,0.5996636465496002,0.15192448794321117,0.7474263594410737
2024-12-11,101169.668463919,1.0830497820462033,2.9152529305157504,1.033250877977104,3469001755.5891223,0.6160452187298444,0.18489211048642643,0.7584975539510278
2024-12-12,100028.919617953,1.0300949608248042,2.2277607142122036,1.0131423169651694,1206234020.837497,0.6108240699218921,0.17365138813877534,0.7557216300713253
2024-12-13,101446.437188656,1.0569840943195323,2.326187854962582,1.022808687843596,2028644607.4368799,0.6153398483578356,0.18251453947044832,0.7592856617074903
2024-12-14,101400.839850663,1.0376253185614446,2.9976620389540574,1.010732108288111,825842648.75448,0.6147336653773733,0.18048015367235654,0.7588500689342158
2024-12-15,104389.474858669,1.0659173500232122,1.8619402920579418,1.0202719252342116,1545619092.041562,0.6250976390697534,0.20197504509625822,0.7661463326350595
2024-12-16,106079.090411121,1.0778757226711726,2.2328677499364873,1.0484557286434555,3930990446.39055,0.6292017437143431,0.2088442625460509,0.7701715614687807
2024-12-17,106168.858284328,1.0994198764117078,1.8523433218345433,1.0344410427159643,4411705040.166646,0.6272904106478341,0.20405897555389424,0.7714860712260176
2024-12-18,100187.26575458,1.0481295924460037,2.8133272012171084,1.0022585977019867,1784801051.5661187,0.6037456866968941,0.15535405333141786,0.7578802991847184
2024-12-19,97472.6550452805,1.1097452899578124,2.019203578120726,1.0114843455277711,4591476325.514713,0.5901033388042635,0.1284338490332895,0.7523186798514427
2024-12-20,97868.8217768341,1.0592427129926667,2.908545069164471,1.0230427240255457,2773221064.04965,0.5907268283859142,0.1289691327941933,0.7533681131357668
2024-12-21,97234.4605283882,1.014935109635078,2.430663926417713,0.9943825732708009,312489443.3530899,0.5878066366403571,0.12228905692722143,0.7510063046739326
2024-12-22,95112.7522534299,1.0221323499730273,3.077216266456695,0.9895466424250509,365426113.1633811,0.5783444836304165,0.10271756463528459,0.7453471367807404
2024-12-23,94812.1850603651,1.1324642836414096,2.149639326605301,1.0497381073578005,6518177361.731869,0.5736551403752949,0.09353819250664376,0.7456171293315922
2024-12-24,98646.2398597345,1.0943477236876669,3.093628415364246,1.02044227124607,3032244875.1557703,0.5889241344681353,0.12625124928373593,0.7553603558096639
2024-12-25,99390.0555088638,1.0237679585321102,2.584242400440803,1.0088491995067308,473455257.851916,0.5917167877060903,0.13115697151777764,0.7563833061966581
2024-12-26,95736.3243416497,1.0215096955417122,2.583474006954192,0.991883722678264,650224823.3645269,0.5756635647165864,0.09791904599882224,0.7470358889738143
2024-12-27,94209.4541683634,1.0462884494405713,4.57433718499478,0.99541621457186,1259553830.259639,0.5680479249284044,0.08218683453002477,0.7421156520386832
2024-12-28,95157.2883658672,1.029355777533827,2.82206730602198,1.00288238659824,450222780.687945,0.5721483081605481,0.09077227583525274,0.7444455955228468
2024-12-29,93615.04302023,1.0375352999735106,4.214122452027945,0.9926653763675399,859944438.0038631,0.5645264539621024,0.07565620614925392,0.7399909837702047
2024-12-30,92671.5245019799,1.0534658527262348,1.8773461725573344,0.9954635598828813,2344524244.379747,0.5587156847583185,0.06574084788109712,0.7383004159008754
2024-12-31,93441.6983892194,1.037439641115649,2.8023380731562724,1.0056872186611094,1696101932.51546,0.5613792649562176,0.07221282674301945,0.7403255117546164
2025-01-01,94451.9403687362,1.0540707717601727,5.2755052216442895,1.0077154852891066,1322826476.491805,0.5654192450055161,0.08120866974878574,0.742798511336448
2025-01-02,96919.3484077694,1.0385116189986043,2.0146354214690216,1.0132063608137591,1206318945.6117952,0.5758684374976031,0.10240196562872267,0.748916783183313
2025-01-03,98141.0286082368,1.0236570569732426,2.3225241066628453,1.0109834495690744,820536328.529544,0.5807571616154882,0.11205805059334761,0.7517221698657132
2025-01-04,98216.3730482727,1.0208831001084635,2.525196853001035,1.0053613207182615,451759970.445211,0.5808143883484077,0.11133504148097198,0.7514196163810656
2025-01-05,98346.7868897226,1.0157966797214122,2.272137797471983,1.003084036108931,329224137.21377105,0.5811811821038486,0.1120250268075676,0.7516880368711669
2025-01-06,102280.873054768,1.0462318501028232,2.2100186562455213,1.0296821424735472,1699911259.946564,0.596593698496765,0.14358397436165238,0.761286141183737
2025-01-07,96974.6350092362,1.0346589226088911,1.8317187299534408,0.9916220240440582,1451589731.683261,0.5734436069888529,0.09447162408155717,0.7483533577860261
2025-01-08,95087.2717455432,1.0102385222180452,2.010568339535388,0.9929853474923819,354181713.48908395,0.5648577459559869,0.07617380524912953,0.7433309217735133
2025-01-09,92580.9812772829,0.9979623344580514,2.337713425252958,0.9866277577871289,-85217128.37507898,0.5531007481317265,0.0511848522042854,0.7361527907460859
2025-01-10,94735.7250634323,1.0154072038820736,2.1278190116779587,1.0035831437536369,754450161.227102,0.5630101722237886,0.07145534970515507,0.7419129128570144
2025-01-11,94586.6264930777,1.0119504023872055,2.7556061953222595,1.0014011423889897,276647201.213186,0.5621629216539952,0.0685484872277506,0.7408925912819865
2025-01-12,94524.0668166653,1.012394725552573,2.4992689903882197,0.9998746198430961,250442547.01573098,0.5617163389110532,0.06768149896094905,0.7406712491799154
2025-01-13,94542.5674780612,1.0124326339117458,2.46037535205331,1.0021688747743165,431389543.617526,0.5616880331552048,0.0671270102395607,0.7405755844774211
2025-01-14,96554.039485471,1.0248310711978714,2.4785616820796794,1.0132908783040653,960539236.866083,0.5703448567328417,0.08500986587107916,0.745882818463622
2025-01-15,100509.313317077,1.0501519880952968,2.5867574201661916,1.0199657721424902,1856061965.078254,0.5864243931726801,0.11875708237332855,0.7558557994263929
2025-01-16,99993.5161111163,1.0534734143968467,2.7576480193779545,1.039807087358491,1911182312.5293908,0.5832339056773556,0.11107186842647104,0.7545405774837892
2025-01-17,104114.678798924,1.0475582510067851,2.5311817958745473,1.0279701490660522,2191099980.8701982,0.5986283936099067,0.14296751584683945,0.7642026721571781
2025-01-18,104441.397877855,1.0355847266243017,3.190375799417122,1.0101251327222784,1216906253.509312,0.5993125614798865,0.14442375107758693,0.7649000817787189
2025-01-19,101292.641209328,1.0237288525669328,2.4576481755661965,0.9996441299205997,603742288.3670399,0.586351015816643,0.11746062025354803,0.7576368162888896
2025-01-20,102228.25366864,1.0314497149498982,2.7179535176166083,1.0097526031564519,1436587743.4261072,0.589158775038781,0.12397888200487509,0.7598427308601152
2025-01-21,106188.135939294,1.0609848301929814,2.5438131529454093,1.0252209094139895,2415789423.685218,0.6035489753442002,0.1538164702337431,0.7688675525481382
2025-01-22,103692.100401351,1.0566240603644592,3.920571588154529,1.016397855843803,2002093484.609924,0.5929160984033933,0.13149726702297573,0.7631408397077861
2025-01-23,103962.596578763,1.116610886634477,4.917808848284205,1.0113138579769578,4874796335.642926,0.5917149441802283,0.13046161697146055,0.7631429769903406
2025-01-24,104906.678715047,1.0279124945945846,2.434811401086926,1.0138141704306332,959530117.469306,0.5948369792430857,0.13678774086582132,0.7651732940958456
2025-01-25,104796.454151747,1.024745815440934,3.150562734795306,1.0100517103124564,565623753.580686,0.5941748705160858,0.13478446081132545,0.7646441841983943
2025-01-26,102606.795575524,1.011323079186951,2.955805047801288,0.9971105364762547,237336832.86029702,0.5853129796131779,0.11597332819729224,0.7594499870933724
2025-01-27,102090.565306229,1.0324980188028392,1.9134773761997232,1.000143848458362,1140753295.327336,0.5828186312257895,0.11089834400377928,0.7586286695926789
2025-01-28,101300.368030514,1.0250225488985727,2.8387288839620664,1.0056952915631325,685269331.6240131,0.5790625788745563,0.10329221030175076,0.7566927782278572
2025-01-29,103745.369909948,1.0201970515732086,2.81976838601008,1.0100475023283888,710773986.5273329,0.5887099974761069,0.12037544284468672,0.7611311457898254
2025-01-30,104789.940712272,1.0326956688440811,2.011802481251372,1.0165743431244554,1086636769.9239569,0.5922039675840082,0.12735548521881496,0.7634799067397751
2025-01-31,102459.5832836,1.0171361903488902,1.9582849477583195,1.0022541777479623,606416210.143364,0.5825179029274336,0.10630251700806867,0.7579584543950662
2025-02-01,100631.059748449,1.012509557147901,2.8189123504183584,0.9953885857969772,207891320.77248296,0.5748103321169687,0.08976987101569418,0.7534527401180189
2025-02-02,97678.7719678885,1.0038712759544943,2.3245937687144003,0.9876581065690069,67763021.29846102,0.5619264418954906,0.062480324620656176,0.7459690283764285
2025-02-03,101436.407843162,1.0252642857380458,1.924987779977421,1.0050218971096923,1332154504.100257,0.5778925561955673,0.09609864601878933,0.7557198221341555
2025-02-04,97804.2385175571,1.033463080448794,1.496263822649872,0.9872467452223365,1387304974.1027722,0.5610733387551382,0.06259746561879483,0.7482433595597201
2025-02-05,96625.261316975,1.0413928635670742,4.8929426738300466,0.9909122906009518,1569582311.8450289,0.5548716986790627,0.05080207278707804,0.7447954995008342
2025-02-06,96579.8329029594,1.039510526696474,3.5182602106159204,0.9950773132223019,1090333184.669004,0.5540719452191493,0.04999289035773729,0.7445434868914127
2025-02-07,96539.7981854609,1.0124881828961745,1.7878993261237033,0.9938725234189977,334585976.665766,0.553671425750298,0.049196740101666886,0.7444832404495851
2025-02-08,96479.319789231,1.0158256494214037,1.8709366995179564,0.9981058482752012,283337916.154096,0.5532609582489014,0.047110616637630276,0.744025752213517
2025-02-09,96502.8008211955,1.083454375094292,5.573036531366485,0.9989160126356278,1381286076.7276871,0.5526144419295155,0.046997673801746444,0.7439290784338308
2025-02-10,97490.2991705221,1.0149108854404794,2.5777753331808646,1.0004011658108112,437286216.53888094,0.5569259655011282,0.05635545801404084,0.7465304068174229
2025-02-11,95827.6528436408,1.0223621676197518,3.658010250318486,0.9918667320332799,680477032.6291931,0.5488000781296084,0.039853124832558984,0.7419722205828726
2025-02-12,97915.2900812202,1.0190693028123863,2.3601368388727972,1.0054321859084854,569420496.997016,0.5582690330381906,0.05946792501189177,0.7473916351625662
2025-02-13,96678.8146099012,1.0066394678804151,2.266522694587348,0.9952377795826791,198184542.45883998,0.5524828454310657,0.047411979765567575,0.7441551159909767
2025-02-14,97553.755288536,1.0173682482846194,2.4265923138793326,1.0015484889531254,482785189.591725,0.5562541481460395,0.05505161231905623,0.7462597901353274
2025-02-15,97642.7920403064,1.0160633225182618,2.9052399517810255,1.0020265247660833,377906037.935948,0.5564501048616202,0.0548553059447862,0.7461348692306176
2025-02-16,96157.6042409799,1.0008711704139508,2.4990798609654616,0.9937290839572158,11010526.535941005,0.5495332271157591,0.04031663169082551,0.742164211289346
2025-02-17,95837.3362085539,1.004688713835862,2.438212820000741,0.9949093426088352,109147458.96015501,0.5479388133662392,0.037089768959271636,0.7412573660641175
2025-02-18,95671.8962902099,1.0116266838342844,2.1212030323611097,0.9971028112478781,325104917.856912,0.5470055930014143,0.03489457354434256,0.7406945870002725
2025-02-19,96685.0739421655,1.0106470381224701,2.3609101486684745,1.002149028683301,353125802.510428,0.5516131605885393,0.0443977503988642,0.7432920826554205
2025-02-20,98356.2539966563,1.0160264613494472,2.729305442881709,1.0079128481775517,562692092.092525,0.5589517731018472,0.059608100469917824,0.7474850003860013
2025-02-21,96153.8335590858,1.0069603981067914,1.9015374411502057,0.9937011298815365,234106168.48860997,0.5485735314006471,0.038004779477277074,0.7416835585162899
2025-02-22,96587.5388193773,1.0217171316424511,1.747966565142785,1.0059017302609414,519409412.92767394,0.5503304319883883,0.04120989432113745,0.742662305160493
2025-02-23,96292.8473302412,1.0097474882701964,2.283885144029812,0.9989152683281387,181783082.165556,0.5488587197765032,0.03788017669465543,0.7417196766992967
2025-02-24,91605.4617630073,0.995970050028094,2.0946949146237395,0.9828516612927676,-134076499.06565297,0.5255808253301341,-0.010613799319452936,0.7284632785941061
2025-02-25,88688.623551652,1.0001781790923527,2.6352951896259778,0.9697211889133046,-11634794.671674013,0.5100970158273893,-0.041238851740373915,0.7195017151719386
2025-02-26,84197.43002316,0.9782060343162395,2.2583164431466485,0.9516932557268278,-983879825.0554931,0.4843044958391464,-0.09259292143658748,0.7043705216043621
2025-02-27,84718.8275050657,1.0080701330240784,1.5833370392139292,0.9811244868698921,255884344.05063808,0.4874129229438916,-0.08574351203989072,0.7060486811091554
2025-02-28,84391.4997334327,0.9957266174593374,1.8069561470796864,0.9748623545595533,-158794188.93288505,0.4858465671148447,-0.08823357280515076,0.7049346253040316
2025-03-01,86090.4351420347,0.9990945988483021,1.8921646773663374,0.9891616558057743,-14202357.651017964,0.49597078152257085,-0.0667376312957719,0.7105380522367396
2025-03-02,94381.5092907682,1.0423779128873147,3.2579379397763355,1.0311144956540141,1190989961.095192,0.5398929023067024,0.025019903940880453,0.7358423525185279
2025-03-03,86233.5488392928,0.9875082152260791,2.434348581817942,0.9692231631497276,-547435199.0401108,0.49598268275120455,-0.06453020480184601,0.7108725882722878
2025-03-04,87322.7357514987,1.002857236122037,1.8830343633870747,0.9888428811915361,91965963.17273599,0.5025639115936328,-0.05092821524995034,0.7144272143400868
2025-03-05,90671.378554405,1.0198501665582889,2.174047806401718,1.00722999309867,582168138.724611,0.520693405201143,-0.012931023226146272,0.724897489839828
2025-03-06,89991.5426231923,1.0369414751990422,1.9658897248096336,1.0006984637643455,1035575574.1204939,0.5163491486380019,-0.02092967848433311,0.7230145178823051
2025-03-07,86823.1879810571,0.9957665109200856,1.6848933637516135,0.9758882737540171,-143150419.11076796,0.49865551106150796,-0.05683992209588744,0.7130943818207314
2025-03-08,86293.8603695963,1.0026133866481186,2.0574406602763964,0.9940762509404081,33962433.841584,0.49557529431769637,-0.06362928941750005,0.711119295356231
2025-03-09,80795.4491931869,0.9821977734207826,1.682282720748794,0.9702164481678843,-308984218.107509,0.4612931664574883,-0.13491487320526996,0.6914945253859434
2025-03-10,78626.4148167644,0.9895837598083368,1.907797825398849,0.9527638678222446,-319556903.368081,0.44651772998643247,-0.16271470873570537,0.6831713596753172
2025-03-11,82965.8770110422,1.0183365445223673,1.5482796721170293,0.9927653738482003,648146403.5224789,0.4754748160107441,-0.10228725861048252,0.6997577529773519
2025-03-12,83701.8983777702,1.0195939195638988,1.3600390807019425,0.9913951201511272,599584291.2777841,0.47987336261182256,-0.10078958333766291,0.6990574690873452
2025-03-13,81121.00053389,0.9923852424774579,1.9966874051346624,0.9774109548016536,-200614952.024877,0.46330274623399564,-0.139154368138849,0.6875653757572724
2025-03-14,84019.444293188,1.0213355123331551,2.178435472506885,0.9995135481854699,481018056.02993196,0.4815858039032202,-0.10224637171116384,0.697412292072715
2025-03-15,84378.8701640199,1.00585072444103,2.1386192764340395,1.0002044753218662,87076434.842197,0.4837087776539224,-0.10190983425906266,0.696757028385636
2025-03-16,82599.0408828533,0.9998643167480804,2.0428362541472573,0.9870045431022049,-8774293.241793007,0.47252853371684506,-0.12593316125464854,0.6898648690566354
2025-03-17,84039.0274798456,1.0008465837519174,1.8419025490946155,0.9870454920469058,22931213.61585802,0.4815930690364899,-0.10611037483783727,0.6951867111248601
2025-03-18,82744.9206992103,1.0010260667288835,1.9535535701827953,0.9874721205148133,21913997.185368,0.47347457580311164,-0.12373614535719848,0.6898762504917729
2025-03-19,86873.4163476584,1.033772391847299,2.0210688161738255,1.0152195802141002,735567311.2742851,0.49824892631156603,-0.07197500159988766,0.7041386160394415
2025-03-20,84205.6899756188,1.0125690729941537,2.262463032977754,0.9855349511954883,262458561.182463,0.4820291891629473,-0.10540903010962639,0.6946154029799455
2025-03-21,84083.6973845409,0.9945844568194059,2.0333910876889862,0.9863049120242465,-108406142.599161,0.48133164662977374,-0.10681884677330944,0.6939244442082342
2025-03-22,83859.6770323343,1.0197868554851715,3.5357665395683284,0.9963983744638824,271902889.96060103,0.47975976884720817,-0.1100583291905882,0.6927753952586045
2025-03-23,86108.3459346599,1.015833030366521,1.9896683884391126,1.0061120132061603,197537859.989438,0.49327427835973847,-0.08141499839263107,0.7006998478456865
2025-03-24,87522.2726893953,1.0183761363777666,2.09534396552506,1.007837163273117,458301948.082314,0.5011369286569578,-0.06625775935448155,0.7043473565656695
2025-03-25,87433.8877571856,1.0071203087605916,1.899174367768826,1.0004999659289238,226589616.38614106,0.5004795150931457,-0.0695966475054455,0.702827360918026
2025-03-26,86939.8589284524,1.0100534441073714,2.3750213857394535,0.9930186072619412,236894467.84513798,0.49747964431956815,-0.07559678481901598,0.700971974415156
2025-03-27,87225.7708175161,1.008463671749114,2.177085637746429,0.995843741339387,211898767.474975,0.49900454358650204,-0.07231484926124952,0.7017218598797949
2025-03-28,84425.5241235203,1.0355556608807954,2.7520679887924646,0.9810369911710384,852726552.487639,0.4818369224758487,-0.106848530819433,0.691614269022386
2025-03-29,82684.3670200303,0.9909358270974831,1.6276001167914789,0.9828453059009948,-170013163.925166,0.4710018505866587,-0.1298104282500414,0.6849389785654495
2025-03-30,82418.8925010364,0.9909912681576158,1.8340519973476435,0.9808751530606805,-147607810.455628,0.4693911981845284,-0.13291241090221925,0.6838235080667664
2025-03-31,82560.48347796,0.994978921819485,2.239967007014341,0.9803201241354064,-149436505.28061205,0.4704016120199919,-0.1296110913729216,0.684310342768792
2025-04-01,85180.9100394273,1.0036468774323328,1.7000651863051452,0.9946155040502002,103943198.85150099,0.4867117274149587,-0.09501999856209542,0.6937607664918608
2025-04-02,82520.5436831296,1.0113585568412222,1.712801230897987,0.9750427287168367,269415394.59771395,0.46971993893300984,-0.12879484566775443,0.6839326833551607
2025-04-03,83178.0989176816,1.0518121685272661,4.282583075789918,0.9887201176037327,1289171949.654752,0.4732506005983104,-0.11923853455134527,0.6858472726593503
2025-04-04,83863.5530600233,1.0134116318689625,1.6027685965101337,0.9930289252960168,299877548.42150104,0.4774283917458787,-0.10993015196407765,0.6883826894229517
2025-04-05,83525.4321428469,1.0054981134124024,2.3311443929589544,0.9950014350510826,86742026.19970101,0.4752458839326224,-0.11475540736448839,0.6867510413444691
2025-04-06,78382.6183359094,0.9837964469427007,1.7445711875695753,0.9722681873296679,-299527565.882021,0.4408334477275318,-0.18684784579669214,0.6660356735237108
2025-04-07,79153.2058283226,1.0097463843879988,2.5070148363358986,0.9736342635514326,321597122.63321507,0.44632673108484133,-0.17267348246342332,0.6692562544240945
2025-04-08,76270.133036587,0.9774833797159564,1.8562281836905836,0.9670417380473609,-544073518.961864,0.42543430970915797,-0.21515787733428413,0.6565956094840449
2025-04-09,82603.3207337946,1.0325972375340418,1.963683819499583,1.0104995220091155,963156000.164783,0.46940082251659077,-0.12349480715908857,0.6823602298682714
2025-04-10,79576.5705243912,1.006044089597191,2.7442859059847846,0.9791152576351388,175905334.54390192,0.44881589425766,-0.1651200106101042,0.6693235930300063
2025-04-11,83403.5633906763,1.0131001678317135,2.3959701681356425,0.9920417308072801,397171019.647907,0.47401017510565924,-0.11138869060249793,0.6840409613368401
2025-04-12,85295.7973429473,1.0209910939351945,2.1301646866526864,1.0094280378135285,330658084.886552,0.4855006174045662,-0.08756585184872188,0.6904598815830978
2025-04-13,83733.860616667,1.0164656243582464,2.635184831866904,0.9997596745284798,265378493.97019103,0.475662336543361,-0.10786678070824088,0.6845389987340175
2025-04-14,84599.594984404,1.0180201274471923,1.8895531680669262,1.0051463570291845,417706361.244464,0.4807553855546626,-0.09688596565380284,0.6875140376868997
2025-04-15,83664.3500620405,0.9744850927229295,1.963290548609711,0.9676803903631914,-846828299.5491459,0.4752461685211577,-0.10680455422066763,0.6829077336962821
2025-04-16,84057.9870037467,1.0147289440291234,1.7601673600618999,0.990797607629409,331030262.38258106,0.47754947080806387,-0.10133372293890316,0.6824294458917972
2025-04-17,84942.9281249984,0.9508537136996065,1.7788623815986775,0.9446342316467653,-1965879833.3495584,0.484126753664921,-0.08488839140124342,0.6840539172312592
2025-04-18,84444.0775486801,1.0062016662121485,1.9923052519962505,0.9998286600315193,126449945.43577701,0.4809544671401507,-0.09170056720435915,0.6801278739242714
2025-04-19,85065.9809677744,1.0011934293607132,1.8820072713911562,0.9967556777586036,20474269.373438,0.4847213736658603,-0.08361405693898186,0.6814976226481895
2025-04-20,85165.6548428575,1.008313448012039,2.1495947526105867,0.9983690736189565,123789818.03618598,0.4852524480022533,-0.08227420105149173,0.681326981984967
2025-04-21,87523.2478503325,1.023466595530378,2.1363469024285813,1.0109082671982768,610503711.3862909,0.49876525757327345,-0.05371007285876206,0.689690442401735
2025-04-22,93469.4859180246,1.0538838547894527,1.8138807423899117,1.040311288565321,1767765367.94344,0.5300264356466274,0.010485870891627119,0.7087984172302885
2025-04-23,93727.2142702629,1.0567347314835622,2.4725998699632665,1.0428072264568569,2735043043.780352,0.5297137733002988,0.008875544298018798,0.7087784160394056
2025-04-24,94015.5886277392,1.0423161007292143,2.1604263559056816,1.0121099763602717,1307977258.462083,0.5304698472696677,0.011255861231092585,0.7074824599684968
2025-04-25,94717.2349993406,1.0835433709559115,1.6322100754211772,1.0188666497105932,3086529196.767069,0.5323698584957929,0.01777926232301976,0.7077581845564564
2025-04-26,94661.3556496259,1.0269469231534274,2.1887423834962028,1.0059084401500031,425628439.662149,0.5318505108724445,0.017920448007372265,0.70386512883084
2025-04-27,93778.8718127532,1.0131774927326556,2.182199028830527,1.0033559031952706,249187007.29071602,0.5272742458538787,0.008894044575695762,0.6993906617229502
2025-04-28,95039.7735489096,1.0389285751513684,1.679917202395653,1.0123961345050383,1250349963.932284,0.5329193176753432,0.021388961680379397,0.7025975166549171
2025-04-29,94298.7697280006,1.0449573855827183,2.4930287091702787,1.0056208921417915,1321841750.738128,0.5284575575704135,0.013302405358544142,0.6968977194247221
2025-04-30,94210.9908543152,1.0266051657970279,1.4758198902416113,1.0089862406432153,772023702.13116,0.5275848309432205,0.011676225651084749,0.6948911199283562
2025-05-01,96526.2948960979,1.034630554271448,1.8575393143650172,1.0186032013486612,1233773753.982645,0.5382771718115771,0.03396523354387647,0.7018553910001634
2025-05-02,96951.8835083306,1.03739015967399,1.875812787508366,1.0146594904315185,1257504089.348338,0.5396087516771112,0.037114403786732524,0.7028458438610473
2025-05-03,95927.2879327714,1.0159771428889615,2.34190351975492,1.0086295808262673,401174595.60739,0.5344286244382854,0.026445879651418293,0.6991768482996836
2025-05-04,94478.6878332568,1.001724802685567,2.102333151808648,0.9964886207765757,36191585.60438301,0.5272266055123926,0.01175233899099972,0.6942370698354333
2025-05-05,94862.0086638579,1.0575876460597293,2.4867323912367083,1.0049938383957184,1822074136.063017,0.5282042456282461,0.01537528132437932,0.6953273602669194
2025-05-06,96866.2202845,1.0524450652384103,2.5748813313174725,1.01006869296682,1639747089.4157991,0.5372669000485454,0.03503225343393828,0.700765879840589
2025-05-07,97073.3755116741,1.0323104687421052,1.71607837140229,1.010759742695629,1057872467.341958,0.5376101252589335,0.03633205992673038,0.7008301025186106
2025-05-08,103264.778625663,1.0639136177119026,1.8539102239523537,1.0369168325203109,2144362949.969728,0.5644847633994421,0.09158937376421439,0.7179084477041556
2025-05-09,102981.796358804,1.0438563450358385,1.874212986826229,1.024836566022901,1851027063.956492,0.5621647068595822,0.08764881574197772,0.710958818233362
2025-05-10,104783.621919911,1.0261107226839743,2.016425800579245,1.017688693862739,595698743.739826,0.5694597843271778,0.10460862027521935,0.7081657076773631
2025-05-11,104139.253887922,1.0229353278063364,2.3240592371703523,1.0100531380577875,524324822.79576206,0.5664981945415823,0.09863083480833663,0.7058838969312766
2025-05-12,102801.528591045,1.0360201227034143,2.0180103772604436,1.0142473975385218,1191986345.717348,0.5601771184035848,0.0857837401805071,0.7018655214561688
2025-05-13,104119.197357816,1.0597718715159847,2.2896240080846995,1.0182367496106226,2572941139.343832,0.564560366326231,0.0960897300856608,0.6999414700380924
2025-05-14,103525.737928456,1.0287717260716673,1.5975017753338168,1.012247233628457,1012841848.33281,0.5615140390646265,0.09019333273306714,0.694644901426867
2025-05-15,103789.638422078,1.0649458042359468,3.0097489338533454,1.0176314602938683,2199474262.9490037,0.5616382910905182,0.09161873970238746,0.6929139773048848
2025-05-16,103511.805578656,1.0335358690292655,2.3950513208725086,1.009445187263231,1092899347.4458148,0.5598657541337013,0.08891635686758581,0.6899063182159519
2025-05-17,103154.345299531,1.0183850872020044,2.7046081995698295,1.0065826743600317,343099939.547289,0.5581538212137339,0.08601777917715024,0.6872183474548531
2025-05-18,106505.0154357,1.0387582983801975,2.6769408438775484,1.0173405529411386,685361236.527853,0.5717801265989377,0.11405890830267407,0.696703604258882
2025-05-19,105604.642906113,1.0611932201874046,2.322026141749148,1.0145102344177952,2089303449.6741061,0.5671600393013864,0.1052996047958297,0.6932896042383653
2025-05-20,106869.555658958,1.0518407272762442,1.925924987857854,1.0204512291594883,1966875756.156665,0.5713726288299663,0.115563653265313,0.6938167499786247
2025-05-21,109686.515398019,1.0776096074158217,2.1472110109789626,1.0331660614407672,2634095836.279514,0.5812678011863115,0.13685469129268432,0.698876657170235
2025-05-22,111695.395495789,1.0554664465965873,1.8400990006735498,1.0299630124236432,2504312280.4967136,0.5876181711246382,0.1489438093319691,0.703833904135761
2025-05-23,107355.200436426,1.0252251777538062,1.8222277738550916,1.0050026412004274,1154587828.3647308,0.57006572130774,0.11363896551253214,0.6912289797304252
2025-05-24,107679.52734887,1.0185045592338373,2.367232853615801,1.0075918110203623,460374172.397725,0.5711753802107754,0.11595374013923399,0.6909253479338445
2025-05-25,109005.415876225,1.0264041240498227,3.0841033164801166,1.0081098939877526,592831323.839735,0.5761658783039224,0.1261821099874748,0.694158968047464
2025-05-26,109483.495424922,1.074546470663065,2.5806109198167855,1.0193549835292979,2295790354.3610377,0.5768977716328092,0.12790948975435681,0.6953588834504116
2025-05-27,108968.503052516,1.0757746114877444,1.6688760074529299,1.0232104599745484,2526141894.072082,0.5736305985339679,0.12092970084619156,0.69365217549229
2025-05-28,107818.812865523,1.0335278407612851,1.9785204777860959,1.0154570185722906,1314224343.065971,0.5684586720977264,0.10994340072668023,0.6900454101485819
2025-05-29,105609.901855557,1.048458949491729,2.584777780854391,0.997170945830693,1439301995.118421,0.5586460453158844,0.09106328425094344,0.683349334651045
2025-05-30,104041.544897185,1.019520469465605,1.8706024842785487,1.0070780257057432,726096410.260269,0.5515745639915828,0.07657423502344667,0.6783597860540281
2025-05-31,104627.888470108,1.0074294493762646,2.290678489415123,0.9996142315510582,160017110.92265302,0.5540511156049042,0.08165807635486642,0.6798210914906232
2025-06-01,105674.332934938,1.0126033816469275,2.3498190779665937,1.0033410928393742,314871803.54206204,0.5583604124154726,0.09044530992823925,0.6826812436029717
2025-06-02,105910.305712728,1.064820468465735,1.5652844138577744,1.0528941989068423,2799172092.496392,0.5582224168315653,0.08696685965932766,0.6830033209321078
2025-06-03,105443.377497846,1.0425595820394697,1.6581004101299675,1.0362092432045376,2041419300.1374352,0.5552267913679155,0.07848108342132604,0.680431906492294
2025-06-04,104729.848933543,1.0381228016545123,2.589086297754392,0.9986756801623814,1490516854.714233,0.5514298939418484,0.07090866061587014,0.6743227871774784
2025-06-05,101626.224558759,0.9987855748960248,1.8976506301466731,0.9919023913114113,-69118505.28379005,0.5376218227442842,0.04322654505751173,0.6641715523903278
2025-06-06,104396.932061185,1.0214444653681725,1.479986621452689,1.0080612509479143,681516589.00927,0.5496679975227372,0.06778808858212046,0.6727954809057035
2025-06-07,105595.848852138,1.0230543128943819,2.1901145569208067,1.0065190255877603,555451061.9080031,0.5544984413709382,0.07789092065348668,0.6759616304812041
2025-06-08,105792.065783082,1.0229472415876721,2.722051451812714,1.00417189064858,467557015.224967,0.5550833125467435,0.07929291041004217,0.6763562495300528
2025-06-09,110291.893848923,1.035076397301517,1.977787941204127,1.0241862761810085,1254514564.9994571,0.572834469153853,0.11471639745579226,0.6894484151580785
2025-06-10,110253.03948565,1.0355763735511747,1.6866595053108824,1.0184181689848393,1513700220.434,0.5719671020883641,0.11234529791677733,0.6891038524660233
2025-06-11,108660.133966558,1.0251571565336046,1.551989400302717,1.0033103142603792,864159720.134954,0.5651920181604437,0.09851419823045393,0.6834516081989556
2025-06-12,105767.964731629,1.0082858102515453,1.9046980934440694,0.9951153176612801,221330914.99607897,0.5531080423652031,0.0739286505711698,0.6741321601729454
2025-06-13,106124.145890678,1.0483681268758216,3.5082686904830243,1.008091147483226,1654195844.892658,0.5539286486421682,0.07591021488333553,0.6748306230370219
2025-06-14,105459.662976744,1.0093390251314174,2.1843634553662046,1.0003797048311176,167368821.88794,0.5510029499614308,0.06960608420470353,0.6709394997056582
2025-06-15,105612.341716866,1.0285061210937854,2.3931261177649383,1.0028469363434438,365452956.494462,0.5514650338019899,0.07061439921962218,0.6708246272656203
2025-06-16,106790.40647211,1.0510274547602116,1.756005473493966,1.0176728854095878,1779825187.449415,0.5554635141860994,0.07889093625958156,0.6746401534760121
2025-06-17,104598.98824648,1.004255400976933,1.9179820838544617,0.991604807325585,166816557.84977204,0.546014697415451,0.06018076138043815,0.6676819130593287
2025-06-18,104946.353111106,1.022818208230081,1.6382314420170894,1.0055767049692794,769959488.207727,0.5471706384644814,0.0625715398358964,0.6686303547567504
2025-06-19,104700.469688906,1.0201625794003604,2.0077370610327403,1.000789370538559,539536787.288685,0.5458447035357026,0.060269143473044066,0.6671427692392409
2025-06-20,103321.945932896,1.0113490043769313,1.9520220631116794,0.9959527147073887,374914601.832303,0.5395010513628163,0.04798409351607355,0.6623227695241098
2025-06-21,102159.437963581,1.0132408858773132,1.9422036186172713,0.9952079764622123,242864454.29519898,0.5341362807376323,0.03751327227841323,0.6579271708360623
2025-06-22,101084.251485656,1.0124585250547973,2.403494686249172,0.9906063987078119,361240531.72293997,0.5290188253604063,0.028051707337305287,0.6538422417366835
2025-06-23,105439.547965419,1.0303289404895668,1.882456267858579,1.010992927260077,1244725946.7585602,0.5481272107217872,0.0669255068944035,0.6679237100723958
2025-06-24,106140.520859078,1.0311389138433926,2.0680625993401485,1.0092989199046465,1274327682.8372178,0.5504614662915164,0.07210640453622309,0.6693275078553734
2025-06-25,107407.598841024,1.0343391299775573,1.9068037671137494,1.01499922111172,1400434516.953491,0.5550480608305397,0.0815632478476555,0.6728326463939323
2025-06-26,107017.860392325,1.057543129952666,2.857252834412397,1.0045547713785619,2011359219.187034,0.5524044652125185,0.07755347055295753,0.6708884335672445
2025-06-27,107094.077124514,1.060548829412086,2.3690457423491367,1.005162285067326,2131367414.1495838,0.5517212882287397,0.0774120530990021,0.6705239433645277
2025-06-28,107325.30624355,1.0129047108593268,1.6738427627849621,1.0033500117513865,256737742.709309,0.5525519890454782,0.07945618114853831,0.6704283268502138
2025-06-29,108374.714619031,1.0272135031448137,2.1942846883907903,1.0159481599275064,541947298.6845529,0.5566487661044603,0.08760332686151429,0.6734681332781498
2025-06-30,107198.652544274,1.059758785765814,2.79267210377394,1.0077464702466226,2239161572.222448,0.5506521399147611,0.0764219215280776,0.6697301008016155
2025-07-01,105732.98154385,1.022069083695028,3.024554086071178,0.9973796281331934,613558445.106148,0.5440808494437547,0.06377211907054446,0.6644521995694765
2025-07-02,108869.592034958,1.0403287650429234,2.1377605909463577,1.017704149050915,1132939757.115081,0.5567585636757453,0.08939760785390759,0.6738871518081948
2025-07-03,109616.937339918,1.0406133549877217,2.3650167693451265,1.0131668956531934,1534674748.95031,0.5590398136569797,0.0941544712987346,0.6759507456420737
2025-07-04,108030.469569563,1.3119559500338513,24.368741688422077,1.0023399907960109,8983790389.04413,0.5483216871906265,0.079098806505836,0.6692689446564573
2025-07-05,108221.453276886,1.0126019504968085,2.170322195212024,1.0031455268533824,231059337.08887702,0.5490111634874079,0.08062443011879908,0.669303966206821
2025-07-06,109217.148040113,1.0194024185586537,1.8889560850465312,1.0092190599907216,366242605.435544,0.552961656259848,0.08853673548854103,0.6721714959371602
2025-07-07,108263.987359252,1.0468574164578752,2.49818680675098,1.001986313110946,1542004774.980942,0.5482622619433817,0.07988542888990142,0.6691480162176111
2025-07-08,108931.620032372,1.0634722563913537,2.638143416869065,1.0068372375201933,1721712679.329327,0.5502614619940646,0.08483002942924604,0.6693750933907252
2025-07-09,111248.642186699,1.0841319513849583,3.9687759033405836,1.0208217129742314,2459708867.742661,0.5585826509260845,0.10189413210836225,0.675467619466221
2025-07-10,115958.97038124,1.0431800238762041,2.034694830692474,1.029061571244344,1927208285.622104,0.5758398160838744,0.13500716306235305,0.6876775518881358
2025-07-11,117474.542952979,1.0545897884808344,1.9018257881238951,1.026861048178689,3189375232.472124,0.5797664669319632,0.14180977920942153,0.6918355520268741
2025-07-12,117412.432013394,1.053241210142483,3.2557878832261107,1.007458195523463,1598778078.315128,0.578845638274298,0.14015641739931856,0.6911901413824411
2025-07-13,119057.209940597,1.0322640137231534,2.13193918232385,1.0135363223779787,903994716.740189,0.5842922436528584,0.15087585442270263,0.6953511001299537
2025-07-14,119831.19623272,1.0594676457038283,2.0661891226359477,1.0337755719569879,3620286142.07462,0.5852839787972338,0.15121038561600822,0.6974925330829504
2025-07-15,117747.327694249,1.0298534749141979,2.229753455701724,1.0105684763481766,1923730069.035045,0.5772333485879075,0.13404804188987576,0.6919492372329095
2025-07-16,118672.904519396,1.0894528276858306,1.3521219574771064,1.0501370678736746,6280952620.194619,0.5777294034986478,0.13103810532187232,0.6969872039819942
2025-07-17,119212.470588653,1.058689584036787,1.5949575577972188,1.0283260927141427,4095261092.292837,0.5779267109003171,0.1294940944309926,0.6989076868991883
2025-07-18,117963.57142746,1.0312586062274545,1.9211421818725187,1.0113476546465283,1703943375.369801,0.572672907845862,0.11837291215560777,0.6956834653647708
2025-07-19,117897.280695283,1.0484661010344705,3.4990044052516946,1.0027596962406,1228407748.994292,0.5719037895996008,0.11713371017657162,0.6949516620917378
2025-07-20,117296.229529213,1.0165851704517022,2.224040973758476,1.0026870218152055,459133656.575423,0.5694747350163705,0.11221318536768181,0.693238422629445
2025-07-21,117406.417261451,1.0236661301035888,1.9661491083595024,1.0140541256576003,1711720158.2043731,0.569104063365686,0.11063775031211351,0.6935781631945579
2025-07-22,119963.29839406,1.0581517772946432,2.4442997547088727,1.0196755662975652,2863867392.088804,0.5772170282521847,0.1267638470621737,0.7000337195481628
2025-07-23,118782.079633197,1.0542468412734307,3.263387810253592,1.0119095665839906,2067080707.4159763,0.5721267527239104,0.11654101075434854,0.6968512617290766
2025-07-24,118355.185324524,1.0306166599399946,2.333109608305731,1.005560767460486,1349797950.0815501,0.5699583249154198,0.11229441168909508,0.6956047374585543
2025-07-25,117606.361649515,1.0404298894106485,2.7318305473371645,1.0043552248341958,2161997806.713097,0.5663924641214414,0.1053882965528487,0.6933752610469545
2025-07-26,117926.271770002,1.017199348616661,2.1173062732980847,1.0017668284704362,522003108.077385,0.5673210690102317,0.10726257282652592,0.6938291921886698
2025-07-27,119419.990860318,1.0230246633418134,2.083596493366219,1.0074998767585082,610857382.341115,0.5724824953316782,0.11775384667296881,0.6975514076010388
2025-07-28,118050.099658849,1.0308755644579226,2.9805448539566086,1.0027420236835656,1124173360.3579879,0.5669658127148073,0.10689568768837536,0.6938695972774551
2025-07-29,117939.057327956,1.0480502313510411,2.2872652206331217,1.009598857205743,1826272185.801684,0.565768074274944,0.10453949177329601,0.6934701951239808
2025-07-30,117831.172515196,1.0346135291175442,3.2929325969159806,1.0053653043551494,1371592630.57022,0.5647807934864291,0.10197958709598375,0.6923502521769023
2025-07-31,115764.788689971,1.0161216057592701,1.7940385420670972,0.9981949591941779,519641746.47247,0.5566355015405104,0.08505937551117103,0.6865604923516482
2025-08-01,113285.64608306,1.0043248142396186,1.8076559951895985,0.9919528374176799,193945355.03403902,0.5467840517226138,0.06467616683568504,0.6792646999306532
2025-08-02,112571.297323537,1.0064295638661074,2.023261815557203,0.9999548844439721,176929996.732191,0.5438290323552092,0.05769561592592568,0.676653609086644
2025-08-03,114274.402614765,1.0232523664393767,2.936991309430317,1.0029147388172903,739436099.7113559,0.5503112245673241,0.07121156666512472,0.6813627328007111
2025-08-04,115067.281617885,1.0183410853424948,1.79262054586948,1.0040508038828968,716821342.839065,0.5531205124136902,0.07695832201077685,0.6835598921080236
2025-08-05,114138.513046648,1.019673608436794,2.5953900416600493,0.9942602726560555,716451058.7069399,0.5491809625507675,0.06911277539687069,0.6806693162797391
2025-08-06,115031.363610771,1.0090025672343639,1.758367598347621,1.0003894170774592,363801306.611309,0.5525264493795948,0.0757039307736724,0.6829171136889423
2025-08-07,117489.390741479,1.0415394551826187,2.0747596468350133,1.0116234971059959,1624807025.6712961,0.5612736408772586,0.09337069595485137,0.6894391128447797
2025-08-08,116679.532854575,1.0238090181125439,1.7426371267285468,1.0049992284602558,1005340863.328706,0.5577525137232161,0.08602139200038363,0.6872739319630448
2025-08-09,116471.775369672,1.0098502034031305,1.8833281460874403,1.001859910082646,316560812.49909997,0.5568009377158488,0.08378254026748733,0.686509720538633
2025-08-10,119279.244750319,1.0185593654280933,1.7799722648704543,1.00846694996748,617186411.116788,0.5669971159705522,0.10444651204631816,0.6938703155235865
2025-08-11,118680.731532537,1.0155160420653713,1.989714741801618,1.0062397365589753,832829909.1240679,0.564321416760889,0.09874291238992752,0.692278962318431
2025-08-12,120103.60041267,1.0295099805410532,1.5072939752420806,1.017244181777457,1518501291.049965,0.5689338245633063,0.10590006907567727,0.6957203879447996
2025-08-13,123313.782043878,1.032232782583541,1.5845959577538438,1.0177550615954212,1848493468.314874,0.5795093333107257,0.1254110320573429,0.7033713252993531
2025-08-14,118380.10001913,1.019768981237453,1.730101053257588,0.9968529928344956,980562912.006976,0.5613055372983364,0.08677112498021854,0.6903272558134692
2025-08-15,117440.368921295,1.0187051191240102,1.3474831070852027,1.0041746482128904,758268242.487686,0.5574885296878165,0.07622276514300126,0.6872631821804478
2025-08-16,117465.102784994,1.118835527444713,4.652208768686045,1.0014891406363438,3320393557.5794444,0.556132869655045,0.07518541448642942,0.68684273798891
2025-08-17,117478.934514884,1.00797347951559,2.1940681607731625,1.000565518639954,262926712.99914503,0.5560455400706334,0.0750660806271933,0.6868530852623699
2025-08-18,116295.377222639,1.0043522627398889,1.8200660166520644,0.9951004278272927,189533204.78413802,0.5515079914041784,0.06572600893296697,0.683661294553689
2025-08-19,112900.73860107,1.0220824913103335,1.6979771625747162,0.9899525148827897,875891015.886344,0.53751473805168,0.037821179840076234,0.6744067859477088
2025-08-20,114302.938458334,1.0161695363409486,1.5833342577255323,0.9993026550441798,679083384.9543681,0.5429722418429797,0.0489792714133807,0.6784902076389221
2025-08-21,112518.639569051,1.007164802242083,1.5140035658707907,0.9877791904293145,269786812.993624,0.5355183437281578,0.03428681899077329,0.6735388722198551
2025-08-22,116903.486815059,1.0392739258187966,1.4969512457297078,1.0120888933073924,1894811855.872146,0.552294599402507,0.06832279078725939,0.6862901314653017
2025-08-23,115401.909286159,1.0123803003137193,1.4011427975694912,0.9984838040085755,386248721.46663904,0.5462814951812957,0.05547897968162442,0.6822027803798338
2025-08-24,113497.119029309,1.0020019541223777,2.5889058713382807,0.995515817030997,77241440.26915398,0.5385640779327066,0.03984629739415787,0.6768251273362451
2025-08-25,110187.030847015,1.0029222589090419,2.338211588774841,0.987553890967811,118608545.65421796,0.524571515409983,0.011923649504762757,0.6670800436493136
2025-08-26,111809.215070013,1.0124295695515946,1.3684167157018565,1.0012933787267333,576899794.143068,0.5313114368290879,0.02563950070570218,0.6720969023256046
2025-08-27,111288.993652357,1.0094460004697459,1.4462231360776636,0.9946814499792463,384760313.460238,0.5288965776642046,0.019864667533772952,0.6699378991174658
2025-08-28,112592.510028377,1.025963253715395,1.3678484559183988,1.0005156012190066,1160047624.251327,0.5338415363288197,0.030563429989242587,0.6745277620974608
2025-08-29,108424.015930646,1.078531058774016,1.761669768047477,0.9760665831590877,3971357581.132061,0.5139250478450073,-0.0046976265626274645,0.6633694222934273
2025-08-30,108852.097480519,1.0090744580446775,1.3548757411684988,0.9969972936118449,328666319.071259,0.5157146129912672,-0.0016288077588679762,0.6644710715240333
2025-08-31,108303.473913268,1.0021191418016573,2.697609512396103,0.9932164581408193,78385507.58701602,0.513173691614865,-0.007249117757473411,0.6622367771942862
2025-09-01,109255.586298373,1.0117647401513565,1.7774277445635251,1.0055196662577,523981030.501441,0.517208593346381,0.0008012131570733951,0.6651581908123927
2025-09-02,111241.631217533,1.0110261351051855,1.9433287736203828,1.0031032361158632,494514801.551086,0.5256014925640013,0.01788748574256162,0.6709982378950267
2025-09-03,111737.97059298,1.009184260130163,1.3860575387664322,0.997643679815146,403209511.19800705,0.5274920371394223,0.021876349628964495,0.6725864223607219
2025-09-04,110743.298264164,1.0181342235003108,1.6615999609549577,0.9989694475345946,884487696.972769,0.5228670143149821,0.011306792893475307,0.6691209862415902
2025-09-05,110671.777093401,1.0424257311710408,1.647813079538401,1.0015857692488384,2112462539.6061,0.5215383957001085,0.008992765588078913,0.6690242977747929
2025-09-06,110224.567575368,1.0092659077128514,1.3091419066616121,0.9986269690129986,286077833.76241004,0.5194625455169432,0.004074824279778884,0.6675240717552198
2025-09-07,111154.666234756,1.0130411818870888,2.009978839733301,1.0020554340562107,381791918.037635,0.5233067713376721,0.012087473991987148,0.6702756325803247
2025-09-08,112070.198855846,1.0151145966394295,1.8130587218309706,1.0026451359030912,670469076.164,0.5268917511833321,0.019284702635497714,0.672905149234615
2025-09-09,111541.127744723,1.0090308541364237,1.4482401341389601,0.9978122122026455,438822009.9366671,0.5244038462582511,0.013456401004830787,0.6711923683976277
2025-09-10,113973.151730465,1.019916697101329,1.4076915304261406,1.0086267198684258,961431523.471496,0.5341932882616015,0.03274117263021507,0.6783502350913674
2025-09-11,115507.416571815,1.027424484460629,1.5193473027797326,1.00846802561127,1103783621.427337,0.5399515094547493,0.04379446172601436,0.6826021592543701
2025-09-12,116079.295283256,1.0245546987067211,1.3954424646900487,1.0087084982505976,925408023.210947,0.541801575111651,0.046530231462868936,0.6841829165955656
2025-09-13,115955.126990882,1.0166271979494472,1.532074621439731,1.001633224163726,611586250.017226,0.5410369017264914,0.04436079907224083,0.683705482614115
2025-09-14,115331.440901105,1.0103290044162803,1.82535550270564,1.0022387088105085,282948351.274832,0.5383958830795241,0.03887248967851463,0.6819697615548596
2025-09-15,115399.127560279,1.0188636268437221,2.630721703624584,1.0015672381534868,1023239060.6481931,0.5382332851489348,0.03889557036345597,0.6820787194354135
2025-09-16,116826.684150381,1.0292441969489483,1.4974571905156817,1.0100869462687265,1078031829.996634,0.5434665531739798,0.049215494859977726,0.6861141348255889
2025-09-17,116474.114847182,1.0329448027276424,1.8057308544242823,1.0037298043795873,1366447556.831342,0.5414657086870777,0.04554132808607393,0.6853943719763197
2025-09-18,117108.935005828,1.022300158144665,1.4544611913836671,1.0056404324579002,946396133.157608,0.5434950629417127,0.04952832678644504,0.6873086379943801
2025-09-19,115694.602656432,1.0487337926803355,2.0211822427461175,0.9992501430345633,1828443806.363653,0.5370850193819229,0.03663935138955698,0.6832858605443091
2025-09-20,115734.809307906,1.0149407949296152,1.3717725986839333,1.0032252280254743,454317377.21181,0.5370457939345049,0.036529437432206574,0.6836168506349398
2025-09-21,115287.441213986,1.0146549776898666,2.3081689760169466,1.003059006708826,369973345.344583,0.5350709393614838,0.03245374238254785,0.6823394234067086
2025-09-22,112782.229169582,0.9977476333193498,2.1707810695786014,0.9888636714613406,-105405039.58285701,0.5247864258276509,0.011681355591517378,0.6752213014434806
2025-09-23,112052.858934256,1.026811285727211,1.6995161679301531,0.9936148670520751,970308647.783368,0.5212234748098448,0.004924159307000805,0.6730854236258922
2025-09-24,113353.447113748,1.030704002360368,1.7383688515307043,0.9999339526515217,1131958038.927396,0.5262258341606171,0.015361831945025939,0.6763964121603576
2025-09-25,109074.230529918,1.0123705954943412,1.550942256862527,0.9863653228819406,574801067.6543149,0.5072195895219586,-0.022933591401940564,0.6632930494070602
2025-09-26,109733.466164108,1.0116678281118408,1.436105984019984,0.9977848651349134,680396389.375773,0.5099982401550338,-0.01697580229857287,0.6653765530828529
2025-09-27,109692.189210896,1.0079795245848266,1.2740667338046217,0.9976214788606572,226152445.35543597,0.5097122195913791,-0.018026772180867456,0.6647541861955368
2025-09-28,112257.237275314,1.0175684825260063,1.8107187071233068,1.006264637951604,456202764.34505296,0.5207774472055989,0.004595574859057185,0.6721923124675698
2025-09-29,114393.691187878,1.0226598585882445,1.9202963954398644,1.009482314174812,1003727787.552403,0.5293068373662795,0.022089840394809608,0.6782349631541532
2025-09-30,114063.275796585,1.032513135686214,2.023506115348428,1.0076506215751273,1535845286.8952558,0.5272578456725967,0.01797846044291996,0.6770120131767863
2025-10-01,118646.283465771,1.0742245822847736,1.8460424394840549,1.0178765730764707,4081714915.6020327,0.543938922917731,0.05274253931427155,0.6896537156123999
2025-10-02,120593.742143673,1.039265268278013,1.4934961106977351,1.0152695997641707,2229535507.612665,0.5503661855637181,0.06579009840013116,0.6952829362719299
2025-10-03,122286.946673376,1.0373564981770635,1.4215584702467758,1.0209482457842518,2441360444.274379,0.5556355292510596,0.07529180558563668,0.6996953243252795
2025-10-04,122418.030417054,1.0330722837939887,1.610827153898933,1.0118661562346078,1176374514.265137,0.5556073617895131,0.07460677443962255,0.6996106859853782
2025-10-05,123537.465178982,1.0254645471760844,2.2443445850419548,1.0076580302398874,907247100.213247,0.559244566826162,0.08181728519849361,0.7018905206882479
2025-10-06,124714.848516762,1.029323267966544,2.4219082458740053,1.0138034987001092,1587887287.02023,0.5627134747945151,0.08884441461666023,0.7046881034775101
2025-10-07,121429.531001833,1.075130370624213,2.28418269046942,0.9983253068439268,3542667055.139032,0.5492986755379214,0.06313093033287313,0.6967147012249922
2025-10-08,123355.093531611,1.035204421977842,1.9223948870673397,1.0146200124592748,2109284232.532912,0.5555342067775301,0.07538360295910418,0.7011999347189126
2025-10-09,121745.512823117,1.0400435075144645,2.0875374427141904,1.0019571629321686,1928455619.8749,0.5488773747572957,0.06228292027444269,0.6972377802247751
2025-10-10,113039.345857058,0.9868935864934041,1.453839278714965,0.9725994444538911,-611626713.0226691,0.5140077366871678,-0.0078493203967501,0.6738377483480631
2025-10-11,110810.242745388,0.999489269305712,1.4067792862621638,0.9841564966043981,-50792528.507874966,0.5042662219712134,-0.026944562341678992,0.6672729306737802
2025-10-12,115088.258570169,1.0135696564894772,2.124197161977965,1.0057572270641508,517803169.82944804,0.5225416760360635,0.010698850157017329,0.6794794718567281
2025-10-13,115321.958876336,1.006195187720035,1.7539591870617852,1.0006675445998998,305385297.478225,0.523393924851235,0.012547206878526677,0.6800526356860964
2025-10-14,113115.288112501,1.0263207898976598,1.5706178784559877,0.9860580692941578,1948537152.537966,0.5132756713081996,-0.005075350292811062,0.6747420907118397
2025-10-15,110815.266921698,1.0786219672433253,2.327079513340093,0.9898008700056123,3694373705.2486353,0.5013989103788687,-0.025020378219973962,0.6677366214709672
2025-10-16,108229.050757824,0.986173601258896,1.355856966862729,0.9762339185142624,-734194044.9660621,0.4896819224012223,-0.0472924139987103,0.6595747854017235
2025-10-17,106498.603354067,1.0135006124272217,1.6045350582477567,0.9863410170856919,653776030.7569071,0.4811152614176609,-0.06292361290894928,0.6539328497344796
2025-10-18,107239.978114036,1.0104405718164624,1.2933486204559903,0.9975164584033034,278014499.343821,0.48458085301143133,-0.05558201804185257,0.6560855532739727
2025-10-19,108747.04197085,1.0065509002238289,2.009868706863208,1.0002340110611372,251028416.834206,0.49167048432490346,-0.0410265165147824,0.6607090292176375
2025-10-20,110584.822523732,1.0089417043102176,1.7715986123528291,0.999753111020781,331421333.9424701,0.49994319579760194,-0.02379659295613302,0.6661103924810644
2025-10-21,108368.509722285,1.0085293060198681,1.4844747447363782,0.9903505218194526,397982123.0912601,0.4892619737930742,-0.04398186173935632,0.6587968975973071
2025-10-22,107600.37133495,1.0435259737160536,2.1288906081222554,0.990217866773738,1858183826.6336899,0.4848230021769064,-0.05058607428915398,0.6554355163460533
2025-10-23,110138.004731871,1.022706145435032,1.621634905958378,0.995433207132184,944859713.0343659,0.49630151446402776,-0.026068345606896852,0.6627599275978913
2025-10-24,111072.135630999,1.0126643596079343,1.5266178722632973,0.9937007400409027,521636634.691009,0.5002979998772422,-0.016988091939337313,0.6646757180060441
2025-10-25,111656.14021356,1.0116202309446247,1.3175860990916481,0.9997917263198004,381138166.44909203,0.5027302029201034,-0.01201731835903755,0.6652766037002849
2025-10-26,114583.603528519,1.0280672368368928,2.483741197436286,1.007485706074224,1008666389.170967,0.5150281494487465,0.013229134797180657,0.6735398940330091
2025-10-27,114143.700236365,1.0267422627716196,2.32713250505714,1.0026005509238223,1111838465.825489,0.5125664881990518,0.009168847646572715,0.6721916513787658
2025-10-28,112964.048665163,1.0468584101083465,1.7514911107971223,0.9990361357373859,2023577783.824047,0.5065228376966994,-0.001191160021376694,0.6687883098905034
2025-10-29,110108.026746427,1.0297438900032863,1.5354235940865604,0.9919271592824536,1256476126.151942,0.49305316024462686,-0.026524606806192924,0.6598973086109263
2025-10-30,108342.85615097,1.0371898460623477,1.4740616744232902,0.9877073961984058,1577820340.425931,0.48409374397467037,-0.041994405225543534,0.6548268205345329
2025-10-31,109619.819306068,1.0107812294004246,1.4096952488780206,0.9921214429736723,497871170.74245995,0.4898661886778126,-0.02933149526658153,0.658731377529928
2025-11-01,110162.286332992,1.0229289414451004,1.725065407664855,1.0004911192129706,748040892.7643759,0.49202993884596913,-0.02460296244949873,0.659706872307596
2025-11-02,110576.714320106,1.007740032294556,1.8441213277843802,1.0004507993811151,230693792.888889,0.49383060077075125,-0.020844298601948672,0.6608430105688087
2025-11-03,106655.710268712,1.0079143000084354,2.1789552270478496,0.9866688734336319,414716334.734027,0.4749734719636866,-0.05677009152515958,0.6483212380706137
2025-11-04,101583.635565302,0.9884108148213611,1.263219027780635,0.9719620153943429,-786896054.7108759,0.4490274746725972,-0.10527583246547424,0.6309709745926391
2025-11-05,103971.149190052,1.0044317978153072,1.1934985455741047,0.9936138551830087,267525861.99770403,0.4617576174065537,-0.08050790332896736,0.6345760375260409
2025-11-06,101346.26469722,0.9934255534371861,1.191616415506738,0.9798873786654225,-314215056.0240611,0.4478555844361624,-0.106155017891701,0.6254595545933201
2025-11-07,103326.208424691,1.0634852920131062,1.988438206713226,0.9912031572705658,3548329343.2145967,0.45693090340906073,-0.08291740649114197,0.6329413159717093
2025-11-08,102298.730646566,1.010031158953816,1.5407114626967886,0.9955814006494782,356657263.499321,0.45128928228130455,-0.09329475433474232,0.6291986339395175
2025-11-09,104725.540876362,1.0079319133214089,1.6012890135493847,1.0039119243013943,255097197.55088997,0.46389268918899557,-0.06828018468514223,0.6374360440417618
2025-11-10,105997.950274382,1.020657952032336,1.3385553697110815,1.004324092514828,862588831.176882,0.46991131454334,-0.055553852330346085,0.6422679097865122
2025-11-11,103087.646722457,1.0041977426359858,1.2713268536338647,0.9923331682793886,226229180.714813,0.4547464551737326,-0.08402543773065994,0.6325547424515198
2025-11-12,101694.525387851,1.0026839231158169,1.3276786514868797,0.9909749632895115,139227290.389961,0.44706822546565905,-0.09749784142982205,0.6274508055816529
2025-11-13,99702.7889356091,0.9911076668407557,1.3422176613782997,0.9757637661052067,-509645337.07760084,0.4362210329588088,-0.11611726867049792,0.6196546180419216
2025-11-14,94667.6980316109,0.9730622549249061,1.1756993966834006,0.9631875620896522,-1764112521.1223507,0.40694262000021547,-0.16946895204263487,0.5998343893674236
2025-11-15,95637.0452551772,1.0036647798345624,1.4358049642779052,0.9972260204251177,141762313.80032802,0.4128962054012432,-0.15729097058135735,0.6032217628770189
2025-11-16,94394.0011993443,0.9959096083250394,1.657566867445912,0.988666580116458,-168220814.83632398,0.40526518501701764,-0.17133794662774748,0.5978599596616774
2025-11-17,92225.443968822,0.9881821144970394,1.3458483022593601,0.9722134513286018,-733049237.943322,0.3915958807125463,-0.19385053094961885,0.5890363243703876
2025-11-18,92993.1480092538,1.0132400599125546,1.3437711277483655,0.9783506912661644,819919697.8055079,0.3963244942822207,-0.1784819016207895,0.5934872794473175
2025-11-19,91527.1735071698,0.9863984297039574,1.0993138421890747,0.9817392599330161,-816709302.6872661,0.38721565963151633,-0.19409382253126456,0.587467146278234
2025-11-20,86587.3725510952,0.9767200363341859,1.2008034616438106,0.9643885439838982,-1206722219.052977,0.35260214113493965,-0.2565997381337227,0.5640484614806287
2025-11-21,85143.6986808933,0.9588820192968776,1.143937567763115,0.9522526784578157,-2643785352.664527,0.3434778530862393,-0.26958989902858055,0.5571335702560718
2025-11-22,84747.7976933744,1.0337654718739733,1.1430918207002647,0.9266662958090581,2776954656.5300484,0.33873255593455626,-0.24267864333360267,0.5708860099046201
2025-11-23,86923.7809890631,1.193320928526911,1.9807657698091237,1.000923300136697,7438675796.757202,0.35117599151019957,-0.2054367872139116,0.5823614433595837
2025-11-24,88313.8112235453,1.001459361569522,1.3458502838030084,0.9926887740624144,63591417.13105309,0.36140011438743364,-0.1854562825868238,0.5888671025861039
2025-11-25,87366.7338865582,0.9957721080082637,2.582131593830611,0.9830996338255346,-179865538.1673119,0.3545631402062007,-0.19656576442243326,0.5835863997475431
2025-11-26,90505.3595091203,1.0374216990283611,1.4345124111177503,1.0002886487439853,1660060975.244788,0.376215271260024,-0.15346782757272773,0.5982769766652755
2025-11-27,91362.5136883651,0.9939466197518838,1.4852661389188122,0.9889062175353759,-237491763.25434196,0.38212239756695193,-0.14155439244003407,0.6009647591970455
2025-11-28,90933.6874307953,0.9911285122527693,1.1835699944841378,0.9873372190511999,-373176836.709994,0.3793556607096933,-0.1455882845912039,0.5983615897266316
2025-11-29,90835.2626005808,0.9984775254462676,1.3237857211264286,0.9961696650115364,-43068348.119322,0.3787028449011448,-0.14642220042171242,0.5967679984472701
2025-11-30,90401.7060384886,0.9931227425013116,1.256984203168488,0.9901825708345064,-221132861.84853402,0.37579150493310753,-0.15117328417912557,0.5948029979168257
2025-12-01,86336.1449076168,0.9859549600215621,1.3597049574446247,0.9707769578177589,-598111254.964126,0.34682582407267426,-0.20213478009258853,0.5759768489874934
2025-12-02,91322.778704371,0.994980657068183,1.2529956505858186,0.9913929505248764,-197787416.03106296,0.3827799974615754,-0.13536765336358397,0.5974813502007406
2025-12-03,93473.0138827925,1.009949826344358,1.2253265923436631,0.9935910035432108,477492116.549397,0.39673395955636026,-0.10787691159668653,0.6073748465410713
2025-12-04,92111.4096179589,0.9985857063761959,1.208749029575339,0.9933659347943149,-55890973.88720101,0.387779817365166,-0.12348264736404292,0.6013765992476877
2025-12-05,89367.6048010023,0.9699547691961932,1.870799673501289,0.9577741579245503,-1255383064.45734,0.3695518519583593,-0.1540982460020567,0.5879891988602681
2025-12-06,89259.4938848228,0.9999293345259391,1.7335934559664004,0.9926182808821755,-1847080.2262049913,0.3687787824305959,-0.15495728843473902,0.5869847687286922
2025-12-07,90442.9650463449,1.0018558934805417,1.536171515363437,0.994534349629653,43373840.36989999,0.37707326614930337,-0.13945308751735885,0.5922292206906099
2025-12-08,90661.9068770528,0.9925302058743435,1.5243225118062735,0.973832292583796,-336422688.88299406,0.37867710810361216,-0.1339163298427169,0.5934782729644027
2025-12-09,92701.4808800457,1.007220872317872,1.4304659089939447,0.9936957078273404,301378011.444193,0.3922559561352491,-0.10807406985514756,0.6023311262125124
2025-12-10,92044.5260657175,1.0274318121779964,1.3961973476948764,0.9956320107648234,1339765270.936897,0.38709639437506027,-0.11425448695013989,0.599795637562416
2025-12-11,92539.4756724435,1.001082449772991,1.2815068921288273,0.9935392578568834,48675453.04857105,0.39042864909382397,-0.10710780801358466,0.6009144744808901
2025-12-12,90302.8064311746,0.9817856953619728,1.0621564188932113,0.9769535756434837,-653725444.724361,0.3755303456897739,-0.13225710296112955,0.5912204161879023
2025-12-13,90290.4960541073,1.0016708711145708,1.1399933815156158,0.9954492585900676,36673394.459407985,0.3754310637634397,-0.1309765755923913,0.5893725917976792
2025-12-14,88194.6433718845,0.9915140988474278,1.0966887603219975,0.9897087998163766,-223175057.88746303,0.36065195951167717,-0.15701391495831798,0.5794026322711416
2025-12-15,86459.5402483796,0.9659757854539555,1.0990832344560677,0.962501480763788,-1312985445.617299,0.3485197526285553,-0.1769253675311821,0.5710406153739045
2025-12-16,87875.0551103361,1.0007368678165083,1.1075001736464762,0.991902262378098,30230347.798133016,0.35912197468016194,-0.15532025545486236,0.5769074781993856
2025-12-17,86273.474202191,0.9839683900761319,0.9632302161167102,0.9855177746514826,-646147579.0229621,0.34750170115518597,-0.17378497918028346,0.5683207844079827
2025-12-18,85515.9698822669,0.9913284316202406,1.1135865585609868,0.9882864009492465,-282800375.261585,0.3417942346975299,-0.18224713479791504,0.5631033341323595
2025-12-19,88132.3337994023,1.0002813912574127,1.050358121931613,0.9975226223033874,34846529.92078102,0.36138839759750546,-0.14496241551094455,0.5742440646652385
2025-12-20,88367.8706120294,0.9803149573881085,0.895436002232279,0.9955919988878298,-647639589.450137,0.36346629190210494,-0.13906007462175357,0.5751364551395092
2025-12-21,88654.92324492,1.0053533006403597,1.7541971701266303,0.9992785792587519,121529476.366645,0.36546584739271953,-0.13506896337860577,0.5761942466951163
2025-12-22,88564.4856021548,0.9987905163429543,1.1860988566316568,0.9940796751572577,-39172485.15052503,0.3647599160277143,-0.13549873104639193,0.5758256777016046
2025-12-23,87448.1793469711,0.9969669054053427,1.1800573344607117,0.9859417182231043,-113688216.40600902,0.35671053941753905,-0.1473639579196279,0.5692477021100529
2025-12-24,87642.0849744413,0.9876307232814834,1.2319650894291223,0.984929862736159,-422932514.126985,0.3583743654037276,-0.14223938390274493,0.5677909160759167
2025-12-25,87211.8447167885,1.000450856459606,1.514038641456983,0.9956205850198833,8025813.736055002,0.3551538405520636,-0.147063391141649,0.5647835483441693
2025-12-26,87337.9549401579,0.9744357003284589,1.1956403783128926,0.9717306516027917,-1009281540.263895,0.3566033357258811,-0.14282387742026675,0.5651195095417095
2025-12-27,87846.548611719,1.003608441027398,1.3419018883734048,0.9987931406266598,69150060.493702,0.360328070870373,-0.13522227023592542,0.5661473998431436
2025-12-28,87896.8239402761,0.9890065131392032,1.2107498311310914,0.985089942110184,-233722167.190022,0.3608105524893217,-0.1337052431078713,0.5662938733041979
2025-12-29,87160.075472716,0.9932755221625661,1.1696868787347794,0.9897943105194628,-307185132.581658,0.3554799635836033,-0.14194415209116878,0.5627081133961269
2025-12-30,88428.1988620674,0.994372329255726,1.020345284194902,0.9932722953947113,-227466689.03812104,0.36495928551123447,-0.12412081692898232,0.5687619473118325
2025-12-31,87535.6902474645,0.9843175485415516,0.9267765283084322,0.9898052228348063,-712928445.198986,0.35882746541426785,-0.13300917009441843,0.5648606352184067
2026-01-01,88745.0287621538,1.003473274001795,1.0866119587149066,0.9991638163360402,111169340.731341,0.3675984830651788,-0.116573950084391,0.5704193714086894
2026-01-02,89952.6843898464,1.0011154092293146,1.0846804518035356,1.0000347242056231,55572280.03597796,0.37606710609547206,-0.1010064254619581,0.5755534421348555
2026-01-03,90606.8149679688,1.0021993599867127,1.3725429290773805,1.0000631534766313,73229930.33087301,0.3805388859000701,-0.09259448234428597,0.5777643516823227
2026-01-04,91485.25336134,1.0035346329248378,1.2801583699977266,1.000831532451437,124409245.364707,0.3864063511734074,-0.0819669038995709,0.5816621672474609
2026-01-05,93850.2531973148,1.0145375705506443,1.1822622682088282,1.0103346214679598,616873267.5538371,0.4015256293012858,-0.05513783892340106,0.5921564227479871
2026-01-06,93703.0230318237,1.0107674807211722,1.5079273410740093,1.0068702621631238,397759487.909945,0.40040980329507675,-0.0566891418085636,0.5905711806440817
2026-01-07,91309.5006800383,1.0032052751885079,1.113387649611543,0.9897531678248221,126272108.92930901,0.3845493290994166,-0.08240010690767177,0.5807907986034127
2026-01-08,91031.7449513942,0.9944489693928492,1.0307861506806866,0.9932126032683162,-190286950.09623602,0.38280440618931943,-0.08386947485915999,0.5775899043731217
2026-01-09,90542.0107208209,0.9879810691226067,0.931333783891597,0.9909716106442075,-458528044.305372,0.3796675963385692,-0.08805921548620506,0.5748923910174569
2026-01-10,90406.7860692108,0.9997886586983827,1.1713516933731771,0.9918196612109922,-5686103.737858951,0.37872826177614977,-0.08855001250744919,0.5737060632760923
2026-01-11,90894.9504472554,0.991809238542705,1.4921186233516786,0.9886396929935007,-205850080.59876403,0.3821881808759955,-0.0819742331076636,0.5757603998873804
2026-01-12,91197.5769620987,0.9961706311792984,1.528282287967774,0.9845542902420213,-114386507.20301396,0.3842723238791728,-0.07721949466872458,0.5770706121278901
2026-01-13,95336.3777373708,1.029705704918049,1.4317818580575328,1.0184470897549198,1317376224.757731,0.41057328356258865,-0.03129696081719676,0.5950112049949928
2026-01-14,96917.9397276158,1.0172328380525164,1.510207036431711,1.0097563968328884,804478171.722547,0.4197237119653817,-0.014734286033905393,0.6010372983714761
2026-01-15,95571.1381115715,1.0066256021403748,1.1200730303001865,1.0035453168024375,297568192.27089494,0.4112665571001786,-0.028248856818126486,0.5945181943448263
2026-01-16,95515.1333139978,1.0065435124247126,1.0153068907785354,1.0063479708914764,254824041.21669,0.41081610319803796,-0.02795829014988526,0.5925543904957659
2026-01-17,95124.1332762488,1.0096789181067125,1.8644847016593753,1.0025069097903534,267497655.144218,0.4082287124077352,-0.03147820298736642,0.5895712551028508
2026-01-18,93649.9710544255,1.0011504373159847,1.573315749346656,0.9955577267464267,15524587.934994012,0.39883272682602106,-0.04733039613641345,0.5829119644116095
2026-01-19,92583.9042441966,1.0001425926942416,1.6595606309807207,0.9929149585709471,1362889.1333720088,0.39193314563538156,-0.058566581417927574,0.5774968260484441
2026-01-20,88346.885839498,0.9770085568381941,1.1946545828829673,0.973831493755275,-1058324745.831443,0.36318101507848194,-0.10646283084799046,0.5567979908071148
2026-01-21,89404.1682044034,0.9937846046049531,1.0919315136245724,0.9917428833771369,-229869009.767789,0.3709782529008552,-0.0918247394519366,0.5607197098438454
2026-01-22,89489.0566126884,0.9952347125095011,1.2184725147255047,0.9888129720096056,-180665763.14235103,0.37167203555157713,-0.0891294938235238,0.560362531697292
2026-01-23,89520.8022481017,0.9261458791569139,1.1587788529946885,0.9233095590665302,-4450420764.074934,0.3744396169266624,-0.07903454884193797,0.5593133112160358
2026-01-24,89153.8461670402,0.9980171667631822,1.304158876807521,0.99445442967513,-43891022.10870601,0.3718940152865752,-0.08221568327362117,0.5560806267870083
2026-01-25,86629.4264271021,0.9909338476365145,1.33399666149265,0.9878687451606946,-257119080.70401302,0.3537112309244027,-0.11247472222748436,0.5423872464010949
2026-01-26,88300.0866603494,0.9984955725586299,1.1210954451859816,0.9966158206830932,-51133125.32039899,0.3660235439484888,-0.09063878594684528,0.5504807786579021
2026-01-27,89165.6692825308,1.0036421100648205,1.2176437166709277,1.0007640353338256,125353704.755554,0.37214023926802037,-0.0796363416310705,0.5542391967691185
2026-01-28,89192.9582213948,0.9964780190702018,1.0062492981006834,0.9962597940929437,-137377815.37524498,0.3723639968349521,-0.078325218432214,0.5536919005288545
2026-01-29,84601.2823587058,0.9780372714412668,1.0832723776386046,0.9761735298645675,-788913666.8366951,0.3386936369619544,-0.13434080424865966,0.528622631145067
2026-01-30,84173.8766430262,0.983149597311154,1.0798367253458727,0.9803530599802751,-688472943.195078,0.33588925385301155,-0.13743617557453283,0.5255048504017187
2026-01-31,78666.2428708279,0.9662336248337321,1.172830900626136,0.9616367592374562,-1205912401.272387,0.2899789561881501,-0.21255808200826995,0.4902506323348197
2026-02-01,76959.7296437836,0.9828263861400564,1.2145938138918344,0.9783579841145955,-610726257.0589991,0.274564452062893,-0.23653529994781516,0.477665429230792
2026-02-02,78733.1765033467,0.9841786558577205,1.0278811342577405,0.9825252374124703,-757764156.5152551,0.2915240774233435,-0.20593224789314746,0.4899831939551801
2026-02-03,75716.5664692014,0.9526034587175216,0.9718580691538902,0.9521118285879039,-2458692149.079346,0.2646394477513651,-0.24664677851914812,0.46840862856119786
2026-02-04,73068.2719883667,0.9554929575443419,0.879728934349401,0.9579033161910881,-2237014548.921557,0.23942186091993423,-0.2849928068022724,0.4483513108614705
2026-02-05,62839.7650444714,0.9020466407943138,0.7976007171814454,0.9079701601080229,-6636879536.554842,0.1197602678966248,-0.472852089106766,0.3591079216878252
2026-02-06,70573.4229933723,0.9993426445267806,0.9174140270873051,1.0030663272832123,-22283600.51364994,0.21735204445232792,-0.30897045559698033,0.42863833877256
2026-02-07,69269.3602005521,0.9569332410122786,1.1498249333292476,0.9545869480814201,-1390011103.908592,0.20362531001749523,-0.3286928433571351,0.41668487116071284
2026-02-08,70339.0496837085,0.9992985594617887,1.2561509931164692,0.9964103253709556,-13213135.247990996,0.2156328955244191,-0.30743646240678235,0.42477374912030785
2026-02-09,70121.1090794672,0.9726123407130575,0.7999377667824542,0.9778232389334559,-1059902721.404959,0.21390437231526332,-0.30849486055615927,0.42331117418333825
2026-02-10,68822.7395340787,0.9710158803153441,1.007414084702547,0.9696540546206318,-1007780085.225688,0.19974512700809993,-0.3291556394076797,0.41244630679113
2026-02-11,67068.6025877336,0.9657014234373489,0.7670167812259525,0.9737855147748274,-1104447077.664006,0.17975359993849277,-0.36007395031780154,0.39666382392465815
2026-02-12,66248.1233279265,0.9631365122897806,0.8573629923623427,0.965436170741247,-1293330171.652396,0.17058938778765415,-0.37215950377535795,0.38833139650737414
2026-02-13,68859.0635766772,0.9795957179148022,0.7635327396877117,0.9977052231464506,-598058626.644574,0.20259677245271335,-0.31708875406618914,0.41103703952000487
2026-02-14,69815.9330046114,1.000597954139328,1.0181624907341071,1.0004477317185174,20644230.23992601,0.21347756030122697,-0.29760536231974544,0.417675843745945
2026-02-15,68854.1497232581,0.9928975258924476,1.04960806102596,0.9924236719055763,-130642176.21429399,0.20253034561516825,-0.3143264297498167,0.4085453184204537
2026-02-16,68904.2963068454,0.9782029038002694,0.8840297544854453,0.979514288126954,-468436706.947825,0.20351918542560246,-0.31183055166947043,0.408886137975789
2026-02-17,67503.5250146202,0.9800891246770215,0.9922111764709647,0.9799101927465861,-562886214.4493029,0.1873371728902194,-0.3360287238722893,0.3953964115035389
2026-02-18,66482.3899978355,0.967383193689482,0.8229635811897381,0.9755308742776007,-923722305.116853,0.17544829961521874,-0.3514732466526295,0.38448405733710334
2026-02-19,67011.1140781272,0.9894231906951351,1.091353352686703,0.9878817188791539,-279078863.151405,0.18224564562411552,-0.33677135870961794,0.3863802462370704
2026-02-20,68015.8203669575,0.97425804858781,0.782237517623292,0.9789946533736106,-921975153.490655,0.19510563842986234,-0.31258561610818403,0.393819874441599
2026-02-21,67990.5481068716,0.9988437783566697,1.1792850881700139,0.9970978357005061,-23908793.36106199,0.19479282312382706,-0.31144328080953465,0.39226521993835956
2026-02-22,67658.0129483908,0.9948586557491789,1.0137583377749848,0.9947312038827048,-99870206.40098,0.19091229103243318,-0.31603203808157154,0.3877530973072244
2026-02-23,64669.6835476588,0.958474286317585,1.048455791445955,0.9570360806749375,-1085637328.464691,0.1542840391606531,-0.37280210990700813,0.35905047332645224
2026-02-24,64088.2502348351,0.9617184463918731,0.9095721585547712,0.9628826084411797,-1348830190.95624,0.1477077317408857,-0.3785224977662499,0.3508726064830593
2026-02-25,68015.0669780741,0.9945393295101835,1.0091869709425358,0.994340249496307,-146317180.524006,0.19706311124468798,-0.2968380431347033,0.38697812334080295
2026-02-26,67507.9844481566,0.9950573738378536,0.9634727288441123,0.9956052617339706,-181533623.173781,0.19114962976246863,-0.30414070483445044,0.3809911633179994
2026-02-27,65896.6155382556,0.9745254614752337,0.7383227954684382,0.98092205526054,-741480164.1591821,0.1718788895069204,-0.3324979258814503,0.3644510977094614
2026-02-28,67040.3084018812,0.9966639658758748,0.8889490794624085,0.9978780151258059,-54652948.74926901,0.18614986110403942,-0.3078665936561812,0.3734536272088313
2026-03-01,65786.101993851,0.9862554070846593,0.8149115819675475,0.9887269793503775,-251151775.40115,0.17073941249148678,-0.3312083413370623,0.36069460713858587
2026-03-02,68828.4065214842,0.9977914109351639,0.8645574879595959,0.9999815324133601,-54553383.44845897,0.20746799243188815,-0.27182337166171394,0.3889016342856788
2026-03-03,68322.3578278976,0.994716257760169,0.8672198524446157,0.9964982285596591,-158193061.62141502,0.20175013202222508,-0.2795116179806396,0.3833820746332931
2026-03-04,72691.2510514572,1.0062991773549255,1.0911370814895573,1.0056539130861455,235515625.21432102,0.24961013827352727,-0.2018968454472768,0.41943738442297646
2026-03-05,70880.5967478895,0.983367929067429,0.7710376476456817,0.991008602730756,-493784178.23187894,0.23064304894488818,-0.23042659911249694,0.40420935322814683
2026-03-06,68116.8018245498,0.9648277140555016,0.767065891099807,0.9745666807837008,-1175477618.768736,0.20020294079369702,-0.275470398195713,0.37929445661728384
2026-03-07,67256.5348484921,0.988096837642819,1.0262768714680865,0.9876838992031753,-207731369.96732402,0.19013217660126447,-0.28765252369495714,0.3685725395210105
2026-03-08,65974.5477946956,0.9920691523759223,1.3986945754381048,0.9891858180178184,-149814546.682573,0.17447678109881196,-0.3103336531786622,0.3549877764615558
2026-03-09,68444.0494041355,0.9965876327726233,0.8231069843893919,1.0022477787758166,-82818042.09609199,0.204392830149968,-0.26201369728189494,0.37808838707564674
2026-03-10,69950.7502400302,0.9999763776223078,0.8075368874029597,1.0029634012122213,4917246.2884789705,0.22152501298090646,-0.23369521707982716,0.3908142931451478
2026-03-11,70196.084579246,0.9629730468873149,0.647053774247775,0.9933141530487641,-1103122765.016262,0.2250616850954269,-0.22581186061931552,0.3927790737120086
2026-03-12,70521.4004687114,0.9913832518666269,0.8498538041542606,0.9990613503861373,-259175167.83227104,0.22887814088697797,-0.21707491716540267,0.3945159337987806
2026-03-13,70925.8114572419,1.0003006712051876,1.006037341588597,1.0002018061340818,10685997.077459991,0.23319110429613546,-0.2068314511554907,0.3957227266150112
2026-03-14,71210.954807485,0.9894571203862935,0.909206022067546,0.9906805363613368,-182849824.09308398,0.23649088394111253,-0.200090703072297,0.396984653469547
2026-03-15,72805.7068200337,1.0106746117237448,0.9950238837842299,1.0108088650797418,203948679.89849302,0.2531353141451832,-0.17311336600848448,0.4091378782114529
2026-03-16,74862.8476786669,1.0131983241415652,0.9865090114645793,1.0140108939739698,537902934.218646,0.27339238639376534,-0.14139790552724318,0.42545061383956834
2026-03-17,73913.6230590201,0.9956392698624041,0.8758173793238602,0.9992752956882545,-155766818.747734,0.26407442050156626,-0.15476136117967432,0.41776568393032903
2026-03-18,71238.6664717889,0.978351011249746,0.7354258775344528,0.9844143333783325,-695662497.696715,0.23681057144282613,-0.19427366180660363,0.3942413445219507
2026-03-19,69922.5894957813,0.9820590863613955,0.7913045691029275,0.9888411165716285,-430707909.68744904,0.22277259566371346,-0.21214171491309192,0.37990595224428914
2026-03-20,70504.1086044815,0.9913109040619439,0.8886554212701836,0.9943217615699584,-228609235.632337,0.22937606603940086,-0.19971864103294404,0.3837003133568022
2026-03-21,68906.0389535765,0.9886788824694904,0.992538866184836,0.988640291086317,-147942463.794944,0.21150662021773647,-0.22550602803565042,0.36787219304035895
2026-03-22,67860.149345612,1.0247542445533055,1.8973070383141581,0.9909284124891542,432559333.93800205,0.1990495183455215,-0.24220106542212066,0.35709998090623013
2026-03-23,70889.4709550516,1.003515637830373,1.1679931786783595,1.0008368050647722,115630752.42796898,0.2332929408641604,-0.18815037597122908,0.3839752233771184
2026-03-24,70527.7404395897,0.9744371830367923,0.9968234097028428,0.9741180222093286,-828956400.217919,0.22996706923960986,-0.19120892369566678,0.3804766955858233
2026-03-25,71303.5184620582,0.9898807708259452,0.7849096142121327,0.9936331425434172,-279919346.114977,0.23852745518511265,-0.176812129497965,0.38672887561265884
2026-03-26,68786.6301555163,0.9843160869460194,0.7724282292443382,0.989355624256858,-513424651.710445,0.21089464259710008,-0.21625131750067667,0.3624695514105916
2026-03-27,66375.299698075,0.9663832726495887,0.7587830916213153,0.9703238118299098,-1078107344.8295772,0.18302576771437878,-0.2549562628423421,0.33747591423266565
2026-03-28,66345.5735868404,0.9806566721713236,0.7193376617144633,0.9924568758552554,-338097146.52502304,0.18288522453980793,-0.2532921594153151,0.33636337151611934
2026-03-29,65980.6531858915,0.9916520959987829,0.8562960261952313,0.9935388678564604,-141862926.08952,0.17845925720397393,-0.2584607774169755,0.33173469280798007
2026-03-30,66742.3433780163,0.980067911106288,0.6698132178476058,0.9924013539977077,-687341106.255444,0.18834204592572576,-0.24174778841001923,0.3393349323943003
2026-03-31,68228.0350020951,1.00411235868795,1.0052809034102053,1.0040516230872403,130204762.59556699,0.20607341800627232,-0.2125824257384009,0.35304938507104144
2026-04-01,68105.7787851469,0.9946844101485575,0.8631183867746636,0.9969481372688359,-132378053.569095,0.20466031440233315,-0.21126531658572312,0.3496586446837668
2026-04-02,66898.967846853,0.9830204700116523,0.7735035168748025,0.9875154200469516,-612668432.807148,0.1908319907566897,-0.2283337692241588,0.3357546401653428
2026-04-03,66954.4639577169,0.9911219716425984,0.7585734012738155,0.9959736599209047,-210353351.626138,0.19165888371584014,-0.22378505426364606,0.33403734427387977
2026-04-04,67300.0441785073,0.9976133902726724,0.8874005100239956,0.9987798217474431,-41354215.15329701,0.19583427043715093,-0.2163436491639342,0.3367469835293943
2026-04-05,69002.0896882011,1.02200771765545,2.944888656437569,1.0070172859466435,392727005.744041,0.21547867711336272,-0.1850634920645335,0.3518754911324499
2026-04-06,68849.2166042502,0.9932014971533815,0.8348565359174922,0.9967090101472875,-164307324.78634098,0.21369020837262542,-0.18675934074806816,0.35030634368556335
2026-04-07,71917.6371410204,1.0127661416981484,0.8997544712939225,1.0148765295537172,452519859.593652,0.24728318537786012,-0.13631134976175419,0.3774427924793085
2026-04-08,71089.0752463362,0.9960378436425597,0.8109568176012724,0.9990940294353092,-132179485.93802997,0.23832411624604669,-0.14707063613892368,0.36830126198167995
2026-04-09,71797.3226310816,1.0016288024938418,0.913541579998239,1.0035434405281412,52465884.281041,0.24582938693283557,-0.13334662598748534,0.3725963609888248
2026-04-10,72973.5354878022,1.00828455880236,0.9440659981330319,1.009224777797384,279556584.086614,0.2578276560813093,-0.11390592218962263,0.3811478127224813
2026-04-11,73066.1612092424,1.0088893740573441,0.8843062827907201,1.0105972531481624,241778985.220244,0.2585750965054747,-0.11099815163952603,0.3801955091042678
2026-04-12,70750.5597834854,0.9924530443903912,1.2475368124085198,0.9901160717625049,-146786448.817085,0.23437449214266895,-0.1461052252269909,0.35939257585097795
2026-04-13,74439.1417681227,1.0188529006974671,1.279683110624731,1.0165361396107888,636194107.146231,0.27210668939153093,-0.0905126610554144,0.3910267564447871
2026-04-14,74170.8260823513,0.9956626678325982,0.7923000691422037,1.0126816974588924,-170063279.302845,0.2693799630868677,-0.09341765879522354,0.3888802941243562
2026-04-15,74819.730535068,0.999831198770323,0.7763576891716485,1.0079323215319849,-3502486.6932700276,0.2757942404615813,-0.08279754333610576,0.3933307983684154
2026-04-16,75160.6475383367,1.0039342265140991,0.9741348531590899,1.005051571167074,125802325.379298,0.2790019110633527,-0.07677333308669575,0.3953481698408775
2026-04-17,77105.6841612769,1.010730659214603,0.8993419086192097,1.0132084569414987,400268826.94772196,0.2968516697957477,-0.04959116514172174,0.40980179301937625
2026-04-18,75730.9852333289,0.9975560963514715,0.9254131525848186,0.9987571929421833,-70616651.02160001,0.28410182331187317,-0.06721091871149995,0.3978053589361014
2026-04-19,73834.8319428331,0.9912863347010786,0.8877185710525768,0.9927413758442343,-227504288.459163,0.2658117901984121,-0.09376907660579817,0.38222260889932674
2026-04-20,75866.8114576594,0.9970044991863704,0.8349593267662518,1.0063655590206733,-81569376.46056998,0.2856050779169819,-0.06460662189777763,0.3993552754562295
2026-04-21,76338.7183526742,1.0044133803801178,1.0747577585020587,0.9996262573032115,171512746.56932294,0.28996947483087715,-0.05653734117427199,0.4024335999557423
2026-04-22,78197.0445142818,0.9911964909537303,0.7649091182368359,1.0122550176415555,-343163905.104012,0.30693558479857214,-0.030432561925467477,0.41578483990329934
2026-04-23,78282.169442851,1.0026821942139068,1.0481942703229574,1.0019493185104258,91936046.79692298,0.3076966447625788,-0.028464868438781214,0.41528899332030517
2026-04-24,77460.0457327105,0.9669942240106159,1.1743059038742758,0.960447894241409,-1809580461.085688,0.301247409418641,-0.03316944350587178,0.40861135380590996
2026-04-25,77647.0974905372,1.001579138287534,1.1150069407052443,1.001027047036887,40366491.941915005,0.30291927013989045,-0.029665959268635418,0.4074835248592922
2026-04-26,78674.2482259035,1.0070042720237171,1.4017388437137484,1.0045794241234671,166777602.055706,0.3119278490529231,-0.007805461223306809,0.39656900420983
2026-04-27,77383.7893616812,1.0011878203846682,0.8585699785074727,1.0043644912053333,37770684.06033701,0.3004144479487687,-0.02011314123048072,0.38021396657334733
2026-04-28,76353.0417902478,0.9960992681169571,0.9334439684768381,0.9972884817987915,-135026227.53372,0.29103408813853165,-0.033070945437720045,0.37159138621077925
2026-04-29,75763.7106454231,0.9840850693240246,0.7874358028639644,0.9976072989764014,-518961795.241038,0.28579254843273777,-0.04031802102017954,0.3672040934693032
2026-04-30,76313.763712442,0.992990052174677,0.8178729745235755,1.0017386261640933,-222581213.65693697,0.29112836217234705,-0.03236143462986673,0.37191351483316537
2026-05-01,78217.7724802946,1.0161119693771923,1.3293276072479405,1.0096351386952627,545356958.3235949,0.3080495538581317,-0.007926508630110197,0.3870225080613356
2026-05-02,78674.3049851104,1.002892923130177,0.8681418428722217,1.0050383761361503,83357137.61187401,0.31200868769858925,-0.0020074616061424434,0.39028567358709515
2026-05-03,78558.5857207882,1.0094030498041926,1.7901179975432746,1.0019642111734646,197530243.35407603,0.31085121142027433,-0.003443315388460036,0.3892262008059156
2026-05-04,79840.2788641106,1.0313584507455626,1.5632803424633919,1.014627744110769,1129275210.589534,0.3212057960502458,0.011183295521875896,0.3989056169044421
2026-05-05,80898.1375987088,1.0169035766842272,0.9412203027298564,1.0183834275130488,567112998.719162,0.3297539346765598,0.02259922321279536,0.40645028877937533
2026-05-06,81443.7820622719,1.0087319160630266,1.0426788902980317,1.008170771244464,292772525.14976203,0.33404624846540615,0.028772186611106716,0.4101392436163116
2026-05-07,80011.0661804087,1.0004404413571097,0.9136528742541112,1.0032293211783987,1565654.9061120152,0.3221040795896291,0.012060807676796237,0.3991358437644254
2026-05-08,80192.7561464176,1.0005865576385289,0.883418798423211,1.0037264395450236,17414906.95734003,0.3236105275819943,0.014987241347905501,0.39990228466352856
2026-05-09,80666.5488959027,1.005148148927945,0.9894677587600599,1.005432707018765,97790007.59563199,0.3275139510923792,0.022115309681891574,0.4019084191607149
2026-05-10,82186.4967576366,1.0075837449836962,1.7860736769019272,1.0021754592317091,163763665.459218,0.3398377701317302,0.04015778630962094,0.41283723733465977
2026-05-11,81716.7324988128,1.0072344944788425,0.9954977679501608,1.0074317623338365,223043302.75967896,0.33590830141521527,0.03399808673830688,0.40951913048283994
2026-05-12,80474.9351498814,1.0026429436567523,1.1056557618501712,1.001588198920938,83086006.37723199,0.325601083935734,0.020443702474325944,0.39915572109571
2026-05-13,79279.3837872281,0.9998877094820499,1.010341331290025,0.9996210803874708,-10997213.842954993,0.3154368446689385,0.006837184659037772,0.38946750179209066
2026-05-14,81059.6921022015,0.9984276251846628,0.8073640514809548,1.0076270398726148,-27961053.193475008,0.33045142796412924,0.02959330616542967,0.40204003700276025
2026-05-15,79064.202104273,0.9930646151130449,0.8506835959712321,0.9960567895009947,-227902934.011441,0.3136168978740707,0.0059467330385046145,0.38687040139775136
2026-05-16,78112.673128654,0.9986989309470852,1.2966112934262417,0.9969909122373783,-31981883.808797,0.3053039025337832,-0.004829390579039508,0.37850783521333875
2026-05-17,77418.3027426434,0.999949821649339,1.165988917918166,0.9988968274062303,-4336209.108221009,0.2990653414585572,-0.0134098069933154,0.3726590095697359
2026-05-18,76952.6600117744,0.9899123513239256,0.8914685228676748,0.9924837932502478,-313359013.76172996,0.29503675174572536,-0.018572085959503853,0.3690001652630284
2026-05-19,76775.5537178455,0.9860612988917714,0.8053976638836275,0.9960816431657278,-437373317.0366119,0.2936952459208571,-0.01934081921554007,0.3670081453453079
2026-05-20,77486.1902221301,0.9952326782809935,0.8120749298125289,1.0022437430373567,-113173666.32428297,0.300243802119887,-0.00966169298759614,0.3726957850081806
2026-05-21,77554.5658389441,0.9959285126581938,0.9209668961908414,0.9985979333139037,-109419905.29975897,0.3009244747929921,-0.008276649672203217,0.37318819086742483
2026-05-22,75464.2176773764,0.9877073342770776,0.8721458952574832,0.9919685502735417,-443964069.786953,0.2818323997133985,-0.03498887000142901,0.3560810147433906
2026-05-23,76694.8554666895,0.9918856136442931,0.9310425318021435,0.9932552857860545,-140330030.95983002,0.2934267663306678,-0.01759010141676937,0.3662168090125495
2026-05-24,77039.1085783474,0.9996795919931962,0.9181810720201575,1.001474425315825,-2069134.3144350052,0.29657041833567516,-0.012468804741879929,0.36861092959645947
2026-05-25,77287.4872232217,1.005595589131909,1.2586548010500849,1.0033280437175291,135251598.19537997,0.29874611981820764,-0.00931821424856353,0.3705346916055164
2026-05-26,75831.7808008651,0.9887973197461317,0.8660477253459281,0.9948445421246604,-312367866.13302696,0.28547653859129773,-0.02763941118594383,0.3584980859443956
2026-05-27,74324.8174655543,0.9887889227138781,0.845545269168612,0.9928155753256551,-363294499.912512,0.27123572832943493,-0.046768075804620904,0.3450594218739946
2026-05-28,73522.3174772147,0.9682908735966033,0.7453744153069707,0.97898387483846,-1346273359.970768,0.26420938517816334,-0.05283086503846035,0.33698231172994436
2026-05-29,73370.0186182953,0.9789218194584176,0.8489744608589678,0.9871429488270428,-788734272.350902,0.26323938951489634,-0.05288123625610272,0.33630892267679646
2026-05-30,73794.5390301552,0.9899584770400776,0.8787801420947517,0.9965234572720124,-219059285.94442898,0.2676115155958502,-0.045637613648861354,0.3399062514626601
2026-05-31,73595.7587259674,0.9988187988676892,0.9717885058542319,0.9991217632103415,-27235305.619757995,0.26564672931056604,-0.04791372109539716,0.3378356717340918
2026-06-01,71285.6072615943,0.9816386023700031,0.8188949699198451,0.986061052474454,-747920412.351255,0.24238837088788226,-0.07920496226299542,0.3164956698594256
2026-06-02,66653.5264028335,0.9612299514302416,0.7471886463661587,0.9735290216961257,-2040770668.0675929,0.19131979786358697,-0.14728891202408823,0.2696186302915477
2026-06-03,64045.2657877584,0.952233273097452,0.6872233971898901,0.9646765875047204,-1947807222.063599,0.1598804769808551,-0.18515305097171034,0.23897090705311358
2026-06-04,63808.0046024093,0.9540790630429022,0.6983213154922807,0.9644461238704833,-1479043616.79102,0.1579057043225128,-0.18185458023032683,0.23497805637136732
2026-06-05,61037.1810235551,0.9519703785636782,0.7786056676097152,0.9602380692794944,-1534722723.184496,0.12092974865413121,-0.2270041953472905,0.1994834607262804
2026-06-06,60860.8647790865,0.9713406495619106,0.7420138872615194,0.9799550524973191,-621983181.828474,0.11889638855068624,-0.22723477906617673,0.19696823603475583
2026-06-07,63290.3358178844,1.0010818471716505,1.0980595723707398,0.9991830640854208,29194623.819521964,0.1526385038190683,-0.17949279170435956,0.22771873038176763
2026-06-08,63066.5657075972,0.9898361487679548,0.6787569533207297,0.9993318767883451,-250127712.92890096,0.14986820166318449,-0.18300125470484718,0.2251928431214117
2026-06-09,61676.6004052673,0.9746983007948018,0.7504693892675353,0.9836432999979553,-640263480.5036759,0.13123104826970747,-0.20579266800595925,0.2073484761033484
2026-06-10,61369.4478583849,0.9661050827174985,0.7856440037787106,0.9700369780136714,-938326009.833151,0.1276266337111287,-0.20530308046240858,0.20232019696570147
2026-06-11,63625.99,0.9713025128900288,0.6717094852755985,0.9830241906245798,-750603594.709901,0.15900918647361875,-0.15257368258475856,0.22705726826411562
2026-06-12,63580.01,0.9917001466300097,0.7664359729150215,0.9956749927888849,-229678003.94168103,0.15855070278296857,-0.1518365152858683,0.2262991216893486
2026-06-13,64105.56,0.9945447697749562,0.9747778148783375,0.9946537911235651,-68653667.652504,0.16545734650702013,-0.1396520264872739,0.23144262120165657
2026-06-14,65746.45,1.0081411597291086,1.39727826955776,1.0045118234839865,120756247.247171,0.1862580688690361,-0.10777438450181603,0.24880208589208921
2026-06-15,65434.02,0.9895314143527648,0.7397508801843826,1.0018420260837106,-276739489.797969,0.182509858844479,-0.1113736977644569,0.24501343139241583
2026-06-16,66401.43,0.9948895246997822,0.9019120026976349,0.9983190252686953,-160038494.168675,0.19463602535527588,-0.09249067813215453,0.25536541396774
2026-06-17,65749.59,0.9932741717128163,0.8478224838624753,0.9956043308636287,-174741549.86708298,0.18681999076077546,-0.10040598791996858,0.24716571875201043
2026-06-18,64644.01,0.979291282971753,0.7432923147418375,0.9847423447950207,-505300492.47569704,0.1733483523941553,-0.114996554181112,0.2335636413953922
2026-06-19,62878.0,0.9817082651123195,0.7131714457290259,0.9887201111979723,-438233041.903332,0.1504287045205923,-0.14228558435858335,0.21127816374566571
2026-06-20,63544.7,1.0001559794464552,0.8676967875318983,1.0010438823300691,4517020.672113001,0.15934080242903875,-0.12695376403147546,0.21824898646149973
2026-06-21,63311.99,1.0331965804480652,2.672528667546125,0.9993369341257591,676899811.6438091,0.15573382188933618,-0.12852120295050792,0.21420563371961854
2026-06-22,64020.01,0.9944046067053657,0.795406938388807,0.9969458003118898,-149871413.54217497,0.16512435940938203,-0.11508044267921737,0.22284388443550976
2026-06-23,62734.57,0.9803375454047184,0.8026473094558101,0.9899425096098178,-560299384.584311,0.1485896317453755,-0.1352577842502045,0.20714535622066063
2026-06-24,61077.99,0.9755687011381952,0.7040085316470206,0.9866210520433825,-629020104.593945,0.12599442248904455,-0.16178276875028805,0.18507022529719627
2026-06-25,59794.0,0.9542988053394411,0.6678799925736607,0.972616678328165,-1266158343.483967,0.10835105434514221,-0.18028282583263938,0.16743970164230476
2026-06-26,60097.27,0.9678045011745634,0.6656515297143631,0.9789756553941882,-1215845934.521941,0.1138003809624242,-0.16821923363983363,0.1715736225622218
2026-06-27,60029.0,0.9986138586883874,0.9776974581006224,0.9989021761101137,-21510069.87518601,0.11280738075819363,-0.1676400224201464,0.16999618434423752
2026-06-28,59577.01,0.9881153953540099,0.8497232411854713,0.9918196170876799,-165356823.33878398,0.10620746747708298,-0.1752814628033608,0.16364266434317884
2026-06-29,60260.21,0.9690462804556209,0.64576232898431,0.9893703452589779,-936232909.490021,0.11719007343374821,-0.1591288452924107,0.17376876798139076
2026-06-30,58624.71,0.9568565379749411,0.6233930634543983,0.9819218339704655,-1449860345.4215798,0.09378248197963286,-0.1845860400838445,0.15070834312016174
2026-07-01,60024.0,0.9828069579862854,0.7600586536355058,0.9941015621982848,-460929616.384794,0.11520578294084956,-0.15458913946533856,0.17065925179928376
2026-07-02,61560.0,0.9929645491748752,0.8513631340561041,1.0025439263445537,-232219805.0888561,0.13748447362391503,-0.12431556480230611,0.19174093697206232
2026-07-03,62583.26,0.9993215563024516,1.02992892105304,0.9990529709260845,-12200610.761874974,0.15158100350739095,-0.10495811516773115,0.2046570813025714
2026-07-04,63144.01,1.0028908981003617,0.8658985599681557,1.0046556102866924,51450002.181513,0.15908453718604537,-0.09342053867011868,0.21084867622439699
2026-07-05,63650.0,0.9999107231665222,0.9391492677638518,1.0007230634292843,-3518649.2510389984,0.1657656143384946,-0.08430903863043429,0.21695795836606452
2026-07-06,64042.02,0.9962108988385673,0.7662722073684588,1.0036054034711948,-93187130.63654399,0.17092705501312125,-0.07759551408920243,0.22185592553139136
2026-07-07,63363.99,0.9978782381357013,0.8583473213961785,1.0005229550728203,-68219307.55827498,0.1621147293967875,-0.08802657201157911,0.21313418962410477
2026-07-08,62290.0,0.9888545800356249,0.7396611087566616,0.9921298810016629,-299913650.26922697,0.14793805791000472,-0.10509590073319633,0.19927607946701256
2026-07-09,63230.0,0.9951822040119879,0.698699781285856,1.0006613859215043,-114016534.56528196,0.16067790747258903,-0.08832721426559816,0.2110513752965379
2026-07-10,64161.72,0.9695055915545483,0.7150150009646369,0.9821977454536595,-959405973.741235,0.17353999104422568,-0.07100436481814894,0.22254663886815998
2026-07-11,63819.0,1.000741734803921,0.9187968854683054,1.0013123204844854,15087429.22882101,0.1690847894465745,-0.07644247163866862,0.21755862094360276
2026-07-12,63780.0,0.9996667350783842,1.3443551959920454,0.9935760400393958,-7910992.472341001,0.1685680160064651,-0.07630086921105535,0.2168883750391948
2026-07-13,62334.52,0.9564787537561977,0.8905239444591126,0.957723819968737,-1789370141.360269,0.15076039773588235,-0.09255506641017626,0.1987666329988611
2026-07-14,65043.98,0.9783677135561997,0.7455798675477058,1.0035775845461692,-515921002.01167804,0.1864907942101261,-0.0466488550396889,0.23267511474543529
2026-07-15,64756.28,0.9927353567223866,0.736607737780923,1.00582458131654,-239158971.13178396,0.1830924246920438,-0.051765311775711795,0.22948837996870958
2026-07-16,63830.2,0.9995344003971012,1.1119704105655548,0.996402543552797,-20395515.38707602,0.17125649319795896,-0.06630824880519981,0.2182326155957528
2026-07-17,63931.67,0.9893309341058701,0.8521910464525134,0.996211632353848,-275879788.212953,0.1727810835288508,-0.06407998764330781,0.21936837595514314
2026-07-18,64834.22,0.996023508119937,0.8035320665627956,1.0001090441331804,-61894104.792759,0.1843358983946078,-0.04912024268419845,0.22996764363017078
2026-07-19,64722.54,1.007776382290547,1.3310509320196033,1.002235474679886,105202173.03621301,0.18284155741104294,-0.05086921619107198,0.22839393231477143
2026-07-20,65255.51,1.0142576510496597,1.0809526364224402,1.0094320584637078,315846282.99683,0.18939400407532447,-0.042917805658334036,0.23484691300397745
2026-07-21,66556.16,1.0095173933754462,0.958723094415101,1.0100454484607089,331729823.991371,0.20491631071472421,-0.024006609870759227,0.24958523343293945
2026-07-22,66114.49,0.9947638212861764,0.8434875217501661,0.9998303323444261,-128777528.469544,0.19970086152279887,-0.03078635198324851,0.24451225790291883
2026-07-23,65098.97,0.9955880125330496,0.8807240992319971,0.9967837242303356,-133745372.94490501,0.18731950776536177,-0.046529436260331125,0.23245728849473363
2026-07-24,64139.99,0.9887420310599222,0.704060480064658,0.9983770043000397,-266267509.44818503,0.17542612581757477,-0.06189380418985685,0.22116549488080942
2026-07-25,64288.95,1.0215000717483222,2.0244887418826325,0.9971397383403546,404246395.10283506,0.17699825756352852,-0.05893236293001332,0.22238110686206616
2026-07-26,64742.11,0.9992075566767197,0.8932813237513129,1.0009145011470653,-8515055.584169999,0.18275493321910444,-0.0515535913856793,0.2278178639837348
2026-07-27,63755.86,0.9958417220611585,0.8557657850976569,1.0012597818306939,-132230892.72795203,0.17022615559533288,-0.0677585428580588,0.21618065257060487
2026-07-28,63915.0,0.99172753198582,0.9769117056343221,0.992011770183224,-232618156.14228,0.17245386732043608,-0.06401099391036652,0.2181076054134383
2026-07-29,63984.28,0.998540627758566,0.7711119119453734,1.0031053163710077,-50301225.55708802,0.17338551683931908,-0.06350639228347546,0.21901761542053608
2026-07-30,64780.02,0.9967365411962722,0.9158527000292308,1.001950945754008,-99635617.440898,0.18360040869581923,-0.050327683055071896,0.22885800899721848
2026-07-31,62887.88,0.9904864449144914,1.0000769728932042,0.9889817781966376,-314209602.41538715,0.15932185559702897,-0.07902201657202992,0.2063019251086252
2026-08-01,62823.64,0.9592342490356123,0.8335252529937561,0.9920431759705418,-1004728004.540498,0.1592615779806901,-0.0779372624822259,0.2068561006652895
2026-08-02,63570.0,0.9963584281917871,0.9507604056809988,1.000510252065101,-72117831.920807,0.1691792455632893,-0.06481005086737174,0.2164945068428521
2026-08-03,63520.0,0.9773582841310338,0.8392330108293732,0.9944729329848225,-621647976.477405,0.16897521869915968,-0.06424514372504951,0.2168007421284672
2026-08-04,64106.56,0.9944621441144267,0.9272555508028494,1.0008887556674546,-133137437.236642,0.17668632374135868,-0.05406651742739333,0.22443593323366828
2026-08-05,64665.23,0.9872736663792583,0.8303708632985171,1.001008353294207,-344382871.53808904,0.18406760204101688,-0.04463996364241253,0.23163329937897173
2026-08-06,64323.61,1.0024624018877253,1.0302905820986565,1.0014184358206029,66330323.72998202,0.17968000610674786,-0.049722374455664034,0.2273775738022153
2026-08-07,64923.19,0.9912442067345725,0.8534987703458011,1.000284560682246,-216842359.91107702,0.1874038746989192,-0.03951046555598182,0.2346148459433391
2026-08-08,64962.6,1.0058274843725574,1.0277463192000011,1.0054971756506044,130554777.648056,0.18780414029344458,-0.03932969017735769,0.2349794333970622
2026-08-09,64901.59,0.9940122460447575,0.8593896388363421,0.9992643962229084,-91861321.833753,0.1871010043243556,-0.040173843458286895,0.23437864680973006
2026-08-10,63970.01,0.9944697787360002,0.9004514811548634,0.9971066088131719,-143782617.28811502,0.17538128825620014,-0.054869856195131975,0.22336458287250538
2026-08-11,63600.0,0.9884336558860132,0.860963275300288,0.9933814695724712,-248346283.53370202,0.17077023745747513,-0.06016587452871531,0.21897267311320512
2026-08-12,63479.99,0.9882692477570115,0.7991530965058058,0.9986004259377456,-376000356.187405,0.16951067532458236,-0.061289122790336895,0.2176373914047598
2026-08-13,63490.86,0.9927417788729537,0.9449328374661292,0.9943187742472503,-128560443.22079697,0.16972152533736837,-0.060367227677386226,0.2176999472050032
2026-08-14,63043.56,0.9901521252882527,0.886749711031272,0.992386276530265,-263486789.94231397,0.16403749830994005,-0.06655482872489393,0.21196808666896583
2026-08-15,63086.01,0.9976987710686096,0.962788029899695,0.9982975088265977,-35177998.094146,0.16462065190235994,-0.06546354635810586,0.21235423448082746
2026-08-16,62900.0,0.977005055032171,0.71057947048744,0.9972607006362342,-275051525.91714597,0.16236821085369982,-0.0682253761703368,0.2103225731319512
2026-08-17,64532.1,0.9971298754508106,0.80145986387665,1.0024923456898955,-68941728.87648103,0.18360068720614134,-0.04130457178938117,0.2304629824536964
2026-08-18,64725.42,0.9890540088659711,0.7815309107023187,1.0024882925546335,-250928684.631121,0.18622249796897453,-0.037594915542829455,0.23285206507736642
2026-08-19,69334.79,0.9973121034159945,0.7813558006635738,1.0128009718494644,-25362953.64392197,0.24026053176764867,0.03060478957805463,0.2839139292121607
2026-08-20,73025.15,1.0205873932234695,0.8134150178888947,1.0360346427394496,925960912.091262,0.2780357365904393,0.07346418800168279,0.3209228587685201
2026-08-21,78338.03,1.0390969856211965,0.9698905360920255,1.0428863973464384,1645614334.5978699,0.3259069661638384,0.129358992023306,0.3673739326863362
2026-08-22,77074.93,1.034391887809558,1.4777148215208524,1.0232840255400073,615614782.5404019,0.3144714413434831,0.11332799790232169,0.3569294512495795
2026-08-23,76978.94,1.015186457028581,1.1371061736258008,1.0125188013550963,230047748.84525704,0.31345597692400223,0.11136944804660598,0.3561652210331783
2026-08-24,78992.75,1.0430298162508562,0.979138664579016,1.044973643140159,1592417917.248231,0.32996524327043714,0.1276507079646048,0.3726692283785523
2026-08-25,78539.14,1.0188469374227003,0.9885535303582809,1.020448343708836,747052911.6874819,0.3255034451872675,0.11905437818154195,0.3693127309517299
2026-08-26,78694.0,1.020803469350524,0.9216793537208506,1.0251389992381426,740296801.4944019,0.3264276492417559,0.11716077958215927,0.37069453109512635
2026-08-27,80249.58,1.021291303198064,0.9458758001765714,1.026996561103161,717315988.74714,0.33906679595584477,0.13026819038246598,0.38345454617955593
2026-08-28,77845.87,1.0061090642296375,0.9941399646239455,1.0069706850345066,215300018.5223359,0.31840439545355353,0.10151767329694142,0.3648304804095579
2026-08-29,77557.99,0.9992665704472293,0.8785346812198631,1.0015510398769976,-17307572.578474,0.31586963796153056,0.09786094110222518,0.36252373005024935
2026-08-30,77665.14,1.0070853910681608,1.181177393878271,1.0029323488152722,121294917.138648,0.31669331571209053,0.09867339505862686,0.3634120067252808
2026-08-31,77868.09,1.0103788121206327,0.9679935921510993,1.0115452324340817,337870956.484026,0.31822811392229444,0.09932627159329249,0.36529186846627315
2026-09-01,78537.73,1.0125998060142016,0.978416673358165,1.0137376930013429,448651556.793481,0.32391506935983805,0.10475086411491638,0.37091726562506655
2026-09-02,77459.51,1.0014699557345843,0.9580138245311638,1.0031516184008247,39204925.79555905,0.31445200112303634,0.09140063286199647,0.36219109558013185
2026-09-03,77295.89,1.0028649514479593,0.9778673330658839,1.0035300779401166,92181523.95443699,0.31255457498378536,0.08874172709626292,0.36100166114912485
2026-09-04,81217.91,1.0238961214673403,0.9727737964352905,1.0266633900753335,893094807.254251,0.3455325611519522,0.12855827647438683,0.3923426760181326
2026-09-05,79675.11,1.0202787954421662,1.378801260401356,1.0006152647428639,280857112.48289394,0.3326157543239444,0.11119960044525817,0.38059295556667605
2026-09-06,79833.96,1.0182230191817392,1.326427894906988,1.007947179879275,249994446.573044,0.33377509014373813,0.11230840504451507,0.38184204979935876
2026-09-07,80243.76,1.009692408905626,1.1364726314748614,1.0067300705119164,224570934.77167904,0.3370970776929436,0.11600769232118036,0.3850198755641563
2026-09-08,79093.52,1.0077277253685262,1.213947396297222,1.0051108485626592,195706884.58918798,0.3273394331365855,0.10251793619675913,0.3760716233137679
2026-09-09,78453.66,1.0017174115858887,0.8842310139093809,1.006702356186584,46573873.18593103,0.32174831426522493,0.09420990783150816,0.37124808555776945
2026-09-10,78289.99,1.0128013742961255,1.1700927279214601,1.0091362771237014,370238253.90667,0.3201865266932357,0.09113215909714369,0.3699510619429118
2026-09-11,76857.69,0.9840230182678249,0.8164108476143982,0.9884200559897682,-156621250.38129,0.3075556871722757,0.07455592941211218,0.35825618659629055
