date,btc_price,rhodl_ratio,realized_cap_1w,realized_cap_1_2y
2010-07-17,0.04951,0.369168,10.313207798338363,27.93634631445131
2010-07-18,0.08584,0.368074,10.177925420590041,27.65186617108585
2010-07-19,0.0808,0.302496,8.328275222549308,27.531835771893906
2010-07-20,0.07474,0.308288,8.527969701641478,27.662369322331816
2010-07-21,0.07921,0.269509,7.436827638962485,27.594033875958548
2010-07-22,0.05446,0.189428,5.24139301023085,27.669531998000107
2010-07-23,0.0624138775510204,0.184293,5.095490350050595,27.64884944908514
2010-07-24,0.05454,0.189201,5.230817236800248,27.64681854605197
2010-07-25,0.0505,0.191922,5.298262268501787,27.60628210673095
2010-07-26,0.056,0.181049,4.974920817563245,27.47835824411223
2010-07-27,0.06,0.235099,6.460383107471655,27.47941776872445
2010-07-28,0.0589,0.174758,4.79315059949343,27.42743214001786
2010-07-29,0.0698625662193553,0.222826,6.0903325678421165,27.33224442179463
2010-07-30,0.0627,0.216621,5.9032887815626545,27.251743916026307
2010-07-31,0.06785,0.194012,5.267380438965155,27.149758436324408
2010-08-01,0.0611,0.125911,3.404722889763111,27.04062062551331
2010-08-02,0.06010568,0.122223,3.295073060074028,26.959575825183062
2010-08-03,0.06,0.17609,4.731460037318151,26.869616618776803
2010-08-04,0.0572824939363675,0.193593,5.198972123909763,26.85520011393592
2010-08-05,0.061,0.188755,5.070136867654531,26.860947179254318
2010-08-06,0.0623,0.200319,5.385623798085366,26.885198832611554
2010-08-07,0.059,0.199252,5.3898520765308255,27.050424661005074
2010-08-08,0.0609,0.198869,5.379606044173554,27.051071363836645
2010-08-09,0.0707,0.107975,2.9135374205711266,26.983507759746026
2010-08-10,0.07,0.155517,4.192985590119799,26.961518318141554
2010-08-11,0.067,0.140973,3.7964413511341126,26.930218910599663
2010-08-12,0.07,0.166636,4.481454272074817,26.893666113750786
2010-08-13,0.0645,0.163804,4.403247356617073,26.881141976680503
2010-08-14,0.067,0.18439,4.945634904122358,26.82154507255095
2010-08-15,0.06529,0.190205,5.087422017939697,26.746986514925002
2010-08-16,0.0655,0.137749,3.675244097885945,26.680814029105356
2010-08-17,0.07,0.160892,4.282781393987036,26.61898434969854
2010-08-18,0.068,0.1495,3.969318916340173,26.550672465132394
2010-08-19,0.0667,0.163445,4.332389463604998,26.506664911760453
2010-08-20,0.0655,0.148815,3.9348984847358346,26.441497726140348
2010-08-21,0.0664,0.143471,3.7819682736326086,26.360469955825096
2010-08-22,0.066,0.173396,4.554183523522891,26.26471366482314
2010-08-23,0.06491,0.147492,3.8632157095818798,26.19262537753732
2010-08-24,0.065,0.147229,3.844909631627994,26.115191482553726
2010-08-25,0.0648,0.140814,3.6727678400555375,26.08231312082305
2010-08-26,0.064,0.135343,3.533343257888417,26.10657907308623
2010-08-27,0.065,0.123793,3.2251621588174064,26.052785371524124
2010-08-28,0.0645982546728972,0.11544,3.007933145768821,26.05615291854306
2010-08-29,0.064,0.124317,3.2409323902042915,26.06986108858713
2010-08-30,0.06497,0.117387,3.0623761800147764,26.087853819773517
2010-08-31,0.06,0.109749,2.8657118812587217,26.11160633672513
2010-09-01,0.0629,0.132254,3.4557503477774025,26.129719375996533
2010-09-02,0.0634,0.134241,3.5077644498461034,26.130298035110542
2010-09-03,0.06085,0.128923,3.3696708838929923,26.13707774297999
2010-09-04,0.06238,0.130734,3.415666505386694,26.12686072476368
2010-09-05,0.06163975,0.138768,3.624737888169794,26.120875172626135
2010-09-06,0.0616,0.149203,3.901400471502845,26.148263348113645
2010-09-07,0.0610028889147648,0.201197,5.263001504685473,26.158494003158264
2010-09-08,0.0612664420040746,0.188504,4.932181488664317,26.164864594890037
2010-09-09,0.06111,0.186376,4.875481494646366,26.159337664588403
2010-09-10,0.0618,0.196571,5.142332899823857,26.160144295051126
2010-09-11,0.06366,0.194229,5.081874996658043,26.164405028287984
2010-09-12,0.0615,0.17603,4.604800315989556,26.159210219238265
2010-09-13,0.0621824198330189,0.112171,2.934142109784403,26.157806963294696
2010-09-14,0.06199,0.169232,4.426670379539833,26.157423744675974
2010-09-15,0.0604,0.174661,4.568868523771656,26.158522337166275
2010-09-16,0.0618747945205479,0.175816,4.594042982889078,26.12987393147426
2010-09-17,0.0597976861530533,0.189267,4.901999793171142,25.899969642101752
2010-09-18,0.061,0.225605,5.8414840348362365,25.89248520796318
2010-09-19,0.0627,0.223198,5.775817991219865,25.87751679552231
2010-09-20,0.0621,0.177259,4.588393819326663,25.885179578810295
2010-09-21,0.06265,0.189389,4.9031156136663325,25.889099970296943
2010-09-22,0.0622,0.168827,4.369047714902302,25.878774505528003
2010-09-23,0.06231,0.159942,4.1299002223717425,25.821285919043397
2010-09-24,0.0622,0.204429,5.278157233407698,25.819023767729934
2010-09-25,0.06202,0.18845,4.868668378240467,25.835347326990313
2010-09-26,0.06202171,0.190496,4.922448678068799,25.840230067326807
2010-09-27,0.0622009295539808,0.194165,5.010407571107449,25.804883379253834
2010-09-28,0.0619,0.205436,5.1626382132699495,25.130161497388567
2010-09-29,0.0619004290909091,0.256167,6.449375146360122,25.176486098355845
2010-09-30,0.0619,0.205331,5.17412026837391,25.198919106632218
2010-10-01,0.06197,0.220636,5.5551526970822795,25.177920981473246
2010-10-02,0.0614,0.229821,5.7625962881539055,25.074285297790002
2010-10-03,0.06111,0.368562,9.2378852213267,25.064656141673282
2010-10-04,0.0612998286895566,0.352961,8.842475981209132,25.052265562244393
2010-10-05,0.0614,0.327307,8.184801278569317,25.006492033438843
2010-10-06,0.06281,0.383116,9.563903596374466,24.96349879424266
2010-10-07,0.067,0.38539,9.593547428342216,24.89310125575089
2010-10-08,0.0835642648639761,0.378038,9.321726500861216,24.65816132493099
2010-10-09,0.0938,0.260973,6.344347948769359,24.310356426547845
2010-10-10,0.0965,0.38793,9.35621574105078,24.118289296190998
2010-10-11,0.095,0.448623,10.75815668752775,23.980378974250982
2010-10-12,0.0949,0.444108,10.619771118667497,23.91260359474143
2010-10-13,0.105,0.490303,11.633307912785048,23.726782047373064
2010-10-14,0.102,0.431293,10.176924456837249,23.596339961381982
2010-10-15,0.105,0.469969,10.96192920076185,23.324796814556784
2010-10-16,0.101,0.392775,9.092087961539248,23.14833751169994
2010-10-17,0.102,0.468603,10.79561881426954,23.037900125450122
2010-10-18,0.1024,0.446998,10.251857246525221,22.93493127850999
2010-10-19,0.097,0.403967,9.254900710746107,22.91003653751788
2010-10-20,0.099,0.425256,9.746411875145501,22.91891052296871
2010-10-21,0.107,0.333173,7.549573621844943,22.659586928514905
2010-10-22,0.103781247567961,0.419141,9.489583177468631,22.640576069616817
2010-10-23,0.104995,0.391423,8.838086353455683,22.57937328209923
2010-10-24,0.11501,0.394253,8.81166694928285,22.350287374062624
2010-10-25,0.132,0.449119,9.942848270153197,22.138545862066056
2010-10-26,0.1503,0.461578,10.070368909101074,21.817270212743637
2010-10-27,0.1877,0.491224,10.432233469872576,21.237220745395497
2010-10-28,0.1731,0.576227,11.892851076224023,20.639177691621782
2010-10-29,0.19,0.743518,15.1744011047614,20.408914679701326
2010-10-30,0.1989,0.820373,16.526398800397956,20.14498026691492
2010-10-31,0.1925,0.814144,16.177995998095174,19.871180595870474
2010-11-01,0.194901785714286,0.874356,17.22958510479213,19.70544659691304
2010-11-02,0.1938,0.823522,16.0474198703799,19.48633381156441
2010-11-03,0.1931,0.698767,13.505141829409592,19.32709873899229
2010-11-04,0.23,0.520389,9.659085387856548,18.56129630281911
2010-11-05,0.26039,0.807974,14.7341014639848,18.235866582490264
2010-11-06,0.39,0.830313,13.868547729603439,16.702796204383624
2010-11-07,0.34,1.363324,22.311316670943725,16.365386692633887
2010-11-08,0.243,0.742973,11.80309832217471,15.886309369809574
2010-11-09,0.215686519668737,1.805642,28.50125808257549,15.784556054879038
2010-11-10,0.232668329177057,1.798268,28.24532181180038,15.706959002368967
2010-11-11,0.2231,1.740878,27.200791446707594,15.624751433676751
2010-11-12,0.2682,1.706793,26.51585602138317,15.535488665302937
2010-11-13,0.276,1.589276,24.405785269981482,15.356542214646696
2010-11-14,0.27904,1.533842,23.273234817246315,15.173159468345542
2010-11-15,0.2682,0.517798,7.67201070938301,14.816595954702326
2010-11-16,0.224119052,0.675591,9.977750827325297,14.768923285527082
2010-11-17,0.232562394352193,0.652895,9.588956083733718,14.686827846036001
2010-11-18,0.2678,0.708603,10.314822962374931,14.55655475347056
2010-11-19,0.276929090909091,0.755857,10.89954478776119,14.420113317926129
2010-11-20,0.28301,0.766575,10.967864202751278,14.307613698354071
2010-11-21,0.27675,0.767539,10.940168037357033,14.253559452201335
2010-11-22,0.284791867824497,0.62094,8.808261766006558,14.185356211420958
2010-11-23,0.28295,0.608987,8.5931264086377,14.110533379499433
2010-11-24,0.282951447028169,0.631354,8.84821056452477,14.01466142458886
2010-11-25,0.28,0.592517,8.233533327036243,13.895856120370143
2010-11-26,0.2844,0.684594,9.414180166055331,13.751486663184266
2010-11-27,0.283,0.943421,12.900392026961383,13.674050658895347
2010-11-28,0.27,0.906693,12.351887951066033,13.623003879965127
2010-11-29,0.2299,0.869688,11.829114888812487,13.601564786741541
2010-11-30,0.2082,0.822718,11.167613658372622,13.574052731709898
2010-12-01,0.2275,0.886877,12.031392951972801,13.56602242330346
2010-12-02,0.255,0.851171,11.417441920002554,13.413811904275033
2010-12-03,0.25105,0.671747,8.979640504380237,13.367588948912372
2010-12-04,0.205150841229936,0.647925,8.647738123279188,13.346813976035756
2010-12-05,0.19952380952381,0.744535,9.897829138984742,13.293978863862835
2010-12-06,0.204,0.731535,9.607018652317223,13.132686653254488
2010-12-07,0.233080271333333,0.822082,10.69342920423734,13.00773943637998
2010-12-08,0.2388,0.933373,12.08435455953088,12.946975007768408
2010-12-09,0.2,0.843953,10.906077429283394,12.922610903612407
2010-12-10,0.203990715728007,0.851596,10.98373652529288,12.897826800829346
2010-12-11,0.227883815996026,0.735602,9.469402306347613,12.87299822238374
2010-12-12,0.219808333069307,0.841337,10.818902116569364,12.859176967562316
2010-12-13,0.2299,0.590495,7.5660020691941705,12.812973588864535
2010-12-14,0.24669,0.556501,7.113832634699763,12.783152890342059
2010-12-15,0.239278625,0.609977,7.7897309149634335,12.770525486197446
2010-12-16,0.24996,0.633435,8.072266601826113,12.743632319047284
2010-12-17,0.24,0.658407,8.390396201307384,12.74348015996589
2010-12-18,0.241,0.580456,7.399656203999163,12.748015465704349
2010-12-19,0.2401,0.614479,7.833769654621192,12.74863206032195
2010-12-20,0.267,0.619364,7.828694298504612,12.639891107405854
2010-12-21,0.24,0.645169,8.077080503527231,12.519328903191141
2010-12-22,0.25,0.705996,8.833918298379652,12.512702803784013
2010-12-23,0.25,0.763159,9.544037278911636,12.505966708873743
2010-12-24,0.248,0.75103,9.394862139972188,12.509306682094364
2010-12-25,0.2499,0.678382,8.471773443895122,12.48819818192312
2010-12-26,0.2642,0.575601,7.184397893120017,12.481564350928455
2010-12-27,0.265,0.490454,6.116092358366566,12.470273070445318
2010-12-28,0.280577623255814,0.533338,6.6310301946643255,12.43307381522467
2010-12-29,0.299743226313457,0.490825,6.029283451034972,12.283981103614547
2010-12-30,0.3,0.772272,9.452926456582174,12.240405242408375
2010-12-31,0.3,0.862662,10.531740926210274,12.208414911602247
2011-01-01,0.3,0.868575,10.579944939289025,12.18081185508875
2011-01-02,0.29997,0.872622,10.571856405696863,12.115040452349664
2011-01-03,0.295,0.812316,9.817655357015303,12.086011419628328
2011-01-04,0.29895,0.835454,10.096662614824742,12.085240207551644
2011-01-05,0.298951384199865,0.57204,6.911669545129138,12.082494222543009
2011-01-06,0.298,0.501759,6.061246647280403,12.079999931480279
2011-01-07,0.32,0.480295,5.784856908846988,12.044395059202683
2011-01-08,0.3229,0.524712,6.298853113127654,12.004390631766798
2011-01-09,0.323,0.565126,6.767052992075677,11.974413103377522
2011-01-10,0.32659,0.531731,6.297153017731005,11.842745780445528
2011-01-11,0.32659,0.653768,7.585950974440384,11.603424140120097
2011-01-12,0.3188,0.827009,9.615683968414448,11.627056454481608
2011-01-13,0.3176,0.821075,9.419983976799559,11.472745224347417
2011-01-14,0.4,0.998954,11.274774229749411,11.286584071168777
2011-01-15,0.38603004,1.11101,12.429242842350748,11.18733469822221
2011-01-16,0.38679,1.165988,12.865110440730334,11.033659097478948
2011-01-17,0.3495,1.145155,12.506017410900022,10.920806462872843
2011-01-18,0.31299,0.943045,10.237972948174342,10.856295776445302
2011-01-19,0.31299,1.15281,12.31714826577422,10.684460900435306
2011-01-20,0.39,1.151264,12.146177362274369,10.550295309266168
2011-01-21,0.419906954,1.082701,11.29390995095183,10.431236658624336
2011-01-22,0.4441316665,1.122514,11.556054594107023,10.294802046617505
2011-01-23,0.4424,1.234238,12.474187090568359,10.10679004146243
2011-01-24,0.4199,1.353742,13.466067407436487,9.94729569153643
2011-01-25,0.41,1.290842,12.698017476392252,9.837003028989106
2011-01-26,0.415371670182556,1.279827,12.393441454474612,9.683685199970295
2011-01-27,0.4212,1.164592,10.047556907597919,8.627537320758838
2011-01-28,0.446,3.777597,32.2791551149732,8.544890720421314
2011-01-29,0.439,3.748662,31.582521713870275,8.425012358718298
2011-01-30,0.4799,3.642922,30.43758252080989,8.355267011661434
2011-01-31,0.529593782666667,3.534689,28.839145959957566,8.15889250247459
2011-02-01,0.7045622449,3.808133,29.991344459381388,7.875603440942969
2011-02-02,0.716,4.190779,31.72670007672247,7.5705963753871215
2011-02-03,0.6931457296,2.204702,16.500072890533893,7.484036782995485
2011-02-04,0.811,2.476398,18.185702188412527,7.343609313433392
2011-02-05,0.913027023146792,2.608926,18.813774218695087,7.211311393540064
2011-02-06,0.898334644609561,2.874602,20.11126461542478,6.996191899532856
2011-02-07,0.89,2.921271,19.432354785303126,6.652020154871688
2011-02-08,0.918,3.056735,20.14499661862824,6.590364771256021
2011-02-09,1.09,2.92637,18.492515836479317,6.3192668675517005
2011-02-10,0.98031,3.206836,19.868220429324204,6.195583917454525
2011-02-11,1.07000629115342,3.410437,20.513631947289173,6.0149576633456165
2011-02-12,1.07958852459016,3.686686,21.84993960065163,5.926716172242523
2011-02-13,1.05,3.693313,21.55108441583772,5.835163226750391
2011-02-14,1.0740018575,3.210088,17.999053103570404,5.6070284839664915
2011-02-15,1.05,3.658426,20.241003287491104,5.532708316005951
2011-02-16,1.02443582,3.277075,17.888905418117897,5.458802789935251
2011-02-17,1.04,3.09932,16.842644619107837,5.434303208454466
2011-02-18,0.8989,2.557893,13.749308716536456,5.375246919891071
2011-02-19,0.94898,2.591445,13.794628153032535,5.323141786563754
2011-02-20,0.863684676705049,2.615555,13.789168377836486,5.271985053193161
2011-02-21,0.8345,2.24521,11.761103852545899,5.238308411664862
2011-02-22,0.87023,1.995874,10.355695858504447,5.188551443123227
2011-02-23,0.9,2.004818,10.308040595649588,5.141634405779538
2011-02-24,0.99189348733234,2.043763,10.368027609286019,5.073008805679574
2011-02-25,0.911130113234253,2.216871,11.200790877191546,5.052521937347569
2011-02-26,0.958,2.288577,11.380654280197806,4.972808111177382
2011-02-27,0.89,2.13122,10.38989361649162,4.875091453775526
2011-02-28,0.862066387445658,2.882497,13.915750090979506,4.827671425723881
2011-03-01,0.920212695238095,3.066765,13.162814756412361,4.2920840036152
2011-03-02,0.9399,5.681889,24.1420782169369,4.248952686014368
2011-03-03,0.93909,7.641668,32.32991698140989,4.230740901735644
2011-03-04,0.9011152,7.024861,29.512926248407858,4.201211479027537
2011-03-05,0.9103,7.934711,32.97944523142922,4.156350979900971
2011-03-06,0.890922680958859,7.193923,29.663888752842904,4.1234646122415235
2011-03-07,0.88502,6.554088,26.99047232680925,4.118112485822649
2011-03-08,0.86999,4.657669,19.013263837215533,4.082141830471376
2011-03-09,0.861898156979632,2.723107,11.065828933981884,4.063677645926547
2011-03-10,0.9329,2.426575,9.817456223468113,4.0458073633053715
2011-03-11,0.88,2.400316,9.657859521115428,4.023578496882598
2011-03-12,0.918,2.48182,9.860390255682942,3.9730485451690076
2011-03-13,0.89249,1.999531,7.883347816530583,3.942598734267939
2011-03-14,0.8949,2.038473,7.941168399069029,3.895646445277157
2011-03-15,0.8714621152,3.150945,12.18913717762364,3.8684062696143933
2011-03-16,0.859995762835686,3.412524,12.919432839532705,3.7858882275222125
2011-03-17,0.82542,3.583767,13.476306055372984,3.760374047935905
2011-03-18,0.81585387602459,3.866054,14.4817294626765,3.745868064594703
2011-03-19,0.765,3.740306,13.977747337583438,3.737059434058561
2011-03-20,0.746251737576952,3.115906,11.60532310944446,3.724542580535183
2011-03-21,0.75897,1.857824,6.895539346801503,3.711620521097043
2011-03-22,0.80901,1.42938,5.292264657171504,3.702488985530187
2011-03-23,0.84971,1.514688,5.56300708135342,3.6727091400526044
2011-03-24,0.86688,1.196395,4.3419238835762055,3.629171211890344
2011-03-25,0.88377,1.509906,5.45174848067251,3.610654749891722
2011-03-26,0.8552,1.758227,6.289296613395813,3.577067431676457
2011-03-27,0.823076575486161,2.203406,7.844735040906396,3.5602760018571247
2011-03-28,0.79898,2.439772,8.64412033667085,3.543003706684906
2011-03-29,0.7925,2.564915,9.062017412145158,3.5330671666263287
2011-03-30,0.7897,2.276237,8.018009152581595,3.5224848024684365
2011-03-31,0.78461,1.978252,6.932136384449119,3.5041725416180447
2011-04-01,0.77411,2.154212,7.513092726691603,3.487629857682143
2011-04-02,0.78199,1.627707,5.655428618875831,3.4744768542326807
2011-04-03,0.779,1.920047,6.642197989914839,3.4593942458601328
2011-04-04,0.68,1.671884,5.7532490950880995,3.4411773518631885
2011-04-05,0.71,1.890048,6.469307999390208,3.4228273138186704
2011-04-06,0.74,2.007634,6.858798044902201,3.4163590069525562
2011-04-07,0.7538,1.930624,6.589456939751215,3.413123364110449
2011-04-08,0.749978098360656,1.856118,6.3037384041678015,3.396194605721108
2011-04-09,0.73334685,1.738144,5.88150108317816,3.3837826525750985
2011-04-10,0.7369,1.952052,6.584076154395416,3.3728991581321317
2011-04-11,0.77,1.645144,5.542794484132365,3.3691852833791045
2011-04-12,0.86,1.491935,4.980603248558673,3.338350628822766
2011-04-13,0.9225,1.886999,6.2420421701568465,3.307919852031608
2011-04-14,0.9975,1.941554,6.360170172893761,3.275814239487071
2011-04-15,0.9899095,2.549782,8.247443403930138,3.2345685966015525
2011-04-16,1.0499,2.7952,8.923900158244967,3.192580229184353
2011-04-17,1.13344696008952,2.552222,8.066720624286917,3.160666236624583
2011-04-18,1.16199,3.421477,10.637255441368342,3.108965627990341
2011-04-19,1.19759279682067,2.950694,9.015719808458828,3.05545694288165
2011-04-20,1.1421,3.098938,9.350622406030894,3.0173639017814184
2011-04-21,1.21,4.895407,14.62550519047428,2.9875975034163735
2011-04-22,1.40901,5.234595,15.437166151687423,2.9490659886448127
2011-04-23,1.69331223521077,6.07668,17.328847042213997,2.851696379634731
2011-04-24,1.63075833005894,6.788832,19.04345400329115,2.8051147668511853
2011-04-25,1.559,7.368076,20.37013550625569,2.7646476884825644
2011-04-26,1.79480592194128,7.368926,20.047305394473312,2.7205192692158167
2011-04-27,1.9,6.486559,17.238470107593443,2.657567924939446
2011-04-28,2.21059,6.814202,17.49663432811039,2.567671680923147
2011-04-29,2.88,6.467778,13.336001814660696,2.061913880486852
2011-04-30,3.50272007323498,12.022841,21.077944204133487,1.7531583502928396
2011-05-01,3.03311,25.799751,44.052566476848554,1.70748031504415
2011-05-02,3.2,27.793602,46.46717508734117,1.6718658731084401
2011-05-03,3.40251328891218,27.836098,45.00443173559168,1.6167650785773677
2011-05-04,3.40609,29.315468,43.9003410947607,1.4975146164806667
2011-05-05,3.333,34.744396,50.89600506053732,1.4648694445863866
2011-05-06,3.45059943977591,28.424215,39.86737301130498,1.4025848408565933
2011-05-07,3.641,16.802357,23.11075103249646,1.3754469662088935
2011-05-08,3.8658347826087,17.630823,23.824700126583487,1.3513095995952553
2011-05-09,3.8,29.522411,39.03214696183153,1.3221192302618585
2011-05-10,5.79279447986793,18.063513,22.0384806694052,1.220055084723049
2011-05-11,5.5,28.603384,32.71081893402659,1.1435996039369714
2011-05-12,6.30019,32.263115,34.639255590566265,1.0736488214186146
2011-05-13,8.194,20.930347,19.26046459172824,0.9202171791832321
2011-05-14,7.06292404177815,25.221739,20.968965912243466,0.8313846415183255
2011-05-15,6.98701,59.385002,46.5682394806908,0.7841750818745281
2011-05-16,7.978511937,65.208534,47.003206861192574,0.7208137297232549
2011-05-17,7.22605407429376,72.290085,50.05043515105256,0.6923554585241094
2011-05-18,6.88,78.39456,52.86567903508282,0.6743538990710619
2011-05-19,6.8062426171875,83.27091,54.716065874717735,0.6570849583493744
2011-05-20,5.59039,82.52752,52.893172681677285,0.6409155812778603
2011-05-21,6.11973305231837,46.95425,32.15300778842641,0.6847730782763505
2011-05-22,6.6901,39.617016,26.15508488091127,0.6601982458108951
2011-05-23,7.14998017225748,48.763626,31.291854580953565,0.6417047950345719
2011-05-24,7.42,54.820984,34.25787165810405,0.6249043829517691
2011-05-25,8.3997,55.47956,33.82140018365978,0.6096190926150903
2011-05-26,8.79127529478619,54.2812,32.074954875644636,0.590903580643262
2011-05-27,8.5002,26.617128,14.68386404389131,0.5516697339621746
2011-05-28,8.3001,69.375435,37.77258806644452,0.5444663413784141
2011-05-29,8.40594166666667,69.3815,37.188122552014235,0.5359947788429605
2011-05-30,8.8,69.79719,36.58961747532144,0.5242277075273879
2011-05-31,8.741,67.90973,34.82792713753603,0.5128562339391308
2011-06-01,9.57,69.93643,35.1566659086878,0.5026945581754896
2011-06-02,10.6000115325316,70.7111,34.05063693691955,0.4815458610848234
2011-06-03,14.29,31.289955,13.451035437820298,0.42988347172776636
2011-06-04,18.8058578567463,53.661808,21.74319906667318,0.4051894426310176
2011-06-05,16.6081392305679,65.093666,24.479037445598085,0.3760586898050246
2011-06-06,18.452507761194,81.47355,24.86094097646332,0.30514124248464847
2011-06-07,23.8884234590783,141.05598,41.30126475111533,0.2928005153699722
2011-06-08,29.6,151.68172,36.12196594408484,0.23814318853875144
2011-06-09,28.9252394860738,213.13795,45.24589466207599,0.21228454432109226
2011-06-10,23.9497,199.9802,38.58763932291471,0.1929573120152397
2011-06-11,14.6511040891433,275.67462,51.16205933546779,0.18558856297200962
2011-06-12,18.5464426395939,230.82541,38.41666414717074,0.1664316983070363
2011-06-13,19.8356764077286,404.49823,63.536068803072226,0.1570737866269916
2011-06-14,19.3535645901639,408.5624,57.04107912991951,0.13961412304455378
2011-06-15,19.49,434.58487,56.69994009418373,0.13046920095882225
2011-06-16,17.003079544153,442.66425,54.37162824661211,0.12282814544843353
2011-06-17,15.7098236151603,408.51706,49.96205219188728,0.12230101915372245
2011-06-18,16.89,417.0906,50.30863983269997,0.12061801500351858
2011-06-19,17.51,211.55576,27.22018643028743,0.12866672070375534
2011-06-20,17.51,416.32867,53.16156833494962,0.1276913427426906
2011-06-21,17.51,346.38513,43.531671464596286,0.12567419155671034
2011-06-22,17.51,333.00464,41.18757864546381,0.12368469740386
2011-06-23,17.51,180.5788,21.863432249087293,0.12107418998250828
2011-06-24,17.51,321.629,38.51637849384951,0.11975406644248478
2011-06-25,17.51,316.03207,37.66764337450336,0.11918930383739915
2011-06-26,16.4500068752379,256.50638,30.210446752851432,0.11777659548264002
2011-06-27,16.7500816666667,255.75352,29.435714319718283,0.11509407592767039
2011-06-28,16.9498,270.11615,30.65118076688099,0.11347406763666142
2011-06-29,16.847525,268.06345,30.111438793271393,0.11232951451103634
2011-06-30,16.1011481185207,123.08251,13.638997121173496,0.11081182329315065
2011-07-01,15.3749759949282,121.595,13.433905434634099,0.11048073873572613
2011-07-02,15.4,130.8169,14.411912005181533,0.11016859096542662
2011-07-03,15.4404952570093,136.45078,14.949944361451216,0.1095629236172537
2011-07-04,13.8302737427605,105.036285,11.481307045488611,0.1093080058559759
2011-07-05,12.90691,104.5236,11.293118549131835,0.10804372383964596
2011-07-06,14.7855160285789,99.22694,10.667446259911092,0.10750555089961673
2011-07-07,14.7761884469013,92.36497,9.903036066654424,0.1072163619772257
2011-07-08,14.3144202387072,88.95131,9.505787361206897,0.10686505809033017
2011-07-09,14.38,71.88807,7.667643166887441,0.10666085286992442
2011-07-10,14.8881160955087,72.34187,7.654621201816316,0.10581176814594632
2011-07-11,14.2062339903939,71.02444,7.47487239507549,0.10524366242794711
2011-07-12,14.00943,59.63682,6.370305797037881,0.10681833435365479
2011-07-13,13.9509996612,51.052193,5.524152953744571,0.10820599129083716
2011-07-14,13.9955125639,55.39264,6.0500510470414195,0.10922120329344141
2011-07-15,13.81,52.660812,5.802121919224767,0.11017912087331132
2011-07-16,13.7190213110308,51.850994,5.757425663473548,0.11103790069528767
2011-07-17,13.15937,47.98631,5.3271828323057315,0.1110146447133422
2011-07-18,13.4609364513248,39.36989,4.508944090708214,0.11452773098813364
2011-07-19,13.8601772482292,158.47858,18.12499401429531,0.1143687303973161
2011-07-20,13.7171877179273,156.12477,17.85007428667239,0.11433211460687259
2011-07-21,13.6092773570655,189.70003,21.714995128185848,0.11447016941233618
2011-07-22,13.69542,188.77737,21.633794322727603,0.11459950721126025
2011-07-23,13.68,192.13858,22.010173976046154,0.11455363967955012
2011-07-24,13.98001,186.59944,21.839684560508125,0.11704045940014654
2011-07-25,13.9854206262563,68.17654,7.983414864848899,0.1170991613199384
2011-07-26,13.88214,68.23154,8.0228790315219,0.11758314786783378
2011-07-27,13.8911036107692,38.79964,4.550371992026338,0.11727871238673736
2011-07-28,13.49011,41.05217,4.829761196999836,0.11764935742143064
2011-07-29,13.49832,48.5194,5.707269619391119,0.11762861507680554
2011-07-30,13.5318498364318,50.088085,5.914735223937095,0.11808667412505082
2011-07-31,13.3696745724414,53.200287,6.302870796754445,0.11847437080881554
2011-08-01,13.0962359367035,51.550663,6.1191679076407475,0.11870201782220502
2011-08-02,12.05,80.5213,9.596021977688872,0.11917369843803154
2011-08-03,9.26007713476266,79.063866,9.518871759935637,0.1203947243629434
2011-08-04,10.75,75.224045,9.084233808527376,0.12076236551359978
2011-08-05,9.74679184434823,61.1504,7.4201018634453435,0.12134184160184538
2011-08-06,6.52348646620579,69.01221,8.44092434601629,0.12231059766199479
2011-08-07,7.97146079700861,71.94043,8.869027144471715,0.1232829244202963
2011-08-08,7.85538652658806,52.40423,6.553805665823943,0.12506253869254855
2011-08-09,10.0051404113043,56.863953,7.169952416065062,0.12608959557000002
2011-08-10,9.99769837851827,57.88772,7.309193551407914,0.12626501233303147
2011-08-11,9.46239619312958,59.036545,7.481419450827648,0.12672522862794583
2011-08-12,9.46051,45.793823,5.817821573272524,0.12704379868588592
2011-08-13,10.1305571428571,43.215008,5.497350609930118,0.12720929746575046
2011-08-14,10.7735014091292,38.8232,4.943840331539811,0.12734242286873043
2011-08-15,11.14979,33.625095,4.283591788244697,0.12739270897988073
2011-08-16,10.96409,30.928753,3.9405666129966104,0.12740787352117566
2011-08-17,10.94555,27.924002,3.560954686771321,0.1275230773703877
2011-08-18,10.8310561403691,35.253563,4.493909293385216,0.12747389673175985
2011-08-19,11.65,28.12736,3.5857952494076026,0.12748424644019854
2011-08-20,11.4522602152913,39.569,5.053925408695796,0.12772436250093952
2011-08-21,11.3341269230769,38.912895,4.97541405630546,0.12786028673001518
2011-08-22,10.8945006988818,34.571693,4.419353271806137,0.1278315597772842
2011-08-23,10.9400018263306,31.75578,4.065311908665952,0.12801801380705646
2011-08-24,10.8506,30.165873,3.870992307375111,0.12832357147872206
2011-08-25,9.8216360874168,35.532555,4.509956831708492,0.1269246354699206
2011-08-26,8.17934724778806,41.08771,5.190044478960398,0.12631622364430406
2011-08-27,8.59020004676402,31.4444,4.201008840977454,0.13360118241265
2011-08-28,9.07011000355272,123.75632,16.5174073790911,0.13346718136223232
2011-08-29,8.969,122.38869,16.29052096747394,0.13310479026591937
2011-08-30,8.81153634893942,123.92766,16.46862295556971,0.1328890077233382
2011-08-31,8.2036540996373,120.35429,16.004379278687836,0.13297722553006633
2011-09-01,8.21993899044221,107.81141,14.354020420419253,0.13314008445993708
2011-09-02,8.63866112378737,109.40257,14.557803397851035,0.13306636679192307
2011-09-03,8.47919959640666,20.013296,2.660543608027354,0.13293879635312653
2011-09-04,8.17946372064029,17.499784,2.3272803950126146,0.1329890924355564
2011-09-05,7.6496218717279,19.442495,2.586091136155382,0.13301231016195392
2011-09-06,6.86346720519705,22.44435,2.9836816175573824,0.13293687020727402
2011-09-07,7.18652258396476,18.576239,2.4709192702081477,0.13301505305222244
2011-09-08,6.52670211170094,26.513523,3.5423218786126576,0.13360434109435185
2011-09-09,5.03169129375845,27.455387,3.678032553856939,0.13396396733862728
2011-09-10,4.77390134644063,30.935892,4.153341154798337,0.13425639008900253
2011-09-11,4.89555722436965,24.403753,3.401220908895533,0.13937285894701662
2011-09-12,6.05430354288152,91.05788,12.708816808901302,0.13956855661185935
2011-09-13,5.80011689304539,92.037674,12.879878491861746,0.1399413723224895
2011-09-14,5.61931930071075,88.74492,12.43005990694318,0.14006503551928434
2011-09-15,4.82637800913089,86.95392,12.198473870866842,0.14028664579655772
2011-09-16,4.81999626303188,86.73369,12.23040662837222,0.14101103176481172
2011-09-17,4.7700025640269,86.9507,12.26102280450224,0.14101120428424727
2011-09-18,5.23020074147555,19.264048,2.718740387495783,0.14113028423501292
2011-09-19,5.46026039250102,18.20034,2.5723850691589334,0.14133720835627367
2011-09-20,6.11216519130136,13.393756,1.8928022430935703,0.1413197500031129
2011-09-21,5.65247596821244,12.067445,1.7052043181348098,0.14130616194840134
2011-09-22,5.43575949451316,16.118729,2.285219412129745,0.1417741707710647
2011-09-23,5.55053407640584,15.810183,2.2539719344994014,0.14256456953799765
2011-09-24,5.46828968805733,18.559284,2.6425942301621004,0.1423866373392792
2011-09-25,5.33087640418055,17.649372,2.5243001417924336,0.14302492692817434
2011-09-26,4.86955261874139,19.440407,2.7808993166601343,0.14304739200090857
2011-09-27,4.91560524044256,18.59664,2.659568620513719,0.14301339713794295
2011-09-28,4.78052581067926,14.228277,2.0358625409650846,0.14308566567538072
2011-09-29,4.78883881462473,13.865451,1.9881587626757555,0.14338940581522874
2011-09-30,5.14063036874205,13.167248,1.8869912199443295,0.14330945770791603
2011-10-01,5.03241261302451,12.494187,1.7924786127764398,0.1434650078265746
2011-10-02,5.02701089006383,12.214863,1.7517609164907242,0.14341223935743674
2011-10-03,5.0240062810799,11.553288,1.657038970575433,0.14342574890470744
2011-10-04,4.96000558600276,10.084371,1.4518763681183446,0.14397292576686554
2011-10-05,4.87045820189043,10.997007,1.5901826810364479,0.14460140701107943
2011-10-06,4.73463203096587,10.978302,1.5819499898869647,0.1440978798419198
2011-10-07,4.27274650803614,12.27431,1.7743526331030188,0.14455823478513455
2011-10-08,4.007527453949,14.021797,2.0337260965171593,0.1450403354930622
2011-10-09,4.10224806727808,13.774002,2.0003810122931727,0.14522873909908396
2011-10-10,4.10119201698467,14.160021,2.0583410771146964,0.1453628539991464
2011-10-11,3.95145301650975,13.852084,2.0227820451848135,0.14602727136917026
2011-10-12,4.15000092057891,13.454155,1.9911123267937008,0.14799237227498932
2011-10-13,4.04664292306541,12.796521,1.8990977019391793,0.14840734672893627
2011-10-14,3.99504435431729,11.32882,1.6894276490837647,0.14912653898534892
2011-10-15,3.84222132183485,10.712396,1.6011096308653996,0.14946325568450258
2011-10-16,3.56396860804742,12.150238,1.8215147565338135,0.14991596930745094
2011-10-17,2.56470442880155,10.181599,1.5405314245518358,0.15130544808237337
2011-10-18,2.41901005566683,10.491338,1.5987198535174998,0.15238474644141348
2011-10-19,2.26975503392251,10.21761,1.572556224702171,0.15390647063478552
2011-10-20,2.35217804744912,10.319198,1.5939127903632437,0.15446091827702466
2011-10-21,2.56999208588606,9.60197,1.5050515671834301,0.1567440422610286
2011-10-22,3.13896866855756,8.597356,1.3506759164928928,0.15710364813188196
2011-10-23,3.16042960747483,8.407323,1.323268400611067,0.15739474321506683
2011-10-24,2.54628039364998,7.989999,1.2690484609025168,0.15882961084534566
2011-10-25,2.76357544455181,7.871118,1.2702365259868227,0.16137943501793572
2011-10-26,2.7719393343631,7.055754,1.206240425830884,0.17095840229011813
2011-10-27,3.04000286256526,7.581744,1.3300529398629506,0.17542836317613808
2011-10-28,3.18999494930753,6.633286,1.172307045170697,0.1767309796739751
2011-10-29,3.58218725511097,6.916474,1.2296184011364566,0.17778111908639382
2011-10-30,3.26997448210414,9.484246,1.6954422877405213,0.17876405652966007
2011-10-31,3.24798760149804,7.334756,1.3278301122516958,0.1810326226837553
2011-11-01,3.15051282640229,7.228106,1.3164509087750584,0.18212943569119092
2011-11-02,3.25438684809148,7.326022,1.3405101194347302,0.18297927172117015
2011-11-03,3.15281914096181,7.428128,1.3679530969005278,0.1841585184284957
2011-11-04,3.10939575916864,7.236095,1.351470487097741,0.18676794275681913
2011-11-05,2.97066680503104,6.974863,1.3126041899791736,0.18819068840586137
2011-11-06,2.95959128514113,7.490823,1.4263800463531515,0.1904170123090731
2011-11-07,3.00663242967395,6.513321,1.2483891051673135,0.19166707021879265
2011-11-08,3.03810818870284,4.653831,0.9347051259532821,0.20084638081874345
2011-11-09,2.95023643792463,5.108356,1.0656616818764475,0.208611474334371
2011-11-10,2.85336224454728,9.995323,2.1088258885814546,0.210981264310725
2011-11-11,3.07798387122402,10.477514,2.233758777674375,0.21319550324318096
2011-11-12,3.03064956103315,11.058891,2.365474878262579,0.2138980269076277
2011-11-13,2.99615694356633,11.288223,2.4253741591150817,0.2148588105054578
2011-11-14,2.20542608391247,10.230348,2.2180491131788225,0.2168107207936283
2011-11-15,2.32896063554438,10.70651,2.3330786668209527,0.2179121478882885
2011-11-16,2.55972290726202,5.966625,1.412969852497236,0.23681223646491564
2011-11-17,2.25046676424942,11.490887,2.737924211921186,0.23826917077096846
2011-11-18,2.05013528348141,11.307935,2.7409407768299032,0.24239092592567604
2011-11-19,2.19685339803816,10.64203,2.600193334494115,0.2443324671723284
2011-11-20,2.20001908809534,10.1538,2.4794528874268296,0.24418964006161645
2011-11-21,2.29142270053575,10.10222,2.46748812966284,0.2442520566244483
2011-11-22,2.32913510871054,10.127979,2.4822948014984876,0.24509279587218408
2011-11-23,2.33208129499983,4.943201,1.21388957407377,0.24556749508956982
2011-11-24,2.43209841286278,5.005198,1.237578062222756,0.24725857728232178
2011-11-25,2.4994481691205,5.523935,1.3737950268480354,0.24869863957441432
2011-11-26,2.47003009406009,5.752874,1.442277997670311,0.2507056358893164
2011-11-27,2.47966340289907,7.052126,1.7743550150657021,0.2516057045215035
2011-11-28,2.54999904333796,5.862426,1.4935089565857735,0.25475955512820037
2011-11-29,2.75241562713822,7.465815,1.8990142715030525,0.2543612722785732
2011-11-30,2.97009354656052,8.065047,2.1278172441828134,0.26383198078514236
2011-12-01,3.06007573288627,8.484442,2.2396731538615433,0.26397411997318937
2011-12-02,3.11250071814405,10.456937,2.772843088052273,0.2651678108720521
2011-12-03,2.79399916069424,10.253678,2.7357788921185113,0.26680952084956927
2011-12-04,2.82809507395967,10.991156,2.9400143542329413,0.2674890837477632
2011-12-05,2.87980231964535,8.828913,2.3651489151760243,0.26788675992570077
2011-12-06,3.03198962364392,8.183051,2.1932961803542717,0.2680291368208028
2011-12-07,2.99039787304643,7.68542,2.0915420254974775,0.2721441310961864
2011-12-08,2.98068494080677,6.556509,1.7885867174920531,0.27279559190654934
2011-12-09,2.96788785470687,7.637319,2.0846017846823734,0.2729494109544576
2011-12-10,3.05396817839333,13.635315,3.7191802348794942,0.27276086171099545
2011-12-11,3.25143431726448,13.987573,3.800700129956919,0.27171977723718266
2011-12-12,3.13936794921857,15.088084,4.110818378826565,0.2724546325692971
2011-12-13,3.24990041579457,17.144037,4.682676120090864,0.2731372909327144
2011-12-14,3.14999922175901,17.035908,4.668972354441386,0.2740665228233356
2011-12-15,3.19984457536862,16.223509,4.457015559207341,0.27472575868085836
2011-12-16,3.19998720709652,15.587133,4.284458708538667,0.2748715069368336
2011-12-17,3.20009408654416,17.10247,4.7059042104095035,0.27515933447447316
2011-12-18,3.19253697056183,16.411812,4.587018480263669,0.2794949525095449
2011-12-19,3.52337871277933,13.045069,3.901595782362386,0.2990858648367978
2011-12-20,3.9387060131466,12.919772,3.849767306105703,0.29797487525618366
2011-12-21,3.88919481561637,15.919417,4.771273000650825,0.29971405801731177
2011-12-22,3.90373704200702,16.751389,5.023502596541719,0.29988573774723193
2011-12-23,3.94744043028985,16.892948,5.065528700780304,0.29986053585443734
2011-12-24,3.94001791703116,17.348537,5.2556737909717866,0.3029462144471079
2011-12-25,4.22570745461681,17.70436,5.368039332268315,0.3032043765171304
2011-12-26,4.01600745966174,16.838192,5.09695092259065,0.3027017766693099
2011-12-27,4.07350978050136,15.262758,4.62833831887468,0.3032439024607597
2011-12-28,4.18552555240761,15.291222,4.654798928525771,0.3044098690659848
2011-12-29,4.16626044734033,14.087351,4.29649114871945,0.3049892825462869
2011-12-30,4.25149673586927,14.974427,4.564145838520918,0.304796017515806
2011-12-31,4.70647665714905,14.750885,4.498813446433603,0.3049859960382201
2012-01-01,5.27179259765011,15.303531,4.65847699743728,0.3044053746671738
2012-01-02,5.21677918497317,17.937187,5.541662106085755,0.3089481959484207
2012-01-03,4.88053092511399,18.650269,5.76596294656423,0.3091624850693723
2012-01-04,5.5835152418696,18.571863,5.73144815781204,0.30860920882608256
2012-01-05,6.93335967175215,17.307335,5.420972504160362,0.3132182243801073
2012-01-06,6.69644870639156,21.328468,6.6299108365771735,0.31084796941572274
2012-01-07,6.80872473599322,25.913591,8.037043356627443,0.3101477973540682
2012-01-08,7.11248788330686,24.422304,7.578701661313813,0.31031886796958624
2012-01-09,6.32542500049992,23.996708,7.41742966936353,0.309101966988489
2012-01-10,6.39608130095411,27.7863,8.668559172356789,0.31197241094124895
2012-01-11,6.8991433026419,28.409595,8.893469724819324,0.31304456230729816
2012-01-12,6.79998762459086,28.353874,8.847948938280869,0.31205431707488185
2012-01-13,6.41055631114327,24.593164,7.778259433304392,0.31627729265829435
2012-01-14,6.75018892743933,26.756824,8.985105861458171,0.33580614036343576
2012-01-15,7.00433279619814,26.4013,8.918316882276105,0.33779840412436146
2012-01-16,6.67847296185596,23.383701,7.94032279533526,0.3395665434730119
2012-01-17,5.5788822277304,21.649096,7.758868952688694,0.3583922973947864
2012-01-18,5.91951484172343,21.749668,7.8274986622687655,0.3598904894285692
2012-01-19,6.36100944447224,22.192287,7.973377191030808,0.3592859249971352
2012-01-20,6.48987405600894,21.086962,7.608460644108491,0.36081350983380667
2012-01-21,6.1805785022373,21.465471,7.75509295170705,0.3612821880179725
2012-01-22,6.31302353872802,21.66594,7.872473371806413,0.3633571254406162
2012-01-23,6.3573304296432,21.002028,7.6744933578585295,0.3654167719801647
2012-01-24,6.29455858484214,19.407866,7.0944897455096285,0.3655471276339362
2012-01-25,5.77544800941673,18.29844,6.696806067698786,0.36597685965522353
2012-01-26,5.34264247426401,16.773724,6.262257191529958,0.3733373188829811
2012-01-27,5.29018710597449,16.316376,6.119100204264737,0.3750281664387785
2012-01-28,5.62667335637204,17.137201,6.442600619896796,0.3759423779301166
2012-01-29,5.38150271853964,16.963856,6.434331496411355,0.37929650065450615
2012-01-30,5.49030929629631,16.811005,6.399536259580358,0.3806754664496091
2012-01-31,5.4898990864953,15.085974,5.835494779571176,0.3868159177839963
2012-02-01,6.07740974524778,13.701139,5.532881463797626,0.4038263762616426
2012-02-02,6.10119269354221,13.901539,5.6463641796900825,0.4061682904456023
2012-02-03,5.96033301804655,14.157751,5.862709480895267,0.4140989380468429
2012-02-04,5.87344679441131,14.811296,6.232836390353143,0.42081641635810835
2012-02-05,5.68910716704684,15.134807,6.407196740464307,0.4233418219814936
2012-02-06,5.45876972921661,14.541521,6.237692061341629,0.42895733686979926
2012-02-07,5.68954404828208,13.557087,5.927795933320442,0.4372470163017896
2012-02-08,5.6001016299289,12.853017,5.688606683836477,0.4425892299273779
2012-02-09,5.84041812125845,12.862063,5.799381927070014,0.45089048055368025
2012-02-10,5.92145820833532,11.355487,5.380520099082504,0.4738255831971132
2012-02-11,5.60088311628475,10.855838,5.224677219499026,0.4812780988696535
2012-02-12,5.51739769423319,11.345954,5.583202537329509,0.4920875143604752
2012-02-13,5.26290253513761,10.254806,5.156789199681158,0.5028656196496066
2012-02-14,4.4646743170684,9.747633,5.0679593763921655,0.5199168997761981
2012-02-15,4.28882010170706,9.68169,5.154557027323882,0.5324025999240709
2012-02-16,4.2686894742755,11.538671,6.25171973997674,0.5418058534650229
2012-02-17,4.38493109461501,11.344344,6.192106786276666,0.5458320480507135
2012-02-18,4.22698924309402,11.54717,6.4376498612888655,0.557508861517719
2012-02-19,4.38669213569518,12.926416,7.278495517993693,0.5630714214903872
2012-02-20,4.36824826393399,11.213187,6.590698567478114,0.5877631692756107
2012-02-21,4.27878254973508,10.201783,6.0333908954352875,0.591405549657795
2012-02-22,4.42881509825389,9.116496,5.462128093335014,0.5991477514183937
2012-02-23,5.00376799132438,8.642225,5.227346457622026,0.6048612077800757
2012-02-24,5.02717828094935,8.969388,5.456636553201963,0.6083621954596141
2012-02-25,4.78826436000485,8.645947,5.344932553305682,0.618200972308875
2012-02-26,4.92204326478047,9.506953,5.9569752493414505,0.6265914176367998
2012-02-27,4.95750983434329,9.498127,5.999455879260115,0.6316461862430565
2012-02-28,4.86795614101681,8.332947,5.7513975139534494,0.6901997176606696
2012-02-29,4.86470496223639,5.528318,6.006238205159864,1.0864494990881268
2012-03-01,4.92389180193582,4.189812,5.919548429163757,1.4128435919951745
2012-03-02,4.70498902941796,4.388008,6.233216883427556,1.420511832407418
2012-03-03,4.61436710560607,4.41776,6.337011379544954,1.4344400364912713
2012-03-04,4.82133378796,4.670401,6.7064858752565035,1.4359549581844042
2012-03-05,4.98413729242482,4.542678,6.558052717529153,1.4436533616935054
2012-03-06,4.99076716913043,4.315778,6.2588417143019495,1.4502233552779442
2012-03-07,4.97732821644417,4.15596,6.03157775894786,1.4513078912549515
2012-03-08,4.93321266283463,3.802963,5.52429934923476,1.452630443638212
2012-03-09,4.8650903986118,3.615318,5.251869149148254,1.452671245480044
2012-03-10,4.85096359535494,3.590746,5.2282141857511135,1.4560243368149524
2012-03-11,4.90941762885918,3.37724,5.059954194093857,1.498251334053616
2012-03-12,4.89004322330743,3.244279,4.87185435659922,1.5016755769444212
2012-03-13,5.26943210924398,2.973163,4.564057264426599,1.5350847368904084
2012-03-14,5.3846357454765,2.992626,4.632181264466697,1.5478652814974085
2012-03-15,5.32656972768021,3.25948,5.093697348581815,1.5627333482503183
2012-03-16,5.35345001423982,3.397881,5.337938636212319,1.5709612328593747
2012-03-17,5.21741678949531,3.795659,6.040663539417423,1.5914664006899177
2012-03-18,5.27943295663821,3.954734,6.314112343638005,1.5965960808545565
2012-03-19,4.6970265750615,3.698344,5.911001667394238,1.5982831617988615
2012-03-20,4.83790644948875,3.695196,5.950152890408522,1.6102403086290995
2012-03-21,4.81806101183518,3.35571,5.432976104854448,1.6190241494381465
2012-03-22,4.70430676208447,3.504929,5.682049747415277,1.621159501463781
2012-03-23,4.69139732915487,3.386284,5.550134860563725,1.6390047059971915
2012-03-24,4.65514518120598,3.490858,5.737978499971257,1.643715751687164
2012-03-25,4.55001171479809,3.375645,5.553928852885442,1.6452942969830313
2012-03-26,4.62275101106778,3.130471,5.170492326422987,1.651665950553765
2012-03-27,4.81500632038815,3.17681,5.254333255667814,1.6539653231554192
2012-03-28,4.78867894745028,2.84146,4.700431139365106,1.654231197164677
2012-03-29,4.80821605411478,3.073073,5.115112686705159,1.6644943296238273
2012-03-30,4.85845661451339,3.231243,5.4486950210214395,1.6862533082553788
2012-03-31,4.90873256423612,3.544562,5.981426728804034,1.6874941021169518
2012-04-01,4.82285438453406,3.565246,6.157216234714126,1.7270101917604557
2012-04-02,4.97400279171384,3.219801,5.563467980572538,1.7278921380971692
2012-04-03,4.95212809747347,3.240969,5.6207704418340585,1.7342872397717037
2012-04-04,4.91826265565012,3.235467,5.618642420232816,1.7365785699530893
2012-04-05,4.91899461498059,3.478293,6.0339632547869355,1.7347482025636283
2012-04-06,4.94667266496811,2.937584,5.0883122777388206,1.7321418388630485
2012-04-07,4.69146131169882,3.509793,6.0898891348094555,1.7351136138440062
2012-04-08,4.79252438258725,3.70846,6.434836324451102,1.7351775130436793
2012-04-09,4.87190919295764,3.318799,5.754036632695798,1.7337705950156885
2012-04-10,4.82551997487777,3.091424,5.3667636189652645,1.736016620826925
2012-04-11,4.92778548514172,2.995798,5.2016699191463465,1.7363217866827128
2012-04-12,4.91969430382496,3.110865,5.380301457184878,1.7295192260939463
2012-04-13,4.93628936377485,3.220264,5.565086839085241,1.7281459047032275
2012-04-14,4.95970445206548,3.524446,6.128672112363626,1.7389036393454884
2012-04-15,4.96891910058534,3.637478,6.3270832127897565,1.7394147292796085
2012-04-16,4.93201158873195,3.208463,5.57576596558522,1.7378305835054335
2012-04-17,4.98499455758975,3.522106,6.135117192521297,1.7418887199574251
2012-04-18,5.12130812905535,3.483717,6.073829270746821,1.7434912133275313
2012-04-19,5.1447793823688,3.471349,6.07686261829769,1.750576703668853
2012-04-20,5.35009038822879,3.414842,5.993703444200961,1.7551919045192248
2012-04-21,5.2601431950037,4.033202,7.115910630042949,1.7643329656111952
2012-04-22,5.20352603356409,4.031093,7.150267007113702,1.7737788195821258
2012-04-23,4.96582514775877,3.555627,6.45114432340601,1.814348023628456
2012-04-24,5.10394265270566,3.35128,6.132520773044048,1.8299038423174459
2012-04-25,5.13453463910742,3.252642,5.948611643975076,1.8288550856270631
2012-04-26,5.10005593085136,3.717336,6.93470043250385,1.8655027620529359
2012-04-27,5.10961800193015,3.667498,6.945335670539809,1.8937532950981417
2012-04-28,4.97940595181476,3.658429,7.006005326346982,1.9150312551967226
2012-04-29,4.90287453611801,3.467065,6.766489813477499,1.9516478522455154
2012-04-30,4.94910305220169,3.260031,6.487156344063402,1.989906111797748
2012-05-01,5.00841920249539,3.056311,6.153709824664617,2.0134436673797143
2012-05-02,5.0734289805164,2.331248,4.769140203465457,2.0457456127702236
2012-05-03,5.1451001062097,1.847269,4.702040466081892,2.545401378123524
2012-05-04,5.07145293422337,1.820277,4.679198976203241,2.5705968085549364
2012-05-05,5.07885858359293,2.390553,6.196858663742852,2.592227622737857
2012-05-06,5.05481047600564,2.361694,6.196990233564979,2.623960050685188
2012-05-07,5.08406416346168,2.592052,6.873140891942141,2.651621086233099
2012-05-08,5.05002150482217,2.193022,5.988865070140048,2.7308735397806436
2012-05-09,5.0480173252148,2.37674,6.739784051382399,2.8357258076913783
2012-05-10,4.82616309704524,2.430237,7.005837266423602,2.8827795775410734
2012-05-11,4.96370056697104,2.307573,6.850953637049148,2.9689001868809295
2012-05-12,4.94620910882999,2.384417,7.299508351491554,3.0613387086521335
2012-05-13,4.92997058917423,2.190413,6.89912589550341,3.1496920658467804
2012-05-14,5.00594371010695,1.624323,5.174179134417843,3.185437875410306
2012-05-15,5.03540925022745,1.863622,6.120878895631635,3.284398892617414
2012-05-16,5.08730610512377,1.760039,6.226541096618826,3.5377287107568853
2012-05-17,5.09979899797384,1.736201,6.239659157900179,3.593857236434014
2012-05-18,5.11956135801862,1.649856,6.033012309623588,3.6566909640694485
2012-05-19,5.09950311954792,1.490478,5.623529411975554,3.7729696277773583
2012-05-20,5.09001706038258,1.643784,6.354089361355881,3.865524693826189
2012-05-21,5.09989235369147,1.596977,6.278433718201336,3.931448343028952
2012-05-22,5.10405001277268,1.507617,6.02990066289681,3.999622550958233
2012-05-23,5.13880926852253,1.560336,6.501093300746253,4.166470066533984
2012-05-24,5.11902270702896,1.580663,6.761179086673381,4.277431058972421
2012-05-25,5.14545828346713,1.394355,6.166994416565367,4.422829124070573
2012-05-26,5.10307428718382,1.194219,5.478106457903553,4.587187912573742
2012-05-27,5.14075429024356,1.181976,5.487607541475568,4.642739858594613
2012-05-28,5.13555290763641,1.03342,5.039097194499099,4.8761377617043875
2012-05-29,5.15539522803204,0.88256,4.518422367724114,5.119676999730061
2012-05-30,5.14096170751355,0.861345,4.663330632920395,5.4140116172919095
2012-05-31,5.17907120189264,0.851098,4.792063164242982,5.63044899574395
2012-06-01,5.27243229308056,0.884862,5.133267771757742,5.801205625352426
2012-06-02,5.24695465914977,0.81528,6.452274573075104,7.914178224772801
2012-06-03,5.20513584865323,0.771832,6.521144408394648,8.448915987636376
2012-06-04,5.26318472470306,0.663941,5.750866337207786,8.66170709813977
2012-06-05,5.43968559394814,0.722111,6.492007550239303,8.990313295262183
2012-06-06,5.46312714855186,0.727884,6.781873123920113,9.317238894523205
2012-06-07,5.59202483226593,0.59413,6.711366765036669,11.296125842284935
2012-06-08,5.63299548385375,0.505668,6.65647743864717,13.163730798300719
2012-06-09,5.56199590518622,0.479272,6.879898593896264,14.354893724725889
2012-06-10,5.46868259025868,0.52228,7.815796371503343,14.964755676064575
2012-06-11,5.57499212744956,0.392035,6.100011974001902,15.559865683217037
2012-06-12,5.70042863958306,0.429542,6.873680672777417,16.002365935690413
2012-06-13,5.93483819503498,0.342206,7.158991467846632,20.920139484121243
2012-06-14,5.96795830938577,0.338013,7.521193539631176,22.25119623984025
2012-06-15,6.53126498781241,0.26722,6.506942016835971,24.3505259807536
2012-06-16,6.40205750592554,0.298772,7.394625499957618,24.75009872327131
2012-06-17,6.21665835157938,0.333617,8.351046395569105,25.03180476550318
2012-06-18,6.30970837418595,0.31384,8.003407241218241,25.50157472831944
2012-06-19,6.47562043608143,0.296303,7.612165593634324,25.690447918209163
2012-06-20,6.71340012324679,0.273215,7.1867203846506404,26.30425047853311
2012-06-21,6.68211665212944,0.30307,8.15588248047441,26.910907503143733
2012-06-22,6.55377578572481,0.270408,7.317199397368095,27.059839797002997
2012-06-23,6.45263640501852,0.277912,7.8035288473882325,28.079087418830277
2012-06-24,6.35212598826988,0.267851,7.575353313898772,28.281938804413652
2012-06-25,6.30692808460212,0.235667,6.895356795953604,29.258951966120854
2012-06-26,6.42053036226111,0.211011,6.568001951671816,31.126390866608908
2012-06-27,6.63127030354363,0.200404,6.320489211621741,31.538693967068774
2012-06-28,6.60588209533506,0.211641,6.728563093116154,31.792357350491127
2012-06-29,6.6377733954871,0.218138,7.067574222813011,32.399573225433926
2012-06-30,6.70147701897504,0.240346,7.881447359671909,32.7920717937095
2012-07-01,6.64009975007019,0.227296,7.788160604852457,34.26435646700611
2012-07-02,6.75998821078868,0.182501,6.274955400905765,34.383195225864284
2012-07-03,6.45793805690885,0.173902,6.027395273172152,34.65970460000385
2012-07-04,6.52554480882112,0.183007,6.435108560290427,35.16318947619873
2012-07-05,6.66382828093331,0.185706,6.562635905590586,35.338831357368406
2012-07-06,6.65120696460704,0.18985,6.729236411068547,35.44499659909889
2012-07-07,6.77423906938925,0.216828,7.643108672129096,35.24965087705867
2012-07-08,6.80578479107927,0.223503,7.880324071529545,35.25818129529431
2012-07-09,7.02318638779854,0.187808,6.6973411110964625,35.66062203542567
2012-07-10,7.20565709616109,0.195385,6.733344269727327,34.46193020515172
2012-07-11,7.15013457854442,0.218433,7.551362703724237,34.570685350523455
2012-07-12,7.67612017188412,0.208455,7.245874558280233,34.75991482802418
2012-07-13,7.67320146617119,0.187048,6.492126616589985,34.70834100400186
2012-07-14,7.58464117527941,0.245675,8.254792081183899,33.60041476730164
2012-07-15,7.62101320875434,0.272298,9.16413351317902,33.6548551791617
2012-07-16,8.46416424074083,0.235345,7.90580628076617,33.59244779560316
2012-07-17,8.83027201742877,0.228381,7.614536998484549,33.34131039637862
2012-07-18,9.09624321619122,0.302776,10.061800260722052,33.23183126913543
2012-07-19,8.86699310044171,0.352565,11.668641501580675,33.09646043869687
2012-07-20,8.57217512814407,0.349462,11.600279671420484,33.19463784876797
2012-07-21,8.8457579440364,0.324848,10.79195948252185,33.22157073530623
2012-07-22,8.4203719861554,0.338251,11.249423676415567,33.25764904905906
2012-07-23,8.45212423482088,0.306489,10.189066498172712,33.24445969330206
2012-07-24,8.59363315796697,0.260623,8.703638341070176,33.39551461912032
2012-07-25,8.80286120169547,0.260629,8.728594084304376,33.49049582068963
2012-07-26,8.912463704888,0.249007,8.338741443105661,33.487989070241426
2012-07-27,8.9108193718104,0.261445,8.833132489654187,33.78576474360438
2012-07-28,8.80371475059508,0.256858,8.68920487411564,33.82876285952846
2012-07-29,8.70746909673569,0.2804,9.570875510208896,34.132935413475145
2012-07-30,9.08836146566224,0.273925,9.341313976714511,34.1016699063135
2012-07-31,9.34287895987739,0.169517,5.761528926205135,33.987955245370294
2012-08-01,9.54469490846771,0.244329,8.316166114915047,34.036754413666515
2012-08-02,10.5352358143114,0.242261,8.196621948395494,33.833914633834034
2012-08-03,10.9779199737169,0.29219,9.816443839260462,33.59608102038265
2012-08-04,10.8614927893059,0.331274,11.072581012700411,33.42424162267086
2012-08-05,10.8818853531931,0.333267,11.142537541916457,33.43427007508192
2012-08-06,10.8646055771551,0.339968,11.317155993461261,33.28887096633577
2012-08-07,11.1000027234805,0.334358,11.30721544592446,33.8177295835135
2012-08-08,11.0727393206864,0.29094,9.780145673406519,33.61573212336085
2012-08-09,11.1682592770952,0.285095,9.55324527384408,33.508952925491315
2012-08-10,11.3863944330225,0.301004,10.054654012414533,33.40370232264001
2012-08-11,11.5109970561014,0.296422,9.879924546547777,33.33064250514277
2012-08-12,11.6239470270345,0.318129,10.59475897543904,33.30337033008959
2012-08-13,12.0084845290007,0.234488,7.781814007435427,33.18644964069411
2012-08-14,12.173826112578,0.296109,9.791959029063818,33.06875204241533
2012-08-15,13.2475291580755,0.314673,10.355248470161403,32.907914472508
2012-08-16,13.5058788507023,0.281459,9.167605811750981,32.57170244105534
2012-08-17,11.6610689802113,0.295853,9.481320514456748,32.047394152274244
2012-08-18,11.6126447778604,0.365264,11.697601322048234,32.025091870871954
2012-08-19,7.88843046855108,0.388458,12.535225602175315,32.26916347736518
2012-08-20,10.0896315964923,0.357089,11.448700099260332,32.061155949031274
2012-08-21,9.95650106467885,0.388448,12.455241895985644,32.0641433856023
2012-08-22,9.82052601019116,0.395899,12.690432749952372,32.05475526790308
2012-08-23,10.1263712848577,0.437667,14.001847556961035,31.99203441673251
2012-08-24,10.5994517842311,0.37313,12.29175030149803,32.94230728412822
2012-08-25,10.5916941382261,0.378912,12.45482594652713,32.869991982302786
2012-08-26,10.6163676911242,0.410095,13.451728491197706,32.80152512204374
2012-08-27,10.946191390968,0.391239,12.688990735916232,32.43286569534223
2012-08-28,10.9400086994119,0.413859,13.375136090731342,32.31808718733494
2012-08-29,10.9333793684994,0.395681,12.773536774720904,32.28242778520688
2012-08-30,10.7872844840377,0.437667,14.14309221962922,32.31473266605691
2012-08-31,10.1604183177832,0.359904,11.530828111739549,32.03859826300974
2012-09-01,9.96547656435284,0.327719,10.566054310709097,32.24116240055724
2012-09-02,10.2204284965284,0.408962,13.162309747488793,32.184652026658036
2012-09-03,10.5300109299288,0.387138,12.443471989489007,32.14222032006547
2012-09-04,10.4103125793911,0.292981,9.402186891523032,32.09142073998562
2012-09-05,11.0009175788096,0.28073,8.985286136676901,32.006845239225655
2012-09-06,11.1798400210527,0.317848,10.14024340977281,31.902775294584117
2012-09-07,11.01715090374,0.302297,9.621281375479596,31.827271611467985
2012-09-08,11.0406053901745,0.309972,9.85456030556095,31.79172960378041
2012-09-09,11.033861510262,0.303219,9.608513358641602,31.68831562330644
2012-09-10,11.1689307502104,0.288345,8.995418419067352,31.196683920295825
2012-09-11,11.3102343829383,0.325567,10.142249856595921,31.15260047266201
2012-09-12,11.3648786449551,0.264389,8.209383108763934,31.050421427216246
2012-09-13,11.4076396784589,0.324128,10.044916674980039,30.990580548122566
2012-09-14,11.7547732163463,0.312116,9.64551793418337,30.90360298478596
2012-09-15,11.7563324296152,0.272637,8.38914562472482,30.770349096308014
2012-09-16,11.9333429976825,0.319525,9.797542570680879,30.66283441412783
2012-09-17,11.8743145465796,0.280153,8.492728945782513,30.314602398704647
2012-09-18,12.336017914316,0.27065,8.076403589133927,29.840805348268955
2012-09-19,12.5416558889025,0.277973,8.243434481318095,29.65556892677653
2012-09-20,12.2927604062361,0.315124,9.259458971729654,29.38353117284267
2012-09-21,12.3678164610961,0.40181,11.729750886975474,29.192287018912594
2012-09-22,12.2132953677998,0.50099,14.57342155138758,29.089239023552064
2012-09-23,12.1653471147639,0.502884,14.609526484784668,29.05151079832502
2012-09-24,12.0933100855653,0.446617,12.877674942304727,28.83385076223093
2012-09-25,12.0884522153222,0.383846,11.026368536493802,28.726001113419183
2012-09-26,12.2699902864971,0.404884,11.603225462242381,28.658126143355968
2012-09-27,12.3089017119945,0.445635,12.732862366960251,28.572375894291095
2012-09-28,12.3879200192057,0.443934,12.623187618027815,28.434846631639516
2012-09-29,12.3630985159986,0.531502,15.063684384134529,28.341741196154583
2012-09-30,12.387752611578,0.580633,16.425885082484996,28.289625079206335
2012-10-01,12.396378099424,0.547895,15.470490183963491,28.2362423273056
2012-10-02,12.8334705909643,0.490572,13.80238513162141,28.13531260991442
2012-10-03,12.8571830959704,0.495512,13.806634953370088,27.863372524996738
2012-10-04,12.8499955078679,0.497884,13.823961276265516,27.765420342380846
2012-10-05,12.6906604243815,0.492463,13.646088717606018,27.70987127870689
2012-10-06,12.5054290146214,0.562868,15.583976039955436,27.686740517984305
2012-10-07,11.8088362209301,0.533287,14.775021821548464,27.705595748241088
2012-10-08,11.7750970615592,0.480283,13.295823160286188,27.683285113126892
2012-10-09,11.8901849920493,0.448414,12.397956590663142,27.648436550430105
2012-10-10,12.1196742372472,0.400156,11.02878669237789,27.56121575937492
2012-10-11,12.0323725213688,0.36026,9.919678908741748,27.53475828658602
2012-10-12,11.9909674553594,0.345428,9.495486498146413,27.489035239203822
2012-10-13,11.8607590592531,0.39336,10.803238156945115,27.46402341656264
2012-10-14,11.7503339573402,0.394707,10.801682635877604,27.366315355963053
2012-10-15,11.8608531791416,0.336464,9.19547212779869,27.329749288097016
2012-10-16,11.851232839112,0.326637,8.931171760348262,27.34277959895626
2012-10-17,11.8524924969037,0.329535,8.971992391485617,27.226207804385304
2012-10-18,11.9434086613232,0.354955,9.643962060425718,27.169499692610763
2012-10-19,11.7466180368638,0.357711,9.707168003545693,27.136935254465392
2012-10-20,11.740595799939,0.324567,8.799392757050072,27.111137532683557
2012-10-21,11.70884258701,0.380685,10.281450580254226,27.007738783060738
2012-10-22,11.7739991176808,0.359039,9.700920994476665,27.019110552947186
2012-10-23,11.673747540672,0.363528,9.805406519345693,26.972906043885548
2012-10-24,11.6512737843327,0.33712,9.07710863895103,26.925444789792582
2012-10-25,10.8405550752095,0.338386,9.121743156194865,26.956655327510585
2012-10-26,10.1703989698262,0.365888,9.864790827164937,26.96123969479264
2012-10-27,10.3082039288261,0.386535,10.43512136030227,26.996573933234536
2012-10-28,10.7048210643435,0.40058,10.847379923678204,27.07915808309701
2012-10-29,10.5965798171307,0.368726,9.976091957591679,27.055585090497186
2012-10-30,10.8876742904718,0.322467,8.716461866688157,27.030530499387112
2012-10-31,11.1981681665433,0.327107,8.824537747290755,26.977538335262256
2012-11-01,10.579295013708,0.339888,9.16230826809113,26.95683883299897
2012-11-02,10.4173955882617,0.351165,9.470064874243128,26.967588579893995
2012-11-03,10.6420090191834,0.350838,9.460396480367184,26.965180181981104
2012-11-04,10.7991996297811,0.358887,9.658534354753442,26.91248381822908
2012-11-05,10.740142767633,0.358281,9.630067923203615,26.878529077065824
2012-11-06,10.8838717202767,0.348509,9.362110709960366,26.863336148045413
2012-11-07,10.9377101759863,0.328204,8.78934807005902,26.780103603406896
2012-11-08,10.9242795962457,0.326616,8.737768782423409,26.752404338846677
2012-11-09,10.8104204223338,0.307056,8.19697460057507,26.695389113891586
2012-11-10,10.8347859987849,0.337168,8.990278931723468,26.66406520212639
2012-11-11,10.8659331506974,0.32798,8.74047382561384,26.649387888983405
2012-11-12,11.0171473552111,0.309833,8.240115795889295,26.59533227927392
2012-11-13,11.0053105442411,0.284878,7.568519179723856,26.567542423379393
2012-11-14,10.9628790198881,0.292529,7.754720502706131,26.509250372004733
2012-11-15,11.1959710255672,0.290056,7.87073345636386,27.135229558052163
2012-11-16,11.7457475690456,0.299135,8.085802742637938,27.03057339408499
2012-11-17,11.7847577411786,0.347985,9.389037828154995,26.981134401057528
2012-11-18,11.6399479971305,0.360219,9.699781870283005,26.92745798771689
2012-11-19,11.7601829601469,0.36499,9.80264236264572,26.857276771799178
2012-11-20,11.705590839703,0.368522,9.887645619357569,26.830550603935286
2012-11-21,11.7481456690149,0.378084,10.124804590057874,26.779262350725862
2012-11-22,12.3030228436012,0.373805,9.979835101112469,26.69798834150529
2012-11-23,12.3450058705694,0.370429,9.858776450250339,26.61450937106745
2012-11-24,12.4115736085033,0.37032,9.828260969632687,26.539914490198402
2012-11-25,12.545105850885,0.388275,10.305401010021262,26.541473179505655
2012-11-26,12.1299860876359,0.346057,9.152527625439498,26.44805930466929
2012-11-27,12.1893480599252,0.337628,8.91363547119498,26.400766276595114
2012-11-28,12.3458950191662,0.357991,9.432930292303933,26.349597310805862
2012-11-29,12.4551525819641,0.361935,9.522618349435644,26.31031237983258
2012-11-30,12.57068531433,0.372859,9.79222239380013,26.2625388946666
2012-12-01,12.6669700639288,0.367912,9.635787078452218,26.190442644286446
2012-12-02,12.5000271920804,0.385169,10.08333704435937,26.17902613078402
2012-12-03,12.6774422005852,0.327379,8.55328369683859,26.126525166481223
2012-12-04,13.3772556953385,0.310535,8.05270961067096,25.93175247029367
2012-12-05,13.3650391946128,0.349693,9.029846317673615,25.822177142406154
2012-12-06,13.2546760189191,0.333195,8.58223602447261,25.757431077705615
2012-12-07,13.4293274936042,0.34588,8.861910395450776,25.621360055513414
2012-12-08,13.4306842952054,0.432381,11.06553617020377,25.592124843216215
2012-12-09,13.3996229895951,0.425499,10.870599532616874,25.54789197218858
2012-12-10,13.4445823731791,0.42497,10.820668619649922,25.462219594417753
2012-12-11,13.6785738876335,0.406764,10.332802920421065,25.402477224417684
2012-12-12,13.7065807911752,0.372644,9.433626082375207,25.315385999590966
2012-12-13,13.73950338064,0.353383,8.919267795789468,25.239653414686256
2012-12-14,13.6248439224843,0.428558,10.798684916748776,25.197741593927866
2012-12-15,13.5588483411305,0.496361,12.505920217464839,25.19520769603365
2012-12-16,13.3694020985842,0.512889,12.91053206170581,25.172152170213664
2012-12-17,13.2653351260352,0.450735,11.345051223121754,25.170139597938583
2012-12-18,13.2947699333597,0.437275,11.001146811712035,25.15843994033321
2012-12-19,13.6106499253588,0.44804,11.316284804895988,25.25728856269026
2012-12-20,13.5710277198589,0.400032,10.08573704035071,25.212320818180768
2012-12-21,13.516087401888,0.374474,9.452198656796952,25.241299326912312
2012-12-22,13.4844562231903,0.370306,9.349750408963539,25.24874728819809
2012-12-23,13.3327915615681,0.432976,10.928060899386178,25.239430324112686
2012-12-24,13.4299141839974,0.401134,10.121708568744268,25.23273632818953
2012-12-25,13.4478318363456,0.409596,10.332258733740613,25.225463691680286
2012-12-26,13.4711901518354,0.38653,9.746617747711488,25.21570022753185
2012-12-27,13.4317689531451,0.358727,9.042049921216833,25.205928510524537
2012-12-28,13.5102068647148,0.303708,7.65214806178483,25.195746781679027
2012-12-29,13.4086217509987,0.313851,7.901717188459979,25.176680619056622
2012-12-30,13.47792229064,0.308349,7.759610146773714,25.16503367917068
2012-12-31,13.5599728441957,0.30978,7.873374733212823,25.41604225935691
2013-01-01,13.3556394747927,0.32743,8.316088154461884,25.398035048187506
2013-01-02,13.2944949976478,0.31609,8.035180863177635,25.42053016178935
2013-01-03,13.4254513211494,0.302663,7.700479914285093,25.44240719343363
2013-01-04,13.5165440963178,0.31764,8.08218315893926,25.444510944670668
2013-01-05,13.4425028839674,0.331527,8.452887099611148,25.49682615748421
2013-01-06,13.5182959408963,0.355788,9.080330882307686,25.52171704476254
2013-01-07,13.5879010666274,0.319962,8.180450223052564,25.566920716752687
2013-01-08,13.8059450561667,0.327308,8.358163063808268,25.53609002956932
2013-01-09,13.851810954259,0.344832,8.792290678106596,25.49731564813395
2013-01-10,14.1403692398625,0.361256,9.187613458701822,25.432433653007152
2013-01-11,14.2743814397457,0.349945,8.894051978880722,25.415559852496404
2013-01-12,14.2556120854955,0.364023,9.279327312073978,25.491048960453718
2013-01-13,14.1896432167947,0.372027,9.477128817710916,25.474293601940783
2013-01-14,14.3413530803312,0.418534,10.658447699741762,25.466152184743603
2013-01-15,14.3547112047567,0.328042,8.345575832810374,25.44058119432928
2013-01-16,14.741671428825,0.359758,9.133044589282253,25.386650966123284
2013-01-17,15.5286807890871,0.330378,8.343016077023604,25.25290868574343
2013-01-18,15.710059558545,0.359812,9.060946074507132,25.18245160506889
2013-01-19,15.6144642016732,0.40357,10.14847039889384,25.14677223039138
2013-01-20,15.7010026178448,0.422949,10.613708627505863,25.09455253354863
2013-01-21,16.8212499688939,0.419766,10.461455511051641,24.922087112727837
2013-01-22,17.2826816449062,0.371132,9.1505303532786,24.655733684520175
2013-01-23,17.5163862905568,0.464485,11.398589304183647,24.540249445491302
2013-01-24,16.7789998792135,0.436901,10.60065586576125,24.263269436745812
2013-01-25,17.4683551962752,0.493576,11.94230722836406,24.195469227089596
2013-01-26,17.8026946637477,0.511721,12.32870387740859,24.092605954221572
2013-01-27,17.9550542216326,0.587914,14.041076396050672,23.882880544412664
2013-01-28,18.7861615500321,0.552022,13.097607982710427,23.726599003654417
2013-01-29,19.5621580238926,0.529789,12.39536550811087,23.396811749395578
2013-01-30,19.7981933478705,0.649213,14.983749979752647,23.079881130934936
2013-01-31,20.502697917887,0.677275,15.426725381697748,22.777637692370433
2013-02-01,20.499544897991,0.674895,14.840644964947368,21.989574695599234
2013-02-02,19.6916865333504,0.80256,17.473916568336183,21.772719192174637
2013-02-03,20.5855190552894,0.894744,19.398273545420306,21.68025934160738
2013-02-04,20.5326352292625,0.860109,18.429683294179586,21.42716085715244
2013-02-05,20.6078211379366,0.783641,16.701842070073226,21.313136609467566
2013-02-06,21.2016287160435,0.694722,14.684442690428112,21.137135377692825
2013-02-07,22.1217808336164,0.688733,14.43976308241078,20.965686711589434
2013-02-08,22.7209548939684,0.600645,12.437909492078001,20.70758895727666
2013-02-09,23.6838176687102,0.666682,13.536540546813352,20.304358259968534
2013-02-10,23.9682983039163,0.688497,13.916248385437761,20.212496399136537
2013-02-11,24.5484159214328,0.700492,14.033958314892722,20.034435400660062
2013-02-12,25.2722410036258,0.674765,13.376865210932303,19.82446869674265
2013-02-13,24.2671997269565,0.685898,13.420634120984063,19.566518816178302
2013-02-14,27.2405756807618,0.758155,14.657361512167352,19.332945383954613
2013-02-15,27.0929671863023,0.699887,13.282499555403751,18.978059227563268
2013-02-16,27.315626951386,0.900383,16.92754442046452,18.800381872346836
2013-02-17,26.8961429574462,0.921338,17.1783402381694,18.645001157457134
2013-02-18,26.9495528329032,0.941304,17.402558916433403,18.48770602268359
2013-02-19,29.4338080772419,0.91209,16.62543961908227,18.22785684708613
2013-02-20,29.8254917390948,0.919183,16.435739297005675,17.880807582519864
2013-02-21,29.7440465328677,0.952604,16.890195261219965,17.730561812984384
2013-02-22,30.2975680514547,0.914964,16.013962702187165,17.50229063472416
2013-02-23,29.8027220992694,0.992386,17.274516506502124,17.40706232212508
2013-02-24,29.8999716476785,1.016322,17.51801809315663,17.236688881705042
2013-02-25,30.4005261184774,0.995769,16.662395110950033,16.73319258074854
2013-02-26,31.1830423997297,1.0388,17.169872487536267,16.528560155320164
2013-02-27,30.9836793238208,1.115108,18.3240697956549,16.43255142302617
2013-02-28,33.3959966454728,1.013609,16.093383223662762,15.877306352429612
2013-03-01,34.569714835953,1.160642,18.02669323507383,15.53165359125356
2013-03-02,34.2886615198049,1.293498,19.94226504349619,15.417315126524725
2013-03-03,34.5590920096587,1.465999,22.465365233268894,15.324271586541515
2013-03-04,36.2221354708367,1.187796,18.01280230671115,15.164893206033044
2013-03-05,40.7062021057804,1.107704,16.26431816885714,14.682903569669783
2013-03-06,41.357116237616,1.109411,15.288088559116714,13.780367751976325
2013-03-07,41.8823065065484,1.533973,20.64502460880638,13.458530534747467
2013-03-08,44.0197167609204,1.816883,24.24189911378822,13.342575105714246
2013-03-09,46.8249311151499,1.873333,24.584932359187007,13.123629645847647
2013-03-10,46.115188166214,2.031015,26.318230054200345,12.958167492594175
2013-03-11,48.4418702038992,2.103787,26.86270380827785,12.768734637823444
2013-03-12,44.1373868167174,1.8542,23.39170840609567,12.615526706787824
2013-03-13,47.0793200118059,1.74635,21.677055392472393,12.412779475407106
2013-03-14,47.1251409363745,1.705545,20.875936698129742,12.240037501254635
2013-03-15,46.9808156603533,1.770295,21.377120424358978,12.075456354304805
2013-03-16,47.0199245694818,1.776676,21.307285491399565,11.992780490861424
2013-03-17,47.4463925864026,1.831904,21.787774294773413,11.893511509644947
2013-03-18,51.587925040732,1.720369,20.268301600810094,11.781366055554068
2013-03-19,59.6210151755252,1.561148,17.799087785875447,11.401281818282856
2013-03-20,64.2960898368487,1.779786,19.59444315598145,11.009440318273123
2013-03-21,70.9230567433894,1.942412,20.254055887670553,10.42727299276837
2013-03-22,70.2632560819243,2.452866,24.42581625680121,9.958073566966295
2013-03-23,64.3078304350832,2.990211,29.42591035162977,9.840746314494927
2013-03-24,71.6177168938359,3.152824,30.359587980876835,9.62933189206561
2013-03-25,73.6210477677224,2.940815,27.246463695621156,9.26493557895776
2013-03-26,78.7388482182998,3.205847,28.819387203622014,8.98963300192777
2013-03-27,88.8537537816331,3.023017,26.085387215495764,8.62892463516961
2013-03-28,87.2120940304883,2.917104,23.91216620976474,8.197228779556953
2013-03-29,90.4589233279579,3.412505,27.24748434671791,7.984598668409848
2013-03-30,92.1993160292201,3.830122,29.563330255020823,7.718639259895638
2013-03-31,93.2783752640217,4.305321,32.76317597920256,7.609926757922883
2013-04-01,103.979880451985,4.045238,28.960638063265247,7.1591926197367535
2013-04-02,118.079318527155,4.267021,29.10721372555753,6.8214365224146
2013-04-03,134.614614399499,4.701921,28.42421381209715,6.04523395430389
2013-04-04,132.449856566756,5.914045,34.33596487698533,5.805834322895234
2013-04-05,142.160777941535,6.726698,36.124925735753834,5.370380547893849
2013-04-06,143.785479650067,7.755139,40.45224419081931,5.216185358457344
2013-04-07,163.759707147731,7.902741,39.796755197857635,5.035816496461681
2013-04-08,186.909446363436,7.172712,33.06083232249377,4.609251610838549
2013-04-09,230.87482467924,8.263692,32.76677250126368,3.9651491378151915
2013-04-10,164.723583158101,8.515667,29.782202057465277,3.497342154866721
2013-04-11,100.160714285714,12.243645,43.987116975365275,3.592648922332233
2013-04-12,115.754175159565,11.206905,43.149914198498635,3.8502970527917264
2013-04-13,92.9782516803297,12.042224,45.79582398711022,3.8029374860582594
2013-04-14,89.9383796297025,12.152023,45.95983884345033,3.782073158220512
2013-04-15,82.6522983680466,10.556012,39.99729765732398,3.7890536815497047
2013-04-16,68.5878286220295,8.03178,30.923434450917213,3.8501346187666763
2013-04-17,93.5765842688243,5.909499,22.633377941257397,3.829999726598946
2013-04-18,109.429990681061,5.45178,20.71765649657603,3.8001635441032042
2013-04-19,118.711290590187,4.666114,17.359988299213175,3.720438370039134
2013-04-20,126.843420171027,5.380575,19.71669017393788,3.664420736663069
2013-04-21,119.203365333235,5.734619,20.526601052246857,3.5794186469321794
2013-04-22,127.124598815686,5.512044,19.460401622512542,3.5305235118564067
2013-04-23,143.371842238477,5.306913,18.3070502576407,3.4496608896525593
2013-04-24,154.736372946798,5.129552,17.007823999763453,3.315654941680078
2013-04-25,142.65628061685,5.858163,18.600211560106885,3.1750930597470615
2013-04-26,136.891645175518,7.786753,24.595989729785405,3.158696480601267
2013-04-27,128.216520874299,8.034274,25.072928297505722,3.12074581666157
2013-04-28,134.604037434652,8.572011,26.5671000350175,3.099284397411548
2013-04-29,143.932198461266,8.500539,25.979075302208418,3.0561680125703026
2013-04-30,139.280097232008,8.514177,25.82328693261594,3.0329749545976115
2013-05-01,116.40968210715,6.422499,19.52941268518321,3.040780909740058
2013-05-02,106.117951594508,6.810886,20.832504337272013,3.058706791010795
2013-05-03,98.0168775337389,6.601652,20.034533645678984,3.0347755834480346
2013-05-04,112.618060567268,7.020652,21.285437785296935,3.031831880647234
2013-05-05,115.865630451136,6.791209,20.480967835225837,3.0158060278676784
2013-05-06,112.187798551284,6.010558,18.040323929741167,3.001439175941489
2013-05-07,109.890124854376,5.934808,17.812363321409723,3.0013377562120236
2013-05-08,113.054615979421,4.643512,13.88491300958471,2.990174790762815
2013-05-09,112.806670907295,4.247781,12.649933817010952,2.97801009638487
2013-05-10,117.311353620364,3.877211,11.523182150189388,2.9720282717687523
2013-05-11,115.678744013312,4.494688,13.268400783239137,2.9520182284325087
2013-05-12,114.900676039317,4.585856,13.597963900763252,2.9651964518638
2013-05-13,117.743595770208,4.180813,12.353087714346294,2.954709406358487
2013-05-14,111.1175665373,3.989484,11.747263252685478,2.9445574066006204
2013-05-15,113.807736699688,4.001489,11.707851845906852,2.925874082029291
2013-05-16,118.220409697972,4.469148,12.978938047498449,2.9041189450381055
2013-05-17,122.838644934539,4.115914,11.919668820692232,2.8959954292930896
2013-05-18,122.558371517525,4.69263,13.629729801805144,2.904496749242141
2013-05-19,122.177089951466,4.773618,13.80603636665066,2.8921533987668133
2013-05-20,121.584119203219,4.564545,13.158148268859215,2.88268566064216
2013-05-21,121.951096791422,4.204984,12.092208524381963,2.875684934736363
2013-05-22,123.240627458355,3.644778,10.440917127422066,2.8646235775361117
2013-05-23,125.734551560728,3.156837,8.976492198204427,2.8435079899637903
2013-05-24,132.461252770676,2.828166,7.984335047362036,2.823149162498197
2013-05-25,131.509575922681,3.500649,9.748423572653213,2.7847473581651965
2013-05-26,133.082655766078,4.411821,12.222927740911162,2.77049484763101
2013-05-27,129.924726051666,4.066118,11.234360120556786,2.762920052219391
2013-05-28,128.654918547654,4.01831,11.00502064907588,2.738718652975601
2013-05-29,131.971629513529,3.919189,10.672726263454603,2.723197551857526
2013-05-30,128.592444261957,3.937838,10.617409063518114,2.6962534498918482
2013-05-31,128.815772407392,4.202678,11.25803735873456,2.6787770225580516
2013-06-01,129.287987334675,3.803296,10.124973551624949,2.6621578515800683
2013-06-02,122.400963637193,4.014112,10.090099858389358,2.513656684915823
2013-06-03,121.330586472093,3.936581,9.851425376282984,2.502533565987097
2013-06-04,121.699931433092,3.871353,9.641866874124053,2.4905680344140877
2013-06-05,121.896116245295,3.632578,8.873588769156862,2.4427800667571082
2013-06-06,119.357474945358,3.419917,8.268163730413638,2.417650441447003
2013-06-07,111.243640363496,4.006377,9.327063475631022,2.32805463782454
2013-06-08,108.082989470576,4.606769,10.279174382085015,2.231319731282919
2013-06-09,102.2832210638,4.212975,9.091459245223346,2.1579663306647743
2013-06-10,105.941628502601,4.162719,8.869964661983246,2.1308102567417597
2013-06-11,109.237257606806,4.103954,8.575019883840328,2.0894532987022805
2013-06-12,108.620349315078,3.942943,8.15266629635335,2.067660184647045
2013-06-13,103.612249118513,3.237048,6.607286998058324,2.041145624241424
2013-06-14,99.9739489793258,3.209605,6.3042247887907745,1.964174551572902
2013-06-15,99.8391492604622,3.935013,7.240837976635988,1.8401053282983628
2013-06-16,99.7754988549523,3.765252,6.864063226035124,1.8230023589449982
2013-06-17,101.949722053402,3.405878,6.154479530603957,1.8070169172981352
2013-06-18,107.114619372146,3.334397,5.94537564960362,1.7830437216598027
2013-06-19,107.731503956172,3.472123,6.155291148658105,1.772774330588442
2013-06-20,110.309030834817,3.244001,5.717723066591037,1.762552986872177
2013-06-21,108.695832917911,3.13731,5.466733319939533,1.7424908894708984
2013-06-22,107.722414568651,3.609953,6.267029473055956,1.7360416106491514
2013-06-23,107.325516269349,3.761595,6.363825794738681,1.6917893503988177
2013-06-24,101.840413285621,3.532014,5.923583259617221,1.6771122556692155
2013-06-25,103.65259254763,3.709765,6.085742262130934,1.6404657636955429
2013-06-26,103.386361956258,4.150412,6.2469865140278396,1.505148548878494
2013-06-27,101.459524049738,4.207683,6.214499010316862,1.4769407199929094
2013-06-28,114.908370005196,4.126492,6.046535596808969,1.465296729894492
2013-06-29,94.6757696496552,4.409909,6.422356439423973,1.4563467308694018
2013-06-30,97.3790267348833,4.509899,6.472408315374863,1.4351560759702666
2013-07-01,105.146576497033,4.37371,5.7612019109713595,1.3172346937198889
2013-07-02,90.3519641653051,4.412752,5.783274490619121,1.310582128250364
2013-07-03,78.1378891903084,4.197415,5.463746491904662,1.3016932291266028
2013-07-04,80.2488659343898,4.202613,5.433276217355726,1.292832861962681
2013-07-05,68.695618013749,4.02309,5.201958948181943,1.293025872290113
2013-07-06,69.198544116917,4.59662,5.970516288488375,1.298892821244775
2013-07-07,76.493696710823,5.12248,6.645860121076206,1.2973910190603468
2013-07-08,75.8075951663545,4.497079,5.822383066064315,1.2947033961551264
2013-07-09,76.6201302878746,4.272902,5.408530571316152,1.2657744561959823
2013-07-10,87.684287016172,4.158766,5.193769411901325,1.2488727989013981
2013-07-11,88.6505655296376,4.41724,5.467139817670921,1.2376823254466964
2013-07-12,105.620104268844,4.223804,5.143187463844364,1.2176672493716107
2013-07-13,97.6756935973249,5.00988,6.074421823995521,1.2124884468754267
2013-07-14,94.1286035433914,5.479008,6.622335573789104,1.208674132064759
2013-07-15,98.7198506642384,5.347869,6.431782429010149,1.2026814716444503
2013-07-16,96.5273888503103,5.456827,6.529499773757989,1.1965745219621564
2013-07-17,97.8825452698148,5.44954,6.5293650270361745,1.1981497019343013
2013-07-18,89.7612325539368,5.44465,6.565163727424968,1.2058008507912368
2013-07-19,91.2508291631235,5.468995,6.609831411693497,1.208600788435713
2013-07-20,89.4613918851393,5.999151,7.224792781069989,1.2043025634772204
2013-07-21,90.7928631134616,6.266535,7.502259599327153,1.1971941698087878
2013-07-22,91.7159427276867,5.429546,6.532508783556098,1.2031407906803386
2013-07-23,94.7119879420611,5.139517,6.257863815341452,1.2175976478764114
2013-07-24,94.389100053887,4.533813,5.506142414692887,1.2144618198428556
2013-07-25,96.7609322054026,4.487773,5.489925841907127,1.223307398264954
2013-07-26,95.5319250869704,4.080478,5.043924862388975,1.2361113092030984
2013-07-27,94.3213041014561,4.30212,5.27008012257359,1.224996079226452
2013-07-28,98.4512949332231,4.17578,5.0867489425115755,1.2181552723453528
2013-07-29,100.861841239243,4.21864,5.02133794784677,1.1902742186080748
2013-07-30,107.24868320938,4.539047,5.415286611635222,1.193044736234101
2013-07-31,105.232879771901,5.101732,6.072973366151046,1.1903748970226284
2013-08-01,102.703903216836,5.541783,6.541142357502885,1.1803317400474485
2013-08-02,102.980769156644,6.357674,7.437506679867233,1.1698470829481684
2013-08-03,103.951647318144,6.938433,7.866679068972658,1.1337832518811533
2013-08-04,104.073851070859,8.082255,9.160500571057893,1.1334089543575685
2013-08-05,105.664794572801,6.913977,7.736169350441037,1.1189174196325418
2013-08-06,106.449939130565,6.822229,7.65570884981453,1.122171261450284
2013-08-07,104.762556736174,6.573745,6.995214006731759,1.0641140470145807
2013-08-08,101.771316808919,6.346682,7.037514446791231,1.1088494325841125
2013-08-09,98.82926170395,6.542632,7.2520987687979455,1.1084375625578888
2013-08-10,101.377904247525,5.803491,6.4244946272486105,1.1070052715538192
2013-08-11,104.91822088747,6.128853,6.791102525704851,1.1080544412079387
2013-08-12,106.659983618621,5.227566,5.788409582093931,1.1072857628113908
2013-08-13,109.001478010059,5.606346,6.167266701291237,1.1000510576121152
2013-08-14,99.1600488283182,6.333434,7.007770280230621,1.1064724819658764
2013-08-15,109.971649383268,6.778232,7.487929243314682,1.1047024781630481
2013-08-16,108.621144014458,7.069818,7.86444707261093,1.1123973578689133
2013-08-17,112.489727383279,7.044997,7.994568758663977,1.1347866144763374
2013-08-18,112.906142214341,7.191456,8.460558405715405,1.176473607556264
2013-08-19,102.873295264994,6.068959,7.147203129874522,1.1776654573667147
2013-08-20,121.087172476444,5.600608,6.580517072298229,1.1749647953401439
2013-08-21,120.112115102787,5.772484,6.7838643298154935,1.1752070244028745
2013-08-22,121.972955332173,6.505294,7.640730921835694,1.1745403723094918
2013-08-23,118.073183275078,6.464229,7.601161640237517,1.1758806556620311
2013-08-24,118.544373807345,6.910743,8.11792432001248,1.1746818189345982
2013-08-25,118.168128745908,7.177174,8.412078911336513,1.1720600642741446
2013-08-26,118.057223848906,6.358463,7.472487662145196,1.1752034370593052
2013-08-27,130.925778148959,5.490824,6.439898985982762,1.17284737867075
2013-08-28,126.904980186551,5.387415,6.376652424649904,1.1836201264551542
2013-08-29,127.719976782751,5.497574,6.485077250664844,1.179625349967246
2013-08-30,135.522615660492,6.245946,7.349293708373228,1.1766502563885777
2013-08-31,137.129917749741,6.597017,7.687802229876695,1.1653452737998111
2013-09-01,145.433321357506,6.824735,7.903954123535667,1.1581334639880354
2013-09-02,140.878840368691,7.077468,8.144755300182085,1.1508006950476668
2013-09-03,143.559219965725,7.746837,8.831730336748993,1.1400434164660442
2013-09-04,132.466556517828,7.616719,8.69527512223904,1.1416038295450999
2013-09-05,129.318255749056,7.87838,9.020778888144076,1.145004325596015
2013-09-06,121.214882332197,8.554086,9.787854831244546,1.1442314845560126
2013-09-07,127.134982587559,8.657244,9.894547784807134,1.1429212704384963
2013-09-08,124.209213093683,8.477165,9.700716651194,1.1443349413993382
2013-09-09,130.13407269523,6.96539,7.991568998576447,1.1473254270089417
2013-09-10,129.406352493445,6.22646,7.145056403025303,1.1475310068890983
2013-09-11,141.540803066733,6.140801,7.043200547767913,1.1469513985570736
2013-09-12,135.925639469704,5.928915,6.763309203628712,1.1407331273535757
2013-09-13,140.609012641487,6.456125,7.366018163434193,1.1409348562316504
2013-09-14,134.036254029595,6.394731,7.279721579341417,1.1383936681224247
2013-09-15,138.296473840259,7.318225,8.338312611823909,1.139390069628037
2013-09-16,138.922853438634,6.233546,7.090779260498895,1.1375193388014553
2013-09-17,138.467569722334,6.328605,7.424848455637767,1.1732204350565645
2013-09-18,136.290888097877,5.469201,6.577295527648591,1.202606339305441
2013-09-19,135.104922142494,5.72077,6.850329304979212,1.197448807414051
2013-09-20,130.784057061568,6.369757,7.634124898923246,1.1984955228248677
2013-09-21,133.979382506845,6.131657,7.357729068630194,1.1999577782106896
2013-09-22,134.021957014473,6.04385,7.347405601209164,1.215683016166578
2013-09-23,130.922891554527,5.505992,6.786159543464564,1.2325043961059046
2013-09-24,132.228615697616,5.566309,6.8794617046259825,1.2359108278258846
2013-09-25,135.035393022284,5.70999,7.09184126281491,1.2420057945945517
2013-09-26,135.498798516491,5.355156,6.681612314736355,1.2476970145139679
2013-09-27,137.845641042112,5.510774,6.892681219941642,1.2507646398342487
2013-09-28,142.4813968636,5.922571,7.413168839520171,1.2516808974489682
2013-09-29,144.564698340902,6.104014,7.657623634575328,1.2545226074416642
2013-09-30,141.134933325904,5.651547,7.066881694384091,1.2504332561381517
2013-10-01,139.014657145885,4.898993,6.1299029005508086,1.2512576701329343
2013-10-02,122.98401568351,4.780754,6.012005502705575,1.2575432506901476
2013-10-03,130.757022272378,5.878552,7.463971999599595,1.2696956765887797
2013-10-04,121.940051089218,6.601104,8.403893493972966,1.27310429201846
2013-10-05,122.438525853809,7.193877,9.146137409875706,1.2713780794146654
2013-10-06,137.796372548992,7.150367,9.09892803590873,1.272511979909032
2013-10-07,131.635417136385,6.349708,8.027794170365643,1.264277771712096
2013-10-08,130.460899119773,6.664449,8.428887934178904,1.2647540008737916
2013-10-09,139.324105475282,5.326782,6.734803026382547,1.2643287496839692
2013-10-10,139.787502440267,5.910216,7.517675303025264,1.2719798391011259
2013-10-11,136.636549748734,6.11087,7.788804257953008,1.2745818399545241
2013-10-12,141.79439430357,6.403695,8.204821688893157,1.2812635852580534
2013-10-13,145.287067830019,6.765232,8.675240848930628,1.2823272470302751
2013-10-14,150.296372249224,5.250254,6.729440940855929,1.2817362078048982
2013-10-15,152.020199866119,5.436348,6.95505023289019,1.279360648758712
2013-10-16,148.680432288795,5.921566,7.565405252985271,1.2776021650901728
2013-10-17,154.086585055472,6.643377,8.46694998889577,1.27449492248354
2013-10-18,162.996333124649,7.057231,8.966550395871899,1.270547892218828
2013-10-19,179.004824119937,7.661336,9.630336509014587,1.2570048779612522
2013-10-20,181.216743409225,8.899565,11.137861758270546,1.2515062748867456
2013-10-21,188.888584162435,7.699218,9.443892063251498,1.2266040011962434
2013-10-22,199.999246101649,8.853491,10.627805262463445,1.200408492582962
2013-10-23,214.701652884231,10.776591,12.726482763684926,1.1809376698609244
2013-10-24,196.638069339615,13.440304,15.754575924896956,1.1721889719852068
2013-10-25,189.781188230628,15.107012,16.02008028028407,1.0604400121582687
2013-10-26,182.927689610149,19.19193,20.290348679977477,1.0572333843660915
2013-10-27,199.878897306187,21.439552,22.52752928583236,1.0507463414883222
2013-10-28,198.635940839344,19.251863,19.99558761315236,1.0386313219209735
2013-10-29,206.527830776315,16.800697,17.216803701989793,1.0247671617573064
2013-10-30,200.364722008012,15.074623,15.666964428201927,1.039293974645486
2013-10-31,203.601075401726,14.950763,15.43838184049039,1.0326149851837052
2013-11-01,203.897216394189,11.556087,11.868626353057321,1.0270454287452213
2013-11-02,206.358226876622,10.443199,10.704124305143196,1.0249851459965795
2013-11-03,217.550730800105,10.254746,10.477197405286601,1.0216925772564858
2013-11-04,229.310493532929,10.308203,10.318128952840077,1.0009629576090278
2013-11-05,243.707257237121,10.956124,10.77843992729959,0.9837822390915723
2013-11-06,263.636168994122,13.439841,13.03840202764903,0.9701306523851704
2013-11-07,295.83246993477,14.373282,13.357292570011312,0.929313999771965
2013-11-08,337.786126733881,19.065424,17.12207373621152,0.898069394731789
2013-11-09,346.566929719481,23.7227,20.75147687577782,0.8747519400702226
2013-11-10,327.364682380192,27.208103,23.57430759616111,0.8664443703931963
2013-11-11,346.523784045373,26.72604,22.465733060451996,0.8405933910542276
2013-11-12,359.678726607161,25.758083,20.99971161882264,0.8152668487206641
2013-11-13,410.194952211087,26.644514,20.92733530400444,0.7854275598573517
2013-11-14,421.937903439593,26.80056,20.141450227805414,0.7515309629236131
2013-11-15,418.968790447931,30.20183,20.74191095748154,0.6867766177838708
2013-11-16,439.812232743543,31.193209,21.02553747102591,0.6740421462278756
2013-11-17,504.749476424122,32.221653,20.866551449147817,0.6475941019003669
2013-11-18,688.818233892919,32.01341,19.060373297981567,0.595387223175487
2013-11-19,650.030746496753,36.329052,20.014320463359446,0.5509177762614889
2013-11-20,610.721388010032,49.60674,26.171648466401486,0.5275825020780868
2013-11-21,738.156173178028,52.99708,26.777202190778457,0.5052580585814309
2013-11-22,801.178229392447,56.868675,26.02287803304847,0.45759599276601176
2013-11-23,845.121754484539,70.9322,30.696123448172656,0.4327530041206107
2013-11-24,819.121879480658,85.935875,36.00798490249229,0.41900994978884387
2013-11-25,818.102949121571,92.47525,37.82477056202976,0.40902590319130044
2013-11-26,961.141567290207,86.79072,31.84472189642209,0.3669139067900642
2013-11-27,999.415668801402,108.791664,37.659094195699,0.34615789928123275
2013-11-28,1128.63276729689,108.40019,35.10376482780613,0.323834902327042
2013-11-29,1156.12458772548,126.35579,38.463744003941244,0.30440822729645234
2013-11-30,1135.64733714313,130.0065,38.4106695362936,0.2954519049100441
2013-12-01,969.647095372332,140.70589,40.86641545746157,0.29043856197055157
2013-12-02,1049.96146737223,140.93285,40.09406589759173,0.2844905600104055
2013-12-03,1083.08303216514,121.737755,33.909035962798995,0.2785416660000236
2013-12-04,1151.2555680477,114.05469,32.58061396650915,0.28565783453538096
2013-12-05,1043.83264645522,105.22348,29.379873307762598,0.2792140465063776
2013-12-06,824.280086199878,94.57396,26.095725770839344,0.2759292827279573
2013-12-07,693.140084193696,99.94311,27.603805235527926,0.2761951989124856
2013-12-08,792.799250229714,102.01261,28.16333961207885,0.2760770573075442
2013-12-09,913.901145699813,93.575226,25.660005498791886,0.27421793694686886
2013-12-10,1001.38624299217,85.1088,23.214614508919478,0.27276397116982887
2013-12-11,885.121682113416,73.29759,19.694141589865485,0.268687436665733
2013-12-12,872.246281457269,75.97641,20.33652202957701,0.267668915160428
2013-12-13,891.903966411817,64.14508,17.007786314202654,0.2651456070180578
2013-12-14,853.301024584832,59.840736,15.95784846594836,0.26667199750986204
2013-12-15,864.363192071149,65.97997,17.549692811547345,0.26598515469013573
2013-12-16,702.070532469433,59.47428,15.702775465229678,0.26402633154623484
2013-12-17,683.355368352006,54.342796,14.487336814195483,0.2665916659335783
2013-12-18,524.030093479223,42.44324,12.096801477535573,0.2850112601551767
2013-12-19,691.315762590183,46.741375,13.225766272722757,0.28295628486727153
2013-12-20,613.072203287628,50.03079,14.125987523725287,0.2823458928150184
2013-12-21,600.44781963199,46.11934,12.792732830108704,0.27738325193639873
2013-12-22,616.902663017269,54.234474,15.25874408588317,0.28134768778153746
2013-12-23,663.29210218928,60.10843,16.91784662137419,0.2814554814085551
2013-12-24,654.595295578973,54.292385,15.239619192256779,0.28069534509124683
2013-12-25,682.240023186,58.21762,15.780031011646749,0.271052496312189
2013-12-26,760.930399111866,60.409016,16.31946403560573,0.27014948341063927
2013-12-27,733.753752060565,59.70686,16.037515006438614,0.2686042209079732
2013-12-28,717.970629237388,52.29898,14.058689052873206,0.2688138224160371
2013-12-29,732.496953117043,43.29517,11.64736093162625,0.26902218496890457
2013-12-30,749.850057680959,37.45662,10.074748943905645,0.268971117538537
2013-12-31,732.869035338727,35.862225,9.6409147801955,0.2688320463835384
2014-01-01,763.972075292099,31.175028,8.403972400756762,0.2695738534526361
2014-01-02,793.863845729971,31.522516,8.487907906724631,0.26926493410068963
2014-01-03,818.183830171268,26.70496,7.180848863864722,0.26889569514184236
2014-01-04,838.614588954713,33.35102,9.162930229337936,0.27474213312305573
2014-01-05,921.703283301004,38.447594,10.507523145488594,0.27329470767043423
2014-01-06,925.586311344306,37.573383,10.209130325581075,0.27171175243898316
2014-01-07,785.404143219838,40.166508,10.86255657572393,0.270438160827468
2014-01-08,825.907495386769,44.33761,11.908316280998012,0.26858273918019054
2014-01-09,829.947224892046,51.488354,13.809882839983983,0.2682137260168878
2014-01-10,859.787362065792,47.667583,12.802214655865546,0.2685727620898341
2014-01-11,905.2042591738,40.725063,10.862681638696092,0.26673208283585476
2014-01-12,843.280438209348,40.190063,10.602367282049471,0.2638056704763392
2014-01-13,825.10106398528,38.078026,10.130942842321335,0.26605746856328544
2014-01-14,816.598094048112,35.089264,9.383011302233575,0.2674040468818054
2014-01-15,842.120927427504,34.503304,9.242255437055,0.2678658142480571
2014-01-16,814.531686405685,38.08262,10.121098917636173,0.2657668794577679
2014-01-17,806.09738909532,40.95789,10.912684787702952,0.26643671377563966
2014-01-18,819.224524975201,42.391403,11.278540048758133,0.26605724565981614
2014-01-19,851.87902489518,38.273006,10.192821905469833,0.2663188114766498
2014-01-20,826.13031622138,33.34314,8.851278623149488,0.26546025191159134
2014-01-21,824.448428445203,28.182436,7.491747726004752,0.26583037857000064
2014-01-22,818.234075631805,27.32188,7.406972816298968,0.2711004019055458
2014-01-23,811.091014376946,25.247332,6.909080162419518,0.27365584743991833
2014-01-24,784.03204617452,22.153114,6.052124798835289,0.2731952180387498
2014-01-25,806.713889397137,29.758953,8.13732150397414,0.27344110916795544
2014-01-26,814.970291202947,29.050177,8.08805986345623,0.2784169019768143
2014-01-27,752.917458079482,25.742556,7.1659019421948695,0.2783679220888032
2014-01-28,785.126344824364,26.969357,7.524413258708334,0.27899861771612916
2014-01-29,791.774993847537,27.011917,7.668808454390127,0.28390462578964804
2014-01-30,801.53269213135,26.56496,7.720815553511027,0.2906390777862603
2014-01-31,802.846968542313,25.538012,7.474543296006645,0.29268306824398777
2014-02-01,812.173934836593,24.649508,7.9549092896096125,0.32272082122285073
2014-02-02,814.149937175916,25.3342,8.353742147860435,0.32974168984164975
2014-02-03,806.098409526924,21.527256,7.103496276275362,0.32997685838398283
2014-02-04,800.508285971734,18.25922,6.092871033091243,0.3336873884371931
2014-02-05,780.242539989937,21.785156,7.079261358479799,0.32495804344352486
2014-02-06,768.754354952973,27.752283,9.016567937904025,0.32489464262849793
2014-02-07,704.268288629305,33.887352,11.111827607061349,0.3279048806657174
2014-02-08,678.567652552782,37.322453,12.293827096300927,0.329394949879801
2014-02-09,687.021382953354,37.73413,12.504263314608211,0.33137806037956025
2014-02-10,686.003602686904,35.821724,11.88153268078672,0.3316851030843895
2014-02-11,674.491497605424,35.604572,11.866672005704608,0.33329068222464925
2014-02-12,652.134541592095,30.385456,10.16271749844477,0.3344599371730426
2014-02-13,605.845714822975,25.6831,8.639977077091887,0.3364070901742363
2014-02-14,668.150493493343,23.902464,8.079325082391392,0.33801220651566666
2014-02-15,651.988842420917,23.5305,7.999576854266392,0.3399662928314454
2014-02-16,621.002586550428,23.078398,7.90689995924944,0.34261044097025095
2014-02-17,629.948976888316,19.736256,6.7811158850686315,0.343586735081972
2014-02-18,628.121113954429,17.038675,5.793975041542453,0.3400484397285018
2014-02-19,623.766157798437,17.465118,5.995582611042516,0.34328898949997283
2014-02-20,561.375041051019,18.710716,6.5032744167681376,0.34756951500367606
2014-02-21,579.637092081415,18.665815,6.514675584301846,0.34901638684464215
2014-02-22,608.758139704921,17.993635,6.339431825376451,0.35231524753483534
2014-02-23,606.514088508994,16.304062,5.7816179552642755,0.35461214612368247
2014-02-24,533.461874401025,15.309445,5.476790801353749,0.35773934918869776
2014-02-25,534.619194590031,13.452049,5.4983711762063106,0.4087385550757826
2014-02-26,585.189534470641,14.762776,6.205321784782205,0.42033569115354485
2014-02-27,582.770748190016,16.264223,6.880526174997667,0.42304668620749947
2014-02-28,553.401327219205,18.347145,7.646685492715076,0.4167779236704136
2014-03-01,568.747683899014,19.664087,8.293490954309648,0.42175819849352625
2014-03-02,566.785235831795,20.237396,8.539802753442345,0.42198129577006216
2014-03-03,680.659703859355,19.564512,8.29276723419277,0.4238678133723904
2014-03-04,671.987059748148,18.629292,7.931355001608021,0.4257464465219556
2014-03-05,669.64791046341,22.059109,9.46008582702906,0.4288517037528214
2014-03-06,667.97917100735,23.213932,10.13465894808175,0.43657654915576344
2014-03-07,631.022786784201,23.329485,9.990859906264083,0.4282503849848654
2014-03-08,617.367098776055,22.704384,9.904624351075809,0.43624279901727187
2014-03-09,639.897883681823,22.800976,9.939549743643854,0.435926493767427
2014-03-10,626.980431485296,20.72606,9.120912970756908,0.4400697914880718
2014-03-11,634.040371056704,20.64708,9.180455601237579,0.4446370145604241
2014-03-12,636.289701330536,13.02397,5.82133324850807,0.4469707329323795
2014-03-13,644.210887849228,15.735609,7.180855878859218,0.4563443196576834
2014-03-14,627.953762619516,17.787712,8.203353472863947,0.46118095412620946
2014-03-15,635.534112241032,15.875682,7.37175002682308,0.4643422465717503
2014-03-16,632.003703646914,23.181553,10.803298299698334,0.46602998111998883
2014-03-17,623.735263903274,21.283272,9.983204525301934,0.4690634456767239
2014-03-18,615.854523428001,21.73729,10.286212047276653,0.47320581784162674
2014-03-19,609.213279869461,19.115078,9.202464276119121,0.4814243527961525
2014-03-20,586.537166008565,19.062113,9.547686762732397,0.5008724151244945
2014-03-21,570.825111000306,16.685875,8.65405502628702,0.5186455592300117
2014-03-22,563.022271896756,10.642165,5.99525165843047,0.5633488564713711
2014-03-23,557.6447871815,11.039951,6.336998936594116,0.5740060959655524
2014-03-24,585.610809414432,10.070325,5.878166952860117,0.5837117456702972
2014-03-25,583.974447598317,9.180434,5.59239267425665,0.6091642922115185
2014-03-26,576.782527983007,8.255422,5.182470875038816,0.6277657031392028
2014-03-27,474.496112535878,6.966172,4.553523891017474,0.6536623041989431
2014-03-28,502.927662207108,6.305394,4.276235641364717,0.6781869442616384
2014-03-29,492.433627619984,6.87664,4.786996232276369,0.6961243380159472
2014-03-30,460.995724361968,6.055264,4.477925545916661,0.7395095028103439
2014-03-31,456.647066940835,5.481758,4.199882533482773,0.7661561021759111
2014-04-01,479.873361199372,5.520301,4.414347045336338,0.7996569878129548
2014-04-02,437.214942793284,5.108317,4.265454010266562,0.835001889797134
2014-04-03,447.992549465074,4.72359,4.217194014646392,0.8927941766864621
2014-04-04,446.994766212599,3.909171,3.7127959754948647,0.9497656230241381
2014-04-05,463.667150070418,4.165072,4.107402662198227,0.9861539571760055
2014-04-06,458.185659954543,4.694472,4.938208562935379,1.0519199090895321
2014-04-07,446.281160469535,3.985782,4.3536612427487125,1.0922979277134404
2014-04-08,451.667797651288,3.519464,4.0333752157779745,1.1460196837529264
2014-04-09,440.906037806598,2.408439,3.8810105458939224,1.6114214761971586
2014-04-10,364.124870355731,2.321998,4.049318149111857,1.7438940657669295
2014-04-11,422.37832094113,2.470432,4.462710763480127,1.8064493622683804
2014-04-12,422.890062244945,2.302444,4.220957844603161,1.8332507901447745
2014-04-13,417.301905137545,2.194846,4.09451987826432,1.8655153707121856
2014-04-14,459.848064154935,1.975608,3.7419909172862833,1.894095868280225
2014-04-15,518.925193708951,1.942854,3.730924840630245,1.9203323749313361
2014-04-16,530.937602631916,1.94279,3.7085847119248023,1.9088961321919309
2014-04-17,497.597748720723,2.009544,3.9287290894821805,1.9550346373046812
2014-04-18,479.402213346884,2.44143,4.883241560320348,2.0001563968966045
2014-04-19,503.487238678145,2.602747,5.346932200380141,2.05434185780981
2014-04-20,498.953650399417,2.608386,5.42480278290319,2.0797543114656567
2014-04-21,493.957318438276,2.491489,5.304033827243158,2.128861239393008
2014-04-22,487.244646932982,1.79133,3.8482742052242913,2.148277374503646
2014-04-23,489.552965607197,1.890926,4.102689972902863,2.1696724714144384
2014-04-24,501.321738736763,1.985083,4.400315337769474,2.216690495276699
2014-04-25,464.48617213457,1.746214,4.196674717747908,2.403298658801782
2014-04-26,459.61133846647,1.879705,4.628485124760527,2.462346041710503
2014-04-27,429.123236370122,1.741806,4.329909660537352,2.4858743364691667
2014-04-28,439.863274195974,1.310109,3.325964139172818,2.5386934636704073
2014-04-29,445.903356590708,1.474311,3.8258901562763468,2.595036252697882
2014-04-30,449.029769048968,1.328351,3.6061863560979317,2.7147847294672944
2014-05-01,458.805840165877,1.33829,3.665396408713255,2.738864926319762
2014-05-02,450.812353697179,1.012057,2.7816064519753607,2.7484688290300663
2014-05-03,438.721813554547,1.322371,3.736280679155858,2.8254403160769277
2014-05-04,435.169167225455,1.314309,3.7281570702885305,2.8365906745466005
2014-05-05,431.849778453077,1.220149,3.4736856828169884,2.8469361505934505
2014-05-06,429.238071184612,1.140647,3.2649795583468606,2.8623914520067504
2014-05-07,440.114326814283,1.072953,3.080788992399988,2.8713165565878627
2014-05-08,439.679324524169,1.140116,3.285390748260597,2.88162853529404
2014-05-09,454.355384932296,0.961553,2.786748945493602,2.89817444277105
2014-05-10,457.193549962871,0.970865,2.8274485653513177,2.912299140473885
2014-05-11,437.567614875049,0.976107,2.918264089445391,2.989697358768038
2014-05-12,441.1546747449,0.851476,2.5474628653103517,2.9918184464569606
2014-05-13,440.131132926695,0.882808,2.6593770344830467,3.01240572315849
2014-05-14,445.529408146216,0.774042,2.344669361479393,3.029123130669801
2014-05-15,448.611682390486,0.798036,2.438504947199596,3.0556309902228365
2014-05-16,449.166281122606,1.048022,3.225403786323614,3.0776099535090418
2014-05-17,451.230549112886,1.103128,3.4251854659653325,3.1049764031228198
2014-05-18,449.127884979357,1.090454,3.4004885922417634,3.1184160219670765
2014-05-19,446.985782021753,0.999889,3.125061528393133,3.125407078306336
2014-05-20,491.424736603221,0.939594,2.9460873381803254,3.1354890624642935
2014-05-21,495.03427831101,1.088605,3.4286091289342626,3.149543688671719
2014-05-22,527.691750640225,0.947096,2.9885155497455806,3.1554512710333804
2014-05-23,523.888871531554,1.003878,3.1807278658802174,3.168440429874046
2014-05-24,528.108040784233,1.240978,3.9656160825851754,3.195557266087304
2014-05-25,574.000923186107,1.877058,5.995986481344129,3.1943532495892106
2014-05-26,586.212068788533,2.019589,6.453850429288054,3.1956250571175087
2014-05-27,575.917762156633,2.018434,6.34958833032225,3.145799265680552
2014-05-28,579.491396111656,2.289081,7.213530740536261,3.1512782758090063
2014-05-29,569.467543314324,2.395686,7.605551688877512,3.17468598564305
2014-05-30,621.029459421245,1.532225,4.86778136818426,3.176935568204267
2014-05-31,626.396651839592,2.559529,8.1160848799049,3.170928668318559
2014-06-01,626.538965784291,2.445965,7.768417189244087,3.1760134186971793
2014-06-02,667.260159669021,1.704353,5.435277551683171,3.1890564417929443
2014-06-03,671.348575400471,2.198163,7.042263859933388,3.203704777060202
2014-06-04,642.055652894989,2.30183,7.384573860732437,3.2081310814555724
2014-06-05,661.348221006457,2.418142,7.76475255610068,3.2110401863369638
2014-06-06,649.174448735342,1.671928,5.425355872344326,3.2449703417835227
2014-06-07,657.491754015786,2.60121,8.454112443041785,3.250069489222471
2014-06-08,659.169023435859,2.526324,8.203637354210096,3.247262968138482
2014-06-09,650.597167334884,2.371612,7.694946983504739,3.2446061224726424
2014-06-10,656.724655188855,2.26055,7.339979555228519,3.2469888839359045
2014-06-11,637.564452522189,2.48168,8.05528420263906,3.245899134020831
2014-06-12,596.478601865419,1.962906,6.278654201546767,3.198652349269822
2014-06-13,604.732318935248,3.029709,9.69120353293717,3.1987245297660114
2014-06-14,573.141396313358,3.761444,12.104332590767267,3.2180015212871993
2014-06-15,593.920477013976,3.800644,12.240471413586704,3.2206306285388884
2014-06-16,591.036048107085,3.563059,11.484893039189293,3.22332419322991
2014-06-17,613.965632412383,3.192265,10.292392380506831,3.2241663166328056
2014-06-18,608.313569150799,2.830309,9.123870855934944,3.2236304926762873
2014-06-19,596.956806152859,1.707979,5.511248069768011,3.2267648889995093
2014-06-20,591.938977873436,1.098101,3.567996006598895,3.2492407914406254
2014-06-21,595.32859959483,1.147472,3.732381636132215,3.2526995436124557
2014-06-22,603.349486325387,1.152918,3.745925863531139,3.249082146634666
2014-06-23,591.297419330408,0.983976,3.19891842581311,3.251013320666247
2014-06-24,580.451965284948,1.11812,3.6333807480293188,3.2495439803439465
2014-06-25,566.734044843783,1.299373,4.225577501113496,3.2520115401757432
2014-06-26,582.244195106148,1.311986,4.284468438867945,3.265635526125624
2014-06-27,604.313184303073,1.428796,4.678231127286702,3.274246972797792
2014-06-28,595.842643566275,1.52572,5.009867622307263,3.2836080098106915
2014-06-29,601.233282002367,1.517512,4.977960006577352,3.2803435787235573
2014-06-30,640.811450154161,1.273974,4.167132981284743,3.270970895580356
2014-07-01,641.702926073277,1.096692,3.5877746255602663,3.271452071136099
2014-07-02,654.638678058191,1.341194,4.395113418308209,3.2770154176319144
2014-07-03,644.638854458211,2.023769,6.6223454525869405,3.272282659008397
2014-07-04,631.950545601913,2.16728,7.097042188415093,3.274631319988993
2014-07-05,631.62802302674,2.271791,7.448888646220967,3.278862264700736
2014-07-06,637.272241944862,2.235004,7.331368581050551,3.280248373684935
2014-07-07,621.540798351775,2.074886,6.8006861553497675,3.277619127636152
2014-07-08,625.698704966266,1.859301,6.1051830619700835,3.2835910471588603
2014-07-09,624.273645141518,1.094805,3.575336639709975,3.2657289645762164
2014-07-10,616.224397928506,1.065603,3.484160041223465,3.2696608195325205
2014-07-11,635.986130872417,1.054433,3.4626548585633343,3.283901818584663
2014-07-12,636.214094287588,1.095687,3.5958369327824404,3.2818099762542183
2014-07-13,629.606558432338,1.096807,3.602735518987709,3.2847501753374697
2014-07-14,619.196062352768,0.972216,3.194627994472822,3.2859229742649445
2014-07-15,620.855859938569,0.980491,3.226628138863764,3.2908293657596484
2014-07-16,617.304554188424,0.920749,3.033541704590006,3.2946450784075085
2014-07-17,623.603995872464,0.973134,3.2668035266271014,3.3569929282555377
2014-07-18,630.816186224942,0.959701,3.220171681456277,3.3553901185872483
2014-07-19,630.706883563829,1.047837,3.5203770350479155,3.3596605319616066
2014-07-20,624.458917838067,1.160208,3.9020585531414125,3.363239522677677
2014-07-21,620.145118753808,1.051835,3.5407105673801316,3.3662211754244766
2014-07-22,618.977125810173,1.149576,3.8724081828024697,3.3685521120695707
2014-07-23,619.182306571221,1.126211,3.78989369174559,3.3651723039049704
2014-07-24,603.513866536365,1.131545,3.808950470853634,3.366149885905332
2014-07-25,600.100180749828,1.178217,3.9670463821890083,3.366991336006314
2014-07-26,593.917773411456,1.238578,4.17559825204885,3.371284361267074
2014-07-27,590.61497745839,1.262843,4.260775278057303,3.3739549006472394
2014-07-28,583.89966013582,1.06672,3.604835750469021,3.3793656146504656
2014-07-29,583.062587976733,1.105136,3.7475109512063063,3.3909954755262297
2014-07-30,567.231362288795,1.077989,3.663886671062536,3.398816027086109
2014-07-31,579.830029413032,1.084756,3.691805671574006,3.4033499675738277
2014-08-01,594.711046101146,1.030809,3.5136904524793486,3.4086730788307307
2014-08-02,588.869726840964,1.157861,3.94753589965547,3.409335904768362
2014-08-03,586.97038413595,1.34224,4.604311510004385,3.4303197486969634
2014-08-04,586.57096032065,1.147719,3.9360522166365977,3.4294557707913853
2014-08-05,582.866688560504,1.186956,4.066524869247703,3.426010671829487
2014-08-06,583.015130862117,1.567897,5.381728578986539,3.4324510540928537
2014-08-07,587.179047747364,1.638641,5.635035271595067,3.4388457469085556
2014-08-08,590.191442838535,1.685283,5.799180679856294,3.4410713279018714
2014-08-09,589.219350407157,1.530859,5.264431216923812,3.4388747347596973
2014-08-10,588.449022154351,1.528754,5.283925114644367,3.456359842616827
2014-08-11,572.045679467045,1.373771,4.75474464924356,3.461089077072846
2014-08-12,569.811335708352,1.041668,3.6376107763298693,3.4921028493119923
2014-08-13,546.805810335522,0.935879,3.2770917567056097,3.501618787431899
2014-08-14,510.156718963884,0.963709,3.3924199552464844,3.520169660704323
2014-08-15,496.233374028826,1.037195,3.658457875685362,3.527259942700752
2014-08-16,519.06087957132,1.12752,3.980522731616948,3.5303355928480102
2014-08-17,497.474831467332,1.111082,3.9215961103371635,3.5295285939675742
2014-08-18,468.08021396563,0.96433,3.418516299845603,3.5449669426324517
2014-08-19,487.42917292409,1.063096,3.783862651285078,3.5592860410882876
2014-08-20,512.044340970759,0.98747,3.520991424771576,3.5656688554576217
2014-08-21,517.778434057431,0.965995,3.4573345553666854,3.5790385431589176
2014-08-22,514.59782471031,0.979421,3.510313903241083,3.5840719148577556
2014-08-23,499.657053312828,1.079031,3.877048075977329,3.5930822296943092
2014-08-24,511.160292865079,1.242145,4.472472774919363,3.6006034297065175
2014-08-25,501.869427506357,1.08672,3.9165985856451138,3.6040544628431608
2014-08-26,513.379599590357,1.102553,3.9811190544533215,3.6108193591440982
2014-08-27,509.612131620481,1.097213,3.9830632360194262,3.630165514852772
2014-08-28,506.007066984566,0.968726,3.5402040638875114,3.654496567477354
2014-08-29,508.57481577692,1.589713,5.818213169190831,3.6599132443972193
2014-08-30,499.407947826712,1.535299,5.636056924780482,3.6709837069469664
2014-08-31,477.688738733479,1.665671,6.143091627389589,3.6880582276543445
2014-09-01,472.973160142747,1.565948,5.7929121146184865,3.6993004690689704
2014-09-02,475.474055093567,1.565982,5.82008447885883,3.7165720907911854
2014-09-03,474.671099387455,1.550094,5.7819564347916135,3.7300694460527115
2014-09-04,489.890391159088,0.999084,3.745231851744706,3.7486667223938124
2014-09-05,482.053870456277,0.902515,3.3932694609495475,3.7597947375555725
2014-09-06,483.80253526825,0.843273,3.170808070106618,3.760118631242288
2014-09-07,480.056383527919,0.906655,3.419038560862601,3.7710489477755216
2014-09-08,471.341300243033,0.804325,3.0372406600128623,3.776136887616787
2014-09-09,473.066372072618,0.754366,2.8535450284248025,3.7827068751161224
2014-09-10,478.535387838512,0.838868,3.180845640755226,3.7918296184105196
2014-09-11,477.954410626103,0.868432,3.3097444088893413,3.811172572193913
2014-09-12,474.594874600928,0.887796,3.397757283257529,3.827180776722972
2014-09-13,478.241302190543,0.935647,3.589908061575565,3.8368187211518126
2014-09-14,476.766877968088,0.906203,3.4774608011393684,3.8373969344608696
2014-09-15,474.769636031563,0.818438,3.1452705197248836,3.843018305399093
2014-09-16,466.358340553949,0.734085,2.8251626563185637,3.848550878421795
2014-09-17,458.129441482918,0.688806,2.6529025676021347,3.8514514297002433
2014-09-18,424.669952869797,0.678792,2.624193031437508,3.865972695489403
2014-09-19,393.481893457727,0.696831,2.7499537396476614,3.9463718639170304
2014-09-20,408.57534378308,0.869046,3.4404233290322144,3.9588509503407923
2014-09-21,399.217836682996,0.983917,3.898765376762801,3.9624943249866016
2014-09-22,404.873704609054,0.904255,3.5995432167705115,3.980674762519001
2014-09-23,438.947355668582,0.893611,3.571150876783143,3.996313037020137
2014-09-24,424.430837884176,0.912271,3.66048058177736,4.012492676307645
2014-09-25,409.927956782504,0.864495,3.4834172283750955,4.029423262698989
2014-09-26,404.14729148255,0.796202,3.2179352356832354,4.041606147207159
2014-09-27,399.813748328334,0.736262,2.9831935449147364,4.051809701717205
2014-09-28,376.560802960476,0.725014,2.936435966427568,4.050178964558968
2014-09-29,373.997968334147,0.655182,2.6688413073499695,4.073432358199495
2014-09-30,387.123640861054,0.677762,2.7604743279983475,4.072928752720496
2014-10-01,382.78861753767,0.729094,2.9879445716027893,4.098162306410265
2014-10-02,371.586368279984,0.698882,2.877004444038595,4.116583272517715
2014-10-03,359.669264705819,0.672606,2.7838226687814784,4.138860081801145
2014-10-04,328.335546481091,0.851447,3.524531847151023,4.1394594003987315
2014-10-05,319.678225627371,0.850491,3.4643364329631177,4.073337691400214
2014-10-06,327.188790776704,0.871157,3.582549265505115,4.112403099121799
2014-10-07,335.626958905614,0.871341,3.7021665201200262,4.248814500825281
2014-10-08,353.177168921924,0.871289,3.6917809681034983,4.237147570654955
2014-10-09,363.679788520861,1.102983,4.697691014065864,4.259079556577142
2014-10-10,359.185342823022,1.101337,4.701279356966363,4.268703380547512
2014-10-11,360.922684734429,1.209428,5.202095705673935,4.301287392269018
2014-10-12,378.224559260695,1.108144,4.774794716499892,4.308821522633573
2014-10-13,391.00521776464,0.772222,3.325267003083241,4.306101881314326
2014-10-14,399.092928913598,0.988795,4.263527213452065,4.311840674369992
2014-10-15,394.242616173952,1.007658,4.385636212419305,4.352307558232034
2014-10-16,381.771232207782,1.068458,4.669851516257424,4.370647032439823
2014-10-17,382.518126893721,1.044092,4.578379955543259,4.385036708984825
2014-10-18,390.69972030731,1.121077,4.959937879392152,4.424261789007447
2014-10-19,387.918443101786,1.081892,4.830683995772683,4.465034875540355
2014-10-20,380.724498350147,0.754989,3.3868263710671807,4.485927816952142
2014-10-21,383.99956710736,0.764368,3.4492867135003804,4.512596964481181
2014-10-22,379.425962308557,0.575719,2.632533012889001,4.572598012290974
2014-10-23,358.063095977608,0.651288,3.0020079905890635,4.609339278856759
2014-10-24,357.108255768815,0.645555,2.997036630675592,4.642571312555209
2014-10-25,345.563899466812,0.73516,3.4250342065142725,4.658895791791895
2014-10-26,353.174317179687,0.695485,3.4637722809649896,4.980372118125185
2014-10-27,349.65252007376,0.597218,2.98126062854052,4.991913923129968
2014-10-28,353.459514003916,0.639541,3.198157633707598,5.000710047257346
2014-10-29,333.407201030262,0.511969,2.591376564627819,5.061590092255652
2014-10-30,344.874983953776,0.536558,2.728227840062144,5.084680358253599
2014-10-31,336.795815628418,0.529312,2.7045085705152845,5.109475083292252
2014-11-01,325.76687088625,0.696247,3.5638058065854508,5.118597730614937
2014-11-02,323.971035419758,0.746765,3.842488037106419,5.145514281570118
2014-11-03,325.033517098761,0.655579,3.3841336396877684,5.162052449993326
2014-11-04,329.684117461856,0.622726,3.2524888493547937,5.222982681462295
2014-11-05,338.871369253032,0.61037,3.255716012166906,5.334008188601007
2014-11-06,349.721545517333,0.619385,3.336856054633302,5.38736628587818
2014-11-07,342.081335394015,0.491611,2.6885982832796316,5.468954430337813
2014-11-08,344.781789353695,0.562754,3.1798009890908476,5.650427149732024
2014-11-09,362.596847999539,0.55964,3.2614847161081317,5.827830154673796
2014-11-10,366.104286608767,0.510318,3.0256158142316747,5.928888090863805
2014-11-11,368.054641890641,0.528954,3.2306407330328515,6.107598339203635
2014-11-12,431.735207360928,0.479546,2.9928198310726892,6.2409497458562395
2014-11-13,419.011925020404,0.478522,3.059001366517294,6.392599827708952
2014-11-14,399.924890033398,0.754965,5.028787687132934,6.660953693947467
2014-11-15,375.73383703901,0.787995,5.422543080905075,6.88144279672562
2014-11-16,391.629683724836,0.754257,5.330109088621348,7.066703093467956
2014-11-17,387.472106715449,0.696044,5.084416563399287,7.304736364612953
2014-11-18,373.191911287858,0.640569,4.866773128729948,7.597584140904734
2014-11-19,376.30648286953,0.633436,5.144927150492003,8.12224645713526
2014-11-20,356.92877164698,0.423005,3.609264788358082,8.532449743107934
2014-11-21,350.585147053136,0.392329,3.472302212913293,8.850493574443636
2014-11-22,352.634566580835,0.397001,3.7274357118376833,9.38897209926175
2014-11-23,367.85796571858,0.309789,3.25023717646123,10.491761194220018
2014-11-24,376.02181221686,0.256174,2.7611739717600146,10.778502226799194
2014-11-25,377.05923214442,0.213131,2.4795672888046574,11.63400338985913
2014-11-26,369.119330053315,0.179467,2.6378968093838604,14.698486254263555
2014-11-27,370.153762940792,0.176869,2.7396659965391543,15.489776336038899
2014-11-28,377.286738106794,0.151526,2.489294154446792,16.428121814524957
2014-11-29,376.03374929854,0.30746,5.290618681395119,17.207514156247345
2014-11-30,379.369571634456,0.317144,5.565719619776249,17.54952362248687
2014-12-01,380.086307391887,0.287519,5.143350042133649,17.888758615982276
2014-12-02,382.363214227987,0.242861,4.453115744197722,18.336030794528902
2014-12-03,375.985859681587,0.342199,6.5233757349607115,19.063117654345575
2014-12-04,370.26099640248,0.348795,6.838901915586083,19.607216519278822
2014-12-05,377.551740989351,0.268674,5.400169131289733,20.099371251344127
2014-12-06,376.276377938286,0.272798,5.613424418470793,20.577245773125053
2014-12-07,376.430917784047,0.282156,5.899055929813965,20.907094819946284
2014-12-08,361.945295766233,0.26267,5.609296355371952,21.35495828904262
2014-12-09,352.113926603953,0.225192,4.877224752898543,21.65809381211603
2014-12-10,345.32686674438,0.247448,5.4283316336050484,21.937263572685193
2014-12-11,348.832460823947,0.2926,6.513951351974087,22.262341994837616
2014-12-12,352.523263124099,0.207561,4.700056863343564,22.644194474837477
2014-12-13,348.064134001187,0.277163,6.353286657094166,22.92253003049152
2014-12-14,354.05950516405,0.279078,6.440863031752128,23.079064878345978
2014-12-15,346.414165172972,0.19534,4.540528506780685,23.244201754643218
2014-12-16,326.06762526495,0.170459,3.994170391230305,23.431796859557046
2014-12-17,320.311064317325,0.165329,3.908793166947654,23.642494975134447
2014-12-18,312.057780928277,0.15938,3.8142352665869463,23.93164049375138
2014-12-19,318.469871085696,0.091003,2.252253463011761,24.749234988133313
2014-12-20,330.488900318104,0.106258,2.6497460233873196,24.93697171146925
2014-12-21,320.874352689124,0.108305,2.8916422231183336,26.69894983764011
2014-12-22,332.46660630525,0.155026,4.16063097400838,26.838209563340563
2014-12-23,336.252902313939,0.117927,3.1958762544055386,27.100471234323187
2014-12-24,323.058626990521,0.163265,4.38270745041019,26.844069965199374
2014-12-25,319.075829402798,0.172725,4.924109786852639,28.508303890157947
2014-12-26,328.021054619527,0.158713,4.555520993937349,28.702970215530165
2014-12-27,316.236593310823,0.153377,4.44108791780798,28.955382801335787
2014-12-28,317.217751330565,0.137384,3.9904767551884426,29.046104483876327
2014-12-29,312.991088322749,0.119221,3.490546952493835,29.27785803236822
2014-12-30,311.33815552032,0.08689,2.561976620781658,29.48544401258587
2014-12-31,322.140070174456,0.118776,3.5176494479662024,29.615938896495056
2015-01-01,314.768935302014,0.137534,4.080316539442694,29.66779670464991
2015-01-02,316.202080790647,0.12763,3.7987277701245445,29.76356064465046
2015-01-03,279.754184919859,0.122205,3.663897864926092,29.981464923647447
2015-01-04,264.117167123522,0.136026,4.106665221830843,30.190190360347735
2015-01-05,274.933754722416,0.132369,4.034727619222117,30.480819815922974
2015-01-06,288.393379604576,0.092099,2.8419901779157164,30.858044988289937
2015-01-07,298.067454450802,0.082142,2.556168469428134,31.118759889883798
2015-01-08,283.460201292936,0.099368,3.1014998583747677,31.21239924234369
2015-01-09,291.36812101832,0.135258,4.247693407456495,31.40447341067603
2015-01-10,275.832689140817,0.15741,4.95903460177867,31.50393858308414
2015-01-11,266.934482518228,0.165135,5.259959211322405,31.852504575354292
2015-01-12,268.230027341168,0.14949,4.793397733769765,32.065105911666215
2015-01-13,228.417294258685,0.135962,4.379646639062444,32.21216776505901
2015-01-14,178.498024352187,0.12971,4.273638397533441,32.94755024150843
2015-01-15,210.054440590328,0.101073,3.387242704511527,33.512906781581194
2015-01-16,208.447981731802,0.080097,2.6984145513569424,33.68950215235369
2015-01-17,200.638757474675,0.082704,2.798260050494411,33.834583432990414
2015-01-18,211.255776340249,0.081958,2.7776085246729747,33.89060183722081
2015-01-19,216.299297195678,0.073764,2.509818267996324,34.02501499390167
2015-01-20,211.858954423213,0.062797,2.1457603363649733,34.1695994661379
2015-01-21,227.6633105251,0.054473,1.8777760111805541,34.47169001814756
2015-01-22,234.309861085428,0.075242,2.6049111352234484,34.62059040366469
2015-01-23,233.318179638072,0.076801,2.6661178698594203,34.71454162815849
2015-01-24,249.0344479994,0.086128,3.003503885921158,34.872514079551905
2015-01-25,254.67326692523,0.089671,3.131410290084946,34.92129663061318
2015-01-26,275.740812337644,0.078759,2.7593389043757397,35.035058018384625
2015-01-27,265.303292695851,0.102454,3.622810826153063,35.360290982598684
2015-01-28,234.657661705218,0.08021,2.843970331679492,35.45650107855081
2015-01-29,234.140894579057,0.103226,3.6789489198570884,35.63963218553406
2015-01-30,227.435079866942,0.098714,3.5371413990160887,35.83206018979245
2015-01-31,216.661493081224,0.104344,3.751018936722798,35.94858799676719
2015-02-01,227.215880846913,0.10862,3.917811752538992,36.06909342858821
2015-02-02,238.888244353622,0.093508,3.3841447550515777,36.190934633253384
2015-02-03,228.170783062756,0.08756,3.175588489151391,36.26770760052657
2015-02-04,227.413695746619,0.063288,2.3069184210397866,36.451084395768724
2015-02-05,216.652884237769,0.058331,2.2244111502369397,38.134026553342274
2015-02-06,222.782326749036,0.054816,2.100890516501681,38.326294506451006
2015-02-07,228.81604404432,0.057292,2.2070575588024264,38.52314706712672
2015-02-08,224.043052040395,0.053696,2.0787521504770594,38.7132722528659
2015-02-09,220.746232372678,0.045808,1.7785657129254262,38.82631284808044
2015-02-10,220.898643383192,0.042897,1.671293030079525,38.9605667404061
2015-02-11,219.915894999565,0.044422,1.7396119559710435,39.160618624821325
2015-02-12,222.730732214727,0.045571,1.7917332552970013,39.31742072156403
2015-02-13,236.211753155932,0.043048,1.6970357997540162,39.42230699202126
2015-02-14,256.9579253513,0.052844,2.0877329659105284,39.50764071929011
2015-02-15,235.558310659537,0.054503,2.160253655199932,39.635371633294696
2015-02-16,233.926203485919,0.05316,2.1158988368115144,39.80281356687674
2015-02-17,244.250555148108,0.054275,2.1709385527787033,39.999046382844064
2015-02-18,236.724403808332,0.04885,1.9814146321055153,40.56102109408321
2015-02-19,240.464724160133,0.051535,2.0979071287164777,40.70808744166565
2015-02-20,244.904421993006,0.052061,2.122498154673898,40.769344160802355
2015-02-21,245.639535020527,0.058529,2.3911217494795185,40.85387076425322
2015-02-22,237.013727198022,0.055805,2.2861477060269326,40.9669633296293
2015-02-23,241.400249183473,0.045332,1.859302039257084,41.01490699877893
2015-02-24,239.81619784617,0.049512,2.0382492470514206,41.16637213597287
2015-02-25,238.144959850153,0.046795,1.9449320641257415,41.56296510411172
2015-02-26,237.026890803584,0.048024,2.000329337682363,41.65275316979855
2015-02-27,254.524248055764,0.042397,1.7685446751010685,41.71344902824766
2015-02-28,255.190399632925,0.053667,2.2389563609050245,41.71937902785739
2015-03-01,261.442621102367,0.053212,2.2295433258185686,41.89930994919406
2015-03-02,276.904779787956,0.04622,1.9384378210346964,41.93980470297431
2015-03-03,282.79462109708,0.048139,2.0202387981536534,41.96637969915165
2015-03-04,273.266893807169,0.052369,2.214441139179826,42.285162863742904
2015-03-05,276.962909014191,0.061777,2.638183882554962,42.70501043419397
2015-03-06,273.245670757607,0.061594,2.639833909485026,42.85854074346933
2015-03-07,276.94490403045,0.070209,3.00777579412293,42.84002986537981
2015-03-08,275.47637778122,0.073734,3.1685887117101994,42.97315018111255
2015-03-09,290.385012464833,0.08344,3.594601083856641,43.08021553600966
2015-03-10,292.234721966485,0.090932,3.919985747607538,43.108983337032065
2015-03-11,296.790683379287,0.10129,4.373372390800557,43.17665377326582
2015-03-12,295.71516814434,0.107857,4.695149943607925,43.53133645962096
2015-03-13,283.309264141822,0.129875,5.649450342232997,43.49899521347373
2015-03-14,282.714236895228,0.135424,5.903150062061607,43.5900463210605
2015-03-15,287.162559360781,0.111715,5.048489471976421,45.19072610343287
2015-03-16,291.199988376731,0.09268,4.200369162834522,45.321238354624924
2015-03-17,285.188942977154,0.079893,3.627712372805483,45.40715133892645
2015-03-18,257.359681056435,0.071627,3.2589994546487646,45.49943868545443
2015-03-19,262.037758203903,0.049538,2.259381498044088,45.60873885161523
2015-03-20,262.506448036766,0.049293,2.255540314914534,45.75769909017236
2015-03-21,260.725863238597,0.053046,2.4517322891241102,46.219285253303894
2015-03-22,268.567775053706,0.054783,2.5347553370408296,46.26920876503431
2015-03-23,267.070101181274,0.04576,2.1200106010575253,46.32911719737354
2015-03-24,245.814653851155,0.051301,2.381524163419659,46.422414951385
2015-03-25,246.377932084561,0.048418,2.2534810764432036,46.54184791138453
2015-03-26,249.406950057081,0.048368,2.257722400967049,46.67785482781469
2015-03-27,247.062633672772,0.053084,2.4836988155671795,46.788219887085624
2015-03-28,253.067479795123,0.05828,2.737362184076829,46.969463024760834
2015-03-29,242.653926393489,0.057629,2.709621009889279,47.01825303262304
2015-03-30,248.159199435361,0.043975,2.070382651230044,47.0809974501869
2015-03-31,244.681899157694,0.044243,2.0877328519522007,47.18794973451089
2015-04-01,247.171610023695,0.044814,2.122347491920057,47.359140593357075
2015-04-02,253.517267987472,0.046719,2.2132085858094643,47.37227200110888
2015-04-03,254.418209008103,0.050977,2.413169787199893,47.33794241496589
2015-04-04,253.836932590118,0.057435,2.71813270244046,47.32526538859743
2015-04-05,260.794183654991,0.057558,2.7254876718286725,47.35237941543801
2015-04-06,255.876907049085,0.049046,2.3225766900100293,47.35476723596678
2015-04-07,253.916693452976,0.045371,2.148664275266145,47.35783111533143
2015-04-08,245.39207278576,0.038257,1.8116975764573584,47.35590080741012
2015-04-09,243.464074481051,0.037302,1.7528473772050994,46.990105344916785
2015-04-10,236.300607027942,0.038359,1.8043960846363565,47.03971923623744
2015-04-11,236.994656565877,0.049556,2.3312045483826447,47.04191049460512
2015-04-12,236.685472574944,0.052822,2.4827743116919665,47.002214610867206
2015-04-13,224.733687860142,0.045466,2.139130765603951,47.04942991067576
2015-04-14,219.199872428885,0.046248,2.179323845394021,47.12246974448068
2015-04-15,223.735949018315,0.046702,2.1898988298811513,46.89132643687266
2015-04-16,228.310457040882,0.049641,2.3447430595339864,47.23357137103244
2015-04-17,222.676492906216,0.04314,2.042097484053234,47.33628254709629
2015-04-18,223.457987382011,0.047964,2.2721930604853013,47.37323198247573
2015-04-19,222.593754731546,0.046138,2.1843863265339776,47.3446847644128
2015-04-20,224.516104568847,0.040415,1.9156964957006661,47.40073954124966
2015-04-21,236.176204496744,0.03785,1.7944126253202886,47.407952020754706
2015-04-22,234.033020483586,0.039119,1.8559077926237217,47.4420423070819
2015-04-23,236.067894710619,0.036787,1.7556342995924616,47.724555338904416
2015-04-24,231.131522376691,0.044979,2.147518502195026,47.74525279550681
2015-04-25,226.300129721107,0.049324,2.3475288314039133,47.593731849626685
2015-04-26,219.985881505856,0.048622,2.3130594355752714,47.57219200810463
2015-04-27,227.420895229266,0.043323,2.0613240295642274,47.5804170953989
2015-04-28,225.400783145217,0.042459,2.019148906681778,47.55494152367263
2015-04-29,225.472529404053,0.043071,2.0492684907700816,47.5785254122347
2015-04-30,236.31126415132,0.036967,1.755849659620821,47.49748028722571
2015-05-01,232.083518300565,0.038389,1.823945812576218,47.51278291801096
2015-05-02,234.972882499311,0.043375,2.060857483809142,47.51290711359073
2015-05-03,240.422745292043,0.041039,1.9468509787932917,47.43849824013112
2015-05-04,238.846970593072,0.036824,1.7478387419634651,47.46518957510029
2015-05-05,235.958639530977,0.038693,1.8368312423573696,47.471580072799654
2015-05-06,229.255589867336,0.035767,1.698259143632005,47.481772910243535
2015-05-07,237.248000492583,0.036288,1.7234820538592688,47.493979582661254
2015-05-08,244.264222488293,0.036598,1.7386145189251405,47.50621734537429
2015-05-09,242.457307617779,0.041848,1.9875898233564464,47.49571098384373
2015-05-10,240.667179829205,0.043239,2.0532825096499883,47.48700370598829
2015-05-11,242.121705015745,0.037526,1.7773209983509686,47.36295809480439
2015-05-12,241.714121947591,0.038649,1.8299706682290313,47.347854297685764
2015-05-13,235.949581410801,0.041275,1.9537442361740032,47.334770252602574
2015-05-14,237.024247134343,0.04208,1.9946158999214358,47.400176793562146
2015-05-15,237.615826910471,0.044638,2.1167042737021275,47.41972724927663
2015-05-16,236.043423876757,0.047894,2.272119330336257,47.440266974896815
2015-05-17,236.323159249796,0.048726,2.310731628265528,47.42294514481438
2015-05-18,233.258272506077,0.038494,1.8254637254048884,47.42179640093713
2015-05-19,231.905281340696,0.034775,1.6505277908775438,47.46352491004673
2015-05-20,234.300874954825,0.037326,1.773124490738507,47.5033922365425
2015-05-21,235.441677181669,0.035132,1.6697723069494168,47.52867877076247
2015-05-22,240.394033357009,0.033949,1.6152510026546516,47.578397166535325
2015-05-23,238.834261930659,0.043762,2.08393622411578,47.619464453227735
2015-05-24,240.592708065407,0.047523,2.263675442544851,47.63280667222856
2015-05-25,237.270561981445,0.04219,2.0125588568606267,47.701866539414226
2015-05-26,236.990935919274,0.040672,1.9433363322140902,47.78100570428942
2015-05-27,236.373990495343,0.040169,1.9537645745965495,48.63856751539708
2015-05-28,236.907336252847,0.042645,2.0760303092360206,48.68162580235662
2015-05-29,236.50714436584,0.038457,1.8736740076566953,48.721503312078184
2015-05-30,232.705976088453,0.042976,2.107182485633964,49.032093353585715
2015-05-31,229.158445631166,0.047618,2.336266885871694,49.06271011598611
2015-06-01,222.71461175706,0.042764,2.102562995819481,49.16698792806871
2015-06-02,225.155886806167,0.043982,2.1695366169144905,49.32773636263154
2015-06-03,225.207660987276,0.045999,2.27572426497633,49.47335947561459
2015-06-04,223.649852368618,0.048516,2.404676424732162,49.56455089273443
2015-06-05,224.570832679346,0.045878,2.278149913613966,49.656397605148456
2015-06-06,225.366714978606,0.05012,2.491543106686224,49.71134950135909
2015-06-07,223.31836031038,0.048965,2.435122936843973,49.73184929969322
2015-06-08,228.722497360537,0.040914,2.036389282864619,49.77218696059122
2015-06-09,229.113378969026,0.038653,1.9261971684068977,49.83318126737856
2015-06-10,228.541494276328,0.036308,1.8490285971992484,50.9256105336704
2015-06-11,229.648699111149,0.037152,1.9323594186064121,52.012327614809664
2015-06-12,229.502462521495,0.034685,1.8421873236780937,53.11141255242212
2015-06-13,232.895157057637,0.039907,2.12035802199268,53.1322025547712
2015-06-14,233.225041845115,0.04098,2.17627470548338,53.106044118317406
2015-06-15,236.640350950239,0.034153,1.8146045185412685,53.13116956310672
2015-06-16,251.676431485259,0.032835,1.743709119749923,53.10554005400101
2015-06-17,248.802178319007,0.038566,2.048027817584394,53.104749415295906
2015-06-18,249.35498899291,0.044887,2.3844917367345024,53.122438429606255
2015-06-19,244.749210877899,0.045212,2.4055887462044523,53.20700619844042
2015-06-20,245.384932928953,0.06612,3.515113674911099,53.162791552308235
2015-06-21,244.189452137555,0.068574,3.6457614979578254,53.16538522035238
2015-06-22,246.671569536778,0.059955,3.1883574393598315,53.17882935906177
2015-06-23,244.253533228932,0.059263,3.1553939876216655,53.24401425093868
2015-06-24,239.954934881386,0.055174,2.944352779715271,53.36525109611528
2015-06-25,242.227365958915,0.05506,2.9414404260298945,53.42270877278805
2015-06-26,243.198343582627,0.038006,2.0328404040431076,53.48777869803005
2015-06-27,251.484055607899,0.043978,2.353386077328927,53.51231764366976
2015-06-28,248.863670375304,0.044431,2.3779920549069233,53.52054069504019
2015-06-29,256.674809707184,0.036496,1.9584440990381295,53.66186851159798
2015-06-30,263.028279741073,0.03506,1.8818659506834947,53.675748992647996
2015-07-01,258.12526544978,0.038931,2.0943255879328806,53.79584918650612
2015-07-02,254.73761148021,0.040715,2.1926585425837897,53.85423007537184
2015-07-03,256.309610586103,0.043095,2.331774228698936,54.10819303443391
2015-07-04,260.531962207499,0.049305,2.6701112269182046,54.154632918904746
2015-07-05,271.497949792451,0.045998,2.4908113485288665,54.15013658007403
2015-07-06,268.985961590127,0.040679,2.201673819543537,54.12264027310942
2015-07-07,265.804671137808,0.046166,2.4985731276318863,54.121208025280104
2015-07-08,270.606162598582,0.043297,2.341208721305061,54.07370852994952
2015-07-09,269.349721600106,0.048252,2.6106506548643966,54.10440964473285
2015-07-10,285.591689123489,0.044235,2.3922648170050094,54.08055875278352
2015-07-11,293.281271902306,0.060087,3.2474394500163597,54.04529231536285
2015-07-12,311.378145060733,0.060506,3.266632857022699,53.98897874632832
2015-07-13,292.71137116033,0.061912,3.34406337931557,54.01357961317754
2015-07-14,287.71004393242,0.05847,3.1591775001676043,54.03099605136569
2015-07-15,285.701404472478,0.059128,3.194599349711471,54.02815225948709
2015-07-16,278.695773336721,0.057999,3.137711968259479,54.099697554944136
2015-07-17,280.04323655991,0.058987,3.190719973755802,54.09160430736406
2015-07-18,277.170726503663,0.059803,3.238483485256588,54.15254029266358
2015-07-19,274.857221623951,0.053182,2.8861427576677023,54.26965124791322
2015-07-20,279.983602447802,0.045676,2.4737176414640567,54.158364173112325
2015-07-21,276.664715026322,0.043802,2.375802262028099,54.24007294406038
2015-07-22,278.53248806537,0.044108,2.398381450018927,54.37537035267581
2015-07-23,277.179900689709,0.043194,2.349965684652009,54.405244702870434
2015-07-24,289.109321173029,0.04155,2.2610673489644846,54.41794873892439
2015-07-25,289.407999845346,0.049409,2.6898430608012927,54.4404443662785
2015-07-26,293.547474959739,0.054845,2.9873127804490425,54.46821386274074
2015-07-27,294.560217440311,0.048118,2.6192352156153333,54.43382307908095
2015-07-28,295.182971760849,0.048443,2.6391132716827026,54.47889973853111
2015-07-29,290.271364850803,0.048157,2.6313668356978512,54.64086401134007
2015-07-30,288.431060334512,0.048891,2.6722478811519794,54.65722625160102
2015-07-31,284.832682294093,0.05057,2.7656580863937457,54.68920087306083
2015-08-01,280.481553050013,0.051954,2.8446357252884757,54.75294054159663
2015-08-02,282.353833298814,0.051709,2.8339550421254875,54.80567355833363
2015-08-03,281.124037339822,0.040344,2.210552547894162,54.79197074885374
2015-08-04,285.348024161186,0.041156,2.2601728561664705,54.91748601630381
2015-08-05,282.632066508184,0.040988,2.2844267690128532,55.73384526191586
2015-08-06,279.729985423356,0.040572,2.2645282467049026,55.81481095062236
2015-08-07,280.1314225305,0.042867,2.3936980894090243,55.84067323382063
2015-08-08,261.89391631623,0.045883,2.5616824503553883,55.83044354881375
2015-08-09,266.002406307537,0.056172,3.1183977271905037,55.514980488288636
2015-08-10,265.096023801662,0.062521,3.4740109268042287,55.565087483401165
2015-08-11,271.905537029027,0.065504,3.6412395640445245,55.58818398906917
2015-08-12,267.508235397728,0.064932,3.6105607773960413,55.605595188265774
2015-08-13,264.762228855632,0.064355,3.5884373467140525,55.76006243967357
2015-08-14,266.109674168983,0.056054,3.13136047630518,55.86377900029192
2015-08-15,262.421933246517,0.067446,3.7718807506544545,55.924279784630855
2015-08-16,259.136901969678,0.056904,3.182369734069285,55.925726847598995
2015-08-17,257.797618188099,0.045573,2.5505134016670397,55.965556386082774
2015-08-18,221.28645398457,0.045984,2.58103030325251,56.12871531528305
2015-08-19,226.724132571822,0.047708,2.6819654480920563,56.21580779153781
2015-08-20,235.72490930065,0.044709,2.516361075698917,56.28315628433068
2015-08-21,233.05363107953,0.04568,2.5727387154211643,56.321248901039326
2015-08-22,230.781798486419,0.052366,2.9539083191434314,56.40862313058461
2015-08-23,229.063605356582,0.055531,3.1354163615275055,56.46247858166618
2015-08-24,210.588575268171,0.044084,2.4871665027399676,56.419058839776184
2015-08-25,222.766193802633,0.045019,2.5256160245008403,56.1014427511174
2015-08-26,226.18974218978,0.051104,2.874172316475714,56.24188403713643
2015-08-27,225.510071905413,0.056673,3.1882170257898217,56.256755248043504
2015-08-28,231.742139631433,0.055781,3.1428676880912025,56.3433741560788
2015-08-29,230.590426923,0.06062,3.4194840888020406,56.40835606158154
2015-08-30,229.455556872449,0.06204,3.5087770730321615,56.55630806698068
2015-08-31,230.680127431229,0.052739,2.983036736869255,56.562425066746066
2015-09-01,228.276893523674,0.048067,2.725168253442636,56.694937843845054
2015-09-02,229.588190258913,0.041587,2.3590144838427713,56.725318555727085
2015-09-03,227.448328465297,0.040467,2.295307761583657,56.72077001553095
2015-09-04,230.869808962943,0.042607,2.4173588479336203,56.73598667438594
2015-09-05,235.745612975168,0.046424,2.6353690638615355,56.766822042852
2015-09-06,240.724726776629,0.047776,2.7181126321339657,56.892708498435006
2015-09-07,240.62639793783,0.041579,2.366695762009971,56.92034181359967
2015-09-08,244.251385076155,0.036111,2.0550037883747465,56.90795478174919
2015-09-09,238.755756612232,0.039772,2.2653592182291433,56.958196376967486
2015-09-10,239.082148407599,0.040659,2.3144925315999982,56.92445529750544
2015-09-11,240.532796720489,0.043519,2.4782674226009815,56.947106770773274
2015-09-12,235.553351518181,0.050865,2.898522413329389,56.984827538439546
2015-09-13,230.46285839457,0.049385,2.8150587962907583,57.002629746163734
2015-09-14,230.54530640765,0.040789,2.325955944117024,57.02468623123448
2015-09-15,230.766108255201,0.039066,2.2330306636625914,57.16100275067332
2015-09-16,229.042048279824,0.036398,2.0819131576473042,57.19806385237457
2015-09-17,233.19946644751,0.035667,2.0406679752286534,57.21486887460271
2015-09-18,232.54026176469,0.036398,2.0848323172897034,57.278744102922175
2015-09-19,231.200678339246,0.043203,2.4757789895325777,57.30603799156478
2015-09-20,230.69871367266,0.043202,2.4852301497162133,57.52515628828306
2015-09-21,226.853208637253,0.03683,2.119081907000184,57.53690055023696
2015-09-22,231.021276104909,0.035092,2.0193466588346296,57.545112746011206
2015-09-23,230.127125021192,0.039115,2.2538438436829646,57.62166744304383
2015-09-24,234.520176790912,0.038084,2.195156382345551,57.640529317610756
2015-09-25,235.420806874745,0.039435,2.274042299839491,57.66516386736923
2015-09-26,234.320148427562,0.045608,2.630722809986048,57.680563809689986
2015-09-27,232.802110941509,0.048818,2.816627220610431,57.69653112791801
2015-09-28,239.781819791489,0.039986,2.30722685454252,57.70091181992327
2015-09-29,237.063620808883,0.036182,2.089222839628364,57.74268666915648
2015-09-30,236.45802395193,0.041483,2.395575037618464,57.74833796177163
2015-10-01,237.784117520762,0.042489,2.4530907631075984,57.73494822441953
2015-10-02,238.098753463372,0.0423,2.4424521102505183,57.74183938878612
2015-10-03,239.489896818048,0.046162,2.666178095730454,57.757361147302106
2015-10-04,239.031018072205,0.050937,2.942644519230594,57.76983562853249
2015-10-05,241.137658117686,0.040331,2.3320652972418974,57.82327083781937
2015-10-06,246.88566279251,0.039647,2.29497277735601,57.88562505272899
2015-10-07,243.708696104396,0.040654,2.3531401706210286,57.882388361016915
2015-10-08,243.134971605953,0.046661,2.7028258587680516,57.92423246931031
2015-10-09,244.663458327449,0.046633,2.7038231950726006,57.98104700864425
2015-10-10,245.906034046475,0.05477,3.1810356161448214,58.079434495694755
2015-10-11,248.219397004731,0.05482,3.1825338327926374,58.054650981252365
2015-10-12,246.208993006364,0.049356,2.866228970509403,58.07270465580641
2015-10-13,250.535523241077,0.046714,2.7119537758290644,58.05432104229553
2015-10-14,253.008794847023,0.042866,2.483552534936592,57.9374178395945
2015-10-15,254.955682538724,0.043509,2.5198540701338192,57.91578799832651
2015-10-16,263.29400534838,0.047637,2.755942339942874,57.85323676646404
2015-10-17,272.080794170223,0.05714,3.3029231501350047,57.80401384758429
2015-10-18,263.823962095721,0.063344,3.6594214737045587,57.77051705858777
2015-10-19,264.697732389019,0.055303,3.190576193764642,57.69219349014398
2015-10-20,270.865148725385,0.053155,3.063507469398564,57.633711750763624
2015-10-21,268.059952475296,0.059421,3.4219025608189337,57.58776812067843
2015-10-22,275.500186087408,0.059879,3.44162747575265,57.47635106640389
2015-10-23,278.851855729363,0.057389,3.2947863985373775,57.41158855937482
2015-10-24,283.557116020959,0.066035,3.7880802527158357,57.364882385115074
2015-10-25,284.609802876575,0.065962,3.7851117880085297,57.38282487509032
2015-10-26,286.93731881789,0.060809,3.465181899459519,56.98460430639064
2015-10-27,295.266625889108,0.055104,3.1380072070357072,56.94675684568863
2015-10-28,304.702423164543,0.059181,3.3639420112866296,56.84158793421205
2015-10-29,314.61544625625,0.07685,4.356508910560755,56.68828914037287
2015-10-30,328.571284693559,0.084613,4.777382432923877,56.46142318685893
2015-10-31,313.581334562516,0.107334,6.0457616307356155,56.32636240549521
2015-11-01,328.067559319726,0.118542,6.665549437267016,56.22933068213068
2015-11-02,363.810011669093,0.108585,6.080168452173914,55.99449127129333
2015-11-03,404.608227819912,0.10347,5.728200683134247,55.36080861837378
2015-11-04,409.881965863057,0.100032,5.448680843303133,54.46948921438142
2015-11-05,387.483528922289,0.130903,7.092370778562837,54.18032932040931
2015-11-06,375.317477115691,0.169966,9.204227022209063,54.15324519058077
2015-11-07,385.28212926303,0.183066,9.868819813516744,53.9086033796028
2015-11-08,373.947186342058,0.18623,9.997343790289777,53.68275121180142
2015-11-09,380.30606873944,0.170655,9.129071973320881,53.494458599718186
2015-11-10,338.472191069265,0.155312,8.295039183838615,53.408708400706686
2015-11-11,312.418710175159,0.144379,7.709795415709299,53.39980288203082
2015-11-12,337.389460603109,0.103794,5.534302750818814,53.32007818735488
2015-11-13,338.089460295976,0.104504,5.5529084503427315,53.13597412837748
2015-11-14,333.759005342778,0.113724,6.020962962015456,52.94383130320231
2015-11-15,320.427968537442,0.110086,5.808713162755526,52.765377267340014
2015-11-16,331.964578417978,0.089109,4.688186866465788,52.61161566117955
2015-11-17,336.26314736216,0.076671,4.010271294433171,52.304828026069536
2015-11-18,335.594386662454,0.090348,4.70262104402687,52.05036833275238
2015-11-19,326.417595387495,0.089992,4.649098851461821,51.66125595455695
2015-11-20,322.257899492753,0.089264,4.590466919306626,51.4256277149042
2015-11-21,327.767536288257,0.097706,5.008403126004526,51.26006284260062
2015-11-22,324.97449138624,0.099325,5.052293194968783,50.866530535618914
2015-11-23,323.869883979887,0.089657,4.458703188915056,49.73055645139928
2015-11-24,320.664072080467,0.074146,3.6658095120827006,49.44029964304337
2015-11-25,329.526395116263,0.063254,3.116903142758451,49.27601350804604
2015-11-26,353.70626231388,0.063394,2.922352693528535,46.098392717052434
2015-11-27,358.52675568378,0.062138,2.830876943539423,45.55777670728374
2015-11-28,358.088117478038,0.104543,4.758298642051776,45.515054044855255
2015-11-29,372.913160491114,0.10324,4.65061319862315,45.04665356998382
2015-11-30,377.022597147155,0.083903,3.745007934289176,44.63484572198753
2015-12-01,362.866934008014,0.096145,4.266697429282859,44.3776297644111
2015-12-02,359.198421304981,0.116852,5.152346721943372,44.093113948471824
2015-12-03,361.169970348777,0.116337,5.047869716636246,43.390046139781056
2015-12-04,363.620423357541,0.127922,5.516319044554002,43.122379632296926
2015-12-05,389.173732973588,0.128221,5.481613778322931,42.7512482873626
2015-12-06,389.784425451806,0.141748,6.025479819288926,42.508465318652256
2015-12-07,396.100592490888,0.142372,5.997939159375414,42.12862035127003
2015-12-08,419.882497681383,0.117332,4.9567227226447015,42.24521565427994
2015-12-09,418.253802410773,0.125509,5.238467208143614,41.73794249761381
2015-12-10,415.310705277168,0.134806,5.5936252716400325,41.4938290866353
2015-12-11,455.119332310002,0.132587,5.438564823364988,41.01877300790621
2015-12-12,436.049334940315,0.1477,6.027004536928808,40.80562329259026
2015-12-13,432.978863720496,0.15869,6.411518901972246,40.40284052464411
2015-12-14,443.814185310798,0.142085,5.7023740005613845,40.13356221523358
2015-12-15,465.345572154734,0.136358,5.436468583268086,39.869207119708975
2015-12-16,454.970162562658,0.133217,5.286504341694277,39.68354991802089
2015-12-17,455.945397306226,0.140001,5.530446350786699,39.502880067999975
2015-12-18,463.42890573493,0.149876,5.88437734849088,39.26151960129054
2015-12-19,462.10771084085,0.152756,5.867681830830233,38.412023086346416
2015-12-20,442.566914355652,0.165934,6.349175979165755,38.26328106657699
2015-12-21,437.928631858315,0.144126,5.363173514889792,37.211768262422154
2015-12-22,435.378727225096,0.145624,5.402252298209791,37.09729670716616
2015-12-23,442.63043264049,0.146589,5.410651011665738,36.91030455449135
2015-12-24,456.187859154412,0.146014,5.4245869104044795,37.15111810401408
2015-12-25,455.864706860311,0.171545,6.160378737859104,35.9112225476778
2015-12-26,417.109834368222,0.165869,5.94095832329908,35.81715046879679
2015-12-27,422.826135957318,0.17321,6.16433308572094,35.58873746685721
2015-12-28,420.977708644353,0.141896,5.040814760249481,35.52469259184576
2015-12-29,432.273347877249,0.140991,4.979885497674421,35.32062683934594
2015-12-30,425.274409568321,0.135005,4.744640299913007,35.14421434745814
2015-12-31,429.722705949813,0.125106,4.371477122429734,34.94231470958103
2016-01-01,434.453776034672,0.135783,4.736164866214553,34.880376550774095
2016-01-02,433.477435119787,0.130644,4.546825427799471,34.803171306448355
2016-01-03,429.318950976069,0.124413,4.314679375912489,34.68017316648442
2016-01-04,433.415271946132,0.106962,3.6876792024500853,34.47656022441749
2016-01-05,432.437052132974,0.095935,3.2863207839699635,34.25574883837081
2016-01-06,429.611969746033,0.107966,3.673394020021925,34.02348619706728
2016-01-07,458.529580553185,0.09568,3.2218692361399706,33.673361023234875
2016-01-08,454.069380510657,0.120426,4.1011313463339265,34.055062217872106
2016-01-09,449.623332114129,0.142168,4.828121296948579,33.9606576834457
2016-01-10,449.476895984764,0.152414,5.166690377284958,33.899100239637605
2016-01-11,449.185004562252,0.13603,4.566090851179429,33.56673999959248
2016-01-12,433.522185372488,0.152206,5.087523101792254,33.42524161059178
2016-01-13,431.997844033698,0.148988,4.98042092064812,33.42839517402744
2016-01-14,430.421706232047,0.151861,5.0141506847413595,33.01794658734272
2016-01-15,359.581334134628,0.140587,4.585151617889132,32.61422473582532
2016-01-16,388.517954202653,0.161996,5.267524131081017,32.51633827059347
2016-01-17,380.850957413971,0.169547,5.4969112832519285,32.4212012062948
2016-01-18,386.358535612733,0.140471,4.5517582358255035,32.403470875435175
2016-01-19,378.617904719957,0.13793,4.456137574711712,32.30718858617388
2016-01-20,419.190108879924,0.122431,3.9386452898582247,32.1703902643666
2016-01-21,410.962264235009,0.13209,4.234158995353576,32.055075450697565
2016-01-22,382.622160769312,0.141868,4.5267331637952415,31.907974127242927
2016-01-23,386.542015071726,0.156693,4.945020127431944,31.558702509600153
2016-01-24,403.039977646787,0.179103,5.634918451005576,31.46185302210369
2016-01-25,391.497963699594,0.163695,5.130815568046131,31.343760319142497
2016-01-26,392.175046200072,0.188664,5.894730949069985,31.244572346461695
2016-01-27,395.142871374838,0.184734,5.728497555025064,31.00950671960985
2016-01-28,379.270670075264,0.173023,5.343854462692709,30.88526553476646
2016-01-29,378.231321662581,0.181951,5.610646195769412,30.83607626196762
2016-01-30,377.757392343445,0.205175,6.2989661429989985,30.700516572479824
2016-01-31,367.390081344685,0.211227,6.502079600968722,30.782436953694173
2016-02-01,371.758066557955,0.164952,5.076608360513978,30.77630168829158
2016-02-02,373.692988402788,0.178132,5.463210050215965,30.669401901913787
2016-02-03,369.895271285912,0.17988,5.5163946429009965,30.667096169193282
2016-02-04,389.650185811516,0.171261,5.2302822946747485,30.539747044670168
2016-02-05,386.262091129519,0.173139,5.0207152319991275,28.998168078776228
2016-02-06,374.754246042917,0.204435,5.905418734086443,28.886524271474208
2016-02-07,375.072911094778,0.209784,6.026797218496664,28.7286410175153
2016-02-08,371.863861586451,0.181831,5.204994530831561,28.625399466462383
2016-02-09,374.573677555094,0.163741,4.672169882516972,28.533965966382706
2016-02-10,380.646809885967,0.158164,4.4979632815997315,28.43859779563609
2016-02-11,378.252660315212,0.160444,4.544427428519631,28.324000108761442
2016-02-12,384.41799823713,0.152313,4.296026036592257,28.20527040509803
2016-02-13,393.064929489879,0.162649,4.571697831424485,28.10773817186605
2016-02-14,408.243359068918,0.164534,4.615239710245168,28.05033646019375
2016-02-15,400.303915356537,0.145861,4.073251576848618,27.92553454638707
2016-02-16,407.9715124151,0.160248,4.444015901200313,27.732038183231683
2016-02-17,415.657038576859,0.169423,4.662117544940394,27.517633844128213
2016-02-18,422.563912098138,0.18994,5.153706052269531,27.133357307348202
2016-02-19,421.211398853853,0.192128,5.194836222603775,27.038366484976994
2016-02-20,438.543014939951,0.210437,5.696582500405948,27.070236217065332
2016-02-21,440.687369252635,0.217153,5.854393748156298,26.959768928167254
2016-02-22,440.390576991895,0.199101,5.345149543587959,26.846362856647144
2016-02-23,421.625508455679,0.18644,4.999618999726664,26.816260165810792
2016-02-24,426.324852910033,0.176769,4.7140691398953,26.667905212503296
2016-02-25,425.336016543536,0.194166,5.094812610242618,26.239527231519443
2016-02-26,434.751304188172,0.197103,5.156180734822753,26.159859148416512
2016-02-27,434.402755906035,0.213511,5.566571222786872,26.071577292646005
2016-02-28,434.676264035956,0.207443,5.392932621040533,25.99720215396907
2016-02-29,438.681150185598,0.182402,4.700139504343174,25.768021614582064
2016-03-01,434.99573014089,0.199084,5.015822296023507,25.19449764077726
2016-03-02,423.127811923627,0.238307,6.0147537041774815,25.239467274297574
2016-03-03,421.42603161282,0.247768,6.167788748856258,24.89337483348854
2016-03-04,409.930006166618,0.2622,6.44978673345103,24.598737771445464
2016-03-05,398.557233797884,0.281007,6.870469245118931,24.44948083393007
2016-03-06,405.597840854642,0.338346,8.25601080713245,24.401058332970898
2016-03-07,413.921772182587,0.281579,6.881070825902793,24.437455621471923
2016-03-08,412.787292407244,0.283352,6.937538062941928,24.48380169225281
2016-03-09,413.970007076342,0.279808,6.88099502864895,24.59181386298544
2016-03-10,417.086200784099,0.282264,6.958162747300329,24.65121733921754
2016-03-11,420.775011360991,0.260664,6.392352720168304,24.523297530013338
2016-03-12,410.349614120233,0.26542,6.481042487051063,24.41801982963041
2016-03-13,413.086415446106,0.268614,6.532924377307035,24.320898982827075
2016-03-14,416.81153173554,0.217001,4.9633765932866805,22.872574419887563
2016-03-15,417.27838822383,0.232587,5.2917640235032195,22.751795312831263
2016-03-16,418.384074127204,0.242633,5.490405802094544,22.62840547388156
2016-03-17,420.428290699209,0.227305,5.133774939447182,22.585412647833454
2016-03-18,409.524714934685,0.211113,4.757006933594756,22.53295091453067
2016-03-19,410.825726112757,0.24275,5.4534131634561245,22.465123754621626
2016-03-20,413.267828777134,0.250569,5.534298124297554,22.086958049667075
2016-03-21,412.748433106919,0.210138,4.620507448423826,21.98795631989674
2016-03-22,418.337021142643,0.206633,4.530265746093645,21.924221095302283
2016-03-23,419.361504879197,0.206426,4.516045502215853,21.87732067280759
2016-03-24,416.090326874017,0.208128,4.548081820524081,21.85229708922148
2016-03-25,417.974386847332,0.214486,4.652560126105079,21.691718616289396
2016-03-26,418.441341713558,0.26564,5.739833981972996,21.60756122604807
2016-03-27,427.513979279589,0.239022,5.130862689172552,21.466092118054725
2016-03-28,424.990477258302,0.270545,5.785768908362517,21.385576852886135
2016-03-29,417.73265857205,0.247891,5.285002714255703,21.31990052098865
2016-03-30,415.490515612997,0.290538,6.160534007423739,21.20387080241108
2016-03-31,417.345645529041,0.304503,6.435293188878852,21.133733083990116
2016-04-01,418.726067866089,0.305623,6.4617196493788,21.14277861363857
2016-04-02,421.693095170543,0.335055,7.0750932194004355,21.116186883176212
2016-04-03,422.069446859177,0.285442,6.019786336297987,21.089353314881112
2016-04-04,421.817827478288,0.220795,4.647603822631528,21.049418162111696
2016-04-05,424.630066540869,0.248126,5.208531163299139,20.991489170243447
2016-04-06,424.018481325735,0.253649,5.308960502748795,20.93033836178116
2016-04-07,423.55374582294,0.2675,5.580195806499502,20.860556170913974
2016-04-08,421.064138293495,0.30611,6.373475140040332,20.820866755023427
2016-04-09,420.356696408751,0.356957,7.430522385432924,20.816285640637105
2016-04-10,423.381274173254,0.366224,7.587409411204737,20.717933133637946
2016-04-11,424.857920472167,0.310581,6.423576008371951,20.68245003951328
2016-04-12,427.531151491813,0.30203,6.229860146099827,20.626620475084003
2016-04-13,425.755759384078,0.299239,6.162263650878012,20.593083477512376
2016-04-14,426.163033233764,0.279067,5.758398794613315,20.634498669156205
2016-04-15,431.253405898357,0.249793,5.082297792466439,20.34606628232229
2016-04-16,432.455139286248,0.287639,5.827669553820878,20.260389226571714
2016-04-17,429.643823787882,0.292151,5.901515201745196,20.200195527178558
2016-04-18,430.780784320861,0.248072,5.006099831970515,20.18001054670588
2016-04-19,437.224491853684,0.235796,4.748759786910577,20.13926070206451
2016-04-20,443.238020994336,0.235378,4.72296776257812,20.065499274856965
2016-04-21,451.879833757831,0.252977,5.059283933216865,19.999012524915763
2016-04-22,448.445766703073,0.257103,5.15677473885634,20.05720162160209
2016-04-23,454.073556506421,0.262836,5.259913289756622,20.012150393489478
2016-04-24,463.092124376107,0.260724,5.2086514585702055,19.977646871673436
2016-04-25,462.365178082818,0.242859,4.820312780272866,19.848197412193926
2016-04-26,468.155955224252,0.249316,4.932896914819212,19.785710461385506
2016-04-27,446.064762225105,0.245503,4.849310590924734,19.752547771748677
2016-04-28,451.43763711352,0.257506,5.069940516852439,19.688646129870353
2016-04-29,457.115470560424,0.260205,5.108772081343858,19.633624816438935
2016-04-30,449.583870829368,0.300129,5.879070849584141,19.588447934407153
2016-05-01,454.026471318932,0.302478,5.914956083875667,19.554965339276034
2016-05-02,446.772344241217,0.273288,5.339283252112159,19.537214222667902
2016-05-03,453.097848135133,0.25125,4.899938978022339,19.502254410455816
2016-05-04,449.498257543097,0.211807,4.123325617705769,19.467413266344174
2016-05-05,450.170976773548,0.274834,5.343691824881566,19.443361169687293
2016-05-06,461.454842430884,0.227359,4.406908263294581,19.383019687700255
2016-05-07,460.77594934045,0.289943,5.591257708349385,19.283956201612952
2016-05-08,460.734062728435,0.298329,5.7476453120001905,19.266107859084215
2016-05-09,462.133788324292,0.267878,5.152615371821751,19.234953073988027
2016-05-10,451.981794898069,0.258464,4.967422230780311,19.21903081965019
2016-05-11,453.160646838607,0.246462,4.7363535678186395,19.2173492240708
2016-05-12,456.043142969166,0.256068,4.914040626059376,19.19034904367198
2016-05-13,457.055895378812,0.228776,4.3921418400592875,19.198441551723416
2016-05-14,457.211381125503,0.260955,4.997194551910981,19.149665840069698
2016-05-15,459.035486966438,0.279323,5.337921635757557,19.11018647985874
2016-05-16,454.307554443586,0.23835,4.55061465831406,19.09214969776727
2016-05-17,453.878569814523,0.236056,4.357554272879551,18.45985837200372
2016-05-18,454.270102180864,0.266545,4.908257036126172,18.41434935887153
2016-05-19,436.802327518175,0.278341,5.108425463319344,18.353144915972067
2016-05-20,443.088845926099,0.300314,5.482242967834891,18.25501798126234
2016-05-21,442.903915462276,0.353849,6.44800349614861,18.222464480893102
2016-05-22,439.123732838208,0.372618,6.771504915526741,18.17276754077467
2016-05-23,444.820945595316,0.339064,6.143516852933952,18.119042207575117
2016-05-24,446.002439033782,0.284395,5.138868558171586,18.069488876704334
2016-05-25,450.335761292191,0.270305,4.86774503337573,18.008364593663366
2016-05-26,454.446938700044,0.285557,4.947421354796626,17.32552596209422
2016-05-27,473.006215289606,0.257422,4.429709499049247,17.20797244904719
2016-05-28,529.204806909753,0.331912,5.672429559649203,17.090160872318535
2016-05-29,529.794983907387,0.349704,5.930973026258394,16.959992114916233
2016-05-30,534.726188133237,0.37927,6.397580732321884,16.8681566376887
2016-05-31,532.907244760593,0.418956,7.033430559147785,16.78798919113047
2016-06-01,538.010616405787,0.440722,7.316507754048934,16.60118553160977
2016-06-02,540.283505965386,0.462695,7.6220758912007,16.47321496212776
2016-06-03,571.306844649098,0.488444,7.9897982162804855,16.357669589037474
2016-06-04,573.74397671677,0.501139,8.160856626685991,16.28460198295334
2016-06-05,575.288562350975,0.482804,7.821727802407302,16.20063188671298
2016-06-06,586.94413965057,0.427342,6.888018171802911,16.118267914073122
2016-06-07,579.121002942565,0.410844,6.599368688365763,16.06294242934867
2016-06-08,584.514475744474,0.417696,6.676352269168246,15.983777900386967
2016-06-09,577.045276838712,0.377485,5.691267374993794,15.07681635923469
2016-06-10,580.638412764129,0.418004,5.928046951003943,14.181783613546523
2016-06-11,613.77686913751,0.536482,7.134079138441695,13.297883243003627
2016-06-12,673.871106076321,0.539022,7.003264053642088,12.992540877057133
2016-06-13,707.761042071353,0.53211,6.80724563044242,12.792931055877421
2016-06-14,688.056748358146,0.681668,8.665094953350035,12.711598074638015
2016-06-15,699.275437036298,0.705639,8.899632928414874,12.612167501897666
2016-06-16,771.025805227497,0.717803,8.896902967491709,12.394622418709332
2016-06-17,751.519419564071,0.85897,10.562326620112678,12.296502374441605
2016-06-18,759.344236504463,1.059922,13.016566514636729,12.280684744117366
2016-06-19,768.549085328704,1.101466,13.470099713947201,12.229249000737822
2016-06-20,734.840009262532,0.885709,10.757976932239433,12.146175550726026
2016-06-21,667.229463239073,0.898381,10.86483201203256,12.093790404898835
2016-06-22,603.134426655105,0.853255,10.313198966558852,12.08689601052268
2016-06-23,627.405817963262,0.763543,9.214461908503926,12.06803213403386
2016-06-24,666.802056383051,0.726407,8.708858416320702,11.988954384974052
2016-06-25,666.268821500682,0.81869,9.762727122133159,11.924810911909912
2016-06-26,629.46341012981,0.84135,10.018812381026573,11.90801537153006
2016-06-27,659.306372909078,0.729534,8.665938133434834,11.878730585749834
2016-06-28,648.037586152984,0.684777,8.039899483811029,11.740910180813065
2016-06-29,640.454858118372,0.594765,6.979445956683782,11.734800543694448
2016-06-30,674.545807197194,0.599084,6.892434735074369,11.504963497768854
2016-07-01,677.276994409772,0.610234,6.985746631481462,11.447651708812696
2016-07-02,706.694934016283,0.751076,8.587495542740491,11.433592897202173
2016-07-03,660.34572759946,0.750441,8.543255139137228,11.384313764650885
2016-07-04,683.590611445,0.665475,7.563586169531273,11.365694814864929
2016-07-05,670.05685748269,0.646218,7.295802041013196,11.290008340535303
2016-07-06,678.701371424282,0.626427,7.044055258890796,11.244813644934412
2016-07-07,641.496909806968,0.554381,6.246464889202835,11.267466984663292
2016-07-08,667.585837578386,0.526562,5.901143166554561,11.206934006182768
2016-07-09,650.578302686274,0.680228,7.5483294072988345,11.096770286614044
2016-07-10,649.403637069173,0.717313,7.937003322744196,11.064909684139474
2016-07-11,648.947806674565,0.611733,6.805359798962415,11.12472513228713
2016-07-12,666.554596314427,0.599263,6.660069461505393,11.113771873159738
2016-07-13,654.147953738031,0.597475,6.619194014688226,11.078603769001596
2016-07-14,660.167866986203,0.593134,6.557225287078057,11.055216699650677
2016-07-15,665.313761815855,0.519274,5.707908329359851,10.99208443524982
2016-07-16,665.451094307256,0.608205,6.6726043592258355,10.970973046567462
2016-07-17,682.437225930828,0.615907,6.724466155554913,10.917995431503497
2016-07-18,674.612326735961,0.521393,5.679443880207172,10.8928238973839
2016-07-19,674.883183089905,0.579999,6.302210850946638,10.86590875740714
2016-07-20,665.972033770209,0.557611,6.032074434285794,10.817702148748184
2016-07-21,665.255577870341,0.60662,6.5170196377041405,10.743161696738488
2016-07-22,649.660224567331,0.587542,6.299825751202009,10.722344810034459
2016-07-23,655.797205201165,0.651259,6.978146992446556,10.714853389202801
2016-07-24,662.206379698885,0.634041,6.777694113052359,10.689684121330751
2016-07-25,654.956981759508,0.559362,5.963493468143172,10.661250538530663
2016-07-26,652.007765212131,0.506595,5.399230248936245,10.657885421949565
2016-07-27,656.019968234682,0.532235,5.6383635423050515,10.59374912345726
2016-07-28,654.993906932732,0.552423,5.774884661697118,10.453729190438994
2016-07-29,658.479712137771,0.559309,5.843300793079822,10.447360733377321
2016-07-30,656.431079437973,0.625663,6.510882075621548,10.406378377501435
2016-07-31,625.7790353042,0.56564,5.866434067858541,10.371319313222875
2016-08-01,608.371103560219,0.514036,5.317674131339573,10.34494453073599
2016-08-02,538.0597068668,0.484918,5.010977588828237,10.333664894385707
2016-08-03,569.860726983348,0.638904,6.546152362946576,10.245909434554576
2016-08-04,579.694821025332,0.624367,6.362309645596524,10.190021997772504
2016-08-05,577.29052569335,0.71921,7.305247718627294,10.157320015556289
2016-08-06,590.912993521719,0.789409,7.997265400041886,10.130700748055137
2016-08-07,595.713200449668,0.779705,7.887620614726152,10.116156880073785
2016-08-08,595.920804676835,0.764737,8.069192273292403,10.55159483149906
2016-08-09,591.508304304024,0.604789,6.465476761526762,10.69046380955937
2016-08-10,594.701908803147,0.566852,6.061217128552368,10.692774854711883
2016-08-11,590.774608379686,0.489793,5.227845096783501,10.673587636374304
2016-08-12,590.33942806017,0.526245,5.582877927736137,10.608899739283817
2016-08-13,588.661606944657,0.572665,6.035429218435247,10.539194123769343
2016-08-14,574.882072411682,0.56613,5.951390921681394,10.512402903841307
2016-08-15,569.39291776957,0.5066,5.314779343026103,10.491083514875989
2016-08-16,576.892528929865,0.44734,4.683472848493025,10.469611882113387
2016-08-17,576.595463960072,0.414323,4.308199196396484,10.398177990683175
2016-08-18,575.763472958278,0.438372,4.557583941769557,10.396622225337087
2016-08-19,577.279232853404,0.436359,4.527133056507651,10.374790123905477
2016-08-20,581.818771017628,0.533827,5.469269088771036,10.245401785055922
2016-08-21,581.873576733252,0.548961,5.59951468439467,10.200198356744812
2016-08-22,588.554394168369,0.472597,4.8178851340432844,10.194481267862344
2016-08-23,583.905773808649,0.459064,4.702599252280915,10.24388543667355
2016-08-24,580.374414522237,0.430688,4.421074345781842,10.2651347471918
2016-08-25,577.259006662628,0.488894,4.955450452529909,10.136047436656844
2016-08-26,579.398944935556,0.504589,5.112982563784776,10.132956091808468
2016-08-27,571.931545635756,0.527538,5.328776115302571,10.101211739950417
2016-08-28,572.687674818014,0.547791,5.51711814365697,10.071571126607862
2016-08-29,574.498149763457,0.471205,4.70528128327697,9.985632516731863
2016-08-30,578.200143020004,0.473855,4.728824813378922,9.979472899398178
2016-08-31,574.318969779525,0.532162,5.290530023147295,9.94158655141842
2016-09-01,573.00088868751,0.527001,5.234768241054302,9.933121877334514
2016-09-02,574.769932933179,0.579409,5.7585942709808435,9.938736129538109
2016-09-03,598.96836075936,0.631522,6.259697548975218,9.91208593920893
2016-09-04,607.71772719952,0.641781,6.323723262336441,9.853395771997166
2016-09-05,606.47394118831,0.589841,5.758073919785076,9.7620710002724
2016-09-06,611.527351989822,0.509028,4.954032349785556,9.732329514657575
2016-09-07,616.76328534117,0.490307,4.769395427127634,9.727355749287835
2016-09-08,626.164807320783,0.475854,4.615807249269137,9.70005211018712
2016-09-09,625.026072426539,0.494825,4.790405315813965,9.681008293713347
2016-09-10,626.068592722537,0.58746,5.670858883081136,9.653190426206013
2016-09-11,609.660811855907,0.585465,5.636236648521727,9.626933690091878
2016-09-12,608.58968622661,0.518932,4.990849183984025,9.617539482963554
2016-09-13,609.745098149406,0.491808,4.721101091479977,9.599487499096544
2016-09-14,611.956582306933,0.504751,4.801870722046828,9.513354066588727
2016-09-15,610.37620402589,0.480262,4.558506404934612,9.491705145750847
2016-09-16,609.539310300801,0.469678,4.445560977958082,9.46512587269046
2016-09-17,608.649229379996,0.526941,4.965507019094005,9.423267462583867
2016-09-18,612.670291280422,0.526258,4.926482878271571,9.361336834212358
2016-09-19,609.395233706885,0.43853,4.053117629141464,9.242507427637346
2016-09-20,605.330172532735,0.449998,4.145582834619804,9.212442409157036
2016-09-21,598.865017021438,0.466512,4.290674460749218,9.197357033813296
2016-09-22,597.048942634039,0.504689,4.623662653648201,9.161411170199118
2016-09-23,605.149042771298,0.475771,4.35450699380765,9.152529684998786
2016-09-24,602.948519866297,0.578238,5.278852029618549,9.129203272361444
2016-09-25,601.573271604124,0.594217,5.40431643070926,9.09484612522639
2016-09-26,608.787523228681,0.488491,4.43275172431508,9.074372983704228
2016-09-27,608.056489801026,0.451235,4.08724535760928,9.057906469709412
2016-09-28,605.518103754187,0.462837,4.175566871718705,9.021671399909161
2016-09-29,606.028504859802,0.463243,4.1765160108866075,9.015811521981284
2016-09-30,610.985874902402,0.49397,4.460471131923646,9.029835980620954
2016-10-01,614.846748624164,0.567286,5.118256978731785,9.022364169430784
2016-10-02,611.304737249224,0.602843,5.433725042262978,9.01349473602678
2016-10-03,612.725619882474,0.523977,4.7002405646930585,8.970324807099377
2016-10-04,611.135520400589,0.506548,4.523749443499337,8.930553027263791
2016-10-05,613.182103821486,0.533206,4.736176968072411,8.882444544020345
2016-10-06,612.549507562413,0.548577,4.908747080233119,8.94814801169364
2016-10-07,618.89015358491,0.577288,5.14292729794944,8.908773561346685
2016-10-08,620.320604939978,0.634035,5.6232476170602235,8.86898465457504
2016-10-09,616.503070835281,0.651574,5.7583184187114735,8.83754667323509
2016-10-10,618.022613093339,0.596353,5.267321651100045,8.832557558778834
2016-10-11,641.04722616792,0.475564,4.156879265035188,8.740953466349673
2016-10-12,637.534491785099,0.524787,4.5760305757131166,8.719792318411242
2016-10-13,638.121658875373,0.539483,4.730558180312591,8.76869023563691
2016-10-14,641.737668553752,0.62058,5.43027174880255,8.750322014824382
2016-10-15,640.777218739109,0.632433,5.529953491355654,8.74393157124727
2016-10-16,642.6759392034,0.675514,5.8925851722508895,8.723117774616076
2016-10-17,642.245599078263,0.593083,5.101309507841569,8.60133717185253
2016-10-18,641.132475651315,0.588226,5.051625251669223,8.58790011380149
2016-10-19,633.038878409848,0.630066,5.401789757149764,8.573374015496183
2016-10-20,631.848942999544,0.566695,4.865292302195382,8.585383037924935
2016-10-21,635.786306639525,0.62704,5.337792417868894,8.512677186860818
2016-10-22,661.188352086205,0.724517,6.157395506494735,8.498618516583115
2016-10-23,657.160386931093,0.75017,6.361889460456918,8.4806004532547
2016-10-24,656.870713032573,0.62495,5.271511332500222,8.435087866853722
2016-10-25,661.075779150039,0.614528,5.208237564540827,8.475186367240596
2016-10-26,680.137652032721,0.622083,5.257931250161727,8.452132806603894
2016-10-27,691.789586715254,0.563986,4.736085755212722,8.397520593392803
2016-10-28,695.947652505383,0.684846,5.74107473496032,8.3830133997323
2016-10-29,723.162917566689,0.756033,6.405199162093116,8.472121136006171
2016-10-30,706.850470961825,0.839107,7.154807421169303,8.52669320314948
2016-10-31,708.047417171229,0.744182,6.384106446529366,8.578685925856623
2016-11-01,737.464326851529,0.766587,6.55946841681193,8.55672226458613
2016-11-02,748.477566122293,0.800297,6.962273533292367,8.69961038529424
2016-11-03,692.660993217848,0.68693,6.053371010853758,8.81221147231985
2016-11-04,709.167770678417,0.687446,6.120069868029393,8.902616804452451
2016-11-05,709.248482992329,0.772488,6.878303809985993,8.904097192815897
2016-11-06,716.697387741449,0.772481,6.890958231885565,8.920556388671805
2016-11-07,711.01338272107,0.63924,5.703872856728125,8.922890968778502
2016-11-08,713.03437624519,0.592368,5.238477678742948,8.843287432600304
2016-11-09,727.824091950038,0.597913,5.295896270963347,8.857309152439143
2016-11-10,720.173197273519,0.662991,5.87665622213167,8.863852666168242
2016-11-11,722.393772658342,0.673831,5.959327593543325,8.8439458089313
2016-11-12,711.323704518075,0.739931,6.542205533261852,8.841647386166038
2016-11-13,706.647729631174,0.719066,6.334623758694074,8.809519698667149
2016-11-14,710.052193843583,0.624561,5.495494419078946,8.79897710733169
2016-11-15,713.038671052377,0.593017,5.21351891886013,8.791511316489801
2016-11-16,746.65939670417,0.510876,4.48036179054261,8.769960648864677
2016-11-17,743.855094075401,0.584987,5.11345009681691,8.741129986212842
2016-11-18,754.527096255521,0.712874,6.188852980761198,8.68155654763584
2016-11-19,758.961094678218,0.828917,7.133090039297395,8.605310744953197
2016-11-20,735.148016434057,0.833564,7.150368350613938,8.578069241987636
2016-11-21,745.94935768664,0.743845,6.377099891309273,8.573154118514408
2016-11-22,757.151447445888,0.711964,6.092146033875093,8.556814697747821
2016-11-23,751.190594672342,0.67391,5.754372699232677,8.538784196048715
2016-11-24,747.915764303143,0.730553,6.052842219338144,8.285286749913448
2016-11-25,746.90603393757,0.782931,6.482054743962844,8.279220253286523
2016-11-26,745.019208106223,0.872353,7.2594392562922625,8.321675600330618
2016-11-27,738.988601598347,0.893349,7.3513958334642515,8.229030509568192
2016-11-28,744.629847289657,0.7869,6.451673429752971,8.198852621826997
2016-11-29,745.243065517409,0.764518,6.251192227360284,8.176644465011298
2016-11-30,753.054853754161,0.717645,6.278009922356729,8.748070715169936
2016-12-01,764.264902334344,0.705205,6.152825405624477,8.724880688099109
2016-12-02,795.753721754165,0.669705,5.824388864321648,8.69694446841659
2016-12-03,794.709983465583,0.898218,7.2859744354762235,8.111589972425634
2016-12-04,799.68954058244,1.113668,9.029287592859136,8.107703684614338
2016-12-05,783.060914355864,0.963061,7.791157334039342,8.08999134803989
2016-12-06,785.569205440112,0.886296,7.162247256194723,8.081097150780247
2016-12-07,784.460794707778,0.897601,7.181746189513668,8.001041683183432
2016-12-08,781.177929200729,0.937852,7.528969083202879,8.02788667441001
2016-12-09,781.830379339286,0.90528,7.382635662160077,8.155088906795557
2016-12-10,781.811848296173,0.80099,6.498884380424464,8.113565104291515
2016-12-11,778.314503623634,0.858133,6.96505348020203,8.116517553002184
2016-12-12,788.879108724394,0.741017,6.0046587233225335,8.10326266353535
2016-12-13,789.411695803975,0.731034,5.92329344825725,8.102628756424009
2016-12-14,782.178057190906,0.72632,5.869905356750416,8.081707635181933
2016-12-15,783.71138834582,0.681604,5.5077612764111255,8.080589842373431
2016-12-16,787.783103080444,0.705756,5.67330763870775,8.0386200787093
2016-12-17,794.260288351619,0.811703,6.5083196929243545,8.018105228696811
2016-12-18,794.821909238375,0.861321,6.953417024864545,8.072969509707255
2016-12-19,798.775046216939,0.743699,5.975610150706809,8.034989400483692
2016-12-20,807.703065750462,0.72513,5.822534056701427,8.029639469182355
2016-12-21,837.175475667133,0.75576,6.008105620956771,7.949748214377765
2016-12-22,873.345104765382,0.801548,6.322470538789828,7.88782904759763
2016-12-23,922.762991532235,0.845886,6.575935161592983,7.774018990011412
2016-12-24,904.256526024078,1.062535,8.250077193705792,7.764525598352926
2016-12-25,907.039258948658,1.105199,8.56151202259744,7.7465807327572636
2016-12-26,911.407359641075,1.057911,8.197696551783798,7.748945393076514
2016-12-27,939.431141767927,0.971778,7.52112640658883,7.7395532243751015
2016-12-28,988.3665324128,0.954622,7.35125511926822,7.700699086697962
2016-12-29,985.540345161665,1.042981,7.983813110681595,7.654799372714334
2016-12-30,969.782721299634,1.018861,7.7434656941629845,7.600118554351991
2016-12-31,979.607750372603,1.227555,9.312476140113702,7.586196303014463
2017-01-01,1013.21384921929,1.273378,9.62767830149204,7.560737365643761
2017-01-02,1023.85232811152,1.200184,8.995536074265173,7.495131486926429
2017-01-03,1038.26028751157,1.129264,8.417608401581102,7.454063609929576
2017-01-04,1155.2720819306,1.139119,8.380876194498965,7.357334681322757
2017-01-05,1011.02798930221,1.245933,8.973738800222286,7.202425504258194
2017-01-06,906.31450299029,1.429269,10.28133883998589,7.1934252161510415
2017-01-07,914.193525771002,1.765263,12.634995796451884,7.157571497484493
2017-01-08,917.158351651756,1.794451,12.801352029645384,7.133855138832432
2017-01-09,900.981341091599,1.631273,11.639003875339707,7.134920982868254
2017-01-10,912.850172225818,1.535635,10.943507113344046,7.126373317211928
2017-01-11,780.254009831306,1.322803,9.495325584610125,7.178184407063911
2017-01-12,804.679597778121,1.239794,8.89235452304861,7.172446657012698
2017-01-13,828.50862052464,1.097312,7.836971451627769,7.141972719337368
2017-01-14,818.517237527623,1.21437,8.636078938119454,7.11156942327948
2017-01-15,824.279517029255,1.183323,8.416379288818982,7.112496793870016
2017-01-16,836.698138636585,1.100907,7.816610775626081,7.100157805178498
2017-01-17,913.124531154945,1.030908,7.306991571549244,7.087917631792192
2017-01-18,890.860809503911,0.94787,6.715045078861552,7.0843559084179635
2017-01-19,898.659032180757,0.947695,6.720169570234376,7.09107144246572
2017-01-20,897.895266121281,0.855854,6.075414617326801,7.098659927872541
2017-01-21,924.08353608402,1.01455,7.169640806815908,7.066819186784224
2017-01-22,929.817599105844,0.958193,6.935473729658612,7.238079263960057
2017-01-23,922.004801033921,0.934042,6.746263204439806,7.2226558890819925
2017-01-24,895.166315337296,0.907391,6.556102422363149,7.22521989523565
2017-01-25,900.753779668424,0.902031,6.498779432581122,7.204607714606534
2017-01-26,919.991268162472,0.982651,7.088813639926672,7.213965205621686
2017-01-27,919.732513920359,1.053735,7.603464147160807,7.215724278714423
2017-01-28,922.672847066825,1.085603,7.825476336680551,7.208415596690706
2017-01-29,920.650590201946,1.016574,7.30190371631083,7.182852390405264
2017-01-30,925.399284441806,0.975904,7.009004648713923,7.18206118767909
2017-01-31,970.960729921524,0.87732,6.320001801818977,7.203758143998747
2017-02-01,992.380179608016,0.779338,5.624191181871414,7.216627145821972
2017-02-02,1019.62358703291,0.860231,6.184960015174067,7.189884975399435
2017-02-03,1034.23717115703,0.882402,6.316283603763693,7.158054166700027
2017-02-04,1041.74221172858,1.03394,7.3961869343861695,7.153403432126656
2017-02-05,1028.1767028784,1.080104,7.702162527125572,7.130945347119876
2017-02-06,1040.45301700894,1.046276,7.444645893706066,7.11537665672245
2017-02-07,1064.44676517649,1.095065,7.74946834561035,7.07672110400272
2017-02-08,1076.09578084716,1.079979,7.632441067851424,7.067209625956379
2017-02-09,1001.18475072918,1.02525,7.176179306618359,6.999444416829892
2017-02-10,994.979437848975,1.140163,7.984224418048812,7.002702549625056
2017-02-11,1008.34756670658,1.367006,9.570557157006425,7.001106817944306
2017-02-12,1000.69377412204,1.37749,9.62111880588336,6.984526542497954
2017-02-13,1005.77658861862,1.219231,8.486275494935422,6.96035079518075
2017-02-14,1016.43602231838,1.230001,8.590967151792126,6.984520740671663
2017-02-15,1020.57390896272,1.212638,8.487103150975207,6.9988774774413764
2017-02-16,1041.96799517828,1.025647,7.214800955644787,7.034392129020934
2017-02-17,1063.62788623541,0.952837,6.681328168024495,7.0120370791817805
2017-02-18,1066.51974418076,1.105803,7.76043616019954,7.017919560456411
2017-02-19,1063.67391683137,1.159051,8.087649097256751,6.977820229798361
2017-02-20,1087.45762760284,1.048024,7.305987421673628,6.971201505470559
2017-02-21,1137.80248069337,0.96465,6.757708402109818,7.005347062039987
2017-02-22,1135.8401989077,1.013606,7.071333150611076,6.97641150817156
2017-02-23,1187.82584838419,1.06564,7.454545262236764,6.995371143508401
2017-02-24,1195.54894490169,1.119118,7.759182490849138,6.933298977680113
2017-02-25,1162.4333391915,1.42234,9.850990227444974,6.925903745622687
2017-02-26,1189.5174993802,1.440443,9.967298977298228,6.919607392105075
2017-02-27,1197.71474931719,1.285393,8.900111053716989,6.924036773074513
2017-02-28,1212.81756948398,1.327642,9.193376029181579,6.924592032528367
2017-03-01,1240.21423986091,1.25724,8.96305237434579,7.129147138448637
2017-03-02,1268.74542419334,1.198877,8.445859859220676,7.044808965402705
2017-03-03,1293.40687325759,1.256432,8.774900608579227,6.983983060230421
2017-03-04,1275.44574109497,1.487532,10.368749002344137,6.9704398146376585
2017-03-05,1288.14064138915,1.550048,10.795152587086179,6.964400509612854
2017-03-06,1284.57103158368,1.394811,9.710905641077257,6.96216731433902
2017-03-07,1237.65886373534,1.457858,10.15075421382941,6.962784307496513
2017-03-08,1167.01866916393,1.497435,10.485326930415328,7.002191072647991
2017-03-09,1196.96688415131,1.407305,9.709886458296813,6.8996317249199794
2017-03-10,1134.86485758073,1.274387,8.6884780343816,6.817770799274847
2017-03-11,1186.96560011316,1.392702,9.501085271784042,6.822052061533513
2017-03-12,1235.01107622606,1.469334,10.019632354480212,6.819165765525705
2017-03-13,1248.25923268351,1.344729,8.813380009464368,6.554017324218182
2017-03-14,1250.70579881126,1.342427,8.816937388856628,6.567908748261238
2017-03-15,1272.40145483818,1.309392,8.6066229989609,6.572989475052148
2017-03-16,1183.77515537426,1.301817,8.536387631930824,6.557285640091898
2017-03-17,1084.7152136928,1.342334,8.772481979031829,6.5352474733561285
2017-03-18,967.147049527469,1.506626,9.951315112135832,6.60503138081458
2017-03-19,1036.92529466842,1.641774,10.84562529380985,6.606040030431756
2017-03-20,1055.49762643586,1.468513,9.718363041283155,6.617824116359174
2017-03-21,1126.50035693671,1.540691,10.194076020517995,6.616561617157446
2017-03-22,1052.53799357863,1.500252,9.973611484497866,6.647956009740136
2017-03-23,1040.13112077885,1.54855,10.298457002485733,6.650388118198696
2017-03-24,936.72159645051,1.426958,9.484690157611691,6.646788618728293
2017-03-25,977.169130370071,1.478404,9.91811958750955,6.7086656477879565
2017-03-26,977.96153409044,1.620165,10.847168052352437,6.69510192505616
2017-03-27,1049.35660454421,1.389991,9.30716325751458,6.695843916666329
2017-03-28,1051.96081444997,1.349312,9.017861324727116,6.683304640749697
2017-03-29,1045.91184466137,1.310805,8.772448592309226,6.692410619464716
2017-03-30,1037.25818485747,1.292084,8.635186307362948,6.683148198978412
2017-03-31,1083.47659730046,1.265552,8.405478106050442,6.641746659834663
2017-04-01,1090.01235457448,1.342814,8.971725669456017,6.681289310088692
2017-04-02,1110.75788350362,1.414955,9.458458267740802,6.684633231147376
2017-04-03,1157.45482952762,1.274996,8.528611027077817,6.689126930231971
2017-04-04,1153.52638074895,1.187216,8.098406083972527,6.821343473481185
2017-04-05,1145.08470423784,1.15903,7.918338438003346,6.831865969262712
2017-04-06,1196.85506049068,1.231516,8.464791196338195,6.873474684298571
2017-04-07,1202.17640028386,1.123365,7.932088082135334,7.061008050276167
2017-04-08,1193.7750547721,1.281992,9.063384730329902,7.069766237086068
2017-04-09,1214.39502902522,1.278143,9.05587194154541,7.085178343647345
2017-04-10,1217.29369272848,1.145445,8.137460778487618,7.10418982364055
2017-04-11,1231.09406066777,1.095512,7.771781414466208,7.094201408549433
2017-04-12,1221.88730340206,1.085316,7.719928339631245,7.113071401363453
2017-04-13,1186.23890134592,1.071502,7.624408526735242,7.115626617933137
2017-04-14,1198.05137043337,0.971516,6.876254491670938,7.0778572827192905
2017-04-15,1196.82971241956,1.047787,7.464548768690744,7.124109473676495
2017-04-16,1202.54302277521,1.102027,7.876727804358725,7.147490781729823
2017-04-17,1218.01130610039,0.956697,6.843962807293314,7.153742932860928
2017-04-18,1231.40438767659,1.030464,7.371405142315214,7.153481700213473
2017-04-19,1229.14748781259,1.08566,7.768786109808609,7.155818932998701
2017-04-20,1262.59875165331,1.106823,7.9412220011885495,7.174788300415677
2017-04-21,1274.95695682404,1.125984,8.109675252464836,7.20230236371708
2017-04-22,1280.56473631266,1.230495,8.673931631624628,7.0491392256213645
2017-04-23,1277.70632683967,1.293327,9.11713686854566,7.049367509659389
2017-04-24,1278.04390920856,1.073253,7.53168259268581,7.0176181043671795
2017-04-25,1293.87026338172,1.014775,7.106115468030877,7.002652429156075
2017-04-26,1313.10147567932,1.066843,7.464791700876672,6.997087505270213
2017-04-27,1351.59435335139,1.072095,7.540902870886944,7.033800761548938
2017-04-28,1342.29695620197,1.173442,8.203779983187916,6.9912098524119015
2017-04-29,1357.44893479096,1.262153,8.835587143814275,7.000410103625293
2017-04-30,1376.39584479716,1.350744,9.446419767236454,6.993495765224917
2017-05-01,1454.40958856649,1.274662,8.850302337528555,6.943253067974432
2017-05-02,1490.89207221018,1.370891,9.46698766277831,6.905717297480496
2017-05-03,1531.4406900674,1.422163,9.789184749702839,6.8833095365662995
2017-05-04,1579.14421728683,1.374654,9.437383166699819,6.865280172055953
2017-05-05,1539.56928151818,1.664207,11.332768771270484,6.809709813882239
2017-05-06,1597.02280531653,1.83698,12.485656239787557,6.796838727135658
2017-05-07,1620.50216128326,1.922337,13.066519556818402,6.797205150439763
2017-05-08,1703.21349524832,1.709355,11.497229911655808,6.72606157135471
2017-05-09,1763.37043222481,1.866321,12.432981844161722,6.661761040375985
2017-05-10,1807.33013696985,1.90199,12.610137585980988,6.629970346232502
2017-05-11,1848.1695699784,1.823994,12.009419878097498,6.584133686805036
2017-05-12,1716.62183323545,1.978613,12.91367757058265,6.526632800821821
2017-05-13,1811.17306468336,2.128563,13.849460124490644,6.506482209773035
2017-05-14,1852.35793529878,2.100359,13.715066994003763,6.529869129364425
2017-05-15,1770.42309561994,1.895717,12.345246716391578,6.51217813731566
2017-05-16,1778.4160532269,1.892458,12.312787889795402,6.506240195902028
2017-05-17,1883.24759084432,1.745247,11.405406087168911,6.535123508852602
2017-05-18,1955.22267113362,1.813989,11.81279459936179,6.512055356982618
2017-05-19,2026.55097396706,1.681157,10.862598651637075,6.461382449008476
2017-05-20,2105.54370798035,1.969534,12.617700084115297,6.406438435379492
2017-05-21,2031.5736982239,2.073721,13.170426300180903,6.351107298760383
2017-05-22,2109.91360765748,1.824034,11.28290321487341,6.1856855160002215
2017-05-23,2259.54223956731,2.106783,12.807224064430478,6.079042612779906
2017-05-24,2491.18130563493,2.41671,14.4287145702193,5.970394850935738
2017-05-25,2338.57803117939,2.633398,15.193211008446582,5.769432453797068
2017-05-26,2268.50789274678,3.126523,17.829996948110324,5.702820265519709
2017-05-27,2054.56892327937,3.464053,19.78900116910454,5.712673107059264
2017-05-28,2126.80831932951,3.622969,20.615889901762092,5.690330476559896
2017-05-29,2291.47153261674,3.244294,18.418383070224415,5.677162127634543
2017-05-30,2204.13818562927,2.849716,16.1355966212631,5.662176842114001
2017-05-31,2301.5618388431,2.708637,15.209872794370325,5.615323505068818
2017-06-01,2413.299841934,2.509673,13.886648220787471,5.533249962207112
2017-06-02,2497.00426429095,2.482704,13.669863120799189,5.506037387565915
2017-06-03,2606.51103480382,2.520807,13.772022865886166,5.463337860610487
2017-06-04,2592.45400253533,2.679621,14.544944905548668,5.427986325736653
2017-06-05,2743.54448494041,2.561756,13.82124840276465,5.395224374655741
2017-06-06,2914.19923254268,2.524775,13.482751349897237,5.340180177084114
2017-06-07,2713.25297162474,2.604485,13.831697168714577,5.310722426080647
2017-06-08,2834.28700754268,2.700729,14.256623192199651,5.278806464610309
2017-06-09,2843.51513462926,2.807328,14.663369241438552,5.2232469347383
2017-06-10,2897.39208087663,2.895639,15.246221138308675,5.265234633304119
2017-06-11,2976.89313994215,2.99823,15.820877645279662,5.276738358928676
2017-06-12,2704.05133772975,2.912604,15.202497049547379,5.219554341993133
2017-06-13,2747.34132829811,2.904406,15.074464832009483,5.190204987381559
2017-06-14,2533.83243402412,3.023002,15.562621661689901,5.148068460620222
2017-06-15,2491.81216298179,3.055508,15.840235758483406,5.1841576099911775
2017-06-16,2540.31878106786,3.180371,16.752340907301427,5.26741731096498
2017-06-17,2721.43959710109,3.123065,16.911501122555578,5.41503326254524
2017-06-18,2597.48160725646,3.07031,16.330553298218142,5.318862091684435
2017-06-19,2675.54927150037,2.7977,14.786524679534574,5.285243234357164
2017-06-20,2805.96527436563,2.619878,13.838699733648319,5.2821927410083545
2017-06-21,2779.3654607682,2.505125,13.320340461908765,5.317235357561041
2017-06-22,2809.84703203717,2.577595,13.778856322836015,5.345625197095686
2017-06-23,2822.68125961699,2.72022,14.496671355263283,5.329226926460111
2017-06-24,2598.93952672383,2.833208,15.153304705747162,5.34846188307725
2017-06-25,2528.14503538918,2.639709,14.085509461536915,5.336008486478911
2017-06-26,2449.0049876546,2.293885,12.279283408801186,5.353050399110046
2017-06-27,2585.46425573505,2.260208,12.114555442437377,5.359930455424975
2017-06-28,2595.71359728938,2.258516,12.03467854851013,5.328576943783981
2017-06-29,2559.97647572381,2.264346,12.047594640757524,5.320563726141001
2017-06-30,2518.23549527109,2.194101,11.551357775049288,5.26473486394997
2017-07-01,2464.51055077339,2.540431,13.337767316012634,5.250198917423531
2017-07-02,2520.79647059779,2.635875,13.826182564674012,5.24538640378237
2017-07-03,2576.86150628639,2.420746,12.632431511365807,5.218404535229078
2017-07-04,2626.59456097794,2.326194,12.13228649543203,5.215509389802066
2017-07-05,2623.72546426339,2.221859,11.611281761112297,5.225931515110107
2017-07-06,2619.95003205259,2.298075,11.972389127093594,5.209746076605027
2017-07-07,2530.87125036328,2.158661,11.180846896540615,5.179528874019293
2017-07-08,2577.43516892076,2.409523,12.48797467526556,5.182758593196668
2017-07-09,2527.44633307094,2.358755,12.27189420709116,5.20270020786447
2017-07-10,2384.87127171513,2.361727,12.371877111642098,5.238487377361444
2017-07-11,2345.09262405348,2.455778,12.933778356478207,5.266672937958748
2017-07-12,2420.26421423014,2.366214,12.483577156604886,5.2757593149038975
2017-07-13,2370.62684578395,2.507783,13.187115919061874,5.258476144781678
2017-07-14,2243.50207140457,2.23163,11.750390423577622,5.265383585098288
2017-07-15,1988.91494916799,2.295067,12.147621120173662,5.292926853462729
2017-07-16,1929.45720712284,2.069346,10.982449082711762,5.307207125545688
2017-07-17,2254.69562246209,1.85847,9.812697717805275,5.279986808510476
2017-07-18,2334.03382260133,1.747264,9.18091447237743,5.254450925465857
2017-07-19,2284.10772181906,1.646805,8.677458098416993,5.269268057371045
2017-07-20,2856.53210632686,1.655431,8.634797195298498,5.2160415178984465
2017-07-21,2653.13757633571,1.871454,9.693477092063416,5.179649927583985
2017-07-22,2813.7291827629,2.197712,11.351250899358146,5.165031415809325
2017-07-23,2742.64418968414,2.257256,11.630228488573504,5.152374539197407
2017-07-24,2760.50558633014,2.133779,11.18575112313759,5.242226930466866
2017-07-25,2571.8101214144,2.051579,10.679182073137053,5.205347824626351
2017-07-26,2537.92971255952,2.1881,11.394796157371909,5.207621429212822
2017-07-27,2664.61732651485,2.175397,11.201069921787127,5.148977278928768
2017-07-28,2802.60397508865,2.238501,11.155409863776047,4.983427523789756
2017-07-29,2718.22761917957,2.94737,14.370486557111105,4.87569810378409
2017-07-30,2756.65108915747,3.227181,15.236309830483744,4.721244274602994
2017-07-31,2883.45786633848,3.903727,17.784579993073862,4.555795016437795
2017-08-01,2739.36539665558,4.606399,20.635471508241505,4.479740482542886
2017-08-02,2711.52904051341,4.44271,21.461708216899122,4.83076939379393
2017-08-03,2790.77178643742,4.820866,22.944040408136214,4.7593196172434595
2017-08-04,2856.54372014359,5.28421,24.386733669448784,4.6150194621821905
2017-08-05,3253.54352574681,5.897826,26.205477717691824,4.443243375513009
2017-08-06,3213.62063299353,5.242257,22.71163940623185,4.3324162537579305
2017-08-07,3393.64869834137,5.190453,21.83248543868699,4.206277379177273
2017-08-08,3438.21137734045,5.704755,22.827404598311624,4.001469948228123
2017-08-09,3357.41602381906,6.213742,24.33844003358548,3.9168732899408125
2017-08-10,3416.80071339533,6.079532,23.648300858454608,3.8898229012008145
2017-08-11,3652.82904066331,5.74869,22.184282290310133,3.8590150139128974
2017-08-12,3905.71170490168,5.611718,21.331425841977094,3.8012287902994024
2017-08-13,4108.68998704601,5.68117,21.294386005587597,3.748239479061683
2017-08-14,4340.9661814715,5.118873,18.86745108904719,3.685860415444159
2017-08-15,4205.2204856222,4.876234,17.794242781795834,3.64917704204567
2017-08-16,4385.92100605985,4.887033,17.64921849919993,3.611438130060983
2017-08-17,4284.51808362253,5.137533,18.23220820767453,3.5488253504541167
2017-08-18,4141.51890750285,5.465692,19.22345470669749,3.5171126779889934
2017-08-19,4179.65149771559,5.577799,19.464901317656523,3.4897099445761417
2017-08-20,4094.26651221418,5.917891,20.351997428222447,3.439062528568411
2017-08-21,3998.63146761992,5.623445,19.302315259395453,3.4324715021929038
2017-08-22,4094.9118855354,5.591739,19.003678146027852,3.3985273171529142
2017-08-23,4154.72042542671,5.167039,17.260533062934673,3.3405078261210965
2017-08-24,4317.55398811949,5.08476,16.9349737357704,3.330535390632449
2017-08-25,4363.85498931733,5.058072,16.68959260196979,3.29959593953613
2017-08-26,4349.96887660506,5.054029,16.57181199056333,3.278930956912662
2017-08-27,4355.76728977718,4.857603,15.836866785984858,3.2602222528401152
2017-08-28,4391.71874691155,4.436693,14.356906203606886,3.2359475524177066
2017-08-29,4566.01414603408,4.296384,13.662873269495822,3.1800863478140844
2017-08-30,4546.63029745443,4.482742,14.075211036884994,3.1398663918375465
2017-08-31,4699.49622909928,4.555944,14.11429814599515,3.0979965823300186
2017-09-01,4901.28507371056,4.969558,15.225460552347771,3.0637456790353244
2017-09-02,4602.2221279442,5.630216,17.092623039161918,3.035873582142257
2017-09-03,4645.84832449062,5.74221,17.323953783789168,3.0169490732922997
2017-09-04,4285.32075159234,5.150211,15.421234892966929,2.9942916468198857
2017-09-05,4422.63294703185,5.233991,15.580022660766305,2.9767002343956865
2017-09-06,4591.48563278169,5.406669,16.02096595912915,2.9631858869999967
2017-09-07,4596.43876153672,5.350258,15.6564877688001,2.92630521333582
2017-09-08,4364.61856609267,5.728195,16.709072235353727,2.9169873672887237
2017-09-09,4326.32675432425,5.853774,17.00996528536741,2.9058119939189346
2017-09-10,4230.42779422667,5.753046,16.649943961537453,2.89410940342845
2017-09-11,4179.08538409761,4.998301,14.443857278489272,2.889753296553899
2017-09-12,4137.80636827786,4.789252,13.798029251102157,2.8810402697450272
2017-09-13,3862.51305775878,4.244295,12.29153821134463,2.896013781356338
2017-09-14,3210.2975753142,3.72642,10.851181151073447,2.9119590620714044
2017-09-15,3716.28897268073,3.677273,10.710844314254341,2.912713865665702
2017-09-16,3682.03845956004,4.508689,13.087541042716227,2.902737361281638
2017-09-17,3654.02732476075,4.557987,13.229757003659252,2.9025437246216472
2017-09-18,4069.72176538011,4.085661,11.824246545512041,2.894083883695278
2017-09-19,3877.91032768945,3.93796,11.368197639937362,2.8868244058707075
2017-09-20,3862.33604256487,3.995712,11.498298558160137,2.8776591773713505
2017-09-21,3614.256509691,3.761746,10.817195701724502,2.875578821999845
2017-09-22,3614.20245493457,3.270684,9.386515964860687,2.8698942080083274
2017-09-23,3783.50187611393,3.520109,10.100250417539554,2.8693008312006887
2017-09-24,3668.33741910501,3.396919,9.740157684537783,2.8673506698189093
2017-09-25,3905.3219104819,2.81137,7.991781691847678,2.842664352861166
2017-09-26,3856.52567193794,3.057981,8.674752109921434,2.836758011885334
2017-09-27,4171.93623456426,3.267586,9.231484880396001,2.8251699158887176
2017-09-28,4128.76261131381,3.373673,9.465027103194718,2.8055555401500474
2017-09-29,4129.88890208874,3.868058,10.831421077919234,2.8002220313887882
2017-09-30,4317.80415669803,4.221085,11.685504209143396,2.768364911447971
2017-10-01,4358.04372928243,4.512133,12.46680758894745,2.762951870553736
2017-10-02,4386.54339726068,3.970036,10.880266121821231,2.7405961715489986
2017-10-03,4319.5678414086,3.796141,10.334709101911358,2.722424960049758
2017-10-04,4223.88082475357,3.919351,10.694226330101245,2.728570869962146
2017-10-05,4305.02353199075,3.667103,9.885808927688126,2.695808784820635
2017-10-06,4357.59934637826,3.904729,10.397567856471392,2.6628142240678248
2017-10-07,4400.47892719142,4.012313,10.652523403080632,2.654958334063942
2017-10-08,4580.83036768192,4.110519,10.900984291380706,2.651972981881016
2017-10-09,4764.27538380713,3.69646,9.714819691797402,2.628141325160969
2017-10-10,4778.06326836388,3.856864,10.03438859400787,2.601696047530419
2017-10-11,4815.20126853391,4.47485,11.63941897714378,2.60107452207528
2017-10-12,5475.47001297733,4.206001,10.83377785814028,2.575790502694373
2017-10-13,5656.28951855579,4.314862,10.974141178715824,2.543335230612792
2017-10-14,5824.80067993663,5.398066,13.632825395712693,2.5255016550990077
2017-10-15,5707.32922727491,5.639221,14.15523721864758,2.510140708480083
2017-10-16,5732.35322660574,5.056154,12.569613713335823,2.48600305156417
2017-10-17,5608.42665068248,5.044326,12.455011120192117,2.4691130163327633
2017-10-18,5576.42268303297,5.130745,12.742203101000785,2.483499433228917
2017-10-19,5689.87224744511,5.194885,12.788415899733291,2.461732110264309
2017-10-20,5981.3740854712,4.99275,12.217196316629733,2.4469876103355177
2017-10-21,6033.14066647698,5.276115,12.874336339025758,2.440116562307381
2017-10-22,5999.302650589,5.407562,13.074770703218654,2.417868011731107
2017-10-23,5943.65122104403,4.931262,11.640648719917342,2.360581867842849
2017-10-24,5525.7993709207,6.200323,14.526700699122776,2.34289427355784
2017-10-25,5720.55354771111,7.048182,16.473483780009076,2.3372669860468753
2017-10-26,5883.83673567473,6.984651,16.223269683704952,2.3227030623283125
2017-10-27,5772.01157687137,6.900995,16.179169250123078,2.344469123552526
2017-10-28,5723.17900767833,7.189821,16.788012587219445,2.3349695635005547
2017-10-29,6072.88396560214,6.66759,15.447679969076503,2.316830965176944
2017-10-30,6087.09820176483,5.491174,12.618843074142422,2.2980228798475704
2017-10-31,6447.63054018746,4.747782,10.794448264039076,2.2735771946611676
2017-11-01,6768.95603735447,4.514011,10.134942114917168,2.2452189787421966
2017-11-02,7091.99049794717,4.99386,10.898277424254218,2.1823355219072624
2017-11-03,7197.66108119763,6.117772,13.174026892217427,2.153402851686837
2017-11-04,7389.03716901761,7.339957,15.658695179754694,2.133349652079898
2017-11-05,7416.71291711207,7.838938,16.52517932930718,2.1080890382543824
2017-11-06,7062.26774361836,7.627754,15.949093895028243,2.0909292486868356
2017-11-07,7169.47315081107,7.716833,15.921770561075148,2.0632518543833775
2017-11-08,7475.55819837755,7.658346,15.674578270627705,2.0467314586687984
2017-11-09,7189.23798300573,6.880181,13.847247108510892,2.012628271730546
2017-11-10,6583.42449155565,7.261012,14.420236191363927,1.9859817251514025
2017-11-11,6349.98071708737,8.222863,16.231722054602514,1.9739745145611212
2017-11-12,5884.74759108919,8.346025,15.927118504577594,1.9083477832206055
2017-11-13,6568.28786114009,8.765268,16.228788711651777,1.851488032055577
2017-11-14,6661.65090945777,9.105308,16.82081666267897,1.8473638559486796
2017-11-15,7346.22147932253,8.67425,15.86073615816752,1.8284850041964176
2017-11-16,7849.97978365187,8.935277,16.13424346523876,1.8056791364049518
2017-11-17,7716.35842229273,9.295621,16.434455921613544,1.7679783447898982
2017-11-18,7790.48311951353,11.100985,19.51166278178028,1.7576514783963064
2017-11-19,7998.42300612489,11.02546,19.236932091509956,1.7447736420931281
2017-11-20,8204.45602114418,10.120899,17.419010876876772,1.7210933063900018
2017-11-21,8111.82125716654,10.288356,17.387000788393387,1.6899688850302308
2017-11-22,8236.49247784763,10.957214,18.45139393069936,1.6839493655494107
2017-11-23,8035.37923615236,10.740883,18.003136970117023,1.6761319490023892
2017-11-24,8248.91865575768,10.051726,16.394638502140317,1.6310272619367414
2017-11-25,8785.03413890086,10.871674,17.413649364408805,1.6017450039981953
2017-11-26,9334.25877900866,11.393893,17.985342301180044,1.5785071974314835
2017-11-27,9829.18879614451,11.179781,17.329195547462323,1.5500478857140467
2017-11-28,10215.0699825893,11.027146,16.716886740426233,1.5159757836723344
2017-11-29,9930.88667640021,11.892669,18.176289175683205,1.5283607585546028
2017-11-30,10199.7708899014,13.568056,20.552479603779403,1.514769687865378
2017-12-01,10997.1762523484,14.75452,22.006033888092162,1.491477497179398
2017-12-02,11069.2056397202,15.631457,22.956411994111733,1.4686034844398512
2017-12-03,11339.6938535249,15.665473,22.769460291145915,1.4534805065959557
2017-12-04,11715.3769784574,14.505409,20.71838189181613,1.4283211578232153
2017-12-05,11701.9996243677,13.298184,18.70596186347174,1.406655411578864
2017-12-06,13817.331639603,12.582776,17.3410465463868,1.3781574555287834
2017-12-07,18250.9455034354,13.333028,16.82613967378304,1.261989356619317
2017-12-08,16349.408491038,18.225197,22.015584355247764,1.2079752178018914
2017-12-09,15260.9840035126,22.206322,26.37592943965878,1.1877666798654614
2017-12-10,15242.2475880857,24.256916,28.32684646341348,1.1677843221986368
2017-12-11,16905.1069824994,23.678295,26.89980474695078,1.1360531631416262
2017-12-12,17108.1981757159,26.201967,27.588133786103562,1.0529031726095768
2017-12-13,16463.5264310636,28.524517,29.16173131198888,1.0223391286911867
2017-12-14,16690.1880373137,28.411137,28.58241507630486,1.0060285966879394
2017-12-15,17791.5222939447,27.023563,26.75354841676992,0.9900080932778528
2017-12-16,19538.1283354772,27.575546,26.859526630547084,0.9740342695712978
2017-12-17,19336.2117434397,26.500347,25.23178137432764,0.9521301374599537
2017-12-18,19149.7805363515,27.188503,25.483968674764416,0.9373067451190845
2017-12-19,17681.1017091666,27.267857,25.16968008722599,0.9230531569178225
2017-12-20,16533.4635511081,25.590034,22.82550755817719,0.8919686216637905
2017-12-21,15806.5252063995,27.175856,24.104812784879314,0.8869936606929798
2017-12-22,13833.3808649743,26.444624,23.44636861423787,0.8866214143857688
2017-12-23,14508.0699666203,26.603,23.563336697671634,0.8857398052498807
2017-12-24,13924.4077095052,23.825584,20.990582897350777,0.881010165955789
2017-12-25,13943.5562666221,21.952812,19.3270772066506,0.8803918602155878
2017-12-26,15903.4984156017,20.290827,17.72632657206178,0.8736128830189586
2017-12-27,15596.0380197358,18.25379,15.777115853350235,0.8643199836854941
2017-12-28,14631.4430140706,19.908009,17.396970323597525,0.8738680195180781
2017-12-29,14666.6842689532,19.357508,16.81581370241265,0.8686972756726198
2017-12-30,12865.7701643443,20.205751,17.45752258504245,0.8639878242964592
2017-12-31,14265.3070901087,21.595222,18.869257644787037,0.8737700073696365
2018-01-01,13783.2811914635,22.76714,19.961099887453084,0.8767504122762829
2018-01-02,14956.9816198437,21.08396,18.426193779672975,0.8739437178660618
2018-01-03,15346.3987352107,19.327894,16.878894883817203,0.8732919688469225
2018-01-04,15413.6702183466,18.403437,15.975286119706455,0.8680599089997942
2018-01-05,17334.0676491656,18.892338,16.25914963996942,0.8606213656126369
2018-01-06,17578.8059853878,19.432388,16.55823646916865,0.8520948411782671
2018-01-07,16638.8177100675,19.60164,16.475093531394823,0.8404956340899635
2018-01-08,15433.9962634989,20.673676,17.387534031507712,0.8410470483575448
2018-01-09,14973.0679616193,20.371504,17.084931919215446,0.8386681183444186
2018-01-10,15385.4977867688,20.785875,17.45371837035487,0.8396912546671538
2018-01-11,13894.2311571695,20.037088,17.032519294396703,0.8500496000984464
2018-01-12,14396.6119729224,19.710836,16.811472143920184,0.8529050194554771
2018-01-13,14801.1502814556,19.729061,16.866347993286116,0.8548986470546769
2018-01-14,14223.6560599716,17.261473,14.727376532615025,0.853193615850639
2018-01-15,14121.0373546717,15.852344,13.513948544782098,0.8524889975750521
2018-01-16,11419.5111459582,13.924937,11.90059427388295,0.854624652440147
2018-01-17,11238.0343206104,13.997248,12.047615785654813,0.8607131617211677
2018-01-18,11289.7852821729,13.140133,11.337829833063703,0.8628398261334579
2018-01-19,12036.7418821243,13.087568,11.316911200658105,0.8647069621805756
2018-01-20,13221.16573963,13.431617,11.599722164291984,0.8636132269820231
2018-01-21,12020.3059307867,13.550882,11.728755353300704,0.8655344420395896
2018-01-22,11177.2511504361,12.865099,11.269398057296529,0.8759666489705911
2018-01-23,11176.293322639,11.761881,10.324036177615955,0.8777538256891688
2018-01-24,11747.0504110474,11.414354,10.021651166829125,0.8779867356087002
2018-01-25,11472.3416492151,11.124193,9.770155468355119,0.8782799658624932
2018-01-26,11373.9915508703,10.511554,9.217177647207299,0.8768615614325258
2018-01-27,11672.6553882168,11.83511,10.385288618143473,0.8774982526137792
2018-01-28,11881.8509901958,11.625098,10.13173176013256,0.8715394892271874
2018-01-29,11383.7273013366,10.696859,9.479869797559582,0.8862292652899055
2018-01-30,10237.4441225932,10.617656,9.44735670309377,0.8897779870856501
2018-01-31,10337.7115078461,11.050598,9.863226725949565,0.8925514104820139
2018-02-01,9115.22536026951,10.763784,9.651212250803937,0.8966374789607685
2018-02-02,8894.81764566456,10.236696,9.25397274868457,0.9039999903915283
2018-02-03,9290.8298780611,11.429144,10.46630095498153,0.9157554294300311
2018-02-04,8325.13397036081,11.32888,10.354799626350887,0.9140179832058476
2018-02-05,6913.45283524325,10.202969,9.377855729089905,0.9191300794361538
2018-02-06,7787.48870540742,9.693954,8.946580531330955,0.922903145290137
2018-02-07,7658.28414064893,9.794925,9.080866263881457,0.9270991083613633
2018-02-08,8333.50105242744,9.387495,8.732153701861412,0.9301899680699472
2018-02-09,8791.51402943372,8.445456,7.906727803115814,0.936210904443618
2018-02-10,8707.29408381043,8.94865,8.381791612070096,0.9366543422164534
2018-02-11,8178.08354360021,8.854574,8.316158174606555,0.939193486884626
2018-02-12,8974.55829529548,7.340645,6.890814347351223,0.9387205575649014
2018-02-13,8627.67638172495,7.321638,6.885815865886724,0.9404747741735794
2018-02-14,9551.42135090789,6.927341,6.501840425997969,0.938576613378508
2018-02-15,10139.8238403792,7.189142,6.716982289610573,0.9343231806803165
2018-02-16,10285.8214677357,6.97005,6.514180220318316,0.934595946929157
2018-02-17,11190.1927331023,7.393867,6.904601378712111,0.9338281422113162
2018-02-18,10566.1636493854,7.559479,7.050333454128663,0.9326480317822514
2018-02-19,11299.5718808741,6.614559,6.164215853522804,0.9319164052151783
2018-02-20,11338.0322555782,6.646092,6.144271379903498,0.9244938610764779
2018-02-21,10645.7787868342,6.968897,6.46260386695512,0.9273496047870091
2018-02-22,10024.4290891447,7.364085,6.46545421777415,0.8779711748022104
2018-02-23,10404.7969050483,8.866979,7.798738006319374,0.8795259104121043
2018-02-24,9957.45404745347,9.567759,8.52711000362457,0.8912338077774151
2018-02-25,9848.94524506212,10.562949,9.503993158339144,0.8997481004852389
2018-02-26,10470.3524482453,9.622478,8.660739145321651,0.9000528468113831
2018-02-27,10734.7529591834,9.171228,8.27962096917109,0.9027821275201053
2018-02-28,10503.0979188015,9.244748,8.32528421689349,0.9005419983723992
2018-03-01,11041.1050122952,7.949354,7.124060778406756,0.8961811026858376
2018-03-02,11187.9292714577,8.570472,7.681501000123965,0.8962751443449252
2018-03-03,11590.3305993279,8.538238,7.715765406198453,0.903671858076195
2018-03-04,11615.682941932,9.058067,8.175303699856881,0.9025439761277899
2018-03-05,11553.1792862556,8.281191,7.447575502223422,0.8993362580366204
2018-03-06,10848.8923639279,9.150116,8.220519227010458,0.8984060284995756
2018-03-07,10030.1173449179,8.627282,7.780287616697212,0.9018236796164442
2018-03-08,9488.93119119697,7.871433,7.116870745740025,0.9041391932188539
2018-03-09,9374.33352903881,7.743676,7.0775471499933555,0.9139777227579147
2018-03-10,8957.52958360764,8.570094,7.883153163404666,0.9198444195106902
2018-03-11,9673.9341084146,8.433796,7.775395798493334,0.9219331538021401
2018-03-12,9295.67816608066,7.124246,6.574324979204979,0.9228099645937647
2018-03-13,9308.5913829621,6.950295,6.420857344352503,0.9238251222054038
2018-03-14,8398.25377083997,6.927484,6.423173360973449,0.9272014724987716
2018-03-15,8379.26770404359,6.810204,6.335137182564813,0.9302419309065928
2018-03-16,8396.92251566927,5.839869,5.445140454385309,0.932408021101844
2018-03-17,7991.23192536619,6.140227,5.741005744314696,0.9349826986047632
2018-03-18,8296.6760313896,5.758081,5.393597808050014,0.9367005278141217
2018-03-19,8763.90204785906,5.189061,4.865671783187436,0.9376786363264562
2018-03-20,9035.00480931558,4.878636,4.602924470686817,0.9434858746739508
2018-03-21,9009.9627051858,4.871156,4.608631268624766,0.9461063140198538
2018-03-22,8833.06648053755,4.975249,4.71293830760835,0.9472769197475512
2018-03-23,9026.56754297128,4.75025,4.521505946866566,0.9518458534548537
2018-03-24,8641.7059824982,5.548733,5.297473332756055,0.9547176197414363
2018-03-25,8590.41499206883,5.447628,5.221287512873775,0.9584515607513099
2018-03-26,8256.89060637111,4.963342,4.797373759173716,0.9665611777521863
2018-03-27,7928.23096264826,5.135682,4.977188093120671,0.9691387017365997
2018-03-28,8093.90399935986,4.784225,4.769037918553295,0.9968256205202604
2018-03-29,7191.62021208465,4.821573,4.820750084428459,0.9998293758135264
2018-03-30,6964.06245571865,4.90941,4.938009689559002,1.0058254439325225
2018-03-31,7061.80350937259,5.505452,5.585214223787067,1.014487908161471
2018-04-01,6929.30211625793,4.717727,4.80079029565799,1.017606654100988
2018-04-02,7165.64008195293,4.093712,4.1967834864603955,1.0251781118995653
2018-04-03,7525.14153227583,3.848678,3.96312681928917,1.0297372830549567
2018-04-04,6894.68207219692,4.009259,4.14302031224606,1.0333631367142557
2018-04-05,6868.75822403774,3.784166,3.918303660465512,1.035447147937166
2018-04-06,6724.53646792066,3.254631,3.391214060985786,1.0419658667193854
2018-04-07,6976.18805463319,3.684895,3.780878089757868,1.026047821649111
2018-04-08,7088.78768547944,3.76513,3.870752119030397,1.0280526011020767
2018-04-09,6844.04828417157,3.312968,3.411744249997506,1.02981508654713
2018-04-10,6914.22661725476,3.324293,3.4334961765803524,1.0328501758483475
2018-04-11,6982.1295891349,3.192234,3.2943644259156972,1.031993393364956
2018-04-12,7927.6755320463,3.420387,3.5291372121965896,1.0317948467220375
2018-04-13,7911.45032187657,3.460922,3.5655451770698154,1.0302299285976615
2018-04-14,8004.40259701374,4.495012,4.63609384011957,1.031386210402491
2018-04-15,8354.01013032095,4.476739,4.701747986337166,1.0502618184632786
2018-04-16,8113.43332335146,3.924268,4.123398621646121,1.0507433273169582
2018-04-17,7943.60260533867,3.929076,4.1461433409910375,1.0552462990381977
2018-04-18,8188.4282034017,4.221702,4.455797249831202,1.055450552535585
2018-04-19,8317.57498000725,3.951244,4.15560801765438,1.0517215469375445
2018-04-20,8869.67202862062,3.790588,4.047646155596941,1.067814822294536
2018-04-21,8933.28706419643,4.393655,4.684974129040742,1.0663045503537008
2018-04-22,8812.41167838675,4.83305,5.13693616899254,1.0628765894680114
2018-04-23,8958.71579399908,4.484684,4.787509113030511,1.0675243036985407
2018-04-24,9653.75255193749,4.330455,4.608016493745283,1.0640952877819514
2018-04-25,8861.85540993636,4.965018,5.321997524523707,1.0718989947799975
2018-04-26,9271.06811420141,5.75867,6.172098742549423,1.0717923982285695
2018-04-27,8900.24228883739,5.916617,6.3515825083217266,1.0735159057701784
2018-04-28,9289.09143400829,5.977594,6.546018045167147,1.0950924879173185
2018-04-29,9408.14057235559,6.104423,6.739111134786504,1.1039718690451061
2018-04-30,9278.19541154596,5.753938,6.397933886171852,1.1119225356487068
2018-05-01,9070.55026579142,5.448444,6.104667392981786,1.1204422970301506
2018-05-02,9207.88397405866,4.580562,5.171914016281967,1.129100412179853
2018-05-03,9676.47954354911,4.433676,5.013937440181994,1.1308759250979967
2018-05-04,9641.5683446134,4.12987,4.681033384112293,1.1334578177329653
2018-05-05,9762.21430170034,4.68721,5.341835839470822,1.139662259837444
2018-05-06,9622.06468518914,4.473006,5.1006802472493105,1.1403249019916615
2018-05-07,9423.06383095131,4.034323,4.6028803094844255,1.1409300977435473
2018-05-08,9212.52289177024,4.229532,4.83820466053573,1.1439100544536935
2018-05-09,9312.06067041742,4.084155,4.695741585660987,1.1497461655232748
2018-05-10,9049.74262994218,4.184291,4.829840934724677,1.1542794594132717
2018-05-11,8475.90393953052,3.79429,4.427194925767677,1.1668045671105016
2018-05-12,8576.45326782635,4.355184,5.159321651486863,1.184639100374326
2018-05-13,8774.46390579502,4.355129,5.185592855697432,1.1906863096477973
2018-05-14,8695.85795362246,3.698992,4.398451208456515,1.1890946997671619
2018-05-15,8492.55678414223,4.417101,5.2877163338397954,1.1971009885245305
2018-05-16,8364.64827840311,4.304201,5.163374396968576,1.1996128654876732
2018-05-17,8089.03662113214,4.522102,5.412836313909548,1.1969735663896004
2018-05-18,8253.64491276539,4.589441,5.507609199038689,1.2000610817201973
2018-05-19,8240.08393872954,5.41724,6.536932499589683,1.206690602497319
2018-05-20,8492.59917265101,5.370115,6.536516619166463,1.2172023120886186
2018-05-21,8410.81548267098,4.44935,5.441915224739329,1.223081020513193
2018-05-22,8042.65342156741,4.208139,5.275202396198546,1.2535714762771932
2018-05-23,7549.01578032354,3.727718,4.749041035200076,1.2739806418222994
2018-05-24,7610.49691231459,3.120561,3.9969648428798124,1.2808482655994493
2018-05-25,7518.58789160525,2.557738,3.451406623090218,1.3493978120205374
2018-05-26,7394.96148826171,3.000604,4.08967695322218,1.362951367640045
2018-05-27,7428.63938382815,2.977446,4.080554629334173,1.3704880381510807
2018-05-28,7207.74839913496,2.485224,3.440288886238574,1.3842975026365667
2018-05-29,7476.12540354414,2.339879,3.288449786888155,1.4053929897600037
2018-05-30,7409.1584757084,2.26772,3.2227571719778227,1.421143939054874
2018-05-31,7477.84503373635,2.395823,3.425596376547557,1.4298204887282613
2018-06-01,7535.52831340785,2.28527,3.323362528712545,1.45425408094246
2018-06-02,7658.00892102042,2.590661,3.794761621960295,1.464785070703409
2018-06-03,7689.38782099348,2.602882,3.827150630845501,1.4703511655915091
2018-06-04,7503.54865801002,2.321872,3.4364371700939116,1.4800284841332407
2018-06-05,7624.11183550795,2.263378,3.3735262755724422,1.4904829043252399
2018-06-06,7628.54943838761,2.266506,3.439467177084861,1.5175197488009882
2018-06-07,7642.08521609352,2.232031,3.422426708062878,1.5333242462946262
2018-06-08,7629.04392811589,2.208006,3.4381118653380267,1.5571115622679892
2018-06-09,7532.44458562124,2.522305,4.002839173526482,1.5869764929527566
2018-06-10,6838.02956737053,2.273245,3.6545537624856728,1.6076374458493334
2018-06-11,6940.6483327347,2.086825,3.384840943623853,1.6220053134532812
2018-06-12,6629.03367881793,2.086537,3.508732848629981,1.6816055689910396
2018-06-13,6349.87019878045,1.857712,3.3150595882825797,1.7844849187729057
2018-06-14,6696.81735055423,2.080593,3.768162917495947,1.8111007111441912
2018-06-15,6500.37674764468,1.992677,3.6479058383582985,1.8306558812478726
2018-06-16,6587.55401722836,2.224956,4.092470647079918,1.8393492295915017
2018-06-17,6569.98626570388,2.058306,3.8425724866800715,1.8668618959258612
2018-06-18,6760.7887085525,1.74733,3.279385621906336,1.8767976590801294
2018-06-19,6779.1185915568,1.704156,3.231984374816833,1.8965303037139898
2018-06-20,6763.87449713133,1.491622,2.8665225797818343,1.9217488101540532
2018-06-21,6729.15840156224,1.468446,2.8336727054187754,1.9297089554076452
2018-06-22,6138.41968154089,1.347005,2.6280770947240333,1.9510517836529886
2018-06-23,6253.52073358843,1.658588,3.2740611129281025,1.9740044707231135
2018-06-24,6218.62081675723,1.577687,3.134120181290109,1.9865282748594135
2018-06-25,6307.38061587444,1.43422,2.856245195461569,1.9914978737005111
2018-06-26,6117.77574311091,1.423678,2.8537480278585727,2.004489494505017
2018-06-27,6160.25857054166,1.373691,2.7971239163325934,2.0362109601132
2018-06-28,5914.13588603817,1.497333,3.08625917298086,2.061171028457097
2018-06-29,6244.92621633453,1.438589,2.97958021852934,2.071182954283283
2018-06-30,6402.30728987676,1.577725,3.278203457755041,2.0778039374736426
2018-07-01,6340.06602324344,1.542215,3.318460774413894,2.1517494520760705
2018-07-02,6604.4828450369,1.628971,3.5424538430724257,2.1746575434366333
2018-07-03,6530.28892762608,1.612165,3.5638439721022914,2.210595015343311
2018-07-04,6605.47419700074,1.62892,3.604887061668602,2.213052931658286
2018-07-05,6584.38608342835,1.651514,3.68486754377675,2.2312054787250335
2018-07-06,6648.60908847732,1.646837,3.7247237015912193,2.261743349543496
2018-07-07,6790.70251040529,1.928679,4.436313928308435,2.300182454271734
2018-07-08,6721.51797218167,1.56636,3.634867131068677,2.320581908302474
2018-07-09,6683.85923253637,1.430786,3.3331243676950137,2.3295757166895785
2018-07-10,6355.12096935432,1.303238,3.0459497425305013,2.337216362085064
2018-07-11,6440.7189680716,1.310289,3.084811387570501,2.354298328253271
2018-07-12,6281.5043719653,1.353356,3.2061007403438992,2.3689999415965417
2018-07-13,6284.67125862888,1.22165,2.9169932837401924,2.3877488718350675
2018-07-14,6274.53102702325,1.414763,3.393534547802587,2.3986598199340663
2018-07-15,6390.75317886336,1.319512,3.173161214747065,2.4047991808072244
2018-07-16,6717.71248334671,1.138185,2.7368653102116323,2.404588368480297
2018-07-17,7288.63440090676,1.095856,2.642777086200361,2.4116097488040587
2018-07-18,7353.44389357907,1.111065,2.691770656634615,2.4226944398389985
2018-07-19,7457.43355680821,1.254593,3.033327900124583,2.4177778788429647
2018-07-20,7341.00185975704,1.309568,3.176008787386278,2.425234183081025
2018-07-21,7403.90687900379,1.542737,3.7697613887729036,2.443554630111817
2018-07-22,7401.74723263855,1.618933,3.9989583983755486,2.470120076819553
2018-07-23,7720.93614980044,1.34143,3.3244551905909634,2.4782920926647933
2018-07-24,8385.183823621,1.320493,3.2973297257434613,2.497043607080772
2018-07-25,8144.22495804518,1.321627,3.3177050025536046,2.51031819272173
2018-07-26,7935.19633241838,1.464984,3.7048911736122707,2.528964067102658
2018-07-27,8172.68598115587,1.452336,3.707175449753094,2.5525612855162874
2018-07-28,8217.52478675808,1.650837,4.306143954349347,2.608461748820755
2018-07-29,8191.76904734053,1.594109,4.404491117303668,2.7629790364711226
2018-07-30,8173.76626652201,1.336457,4.103871292741801,3.070708769098695
2018-07-31,7745.64360400648,1.224769,3.9726185085343793,3.243566070067885
2018-08-01,7633.78528177951,1.143819,3.7757827948039195,3.3010315628059113
2018-08-02,7559.85721152678,1.071727,3.7187786231227062,3.4698934698429174
2018-08-03,7436.90441418002,1.041442,3.6879188127165676,3.5411656488079357
2018-08-04,7024.46008451798,1.180758,4.287145973612246,3.630842729920617
2018-08-05,7054.60225210488,1.043423,3.9391646762357566,3.775230957575943
2018-08-06,6946.76359215604,0.896474,3.4264896844869344,3.822185490425373
2018-08-07,6744.02617849124,0.828744,3.2074845299990478,3.8702946766687476
2018-08-08,6302.0697058176,0.73673,2.9905148675906448,4.059175929686972
2018-08-09,6554.77269431699,0.658366,2.797876803236912,4.249729968694449
2018-08-10,6178.79115680648,0.669626,2.8659004927421705,4.279853193916162
2018-08-11,6286.16006682469,0.76773,3.322592826317414,4.327815027053239
2018-08-12,6361.38457019775,0.80167,3.5307133192992377,4.404198247999183
2018-08-13,6329.83687971754,0.704123,3.134129093579929,4.451112436637088
2018-08-14,6231.17059350539,0.674595,3.0511962315430385,4.523001406899416
2018-08-15,6278.66885952369,0.664656,3.0602283434439617,4.6042291850917065
2018-08-16,6323.82170099718,0.699005,3.244901897736659,4.6421703268023
2018-08-17,6587.98666677998,0.689092,3.271259237994431,4.747205222481454
2018-08-18,6403.74779827472,0.780215,3.7545267560214355,4.812171955799334
2018-08-19,6500.39725148431,0.760581,3.720176269523373,4.891230299871087
2018-08-20,6290.04418592047,0.645567,3.2018412467998334,4.959738373834794
2018-08-21,6494.76773074407,0.56926,2.854585555017385,5.014557034813345
2018-08-22,6400.67640274504,0.564266,2.8844741187327494,5.111904952426213
2018-08-23,6534.11345355147,0.612267,3.206657017863221,5.237348896827841
2018-08-24,6707.78700817528,0.59357,3.1338106061393733,5.27959672052813
2018-08-25,6755.97071527136,0.670212,3.5752251350465873,5.334466021501462
2018-08-26,6718.46604738008,0.721936,3.880652875360547,5.375340693501645
2018-08-27,6903.1080164898,0.60973,3.335622622894974,5.470656730347411
2018-08-28,7074.04215316713,0.578916,3.195551975969197,5.519885909832947
2018-08-29,7039.79239224644,0.608339,3.4009982134791437,5.59063338749945
2018-08-30,7006.27465758779,0.60063,3.3942510251014575,5.651150070480139
2018-08-31,7029.23621487447,0.618548,3.5380081313294336,5.719861801941574
2018-09-01,7184.45133071552,0.655763,3.790378447390502,5.780102558528464
2018-09-02,7300.07612722649,0.664037,3.873117799482437,5.832682527481557
2018-09-03,7266.17224128219,0.553027,3.266068583610388,5.905797846680739
2018-09-04,7364.0347279285,0.495321,2.95388315491755,5.963574292009189
2018-09-05,6722.31283926992,0.491424,2.9683768942742756,6.040359956522736
2018-09-06,6542.35118710044,0.487103,2.9839430583526436,6.125899793008901
2018-09-07,6458.78618678251,0.511914,3.170640981102263,6.193698579700315
2018-09-08,6283.039059033,0.600816,3.7591225344246495,6.256697395811377
2018-09-09,6314.81638221266,0.558325,3.517301668519506,6.299741049834378
2018-09-10,6374.57493257096,0.491554,3.1157576225407233,6.338590139747938
2018-09-11,6353.40910447119,0.469272,3.0289192632921305,6.454510518777643
2018-09-12,6389.1465055719,0.471384,3.0703315060526806,6.513445436810637
2018-09-13,6510.881572168,0.479026,3.1472547913703086,6.5701177842386524
2018-09-14,6513.9048920132,0.559675,3.709814734555356,6.628520417929758
2018-09-15,6545.60861225917,0.61115,4.094247825232433,6.699257010821542
2018-09-16,6522.16250528833,0.59781,4.026050592718616,6.7346688620721995
2018-09-17,6294.63926898621,0.5014,3.3957898382450025,6.772612677751291
2018-09-18,6379.19461157244,0.465373,3.173121253918957,6.818452974221364
2018-09-19,6408.39240284224,0.437292,2.997356692097844,6.854353497203072
2018-09-20,6516.71443488538,0.319472,2.2054852109954233,6.903525441084817
2018-09-21,6750.46195715367,0.321408,2.236540050995766,6.958571303325329
2018-09-22,6722.0805782777,0.444104,3.1093502461182037,7.0014061908947145
2018-09-23,6707.72024757514,0.48976,3.434695235017295,7.013014587705991
2018-09-24,6597.75748500411,0.432804,3.040679452215753,7.025532075824571
2018-09-25,6453.05013822458,0.383819,2.711911649507227,7.065594518826102
2018-09-26,6475.69544593283,0.433944,3.0892079372764636,7.118901239240162
2018-09-27,6687.78844769127,0.400479,2.864471509362062,7.152612830677245
2018-09-28,6644.02393789554,0.385702,2.7512629972099343,7.13312420712368
2018-09-29,6599.2726772185,0.477179,3.4151088923803354,7.156876905449264
2018-09-30,6626.31135776041,0.482312,3.4600600576170435,7.173898976779523
2018-10-01,6610.03617515634,0.438092,3.151257059237954,7.193138158988594
2018-10-02,6537.66351249397,0.412471,2.9819428179386485,7.229460283975358
2018-10-03,6522.58905564752,0.44764,3.2546560785299232,7.2706924402704
2018-10-04,6590.98292186958,0.446731,3.25923435571696,7.295740499952932
2018-10-05,6628.57399763463,0.416696,3.0487326504383123,7.316437545007368
2018-10-06,6598.09470555805,0.448911,3.3067677588737516,7.366191065133312
2018-10-07,6629.0830340991,0.466359,3.4502966358893326,7.398365775091202
2018-10-08,6658.16413606773,0.387613,2.8807620181668723,7.4320586495878445
2018-10-09,6642.07398588331,0.365092,2.738440475515283,7.5006956933861035
2018-10-10,6572.97938495625,0.352073,2.676646783245234,7.602538393995197
2018-10-11,6254.62242025813,0.349714,2.685401572548239,7.678847164333276
2018-10-12,6322.82262222196,0.374982,2.900154358924933,7.734110004384984
2018-10-13,6354.35403767038,0.437606,3.4035336999051258,7.777616691511223
2018-10-14,6350.62808134611,0.444052,3.4743117632267766,7.824103482024297
2018-10-15,6574.22734857527,0.344657,2.7315850489340003,7.925522909265388
2018-10-16,6582.97907522687,0.438434,3.5250579046229156,8.040108666879647
2018-10-17,6569.79375397655,0.455697,3.710077095284851,8.141549160582791
2018-10-18,6517.06426119954,0.417685,3.4368585708833934,8.228349462399734
2018-10-19,6478.91686338406,0.450091,3.747413661935851,8.325893934615316
2018-10-20,6508.87563651331,0.51337,4.328197650958768,8.430958036698872
2018-10-21,6505.15782395123,0.557906,4.729168356073259,8.476634906146998
2018-10-22,6491.43417691555,0.398296,3.4064269391219746,8.552496425980081
2018-10-23,6449.4785801656,0.402269,3.555583163521849,8.83881237369612
2018-10-24,6462.65565169388,0.424765,3.8529878565442064,9.070867327352715
2018-10-25,6461.37164066434,0.369895,3.407815939511293,9.212923424198511
2018-10-26,6459.06585432804,0.391416,3.6296389175987684,9.273092817522608
2018-10-27,6457.22285398303,0.41842,3.9061751898975388,9.33553972114269
2018-10-28,6462.44935993458,0.429701,4.024080650966181,9.36484666243363
2018-10-29,6296.78261540062,0.338425,3.184092216898014,9.408568543574114
2018-10-30,6319.99118295864,0.336585,3.188276665781133,9.472423126473304
2018-10-31,6333.51368420619,0.317502,3.039234960911134,9.572321266029869
2018-11-01,6394.63293340624,0.323852,3.140327450470579,9.696811069949252
2018-11-02,6435.34998979024,0.281842,2.7954212536865644,9.918409592940105
2018-11-03,6408.31633682553,0.352909,3.5482923162920095,10.0544119456511
2018-11-04,6472.63939811862,0.352625,3.574612060610315,10.137149626128474
2018-11-05,6432.49226586104,0.311391,3.223610835725872,10.35228602426777
2018-11-06,6477.47957640717,0.309095,3.245442077871814,10.499820808968499
2018-11-07,6550.06729670758,0.284733,3.028687890915612,10.636957819713267
2018-11-08,6488.11111061874,0.289629,3.1123190257666953,10.7458821748255
2018-11-09,6414.79203550461,0.269416,2.9233776487139855,10.850805624595862
2018-11-10,6428.30223550181,0.3198,3.5093542282708485,10.973603563501904
2018-11-11,6453.84470950013,0.311208,3.4330957067117267,11.031530493758858
2018-11-12,6439.72594077211,0.242206,2.7443014812067603,11.330436238214022
2018-11-13,6404.35267251848,0.25937,2.9999815804610015,11.566430380208393
2018-11-14,5809.08737098184,0.241138,2.8232677663951553,11.708078908055958
2018-11-15,5729.28185079382,0.233214,2.808495675353934,12.042592497867146
2018-11-16,5709.72145118042,0.350584,4.27567130334407,12.195857513050596
2018-11-17,5704.36520205696,0.407794,5.102984734341106,12.513636856564657
2018-11-18,5733.69823829956,0.407234,5.212606275664368,12.800030121681704
2018-11-19,4861.87927044962,0.353744,4.566940621287301,12.910305637779025
2018-11-20,4487.06751042754,0.264456,3.475678742326713,13.142743955188504
2018-11-21,4647.79546061098,0.333834,4.4792183350353705,13.417512876676637
2018-11-22,4368.66924713129,0.302647,4.1121824849606785,13.58738112129711
2018-11-23,4404.20960055943,0.276492,3.792554392189546,13.716696160309544
2018-11-24,3918.87138974418,0.289208,4.001938542274722,13.837597193583845
2018-11-25,4033.13337391932,0.283247,3.963608710553732,13.993452953059895
2018-11-26,3828.18463385213,0.260336,3.7036886144955603,14.226558521945929
2018-11-27,3871.99602145651,0.174663,2.5279380786817853,14.473207129159315
2018-11-28,4304.53652487548,0.164887,2.4311743700419957,14.744456799100691
2018-11-29,4336.45579983026,0.170031,2.5680103739021045,15.10321944042289
2018-11-30,4031.00473008493,0.186183,2.8129968552555633,15.108766949994992
2018-12-01,4238.14011278173,0.244177,3.7179892916658384,15.226625607684847
2018-12-02,4189.09621087448,0.253111,3.933071936053192,15.53889931512067
2018-12-03,3909.33968546665,0.227441,3.548803290383919,15.603180645504393
2018-12-04,4006.55138014741,0.240961,3.758247861731108,15.59691294082793
2018-12-05,3777.30743936224,0.318834,4.93501719449115,15.478320410035963
2018-12-06,3497.32413941416,0.345585,5.399546372307046,15.624361002602788
2018-12-07,3445.45267854672,0.32849,5.370906219225809,16.35029908102202
2018-12-08,3522.50392870971,0.321193,5.4577565948470665,16.992125688773758
2018-12-09,3635.34509227514,0.321599,5.573779455055564,17.331448699791967
2018-12-10,3524.52028845159,0.264683,4.659876642886558,17.605497495810777
2018-12-11,3440.73449914165,0.18401,3.3301136321212352,18.097429486949874
2018-12-12,3532.64374775214,0.142755,2.7230544387989895,19.07505975111594
2018-12-13,3374.59810638248,0.095559,1.9553356331549547,20.462169961324996
2018-12-14,3281.05718612757,0.089461,1.87560329195571,20.965677255034763
2018-12-15,3290.8522250115,0.103417,2.206945994628975,21.340298543566202
2018-12-16,3303.16155370256,0.103212,2.249366498057116,21.79363013454848
2018-12-17,3579.86223822463,0.084888,1.9021792137983884,22.40801801761466
2018-12-18,3771.17222569214,0.070694,1.611028260420414,22.788716768756693
2018-12-19,3761.70181560355,0.087891,2.036909145606536,23.175525401724403
2018-12-20,4156.43990642384,0.100337,2.389043677137315,23.810135920507186
2018-12-21,3913.39116638287,0.101523,2.456505661811692,24.1964515408886
2018-12-22,4058.54390026753,0.121666,2.989963062661309,24.575265939416365
2018-12-23,4032.16253945407,0.1185,2.9485209286391183,24.882020139544085
2018-12-24,4112.56644842415,0.107723,2.712613278212421,25.181284553626504
2018-12-25,3871.70183807958,0.10061,2.5562928426474527,25.407883419248876
2018-12-26,3914.61285934629,0.08011,2.061594113604317,25.73459757655116
2018-12-27,3705.72122443972,0.069423,1.8249460942520994,26.28738273740042
2018-12-28,3975.65986612537,0.062028,1.6509361749835707,26.61600124789027
2018-12-29,3806.72200174211,0.07762,2.0971901469536056,27.01863641545179
2018-12-30,3920.34773987474,0.083584,2.4040298774219617,28.7617139449937
2018-12-31,3808.50561275989,0.073345,2.197495614301867,29.960902569319778
2019-01-01,3921.89646436442,0.081928,2.489683154884995,30.38877374437733
2019-01-02,3980.71966522805,0.070766,2.176958616910098,30.7626683910227
2019-01-03,3859.52684073302,0.069149,2.146513185980774,31.04165905521758
2019-01-04,3901.67451200417,0.059781,1.883198017612384,31.501521798880702
2019-01-05,3872.16119916343,0.057896,1.8445777258206084,31.86034064116913
2019-01-06,4103.78852514593,0.058719,1.8897971090901717,32.183999232282574
2019-01-07,4079.50086329269,0.046276,1.5703895473205784,33.9354685855455
2019-01-08,4050.60102487255,0.054015,1.846006966672364,34.176094663769106
2019-01-09,4068.13307168475,0.053953,1.858556431471493,34.447872716886764
2019-01-10,3698.76122835628,0.058976,2.033485898265086,34.479866956385266
2019-01-11,3717.10296810523,0.061763,2.0950585132795103,33.920978469803465
2019-01-12,3709.97835366353,0.088464,3.0362504274704634,34.32198135985055
2019-01-13,3587.73394997392,0.086209,2.973601344782858,34.49293857026007
2019-01-14,3743.2912026097,0.073729,2.5674879522317315,34.82335047063543
2019-01-15,3587.75493617513,0.071988,2.5331988858258305,35.18900320168381
2019-01-16,3674.97411151996,0.096112,3.414091824886022,35.52215705359951
2019-01-17,3713.93349147343,0.094984,3.416151071587798,35.96543480378798
2019-01-18,3692.20708038804,0.077388,2.8037663852621177,36.22991911362017
2019-01-19,3772.88464099678,0.086121,3.141451106149891,36.47714883107521
2019-01-20,3608.51918361495,0.085289,3.1331573926584952,36.7357493409338
2019-01-21,3619.41059197156,0.075026,2.767999628403371,36.89396380508454
2019-01-22,3653.49867159477,0.046009,1.702838690915915,37.01106772340714
2019-01-23,3639.57945541488,0.046652,1.737978381280022,37.25388526017579
2019-01-24,3658.37193732296,0.043366,1.624376180873227,37.457508962503496
2019-01-25,3649.61590203112,0.043077,1.6213801141268636,37.63933438819452
2019-01-26,3644.63683992798,0.049456,1.898915427429539,38.395964553073156
2019-01-27,3631.86719805259,0.050158,1.938440526769135,38.64702940987448
2019-01-28,3505.99089747654,0.03889,1.511312719190116,38.86103369365252
2019-01-29,3466.68896136667,0.041744,1.6341140335926105,39.14629072206766
2019-01-30,3510.09721672375,0.042949,1.6864181904033673,39.26545175924622
2019-01-31,3477.93958959138,0.045529,1.796969482941768,39.468517493654325
2019-02-01,3498.07242611388,0.04508,1.7903311014552363,39.714129918130105
2019-02-02,3528.38897286619,0.058033,2.317511559841144,39.93460616826439
2019-02-03,3481.84606775749,0.059914,2.401159779581034,40.076761803765116
2019-02-04,3489.24013743218,0.050947,2.0643506172641928,40.519246584418426
2019-02-05,3508.79595491924,0.050528,2.0571979252203243,40.714144083484456
2019-02-06,3438.82269134901,0.047609,1.947393146680898,40.904011735863975
2019-02-07,3431.00755766863,0.046488,1.906697453130291,41.014705889317526
2019-02-08,3672.56789094896,0.037147,1.5336881768654063,41.28706706649202
2019-02-09,3686.76975363373,0.042946,1.7853148788657618,41.57099187870356
2019-02-10,3712.26142417163,0.045559,1.8986559789480246,41.67448481953902
2019-02-11,3648.80312873662,0.038973,1.6283963132378756,41.782861125166534
2019-02-12,3648.03688883552,0.038527,1.6183105222601166,42.00453468437472
2019-02-13,3643.91688635496,0.038341,1.6160113327071353,42.14882673399406
2019-02-14,3634.14373510438,0.04652,1.9714235798274031,42.37804924015519
2019-02-15,3653.1650968777,0.042965,1.8348115416100688,42.704314398915194
2019-02-16,3584.12659869152,0.048876,2.0966527001970166,42.89745219259158
2019-02-17,3708.34922461811,0.051767,2.228662948247155,43.05174105017753
2019-02-18,3926.33275853258,0.043607,1.8793009431519896,43.09607610771142
2019-02-19,3877.93633453874,0.042404,1.8312328230888744,43.185161733273596
2019-02-20,4005.55268473166,0.042489,1.8451733975240991,43.42660728618087
2019-02-21,3921.67075091532,0.048096,2.095541251751514,43.56991461564569
2019-02-22,3942.93285321627,0.048115,2.1620342865575095,44.934975032520185
2019-02-23,4153.60125610778,0.056888,2.56340639933743,45.0604458516309
2019-02-24,3831.08394398204,0.057624,2.5988044361043885,45.099449439734926
2019-02-25,3899.08566194327,0.05051,2.281606764805111,45.17163055618787
2019-02-26,3878.90097563862,0.053498,2.4262504715318323,45.35193372327442
2019-02-27,3898.83190819843,0.051245,2.329251725980247,45.453592789664505
2019-02-28,3792.99306607751,0.048621,2.2192535907104864,45.64348918334855
2019-03-01,3897.8785434632,0.055434,2.542871156806964,45.87172799810974
2019-03-02,3895.54957090884,0.063632,2.92400083722651,45.95204752230302
2019-03-03,3877.16771413045,0.080122,3.6912078962563806,46.06998398008652
2019-03-04,3796.47893591825,0.066917,3.099814000843401,46.32349970889369
2019-03-05,3920.31579351683,0.06604,3.1090019310742125,47.07758595362904
2019-03-06,3916.47101842946,0.067165,3.1705782534102935,47.20594991668173
2019-03-07,3923.11647327388,0.058773,2.784254615489852,47.37337241086202
2019-03-08,3910.99240651889,0.055394,2.632101412481195,47.51600549683717
2019-03-09,3985.93596132286,0.047128,2.24523020366417,47.64077892664963
2019-03-10,3962.2919637941,0.049502,2.361279552723783,47.701088027227826
2019-03-11,3877.8314588376,0.0394,1.8856454888021204,47.859426294739606
2019-03-12,3942.77159257979,0.037477,1.7961649278216636,47.92738369968718
2019-03-13,3932.11756854623,0.039045,1.8818013680555148,48.1961593141659
2019-03-14,3937.38017190565,0.038897,1.8776735817108994,48.27295469451235
2019-03-15,3898.8624395337,0.040801,1.9717624984209825,48.32610968684784
2019-03-16,4060.93853962008,0.049767,2.4122906861697704,48.472165225626675
2019-03-17,3961.80505256534,0.058801,2.85345529145412,48.52723037448934
2019-03-18,4040.15091817348,0.054867,2.6662222547887082,48.594662219234806
2019-03-19,4067.51783729715,0.053222,2.5930044084223822,48.72088596821011
2019-03-20,4108.24444180822,0.053884,2.628688051316503,48.7840923743725
2019-03-21,4038.80328748636,0.050822,2.4799516872827065,48.796687945447154
2019-03-22,3978.69285902669,0.048037,2.348778345644171,48.89561950923721
2019-03-23,4008.88685182307,0.059722,2.9248694555686736,48.97445173225723
2019-03-24,4043.51066246815,0.056395,2.7640706414253016,49.01306541538442
2019-03-25,3975.24685270955,0.047613,2.33569001133505,49.05601246076369
2019-03-26,3926.15587743512,0.045233,2.2211585430690253,49.10458591944861
2019-03-27,4032.62436841951,0.048434,2.384347239601307,49.22900226586673
2019-03-28,4074.5648540129,0.046492,2.2892113988526264,49.23836520753383
2019-03-29,4087.50882679439,0.041081,2.0203474965021533,49.17911586100311
2019-03-30,4148.41754884706,0.050174,2.477193307639691,49.37253825049663
2019-03-31,4085.56441538009,0.050532,2.4911113759319874,49.29729132129089
2019-04-01,4130.32266928648,0.046744,2.3068411943361564,49.35064562631743
2019-04-02,4896.33847681487,0.043573,2.143021928814444,49.18263227441777
2019-04-03,4970.89219699921,0.062187,3.0511303525224744,49.06404490670981
2019-04-04,4905.39310746551,0.070061,3.4361654754498607,49.04559086706401
2019-04-05,5029.1683539977,0.074749,3.66612258618322,49.045627636103966
2019-04-06,5043.01875984075,0.090415,4.434058948687871,49.04109253659132
2019-04-07,5195.37130124658,0.084841,4.161497436572244,49.05033576488566
2019-04-08,5296.4026152735,0.073326,3.5991024904916684,49.08351857629845
2019-04-09,5192.19663318834,0.068213,3.348001012311982,49.08140796860722
2019-04-10,5317.97501107732,0.0653,3.209104812369735,49.14431282313203
2019-04-11,5077.52340805403,0.057889,2.847314603373508,49.185452908545436
2019-04-12,5123.07284247045,0.061274,3.0177166073751365,49.24990678602847
2019-04-13,5119.50399990075,0.071412,3.5211093315794226,49.30668347015583
2019-04-14,5201.13176951488,0.07363,3.6090976195075806,49.016743148945714
2019-04-15,5039.22720703072,0.061693,3.024902578530558,49.03152593345873
2019-04-16,5221.81209243586,0.063905,3.1360995133789418,49.07466732406817
2019-04-17,5248.34558416109,0.060166,2.951971463719907,49.06388404158881
2019-04-18,5302.37529453645,0.057687,2.830431082679769,49.06554903758103
2019-04-19,5313.85210520063,0.056435,2.7631632817542022,48.96171587199384
2019-04-20,5329.37172331585,0.083073,4.090430103422685,49.23926406701098
2019-04-21,5337.6091408747,0.078534,3.8729568944159194,49.3154649555851
2019-04-22,5400.05350755681,0.069141,3.403766340391848,49.22909585845066
2019-04-23,5531.47024426132,0.067901,3.3453969950349514,49.2686402529636
2019-04-24,5483.76046780149,0.06675,3.3075797639378823,49.55153246234923
2019-04-25,5249.18929448947,0.082509,4.090478011244207,49.57599806058615
2019-04-26,5322.29779541486,0.068152,3.3760422344266185,49.537032154946694
2019-04-27,5340.89786865256,0.082134,4.071705529313651,49.57383929062806
2019-04-28,5337.70389905222,0.082522,4.11197227113166,49.82902056503399
2019-04-29,5291.10885959494,0.072505,3.614479763440607,49.851502879776085
2019-04-30,5344.85834670001,0.072492,3.6194435492172716,49.92857374966913
2019-05-01,5375.46491125081,0.06719,3.321074726761244,49.428217966038
2019-05-02,5456.81042563287,0.066505,3.3010631257059404,49.6360213624349
2019-05-03,5667.70236447104,0.061807,3.066217827473031,49.60919477133147
2019-05-04,5776.10718265489,0.072637,3.6097550763341957,49.69558235261423
2019-05-05,5722.09485614861,0.069821,3.4708590730826065,49.7109885233366
2019-05-06,5658.92001967066,0.06214,3.0855893869877615,49.65575936974639
2019-05-07,5778.24668377325,0.060747,3.010795487735732,49.56257433249489
2019-05-08,5908.27277938115,0.075476,3.7398552212116836,49.55024287263115
2019-05-09,6190.46087411392,0.080662,3.9867856888289714,49.4258845837143
2019-05-10,6406.06908978169,0.089957,4.435632710944141,49.30818352544118
2019-05-11,7213.53563703165,0.105953,5.199197332295033,49.07081633646859
2019-05-12,6974.96389009358,0.12315,6.020350813833984,48.88628612566508
2019-05-13,7812.05249225103,0.122711,5.958809815090027,48.55981078385582
2019-05-14,7940.89916207039,0.114201,5.5515026359002695,48.611692524702406
2019-05-15,8185.612078301,0.131005,6.334401179063655,48.352339041988316
2019-05-16,7880.78162424521,0.150222,7.208872352719665,47.988204482521475
2019-05-17,7346.50338002963,0.181826,8.802088159126075,48.40951224982192
2019-05-18,7274.87529931839,0.185082,8.958030192484179,48.400239754900234
2019-05-19,8064.34059800395,0.180887,8.733195744169496,48.279709628684564
2019-05-20,7970.34883881234,0.154812,7.4447395932937654,48.08891545030825
2019-05-21,7954.64992358859,0.145964,6.986193387837501,47.8625747344617
2019-05-22,7632.90468102737,0.13226,6.310746630367422,47.71456843940686
2019-05-23,7863.49008957199,0.100057,4.780491108954937,47.777757990405554
2019-05-24,7902.01080299532,0.115772,5.529017689035937,47.757886902068954
2019-05-25,7922.65299069228,0.140234,6.688593461732906,47.6960555956238
2019-05-26,8745.39196800206,0.137436,6.538523650231903,47.57506713429607
2019-05-27,8775.94135894782,0.125231,5.932784132682408,47.37457995233652
2019-05-28,8720.39137079459,0.125875,5.941411956790629,47.20074700308159
2019-05-29,8665.45511378745,0.12761,5.942102810817258,46.564673114696554
2019-05-30,8255.3034446722,0.15738,7.323195771710395,46.53182741768414
2019-05-31,8566.91564872908,0.129294,6.011422993261005,46.49433098374648
2019-06-01,8557.18535734259,0.159879,7.4247071045668855,46.439681722465274
2019-06-02,8742.9471646236,0.165801,7.689560260696874,46.37822354800237
2019-06-03,8146.49642548369,0.134318,6.196854210331423,46.13564689955917
2019-06-04,7715.95222077764,0.14038,6.39872389082301,45.581466556866665
2019-06-05,7788.5916540076,0.113977,5.141099028062611,45.10656119600503
2019-06-06,7788.35511523775,0.124398,5.612798633237399,45.119630909710416
2019-06-07,8011.8820993719,0.140668,6.343354968534076,45.09448174548809
2019-06-08,7960.65991147315,0.145091,6.558031149891455,45.199437832079354
2019-06-09,7650.82978451905,0.143562,6.483055961912186,45.158442008068825
2019-06-10,8016.60248743077,0.125715,5.670659510649803,45.10718179726847
2019-06-11,7913.17249505966,0.10334,4.661867525700187,45.11178020319265
2019-06-12,8160.34359712027,0.093856,4.221977716044931,44.9836536930555
2019-06-13,8236.96334108976,0.0947,4.253511458238581,44.91585510311692
2019-06-14,8699.40120028464,0.094449,4.228231600193153,44.76754439188457
2019-06-15,8768.83578751187,0.110366,4.935838692348989,44.722409291182935
2019-06-16,8993.01435302274,0.115096,5.128542458588787,44.55887127093785
2019-06-17,9186.39225241483,0.099062,4.399254029609704,44.40899777771123
2019-06-18,9060.00150433476,0.103197,4.572192551814439,44.30550606631472
2019-06-19,9266.55251603363,0.107581,4.74118324829908,44.07078338264906
2019-06-20,9496.70234275935,0.118428,5.206175576185799,43.960722832191614
2019-06-21,10102.6572064453,0.12763,5.593045380450656,43.822492033257035
2019-06-22,10463.8961008859,0.128367,5.5736437276039155,43.419665129320094
2019-06-23,10704.9771663974,0.16247,7.026106115464223,43.24545653810813
2019-06-24,10898.8995446162,0.149829,6.4461410320032915,43.02337517603657
2019-06-25,11528.0181770289,0.145469,6.207736000229071,42.674036371499106
2019-06-26,12830.4112915608,0.142655,5.961620825807572,41.79049843678764
2019-06-27,11186.6162918483,0.204359,8.470101738300169,41.44715969064702
2019-06-28,12416.3385531163,0.224722,9.199703844093149,40.93821038417793
2019-06-29,11913.5109099377,0.257914,10.517103699745128,40.77762612158015
2019-06-30,10777.5304064484,0.260123,10.552184687344209,40.56606706507467
2019-07-01,10535.9526817245,0.24,9.865529254661263,41.10631920899683
2019-07-02,10836.7391516287,0.236698,9.71262223971104,41.033808064841566
2019-07-03,11981.9064065324,0.203713,8.312809838832521,40.80650972200785
2019-07-04,11220.3217722242,0.190967,7.727321025646417,40.46417291985996
2019-07-05,10996.6485014783,0.185543,7.477120431740401,40.29856089517005
2019-07-06,11294.2487324872,0.18944,7.647992371555018,40.37164314317097
2019-07-07,11440.7106143135,0.177345,7.148486029177428,40.30826882195903
2019-07-08,12177.2623304489,0.141095,5.663726936587787,40.14127392774976
2019-07-09,12486.2395693099,0.140891,5.629879862693822,39.95913064221893
2019-07-10,12125.0340486712,0.135891,5.382128625969626,39.606209538539694
2019-07-11,11379.4118716853,0.170943,6.740350385911661,39.43040380363226
2019-07-12,11849.0088044436,0.184823,7.268103699500264,39.32469082987119
2019-07-13,11402.1560239286,0.21056,8.270305007065978,39.277606508632026
2019-07-14,10219.4959362507,0.210615,8.270309156764458,39.26733898957549
2019-07-15,10883.1735099455,0.193496,7.594655219436626,39.24975382692815
2019-07-16,9540.26411688977,0.183172,7.185552721665608,39.22834846339545
2019-07-17,9696.80002321681,0.139701,5.473458462128757,39.17987384522397
2019-07-18,10665.0314288209,0.13629,5.327334489467222,39.088360126574074
2019-07-19,10568.211657323,0.12483,4.843739004440311,38.80253155894749
2019-07-20,10759.5887899584,0.161476,6.25868054440553,38.75912842555794
2019-07-21,10626.5284315564,0.169103,6.544561532051533,38.70163503228382
2019-07-22,10335.2033717124,0.150461,5.817010059876005,38.66113602602732
2019-07-23,9842.97306940586,0.1443,5.581833022945726,38.6821613967134
2019-07-24,9844.37375415359,0.142694,5.51016947896974,38.61515704991028
2019-07-25,9955.17959317,0.140675,5.418361331906249,38.51696841534778
2019-07-26,9934.52005732129,0.119388,4.596737465509538,38.502619649754834
2019-07-27,9625.5316421783,0.12665,4.875174638580576,38.49334594215341
2019-07-28,9714.70263902248,0.129341,4.974900892169954,38.46359364587527
2019-07-29,9640.97222336733,0.105893,3.965099330383177,37.44440428113168
2019-07-30,9584.62372200254,0.180004,6.700389431370526,37.22351926528501
2019-07-31,10134.5745812126,0.182353,6.773106597017573,37.142749051231434
2019-08-01,10382.0832181172,0.185973,6.896391250443102,37.08284249210538
2019-08-02,10549.7554665768,0.186045,6.875827137136583,36.95796645146942
2019-08-03,10836.6555478624,0.20855,7.697901246128427,36.91148354309644
2019-08-04,10944.8873631142,0.218816,8.043224300584441,36.75787330613937
2019-08-05,11810.1653915313,0.115427,4.162440334081675,36.06111454948782
2019-08-06,11486.8170347812,0.139728,4.997682838858549,35.76722783267592
2019-08-07,11993.5534484301,0.169565,6.045377014508195,35.65230350532052
2019-08-08,11993.9919257893,0.177914,6.311096769010712,35.47277170092428
2019-08-09,11891.1247535773,0.190957,6.763710542917053,35.420012915439685
2019-08-10,11307.2847089656,0.210719,7.457835893064903,35.392261025517826
2019-08-11,11546.0049178242,0.212252,7.493993266184445,35.307055026563916
2019-08-12,11383.8244907973,0.163725,5.768087670036095,35.230419260579005
2019-08-13,10901.8291311866,0.136738,4.805160264788653,35.141458893702186
2019-08-14,10115.090924665,0.129686,4.550222417443256,35.08642357157491
2019-08-15,10440.0025308695,0.12827,4.5008372318201,35.08873099817075
2019-08-16,10482.3414143856,0.133058,4.6683486914745425,35.0849352187966
2019-08-17,10394.0301477797,0.134666,4.727319118299123,35.10410754678255
2019-08-18,10431.5592943798,0.135794,4.760878998754581,35.05958676356084
2019-08-19,10947.9703530009,0.127081,4.442118134981178,34.95506757221025
2019-08-20,10820.8877633239,0.124915,4.356088904211266,34.872391234252
2019-08-21,10281.4714085612,0.123187,4.297056829638753,34.882309818077744
2019-08-22,10265.8609290499,0.124559,4.346330996012774,34.893798162720984
2019-08-23,10513.7725238689,0.119034,4.133322589462401,34.72392613277536
2019-08-24,10292.7324733008,0.150419,5.2212392045556815,34.7113921036756
2019-08-25,10291.9449477339,0.145511,5.058944718572958,34.76677444941413
2019-08-26,10435.4077328217,0.122225,4.245387274625241,34.7341562660245
2019-08-27,10280.4595555949,0.135478,4.696947329210693,34.669385734902356
2019-08-28,9940.70226134142,0.126632,4.403815177136314,34.77656608490861
2019-08-29,9697.3416876693,0.123579,4.30919394865994,34.86982059829264
2019-08-30,9781.78983089478,0.117942,4.118065449147674,34.915994228360724
2019-08-31,9800.08930420235,0.131957,4.605012758963658,34.89778847663919
2019-09-01,9739.39609887312,0.130174,4.538948244747239,34.868430664993824
2019-09-02,10349.2191064565,0.102262,3.560469622725927,34.817198898899065
2019-09-03,10631.1512202484,0.107304,3.725513153586384,34.7190992165324
2019-09-04,10647.0440848181,0.119381,4.134246208155448,34.630625595136486
2019-09-05,10650.4380874233,0.124034,4.284560721848925,34.543560848166564
2019-09-06,10419.2605180637,0.128419,4.3904639946547235,34.18853305375808
2019-09-07,10582.7176672262,0.179084,6.116787647097629,34.156043073513054
2019-09-08,10506.912778104,0.182014,6.206343810255253,34.09813103252843
2019-09-09,10405.0709243931,0.148505,5.053628519873485,34.03010061284872
2019-09-10,10242.2343873083,0.155931,5.303501392387481,34.0118975631537
2019-09-11,10194.8001037375,0.148862,5.049559225872811,33.9210973681322
2019-09-12,10536.5252600889,0.174528,5.911384280724002,33.87064863657654
2019-09-13,10385.1022594933,0.150699,5.1036957408744374,33.86680244164384
2019-09-14,10341.6091653141,0.158579,5.363820737018751,33.824194869229125
2019-09-15,10419.0132295664,0.167091,5.647551752153,33.79921687856454
2019-09-16,10304.588195825,0.130362,4.402357689352246,33.77037651077983
2019-09-17,10210.6967184019,0.128543,4.334657740991311,33.72149509604013
2019-09-18,10235.6860675804,0.100212,3.3712728146481843,33.64157464427287
2019-09-19,10284.681039902,0.106739,3.5909289209206117,33.64220402612576
2019-09-20,10296.949839127,0.100698,3.384370982351529,33.60921263828325
2019-09-21,10125.0649029007,0.124823,4.191456071167747,33.579108235716454
2019-09-22,10085.1330602805,0.130164,4.374496154678436,33.60752477540293
2019-09-23,9865.87460853742,0.111951,3.759177869778085,33.57864999129495
2019-09-24,8772.43391367457,0.086377,2.889756894824101,33.45518750172152
2019-09-25,8593.33456543955,0.097375,3.2699369333401536,33.58086518119189
2019-09-26,8219.82403541841,0.134133,4.513571305915419,33.650073265922956
2019-09-27,8375.17846754462,0.164331,5.528465559791736,33.64234172765931
2019-09-28,8395.21296352117,0.177185,5.966655024754495,33.674654925068474
2019-09-29,8181.09311495935,0.189001,6.369370244357872,33.70023092997992
2019-09-30,8313.71979249385,0.174197,5.872693020755053,33.712990980995116
2019-10-01,8399.89134533326,0.160256,5.409238004404092,33.75363508230608
2019-10-02,8579.7918565564,0.138819,4.686485391790654,33.75965791503751
2019-10-03,8421.93643888283,0.101384,3.4231209396307363,33.76397881491881
2019-10-04,8328.35883521631,0.09887,3.339677021003796,33.778525012520035
2019-10-05,8340.82820462157,0.102598,3.4661881130831342,33.78414506640033
2019-10-06,8095.53335343318,0.098014,3.30935388233636,33.76407520012384
2019-10-07,8334.29635813174,0.075671,2.5521301918282844,33.72666729795988
2019-10-08,8288.86617075195,0.070849,2.384155852770264,33.65102018094582
2019-10-09,8599.85742361521,0.071515,2.4042886896187277,33.61938251440485
2019-10-10,8650.27324196,0.072573,2.4388927714801376,33.605941241894634
2019-10-11,8276.35713774535,0.07652,2.5721730718962075,33.614404396370105
2019-10-12,8347.46262435701,0.094533,3.1755281673100293,33.59165625683255
2019-10-13,8297.34972411386,0.093502,3.139039253029528,33.5719580181145
2019-10-14,8377.12391745221,0.080091,2.665960792033311,33.28682336805663
2019-10-15,8356.77477822925,0.099145,3.2860106153544653,33.14352682669467
2019-10-16,8007.76895264893,0.106493,3.523586736496506,33.08754398710593
2019-10-17,8176.30447974039,0.106401,3.5162088065313624,33.046828654448866
2019-10-18,7980.23332695576,0.13463,4.437851691542532,32.96343799725738
2019-10-19,8122.39178534545,0.150347,4.945204183576662,32.89197958672283
2019-10-20,8232.43522600217,0.151806,4.987715960156355,32.85577595479575
2019-10-21,8225.77367865012,0.108116,3.5190183712006005,32.54848837565379
2019-10-22,8055.68330776575,0.112082,3.6510525803494764,32.57486051611518
2019-10-23,7564.28642947329,0.113927,3.7111496558481565,32.574760115871065
2019-10-24,7454.82692517236,0.084464,2.7530004165387667,32.59392957614558
2019-10-25,8820.18462530599,0.087913,2.8560485169612804,32.48727387843223
2019-10-26,9246.95611239457,0.105579,3.435292678007222,32.53771052921372
2019-10-27,9543.71381079162,0.163085,5.2959778606009005,32.4736667690787
2019-10-28,9238.81899592666,0.111999,3.622303908235435,32.34222752364313
2019-10-29,9423.81549073234,0.156727,5.053967750746172,32.247029350955316
2019-10-30,9196.11033671131,0.173183,5.578848259822684,32.2135182319048
2019-10-31,9220.16964042512,0.167466,5.407646079664199,32.291088208220735
2019-11-01,9315.30007544309,0.184345,5.891695607918236,31.96019632245686
2019-11-02,9360.41390878478,0.217533,6.936676640567316,31.88797243876498
2019-11-03,9327.00812798991,0.214217,6.81825715623302,31.828711627968055
2019-11-04,9435.21244606531,0.150886,4.796199514182709,31.786988184522436
2019-11-05,9310.79075857969,0.134691,4.260423283385065,31.631208142784956
2019-11-06,9318.96225702737,0.176351,5.538234180593011,31.404521946206643
2019-11-07,9308.77692698598,0.168869,5.290967229546129,31.331734401645377
2019-11-08,8906.6867536001,0.135258,4.230576375165493,31.277725688973014
2019-11-09,8861.47667313982,0.166802,5.215574234619678,31.26804824508523
2019-11-10,9192.16082172047,0.176607,5.5173004781993376,31.240487985145077
2019-11-11,8802.80543630773,0.156881,4.893444595711221,31.19198895231411
2019-11-12,8980.77735272324,0.117416,3.648917282493351,31.076810165075305
2019-11-13,8781.66304199267,0.10723,3.3164281459823592,30.92813179357026
2019-11-14,8758.30209690455,0.109561,3.3882006189120766,30.9253384800126
2019-11-15,8694.24762695861,0.09925,3.06179096337993,30.84933831952058
2019-11-16,8724.86624259459,0.120433,3.7111715001516488,30.815352499624694
2019-11-17,8736.2305019683,0.124875,3.8375569541053025,30.731081968959355
2019-11-18,8183.52250090844,0.105738,3.231740447356191,30.563614080074093
2019-11-19,8116.93378357067,0.107025,3.2733021317401736,30.584533190021435
2019-11-20,8320.62692140835,0.107181,3.273175891507234,30.538858281126828
2019-11-21,7848.08525181198,0.10378,3.1585687414920818,30.435123756373734
2019-11-22,7448.21207152243,0.104459,3.177341434838552,30.417103511982233
2019-11-23,7321.42442523596,0.144735,4.3792005309495385,30.25677813244775
2019-11-24,7057.93999031244,0.147627,4.4566147973726995,30.18833647619983
2019-11-25,7186.68347802699,0.133753,4.030021585793223,30.13028789109464
2019-11-26,7165.70528160955,0.138861,4.175394280674781,30.068912863761383
2019-11-27,7733.72544804235,0.138993,4.191214640579279,30.15405491905608
2019-11-28,7666.29511075556,0.151668,4.556696595891344,30.043960075140554
2019-11-29,7779.62798450312,0.13434,4.012475341010969,29.868026190905105
2019-11-30,7787.01148823109,0.147052,4.413277577454972,30.011683544574186
2019-12-01,7574.12634448035,0.138958,4.202905271785964,30.245937091637234
2019-12-02,7305.57492476491,0.118614,3.5622301815502713,30.032079992017998
2019-12-03,7545.41083235614,0.120028,3.6393232189541673,30.32074301271858
2019-12-04,7193.98071276996,0.098336,3.0742660651011526,31.262780521504936
2019-12-05,7608.62942688998,0.119865,3.7942199344297673,31.654094667133972
2019-12-06,7735.39632168443,0.094483,3.0215945895350305,31.980228419845854
2019-12-07,7502.35128979071,0.114351,3.6063803007249864,31.537929564754926
2019-12-08,7733.8762168362,0.128845,4.019222119184701,31.19419312091102
2019-12-09,7344.56120236195,0.101639,3.149144636950583,30.98355168747442
2019-12-10,7440.81241755944,0.094895,2.928433097425074,30.85957119573075
2019-12-11,7424.4229027858,0.099655,3.0539275555708962,30.645045080354365
2019-12-12,7427.69858326886,0.084463,2.5425870463517812,30.102796269076293
2019-12-13,7483.45805449416,0.100535,3.0038512589496094,29.878557146977037
2019-12-14,7136.72769752214,0.114709,3.393120827809646,29.580218892288094
2019-12-15,7376.47508854449,0.119441,3.506444031455582,29.357069965852396
2019-12-16,7129.41866768372,0.100944,2.9391590629799778,29.116656863198372
2019-12-17,6854.12393636706,0.074472,2.15220327784004,28.899380314449406
2019-12-18,7280.76719338046,0.090327,2.6004460914461607,28.789259338902948
2019-12-19,7452.18905169472,0.111428,3.1841994350045977,28.57618438733964
2019-12-20,7408.17857141814,0.119152,3.3426963120325084,28.05399800859833
2019-12-21,7430.24414028109,0.142539,3.9696478025565027,27.849578172227297
2019-12-22,7510.99925021541,0.153782,4.2527212282109765,27.654203717358808
2019-12-23,7318.88146882871,0.129512,3.550984821755535,27.418125310869048
2019-12-24,7539.52777818475,0.122587,3.3414614728154484,27.25784843430805
2019-12-25,7196.85713646088,0.11264,3.0601892594836184,27.167892189402448
2019-12-26,7195.35824383555,0.116559,3.139900454281227,26.938233511932538
2019-12-27,7244.89104712088,0.105953,2.834706194854369,26.754302219141664
2019-12-28,7296.68531645153,0.122732,3.263376929734871,26.589467471657343
2019-12-29,7634.77263573633,0.124316,3.281567704414463,26.39692209297752
2019-12-30,7455.46908193393,0.105757,2.7026695586818987,25.55537859020355
2019-12-31,7441.09262129824,0.1439,3.6316847148811373,25.237645381815746
2020-01-01,7440.9171103844,0.155105,3.87025054201038,24.952406980425256
2020-01-02,7241.52172520657,0.13799,3.4038527622453256,24.667464478361815
2020-01-03,7509.88166349584,0.118344,2.899221858244083,24.498268934877643
2020-01-04,7413.57349224863,0.15602,3.7822463424070953,24.242071650005926
2020-01-05,7585.66924367672,0.158202,3.8102984169753817,24.08501326660601
2020-01-06,7953.72902693968,0.110298,2.6364693843930045,23.903095337442576
2020-01-07,8297.711358747,0.114913,2.62816297176211,22.870894496325263
2020-01-08,8178.62682072587,0.124862,2.8337699018678317,22.695127112355834
2020-01-09,8080.63706321322,0.121608,2.7381437115364533,22.516080369066103
2020-01-10,8423.92594181755,0.149321,3.3395440692444893,22.36493559626891
2020-01-11,8024.25385881086,0.180579,4.012252847849448,22.218793144509213
2020-01-12,8247.04062877384,0.181695,3.9940018566135875,21.981851708543854
2020-01-13,8343.47348803554,0.158709,3.470480624678478,21.86698424861577
2020-01-14,8859.46516792309,0.144996,3.1602200556838174,21.795238883440252
2020-01-15,8973.55365349339,0.168646,3.6813827105882426,21.82905289358843
2020-01-16,8759.51833101199,0.20278,4.399111167640357,21.694012028671484
2020-01-17,9044.16436355555,0.19509,4.1777002634234295,21.41418669022983
2020-01-18,8931.7519068645,0.296378,6.314746696446283,21.306374746345423
2020-01-19,8729.45710683362,0.252956,5.3552049743189745,21.17051229165071
2020-01-20,8827.25596417741,0.216919,4.569530605312649,21.0655854829801
2020-01-21,8924.98671544368,0.235322,4.9494187978558415,21.032500276085727
2020-01-22,8660.32781683201,0.167341,3.500767901729796,20.91990492845637
2020-01-23,8550.87196408555,0.195019,4.043203990562018,20.732406262896387
2020-01-24,8587.88921968479,0.207761,4.278297562707826,20.592395903990102
2020-01-25,8412.77855792057,0.222414,4.5613658353295135,20.508452919782897
2020-01-26,8809.642184284,0.220612,4.5019942842105065,20.406816642411847
2020-01-27,9038.54469651087,0.19965,4.059180794712463,20.331481097897697
2020-01-28,9375.97789501837,0.194603,3.935569972569552,20.22357277694716
2020-01-29,9299.96162663326,0.151834,3.038462463024815,20.01170275002139
2020-01-30,9493.08554046166,0.152368,3.025183768630532,19.85439853123483
2020-01-31,9335.05194305678,0.17515,3.4486758136209943,19.689862512945155
2020-02-01,9403.60060640837,0.272338,5.354712424596246,19.66198547459761
2020-02-02,9323.72322592627,0.300419,5.883780179331821,19.58527307931781
2020-02-03,9286.36024013443,0.234103,4.461671632453791,19.058623715975866
2020-02-04,9176.00032436048,0.30333,5.684013636183218,18.738681543901052
2020-02-05,9612.73129312167,0.333269,6.207899208115359,18.627313844113292
2020-02-06,9752.83181034061,0.295157,5.451564169517362,18.470054976522245
2020-02-07,9808.25637627188,0.338933,6.036257100080008,17.80960438716816
2020-02-08,9893.41266668696,0.454248,8.009708410477092,17.63289910707359
2020-02-09,10159.8468361936,0.5254,9.220524481901215,17.549537401547475
2020-02-10,9846.74578370377,0.370353,6.4440909317933075,17.39985952292647
2020-02-11,10237.308198372,0.413491,7.1587530067906755,17.312938919443226
2020-02-12,10339.4685845639,0.441037,7.607453932915575,17.24899747218816
2020-02-13,10225.3954195325,0.416077,7.126491322696396,17.127822826982197
2020-02-14,10347.9412053541,0.370637,6.328260116641788,17.074014683228334
2020-02-15,9899.92905239554,0.323688,5.50520738065439,17.00776788302184
2020-02-16,9938.8747781215,0.337872,5.730472992951743,16.960482114399355
2020-02-17,9705.57263992697,0.254667,4.3036156492659,16.898999822269488
2020-02-18,10176.9112915874,0.241474,4.066054446408459,16.838509062006143
2020-02-19,9603.59179932087,0.320933,5.362751334971524,16.709897267820743
2020-02-20,9753.18206686123,0.347085,5.772708905663215,16.631994384414828
2020-02-21,9725.82402100957,0.407378,6.7851912689786635,16.655762608983462
2020-02-22,9864.95845678748,0.424068,6.9407087791440745,16.3669816419314
2020-02-23,9976.31729254294,0.433337,7.057237471829079,16.285813072594696
2020-02-24,9794.02400647799,0.394714,6.412477752599805,16.245895061997956
2020-02-25,9370.60782070447,0.29026,4.709843351535569,16.22630391671287
2020-02-26,8805.10601546749,0.304121,4.912555308522354,16.15330076676883
2020-02-27,8834.23208091019,0.261613,4.220221585828419,16.131520807808037
2020-02-28,8704.42728079738,0.251754,4.101324770134975,16.29097035772921
2020-02-29,8523.04038517677,0.32056,5.189544533567792,16.189003195226004
2020-03-01,8654.73740278669,0.333416,5.372322917244082,16.112954321584258
2020-03-02,8925.19525740527,0.305755,4.905008920017472,16.042300182781005
2020-03-03,8762.03229531437,0.256442,4.0838535057738845,15.925082565625662
2020-03-04,8825.74030878652,0.273784,4.257891787427068,15.551996518432246
2020-03-05,9289.64862516547,0.351091,5.4392892015596495,15.492538218445109
2020-03-06,9201.63236572705,0.329455,5.07080548839419,15.391505298594629
2020-03-07,9117.72760312678,0.35421,5.431852716739882,15.335107370326922
2020-03-08,8109.13334083755,0.347029,5.30092954079693,15.275183914457013
2020-03-09,7934.77087679265,0.301137,4.594701277908068,15.25784775264118
2020-03-10,8154.08625794656,0.306344,4.6613829333379035,15.216161346787695
2020-03-11,8210.61535148085,0.232731,3.5436034685365643,15.226148896892818
2020-03-12,4837.32127554015,0.27233,4.1649409055045545,15.29374146407666
2020-03-13,5631.97293041623,0.33408,5.1609689036759585,15.44831516307873
2020-03-14,5193.49593749969,0.43851,6.759852726713792,15.415494958511053
2020-03-15,5382.38878298045,0.476161,7.313796027340177,15.359924441107873
2020-03-16,5108.45858990639,0.41467,6.364694106602357,15.348806963645776
2020-03-17,5497.03945252489,0.42181,6.462782631762178,15.321531032623929
2020-03-18,5474.32622639066,0.347116,5.3146844096401535,15.31099609178988
2020-03-19,6386.20624595847,0.294946,4.5117590637584915,15.296899424986696
2020-03-20,6218.97507235305,0.250302,3.815268239744184,15.24263516961104
2020-03-21,6373.71211016573,0.322556,4.932660617847828,15.29241800693281
2020-03-22,5902.94302850539,0.325036,4.959164343754085,15.257265645911463
2020-03-23,6510.28301229095,0.285062,4.338555997704748,15.21970609777268
2020-03-24,6764.90235664289,0.234652,3.562970999190078,15.184093791362798
2020-03-25,6732.13525849177,0.288933,4.369825492022858,15.123994951821459
2020-03-26,6799.24658729842,0.304781,4.59447305576671,15.074648987729102
2020-03-27,6608.30190699645,0.244168,3.6755898358953014,15.053534250205201
2020-03-28,6255.7111013077,0.281253,4.233101705119768,15.050879723748933
2020-03-29,5902.66037975136,0.294752,4.402415824645429,14.935981428607711
2020-03-30,6604.69028233354,0.231249,3.4523312496780276,14.929094762462945
2020-03-31,6421.35877324677,0.202083,3.0146232774727384,14.91777817086415
2020-04-01,6633.66281207525,0.219835,3.297451407884005,14.999643814180004
2020-04-02,6945.26780180217,0.257425,3.862528007062201,15.004493530347986
2020-04-03,6813.68612736077,0.256148,3.8473434125251864,15.020008731810737
2020-04-04,6962.80545203319,0.293826,4.418350750718383,15.037320100611645
2020-04-05,6899.45808968313,0.296376,4.45428118802748,15.029164500296192
2020-04-06,7324.71438682949,0.230244,3.455596810055463,15.008438942088818
2020-04-07,7182.0694610853,0.236472,3.530951053057054,14.931789535446239
2020-04-08,7419.50678996563,0.218238,3.255119269930972,14.915446673226715
2020-04-09,7288.37088722667,0.198598,2.955657526842425,14.882636707712086
2020-04-10,6884.31714076024,0.235706,3.5227524754556843,14.945529835592913
2020-04-11,6876.54354385171,0.337255,5.029505281445832,14.91306347626735
2020-04-12,6934.91789792915,0.339371,5.047587099251658,14.873363048499796
2020-04-13,6858.63583836966,0.228659,3.3979448737431652,14.860345833549173
2020-04-14,7092.60984616508,0.289985,4.307667990241187,14.85477792250268
2020-04-15,6854.77180372965,0.265557,3.9464182215519408,14.860883070145075
2020-04-16,7101.25897789595,0.210481,3.129270545154667,14.867226417735525
2020-04-17,7044.99750434058,0.228486,3.3945131269976607,14.856561152706394
2020-04-18,7278.67435839077,0.270602,4.022232225314886,14.863990504554287
2020-04-19,7196.7378868904,0.276519,4.047816951441218,14.638477271667009
2020-04-20,6956.9807038754,0.181604,2.6497299512726555,14.59070312639834
2020-04-21,6900.31758940102,0.188892,2.7622232591889735,14.623327916280772
2020-04-22,7207.93050757476,0.173903,2.534168223065493,14.572344222290113
2020-04-23,7496.42300165878,0.166308,2.438129000607101,14.660288581800891
2020-04-24,7520.88587306134,0.186349,2.7250004829095293,14.623141468573797
2020-04-25,7562.90554105182,0.276943,4.047629910343604,14.615367399714984
2020-04-26,7677.2048449588,0.28296,4.127097797189008,14.585456849940588
2020-04-27,7698.02545541384,0.242522,3.486163051900483,14.37462129200863
2020-04-28,7777.06600578363,0.318333,4.559365745415903,14.322615111467409
2020-04-29,8796.55715768272,0.203691,2.8777149640165316,14.127834902059904
2020-04-30,8646.09346578049,0.358766,5.134065801314175,14.310347409384317
2020-05-01,8849.40817807646,0.468155,6.639682315840575,14.182663069071879
2020-05-02,8982.09057593528,0.54387,7.715201080171114,14.1857541884493
2020-05-03,8934.84463316123,0.495858,6.9881167906509,14.092974961843149
2020-05-04,8908.78629947007,0.528452,7.429599232900128,14.05916220238073
2020-05-05,9017.98016239598,0.463598,6.517470426136778,14.058467395784344
2020-05-06,9161.25884067051,0.415148,5.773880514113303,13.907999017382297
2020-05-07,9971.23131878634,0.289278,3.9593956275853133,13.68715679415821
2020-05-08,9801.65390836398,0.391007,5.367294404226856,13.726835668449448
2020-05-09,9548.62821173925,0.411309,5.641176330969668,13.715163711205763
2020-05-10,8740.4179326506,0.533422,7.324071259431633,13.730361626572709
2020-05-11,8641.00220583123,0.428936,5.880210528709396,13.708823448036242
2020-05-12,8875.79917297786,0.415104,5.779266318598891,13.922468272293989
2020-05-13,9297.38596150461,0.409705,5.713580017818463,13.945580103946824
2020-05-14,9758.49501265674,0.407494,5.6928701729535875,13.970429177742508
2020-05-15,9314.74502176767,0.382952,5.352040921104822,13.975743032802237
2020-05-16,9387.04146504907,0.44187,6.092021015173708,13.786896348048272
2020-05-17,9671.06469824559,0.447583,6.182149038824149,13.812292855073002
2020-05-18,9706.90475344103,0.370365,5.126611216302322,13.842051703404367
2020-05-19,9772.15111515857,0.34304,4.773446130376364,13.915118664742302
2020-05-20,9513.98697325318,0.338492,4.724474541373719,13.957412830407218
2020-05-21,9065.8802917068,0.340272,4.751926134668724,13.965061716706973
2020-05-22,9174.22114726037,0.351531,4.885785272855299,13.898605808070755
2020-05-23,9178.12170710802,0.387199,5.465820370336808,14.116316211003126
2020-05-24,8733.04352827803,0.369747,5.2351879746790955,14.158840082689203
2020-05-25,8976.2996446713,0.255067,3.624207320916159,14.20884493351311
2020-05-26,8836.16271690057,0.310194,4.423097937839763,14.259115588691943
2020-05-27,9239.29481173782,0.245675,3.5168400458928226,14.315009727056292
2020-05-28,9567.99818292576,0.277116,3.9703578657964487,14.327414564971821
2020-05-29,9423.86930534028,0.250159,3.582746612222503,14.321874210282804
2020-05-30,9696.46441073909,0.327488,4.705362946223623,14.368053414947916
2020-05-31,9450.9515134233,0.319606,4.593882980120361,14.373587937066734
2020-06-01,10189.9790223102,0.2292,3.293809778751965,14.370882724959609
2020-06-02,9532.84938215527,0.256084,3.6792363497413594,14.367304323637892
2020-06-03,9663.70697000841,0.328817,4.728552202477624,14.380503427778715
2020-06-04,9795.62269140986,0.291152,4.43078573077497,15.218123354929535
2020-06-05,9626.47795503711,0.300678,4.582651679976932,15.241070057936385
2020-06-06,9677.23142207293,0.390585,5.947805008357748,15.227944609447515
2020-06-07,9751.28064058002,0.378212,5.731833249968039,15.155082898452964
2020-06-08,9780.99619651199,0.292295,4.401431434094209,15.058197095530025
2020-06-09,9777.32282153703,0.254288,3.827331329482276,15.051154367473588
2020-06-10,9883.85776375287,0.259404,3.8962161337069134,15.019902170006118
2020-06-11,9272.36764252557,0.244496,3.697450946411299,15.122776951524816
2020-06-12,9465.31643360108,0.2597,3.936127126019717,15.156460742583782
2020-06-13,9474.17785160749,0.303386,4.598340761601417,15.156723274061486
2020-06-14,9335.64807084669,0.320194,4.843107756569199,15.12551875987255
2020-06-15,9500.63565042032,0.222362,3.376112686654395,15.18296883133615
2020-06-16,9530.47708115578,0.207405,3.1737549351935255,15.302244543720041
2020-06-17,9457.67367065552,0.184682,2.836246202216459,15.357499046689432
2020-06-18,9379.76179791113,0.214906,3.33773789824475,15.531116914688523
2020-06-19,9300.30726072619,0.220543,3.4288902723094865,15.547478282240425
2020-06-20,9350.03681802414,0.304329,4.743556778507279,15.586961713894855
2020-06-21,9286.00592889455,0.309559,4.861362629698329,15.704177147293132
2020-06-22,9691.18891001144,0.253267,3.992592312157833,15.76437389447224
2020-06-23,9623.62738620504,0.245986,3.8938079356756727,15.82939143150321
2020-06-24,9290.90001196646,0.263844,4.201820895551491,15.92538221589804
2020-06-25,9261.12661219675,0.268171,4.388481174844542,16.36449308870414
2020-06-26,9158.20219830445,0.233446,3.8461356072366333,16.475454271920796
2020-06-27,9014.37949959402,0.334577,5.596202957518373,16.726191542311067
2020-06-28,9122.15583492354,0.325565,5.471887678240814,16.807357195484183
2020-06-29,9187.70772585798,0.297423,5.041694535210946,16.95126419764578
2020-06-30,9151.48059555084,0.279935,4.753837360854952,16.981926860469258
2020-07-01,9238.68796305122,0.269204,4.580351877092106,17.01441868242184
2020-07-02,9090.71684868815,0.252263,4.3222739475636995,17.134002012043275
2020-07-03,9077.5693435839,0.220984,3.828110748821097,17.323029551829105
2020-07-04,9199.48374811664,0.256672,4.456059369909715,17.3608801496231
2020-07-05,9084.22499513658,0.243576,4.235151954184063,17.387398957014334
2020-07-06,9342.21069384062,0.198565,3.4575958479467293,17.412883452237242
2020-07-07,9258.70267718087,0.178803,3.1337112975737513,17.526041354667342
2020-07-08,9434.09323919054,0.173971,3.0501123700829673,17.532317798806474
2020-07-09,9237.95181407941,0.183279,3.2238188962516436,17.58968413068971
2020-07-10,9292.76555662409,0.18735,3.3501460724215186,17.88173578269288
2020-07-11,9237.055586659,0.22133,4.025221785920279,18.186527784549558
2020-07-12,9301.43648076496,0.225474,4.105383134096466,18.20775715655925
2020-07-13,9238.91703811033,0.165902,3.0288838522885317,18.257103757529972
2020-07-14,9249.50765728192,0.168025,3.0654906064693526,18.244217273390145
2020-07-15,9196.22518054187,0.167601,3.063918775678673,18.280987473824297
2020-07-16,9133.22102443796,0.170225,3.117363167274374,18.313173434656346
2020-07-17,9190.16402227187,0.17734,3.2520006378984463,18.337630643945413
2020-07-18,9199.70458550249,0.19972,3.7485659792021675,18.769103372032372
2020-07-19,9208.64012901127,0.207375,3.898891659992412,18.80120462415592
2020-07-20,9191.36788919978,0.173867,3.272680559267846,18.82291888508834
2020-07-21,9393.46927473282,0.156509,2.9355349194702676,18.756372221894043
2020-07-22,9531.85160958969,0.153282,2.86756962734262,18.707837636505644
2020-07-23,9608.22007304956,0.156953,2.9760605965455227,18.961442466440268
2020-07-24,9549.51963017547,0.166351,3.1527669250301438,18.95244171293915
2020-07-25,9706.50154629203,0.196835,3.7297345010611545,18.94856790486075
2020-07-26,9942.71401285302,0.207009,3.9211290100918927,18.941819043740303
2020-07-27,11036.7393065731,0.177681,3.353013101553359,18.87098740140286
2020-07-28,10919.8556552348,0.198035,3.863228741646189,19.507775808341627
2020-07-29,11113.977042444,0.250285,4.882840012919802,19.509081071250556
2020-07-30,11114.4610092257,0.260101,5.061533657975419,19.459877325344944
2020-07-31,11351.5430232964,0.279356,5.433122848722021,19.448763779239126
2020-08-01,11814.9456927668,0.314921,6.113344730262327,19.41229280359013
2020-08-02,11067.9597735259,0.330539,6.407359573049325,19.38460604693633
2020-08-03,11231.253843676,0.282617,5.4802085552363575,19.39090636268807
2020-08-04,11195.8608235587,0.29241,5.750946212664484,19.667375038389782
2020-08-05,11758.0533726969,0.282014,5.676450414858409,20.12826553226007
2020-08-06,11771.1881935415,0.284783,5.782003249074668,20.30315452627718
2020-08-07,11614.7218569286,0.34376,6.966283475851528,20.26493568280847
2020-08-08,11777.1026053991,0.397649,8.025423506307062,20.182184136328864
2020-08-09,11694.4612084789,0.429951,8.67142623597014,20.1683903102168
2020-08-10,11897.7501143332,0.359256,7.23284576320307,20.132870536071064
2020-08-11,11396.7438904613,0.362356,7.284347882242137,20.10276460173718
2020-08-12,11579.2310031057,0.395786,7.909633697175512,19.984600152127825
2020-08-13,11780.9029293741,0.335024,6.693477055202088,19.979069336700555
2020-08-14,11776.6494852842,0.276996,5.5349951056107995,19.98218914120359
2020-08-15,11859.3632764381,0.277401,5.5417160492571425,19.977279662410712
2020-08-16,11915.551267586,0.30435,6.056977081444014,19.901322508861856
2020-08-17,12289.4162465931,0.257652,5.0862488440159295,19.740733821683254
2020-08-18,11978.094631518,0.258978,5.106943477593296,19.719578319458314
2020-08-19,11753.607402852,0.266746,5.268009723818267,19.749183867958724
2020-08-20,11872.4459646607,0.278016,5.465049433319695,19.65730198133079
2020-08-21,11529.1326373421,0.282991,5.531234260880273,19.545602937730933
2020-08-22,11678.1463519109,0.313229,6.10976886928135,19.505736396677285
2020-08-23,11652.6965735495,0.317417,6.183500053840934,19.480708936118003
2020-08-24,11771.9887459104,0.266374,5.171183912292405,19.4132174491518
2020-08-25,11334.2521266748,0.244126,4.737863460698146,19.407439977119378
2020-08-26,11462.8624022718,0.230203,4.444728869995194,19.307898840509452
2020-08-27,11321.4927768167,0.213569,4.117155008184716,19.277878326843936
2020-08-28,11533.1050139327,0.203146,3.8834477006088117,19.116512586048042
2020-08-29,11474.8363395285,0.24434,4.651574910396539,19.03733740106308
2020-08-30,11712.4900927385,0.282988,5.383185646261071,19.022642223674623
2020-08-31,11680.0334313373,0.238757,4.520480423680212,18.933397696412797
2020-09-01,11922.6469236938,0.269684,5.098420730249081,18.90513174765791
2020-09-02,11403.7637041681,0.275594,5.2146975639423685,18.92166811079971
2020-09-03,10173.1401308123,0.283476,5.427864359693756,19.147557667248993
2020-09-04,10484.64592283,0.311392,5.975329175226475,19.18905940820673
2020-09-05,10173.4383593761,0.327515,6.577477539645895,20.08296736860066
2020-09-06,10259.0252459539,0.335911,6.745504872431996,20.081252980878215
2020-09-07,10374.8515352505,0.274964,5.526273522939411,20.09815057713322
2020-09-08,10126.7840716942,0.253266,5.095849804008029,20.120549640595495
2020-09-09,10225.0875832591,0.23775,4.785912630162739,20.129994902550507
2020-09-10,10341.9430819595,0.202259,4.075557959312215,20.150150612087636
2020-09-11,10390.8900101108,0.176638,3.557440363373479,20.139762635783065
2020-09-12,10444.82900808,0.21769,4.3864987577738095,20.150232821273644
2020-09-13,10331.4465059812,0.223774,4.505353143367631,20.13351410734039
2020-09-14,10671.5989084194,0.18229,3.6683968739702375,20.123940946529082
2020-09-15,10790.5305483097,0.189422,3.811805341368899,20.12338736742746
2020-09-16,10954.6383216935,0.197472,3.96401292491327,20.07382316544839
2020-09-17,10942.4970165505,0.219016,4.390289566338729,20.04550416897322
2020-09-18,10937.6140823815,0.199743,3.998568073307563,20.01853263247632
2020-09-19,11083.7460368869,0.239017,4.770413153139673,19.958441222194978
2020-09-20,10922.7788838165,0.261627,5.226602640993542,19.97731447971374
2020-09-21,10421.821494943,0.228453,4.554848732910561,19.937829705455535
2020-09-22,10535.0045451779,0.2142,4.271529002800175,19.94178119291752
2020-09-23,10231.6307459128,0.211766,4.244497045824702,20.04329319062548
2020-09-24,10736.4653105566,0.213339,4.300715560263612,20.159095937902176
2020-09-25,10692.6356047524,0.265155,5.337906456175354,20.131296512368408
2020-09-26,10730.8636925432,0.306016,6.1668773247154185,20.152141722444643
2020-09-27,10774.4086261163,0.306905,6.196108837287454,20.188996196616582
2020-09-28,10695.8133215283,0.281221,5.668536757781349,20.15687324974413
2020-09-29,10848.5659049815,0.265604,5.329216590097198,20.064515061873234
2020-09-30,10784.266015926,0.281112,5.622326380988251,20.000315928010874
2020-10-01,10623.2260617153,0.232089,4.643631897161523,20.008009105057884
2020-10-02,10580.4211386842,0.229448,4.590285561521098,20.005762139441785
2020-10-03,10556.5555355343,0.28851,5.775594745774933,20.0187258640063
2020-10-04,10682.7638617614,0.287973,5.763183558265778,20.01294493569847
2020-10-05,10794.913705387,0.249925,4.99994683311781,20.005817029529627
2020-10-06,10607.002857884,0.247169,4.944704350287806,20.00537152856888
2020-10-07,10675.5299841504,0.213761,4.29175001522104,20.077325707812577
2020-10-08,10927.9946157921,0.217583,4.367569847948619,20.07310119024073
2020-10-09,11060.6767626737,0.199237,3.987582131877503,20.014279295902433
2020-10-10,11300.5914423382,0.259106,5.183701465398057,20.006128763090505
2020-10-11,11373.5221892592,0.279306,5.585150679726802,19.996552423755833
2020-10-12,11539.3047487149,0.212577,4.245116209064897,19.969819744182807
2020-10-13,11427.2750478001,0.208276,4.157276828064472,19.960421157131066
2020-10-14,11424.9324427832,0.229347,4.580220040828193,19.970687975988902
2020-10-15,11514.6858187381,0.223792,4.464407227349569,19.9488877227781
2020-10-16,11330.2004109902,0.226156,4.513795085977245,19.958743913667952
2020-10-17,11370.8721376176,0.269765,5.393334620190993,19.992738834058706
2020-10-18,11514.7598621066,0.276198,5.51695351314815,19.974633463395087
2020-10-19,11764.7797306918,0.23397,4.595941049590735,19.643316767839973
2020-10-20,11929.1257898298,0.220186,4.334526644191335,19.685731773015398
2020-10-21,12818.1779551961,0.238326,4.685259897062635,19.659075328031136
2020-10-22,12975.8080278772,0.262946,5.112720516197444,19.444010317554284
2020-10-23,12938.7752350862,0.363581,6.82191024235188,18.763115712566005
2020-10-24,13127.4639473113,0.502023,9.389561053170329,18.703458962564746
2020-10-25,13038.2990820896,0.57793,10.706201004155435,18.52507519880707
2020-10-26,13069.5502982544,0.469112,8.686454738898464,18.516815261030402
2020-10-27,13646.5458450135,0.4621,8.543673025996645,18.488782854941572
2020-10-28,13281.8442701427,0.463935,8.554680676354455,18.439392065148713
2020-10-29,13458.9959620919,0.422006,7.757366366699204,18.38212279563653
2020-10-30,13567.5568041081,0.366855,6.704223120989857,18.274868792927602
2020-10-31,13801.3834959702,0.403667,7.399221621565867,18.330023007208187
2020-11-01,13762.2235164788,0.415417,7.596327858062401,18.286027845055827
2020-11-02,13565.4857897092,0.363963,6.5749246348508485,18.06484039983743
2020-11-03,14018.3308531961,0.34784,6.194289609019326,17.807860425399028
2020-11-04,14155.0471342057,0.42389,7.553915453245766,17.82044060606836
2020-11-05,15595.7718768751,0.428166,7.576309133231059,17.694802786346532
2020-11-06,15585.520544557,0.478237,8.409306529389676,17.583957439626104
2020-11-07,14844.0726126198,0.579771,10.177193411402829,17.55381079443557
2020-11-08,15488.7180600669,0.614557,10.716778234516614,17.438217207860554
2020-11-09,15330.3539426136,0.590684,10.254930914230439,17.361116927169334
2020-11-10,15314.2732888852,0.509112,8.818175911889316,17.32069677164356
2020-11-11,15704.8806554678,0.469895,8.106592631119875,17.251912414164888
2020-11-12,16297.3567012793,0.437934,7.559597835645889,17.261949780395504
2020-11-13,16328.2672144497,0.406762,6.991600692079348,17.18842618308728
2020-11-14,16077.9656982454,0.463693,7.960164529964612,17.166874966483086
2020-11-15,15962.1115572342,0.425834,7.303491076436761,17.151048095362714
2020-11-16,16708.2990479659,0.35469,6.061349130475004,17.08915544834958
2020-11-17,17668.908331884,0.358881,6.105766133781237,17.013338826491182
2020-11-18,17835.7087250275,0.411525,6.91998337670144,16.815482123375915
2020-11-19,17817.7621238241,0.537429,8.997657439881616,16.742044083671466
2020-11-20,18675.5462601674,0.50251,8.373030667254328,16.66240801642417
2020-11-21,18683.8382743241,0.688181,11.467190124817188,16.66303560420168
2020-11-22,18423.4482593986,0.735351,12.240921388783258,16.646368436295052
2020-11-23,18365.9472311334,0.662025,11.174409000966051,16.879123091047955
2020-11-24,19118.1212264696,0.603037,10.06907893823282,16.697289076059867
2020-11-25,18716.597689569,0.540246,8.982147997008322,16.626047063192495
2020-11-26,17170.1629922405,0.569088,9.386843978264173,16.494536867459
2020-11-27,17139.9407519173,0.476314,7.8399358959767715,16.459593184875327
2020-11-28,17747.7230225413,0.550008,9.05910676033545,16.47086016650054
2020-11-29,18200.8370844748,0.551986,9.019794470590346,16.340625506327147
2020-11-30,19667.5007343055,0.442917,7.092170937193521,16.012412993709393
2020-12-01,18789.9257000042,0.471638,7.505569706931715,15.913820462833755
2020-12-02,19224.1305513393,0.541107,8.431385173364715,15.581733950223425
2020-12-03,19448.8607442943,0.598188,8.754303433421155,14.634701205336908
2020-12-04,18674.3518102332,0.544284,7.681138058823403,14.112372692381127
2020-12-05,19165.8438974842,0.737351,10.161160736739024,13.78063526477614
2020-12-06,19381.4358796147,0.746638,10.265339650994077,13.748741931682408
2020-12-07,19187.763155816,0.621148,8.468376852422157,13.633420893019613
2020-12-08,18324.9769050087,0.529096,7.190426211359921,13.590018057750433
2020-12-09,18562.2248181049,0.530369,7.2010621941123,13.577468483399555
2020-12-10,18253.1866479509,0.515174,6.959259445623164,13.508565863049215
2020-12-11,18039.7802459044,0.444335,5.999055509300753,13.501208725763957
2020-12-12,18796.2128174809,0.540815,7.257165551489644,13.418952290933952
2020-12-13,19173.81442723,0.618768,8.19865273075823,13.249953217594875
2020-12-14,19261.7011273338,0.650417,8.578817769082876,13.189725324775688
2020-12-15,19438.8601450301,0.565078,7.41506798366043,13.122200446726328
2020-12-16,21354.4080754298,0.585605,7.580622221476704,12.944948418088972
2020-12-17,22819.8456124226,0.594175,7.542866533787439,12.694687993683228
2020-12-18,23135.7560798906,0.866993,10.748043022606362,12.396917529861271
2020-12-19,23861.6771924341,1.228981,15.114396771855464,12.298316948133431
2020-12-20,23488.7747822642,1.202615,14.41155527759848,11.983517263142708
2020-12-21,22743.6464887522,1.170621,13.826570767182568,11.811313653277438
2020-12-22,23827.4312815865,1.179828,13.579819804249194,11.510001539558887
2020-12-23,23275.9181453675,1.3189,14.998888973905336,11.372275760738198
2020-12-24,23739.9969021727,1.225187,13.806527285797237,11.268914847122488
2020-12-25,24684.0177155461,1.222073,13.743649839629791,11.246175752811368
2020-12-26,26472.3048620795,1.183156,13.224356372456716,11.177186253327896
2020-12-27,26244.3979774799,1.041189,11.484322991976367,11.030003279424514
2020-12-28,27055.8675960945,1.214699,12.83812175170546,10.568969628764105
2020-12-29,27381.8120727193,1.330623,13.842919729002322,10.403336243815376
2020-12-30,28878.7491611544,1.363544,14.010586631116029,10.275129507037061
2020-12-31,28979.3222619658,1.404971,14.275307694660647,10.16057367579225
2021-01-01,29389.3213460805,1.534898,15.402668515382777,10.034981278332326
2021-01-02,32204.4060882031,1.751572,17.080970264882247,9.751794938739819
2021-01-03,33050.0373376062,1.883402,17.96743194288138,9.539881490697853
2021-01-04,32074.3115511574,1.850065,17.316429790747655,9.359901806809741
2021-01-05,34035.598151908,1.868773,17.19810342471631,9.202884507651996
2021-01-06,36893.4240956537,1.852754,16.733617336261776,9.031753083106713
2021-01-07,39519.7736643907,1.937199,16.93293026405893,8.740933742439063
2021-01-08,40736.1542479504,2.140476,18.176624113993086,8.491859663585739
2021-01-09,40308.7304185015,2.6075,21.588517861426656,8.279394013003369
2021-01-10,38290.515852761,2.785071,22.80162441413001,8.1870885206178
2021-01-11,35550.7990714535,2.515438,20.467980897450317,8.136944325179368
2021-01-12,34095.1621488013,2.428908,19.60452518639626,8.071333593572758
2021-01-13,37400.4308787808,2.394155,19.20844099268027,8.02305679189663
2021-01-14,39185.3108948774,1.963128,15.369834955008317,7.829258235634832
2021-01-15,36839.6305380535,1.797751,13.884655720194083,7.723348955402392
2021-01-16,36081.1602147202,1.792953,13.803608165309129,7.698812425047262
2021-01-17,35826.2364690777,1.681,13.006171117890004,7.737163145773517
2021-01-18,36637.6966419414,1.476645,11.35810009658902,7.691825971000862
2021-01-19,35983.2957290893,1.27584,9.76298326951486,7.652202173380414
2021-01-20,35538.1364151362,1.330027,10.14549934396085,7.628038933412793
2021-01-21,30825.698086867,1.217373,9.251125119918989,7.599255552109931
2021-01-22,33024.8329479714,1.189266,9.042619277459712,7.603528001724814
2021-01-23,32119.9893093566,1.357874,10.318588556079977,7.599077213752843
2021-01-24,32271.9648997127,1.376841,10.446987536600874,7.587651294384723
2021-01-25,32288.5370474562,1.19238,9.021302660920654,7.565793631919666
2021-01-26,32537.857545666,0.961598,7.271204094688076,7.561581613304122
2021-01-27,30458.0711638745,0.830848,6.252468181072171,7.52540510019394
2021-01-28,33397.9166485297,0.878638,6.604315229140495,7.5165384760794005
2021-01-29,34284.6741806098,0.831511,6.191783862313294,7.44642235704422
2021-01-30,34277.8128595616,1.167429,8.666268662161198,7.423378979220454
2021-01-31,33112.7065946175,1.314818,9.692184529130564,7.371503010581365
2021-02-01,33512.6416833693,1.177345,8.666762224958534,7.3612745479206065
2021-02-02,35472.6097236885,1.245107,9.128736511415456,7.331686499906023
2021-02-03,37613.7489972289,1.243637,9.081360549425153,7.302257263127639
2021-02-04,36967.84118732,1.144926,8.300814265092015,7.250088460740913
2021-02-05,38248.0427781026,1.262236,9.053894303591239,7.172902127500594
2021-02-06,39220.9573682299,1.357275,9.698071287642653,7.14525391698939
2021-02-07,38861.9901427614,1.456338,10.356964432702084,7.111647655052284
2021-02-08,46342.7016672751,1.266825,8.904498452080349,7.028987509693827
2021-02-09,46479.4103456098,1.395197,9.609403177182946,6.887486845647295
2021-02-10,44846.072359375,1.895399,12.884937072331551,6.79800712048001
2021-02-11,47992.8833260871,2.042264,13.759845977506245,6.737546467688744
2021-02-12,47396.7466850019,2.010662,13.465678743190809,6.697136969454438
2021-02-13,47160.7296052015,2.410356,16.080858014431783,6.671569543270471
2021-02-14,48654.4957152627,2.393792,15.913723420439121,6.647915223747006
2021-02-15,47935.5077863674,2.200214,14.40174952004543,6.545612615358589
2021-02-16,49166.6672162532,1.751376,11.384294091732913,6.500200890594663
2021-02-17,52126.9911934531,1.840204,11.814484613661737,6.420202404508538
2021-02-18,51632.4308224497,1.936691,12.287538836307952,6.344603390610997
2021-02-19,55971.8711359096,1.588814,9.879197379664273,6.217969490406443
2021-02-20,56052.4900636912,2.496168,15.190861659545627,6.085671735551789
2021-02-21,57550.822756313,2.811368,16.939049577334302,6.025198233525618
2021-02-22,54186.9244533631,2.763575,16.704657655225684,6.044582619586094
2021-02-23,48960.8077850202,2.801725,16.771474489107618,5.986123873223809
2021-02-24,49771.3128687891,3.080322,18.223317397457,5.916043309968131
2021-02-25,47054.5546276911,2.979173,17.467650276566,5.863255445727744
2021-02-26,46387.7972375531,2.408241,13.960984068149015,5.79716962425271
2021-02-27,46238.1915529868,2.586522,14.84841855199792,5.7406901423179235
2021-02-28,45234.823649694,2.795005,16.027117803099273,5.734199985855577
2021-03-01,49682.0926085921,2.367466,13.528463213789191,5.714322560048013
2021-03-02,48488.175814668,2.088116,11.828089222554086,5.664478919618304
2021-03-03,50432.829991698,1.949947,11.028938886005179,5.656019201622245
2021-03-04,48410.6719303495,1.799049,10.138711849990885,5.635596258211072
2021-03-05,48837.3235160746,1.515616,8.503272743850099,5.610439697227713
2021-03-06,48897.1720627471,1.549085,8.673433648340687,5.5990696746417425
2021-03-07,50982.1719175322,1.614008,9.015762626132359,5.585947601470652
2021-03-08,52315.43770626,1.384475,7.6688383610506605,5.53916860427862
2021-03-09,54904.392152084,1.363674,7.508113831496999,5.505798068599219
2021-03-10,55927.3988501558,1.428948,7.82336597121442,5.474912596902119
2021-03-11,57799.6067876217,1.533845,8.306852910418005,5.415705292740681
2021-03-12,57272.1469578519,1.591473,8.592899182737696,5.399336407832343
2021-03-13,61186.2710771734,1.958717,10.627293068991582,5.425640669712457
2021-03-14,59106.5350517659,2.1876,11.821270570895921,5.403762228923628
2021-03-15,55681.452032207,2.012551,10.849640411567442,5.390989030499705
2021-03-16,56945.8509968625,2.108457,11.322839355336551,5.370201492209386
2021-03-17,58965.649206165,2.452522,13.181397819527263,5.374629102816578
2021-03-18,57701.0470269185,2.199834,11.783099634401239,5.3563577536850655
2021-03-19,58143.0243762907,2.072812,11.101451592258444,5.3557456181414915
2021-03-20,58145.9797424363,2.091537,11.19452575444393,5.352295628453982
2021-03-21,57377.0672783386,2.074111,11.075866313151815,5.34005445634555
2021-03-22,54220.3842698476,1.853417,9.83640071323354,5.307171983331146
2021-03-23,54453.6175122283,1.383506,7.289886861738864,5.269140970169525
2021-03-24,52499.5758066772,1.694405,8.88393514895076,5.243101541157868
2021-03-25,51454.671432264,1.769636,9.220221890957493,5.210235098968892
2021-03-26,55120.7676416274,2.025343,10.519862140300841,5.194113868756196
2021-03-27,55913.0722694946,2.244372,11.638125929048833,5.185470271517251
2021-03-28,55808.4100699265,2.315269,11.966647346923015,5.168578265642866
2021-03-29,57649.1086073897,1.969571,10.13235263641715,5.144446151422769
2021-03-30,58825.644162985,1.737352,8.896803524482529,5.120897457110684
2021-03-31,58888.9067709399,1.654905,8.41943303474912,5.0875636318439375
2021-04-01,58854.2642032084,1.64277,8.278945751547575,5.039624261177951
2021-04-02,58999.4290857968,1.714625,8.61094836679785,5.022057918633152
2021-04-03,57099.8154644628,1.794947,8.99574552437189,5.011706353889045
2021-04-04,58224.8904074257,1.847823,9.233900057043908,4.997178082814144
2021-04-05,59081.6543883045,1.599122,7.968972318809733,4.9833435401051025
2021-04-06,58006.9873031986,1.431351,7.0097093555705445,4.897268242132059
2021-04-07,55950.2343528557,1.971715,9.646713695250062,4.892549734234915
2021-04-08,58087.9902046332,1.850928,9.03947290874069,4.8837515852416455
2021-04-09,58108.4005289102,1.881659,9.219420137825894,4.899623987660696
2021-04-10,59760.626188806,1.974331,9.638782639171122,4.882050494977958
2021-04-11,59949.711112079,2.284107,11.084098008173541,4.852704428495038
2021-04-12,59871.8486265718,2.08905,10.076523377701248,4.8234950598102095
2021-04-13,63551.3265337792,1.593052,7.644118046687892,4.798411314621875
2021-04-14,63006.7042038547,1.670906,7.945881467901741,4.755432183723992
2021-04-15,63270.3252107559,1.855787,8.757678477106891,4.719119264053756
2021-04-16,61455.0102855569,2.012103,9.474151928952294,4.7085808111137775
2021-04-17,60114.8085597083,2.102209,9.871550536625193,4.695798672376666
2021-04-18,56338.254982297,2.022461,9.375244355255614,4.635562101155479
2021-04-19,55694.5729736653,2.249579,10.418060523132752,4.631116274916063
2021-04-20,56501.9014545726,2.179993,10.054421930543572,4.6121353289009885
2021-04-21,53837.9146022618,2.204707,10.162010064320848,4.609234307250513
2021-04-22,51787.8024694745,1.891536,8.697265984311654,4.597991382492572
2021-04-23,51244.5496827701,1.929095,8.878745818507031,4.60254369466519
2021-04-24,50226.403367277,2.2012,10.140367939504905,4.6067446644655625
2021-04-25,49216.1696621573,2.146913,9.88424746185819,4.603935013757197
2021-04-26,54140.7406779935,1.578843,7.244205476682022,4.588300870056278
2021-04-27,55177.247113725,1.690938,7.726248989362831,4.569209199612842
2021-04-28,54971.4634065037,1.694094,7.736732101813225,4.566884371918515
2021-04-29,53713.1532098934,1.541587,6.993623519722526,4.53663931075562
2021-04-30,57853.0663649613,1.779706,7.97517354543885,4.481175070741695
2021-05-01,57935.8578477097,2.023209,9.070512458080827,4.483230303655723
2021-05-02,56755.4721430315,2.058834,9.192487879525657,4.464900941781122
2021-05-03,57311.6130844576,1.79609,8.001779495162102,4.4551114146170026
2021-05-04,53309.5597279595,1.693183,7.528759024648346,4.446513432091794
2021-05-05,57578.4590640068,1.764492,7.820362685763261,4.432075013717425
2021-05-06,56620.7023957848,1.380663,6.113975888107714,4.428290075782814
2021-05-07,57573.9377388494,1.496339,6.590025221341317,4.404098202916492
2021-05-08,59074.0801397817,1.964247,8.704270843141675,4.431352971490422
2021-05-09,58481.3083155406,2.10963,9.318142216116199,4.416955565195143
2021-05-10,55909.8491786804,1.869949,8.272656521127544,4.424001524071585
2021-05-11,56951.0832928406,1.853319,8.211374064134585,4.430632076539489
2021-05-12,49425.2409420667,2.040948,8.89243468928693,4.357011582703601
2021-05-13,49723.0105528306,2.039129,8.845056307244223,4.337663277370479
2021-05-14,50038.4792393681,1.8975,8.218273445576061,4.331106244977786
2021-05-15,46754.4247306777,2.190446,9.491785664090772,4.333266687966678
2021-05-16,46561.9324185729,2.014005,8.713347962441103,4.326378846612204
2021-05-17,43673.1068693392,1.793592,7.771572754275549,4.332965255808089
2021-05-18,43006.1721428662,1.655322,7.1808876505772705,4.338061777916064
2021-05-19,36799.6522919344,1.305772,5.651845058764451,4.32835431732831
2021-05-20,40740.1820399412,1.477398,6.417714323727235,4.343931956611067
2021-05-21,37358.8422289155,1.932534,8.384124272216257,4.338409942515572
2021-05-22,37524.9032962903,1.914357,8.326263786674861,4.34937939078361
2021-05-23,34762.4447941254,2.074798,8.971658180932991,4.324111659078445
2021-05-24,38847.5679358688,1.954165,8.401855429155058,4.299461615697481
2021-05-25,38471.185776445,1.942293,8.353736752450434,4.300967339391368
2021-05-26,39328.2713283477,1.733886,7.457919813740011,4.301273528822073
2021-05-27,38539.4040325905,1.279589,5.497481210567805,4.296287965290111
2021-05-28,35754.812140681,1.322951,5.666759890977195,4.283424414717214
2021-05-29,34612.8980549329,1.389642,5.952680254460402,4.283608481796244
2021-05-30,35748.5782233628,1.441167,6.166040985481168,4.278504201306918
2021-05-31,37352.6470274449,1.267606,5.427517686305056,4.281708806748477
2021-06-01,36717.1012943696,1.078264,4.641833039475743,4.304912921274973
2021-06-02,37601.1034140503,1.137615,4.900489449812479,4.307687775495872
2021-06-03,39209.8037900208,1.000282,4.279114982214292,4.277910023728374
2021-06-04,36926.1343385836,1.301577,5.37366808854119,4.128583836420202
2021-06-05,35571.3455793727,1.301733,5.382535384065085,4.134898217918478
2021-06-06,35859.0002512537,1.303227,5.393745610835337,4.1387620891072805
2021-06-07,33606.0167776162,1.088963,4.503866157981336,4.1359213644195
2021-06-08,33441.5593811079,0.930406,3.869415424272056,4.158847616229138
2021-06-09,37385.48277123,0.982153,4.0804262401431055,4.154572262378475
2021-06-10,36703.722401889,0.847862,3.518770841644278,4.150169839004008
2021-06-11,37351.9323531007,1.014752,4.209588235035814,4.148392207962578
2021-06-12,35538.9512953677,1.206935,5.011473379638832,4.152231372604528
2021-06-13,39082.7586393276,1.275733,5.299333901525934,4.153952799260719
2021-06-14,40545.772401773,1.085494,4.498079245821419,4.143809643274596
2021-06-15,40182.9420347707,1.143066,4.721144976782841,4.130246419216353
2021-06-16,38381.7140531184,1.233041,5.061695621959261,4.105051577444087
2021-06-17,38075.3214764602,1.133122,4.653939399757254,4.1071816410534385
2021-06-18,35771.775882414,1.1146,4.576372961513933,4.105843877359362
2021-06-19,35555.2859122395,1.212562,5.090868397495646,4.198439247426764
2021-06-20,35619.3314589064,1.210206,5.074855874238068,4.19338285986464
2021-06-21,31682.3045229174,0.867926,3.631545032357494,4.184165262494245
2021-06-22,32517.4656577842,0.831245,3.47532222999761,4.180865092909522
2021-06-23,33684.8799129249,0.834888,3.49717606587853,4.1887984757578645
2021-06-24,34675.9075086688,0.859797,3.5888931559639747,4.174118362967621
2021-06-25,31630.859275722,0.87446,3.642705159349348,4.165663233233563
2021-06-26,32269.0201188845,1.394436,5.810997149089964,4.167273506209685
2021-06-27,34702.5590238434,1.456483,6.013336388284288,4.128669870008427
2021-06-28,34467.2697142977,1.279646,5.273924204422126,4.121393360465799
2021-06-29,35887.8251389237,1.348859,5.551979643079155,4.116057410543206
2021-06-30,35045.5776844357,1.343858,5.531983912461594,4.116493335479512
2021-07-01,33566.3827974695,1.232813,5.068259120890167,4.1111353572519445
2021-07-02,33829.2627170264,0.918362,3.7645804701150283,4.099235014826139
2021-07-03,34685.0879246793,1.193355,4.883884285243522,4.092567643690052
2021-07-04,35318.6811291999,1.170876,4.782171316649443,4.084267067977772
2021-07-05,33733.4280953744,1.030598,4.19990109908318,4.075206278920594
2021-07-06,34249.4317747432,0.962096,3.9218611796859175,4.076373311064549
2021-07-07,33877.7810852423,0.879935,3.576078193138495,4.0640252309092295
2021-07-08,32921.4051771039,0.792564,3.239423551503208,4.087272183814388
2021-07-09,33806.1156871775,0.783202,3.204686268591198,4.091776769783522
2021-07-10,33537.6091455601,0.886371,3.608541418126113,4.071141078603425
2021-07-11,34231.3138484862,0.844966,3.386618628546009,4.007991844608088
2021-07-12,33164.2631174945,0.708648,2.8267259156218856,3.988899161095949
2021-07-13,32733.8350110294,0.792132,3.173748044093954,4.006589120726716
2021-07-14,32852.1173441895,0.801165,3.21308051984095,4.010508461453004
2021-07-15,31879.3317378411,0.614973,2.4763314965442764,4.02673439250157
2021-07-16,31416.8051323572,0.841831,3.3903116993470053,4.027308431673778
2021-07-17,31766.4991811537,1.009977,4.046480677957173,4.00650778389761
2021-07-18,31827.0308656312,1.149195,4.5092191015347405,3.92380622666274
2021-07-19,30844.6504514639,1.003928,3.9363269787375454,3.9209250720851125
2021-07-20,29837.1840430492,1.043292,4.088453330680036,3.9188024703782736
2021-07-21,32145.4527074778,1.021531,4.003757788723501,3.9193702660434164
2021-07-22,32279.9417233634,0.862843,3.391530710872116,3.9306460609092158
2021-07-23,33619.0268839499,0.82489,3.199799563191088,3.8790605635269317
2021-07-24,34283.9191305024,1.079469,4.191203307750341,3.882653256277506
2021-07-25,35390.3206179253,1.043942,4.053605424019021,3.8829795118106456
2021-07-26,37288.0149167607,0.891794,3.4424505034973625,3.8601410211627973
2021-07-27,39485.8218067873,0.995256,3.8317964979720815,3.8500595461041196
2021-07-28,40007.9393900705,1.358149,5.226360890442716,3.8481487447951364
2021-07-29,40008.5509495012,1.687024,6.416438915710262,3.8034067472076263
2021-07-30,42243.2226963344,1.982833,7.574191154637408,3.8198827221762697
2021-07-31,41507.9391865087,2.268832,8.696306204695148,3.832944911428487
2021-08-01,39926.7992136074,2.221011,8.534249223768963,3.8425064057946314
2021-08-02,39186.0936725229,1.914516,7.3568849472250255,3.842686976755889
2021-08-03,38193.9395385549,1.54541,5.91439371570675,3.8270711475444616
2021-08-04,39736.8063663359,1.389884,5.255939253961666,3.7815668332075463
2021-08-05,40859.1028823608,0.994633,3.7327700160773594,3.7529124234854803
2021-08-06,42802.8167894893,0.93029,3.5045602678991954,3.767170571290999
2021-08-07,44594.8457705738,1.160452,4.403957383304129,3.7950368505158556
2021-08-08,43830.3069854484,1.10147,4.183116473944678,3.7977585456920435
2021-08-09,46290.6974513131,0.945438,3.5851446950151757,3.7920451948698815
2021-08-10,45595.1894036596,1.100409,4.177216341354366,3.79605958916574
2021-08-11,45590.2828355325,1.118886,4.251462987539047,3.79972757789678
2021-08-12,44432.9519853485,1.269953,4.82935150383287,3.8027789980819064
2021-08-13,47800.3407332082,1.254741,4.770606429129471,3.8020657334371735
2021-08-14,47100.4973571392,1.334705,5.091143399365501,3.814433854363789
2021-08-15,47034.4406588719,1.419587,5.4333302430141295,3.827400765935592
2021-08-16,45948.2462908833,1.092691,4.198721182845621,3.842551279974746
2021-08-17,44691.7820347228,1.157583,4.492049621632677,3.880542447425892
2021-08-18,44744.858788295,1.059346,4.110191927088774,3.8799323308528066
2021-08-19,46749.1092111184,1.144155,4.448919740773256,3.8883896300094167
2021-08-20,49297.7525446557,1.127948,4.396361597208114,3.8976619969678823
2021-08-21,48892.1735739317,1.222039,4.7713980039282236,3.904456675001951
2021-08-22,49273.7112837274,1.382545,5.38683725172311,3.896320763860354
2021-08-23,49529.2239967408,1.046024,4.060639296599037,3.8819750676444933
2021-08-24,47721.6354639734,0.982795,3.8201944141937467,3.8870717405113213
2021-08-25,48992.5471330104,1.008216,3.9175429702456763,3.8856195861512965
2021-08-26,46893.1661174073,1.152778,4.4838696123629465,3.889621804602214
2021-08-27,49083.8119906109,1.266495,4.935792424520631,3.897206196059595
2021-08-28,48917.3550126657,1.38468,5.392590020610955,3.894465958949457
2021-08-29,48782.9181634071,1.423378,5.538550350459465,3.8911315040202443
2021-08-30,47009.0340696705,1.13176,4.41601206753196,3.9018963528841017
2021-08-31,47154.0976229171,1.059925,4.172040138816579,3.936166300787161
2021-09-01,48836.783538819,0.968509,3.8337910522250813,3.958447916141898
2021-09-02,49294.6585813609,1.023317,4.062780933264249,3.970206370660218
2021-09-03,50018.6685379496,1.238402,4.8370133949307075,3.9058516855626384
2021-09-04,49925.0509170584,1.51381,5.946001967953745,3.9278393324559593
2021-09-05,51744.0611532536,1.732197,6.358313273833406,3.670664458572008
2021-09-06,52662.3430046349,1.476236,5.414274029443783,3.667620481202958
2021-09-07,46862.2080515105,1.173759,4.308120172384738,3.670362839591812
2021-09-08,46092.6953349868,1.364147,5.0092925611396355,3.672106120798514
2021-09-09,46405.4898030801,1.314387,4.793881525821563,3.647236670375026
2021-09-10,44896.3980156971,1.232363,4.493177756352694,3.645986577527252
2021-09-11,45177.2953656965,1.496458,5.4540188209866205,3.6446177296091995
2021-09-12,46077.3811127876,1.520938,5.533783361640173,3.638400734351612
2021-09-13,44974.1671198601,1.242038,4.530885263421888,3.6479447598135124
2021-09-14,47102.6390290012,1.002209,3.6792468403518908,3.67113909413598
2021-09-15,48156.5789725737,0.946597,3.4752953141163,3.6713580914167596
2021-09-16,47782.9717489841,1.036147,3.8070319849757785,3.674221679457984
2021-09-17,47316.8980954737,1.215376,4.465343867805921,3.6740422421390297
2021-09-18,48309.8720428052,1.390359,5.10972420424369,3.675112401351359
2021-09-19,47268.1651914174,1.567091,5.772132413275747,3.6833424861891886
2021-09-20,42974.1707595382,1.077266,3.9750346465561575,3.6899282995414215
2021-09-21,40706.9704034072,1.059399,3.9247466667494773,3.7046914686870633
2021-09-22,43599.0499094126,1.069367,3.9605540749169093,3.703644870965651
2021-09-23,44888.7018492214,0.97744,3.625372802731223,3.7090502367104388
2021-09-24,42834.0418908137,0.841452,3.1143991998750185,3.7012224031703673
2021-09-25,42722.3649307385,1.214458,4.5061994449295275,3.7104602479807025
2021-09-26,43217.3739196458,1.159899,4.286330814902726,3.695433845921067
2021-09-27,42190.161939574,1.088688,4.020570824871868,3.693043325460509
2021-09-28,41037.3997923888,1.150252,4.264837639177653,3.7077417898970197
2021-09-29,41546.3639998857,0.960149,3.6053921485615685,3.755035057607501
2021-09-30,43890.0472376814,1.084296,4.060719117605395,3.745028165719557
2021-10-01,48143.8335275487,1.303473,4.877038152119768,3.7415722656648143
2021-10-02,47683.8419094453,1.467754,5.514188281013215,3.7568893742157923
2021-10-03,48193.5838074308,1.503821,5.6444227458808385,3.7533873621146627
2021-10-04,49288.559221334,1.173704,4.40191261341765,3.75044489073272
2021-10-05,51518.9308226231,1.322806,4.956455644719326,3.74692697218609
2021-10-06,55347.5026515799,1.450987,5.403881575511284,3.724279269646837
2021-10-07,53804.750734583,1.460624,5.420447787790134,3.711048896816886
2021-10-08,53945.614415427,1.867868,6.914257689782132,3.7016849754173764
2021-10-09,54908.8538710603,2.258302,8.408035384121398,3.7231668401193114
2021-10-10,54694.7384688706,2.23876,8.314138619538491,3.713724754791046
2021-10-11,57500.0558265101,1.867984,6.922623769553727,3.705932302839697
2021-10-12,55981.4498908459,1.755418,6.494237754652629,3.6995387511679243
2021-10-13,57403.0997172855,1.808986,6.6847719933777805,3.6953146390776523
2021-10-14,57326.6457806918,1.371635,5.0593863064273,3.688581664558188
2021-10-15,61695.5100405735,1.408721,5.170020939999545,3.6700098340241234
2021-10-16,60874.6921272866,2.023462,7.418875078868182,3.666427017479014
2021-10-17,61585.6141961422,2.102737,7.710625174638529,3.6669462143010287
2021-10-18,62056.9063454091,1.841421,6.714130024820504,3.6461684620417656
2021-10-19,64300.7801046361,1.865955,6.7018260902595985,3.5916332118890044
2021-10-20,66026.7013385388,1.858923,6.634862586550681,3.5691975787794403
2021-10-21,62249.0642662859,1.922712,6.882084753490927,3.579364096127186
2021-10-22,60755.9661976719,2.168872,7.8273930506326765,3.608970147469097
2021-10-23,61366.5041106628,2.886349,10.489481108215397,3.6341694474323134
2021-10-24,60911.3515378443,2.815503,10.229714013568792,3.6333517504371358
2021-10-25,63121.8403337763,2.34296,8.478722607792415,3.61880843113288
2021-10-26,60366.7137544603,2.568183,9.289558894647568,3.6171721692174743
2021-10-27,58543.8780723942,2.366692,8.581018137775825,3.6257435200683354
2021-10-28,60652.7652214098,2.306191,8.40371289664389,3.643979324497682
2021-10-29,62274.78330902,1.949154,7.145884461682668,3.6661468892897293
2021-10-30,61878.0461867853,2.688858,9.871067903048479,3.6711003304554124
2021-10-31,61343.2062011738,2.409741,8.869205288387214,3.6805643205418415
2021-11-01,60946.0830230208,2.0174,7.460395286331595,3.698024879702207
2021-11-02,63215.7813965961,1.788725,6.630461313035028,3.706809051958478
2021-11-03,62926.614542338,1.950687,7.634437633714148,3.9137170752286794
2021-11-04,61474.5850401543,2.070365,8.149871014828808,3.936442310468066
2021-11-05,61060.6800377701,1.757631,6.995188820720914,3.9798957566379567
2021-11-06,61520.3949898102,2.310495,9.229459508309306,3.994580345575134
2021-11-07,63317.4577332819,2.31311,9.27020022624165,4.0076777990903345
2021-11-08,67524.6959548011,1.606634,6.428912668792315,4.001478878339388
2021-11-09,66963.116163706,1.835722,7.35643020475672,4.007376336151348
2021-11-10,65025.467155987,1.852266,7.423415495187593,4.00774825108885
2021-11-11,64877.0081930951,1.915183,7.704629768792921,4.022920415074248
2021-11-12,64188.6437134246,1.767706,7.046948272838551,3.9864930875589093
2021-11-13,64413.4217953063,2.833483,11.306302339314383,3.990248605168791
2021-11-14,65523.8584709272,2.929608,11.714312286063613,3.9985941395412055
2021-11-15,63617.1091595721,2.244378,8.955807776371053,3.990330130356762
2021-11-16,60152.9833214583,2.07743,8.245308036412903,3.968993742848089
2021-11-17,60403.0115101506,2.220666,8.835747761696817,3.9788724752639744
2021-11-18,57110.1566553242,2.039241,8.172834247120546,4.0077818677729535
2021-11-19,58157.6002732596,1.482454,5.980026841884817,4.033870405998079
2021-11-20,59771.6315137569,1.725167,7.029318847313902,4.074573731759687
2021-11-21,58807.7175941185,1.989707,8.141966363181412,4.092042600056829
2021-11-22,56346.0376852446,1.413943,5.834642671276475,4.126503945355689
2021-11-23,57592.7474853861,1.470275,5.969829282046289,4.060347818291636
2021-11-24,57266.2346093222,1.523693,6.307897551097596,4.139875574030321
2021-11-25,59000.5855866191,1.440297,5.881135107750583,4.083280417531447
2021-11-26,53719.0603669697,1.528415,6.320608488202231,4.135399780070731
2021-11-27,54974.1548889334,2.17224,9.155145986728723,4.2146102086614965
2021-11-28,57335.8385785585,2.130915,9.007911525531659,4.227251353398202
2021-11-29,57847.2919246656,1.583645,6.685182612698875,4.221389919021073
2021-11-30,56995.3857585774,1.618138,6.899447473057293,4.263819683487707
2021-12-01,57273.6611889464,1.615953,7.021894375053063,4.345358286183979
2021-12-02,56560.2266972815,1.400356,6.111546400250908,4.364279309037435
2021-12-03,53761.801608697,1.526663,6.712710870623756,4.396982492351898
2021-12-04,49364.2907212515,1.513999,6.733099002027096,4.447228741545727
2021-12-05,49452.1889584102,1.83031,8.171166669400767,4.464361779988621
2021-12-06,50615.0532827178,1.609345,7.211727630541929,4.481155962894675
2021-12-07,50668.0032962036,1.66532,7.328261722697299,4.400512290172345
2021-12-08,50553.3823409153,1.563166,6.921191625516528,4.4276759768567935
2021-12-09,47671.2506039541,1.395476,6.185829705105641,4.432772498222629
2021-12-10,47215.6968142432,1.478662,6.6127355691371505,4.472109054175353
2021-12-11,49388.1539281261,1.487458,6.666087660894631,4.481530241474323
2021-12-12,50143.9127866447,1.604237,7.252611908476052,4.52091183336965
2021-12-13,46800.5088490845,1.021793,5.053583603820601,4.945799531271435
2021-12-14,48414.6571558443,1.137676,5.642346743635466,4.959538067517707
2021-12-15,48927.1003013805,1.068555,5.331989895939064,4.989904885243744
2021-12-16,47669.1942846622,0.951315,4.763096670615704,5.006854198455749
2021-12-17,46191.7602477693,1.016008,5.181288154243293,5.099650797534034
2021-12-18,46875.2589558478,1.217893,6.36483538571984,5.2261033882614925
2021-12-19,46716.581950515,1.32539,6.99569674592578,5.278216426038262
2021-12-20,46919.8442821935,0.972273,5.16543836117607,5.312742399187721
2021-12-21,48950.7754669867,0.916015,4.939517720363283,5.392400948546681
2021-12-22,48613.1718612261,0.951281,5.378665810953745,5.654127227392066
2021-12-23,50811.3412189753,0.909995,5.314523286843508,5.8401687560129
2021-12-24,50823.3614631592,0.857974,5.058316840851716,5.895651028579584
2021-12-25,50453.3251880114,1.033164,6.114674491148414,5.91839399247204
2021-12-26,50797.3196743488,1.108286,6.590591068768889,5.946651792261332
2021-12-27,50698.8674221977,0.970532,5.894573937508108,6.073552030592876
2021-12-28,47614.4905860455,0.792852,5.460544854481783,6.88722069812438
2021-12-29,46491.2140478384,0.691143,4.800477051342214,6.945703819771328
2021-12-30,47158.0920351509,0.560867,3.8880068775288197,6.932136891935254
2021-12-31,46233.8073264065,0.748548,5.272240803378276,7.0432901558816035
2022-01-01,47713.4800763635,0.900646,6.427710593360769,7.136776331716901
2022-01-02,47319.8922501558,0.879727,6.408168438854933,7.284268868999351
2022-01-03,46453.3084080836,0.700714,5.170471157424277,7.378859743502765
2022-01-04,45862.8155794275,0.727059,5.495573644529266,7.558636173265564
2022-01-05,43468.669734812,0.659142,5.098634986476959,7.735254926867507
2022-01-06,43136.3896696428,0.516539,4.083905595386823,7.906292066751569
2022-01-07,41552.7485405801,0.546344,4.470333090101889,8.182271087321608
2022-01-08,41746.2650603275,0.592123,5.064236549956254,8.552678425836621
2022-01-09,41884.5668758102,0.65216,5.913510086309831,9.06757068299279
2022-01-10,41852.7797413142,0.468406,4.344873829943039,9.275868629206155
2022-01-11,42765.2780816116,0.381483,3.622512695904783,9.495857515916244
2022-01-12,43935.0013720576,0.407319,3.9358517198807017,9.662827155187045
2022-01-13,42585.4192823703,0.352521,3.4296524261462005,9.728931801172264
2022-01-14,43106.5572964824,0.33268,3.3741232039714437,10.14225695311266
2022-01-15,43124.4659261595,0.356595,3.6911887872418756,10.351215365895236
2022-01-16,43106.9111899019,0.396579,4.123283680489581,10.39713117089647
2022-01-17,42270.4146206985,0.285165,2.9703904458674475,10.416389918149035
2022-01-18,42391.074918118,0.273453,2.8811870541804803,10.536325627038337
2022-01-19,41707.9618280743,0.305628,3.3100348208606096,10.830264425327934
2022-01-20,40757.9095125769,0.313923,3.4412467948989653,10.962069582255355
2022-01-21,36528.8835138266,0.272471,3.0236575322640795,11.097174716447839
2022-01-22,35095.7013710283,0.394758,4.402803356131511,11.153181020673712
2022-01-23,36289.6900877946,0.493058,5.518481355255892,11.192364741059214
2022-01-24,36695.7141813921,0.372825,4.188026632176036,11.233237345285797
2022-01-25,36976.5994948533,0.409561,4.613181150854937,11.263714989942214
2022-01-26,36830.1308900102,0.373531,4.236529163090203,11.341829174478924
2022-01-27,37174.3039739391,0.371451,4.246983960371806,11.433483019220517
2022-01-28,37754.5378905794,0.327619,3.8052831600003962,11.614971383837796
2022-01-29,38211.0860525392,0.352801,4.134981682065032,11.720422719061837
2022-01-30,37947.4917904629,0.373401,4.405025395055655,11.797045666400631
2022-01-31,38518.7099564129,0.353635,4.207441512272263,11.897687152692432
2022-02-01,38760.2566778841,0.372356,4.429817441189884,11.896729455378205
2022-02-02,36935.2015224288,0.472957,5.653656691124944,11.953840176616993
2022-02-03,37307.4534756288,0.447955,5.396023005588229,12.045892422846425
2022-02-04,41581.992365089,0.385308,4.683367408794708,12.154858064075244
2022-02-05,41444.7014378814,0.401728,4.964285930332403,12.357337175189011
2022-02-06,42434.8565934934,0.384066,4.766579986922991,12.410834151687746
2022-02-07,43888.5171923911,0.308284,3.8273396100267716,12.41498633717272
2022-02-08,44093.2252227645,0.234744,2.932249317215485,12.491289152562802
2022-02-09,44427.1310356663,0.262843,3.3938378131548608,12.912058791971038
2022-02-10,43585.622305455,0.248175,3.310148345662736,13.337968117992572
2022-02-11,42421.3845903464,0.282825,3.8311900822913194,13.546134828311644
2022-02-12,42249.4882063866,0.408921,5.767767821656892,14.104854136339554
2022-02-13,42088.0385518948,0.425413,6.090479033939707,14.316640980403015
2022-02-14,42583.7069950108,0.310614,4.468787895732826,14.386967588305808
2022-02-15,44567.362408842,0.27956,4.031258899238432,14.420000793683487
2022-02-16,43911.7812747083,0.302224,4.37792534977903,14.48570027268211
2022-02-17,40572.5787254018,0.2039,2.983701783656352,14.633195601659539
2022-02-18,40033.5993673829,0.216197,3.274504822620498,15.145964627256454
2022-02-19,40135.9085817186,0.256592,3.943591954179299,15.369095489858056
2022-02-20,38398.6858875527,0.250225,3.9833670117583604,15.919146913824498
2022-02-21,37065.5463296146,0.206084,3.3360942514401755,16.18801130114442
2022-02-22,38273.7589086326,0.186625,3.0622290736326123,16.408449868073482
2022-02-23,37266.670760206,0.191851,3.316074053006383,17.284640244207313
2022-02-24,38373.3567294839,0.134621,2.3742122857496852,17.636320991421076
2022-02-25,39247.0606836865,0.135462,2.417847020494763,17.848942384152558
2022-02-26,39145.2857313199,0.241813,4.370649384234249,18.07447377584574
2022-02-27,38000.1320731195,0.218837,3.9644460281747858,18.115986163850135
2022-02-28,43208.3022431446,0.187193,3.380177117210578,18.057168268418227
2022-03-01,44433.8329941324,0.32758,5.921588887833867,18.076770832305446
2022-03-02,43938.3473929568,0.354302,6.435248447654316,18.16316178183575
2022-03-03,42476.3495419097,0.346879,6.300012095962126,18.16197031044376
2022-03-04,39214.1164340164,0.351746,6.4107205549702,18.225448047852186
2022-03-05,39404.4290408575,0.409736,7.647509227765517,18.664491342480222
2022-03-06,38416.1139211941,0.442752,8.316064708188888,18.782690328438303
2022-03-07,38039.9536778358,0.242571,4.5738559273699035,18.855719069497272
2022-03-08,38755.8124052357,0.270523,5.129013713763804,18.9596138204922
2022-03-09,41949.2532150797,0.189742,3.6152373786525125,19.05341379212821
2022-03-10,39450.472970223,0.218563,4.208624381764531,19.255902874120697
2022-03-11,38751.0034822877,0.181044,3.586026080033799,19.80744877148973
2022-03-12,38808.912529661,0.245126,4.9575967348824035,20.2246840547272
2022-03-13,37830.488565129,0.287687,5.832959111007728,20.275367466611453
2022-03-14,39669.4584244225,0.214475,4.381888188672966,20.430802467552958
2022-03-15,39298.495064226,0.238491,4.921446658773327,20.635759171866393
2022-03-16,41124.7921082548,0.150414,3.2296970388483794,21.472028082493622
2022-03-17,41019.1859285344,0.195897,4.220867253237914,21.54632845599556
2022-03-18,41788.1158911028,0.191471,4.139641403067829,21.620222169326354
2022-03-19,42227.1822132212,0.233287,5.057993970764389,21.681461723040968
2022-03-20,41265.7887816155,0.223979,4.867759243895219,21.733074373828206
2022-03-21,41072.2757382856,0.155728,3.4293781859339276,22.021647832378115
2022-03-22,42383.4284462752,0.166227,3.666608927341719,22.057776052776443
2022-03-23,42908.0152940736,0.180392,4.017035205353474,22.268382934134053
2022-03-24,43995.0544615427,0.165254,3.6966514781349495,22.36954150414123
2022-03-25,44324.1456587403,0.15809,3.540921431417212,22.398098209415718
2022-03-26,44543.2618254253,0.246206,5.5459422174257655,22.525582221216368
2022-03-27,46829.1925356218,0.209551,4.788442159325675,22.85091422112093
2022-03-28,47109.5900327755,0.145977,3.332209018491633,22.82689031370471
2022-03-29,47444.2536001307,0.221525,5.072642928138791,22.898772776549535
2022-03-30,47046.5588659099,0.19266,4.437062399012067,23.030553079182194
2022-03-31,45539.3030499317,0.18672,4.317123484477117,23.12089405981602
2022-04-01,46294.5456536343,0.203949,4.75139812488025,23.297045605119933
2022-04-02,45820.7574400274,0.240176,5.6132504678275525,23.371371243222026
2022-04-03,46421.8950152819,0.244459,5.730870614297546,23.443075102027016
2022-04-04,46629.5608508979,0.217184,5.100108871711549,23.48284506421388
2022-04-05,45518.8114534148,0.190187,4.4771839559729685,23.54092404046746
2022-04-06,43191.6713431437,0.192299,4.644073655366912,24.150242311522998
2022-04-07,43467.2472281728,0.16028,3.8854077583314477,24.241443948049838
2022-04-08,42332.0247333776,0.148474,3.6226890218892738,24.399565426750915
2022-04-09,42768.6868370621,0.188293,4.612964766274821,24.498867988188298
2022-04-10,42149.9663795503,0.18702,4.655496160809539,24.893089322057325
2022-04-11,39547.3314208316,0.143052,3.585331900594057,25.063156387302662
2022-04-12,40094.0390121693,0.13749,3.4495120314276893,25.08921094305186
2022-04-13,41161.5300146781,0.129652,3.2680377635843754,25.206224755107787
2022-04-14,39953.5837486506,0.098049,2.5142985363077925,25.64318149530529
2022-04-15,40584.0326118403,0.14735,3.8116124473429998,25.867703085824296
2022-04-16,40385.835365387,0.16318,4.251117268188806,26.051743154403454
2022-04-17,39720.175031325,0.191002,4.993939670824587,26.146073463591424
2022-04-18,40810.4266178582,0.135271,3.5532174912465053,26.267306930544454
2022-04-19,41498.8486738084,0.128838,3.40187165918804,26.40430402755938
2022-04-20,41371.2952751209,0.118906,3.1494125863406692,26.486591397207246
2022-04-21,40490.4476835698,0.102678,2.7212062290767833,26.502391848474375
2022-04-22,39729.9187440143,0.141288,3.7905365640336455,26.8284903724391
2022-04-23,39446.5520631321,0.156251,4.244453285313126,27.16434911846727
2022-04-24,39465.644797799,0.166149,4.5402648330231585,27.326476108723
2022-04-25,40473.134484777,0.14505,4.012744393737564,27.6646505090727
2022-04-26,38130.878974108,0.146229,4.070205878790717,27.834378411898115
2022-04-27,39240.7843412564,0.134097,3.7699591882743095,28.113755584651976
2022-04-28,39769.0207239483,0.112107,3.156835198621572,28.15901020048994
2022-04-29,38603.0732911076,0.10585,3.0382388213875906,28.7033021464666
2022-04-30,37690.6156017555,0.120133,3.466138031831464,28.8525370615312
2022-05-01,38480.6829588327,0.1217,3.5192052660082895,28.917042286862642
2022-05-02,38526.9427973215,0.111085,3.2055176529971803,28.856364919000168
2022-05-03,37736.5823970341,0.115792,3.343926702207806,28.878618353260418
2022-05-04,39694.6268104868,0.132486,3.8561940498093117,29.106501176213015
2022-05-05,36577.7754839369,0.126006,3.6883377270219166,29.27107629542473
2022-05-06,36010.7997064727,0.133858,3.9232775014754213,29.309242032011237
2022-05-07,35492.272288545,0.151058,4.540610976693927,30.058817990580433
2022-05-08,34056.3276112642,0.133796,4.047398864572099,30.250589951459663
2022-05-09,30115.5299245556,0.102232,3.112181082183072,30.4424137727154
2022-05-10,31013.0903012082,0.108421,3.3161314289390513,30.585554042297883
2022-05-11,28955.3477326609,0.116273,3.56559222705807,30.66563742981093
2022-05-12,28948.8468667497,0.127731,3.9934723136922616,31.264715995644952
2022-05-13,29277.014143605,0.156752,4.9105887355621665,31.327181427099912
2022-05-14,30071.7583952937,0.18232,5.751237480143537,31.544658176808262
2022-05-15,31306.4566177875,0.197889,6.252503684470367,31.596087141159664
2022-05-16,29842.3665899188,0.174714,5.526375552800129,31.630915699372867
2022-05-17,30428.3885599316,0.154266,4.875504157361017,31.604498445273023
2022-05-18,28675.2158699234,0.133423,4.232068432861819,31.71908025368506
2022-05-19,30297.3188695349,0.104788,3.3311491515854277,31.789552205615962
2022-05-20,29170.8388784833,0.086639,2.7902826323512566,32.20574138899411
2022-05-21,29427.3702282029,0.099252,3.206369569457551,32.305501608369624
2022-05-22,30264.4586309666,0.09467,3.064010457879314,32.36510968163056
2022-05-23,29087.275130061,0.072443,2.35180600293081,32.46437891244604
2022-05-24,29627.5068787364,0.084383,2.745188617929388,32.5323186853698
2022-05-25,29526.2095277186,0.084033,2.737829393589617,32.58055749015084
2022-05-26,29189.8019829638,0.084901,2.773882021311107,32.67192823185795
2022-05-27,28593.647341069,0.063999,2.095225323367752,32.73828916385227
2022-05-28,29023.6963531194,0.113621,3.7241943667996087,32.77744345801454
2022-05-29,29453.8823738123,0.105709,3.4857753970411247,32.97512241719776
2022-05-30,31707.0477166798,0.093708,3.0927868018182085,33.00456584077614
2022-05-31,31763.9881272722,0.076544,2.5267391008445452,33.010444056809604
2022-06-01,29780.3787257085,0.097713,3.229104243246227,33.046828794349494
2022-06-02,30445.6771415581,0.108952,3.5612714976429953,32.686512262841724
2022-06-03,29692.2803010075,0.103021,3.366257133177395,32.67530302942184
2022-06-04,29851.9731801901,0.141526,4.625030716138696,32.679743831841336
2022-06-05,29906.7016211219,0.150039,4.907917266868985,32.71097924614439
2022-06-06,31359.0052613532,0.118912,3.8926874613803886,32.735887494345704
2022-06-07,31119.7778089599,0.091403,3.001138996909335,32.833979945510755
2022-06-08,30194.1657751089,0.0931,3.0594830055762254,32.86222732817805
2022-06-09,30088.1992605605,0.111231,3.6641919714554025,32.94204382851142
2022-06-10,29066.8608555744,0.082827,2.7313440197529024,32.97666173968543
2022-06-11,28398.2127825331,0.110412,3.6291392936717615,32.86895390175186
2022-06-12,26593.4364374062,0.093452,3.0714176489577225,32.866300895676034
2022-06-13,22445.1436398689,0.063441,2.0984775224986203,33.077718134883064
2022-06-14,22138.9698212549,0.09214,3.064355108028071,33.257506601024375
2022-06-15,22571.0576199162,0.105478,3.52321935541745,33.40236614679049
2022-06-16,20380.5325789067,0.128611,4.307924813467865,33.495768664679794
2022-06-17,20444.843150264,0.127463,4.288982066869176,33.64892190083436
2022-06-18,18973.1024503608,0.132735,4.493907078224237,33.856320726839236
2022-06-19,20559.5050894125,0.163894,5.546859810656113,33.84417394530566
2022-06-20,20558.6286659958,0.143487,4.860060179428957,33.871083465194396
2022-06-21,20708.9008031907,0.128115,4.328427689703253,33.78540633492843
2022-06-22,19960.2186719402,0.11492,3.8934410172483553,33.87969837314835
2022-06-23,21084.0932609266,0.115273,3.9078837945580713,33.90113502772863
2022-06-24,21214.6692327235,0.097962,3.3286047839624815,33.97867570916727
2022-06-25,21486.7795267034,0.083411,2.837758082477792,34.021510716249956
2022-06-26,21035.9629970889,0.080864,2.752080430965651,34.033293912590814
2022-06-27,20707.6886918966,0.057294,1.9521623687636873,34.07249049540793
2022-06-28,20261.322494417,0.063136,2.156304392657628,34.15352821190583
2022-06-29,20101.410032865,0.062569,2.142100888612782,34.23592577525145
2022-06-30,19908.4208257945,0.06029,2.06979797132314,34.33050885603178
2022-07-01,19252.1638224184,0.067028,2.305257797972273,34.392323017711824
2022-07-02,19232.3596433005,0.080367,2.7680928155827305,34.44311949645202
2022-07-03,19298.6909601537,0.085988,2.958811613935891,34.40939122383464
2022-07-04,20208.1258521229,0.068608,2.3627005728529213,34.437758497004275
2022-07-05,20177.8719636965,0.065681,2.2646693497176993,34.479738101391874
2022-07-06,20542.4083893739,0.062228,2.1472136238902357,34.505860732399306
2022-07-07,21632.7264424563,0.063591,2.1965286864931635,34.541576010192685
2022-07-08,21599.3104220071,0.058449,2.0195731664575916,34.5524991525604
2022-07-09,21583.8358064306,0.071968,2.4920945492616497,34.62795953760401
2022-07-10,20841.4020253745,0.078552,2.719819092250702,34.624335535653934
2022-07-11,19953.6463431842,0.06585,2.2725338550175973,34.51100454421629
2022-07-12,19314.5681356567,0.07027,2.4271484380108106,34.540289207029744
2022-07-13,20239.0325461825,0.064158,2.2176356743283314,34.56522330147342
2022-07-14,20587.8286458016,0.059774,2.069718443029477,34.62561031650367
2022-07-15,20823.4872892865,0.054471,1.8933803022825295,34.759421333972476
2022-07-16,21209.9251489495,0.069836,2.430576824193022,34.80383356675387
2022-07-17,20787.2747890091,0.071606,2.493087766331657,34.816901288009674
2022-07-18,22497.1521495936,0.059849,2.083765475070408,34.817262101949446
2022-07-19,23407.3349580126,0.05911,2.045390143063357,34.602913111059166
2022-07-20,23221.329625508,0.072333,2.501679674426728,34.58557745650602
2022-07-21,23151.3577660337,0.081903,2.82378305469831,34.47737181261556
2022-07-22,22701.4180913587,0.078038,2.695599000737947,34.54199236977669
2022-07-23,22463.2046978471,0.111941,3.8710043668909577,34.58064441822864
2022-07-24,22587.3412261066,0.114677,3.969201469168423,34.612067662052866
2022-07-25,21316.7699867919,0.104535,3.6259037892620007,34.68614323387545
2022-07-26,21269.8745649408,0.081381,2.853170720487423,35.05961722893725
2022-07-27,22962.8182152291,0.084284,2.9639391100352617,35.165942542122636
2022-07-28,23858.0662916566,0.064865,2.315477603194307,35.6968837068417
2022-07-29,23776.6077602224,0.049167,1.8071203667602838,36.75497657810839
2022-07-30,23649.5949175304,0.064042,2.3557666247101,36.78484878866046
2022-07-31,23313.8527919824,0.063764,2.3451149962088227,36.77799221480042
2022-08-01,23283.7273812922,0.047867,1.7607057690130972,36.78316280421877
2022-08-02,23002.2350849598,0.053904,1.9843786396487817,36.81302975477016
2022-08-03,22845.0854057235,0.054951,2.0233630117547463,36.8212374404016
2022-08-04,22622.431583546,0.05482,2.015318098105127,36.76232133693766
2022-08-05,23306.9785860126,0.053138,1.9547278963016759,36.78567313314302
2022-08-06,22953.1456804837,0.059074,2.173314264046963,36.789623002090764
2022-08-07,23182.4817640934,0.061275,2.2533561627100136,36.77465297189193
2022-08-08,23824.7369983572,0.042662,1.5701090981156252,36.80327096364538
2022-08-09,23158.794917736,0.042635,1.5653996749218961,36.71598793807567
2022-08-10,23961.2072606782,0.044309,1.6311577441058867,36.81327739667226
2022-08-11,23949.5204902639,0.045167,1.6675946098666072,36.92089725748259
2022-08-12,24411.3285140137,0.044445,1.6410379209362704,36.923235225211045
2022-08-13,24449.7898028232,0.054642,2.0183889086446634,36.938331700326245
2022-08-14,24313.1832718628,0.059076,2.190253450524238,37.0750444414374
2022-08-15,24097.6857184209,0.048272,1.7901337636140477,37.084478131037216
2022-08-16,23867.6750691758,0.049064,1.8216044790261487,37.12701962164584
2022-08-17,23346.2252262025,0.047395,1.7593636452945236,37.12092796010376
2022-08-18,23203.1358520417,0.0488,1.8146799390933424,37.186130956061305
2022-08-19,20842.0781597212,0.043714,1.62870969207662,37.25861136587383
2022-08-20,21143.9369934609,0.059374,2.2148110585598793,37.3026074595092
2022-08-21,21517.7631751083,0.058839,2.196168266670763,37.325028266694325
2022-08-22,21407.2600532749,0.047922,1.7902882675410754,37.35809578408283
2022-08-23,21519.0765615916,0.049668,1.8575381817645762,37.398804412159656
2022-08-24,21367.5124035899,0.049331,1.8469599143938693,37.440343678095026
2022-08-25,21566.8225731527,0.045324,1.6987672691235918,37.48046754381713
2022-08-26,20252.6953138933,0.041762,1.5676895077336521,37.538468758135814
2022-08-27,20038.9379990459,0.045051,1.6927495080231083,37.57410356799525
2022-08-28,19558.4102774165,0.053224,2.001209502099525,37.600072804616715
2022-08-29,20301.3635488976,0.041613,1.565825640542021,37.628487739701484
2022-08-30,19803.7122711205,0.037387,1.4099545017527768,37.71280267938755
2022-08-31,20050.2306826139,0.039989,1.5118918899304297,37.807578243701776
2022-09-01,20132.4351278389,0.042134,1.5953050740153876,37.86307779638124
2022-09-02,19958.1546339531,0.046336,1.7568238354350691,37.914806995984236
2022-09-03,19839.1957300156,0.051324,1.948383688421516,37.96262019745085
2022-09-04,19998.2496914502,0.05353,2.032265494543307,37.96490483307003
2022-09-05,19792.1636053288,0.046273,1.758487375112583,38.00252290290139
2022-09-06,18790.9069153409,0.038123,1.450419627666516,38.04567767338249
2022-09-07,19282.7869813442,0.040787,1.5551386301386683,38.12796372385522
2022-09-08,19311.0985224782,0.03812,1.456226348786689,38.201248749425936
2022-09-09,21508.8854687482,0.036551,1.3969534878216747,38.21979988164033
2022-09-10,21655.6317589473,0.044221,1.6920196988561407,38.26238201494125
2022-09-11,21819.8741310598,0.044678,1.709955581761083,38.27269422104816
2022-09-12,22397.7556323332,0.040641,1.5559351021895245,38.28510992535543
2022-09-13,20175.3568576726,0.036349,1.3904768255399087,38.253767216666645
2022-09-14,20230.1026493397,0.04362,1.6706084239247607,38.298827605922185
2022-09-15,19703.3300886564,0.046644,1.791488044959809,38.407469496560466
2022-09-16,19801.2191593224,0.052714,2.0318837166204915,38.54526035967496
2022-09-17,20116.1287453886,0.059944,2.313226178210944,38.590020898947444
2022-09-18,19419.2114488315,0.059753,2.3081995088247114,38.628766689505746
2022-09-19,19543.3565534122,0.047835,1.849880885224678,38.671915961249326
2022-09-20,18878.7016110801,0.043132,1.6715069629463932,38.75350007776279
2022-09-21,18490.9294708545,0.043458,1.6849531341259296,38.77197603474782
2022-09-22,19409.7534540829,0.037585,1.459277353553616,38.82593501945725
2022-09-23,19290.201268573,0.038216,1.4850807062736286,38.859968623200466
2022-09-24,18923.0396137772,0.04961,1.930881785202899,38.92097362343149
2022-09-25,18799.5981202723,0.047633,1.8547148267555027,38.93727440948341
2022-09-26,19227.254756094,0.037059,1.4439761378427924,38.96429950726899
2022-09-27,19091.6412715529,0.03144,1.2271466445002632,39.03146194447352
2022-09-28,19411.5572735283,0.038269,1.498743519125488,39.16347070741944
2022-09-29,19592.383140833,0.035386,1.3872267323371903,39.202401018771
2022-09-30,19424.3694033923,0.043569,1.7088865417637562,39.22252868719628
2022-10-01,19309.0114018438,0.062371,2.4487787409713206,39.26156906372183
2022-10-02,19054.683325411,0.063599,2.4993095337890163,39.29790486703762
2022-10-03,19627.1760107208,0.05342,2.1010584592528225,39.330674810170926
2022-10-04,20344.6489661715,0.051803,2.03897511931858,39.36041207927484
2022-10-05,20162.2221311315,0.054096,2.130577393716231,39.38526082515406
2022-10-06,19952.3940142373,0.046235,1.8244746943785026,39.46050472460763
2022-10-07,19533.3286266017,0.037538,1.485873355301054,39.583174734747274
2022-10-08,19415.9679747434,0.050858,2.0152049482031074,39.62432888544833
2022-10-09,19443.0462649631,0.052602,2.086448609465091,39.66461389362755
2022-10-10,19133.2766790523,0.0449,1.7883832260577504,39.830097258072044
2022-10-11,19058.1590286618,0.036766,1.4672922557881296,39.90910372628843
2022-10-12,19156.9479335102,0.034914,1.4035582393517616,40.20090155056889
2022-10-13,19379.6933449788,0.037499,1.510190028657209,40.27326067025209
2022-10-14,19180.0158817323,0.037023,1.494079668048385,40.35526102630116
2022-10-15,19066.4862589852,0.04425,1.7918164891275568,40.49264372247441
2022-10-16,19262.295619267,0.046683,1.8936667396914877,40.56426176519655
2022-10-17,19548.6174791554,0.04098,1.661960821395688,40.55521580007095
2022-10-18,19330.8474645807,0.039266,1.5938507632976018,40.59076794483257
2022-10-19,19126.9220346171,0.041663,1.6980337772659082,40.756355023847966
2022-10-20,19045.4680600591,0.043515,1.7814248095215528,40.938195775024816
2022-10-21,19168.1408610375,0.042809,1.7598137343590246,41.108334981551174
2022-10-22,19207.6963610599,0.046104,1.9092298984776375,41.41179382101248
2022-10-23,19569.7325849495,0.04858,2.013868239998129,41.454767021937535
2022-10-24,19332.8801797789,0.038184,1.6059645756762442,42.05888195767468
2022-10-25,20086.601334111,0.030195,1.2714125412694757,42.10612407276028
2022-10-26,20773.4264453863,0.023814,1.0036030311522677,42.14305960610174
2022-10-27,20289.5828958237,0.036359,1.5340465322772892,42.19125866358309
2022-10-28,20596.0509955165,0.044852,1.8944729654360961,42.238170688472565
2022-10-29,20807.8630909117,0.050745,2.1487045411615333,42.34301068882114
2022-10-30,20625.1357557588,0.053563,2.2718971812377533,42.41571210879667
2022-10-31,20494.9257299831,0.044768,1.9071901573134,42.60119311184651
2022-11-01,20482.1975751488,0.048713,2.0827642843619785,42.75602687762364
2022-11-02,20153.437580166,0.038146,1.6326996835585945,42.80128582259419
2022-11-03,20205.2083159117,0.044938,1.9307115092679292,42.96385809857905
2022-11-04,21145.1212975502,0.040956,1.7603791175169499,42.98264438287963
2022-11-05,21300.4973318852,0.059716,2.575480388287335,43.1286125336003
2022-11-06,20918.721862735,0.064006,2.766703476474148,43.225717746701655
2022-11-07,20591.5810569268,0.060852,2.6190937278442563,43.04033428200169
2022-11-08,18549.8096066226,0.062154,2.6920563111445492,43.3125551125757
2022-11-09,15912.8757024704,0.061385,2.669242914875217,43.48345288333923
2022-11-10,17628.3804115913,0.06888,3.008441015181749,43.67640396533063
2022-11-11,17054.1262725733,0.064805,2.8339772216888663,43.73094670072039
2022-11-12,16778.3734764205,0.077155,3.5778602233276473,46.37224856290833
2022-11-13,16331.086043426,0.079306,3.685028965991858,46.46607335687339
2022-11-14,16616.1149204193,0.071765,3.340523109530884,46.54830952727271
2022-11-15,16887.1041026214,0.072445,3.3900002633060464,46.794033515189554
2022-11-16,16662.2571518258,0.0683,3.2049142240656465,46.923842284185895
2022-11-17,16683.8645945887,0.067547,3.185347011502681,47.15747241123386
2022-11-18,16690.5061646123,0.062495,2.930549175319943,46.892570754357536
2022-11-19,16694.0173694121,0.090023,4.229400132193204,46.981265679894754
2022-11-20,16275.4041131052,0.090627,4.255941755458471,46.961168836637604
2022-11-21,15774.4832353555,0.076867,3.6091456209781136,46.95340513785598
2022-11-22,16205.8221488175,0.075597,3.5532997128506527,47.00293327957169
2022-11-23,16613.9113100967,0.075271,3.5390921248946334,47.0182581770197
2022-11-24,16596.708046295,0.076121,3.5809043682788824,47.04245511388404
2022-11-25,16512.9170255092,0.050433,2.3862176656960896,47.31451172278442
2022-11-26,16453.3220545922,0.054646,2.587260929373507,47.345832492
2022-11-27,16419.6793920512,0.053741,2.5452985739075866,47.362341346184955
2022-11-28,16210.7752707756,0.042615,2.0241180122746782,47.49780528795177
2022-11-29,16438.8702427102,0.048732,2.321373988268236,47.63503005505925
2022-11-30,17172.1372250751,0.044941,2.145839354474481,47.748358427910674
2022-12-01,16979.0561874183,0.041846,1.9998252137732824,47.79059356386922
2022-12-02,17096.8104732562,0.044215,2.11544847717113,47.84478603528125
2022-12-03,16888.6496011212,0.050943,2.443022619617445,47.95614145116731
2022-12-04,17118.4665376458,0.050934,2.4417886925482026,47.94056591356722
2022-12-05,16968.8908322988,0.036528,1.7546229549624173,48.03520181997236
2022-12-06,17089.9333898539,0.037096,1.7831500546978183,48.06873452961809
2022-12-07,16839.0737573858,0.039101,1.8854135829422234,48.219295590076534
2022-12-08,17226.214010572,0.032479,1.5694499367068029,48.3217451208904
2022-12-09,17129.6601171897,0.031647,1.5295035040091745,48.330559480793404
2022-12-10,17129.1862768961,0.038048,1.8431676639828174,48.443293069123214
2022-12-11,17092.5710718811,0.037483,1.8183836041309231,48.512740840888924
2022-12-12,17208.8355970428,0.028389,1.3770818068304072,48.50730268297872
2022-12-13,17776.8698615716,0.026281,1.2664551761575906,48.18896159273318
2022-12-14,17800.5289116282,0.034429,1.6591411047968818,48.190869317936325
2022-12-15,17358.599966588,0.038743,1.8691977077449429,48.246018861380044
2022-12-16,16636.3019783046,0.038873,1.8770271494347253,48.28574514708812
2022-12-17,16780.6374709485,0.048104,2.320726852748002,48.24423991229101
2022-12-18,16738.692624659,0.050766,2.445934890932903,48.18059329053396
2022-12-19,16441.5653963005,0.040829,1.9676456182301871,48.192869202937096
2022-12-20,16903.9868964253,0.04051,1.9566574335270093,48.300260226275235
2022-12-21,16825.6031068065,0.037731,1.8211851113030937,48.267945256421065
2022-12-22,16819.3397917948,0.036301,1.7511890822894427,48.240845150078975
2022-12-23,16776.5713879112,0.035422,1.70715050702053,48.19496798071307
2022-12-24,16831.4918982042,0.04211,2.0295691104878775,48.19643456348069
2022-12-25,16832.5436938815,0.042902,2.069055432830941,48.227454867036805
2022-12-26,16922.0231290302,0.033495,1.615813455899785,48.24063358158847
2022-12-27,16701.5323619558,0.029693,1.4307538708821002,48.18538027570763
2022-12-28,16541.4723044317,0.026362,1.2441779412801643,47.195010868663616
2022-12-29,16640.1263641993,0.028384,1.3431566039409375,47.32146773697713
2022-12-30,16605.7238616281,0.026369,1.2483691101040515,47.34178639493305
2022-12-31,16537.3493546371,0.037812,1.7896207190764433,47.32944925579973
2023-01-01,16614.7996181354,0.042191,1.9972035793771117,47.33670445767924
2023-01-02,16671.8455481964,0.040811,1.9298958623854576,47.28911155217754
2023-01-03,16668.5747367951,0.040173,1.8979569734807784,47.24493341099191
2023-01-04,16855.1515566319,0.038724,1.8268371451276348,47.17609360185765
2023-01-05,16826.853077852,0.041244,1.943867671806774,47.1310728692162
2023-01-06,16950.685352777,0.03913,1.8424312021690445,47.08497447083423
2023-01-07,16947.9786911474,0.041125,1.930861066695685,46.95108266163116
2023-01-08,17120.2536044793,0.044274,2.066301769032153,46.67081695186934
2023-01-09,17185.4426286406,0.036676,1.6986774493540402,46.316343444787535
2023-01-10,17444.3911017755,0.036338,1.675984283648579,46.122682028887176
2023-01-11,17937.9085106608,0.035936,1.6513482034443796,45.9519516686057
2023-01-12,18853.0342288496,0.03061,1.4034982798070739,45.851346499964606
2023-01-13,19929.2964216156,0.035408,1.621819424618577,45.803516365897536
2023-01-14,20955.5153194575,0.04618,2.0969129420848476,45.40776028664477
2023-01-15,20876.5832655193,0.053205,2.401320207842092,45.13298312163832
2023-01-16,21186.604577389,0.051022,2.2977700714578617,45.03531878697227
2023-01-17,21138.9164686384,0.047945,2.154496616577601,44.93680885244344
2023-01-18,20678.3348791823,0.052109,2.3345298604189293,44.80060749311402
2023-01-19,21078.4544974041,0.055343,2.463954065893415,44.52139923034566
2023-01-20,22682.2029187614,0.049849,2.212160585669695,44.377553339943496
2023-01-21,22779.2138078613,0.054537,2.416933121757113,44.317198247765404
2023-01-22,22718.1314335012,0.063186,2.7999474000412454,44.313117157715105
2023-01-23,22918.3699917327,0.055004,2.4352241886192654,44.273767662120804
2023-01-24,22638.901587247,0.053497,2.367927039330051,44.263183946430416
2023-01-25,23059.3851644209,0.046403,2.0539510719897436,44.26326638322319
2023-01-26,23019.9101609654,0.04852,2.1376247348525763,44.05624297502175
2023-01-27,23079.9557865419,0.059103,2.6039261922487142,44.05759852778526
2023-01-28,23036.0163159092,0.071296,3.138200022067484,44.01637763114363
2023-01-29,23755.8522960817,0.070919,3.1246472420053095,44.05949919705589
2023-01-30,22836.7994097976,0.061139,2.6909462651569163,44.013480145486916
2023-01-31,23132.6366267087,0.059857,2.6299435069285586,43.93713777376197
2023-02-01,23730.892108563,0.062845,2.817861701097972,44.838446167667925
2023-02-02,23472.9378986901,0.063212,2.8321178954129373,44.80351837892801
2023-02-03,23427.2999489355,0.056537,2.5279568368302217,44.71296185061498
2023-02-04,23323.8704017848,0.069303,3.093719970016465,44.64065505500231
2023-02-05,22939.8873379221,0.073998,3.2906345975901243,44.469080086054745
2023-02-06,22762.160401592,0.066221,2.942801230881006,44.4392403674439
2023-02-07,23250.8437643727,0.059912,2.6641389007898653,44.467829833931305
2023-02-08,22965.0353709284,0.046268,2.059925507218974,44.52129658746017
2023-02-09,21799.4426181371,0.040798,1.7985657329807798,44.08506765978719
2023-02-10,21632.2158073977,0.039077,1.708230072602379,43.71479409681634
2023-02-11,21862.6260227177,0.048419,2.1078940421555794,43.534518667654496
2023-02-12,21790.25455289,0.054236,2.337390138061429,43.09648546633193
2023-02-13,21792.5223461046,0.046261,1.9933083805972285,43.08845282068968
2023-02-14,22208.9199618737,0.042365,1.824480640342923,43.06588404054629
2023-02-15,24323.5166590462,0.048815,2.1002155465660053,43.02366920501662
2023-02-16,23533.2769528505,0.049208,2.1136564475947006,42.953242529005585
2023-02-17,24571.6150380305,0.05199,2.226423456392073,42.824479459774
2023-02-18,24635.5338888335,0.062854,2.663363323041201,42.37392879711862
2023-02-19,24279.6343367959,0.065693,2.7738607114993012,42.22456932866235
2023-02-20,24835.755894074,0.059126,2.4625564702305596,41.649554174704875
2023-02-21,24444.1011345712,0.050403,2.0942986113187474,41.55131318401897
2023-02-22,24186.0885791748,0.048085,1.9884766209771014,41.35302419101567
2023-02-23,23939.6688327525,0.048371,1.9623845162644666,40.56966958907311
2023-02-24,23194.499333278,0.041934,1.6875975016451124,40.24388462276988
2023-02-25,23163.049349882,0.059595,2.3829465143996797,39.985979249358465
2023-02-26,23557.2229146909,0.060698,2.416824466279196,39.81694713951143
2023-02-27,23499.8309774113,0.052845,2.1022995161874767,39.78257398430133
2023-02-28,23131.2984639804,0.051422,2.1202386602969066,41.23224785019557
2023-03-01,23649.4803930443,0.058795,2.4193889410338363,41.14976619002933
2023-03-02,23470.0361999682,0.065041,2.6785659557356816,41.182697248298034
2023-03-03,22361.1191692556,0.052799,2.1795652237002057,41.280133821792674
2023-03-04,22355.8306157683,0.064516,2.6630432067744794,41.2770243793952
2023-03-05,22429.4908591502,0.06861,2.7944818616585323,40.72974909826328
2023-03-06,22412.6705271364,0.057352,2.332701700769005,40.673328311065056
2023-03-07,22200.2507201629,0.047398,1.9317361809962967,40.7553835103337
2023-03-08,21710.6990275416,0.051456,2.0897835338203734,40.61306643422759
2023-03-09,20375.6834685557,0.053763,2.183870386875513,40.62041467922805
2023-03-10,20213.7629924351,0.053895,2.190623898252923,40.64586506052374
2023-03-11,20620.2077794277,0.064826,2.5986368701750924,40.08620706753437
2023-03-12,22145.8844282266,0.071535,2.8319668026590064,39.588775069497274
2023-03-13,24208.7267998456,0.062031,2.447866835930406,39.46216897272643
2023-03-14,24763.5637364342,0.065499,2.5688809539812527,39.220420745756215
2023-03-15,24380.3366925489,0.074372,2.9139805340921905,39.181365250130824
2023-03-16,25057.7204466164,0.077448,2.962838486072165,38.25562787414312
2023-03-17,27449.2125371784,0.07856,2.9796932918214543,37.92885055994891
2023-03-18,26990.2099147727,0.103821,3.953929602857253,38.08427815837512
2023-03-19,28043.8685945591,0.10003,3.8025033897881566,38.013558678839175
2023-03-20,27808.5477374102,0.086096,3.2635531158549,37.905787067829316
2023-03-21,28200.5289595314,0.092515,3.5201748533674384,38.04972087142348
2023-03-22,27351.0672482204,0.087799,3.333203331001127,37.964198466381454
2023-03-23,28365.4052559054,0.09215,3.4751387754619674,37.711651252758024
2023-03-24,27508.9778733925,0.087383,3.28958295090477,37.64537313316185
2023-03-25,27522.8566887814,0.10023,3.7708521632141085,37.621910658670025
2023-03-26,28018.322473185,0.099627,3.734915046775662,37.48911020283029
2023-03-27,27176.1206279737,0.070897,2.627915490743555,37.06676273337715
2023-03-28,27286.6561737917,0.075786,2.818480342082136,37.190137308167465
2023-03-29,28364.9268668795,0.076505,2.834478434882113,37.04975942940997
2023-03-30,28063.4394407859,0.07585,2.6290504189527613,34.66101113391376
2023-03-31,28497.2081539256,0.118242,4.098996500251701,34.66602041064948
2023-04-01,28481.8954584263,0.142616,4.917746149213981,34.48236690399166
2023-04-02,28215.1372410906,0.146812,5.054793948495473,34.43030895294099
2023-04-03,27815.0788799947,0.120124,4.134309799667625,34.416964275949184
2023-04-04,28183.4796906071,0.121482,4.170715655217875,34.331931878144154
2023-04-05,28183.1127411209,0.119735,4.107834346125964,34.30777858258078
2023-04-06,28046.5936404394,0.081174,2.756064403705181,33.952692851689406
2023-04-07,27923.8296812933,0.089449,3.024749284734059,33.815481403360714
2023-04-08,27964.8602674257,0.09575,3.233816115593866,33.773375870622594
2023-04-09,28342.2800906457,0.098165,3.306550601365836,33.68368213436177
2023-04-10,29651.8259220904,0.073771,2.4474752720434587,33.17646394597641
2023-04-11,30230.4027905525,0.08211,2.6969174582453688,32.84524787833071
2023-04-12,29908.9683587085,0.084559,2.7479331961468003,32.4971166482946
2023-04-13,30418.117768826,0.095736,3.101946668548865,32.4011459202888
2023-04-14,30495.9936496767,0.102254,3.285579653817675,32.131695966028346
2023-04-15,30326.254282035,0.132903,4.242925820534556,31.92499656178434
2023-04-16,30319.3392117242,0.135464,4.315701793223899,31.85865736661574
2023-04-17,29454.288611993,0.101194,3.2162276363346964,31.782770397379068
2023-04-18,30392.1774635086,0.103116,3.2677032249301043,31.689551707770658
2023-04-19,28838.336552442,0.100005,3.163398600411519,31.632486850836173
2023-04-20,28256.5932505126,0.092799,2.9378012678020218,31.657594039673903
2023-04-21,27284.2446886479,0.086349,2.764312360577071,32.01315337629238
2023-04-22,27841.7754958968,0.100544,3.228733207044785,32.11270977238806
2023-04-23,27607.8347430762,0.103367,3.3201445550397874,32.11995814661898
2023-04-24,27541.5807831025,0.074602,2.383329963175635,31.947064104518883
2023-04-25,28305.8791292559,0.071646,2.264976799534617,31.613462918985316
2023-04-26,28527.3021598618,0.071883,2.266108846350449,31.52493246625149
2023-04-27,29491.4405723241,0.074676,2.3337518963927724,31.251872905653023
2023-04-28,29342.4943883475,0.070091,2.1867596369135014,31.198814606856228
2023-04-29,29279.6788958756,0.082898,2.5831976457665466,31.161055700666243
2023-04-30,29269.3284190614,0.084274,2.6187574204369986,31.07428060314305
2023-05-01,28104.486312544,0.075498,2.3452659419040276,31.063882389876504
2023-05-02,28696.6191722905,0.06476,2.013279243405853,31.088387499799158
2023-05-03,29037.9933377395,0.062827,1.9436032208455567,30.935902281970606
2023-05-04,28878.6029922569,0.094651,2.902331226888667,30.6634947925334
2023-05-05,29563.5199685999,0.099314,3.041384999472407,30.62395990769282
2023-05-06,28933.2955078631,0.105934,3.2405214488115286,30.58988526249914
2023-05-07,28498.5019364021,0.115236,3.4142124207078033,29.628035141169324
2023-05-08,27736.6673104092,0.156251,4.598430833253074,29.429825635885372
2023-05-09,27666.1663334429,0.167774,4.941242828395752,29.451816980651913
2023-05-10,27639.9301236234,0.142193,4.185618651482391,29.43612973977287
2023-05-11,26999.795182326,0.137563,4.053064365553263,29.463313969342916
2023-05-12,26819.5447111702,0.137006,3.992615989520641,29.141936262371612
2023-05-13,26798.5986390513,0.161101,4.691861012566784,29.12374856673831
2023-05-14,26933.8020596763,0.107358,3.121430300817912,29.07484902302211
2023-05-15,27197.7040446513,0.084243,2.446219474978559,29.037554587001583
2023-05-16,27046.494616832,0.082917,2.403730677144521,28.98975020459622
2023-05-17,27408.6745498218,0.079161,2.2943284670434125,28.983224133929426
2023-05-18,26838.9668512658,0.080309,2.322740482502674,28.922533490738772
2023-05-19,26897.8682529666,0.077868,2.237585972416774,28.735679703533574
2023-05-20,27132.4253543435,0.097851,2.7732340385911747,28.34131632950624
2023-05-21,26767.9729382682,0.098086,2.7755673460274712,28.297423995962806
2023-05-22,26869.9450609306,0.07079,1.997965305062679,28.223823600023238
2023-05-23,27232.2067834683,0.06964,1.9623436698247836,28.178369007342326
2023-05-24,26347.4019321724,0.081185,2.2824961811345745,28.114651666772414
2023-05-25,26487.339972648,0.087134,2.4420684616693342,28.02663590231409
2023-05-26,26723.7398235066,0.094003,2.6352646666123354,28.03371799480017
2023-05-27,26872.1392590869,0.11203,3.1402720224188814,28.030552795844365
2023-05-28,28084.3386929541,0.112413,3.1483924085120956,28.007325161437905
2023-05-29,27748.8249884538,0.100156,2.783189638428618,27.78860268480457
2023-05-30,27710.973035485,0.081235,2.2562861436683184,27.77471749460361
2023-05-31,27230.3080428998,0.08058,2.2416828979755814,27.819434774178433
2023-06-01,26829.29960344,0.075967,2.1134107075321897,27.820167203835062
2023-06-02,27260.1298849564,0.075484,2.0987543524262837,27.80400602508677
2023-06-03,27086.3172554771,0.095472,2.661600194705975,27.878262560117594
2023-06-04,27135.7904122839,0.097659,2.727366302258534,27.927407770549703
2023-06-05,25765.7963247578,0.079356,2.2158828547560234,27.923442932887585
2023-06-06,27248.3246542986,0.080456,2.253526486119919,28.00934350483981
2023-06-07,26613.1697965198,0.088412,2.4743162394485374,27.986246365484874
2023-06-08,26521.1529700854,0.088849,2.484428137175499,27.96226475094958
2023-06-09,26507.0890083425,0.088341,2.468065884018679,27.937883098623487
2023-06-10,25881.4306723709,0.093519,2.612199267005521,27.93218236419557
2023-06-11,25954.4633197473,0.093821,2.6191573903416754,27.91640551703308
2023-06-12,25989.8934186014,0.083396,2.3279998024693014,27.915149037319516
2023-06-13,25954.7612096253,0.080798,2.262128017133985,27.997165149726413
2023-06-14,25172.5104139701,0.082004,2.2976929481003263,28.01931993690245
2023-06-15,25592.4132007647,0.076447,2.1444769714388165,28.05168394393773
2023-06-16,26346.9089448547,0.091554,2.5714395760730016,28.08647969448826
2023-06-17,26529.2967946286,0.104907,2.952009592612939,28.139401132386425
2023-06-18,26352.3262313544,0.106039,2.976444805910743,28.06932676559566
2023-06-19,26852.392167205,0.094691,2.660129008520373,28.09271569467287
2023-06-20,28318.3604233876,0.113219,3.161679828775514,27.925304214369692
2023-06-21,30004.3066633103,0.123997,3.444518439643604,27.778989654950873
2023-06-22,29903.0951256052,0.125857,3.488921214785119,27.721236807012414
2023-06-23,30695.0319627857,0.140204,3.8756784496993486,27.643086523759827
2023-06-24,30547.2538887232,0.162895,4.4895207678905065,27.560762149997263
2023-06-25,30468.4754666978,0.169433,4.668949197224492,27.556250347699635
2023-06-26,30295.226396642,0.122635,3.376163673754727,27.530155019731847
2023-06-27,30668.9243387284,0.120452,3.3130352831989516,27.504966255889702
2023-06-28,30101.2258952121,0.123661,3.396294947629102,27.464634639604807
2023-06-29,30440.1023199044,0.125787,3.4318717136618977,27.28326936471006
2023-06-30,30437.7451668473,0.12655,3.445778003034441,27.228542539171848
2023-07-01,30533.7461791116,0.153787,4.177829507290004,27.166416857067553
2023-07-02,30629.064612191,0.165357,4.4900268156324685,27.15361441078971
2023-07-03,31173.6004676264,0.142583,3.8696413298246095,27.139608050039488
2023-07-04,30804.9314937316,0.13723,3.727441605282071,27.161932613113784
2023-07-05,30527.0969511612,0.123118,3.339850816288552,27.12722768146648
2023-07-06,29930.3254083315,0.105601,2.8333940479267268,26.83108728475946
2023-07-07,30382.6523200649,0.104074,2.7940923388154673,26.847096203773248
2023-07-08,30323.0188403165,0.113193,3.042126839573198,26.875527316332235
2023-07-09,30061.3743526232,0.115925,3.1114344909398564,26.840134344631487
2023-07-10,30414.3935333379,0.090318,2.4217668833516925,26.81386164952137
2023-07-11,30647.2187156785,0.100593,2.6898489946165833,26.740019059498906
2023-07-12,30413.994084819,0.099968,2.668818715254617,26.6967557582611
2023-07-13,31481.4081376011,0.082015,2.1795978867946015,26.575535207710598
2023-07-14,30345.7701035837,0.099078,2.6317676117718296,26.562610329211008
2023-07-15,30318.1340815308,0.114849,3.053543472005322,26.587443619487775
2023-07-16,30254.0284882476,0.122749,3.259182160667727,26.5515064703865
2023-07-17,30156.5844242845,0.097601,2.586526143532637,26.500996742929587
2023-07-18,29884.3573854079,0.098143,2.600646991486197,26.498463548347285
2023-07-19,29935.6891157405,0.115605,3.062716968719196,26.492855990886532
2023-07-20,29811.4849347523,0.126769,3.3575580794530833,26.485558586746624
2023-07-21,29892.1365446573,0.121143,3.1966750178820678,26.387676037693613
2023-07-22,29804.3500738858,0.137531,3.643004746414865,26.488684252039032
2023-07-23,30101.2645734077,0.140184,3.711466711867807,26.475659117675185
2023-07-24,29206.0663216961,0.114308,3.02692347443279,26.480379416370106
2023-07-25,29256.1875846369,0.103135,2.7252283021692265,26.423837022665765
2023-07-26,29375.3055204941,0.084429,2.202801418866654,26.090660147117493
2023-07-27,29239.7913150158,0.075416,1.9369721242211622,25.68368221410851
2023-07-28,29335.4470402998,0.088031,2.1214511860981333,24.098937140790056
2023-07-29,29383.336465198,0.149179,3.562800103856406,23.882658084701248
2023-07-30,29364.3837700405,0.149205,3.5612807413392,23.868360594890156
2023-07-31,29258.5076902706,0.123464,2.941654026243491,23.825957390995153
2023-08-01,29703.8104813107,0.128773,3.066793531158283,23.815451124597004
2023-08-02,29177.9478242776,0.130816,3.1113675416641597,23.78438504355862
2023-08-03,29184.4729902195,0.125302,2.980400145843343,23.78567839385514
2023-08-04,29096.0701444857,0.081661,1.9420299301793356,23.78168061094164
2023-08-05,29072.4311106811,0.094929,2.2576678351004227,23.78262315929586
2023-08-06,29079.1215999119,0.095599,2.2718476208677245,23.7642493404358
2023-08-07,29197.986038807,0.070425,1.6715325356502595,23.734900529029126
2023-08-08,29774.8224448097,0.078275,1.8493943155183277,23.626800411639685
2023-08-09,29579.4693139563,0.071522,1.6929785345996025,23.670660380154498
2023-08-10,29439.068889827,0.070138,1.6605834233885337,23.675826930414893
2023-08-11,29408.1385408148,0.077338,1.828119267005915,23.638126942233985
2023-08-12,29431.2391205862,0.092285,2.1791343928139497,23.613055270434646
2023-08-13,29294.0071031849,0.093936,2.2161683536673884,23.59239777532789
2023-08-14,29414.4402033915,0.072901,1.7062080482533815,23.404552289241153
2023-08-15,29181.7271502883,0.075306,1.7616140748019464,23.39262736839563
2023-08-16,28714.3609957384,0.075328,1.755698726082274,23.307459771798285
2023-08-17,26668.375876092,0.066196,1.540180182979771,23.266950203054922
2023-08-18,26068.756541312,0.072378,1.6766174176396305,23.1646302907585
2023-08-19,26110.5955282053,0.104911,2.437211682891107,23.23119885308922
2023-08-20,26203.1956390114,0.10622,2.465910565790346,23.215148799413384
2023-08-21,26176.5093140249,0.091919,2.132880387152812,23.203966770281323
2023-08-22,26042.2437082433,0.087922,2.03965994964316,23.19864210048315
2023-08-23,26442.198971668,0.088783,2.0591685103592616,23.193185618993247
2023-08-24,26183.9661193447,0.09914,2.297899402247742,23.178233298390353
2023-08-25,26059.7902007569,0.095907,2.220961547416218,23.15744969465118
2023-08-26,26033.3825013828,0.115414,2.6693837687444715,23.128816494840258
2023-08-27,26103.6600177839,0.11831,2.734045641931702,23.1092390439571
2023-08-28,26119.3483138369,0.101697,2.3474453976472347,23.082642210242344
2023-08-29,27740.1326391347,0.085303,1.956881063775597,22.94022501262772
2023-08-30,27314.1128866737,0.095933,2.196176538861214,22.89282934868511
2023-08-31,25954.5020137399,0.097008,2.21228493511998,22.80526717710588
2023-09-01,25927.762485267,0.102615,2.3361068600267316,22.76573977085062
2023-09-02,25909.5771757153,0.128891,2.9311451808709728,22.74131232128085
2023-09-03,25985.1483294931,0.13036,2.9590077665489605,22.698679184663803
2023-09-04,25829.7607686328,0.112485,2.551506330703675,22.683076903297902
2023-09-05,25801.3845443916,0.093494,2.118589343190677,22.66022129611967
2023-09-06,25771.4578139339,0.084354,1.9106579880541363,22.650503712644117
2023-09-07,26251.1493587611,0.083696,1.8924092952066276,22.610515594370753
2023-09-08,25918.6803715733,0.077071,1.7404180963974292,22.58206211073928
2023-09-09,25909.5640398976,0.089766,2.02688927121517,22.579748439290327
2023-09-10,25837.954001127,0.092353,2.0827535575373957,22.552017233222216
2023-09-11,25178.9378691104,0.072935,1.6427833617970748,22.5238797142594
2023-09-12,25849.7665024534,0.075836,1.7071697788309061,22.5113904229982
2023-09-13,26237.4208561472,0.074346,1.6717488593010135,22.486018149125254
2023-09-14,26543.9728778799,0.071943,1.61675580565534,22.47271387026176
2023-09-15,26614.1097215987,0.067617,1.5148344850408182,22.403045993386108
2023-09-16,26580.1658687366,0.085573,1.9108858097083044,22.33058518837034
2023-09-17,26538.0876010768,0.092914,2.070609276804707,22.285188538186702
2023-09-18,26789.2195875401,0.070377,1.5659674999390323,22.251188785335355
2023-09-19,27218.8557248351,0.069732,1.5501070096475749,22.22938628179878
2023-09-20,27132.0450120978,0.073053,1.62297078997404,22.216329494935533
2023-09-21,26571.1655764492,0.083172,1.8465789066505496,22.202057984902346
2023-09-22,26594.4556749723,0.082319,1.8256388157654984,22.177525375899393
2023-09-23,26605.3830969086,0.09068,2.0094379720835995,22.15954772157802
2023-09-24,26265.6243724177,0.099272,2.195909721987176,22.120218687114676
2023-09-25,26308.025326399,0.082176,1.8158839259803279,22.097422202024465
2023-09-26,26259.3751262091,0.084334,1.8613660082916847,22.07145259952734
2023-09-27,26363.1155185171,0.07467,1.6458210052467646,22.041361099817987
2023-09-28,27029.25185203,0.081389,1.7862162848285497,21.94659985310131
2023-09-29,26916.1650929342,0.092154,2.020325660910512,21.923352832352144
2023-09-30,26987.167631827,0.106432,2.3306263624687005,21.897865961005405
2023-10-01,27974.3425712162,0.116755,2.553322936172792,21.86904112456902
2023-10-02,27513.5171289827,0.092968,2.029135341799187,21.82617630973809
2023-10-03,27434.6743188398,0.114513,2.496922145683197,21.804667645764685
2023-10-04,27758.2389203123,0.111475,2.4257257919523454,21.76024263906768
2023-10-05,27420.0566072926,0.108709,2.360185595825432,21.711128733437384
2023-10-06,27954.2974682272,0.113596,2.4596954593010465,21.652919325305845
2023-10-07,27983.6529132693,0.125579,2.7066717163658542,21.553608614435582
2023-10-08,27942.1110753019,0.136006,2.9288937670563633,21.535073033522163
2023-10-09,27597.1824632686,0.114821,2.4682327548689167,21.49631755277892
2023-10-10,27403.905488386,0.101948,2.1779582007174336,21.363322580916353
2023-10-11,26900.086541431,0.120975,2.569450354783809,21.239563404433316
2023-10-12,26767.8532170025,0.12377,2.618605852973457,21.157053374948728
2023-10-13,26879.1505879939,0.118922,2.5117621407016086,21.12116006192472
2023-10-14,26874.3242751899,0.127181,2.677925255937578,21.056027242824605
2023-10-15,27165.9801546294,0.130894,2.7465572540412904,20.983075545013328
2023-10-16,28521.0531573359,0.09368,1.956450514161746,20.88443237869295
2023-10-17,28414.706376303,0.095316,1.9874398131907134,20.85111420003911
2023-10-18,28337.1443338273,0.093931,1.9532509370000073,20.79457447586206
2023-10-19,28715.8962956434,0.116364,2.406281618595143,20.67896658012262
2023-10-20,29686.7015620961,0.155725,3.197261192307288,20.531483037414677
2023-10-21,29926.1134549487,0.191702,3.90961959392535,20.394241056133897
2023-10-22,29996.4003905257,0.197208,3.96716372875944,20.116638354410487
2023-10-23,33066.2832874463,0.156034,3.121283575057465,20.003910855324385
2023-10-24,33921.6865795161,0.167213,3.2242559943112297,19.282330299654284
2023-10-25,34507.408481829,0.205183,3.9389724835372784,19.197386673939597
2023-10-26,34162.9502605681,0.176324,3.371919801247618,19.12346754190339
2023-10-27,33948.0095841118,0.193985,3.7014973268638025,19.081322537131484
2023-10-28,34116.3111958282,0.221008,4.202870288892365,19.016808309591543
2023-10-29,34561.3615527494,0.235313,4.455558384925224,18.934613336479753
2023-10-30,34467.5972381937,0.190123,3.579845693575257,18.829110275753557
2023-10-31,34677.694888327,0.192198,3.58117665828176,18.63271756858113
2023-11-01,35441.3187280536,0.189087,3.4860919151108827,18.43640084576735
2023-11-02,34968.0403739042,0.176673,3.24235995214275,18.352360531954883
2023-11-03,34760.1091460429,0.179585,3.2768319288424514,18.24672081532243
2023-11-04,35120.5284980712,0.216136,4.043011540510268,18.70585192311823
2023-11-05,35113.2054948287,0.211529,3.925173486787456,18.556158386447436
2023-11-06,35066.7201316785,0.177039,3.2700633526318845,18.470894305151447
2023-11-07,35444.1351966701,0.180897,3.336231034363444,18.442693558868942
2023-11-08,35665.3088145711,0.167106,3.046376762995663,18.230167948891182
2023-11-09,36730.3636407603,0.168993,3.067733549060861,18.152978029216953
2023-11-10,37283.1547837519,0.207503,3.7539831408373736,18.091221556790433
2023-11-11,37160.9490354781,0.242588,4.400733360630644,18.140807071679657
2023-11-12,37036.8372171169,0.260884,4.744751549984505,18.18722010628205
2023-11-13,36488.7600423475,0.21637,3.935392860605063,18.188277522074706
2023-11-14,35579.8878979973,0.187371,3.4182759205665496,18.243358481958445
2023-11-15,37906.3519401157,0.204731,3.727437030041275,18.206482638020827
2023-11-16,36188.2628329782,0.177522,3.220555373156745,18.141771153751144
2023-11-17,36640.7340121362,0.172152,3.12747480041796,18.166920498567297
2023-11-18,36605.1469342481,0.202415,3.7325578848739918,18.44015173490001
2023-11-19,37389.203113183,0.196213,3.6078546235614897,18.38745597243115
2023-11-20,37492.7364404784,0.152762,2.8072069173273446,18.376338614780593
2023-11-21,35805.7114825636,0.162349,2.9758784270454566,18.330114332281124
2023-11-22,37424.6537780368,0.167433,3.0550166170072166,18.246240222260038
2023-11-23,37312.4932675321,0.187081,3.4083349870182786,18.218451598394836
2023-11-24,37750.2572947509,0.168042,3.0503293617517047,18.152201110265068
2023-11-25,37814.6744112666,0.220569,3.98130009174791,18.05014298859087
2023-11-26,37474.1227666724,0.233701,4.200690421280026,17.974672141173635
2023-11-27,37264.7309086672,0.185581,3.3329881325272326,17.95972736880858
2023-11-28,37835.2499687928,0.168659,3.0175836404836405,17.89166575927941
2023-11-29,37871.2213851124,0.160998,2.8673220716494408,17.80964539872987
2023-11-30,37742.813686119,0.171664,3.05271807909605,17.783137351748017
2023-12-01,38697.8181192782,0.189927,3.359646719159238,17.689186365197177
2023-12-02,39467.4019032871,0.230711,4.069639588989945,17.63953822877686
2023-12-03,39991.9547880374,0.230022,4.033455525339658,17.535092393476166
2023-12-04,41998.4912785941,0.18982,3.305093218879625,17.411745905335213
2023-12-05,44106.8575235394,0.229652,3.976391003624798,17.3148548191446
2023-12-06,43781.6910768042,0.252663,4.331159279067901,17.14200735724402
2023-12-07,43309.2920621813,0.254612,4.321008850216574,16.97093278928138
2023-12-08,44191.4048992984,0.284332,4.78280778153283,16.821232542776293
2023-12-09,43731.0428026967,0.326387,5.466762181951188,16.7493447151602
2023-12-10,43811.7674571301,0.338006,5.641403211611579,16.690221648700835
2023-12-11,41264.0700336181,0.25088,4.165570428898809,16.603832770775902
2023-12-12,41482.5474755058,0.260321,4.288888728875347,16.475358797475874
2023-12-13,42887.6320917721,0.26975,4.4461997096536106,16.482694332752825
2023-12-14,43049.880512803,0.241126,3.9611409287283372,16.427701704609273
2023-12-15,41947.0388823196,0.230258,3.7611398185946836,16.334476336471475
2023-12-16,42257.2688987908,0.266304,4.339032596278682,16.29353033421313
2023-12-17,41356.0030170296,0.284187,4.625494747087673,16.276257991087885
2023-12-18,42674.1990190121,0.229791,3.735798813983157,16.257357756308224
2023-12-19,42292.5183668724,0.213003,3.4429159781207948,16.16368386762218
2023-12-20,43681.5398780004,0.231263,3.718082756102194,16.077290726220966
2023-12-21,43884.4164563142,0.236221,3.7883199802168623,16.03715949399384
2023-12-22,44028.1877377527,0.239794,3.8000276185559483,15.847055653233324
2023-12-23,43761.49796539,0.282786,4.487779271036291,15.869889856319348
2023-12-24,43043.6663501508,0.291005,4.601935065443158,15.813912326829154
2023-12-25,43611.5247374747,0.260944,4.121845137066277,15.795918574677438
2023-12-26,42539.1184136361,0.207489,3.2697052933112323,15.758472292207381
2023-12-27,43471.753257475,0.228681,3.581111749651532,15.659860502227904
2023-12-28,42605.1593740229,0.234537,3.6647421263232056,15.62544278140286
2023-12-29,42092.6334867548,0.225087,3.4812173550456142,15.466105040301922
2023-12-30,42154.0589758333,0.303227,4.6855116836300645,15.452164415391396
2023-12-31,42294.1598555961,0.308168,4.771514271108457,15.483508124262995
2024-01-01,44203.7020721423,0.325137,5.023785285194878,15.451293386951535
2024-01-02,44974.7685212193,0.262343,4.03388542487036,15.376379292878765
2024-01-03,42882.9772875105,0.271218,4.156867840967846,15.326679600953788
2024-01-04,44255.4798441317,0.289469,4.38997015557793,15.165590514794278
2024-01-05,44334.8715679845,0.400992,6.075811001635787,15.151954245355899
2024-01-06,43997.8710233057,0.44604,6.759400010941611,15.154238445982902
2024-01-07,44299.2939991951,0.446537,6.753238324059825,15.123591506425084
2024-01-08,47081.4977792422,0.412825,6.224766736404359,15.078468209003676
2024-01-09,46157.104634299,0.384669,5.756930612518622,14.965937630655812
2024-01-10,46704.0212654584,0.403249,6.018296104647927,14.924505410747464
2024-01-11,46422.514952638,0.255547,3.79444199343086,14.84833919276159
2024-01-12,42802.9958672967,0.263199,3.907320543715327,14.845495103248412
2024-01-13,42850.6353160156,0.363225,5.392276408026727,14.84556408263714
2024-01-14,41802.6523443133,0.369238,5.47383667310059,14.8246760493909
2024-01-15,42525.0130290145,0.314079,4.651628614195024,14.810375391236548
2024-01-16,43151.682390494,0.263389,3.883666570239469,14.745005555094869
2024-01-17,42768.6164119022,0.300103,4.428369673905767,14.756153211265913
2024-01-18,41319.8844291479,0.275912,4.059716326069012,14.713803431654268
2024-01-19,41665.2040829469,0.303273,4.453205850037656,14.683805976518903
2024-01-20,41687.2539317214,0.343913,5.056381090945353,14.702495360110328
2024-01-21,41613.2952610405,0.349194,5.130111588839663,14.69127544323489
2024-01-22,39563.6764739163,0.294622,4.321126289974224,14.666656945642721
2024-01-23,39906.2715497597,0.2582,3.7795684926160296,14.638130680518877
2024-01-24,40117.6810517906,0.285655,4.169045613095042,14.594673881872437
2024-01-25,39964.0969895517,0.248789,3.6276820386369932,14.581372766373528
2024-01-26,41846.611859567,0.238688,3.489384852409912,14.619034199186407
2024-01-27,42124.7165589278,0.321942,4.696936586738099,14.589410138889594
2024-01-28,42074.4906532441,0.306756,4.4699329293172125,14.57160898825487
2024-01-29,43332.3683844016,0.236344,3.4202607729890975,14.471527165423208
2024-01-30,42985.0078295262,0.215763,3.1094966931977193,14.411609185007077
2024-01-31,42588.2593257684,0.240383,3.4544863909626473,14.370784215253902
2024-02-01,43092.4278760411,0.297389,4.026755339056519,13.54037790726138
2024-02-02,43235.5085016416,0.301454,4.079630249704194,13.533172759311515
2024-02-03,43005.2067269749,0.360287,4.875233801189387,13.531520965156538
2024-02-04,43023.0378408148,0.378338,5.1134902289073425,13.515652309069159
2024-02-05,42693.1995056128,0.314591,4.2425957192233295,13.486071593090394
2024-02-06,43105.8596900106,0.265104,3.5689973155867176,13.46263195037008
2024-02-07,44349.9033889938,0.267764,3.5913094430141936,13.412211441117492
2024-02-08,45307.8804160099,0.243535,3.2347348544273506,13.282420744578507
2024-02-09,47151.5733568702,0.243118,3.218664694250066,13.239100490245699
2024-02-10,47765.7511896916,0.323464,4.264548809135777,13.183981433690304
2024-02-11,48320.3734724689,0.342638,4.492357696273297,13.111106668725357
2024-02-12,49954.8014301557,0.29744,3.885335750961951,13.062568225146675
2024-02-13,49730.3776890612,0.280948,3.657244558076665,13.017520891980162
2024-02-14,51839.1876215735,0.302371,3.9022077579515324,12.90536410348399
2024-02-15,51949.5723070712,0.391731,5.0350888061075905,12.853445308677042
2024-02-16,52175.5510341885,0.42013,5.37208486498714,12.786717997139183
2024-02-17,51660.6797388419,0.499768,6.375908038574893,12.757744962082883
2024-02-18,52165.3086265893,0.495883,6.317093677463634,12.739093394623369
2024-02-19,51801.9196082592,0.447074,5.6654830977477415,12.672359143777044
2024-02-20,52282.8913310682,0.392849,4.962209323020525,12.631352128383563
2024-02-21,51878.7855511258,0.330242,4.151567999967752,12.571301049373108
2024-02-22,51293.3959031646,0.350507,4.384241358787255,12.508283918157838
2024-02-23,50771.7678279699,0.375128,4.669168415525225,12.44687696438225
2024-02-24,51577.9542644651,0.42772,5.311587414891339,12.418367938329947
2024-02-25,51747.8197122083,0.466926,5.7820626525052665,12.38326480990188
2024-02-26,54518.2748768293,0.344875,4.255813348180863,12.340145289921383
2024-02-27,57082.520103983,0.316495,3.8733838157115383,12.238389025092964
2024-02-28,62497.5456995296,0.404202,4.826057089958856,11.939728688630346
2024-02-29,61192.5563921785,0.609154,7.26759834212152,11.930642993864478
2024-03-01,62426.990354872,0.724109,8.507471155217267,11.748878844903631
2024-03-02,62053.6953322366,0.905764,10.585070360000934,11.686340460033566
2024-03-03,63174.9873456672,0.915721,10.661083733380975,11.642283352625732
2024-03-04,68346.6086119814,0.788721,9.155116432094315,11.607546030793879
2024-03-05,63872.8968871554,0.80155,9.178974328208708,11.451523910799713
2024-03-06,66113.9380414855,0.699013,7.961347553640074,11.389406841482284
2024-03-07,66925.3447650293,0.886974,9.935887342193503,11.202003173834477
2024-03-08,68262.5075462931,0.88955,9.841365172724231,11.0633062899296
2024-03-09,68435.1183358685,1.09572,12.077170244375704,11.022133980064751
2024-03-10,69016.3877801603,1.103382,12.089631603001065,10.956890780753426
2024-03-11,72100.0849124086,0.898766,9.732910078470452,10.829194735462512
2024-03-12,71471.7234785544,0.909478,9.798959329360724,10.774264870165151
2024-03-13,73094.9843905541,0.86596,9.166161661899986,10.584974258205106
2024-03-14,71392.5011502951,1.127462,11.852662497493894,10.512698085574952
2024-03-15,69503.9233744188,1.129417,11.832267600080527,10.476441454555843
2024-03-16,65267.4862663572,1.319776,13.829487463832224,10.478661032077081
2024-03-17,68380.1432293656,1.275084,13.307882301037491,10.436870109887572
2024-03-18,67611.4372162205,1.01667,10.582924555200151,10.409396647223288
2024-03-19,61942.3358324217,0.927683,9.674833887109394,10.429029681451869
2024-03-20,67872.5371344735,0.593433,6.197812471980507,10.443997659581377
2024-03-21,65515.5382942972,0.541569,5.594751342988865,10.330630614961372
2024-03-22,63828.4486559229,0.601203,6.198580328976271,10.310301972583495
2024-03-23,64019.7572689704,0.716308,7.312402219233494,10.20846460203779
2024-03-24,67218.5861872259,0.817463,8.269435572024,10.115969538696527
2024-03-25,69893.0238503033,0.659014,6.331058746686849,9.606858433149624
2024-03-26,69999.1592055405,0.753874,7.210752756524572,9.564924672962475
2024-03-27,69440.7040922377,1.026892,9.813855122072418,9.556851642760448
2024-03-28,70786.6087419666,0.971055,9.246661047819476,9.522283686041085
2024-03-29,69903.9175406613,1.035985,9.862055536119733,9.51949360308601
2024-03-30,69628.3005722577,1.021826,9.736635449228208,9.528662716163897
2024-03-31,71321.7045409231,1.030266,9.806523557868166,9.518442025512632
2024-04-01,69691.309237929,0.571894,5.311721550753482,9.287947283008178
2024-04-02,65482.0758397414,0.802261,7.325845927799892,9.131495073371644
2024-04-03,65994.204593157,0.874179,7.942639524729328,9.085824438403472
2024-04-04,68525.8629517595,0.882172,8.00678683800146,9.076218520413152
2024-04-05,67854.222053946,0.955122,8.679775231311316,9.08760922201201
2024-04-06,68912.5124964358,1.009039,9.157263546068489,9.075228181061474
2024-04-07,69363.8330262167,1.044027,9.452689482224907,9.054068690900543
2024-04-08,71636.4603681044,0.605479,5.461431188536007,9.020014809116677
2024-04-09,69138.8510101944,0.565826,5.091992331728884,8.999217273000538
2024-04-10,70649.4714377113,0.558036,5.049320541802567,9.048383325646965
2024-04-11,70046.6207280579,0.524593,4.739878857081241,9.035348636413916
2024-04-12,67175.1628129427,0.482313,4.370862211819008,9.062302304345879
2024-04-13,63987.1612972281,0.551855,4.990584713677059,9.043296638208854
2024-04-14,65758.0929799621,0.564747,5.105258887323755,9.03990027770099
2024-04-15,63458.0411047539,0.432173,3.9051764429225195,9.036146997486423
2024-04-16,63834.4427488161,0.45109,4.1057045106123065,9.101750648985792
2024-04-17,61289.7515765013,0.441296,4.021928406057912,9.113899533249507
2024-04-18,63506.721063307,0.424939,3.8645181977813245,9.094299392793163
2024-04-19,63850.7575570495,0.414972,3.752850124814457,9.043626686106089
2024-04-20,64974.0940311797,0.583329,5.125155285075259,8.786039489235012
2024-04-21,64961.3248959078,0.540164,4.739452042752248,8.774092270727966
2024-04-22,66852.6852209244,0.413653,3.5414655982028656,8.5614391271829
2024-04-23,66425.0606584486,0.426985,3.6520778041720665,8.553170238992193
2024-04-24,64268.6760141898,0.489827,4.1595859981872785,8.49194718712708
2024-04-25,64501.9230946703,0.551789,4.682349451400334,8.485766498923804
2024-04-26,63781.3608769704,0.516538,4.379915033555039,8.479360453327724
2024-04-27,63439.213245318,0.680206,5.766131665667807,8.477032508198226
2024-04-28,63130.0914984904,0.692613,5.854341277593153,8.452544500079998
2024-04-29,63860.582725379,0.617058,5.210659142953716,8.444354912018916
2024-04-30,60654.2423132281,0.592161,4.987248168750065,8.422112154252305
2024-05-01,58340.8647027734,0.43061,3.6220973968331704,8.411548454902556
2024-05-02,59125.370597207,0.471661,3.961954176581036,8.400009390982428
2024-05-03,62977.0583829764,0.50296,4.2062535023932535,8.363005701550993
2024-05-04,63908.7829565062,0.609287,5.088521749048585,8.35159797921127
2024-05-05,64085.5447834871,0.595469,4.969928801777018,8.346242268436598
2024-05-06,63211.4990057562,0.506453,4.210970288096071,8.314627717026381
2024-05-07,62349.9854720994,0.446218,3.714066815652346,8.323440636235517
2024-05-08,61216.3031950455,0.435791,3.600178565596402,8.261250316797458
2024-05-09,63104.1481486252,0.419345,3.456375225271884,8.242321685041064
2024-05-10,60826.0870121601,0.410956,3.37845781555945,8.220970610496158
2024-05-11,60843.8262660571,0.497939,4.089703148199729,8.213263444544042
2024-05-12,61508.2565716394,0.495423,4.0546156352900224,8.184142110141929
2024-05-13,62953.4331861161,0.372691,3.041710742145759,8.161471145083398
2024-05-14,61586.5757521245,0.353091,2.8911568571475543,8.18813283493475
2024-05-15,66266.5724746397,0.314969,2.5958019906642873,8.241447697972793
2024-05-16,65279.0349400071,0.341667,2.809741649790072,8.223626420624704
2024-05-17,67073.7398627384,0.416326,3.4084875491792817,8.187058532451351
2024-05-18,66939.1887713577,0.585334,4.787339952490014,8.178821769112199
2024-05-19,66311.4564580935,0.540061,4.4069449065370065,8.160086449111114
2024-05-20,71424.8899121258,0.49614,4.023255561792588,8.109115141113302
2024-05-21,70153.509713142,0.495163,4.013104549272169,8.104608616353879
2024-05-22,69149.4018051058,0.489038,4.001703864335597,8.182808358060862
2024-05-23,67972.416456223,0.530923,4.370401105176379,8.231705815003734
2024-05-24,68560.207760764,0.509472,4.209758869259684,8.262988485578065
2024-05-25,69297.0465378444,0.650558,5.375867372822831,8.26346813427285
2024-05-26,68515.1855775806,0.626653,5.145006355214726,8.210301371971699
2024-05-27,69411.1538411746,0.590906,4.841568230621342,8.193468127926222
2024-05-28,68348.0297863216,0.498853,4.016342462570707,8.051160310161453
2024-05-29,67587.7412471339,0.645484,5.180217801277585,8.025327755748613
2024-05-30,68357.9424908315,0.618491,4.985113143318549,8.060117617359435
2024-05-31,67500.3215558657,0.622611,5.013527238015251,8.05242316699702
2024-06-01,67739.1217231224,0.791129,6.435543225174726,8.134630983187686
2024-06-02,67770.3206057021,0.786552,6.349373681559672,8.072419251264778
2024-06-03,68814.2794761351,0.629739,5.084990543946218,8.074758853298116
2024-06-04,70547.6180578658,0.483784,3.9087597824775364,8.079550123427481
2024-06-05,71119.2895092299,0.512398,4.153524595775449,8.106044569284057
2024-06-06,70796.7064989258,0.575571,4.628673711266558,8.041880897622692
2024-06-07,69368.1978748998,0.577208,4.644929986010131,8.047235183931859
2024-06-08,69317.6853712228,0.71723,5.766263654625572,8.039633830159636
2024-06-09,69668.1708049745,0.752114,6.05446947838608,8.049936797008137
2024-06-10,69528.7433588597,0.574326,4.648239309020509,8.093384187225677
2024-06-11,67344.6743669418,0.517818,4.197154795211582,8.105466843027479
2024-06-12,68276.0867483275,0.468183,3.770645117835149,8.053792856979735
2024-06-13,66779.8616897095,0.46394,3.731668191362715,8.043423904684863
2024-06-14,66045.463186465,0.369865,2.9892380177550004,8.081968417380907
2024-06-15,66218.0715951293,0.5042,4.059965209359406,8.052294509724671
2024-06-16,66678.4977366228,0.538776,4.30998889923507,7.9995936755758725
2024-06-17,66504.2248076087,0.379726,3.0423592886150184,8.011986120396827
2024-06-18,65172.1218419755,0.387015,3.0971657638567343,8.002696821633062
2024-06-19,64985.6256598936,0.422369,3.3779939074003926,7.997740946816842
2024-06-20,64865.1176586803,0.435946,3.506465452505498,8.043355070920093
2024-06-21,64139.7014916789,0.438005,3.515417372586396,8.025970153974349
2024-06-22,64263.329978367,0.535772,4.324336576825315,8.07122121433481
2024-06-23,63207.2675861901,0.621191,5.030535424878602,8.098212380658383
2024-06-24,60304.6179379191,0.445859,3.5964751016030383,8.066391388883712
2024-06-25,61817.579174479,0.443534,3.5793418170941056,8.070042734844087
2024-06-26,60837.1496747581,0.490634,3.9751580266061,8.102076085304482
2024-06-27,61640.2509092307,0.462278,3.7509357231790834,8.114031879563601
2024-06-28,60349.6743223856,0.509196,4.1720473942326715,8.193409463521663
2024-06-29,60898.9464463168,0.62421,5.12427793505239,8.209221965503447
2024-06-30,62700.4187730068,0.622502,5.123049399283447,8.229770806207828
2024-07-01,62862.4157535144,0.477878,3.9258951860936455,8.215266542499993
2024-07-02,62062.0374738766,0.474362,3.905652756550534,8.233483127030071
2024-07-03,60178.5516953527,0.505051,4.155706094741308,8.228282006024235
2024-07-04,57082.1714483441,0.394494,3.2474370688683343,8.231908487429243
2024-07-05,56679.8544296276,0.412307,3.4274901484145395,8.31295000050368
2024-07-06,58273.2470990144,0.614662,5.105451907415122,8.306111529975768
2024-07-07,55919.042762323,0.669122,5.548061300362007,8.291557167755759
2024-07-08,56753.6550691591,0.523363,4.345410572401008,8.30286831206719
2024-07-09,58082.1222579519,0.55876,4.641464030896052,8.306717205324139
2024-07-10,57769.5796323842,0.543657,4.527738735217527,8.32830401161057
2024-07-11,57378.7299407792,0.507103,4.253398788460879,8.387636210532904
2024-07-12,57934.1171872244,0.356926,3.0335240217549324,8.499020635271906
2024-07-13,59240.4123587616,0.400252,3.4027785681804694,8.501593355759617
2024-07-14,60855.1888078746,0.416786,3.5423977514818263,8.499318971764877
2024-07-15,64787.3135119136,0.320281,2.7104465139581,8.462708521319525
2024-07-16,65089.4136708217,0.365308,3.0935744170116584,8.468399508097015
2024-07-17,64112.3777712272,0.523298,4.417775556800703,8.44217292234419
2024-07-18,64000.1775047057,0.570234,4.817796980754771,8.448809182005158
2024-07-19,66697.4997660912,0.527818,4.440830250831746,8.41356144866656
2024-07-20,67165.1166584443,0.64061,5.404840015125407,8.437016924936911
2024-07-21,68175.5557654758,0.650756,5.442434655816738,8.363251243870616
2024-07-22,67569.2155271443,0.51549,4.302521492010803,8.346467450725834
2024-07-23,65956.0495792104,0.408498,3.397392980850454,8.316796837765041
2024-07-24,65395.1394213702,0.476368,3.959670011250415,8.312216004056213
2024-07-25,65807.8896350477,0.558454,4.642134403892607,8.312476994743975
2024-07-26,67928.3621394834,0.640003,5.403249731514558,8.442541225998996
2024-07-27,67913.3537338176,0.729604,6.522015877382079,8.939117323378026
2024-07-28,68270.6512974088,0.802665,7.169743468143576,8.93242631538763
2024-07-29,66805.8575119178,0.622514,5.547768016405088,8.911878905159831
2024-07-30,66200.9292850163,0.674247,6.02301323510067,8.932950004661185
2024-07-31,64648.6641585843,0.749103,6.6927412130412876,8.93434636779603
2024-08-01,65346.6380044086,0.616996,5.5043968836837,8.921282301353287
2024-08-02,61468.2017999318,0.639444,5.70487529710574,8.921617209206195
2024-08-03,60690.6544417564,0.729812,6.511179020882106,8.921725992184179
2024-08-04,58173.9285124362,0.716063,6.383139259906822,8.914216504543091
2024-08-05,54026.1136729947,0.51658,4.598645610791505,8.902102067028034
2024-08-06,56097.6715658095,0.536735,4.783874604425009,8.91291657658624
2024-08-07,55150.7402778118,0.527183,4.694683944354469,8.90523343635888
2024-08-08,61734.0755808046,0.518725,4.61570968671289,8.898176095433803
2024-08-09,60895.2172773163,0.450115,3.984905758843956,8.85308923091239
2024-08-10,60949.5897373938,0.573194,5.074042208541955,8.852228660258449
2024-08-11,58764.1410744337,0.625025,5.538231158726482,8.86081162495265
2024-08-12,59387.4824770097,0.48571,4.302369016433813,8.857902024022913
2024-08-13,60626.6808094847,0.425562,3.771250614555261,8.861814618290527
2024-08-14,58736.675323023,0.444493,3.9433868283050804,8.871651941584592
2024-08-15,57581.1147073559,0.476563,4.228586691493027,8.873083250657098
2024-08-16,58925.9483617605,0.399747,3.5549984600898648,8.893119137157388
2024-08-17,59506.5485313704,0.462508,4.138918562227439,8.948860861078133
2024-08-18,58477.5872240491,0.45141,4.033618913799755,8.935593096024741
2024-08-19,59495.430280844,0.362056,3.2357034752670275,8.937035761237942
2024-08-20,59054.364247926,0.340665,3.045919677538888,8.941108920827332
2024-08-21,61182.7478767991,0.359134,3.211084681172451,8.94118436077973
2024-08-22,60398.5203571878,0.363784,3.253489476141117,8.943469488636046
2024-08-23,64098.16853561,0.336413,3.0046081123318835,8.931315828914515
2024-08-24,64183.5467177311,0.432295,3.874345926762354,8.962278446503579
2024-08-25,64281.6083627199,0.525709,4.715747687705246,8.970259831414976
2024-08-26,62867.4977396317,0.426101,3.8202263427984042,8.965538429315329
2024-08-27,59475.8256180269,0.296531,2.6769616679921637,9.027588555904078
2024-08-28,59059.5230319153,0.444242,4.056061185550663,9.130291177246106
2024-08-29,59400.9382855776,0.476276,4.346281549006407,9.125550105040434
2024-08-30,59159.7665120597,0.490312,4.482731834298703,9.142618253169626
2024-08-31,59021.2775734004,0.542644,4.96208138824916,9.144258359834032
2024-09-01,57364.5225263985,0.535212,4.898827030483821,9.15306289787243
2024-09-02,59176.6410150989,0.495856,4.541652426458973,9.159214795341313
2024-09-03,57514.8332937915,0.36617,3.35667629935951,9.166983236993024
2024-09-04,58007.4263662738,0.419334,3.8459326516686922,9.171526607875592
2024-09-05,56210.1822588753,0.3965,3.648029019864395,9.200580606296445
2024-09-06,53997.9612298954,0.372293,3.4188180121748437,9.183133912028783
2024-09-07,54199.5776881075,0.472836,4.342108648113457,9.183114142212494
2024-09-08,54912.7147012096,0.467343,4.293505975447302,9.18705637200367
2024-09-09,57071.061234207,0.399145,3.6551825985758635,9.157524809740865
2024-09-10,57649.0872421084,0.319415,2.925469968338732,9.15883306139071
2024-09-11,57359.743214705,0.350561,3.2126086506738676,9.164188273666918
2024-09-12,58150.2333545969,0.323105,2.964450982528696,9.174874738592969
2024-09-13,60547.3134309392,0.312923,2.858195025511157,9.133852188416585
2024-09-14,60023.7641163497,0.433816,3.965806630226964,9.141673565176916
2024-09-15,59185.5008586862,0.445609,4.0730920920381095,9.140500079902228
2024-09-16,58240.8179108719,0.355994,3.253574574062484,9.139419576202847
2024-09-17,60340.3109004562,0.363939,3.3238728509506035,9.133052123302175
2024-09-18,61772.7930641354,0.375327,3.4466027760811646,9.18293120985789
2024-09-19,62965.2492660169,0.383327,3.519866374295611,9.182421215513232
2024-09-20,63217.8781104345,0.362233,3.3147852024796434,9.150962670873207
2024-09-21,63378.6476170908,0.521452,4.768359597491343,9.144383885144121
2024-09-22,63595.0863082289,0.541822,4.9778721918176965,9.18729052139923
2024-09-23,63350.9446695885,0.405714,3.7231351176354615,9.17675062614611
2024-09-24,64302.5893644631,0.421891,3.873084393603035,9.180285864222899
2024-09-25,63148.1998026906,0.437371,4.011558005836179,9.171972656591942
2024-09-26,65194.0901136626,0.445538,4.083340340276426,9.164967155315523
2024-09-27,65801.1414214786,0.413325,3.7857207863454376,9.159187329295518
2024-09-28,65887.2135773289,0.563545,5.178476578721283,9.189111781147222
2024-09-29,65626.5046907249,0.612549,5.624640700802097,9.182351871456286
2024-09-30,63332.7776140374,0.410787,3.7741245283472415,9.187552598899197
2024-10-01,60826.6276746958,0.429787,3.950260984153473,9.19120263649647
2024-10-02,60662.2329218135,0.424733,3.9125849289032293,9.21186707582125
2024-10-03,60768.6760074744,0.409408,3.7731997236946166,9.21622467419268
2024-10-04,62097.1099705322,0.408014,3.7597022313402197,9.214638262527734
2024-10-05,62073.0157519238,0.438455,4.044465268120029,9.224350113095952
2024-10-06,62828.358701696,0.420392,3.9070413658532446,9.293806088416847
2024-10-07,62230.4625084833,0.32083,2.9766700188190263,9.278035707558752
2024-10-08,62141.647102476,0.337401,2.8916730218966276,8.570445496952344
2024-10-09,60602.0586200711,0.559237,4.791301605800949,8.56757410434127
2024-10-10,60291.8230408993,0.639813,5.496890052598646,8.59140174393679
2024-10-11,62515.8763316225,0.701844,5.852525751594918,8.33877916499261
2024-10-12,63221.9295438542,0.898189,7.4304671760239565,8.27271924474752
2024-10-13,62871.9480057892,0.891297,7.36947175029882,8.268254432604714
2024-10-14,66052.4764903993,0.783766,6.478694333549417,8.266103062352807
2024-10-15,67050.4491516615,0.555924,4.589361698325812,8.255379107863295
2024-10-16,67608.9554372881,0.615822,5.079771074121519,8.248765832922052
2024-10-17,67395.2215125504,0.662057,5.4593564786741915,8.246055878418602
2024-10-18,68421.8208316511,0.565511,4.660226793274867,8.240732605343844
2024-10-19,68370.4988843752,0.703528,5.80562710501577,8.252165001290225
2024-10-20,69020.5399560581,0.756454,6.145385913805284,8.123940689481572
2024-10-21,67349.4984218654,0.667993,5.313398720838684,7.954278012970661
2024-10-22,67395.6874685028,0.589259,4.70269285381698,7.980688256572423
2024-10-23,66595.1575370042,0.62078,4.974982526962961,8.014083936564539
2024-10-24,68164.8279907969,0.561253,4.503837184669506,8.024615704801999
2024-10-25,66608.8588016777,0.537694,4.3275158567688115,8.048292761530721
2024-10-26,67025.6278144203,0.617629,4.980844983455341,8.064462868316786
2024-10-27,67960.7870584741,0.591864,4.776280339591226,8.069888349099388
2024-10-28,69931.1218734847,0.35699,2.8788933941767567,8.064357697672417
2024-10-29,72716.9139244938,0.326985,2.628320799547025,8.038047078713825
2024-10-30,72347.5952043618,0.459016,3.687259102209884,8.032956400918504
2024-10-31,70239.8161326723,0.509389,4.114646724044679,8.077604343755079
2024-11-01,69499.8990526099,0.539504,4.359037599314215,8.079715165531839
2024-11-02,69349.1039939168,0.742482,6.006042720928012,8.089147678642432
2024-11-03,68782.5710242388,0.788672,6.132407390304396,7.77561408554196
2024-11-04,67839.6651434504,0.690561,5.357245238796077,7.757811480263532
2024-11-05,69391.5345696399,0.639107,4.953173963248706,7.7501433409400775
2024-11-06,75596.3997543213,0.573155,4.413899331965541,7.701053462530532
2024-11-07,75901.9931706196,0.92726,7.111485202403825,7.669353164442451
2024-11-08,76552.8549931562,0.940868,7.178690166339818,7.629857029530857
2024-11-09,76715.8795017437,1.161607,8.8525316792278,7.6209355534009235
2024-11-10,80406.6501624955,1.143083,8.636628966125857,7.555556659739637
2024-11-11,88728.9508391651,1.057341,7.902189434863219,7.473643754210077
2024-11-12,88056.9520854703,1.057376,7.804135685661428,7.380661769731717
2024-11-13,90511.4218833129,0.94375,6.864162878423727,7.2732866896780335
2024-11-14,87344.1898531065,1.1099,7.995340925448565,7.203658097529112
2024-11-15,91076.8119424913,1.24621,8.939414187026104,7.173281093947515
2024-11-16,90584.2911636323,1.604692,11.46746796013842,7.146213323614834
2024-11-17,89875.5646640815,1.611084,11.20973740350359,6.957885262944266
2024-11-18,90534.6457249376,1.213624,8.39828777016266,6.920009165734037
2024-11-19,92393.0854652586,1.193674,8.169399463837916,6.843911986250501
2024-11-20,94369.3365827971,1.171823,7.971277359302353,6.802457906474199
2024-11-21,98402.1949920443,0.994792,6.646347538434754,6.68114620438572
2024-11-22,98943.4977548279,1.632973,10.831311084390725,6.632877522744855
2024-11-23,97724.4950610056,1.898836,12.549028498868804,6.608801155244037
2024-11-24,97967.2951372954,2.168763,14.281299249997733,6.5849973573502005
2024-11-25,93025.1292956724,1.906327,12.46103627378925,6.536671702355192
2024-11-26,91940.193000198,1.961672,12.81546853163899,6.5329301670839115
2024-11-27,95947.0830989849,2.056747,13.394559210050817,6.512496488786914
2024-11-28,95666.2193195659,1.574918,10.22551217792105,6.492728638456993
2024-11-29,97490.1520025695,1.281506,8.378149894863668,6.5377354848892795
2024-11-30,96479.2439359753,1.346752,8.816003272691395,6.546120991260029
2024-12-01,97240.3353955653,1.366663,8.93772624720712,6.539819354351184
2024-12-02,95862.9439884694,0.943053,6.153928823298174,6.525540737910974
2024-12-03,95871.9335129261,0.892932,5.835522562263951,6.535237579173845
2024-12-04,98734.3200545731,0.90801,5.923729807815727,6.523859803915526
2024-12-05,97050.027060881,0.8674,5.64376765703898,6.506535934887246
2024-12-06,99866.4510373869,1.339201,8.706685966470612,6.501405615761181
2024-12-07,99921.2160409421,1.949976,12.726784837280945,6.526636034110553
2024-12-08,101164.789500775,1.98686,12.973323603297311,6.529560140912496
2024-12-09,97406.9715880375,1.614141,10.477994982810275,6.4913744791362396
2024-12-10,96657.0407188012,1.937492,12.641623164890582,6.524735143407479
2024-12-11,101169.668463919,2.021439,13.076171879872827,6.468743683228844
2024-12-12,100028.919617953,1.743474,11.234976668937215,6.444018922009275
2024-12-13,101446.437188656,1.455828,9.345118759883125,6.4191082909294765
2024-12-14,101400.839850663,1.64921,10.610618924478926,6.433758475276813
2024-12-15,104389.474858669,1.697106,10.893882589898412,6.419091948652812
2024-12-16,106079.090411121,1.217993,7.763983226128473,6.374409457096402
2024-12-17,106168.858284328,1.181925,7.488691178841256,6.336012038179277
2024-12-18,100187.26575458,1.265542,7.996523355952079,6.318656440583057
2024-12-19,97472.6550452805,1.264826,7.8630230480241545,6.2166814918662325
2024-12-20,97868.8217768341,1.416037,8.789841661925587,6.207354616782938
2024-12-21,97234.4605283882,1.685618,10.55899068017535,6.2641649018107
2024-12-22,95112.7522534299,1.699864,10.617057302774557,6.245827712012764
2024-12-23,94812.1850603651,1.196266,7.439857271399411,6.219233733788233
2024-12-24,98646.2398597345,1.416962,8.743778760349443,6.170790823780059
2024-12-25,99390.0555088638,1.500674,9.343629485695985,6.226290433072775
2024-12-26,95736.3243416497,1.14158,7.168676678644012,6.279607077817969
2024-12-27,94209.4541683634,1.088007,6.8557600723298,6.301212300590597
2024-12-28,95157.2883658672,1.176651,7.4702562257376846,6.348746424899826
2024-12-29,93615.04302023,1.102856,6.982892743193585,6.331646572457895
2024-12-30,92671.5245019799,0.578586,3.6461335812865423,6.30179539649589
2024-12-31,93441.6983892194,0.760413,4.78007986962738,6.286163192854235
2025-01-01,94451.9403687362,1.087405,6.864261522611166,6.312514619618689
2025-01-02,96919.3484077694,1.004708,6.385887769791765,6.355964307023515
2025-01-03,98141.0286082368,1.045077,6.71096317389437,6.42150206152642
2025-01-04,98216.3730482727,1.178881,7.592508174126211,6.440437813811613
2025-01-05,98346.7868897226,1.133989,7.314492183215931,6.4502306478835125
2025-01-06,102280.873054768,0.782194,5.041474344461231,6.445302361926711
2025-01-07,96974.6350092362,0.51022,3.300992843893855,6.469747033572134
2025-01-08,95087.2717455432,0.688922,4.480503053948099,6.503640534018146
2025-01-09,92580.9812772829,0.687822,4.502151215789143,6.545516038082234
2025-01-10,94735.7250634323,0.712574,4.701938711663851,6.5985224298898535
2025-01-11,94586.6264930777,0.974907,6.451833902114584,6.617895370976903
2025-01-12,94524.0668166653,0.979318,6.482754480853266,6.619664562633437
2025-01-13,94542.5674780612,0.799186,5.288838226810549,6.617784347701573
2025-01-14,96554.039485471,0.633913,4.193294546504364,6.614940869123377
2025-01-15,100509.313317077,0.681184,4.497871313539453,6.603023378531532
2025-01-16,99993.5161111163,0.665912,4.403449391481746,6.612657035292386
2025-01-17,104114.678798924,0.638734,4.217983931066575,6.6036586046439725
2025-01-18,104441.397877855,0.795524,5.248789813482884,6.5979042039111295
2025-01-19,101292.641209328,0.893127,5.8877115006821645,6.592244264721605
2025-01-20,102228.25366864,0.729015,4.78053080619657,6.55751832961685
2025-01-21,106188.135939294,0.763951,5.0173732562866915,6.567662828303804
2025-01-22,103692.100401351,0.756437,4.957454719507326,6.553688290577637
2025-01-23,103962.596578763,0.798465,5.221793035621231,6.539792755965825
2025-01-24,104906.678715047,0.872975,5.730091594777188,6.5638673819200894
2025-01-25,104796.454151747,1.057481,6.955644742862434,6.5775569713996065
2025-01-26,102606.795575524,1.039998,6.845908524952471,6.582615485690931
2025-01-27,102090.565306229,0.848676,5.574983466019544,6.569034924680259
2025-01-28,101300.368030514,0.825054,5.427912123296485,6.578859754645824
2025-01-29,103745.369909948,0.761641,5.011937775265845,6.5804465632629245
2025-01-30,104789.940712272,0.623865,4.122351839115353,6.607763195514284
2025-01-31,102459.5832836,0.564723,3.7309057470567564,6.606608956085443
2025-02-01,100631.059748449,0.741851,4.913784394297409,6.6236802575906015
2025-02-02,97678.7719678885,0.736422,4.872925306616618,6.6170323942424485
2025-02-03,101436.407843162,0.515439,3.4117170920123967,6.619047869316563
2025-02-04,97804.2385175571,0.601878,3.988742643881693,6.627166648071855
2025-02-05,96625.261316975,0.720606,4.76970073708277,6.619017675216641
2025-02-06,96579.8329029594,0.861735,5.717655158812996,6.635054067556666
2025-02-07,96539.7981854609,0.849477,5.673976203117407,6.679376726110762
2025-02-08,96479.319789231,0.989669,6.630129053564122,6.699340365419244
2025-02-09,96502.8008211955,0.997148,6.67858439693369,6.697688047431997
2025-02-10,97490.2991705221,0.736074,4.935092802037832,6.704619270369145
2025-02-11,95827.6528436408,0.732157,4.926446635911799,6.728674550866723
2025-02-12,97915.2900812202,0.572748,3.8680322929564466,6.753458750418358
2025-02-13,96678.8146099012,0.541321,3.672875342368716,6.785018837766405
2025-02-14,97553.755288536,0.47267,3.2516285778138374,6.879280178227521
2025-02-15,97642.7920403064,0.570202,3.931956418752507,6.895726197046125
2025-02-16,96157.6042409799,0.580168,4.011437043742573,6.914267433315262
2025-02-17,95837.3362085539,0.470399,3.258738498193153,6.927611103226865
2025-02-18,95671.8962902099,0.462911,3.2229442353532867,6.962337835216754
2025-02-19,96685.0739421655,0.385359,2.69614144004566,6.9964496837635055
2025-02-20,98356.2539966563,0.414833,2.9099486839231936,7.014747924413244
2025-02-21,96153.8335590858,0.407318,2.862350771484137,7.027309661322658
2025-02-22,96587.5388193773,0.541767,3.8256513122971887,7.061432515516014
2025-02-23,96292.8473302412,0.556476,3.9332951460623438,7.068215033221012
2025-02-24,91605.4617630073,0.485363,3.4352524168740968,7.077704596874324
2025-02-25,88688.623551652,0.383987,2.72807562270122,7.104598700681286
2025-02-26,84197.43002316,0.437005,3.146809910010341,7.200848178623234
2025-02-27,84718.8275050657,0.530504,3.9235193444248226,7.39582914012218
2025-02-28,84391.4997334327,0.540179,4.019685737827423,7.441400517605843
2025-03-01,86090.4351420347,0.683882,5.171721061210296,7.5623015626017
2025-03-02,94381.5092907682,0.671509,5.089297352707854,7.578900504007847
2025-03-03,86233.5488392928,0.59576,4.5252799427614505,7.595805569889737
2025-03-04,87322.7357514987,0.621888,4.734399424249599,7.6129481790673115
2025-03-05,90671.378554405,0.592961,4.560316259914863,7.690753251150821
2025-03-06,89991.5426231923,0.504084,3.917893988931858,7.772301198165379
2025-03-07,86823.1879810571,0.505442,3.976430507491351,7.867232001435187
2025-03-08,86293.8603695963,0.60489,4.8484477002892215,8.015425317471573
2025-03-09,80795.4491931869,0.574115,4.623241490142543,8.052814701930002
2025-03-10,78626.4148167644,0.388287,3.1513383853563273,8.116000255326773
2025-03-11,82965.8770110422,0.375445,3.090544267658114,8.231676954869316
2025-03-12,83701.8983777702,0.447057,3.7271075999856156,8.3369790255495
2025-03-13,81121.00053389,0.435821,3.6927350012840345,8.47305131655721
2025-03-14,84019.444293188,0.449692,3.85525183801987,8.573092807303011
2025-03-15,84378.8701640199,0.522101,4.5039004398646405,8.626489065941042
2025-03-16,82599.0408828533,0.512818,4.433734815937355,8.64582102150926
2025-03-17,84039.0274798456,0.434176,3.776027998701726,8.696997573858086
2025-03-18,82744.9206992103,0.356062,3.143808839498897,8.82939278710378
2025-03-19,86873.4163476584,0.301004,2.6717629973231407,8.876164805828358
2025-03-20,84205.6899756188,0.285699,2.550205424255922,8.926201173288355
2025-03-21,84083.6973845409,0.277652,2.4930316812705198,8.97896739316486
2025-03-22,83859.6770323343,0.329905,3.0002159319854353,9.09418565881268
2025-03-23,86108.3459346599,0.310171,3.0095685159912406,9.702933727996662
2025-03-24,87522.2726893953,0.22064,2.1517159000266233,9.752164345236313
2025-03-25,87433.8877571856,0.235066,2.3559333870172945,10.022431841534248
2025-03-26,86939.8589284524,0.314825,3.1869713791511356,10.123007283698318
2025-03-27,87225.7708175161,0.303363,3.07966294378577,10.15175523530601
2025-03-28,84425.5241235203,0.326626,3.3386347648939094,10.221596113203507
2025-03-29,82684.3670200303,0.374224,3.8369588343531897,10.253097903735434
2025-03-30,82418.8925010364,0.407683,4.197753591903782,10.296606153036217
2025-03-31,82560.48347796,0.321134,3.3027454401667207,10.284622531794616
2025-04-01,85180.9100394273,0.336517,3.527429818477062,10.48215932042612
2025-04-02,82520.5436831296,0.351925,3.67892581054812,10.453709987416714
2025-04-03,83178.0989176816,0.364439,3.8100513914237486,10.454576026985702
2025-04-04,83863.5530600233,0.357879,3.743393470878237,10.459941430472329
2025-04-05,83525.4321428469,0.423899,4.442688073253747,10.480538927146572
2025-04-06,78382.6183359094,0.398754,4.192460869062143,10.513913143043323
2025-04-07,79153.2058283226,0.27984,2.9432365736436084,10.517580234083365
2025-04-08,76270.133036587,0.33061,3.4848503600942955,10.540673725136616
2025-04-09,82603.3207337946,0.281519,2.9739432863499626,10.563932467104259
2025-04-10,79576.5705243912,0.297342,3.1352206950765837,10.544159032822574
2025-04-11,83403.5633906763,0.310727,3.2804254229806658,10.557275499231617
2025-04-12,85295.7973429473,0.408241,4.30905075470974,10.555176514129313
2025-04-13,83733.860616667,0.390992,4.131605615259175,10.566972690698023
2025-04-14,84599.594984404,0.316244,3.3446392582361972,10.576131611701623
2025-04-15,83664.3500620405,0.322322,3.417004629479462,10.601198621467296
2025-04-16,84057.9870037467,0.385577,4.097225131845694,10.626227799519912
2025-04-17,84942.9281249984,0.37605,4.007597236811395,10.657076941639737
2025-04-18,84444.0775486801,0.49952,5.40758104331331,10.825545517515854
2025-04-19,85065.9809677744,0.52491,5.729056665379278,10.914368946735534
2025-04-20,85165.6548428575,0.514252,5.61036253911774,10.909753954913247
2025-04-21,87523.2478503325,0.448866,4.891229570320474,10.896847597810979
2025-04-22,93469.4859180246,0.34849,3.789276297286782,10.873401406395955
2025-04-23,93727.2142702629,0.256144,2.7748687816641024,10.833229361440425
2025-04-24,94015.5886277392,0.445738,4.8310954054922055,10.838407803958967
2025-04-25,94717.2349993406,0.478088,5.125198933219204,10.720201097324203
2025-04-26,94661.3556496259,0.658717,7.066150276525677,10.727143053259372
2025-04-27,93778.8718127532,0.677234,7.26331202654661,10.724972535662827
2025-04-28,95039.7735489096,0.619778,6.622777833970235,10.68573112636407
2025-04-29,94298.7697280006,0.602655,6.446547391953809,10.696910998505059
2025-04-30,94210.9908543152,0.419772,4.500544124850081,10.721404243116947
2025-05-01,96526.2948960979,0.400936,4.295984690957712,10.714899675337131
2025-05-02,96951.8835083306,0.355411,3.8310815033784222,10.779284297871445
2025-05-03,95927.2879327714,0.417485,4.512544965659611,10.80888708386296
2025-05-04,94478.6878332568,0.443483,4.7964078111086295,10.815313063385606
2025-05-05,94862.0086638579,0.384278,4.148325607555528,10.795105176577447
2025-05-06,96866.2202845,0.386385,4.171309414895174,10.795725055636547
2025-05-07,97073.3755116741,0.386134,4.167971239361161,10.79411699150797
2025-05-08,103264.778625663,0.338554,3.6472569422000602,10.773051528264224
2025-05-09,102981.796358804,0.313724,3.3718306064798176,10.747774405647686
2025-05-10,104783.621919911,0.435967,4.685568815518179,10.747536755729465
2025-05-11,104139.253887922,0.467113,5.012146157850019,10.730061301516173
2025-05-12,102801.528591045,0.382546,4.092183616296078,10.69724556846971
2025-05-13,104119.197357816,0.391144,4.169277345957441,10.659198943599828
2025-05-14,103525.737928456,0.455849,4.846761137497053,10.632386784557214
2025-05-15,103789.638422078,0.449907,4.802857162817651,10.675217711834968
2025-05-16,103511.805578656,0.450686,4.81279422414735,10.678815891907362
2025-05-17,103154.345299531,0.544689,5.838963794067541,10.719811018809693
2025-05-18,106505.0154357,0.544481,5.837169408717522,10.720603685512703
2025-05-19,105604.642906113,0.4318,4.616798394898168,10.691993131270964
2025-05-20,106869.555658958,0.387398,4.135119793792525,10.674096695445312
2025-05-21,109686.515398019,0.414807,4.420018353535155,10.655600358428792
2025-05-22,111695.395495789,0.380317,4.029334123426476,10.594680502540331
2025-05-23,107355.200436426,0.409013,4.326933818393485,10.57895429014372
2025-05-24,107679.52734887,0.57436,6.08219715071508,10.589511824901235
2025-05-25,109005.415876225,0.59562,6.304134340653317,10.584155000086433
2025-05-26,109483.495424922,0.509475,5.345090667978563,10.491376240528213
2025-05-27,108968.503052516,0.517294,5.304541870493043,10.254410635426165
2025-05-28,107818.812865523,0.518807,5.310530734682993,10.236049358128293
2025-05-29,105609.901855557,0.521738,5.322899334521567,10.202254411996345
2025-05-30,104041.544897185,0.436032,4.4460710626152355,10.196661411085692
2025-05-31,104627.888470108,0.547684,5.598854570609223,10.222784918857872
2025-06-01,105674.332934938,0.530047,5.398714083798399,10.185351667977462
2025-06-02,105910.305712728,0.452349,4.596956884525276,10.162423128104264
2025-06-03,105443.377497846,0.520372,5.284366142757094,10.154981164439011
2025-06-04,104729.848933543,0.649071,6.58666235170782,10.147828341260297
2025-06-05,101626.224558759,0.70712,7.16745415168229,10.13611887409353
2025-06-06,104396.932061185,0.65993,6.861711345724846,10.397642503190982
2025-06-07,105595.848852138,0.755943,7.889584844980138,10.436748325906434
2025-06-08,105792.065783082,0.737293,7.695778882722144,10.437889396903408
2025-06-09,110291.893848923,0.539729,5.627371858430782,10.426293957739889
2025-06-10,110253.03948565,0.368661,3.8337515166094134,10.399117488051965
2025-06-11,108660.133966558,0.373777,3.888475487609899,10.403186542226576
2025-06-12,105767.964731629,0.386683,4.037461671153882,10.441261815485179
2025-06-13,106124.145890678,0.352443,3.6740658097502057,10.424571830605007
2025-06-14,105459.662976744,0.440541,4.588340751622247,10.41523894146085
2025-06-15,105612.341716866,0.462857,4.82576138120413,10.4260269635042
2025-06-16,106790.40647211,0.366903,3.77312670754923,10.283717895926653
2025-06-17,104598.98824648,0.352759,3.6545367508807822,10.359860531681333
2025-06-18,104946.353111106,0.359021,3.7110624183812964,10.336618655745152
2025-06-19,104700.469688906,0.396966,4.106357743356765,10.344355632382346
2025-06-20,103321.945932896,0.321122,3.3180687969954614,10.33272981274904
2025-06-21,102159.437963581,0.40707,4.204271565116913,10.32814101999221
2025-06-22,101084.251485656,0.3822,4.043926268937137,10.580659660646344
2025-06-23,105439.547965419,0.318812,3.360565867149465,10.540892077416677
2025-06-24,106140.520859078,0.277207,2.926265779929446,10.556239649183834
2025-06-25,107407.598841024,0.310448,3.2826399305622975,10.57387772880873
2025-06-26,107017.860392325,0.368225,3.879011004174957,10.53433665999946
2025-06-27,107094.077124514,0.383864,4.1290930650981075,10.756664827674648
2025-06-28,107325.30624355,0.483303,5.200714858973846,10.760767248440931
2025-06-29,108374.714619031,0.497546,5.3527304662403,10.758270304907299
2025-06-30,107198.652544274,0.399564,4.2703569513258435,10.687531231469594
2025-07-01,105732.98154385,0.422462,4.517301231960382,10.692794231768117
2025-07-02,108869.592034958,0.418596,4.473195936648852,10.686188616091941
2025-07-03,109616.937339918,0.37025,3.949256231744091,10.666459685068107
2025-07-04,108030.469569563,0.406753,4.325921190973534,10.6352402735968
2025-07-05,108221.453276886,0.516291,5.612556874533747,10.870911668874541
2025-07-06,109217.148040113,0.515589,5.638052600761098,10.935163513506048
2025-07-07,108263.987359252,0.385067,4.204172944527021,10.918042146830883
2025-07-08,108931.620032372,0.405831,4.426174595121324,10.906442790356811
2025-07-09,111248.642186699,0.38184,4.174885849415932,10.933608382522412
2025-07-10,115958.97038124,0.346844,3.788727063693158,10.923431871880934
2025-07-11,117474.542952979,0.267993,2.9069834116154336,10.847239464337784
2025-07-12,117412.432013394,0.451265,4.9189204536371625,10.900301013251937
2025-07-13,119057.209940597,0.49296,5.363699314211063,10.880598057006535
2025-07-14,119831.19623272,0.39613,4.287597858490431,10.823714485602812
2025-07-15,117747.327694249,0.466667,5.032839718424579,10.78464392671728
2025-07-16,118672.904519396,0.564128,6.022298428902598,10.675414345366386
2025-07-17,119212.470588653,0.810111,8.606730934357495,10.624142590678275
2025-07-18,117963.57142746,0.882037,9.347607272692732,10.597748771657534
2025-07-19,117897.280695283,0.994363,10.685672784823703,10.746249211441073
2025-07-20,117296.229529213,0.997983,10.699688734573016,10.721309716772865
2025-07-21,117406.417261451,0.65715,7.033504469572121,10.703041621655936
2025-07-22,119963.29839406,0.842614,8.97877350599247,10.655856708887056
2025-07-23,118782.079633197,0.825559,8.912302241502676,10.795482200550339
2025-07-24,118355.185324524,0.690058,7.446829740028129,10.791604427017782
2025-07-25,117606.361649515,0.664146,7.186947710178018,10.82133662910128
2025-07-26,117926.271770002,0.778238,8.421781066449817,10.82159586778533
2025-07-27,119419.990860318,0.794442,8.608632442375578,10.836069081880927
2025-07-28,118050.099658849,0.490633,5.313874696265971,10.830641696544005
2025-07-29,117939.057327956,0.429574,4.656975287589689,10.840918170622073
2025-07-30,117831.172515196,0.419841,4.549777704987848,10.836907414223017
2025-07-31,115764.788689971,0.427499,4.632126931775153,10.835406503427704
2025-08-01,113285.64608306,0.384567,4.16965992498779,10.842475772949053
2025-08-02,112571.297323537,0.462007,5.025473061562557,10.877493354459052
2025-08-03,114274.402614765,0.461618,5.022823978682445,10.880907477478798
2025-08-04,115067.281617885,0.404624,4.402426753974831,10.880282903791615
2025-08-05,114138.513046648,0.378072,4.144523768641792,10.962268120203003
2025-08-06,115031.363610771,0.358819,3.941733222973813,10.985293213092021
2025-08-07,117489.390741479,0.368417,4.053199037208594,11.001654384049793
2025-08-08,116679.532854575,0.339551,3.7423521973092675,11.021474150085453
2025-08-09,116471.775369672,0.423136,4.690971815472789,11.086194511080922
2025-08-10,119279.244750319,0.419966,4.653500321978875,11.080657960048494
2025-08-11,118680.731532537,0.345396,3.832517275039634,11.096010096145996
2025-08-12,120103.60041267,0.34712,3.8487068561907636,11.08753413584743
2025-08-13,123313.782043878,0.36328,4.028261208120212,11.088577612276062
2025-08-14,118380.10001913,0.355668,3.9382136178241853,11.072724184150795
2025-08-15,117440.368921295,0.416615,4.619936503306677,11.089227426592714
2025-08-16,117465.102784994,0.513149,5.670969160665068,11.051316902335666
2025-08-17,117478.934514884,0.550932,6.087452800409501,11.049376698330294
2025-08-18,116295.377222639,0.460224,5.084142136701283,11.047100831705915
2025-08-19,112900.73860107,0.452019,4.988167988725981,11.03530919192484
2025-08-20,114302.938458334,0.418525,4.624878982569049,11.050422781601252
2025-08-21,112518.639569051,0.379941,4.198770393151958,11.051108376509193
2025-08-22,116903.486815059,0.379984,4.195093302277767,11.040195629236
2025-08-23,115401.909286159,0.425545,4.710688576698355,11.069784664559077
2025-08-24,113497.119029309,0.431464,4.783010216643762,11.085531944958088
2025-08-25,110187.030847015,0.388346,4.299074938420765,11.070207631271101
2025-08-26,111809.215070013,0.384176,4.2497718676313205,11.0620363976458
2025-08-27,111288.993652357,0.361237,4.000915201432404,11.075605207873247
2025-08-28,112592.510028377,0.353205,3.9105724726753235,11.07168389605579
2025-08-29,108424.015930646,0.333508,3.653297859781731,10.95414545812455
2025-08-30,108852.097480519,0.484883,5.314211807519077,10.959788252003763
2025-08-31,108303.473913268,0.503247,5.516673531863646,10.962164503863285
2025-09-01,109255.586298373,0.473445,5.189248852319126,10.960626900148657
2025-09-02,111241.631217533,0.476655,5.222308426629036,10.956158758501713
2025-09-03,111737.97059298,0.483936,5.311570393631358,10.975778976517029
2025-09-04,110743.298264164,0.481663,5.281569033521766,10.965277287038054
2025-09-05,110671.777093401,0.372429,4.057558435070782,10.894860115676812
2025-09-06,110224.567575368,0.440316,4.824200611165332,10.956234277724455
2025-09-07,111154.666234756,0.424302,4.647910558617936,10.954258755470065
2025-09-08,112070.198855846,0.355925,3.8934350556849093,10.938925727679047
2025-09-09,111541.127744723,0.309352,3.384416734679657,10.940357272597884
2025-09-10,113973.151730465,0.31095,3.4010353197368945,10.937566195338583
2025-09-11,115507.416571815,0.318209,3.476788548014927,10.926103575427911
2025-09-12,116079.295283256,0.292466,3.197971692735368,10.934491788480333
2025-09-13,115955.126990882,0.355679,3.8962940546196028,10.95453570178133
2025-09-14,115331.440901105,0.378727,4.14686987385651,10.949482062856696
2025-09-15,115399.127560279,0.327626,3.5849561745734295,10.942209953195237
2025-09-16,116826.684150381,0.311983,3.412136424783376,10.936928349854757
2025-09-17,116474.114847182,0.30879,3.377400233969453,10.93752591889443
2025-09-18,117108.935005828,0.330574,3.6079300698674417,10.91413720723201
2025-09-19,115694.602656432,0.343782,3.7473026409184857,10.900230312273637
2025-09-20,115734.809307906,0.393784,4.309669385768209,10.944249984957874
2025-09-21,115287.441213986,0.432608,4.74432761767849,10.966812770547165
2025-09-22,112782.229169582,0.355301,3.9018191262273083,10.98174248815196
2025-09-23,112052.858934256,0.380799,4.179879039671587,10.976599210077604
2025-09-24,113353.447113748,0.375074,4.120185758225757,10.985000264992232
2025-09-25,109074.230529918,0.34833,3.862186391071482,11.087734388996505
2025-09-26,109733.466164108,0.371083,4.121977476334485,11.10797101280575
2025-09-27,109692.189210896,0.49004,5.4511700489562624,11.123939512304812
2025-09-28,112257.237275314,0.514428,5.720637511990832,11.120389745133654
2025-09-29,114393.691187878,0.406573,4.517514865824188,11.111202126356918
2025-09-30,114063.275796585,0.356148,3.9568302269968147,11.110081522659605
2025-10-01,118646.283465771,0.401974,4.449530028432992,11.069196421070389
2025-10-02,120593.742143673,0.418062,4.615604272676541,11.040488301994456
2025-10-03,122286.946673376,0.389559,4.2918708541265005,11.017243182736966
2025-10-04,122418.030417054,0.559321,6.156548700342669,11.007190153399987
2025-10-05,123537.465178982,0.577978,6.3529303638740275,10.99163879954596
2025-10-06,124714.848516762,0.514333,5.631941695599934,10.949983781627871
2025-10-07,121429.531001833,0.502741,5.537504772085128,11.014617305978398
2025-10-08,123355.093531611,0.462186,5.379311795173559,11.6388449835373
2025-10-09,121745.512823117,0.434579,5.185723562032348,11.932760559246823
2025-10-10,113039.345857058,0.39061,4.7128795027710035,12.065435673069715
2025-10-11,110810.242745388,0.401232,4.903258269707495,12.220499777336352
2025-10-12,115088.258570169,0.437851,5.36068346694779,12.243155375387152
2025-10-13,115321.958876336,0.359557,4.40314577751784,12.246028321199223
2025-10-14,113115.288112501,0.30147,3.649704172514904,12.106348480270881
2025-10-15,110815.266921698,0.493839,5.952363657872873,12.053244605620215
2025-10-16,108229.050757824,0.505265,6.095646068356672,12.064255187669088
2025-10-17,106498.603354067,0.533613,6.4404613319954995,12.069536530906724
2025-10-18,107239.978114036,0.597283,7.217961267416963,12.08466241022153
2025-10-19,108747.04197085,0.579114,7.001787737361264,12.090516175769192
2025-10-20,110584.822523732,0.557937,6.861169772644898,12.29740001854625
2025-10-21,108368.509722285,0.313226,3.915908851058962,12.501873242726598
2025-10-22,107600.37133495,0.285778,3.5699326469287547,12.49196007704566
2025-10-23,110138.004731871,0.308856,3.8529273826334913,12.474852653955145
2025-10-24,111072.135630999,0.310842,3.8825031507784815,12.490294475473618
2025-10-25,111656.14021356,0.388885,4.855951055204534,12.486848399071457
2025-10-26,114583.603528519,0.391218,4.884469088316857,12.485289735697176
2025-10-27,114143.700236365,0.355766,4.435334046220871,12.46698997180811
2025-10-28,112964.048665163,0.326333,4.070104044521186,12.472238056432765
2025-10-29,110108.026746427,0.315369,3.9274312017042408,12.45344070517524
2025-10-30,108342.85615097,0.307941,3.8169368635688765,12.39500881906223
2025-10-31,109619.819306068,0.316684,3.923297530594817,12.388696704043893
2025-11-01,110162.286332992,0.402025,4.984391239721304,12.398219361104049
2025-11-02,110576.714320106,0.411473,5.102255536636157,12.399988844790407
2025-11-03,106655.710268712,0.344561,4.265407232454689,12.379260880374535
2025-11-04,101583.635565302,0.335898,4.159072158669588,12.38196178090042
2025-11-05,103971.149190052,0.361902,4.510757895386337,12.46403846987764
2025-11-06,101346.26469722,0.360427,4.5323145215046265,12.57484403642683
2025-11-07,103326.208424691,0.351004,4.414079836443604,12.575573061295621
2025-11-08,102298.730646566,0.475512,5.992101698736631,12.601365859333523
2025-11-09,104725.540876362,0.487699,6.145014201565329,12.600003001154263
2025-11-10,105997.950274382,0.415624,5.235580883496245,12.596922471238479
2025-11-11,103087.646722457,0.374384,4.751687487427041,12.692030520351494
2025-11-12,101694.525387851,0.302455,3.8909384881160607,12.864541182598272
2025-11-13,99702.7889356091,0.280683,3.646285969999674,12.990739492780898
2025-11-14,94667.6980316109,0.243835,3.217015732295072,13.193417170445239
2025-11-15,95637.0452551772,0.36195,4.805074489227229,13.275522570280556
2025-11-16,94394.0011993443,0.372462,4.960018642977894,13.316855315790363
2025-11-17,92225.443968822,0.305978,4.066157501628254,13.289051410569128
2025-11-18,92993.1480092538,0.337559,4.4470247689243765,13.174080818648523
2025-11-19,91527.1735071698,0.379722,5.030294935955367,13.24730765567742
2025-11-20,86587.3725510952,0.374197,4.997718847142406,13.355852414767407
2025-11-21,85143.6986808933,0.313031,4.236623871638917,13.534179945679478
2025-11-22,84747.7976933744,0.45882,5.579394735183805,12.160309833430171
2025-11-23,86923.7809890631,0.838059,10.272541911329771,12.257540157117706
2025-11-24,88313.8112235453,0.837149,10.386343897626178,12.406807570263348
2025-11-25,87366.7338865582,0.779037,9.74375130910971,12.50742922922479
2025-11-26,90505.3595091203,0.764998,9.508813481393627,12.42985533170738
2025-11-27,91362.5136883651,0.773204,9.643801003198316,12.472520569006194
2025-11-28,90933.6874307953,0.718512,9.011536085844817,12.541941159987573
2025-11-29,90835.2626005808,0.409215,5.148606891613703,12.581654844714373
2025-11-30,90401.7060384886,0.278067,3.504851237930738,12.604332513447241
2025-12-01,86336.1449076168,0.231526,2.9231569071316637,12.62558265117794
2025-12-02,91322.778704371,0.213763,2.72272882559629,12.737128133281553
2025-12-03,93473.0138827925,0.231849,2.9331560114144613,12.651134555132463
2025-12-04,92111.4096179589,0.268035,3.3964876141816465,12.671809689726116
2025-12-05,89367.6048010023,0.262157,3.400330212158148,12.970578852360648
2025-12-06,89259.4938848228,0.342757,4.481288411844695,13.07423002740339
2025-12-07,90442.9650463449,0.337397,4.431675088752114,13.134913217057107
2025-12-08,90661.9068770528,0.292809,3.8559174417085322,13.168723904252545
2025-12-09,92701.4808800457,0.265179,3.510550236239527,13.2384125054272
2025-12-10,92044.5260657175,0.249562,3.2468823907370217,13.010336546315093
2025-12-11,92539.4756724435,0.296822,3.8869030852705277,13.095043121799332
2025-12-12,90302.8064311746,0.282369,3.7649547655529507,13.333470438043213
2025-12-13,90290.4960541073,0.344355,4.629742224746372,13.444663555953335
2025-12-14,88194.6433718845,0.348593,4.693611646300477,13.464439489018762
2025-12-15,86459.5402483796,0.276425,3.766177503027406,13.62460750879535
2025-12-16,87875.0551103361,0.268323,3.713911489848583,13.841175154477387
2025-12-17,86273.474202191,0.226849,3.2198562488036355,14.193832286160182
2025-12-18,85515.9698822669,0.219187,3.1199770174432366,14.234305046049933
2025-12-19,88132.3337994023,0.182799,2.6154347065793555,14.307730935124866
2025-12-20,88367.8706120294,0.237837,3.396881385446999,14.282378581127205
2025-12-21,88654.92324492,0.273192,3.9219527108162224,14.35605604860771
2025-12-22,88564.4856021548,0.217516,3.123885879661825,14.361622144506992
2025-12-23,87448.1793469711,0.203292,2.9339040093204947,14.431953417857278
2025-12-24,87642.0849744413,0.206518,2.990203668604089,14.479151595609004
2025-12-25,87211.8447167885,0.261348,3.7944052816489946,14.518603883345527
2025-12-26,87337.9549401579,0.206745,3.0116796003489155,14.567128390896187
2025-12-27,87846.548611719,0.228322,3.3350804067936406,14.606889609308602
2025-12-28,87896.8239402761,0.236649,3.4678327082239977,14.653885970822902
2025-12-29,87160.075472716,0.167207,2.469055195338786,14.766499542635305
2025-12-30,88428.1988620674,0.175768,2.6209868550719575,14.911639903843067
2025-12-31,87535.6902474645,0.194172,2.906105212319525,14.966631372548788
2026-01-01,88745.0287621538,0.283042,4.208409215860335,14.868495049351054
2026-01-02,89952.6843898464,0.277259,4.1263235230308934,14.882538536461324
2026-01-03,90606.8149679688,0.318521,4.743105218957429,14.891005133919304
2026-01-04,91485.25336134,0.321669,4.795064159282007,14.906807902294828
2026-01-05,93850.2531973148,0.247097,3.6835234456730777,14.907212227154758
2026-01-06,93703.0230318237,0.22686,3.3866630086370035,14.928450783562965
2026-01-07,91309.5006800383,0.182489,2.7084322639757445,14.841651772462017
2026-01-08,91031.7449513942,0.249767,3.7107946992951724,14.857044623166978
2026-01-09,90542.0107208209,0.218104,3.245450191326733,14.880283296598106
2026-01-10,90406.7860692108,0.274781,4.093286965173733,14.896525576301272
2026-01-11,90894.9504472554,0.31294,4.6694358534934475,14.921184578212946
2026-01-12,91197.5769620987,0.265616,3.9671034050327343,14.935499792803054
2026-01-13,95336.3777373708,0.258056,3.843629050068774,14.894527670635703
2026-01-14,96917.9397276158,0.230178,3.429609258716105,14.899834067396943
2026-01-15,95571.1381115715,0.22816,3.4126356260550987,14.957186781258422
2026-01-16,95515.1333139978,0.22939,3.440824056223232,14.999887847493062
2026-01-17,95124.1332762488,0.251727,3.787752975511066,15.047058421192936
2026-01-18,93649.9710544255,0.266298,4.0214268794587715,15.101239189743616
2026-01-19,92583.9042441966,0.235187,3.5588554322132038,15.132001870859579
2026-01-20,88346.885839498,0.180864,2.7517884753330466,15.214680023263007
2026-01-21,89404.1682044034,0.172928,2.638493687340965,15.257784515848043
2026-01-22,89489.0566126884,0.172722,2.6473725818111427,15.3273876966998
2026-01-23,89520.8022481017,0.172835,2.6663364062901245,15.42703067214523
2026-01-24,89153.8461670402,0.313288,4.840066335568701,15.44925132043752
2026-01-25,86629.4264271021,0.309181,4.77857941545512,15.455590470388143
2026-01-26,88300.0866603494,0.291539,4.505184293780835,15.453108290731997
2026-01-27,89165.6692825308,0.290083,4.5036498652165475,15.525398249129275
2026-01-28,89192.9582213948,0.261142,4.062811382664088,15.55788040460026
2026-01-29,84601.2823587058,0.251232,3.9171388609494655,15.591749962881153
2026-01-30,84173.8766430262,0.112802,1.7602050649255614,15.604315756534886
2026-01-31,78666.2428708279,0.156927,2.4602805163778227,15.67784457912764
2026-02-01,76959.7296437836,0.175357,2.7482632863772127,15.672416055827698
2026-02-02,78733.1765033467,0.149257,2.3447329898094447,15.709363763333688
2026-02-03,75716.5664692014,0.154153,2.455067941220866,15.92618358873386
2026-02-04,73068.2719883667,0.189525,3.0351950086256845,16.014740166704705
2026-02-05,62839.7650444714,0.179348,2.8919971094261108,16.125048891901454
2026-02-06,70573.4229933723,0.204371,3.295690176731134,16.126046021342965
2026-02-07,69269.3602005521,0.258372,4.1820143714260585,16.186006522573813
2026-02-08,70339.0496837085,0.262284,4.245633376300056,16.18714309485616
2026-02-09,70121.1090794672,0.235164,3.8098419181157883,16.200795378340498
2026-02-10,68822.7395340787,0.212508,3.4475503311071702,16.22314364678909
2026-02-11,67068.6025877336,0.208805,3.3959465798727444,16.263709690242674
2026-02-12,66248.1233279265,0.164791,2.6945618155152933,16.351385544262367
2026-02-13,68859.0635766772,0.156179,2.5582193445027017,16.380056604587264
2026-02-14,69815.9330046114,0.170319,2.790781934517888,16.385658933786303
2026-02-15,68854.1497232581,0.174752,2.865861265808334,16.39962819599518
2026-02-16,68904.2963068454,0.14314,2.3480790872192294,16.404113423429028
2026-02-17,67503.5250146202,0.115831,1.9010559050801008,16.412276686957394
2026-02-18,66482.3899978355,0.122566,2.013945627571572,16.431499639734632
2026-02-19,67011.1140781272,0.109225,1.7972000362998608,16.45405013786246
2026-02-20,68015.8203669575,0.096793,1.6004082686246082,16.534304769881754
2026-02-21,67990.5481068716,0.143962,2.3836089913559615,16.55721747798797
2026-02-22,67658.0129483908,0.144161,2.3886572638031516,16.569379535715466
2026-02-23,64669.6835476588,0.123823,2.0538996030377468,16.587414986948346
2026-02-24,64088.2502348351,0.09749,1.619186219498051,16.608693542295992
2026-02-25,68015.0669780741,0.119265,1.9923143990605279,16.704993532310414
2026-02-26,67507.9844481566,0.128474,2.147668193819024,16.71669004225229
2026-02-27,65896.6155382556,0.118297,1.9719879991524512,16.669794388097756
2026-02-28,67040.3084018812,0.144137,2.409125951868591,16.714123707715142
2026-03-01,65786.101993851,0.144803,2.420116776870039,16.71322001678228
2026-03-02,68828.4065214842,0.132583,2.215503039014625,16.710327697657128
2026-03-03,68322.3578278976,0.093101,1.5604198622684633,16.76048499622537
2026-03-04,72691.2510514572,0.085483,1.432970657733466,16.763271538802883
2026-03-05,70880.5967478895,0.104429,1.7475742836696293,16.734601241819504
2026-03-06,68116.8018245498,0.105191,1.7550817306372297,16.684713506094216
2026-03-07,67256.5348484921,0.14375,2.397606179855968,16.678961774148778
2026-03-08,65974.5477946956,0.141833,2.3653336636286473,16.67686690276361
2026-03-09,68444.0494041355,0.111979,1.8665484685544587,16.66867914732979
2026-03-10,69950.7502400302,0.105162,1.7598934471429282,16.73502875438018
2026-03-11,70196.084579246,0.091944,1.5412618389275843,16.763075512441286
2026-03-12,70521.4004687114,0.102803,1.7294173163209312,16.822600251472615
2026-03-13,70925.8114572419,0.10604,1.7901623320487197,16.881904295281966
2026-03-14,71210.954807485,0.141586,2.38754267027323,16.862891825867475
2026-03-15,72805.7068200337,0.143227,2.4112211743336505,16.83494718254765
2026-03-16,74862.8476786669,0.119811,2.008988245128109,16.767918778833927
2026-03-17,73913.6230590201,0.138338,2.320738169942912,16.77586568556497
2026-03-18,71238.6664717889,0.144001,2.4075322948518876,16.718903119404388
2026-03-19,69922.5894957813,0.150193,2.5138387689822794,16.737342954660303
2026-03-20,70504.1086044815,0.136884,2.294154988494286,16.759787362152753
2026-03-21,68906.0389535765,0.172464,2.8954863972964273,16.788966621366885
2026-03-22,67860.149345612,0.161258,2.6994096615462393,16.73971040763987
2026-03-23,70889.4709550516,0.127282,2.0694499297381483,16.25876845645541
2026-03-24,70527.7404395897,0.116992,1.901850955552306,16.256282334043124
2026-03-25,71303.5184620582,0.13327,2.166109781868884,16.25358996216977
2026-03-26,68786.6301555163,0.135564,2.197462649877326,16.20980255836168
2026-03-27,66375.299698075,0.125552,2.0370351782664327,16.224585976829115
2026-03-28,66345.5735868404,0.186368,3.0434318557243922,16.33025371929881
2026-03-29,65980.6531858915,0.183423,3.0147303839860817,16.435948675500438
2026-03-30,66742.3433780163,0.137899,2.2641704504005435,16.419065377471835
2026-03-31,68228.0350020951,0.114086,1.8711748900765715,16.401458930421157
2026-04-01,68105.7787851469,0.132134,2.167951809118307,16.40716123241534
2026-04-02,66898.967846853,0.095821,1.5880592094418093,16.573160159688538
2026-04-03,66954.4639577169,0.137591,2.2899295271762004,16.64301653033965
2026-04-04,67300.0441785073,0.141627,2.3711171518953806,16.742031556030096
2026-04-05,69002.0896882011,0.140513,2.352063165658009,16.739159668356436
2026-04-06,68849.2166042502,0.114018,1.9109823554023386,16.760368652232742
2026-04-07,71917.6371410204,0.098157,1.6466373748643186,16.77551629714336
2026-04-08,71089.0752463362,0.094812,1.5903717386037783,16.774030545429042
2026-04-09,71797.3226310816,0.082255,1.3807049337084039,16.785599778798563
2026-04-10,72973.5354878022,0.077804,1.3102705910404178,16.8407501674432
2026-04-11,73066.1612092424,0.117673,1.9840242748012047,16.86053104244459
2026-04-12,70750.5597834854,0.135221,2.2797281704808587,16.859261914125465
2026-04-13,74439.1417681227,0.101931,1.7171470911439253,16.8461429660458
2026-04-14,74170.8260823513,0.110728,1.8543589975462322,16.74700530958828
2026-04-15,74819.730535068,0.137424,2.3016196006463083,16.74825507513524
2026-04-16,75160.6475383367,0.156333,2.612839019317684,16.713275352867623
2026-04-17,77105.6841612769,0.169723,2.8364010118880536,16.711968681991387
2026-04-18,75730.9852333289,0.196247,3.275365358545608,16.689990546340958
2026-04-19,73834.8319428331,0.20081,3.3426182140122687,16.645640250608803
2026-04-20,75866.8114576594,0.152226,2.534920116644494,16.652380634092943
2026-04-21,76338.7183526742,0.156592,2.606428934698658,16.64468001292306
2026-04-22,78197.0445142818,0.153204,2.5466453715661688,16.62261194845714
2026-04-23,78282.169442851,0.168895,2.824300858954348,16.72222035636471
2026-04-24,77460.0457327105,0.15773,2.6425653196534897,16.75372557906683
2026-04-25,77647.0974905372,0.289711,4.891214874587858,16.883104242676733
2026-04-26,78674.2482259035,0.294787,4.987315813108493,16.918342678235586
2026-04-27,77383.7893616812,0.252081,4.269603861789223,16.937396255028116
2026-04-28,76353.0417902478,0.242369,4.114785672223303,16.977369264603475
2026-04-29,75763.7106454231,0.230106,3.928275701857519,17.071598888376457
2026-04-30,76313.763712442,0.222295,3.7888108577504096,17.044097272442876
2026-05-01,78217.7724802946,0.140269,2.3962507718145516,17.08331223630779
2026-05-02,78674.3049851104,0.162467,2.798145083378293,17.22290092699246
2026-05-03,78558.5857207882,0.178351,3.0908513460120624,17.330181830233293
2026-05-04,79840.2788641106,0.113603,1.9661409370479528,17.307117696804788
2026-05-05,80898.1375987088,0.12805,2.223273411618894,17.362507589835268
2026-05-06,81443.7820622719,0.145518,2.532272689892803,17.40182964669907
2026-05-07,80011.0661804087,0.138517,2.4111839984447525,17.40707284823424
2026-05-08,80192.7561464176,0.156564,2.730256208837147,17.438577025983495
2026-05-09,80666.5488959027,0.183226,3.2019833127969517,17.475594895393893
2026-05-10,82186.4967576366,0.191429,3.346751582579657,17.482973851895075
2026-05-11,81716.7324988128,0.14649,2.557433118846853,17.458129255084682
2026-05-12,80474.9351498814,0.110507,1.9363007746467336,17.521934482284678
2026-05-13,79279.3837872281,0.103172,1.8143084677063621,17.585250805742586
2026-05-14,81059.6921022015,0.098954,1.7421111257972781,17.605234015659782
2026-05-15,79064.202104273,0.100332,1.777760408700723,17.718735947126003
2026-05-16,78112.673128654,0.137546,2.4456366063444053,17.780500033265188
2026-05-17,77418.3027426434,0.13855,2.4636575600381647,17.781711736373477
2026-05-18,76952.6600117744,0.109728,1.9542024120675445,17.809461909693873
2026-05-19,76775.5537178455,0.103232,1.8471929659923563,17.89363149102387
2026-05-20,77486.1902221301,0.109721,1.9799611540100173,18.04543094073756
2026-05-21,77554.5658389441,0.098752,1.7906791343855806,18.133117990968522
2026-05-22,75464.2176773764,0.095693,1.7549565966030303,18.33948871747227
2026-05-23,76694.8554666895,0.127073,2.3583890151865283,18.559297959171335
2026-05-24,77039.1085783474,0.130855,2.4309460625749457,18.577393686476512
2026-05-25,77287.4872232217,0.119546,2.2230259992572075,18.59552487236374
2026-05-26,75831.7808008651,0.094783,1.7638817331399304,18.609618982507673
2026-05-27,74324.8174655543,0.096428,1.8070487665968402,18.739971873140696
2026-05-28,73522.3174772147,0.098025,1.8466131564952943,18.838246679790114
2026-05-29,73370.0186182953,0.133678,2.5237964694326256,18.879698049651335
2026-05-30,73794.5390301552,0.175684,3.3394127904369264,19.008093236980372
2026-05-31,73595.7587259674,0.186057,3.5385490338976933,19.018653938508052
2026-06-01,71285.6072615943,0.142421,2.7083092914519256,19.016158835176846
2026-06-02,66653.5264028335,0.117492,2.243692403606823,19.09649212975363
2026-06-03,64045.2657877584,0.151867,3.099946809958135,20.412186509990573
2026-06-04,63808.0046024093,0.172831,3.5448687206298954,20.510637479389086
2026-06-05,61037.1810235551,0.164644,3.3864464642514718,20.56824344515136
2026-06-06,60860.8647790865,0.185086,3.7630194642097723,20.33114313286021
2026-06-07,63290.3358178844,0.189968,3.8667990942218315,20.3549589558188
2026-06-08,63066.5657075972,0.160523,3.269130268657662,20.365464419620956
2026-06-09,61676.6004052673,0.115961,2.366396584032909,20.406784502578
2026-06-10,61369.4478583849,0.100886,2.068635568773349,20.50459916130965
2026-06-11,63625.99,0.103262,2.1285981552516255,20.61357800535113
2026-06-12,63580.01,0.078732,1.627019482889932,20.66529367800384
2026-06-13,64105.56,0.107965,2.2382016124568946,20.730854020884465
2026-06-14,65746.45,0.107922,2.238634062782634,20.743050145734102
2026-06-15,65434.02,0.079526,1.6489170543378886,20.734242395663784
2026-06-16,66401.43,0.090596,1.8787800697612032,20.737895119412318
2026-06-17,65749.59,0.092414,1.9144512395972129,20.716088707630387
2026-06-18,64644.01,0.094147,1.960023075276572,20.818699658817373
2026-06-19,62878.0,0.069943,1.458638270790314,20.854745324901796
2026-06-20,63544.7,0.087796,1.837524212593296,20.929398436623476
2026-06-21,63311.99,0.085533,1.7911143550463289,20.940652640884096
2026-06-22,64020.01,0.068099,1.4099830764788495,20.704986901332365
2026-06-23,62734.57,0.070916,1.470685755659095,20.73837918484036
2026-06-24,61077.99,0.082778,1.7243396284338195,20.830935361299993
2026-06-25,59794.0,0.077301,1.6156396386532985,20.900718993960993
2026-06-26,60097.27,0.084593,1.780615654352528,21.04916451790921
2026-06-27,60029.0,0.12769,2.6786029174974275,20.977437861489847
2026-06-28,59577.01,0.126722,2.6578672235773038,20.97393372413637
2026-06-29,60260.21,0.097809,2.0508900825290826,20.968391741440154
2026-06-30,58624.71,0.092779,1.9705546741780404,21.239157382531147
2026-07-01,60024.0,0.103677,2.209513387976376,21.311433615083562
2026-07-02,61560.0,0.087352,1.8620159187198635,21.31626274569098
2026-07-03,62583.26,0.094693,2.0286457975794994,21.423397706025398
2026-07-04,63144.01,0.122485,2.6246395637056636,21.428276210460687
2026-07-05,63650.0,0.12425,2.650376819113615,21.331066277898177
2026-07-06,64042.02,0.093739,1.9998131619485084,21.333735873424686
2026-07-07,63363.99,0.076831,1.6415524727677548,21.365796398937327
2026-07-08,62290.0,0.097574,2.0988403353396814,21.510282297500385
2026-07-09,63230.0,0.097782,2.1087051540791726,21.565291357653855
2026-07-10,64161.72,0.086292,1.867136670932767,21.637371145347892
2026-07-11,63819.0,0.128349,2.806093292129013,21.86291254081995
2026-07-12,63780.0,0.13445,2.9381059176776483,21.852825306124558
2026-07-13,62334.52,0.084742,1.8574882934725911,21.919290475584713
2026-07-14,65043.98,0.123569,2.7400355570109354,22.174189869384286
2026-07-15,64756.28,0.128994,2.87662666600981,22.300539213253682
2026-07-16,63830.2,0.135543,3.051577729229126,22.51380320426911
2026-07-17,63931.67,0.136944,3.1258690580435236,22.825843057246143
2026-07-18,64834.22,0.157973,3.646071156369827,23.080335595589023
2026-07-19,64722.54,0.156183,3.5925378065922784,23.002090028875557
2026-07-20,65255.51,0.088165,2.029262508094561,23.016672653580986
2026-07-21,66556.16,0.075634,1.7599216973999583,23.26905142041936
2026-07-22,66114.49,0.080411,1.8889965549908039,23.491825587479415
2026-07-23,65098.97,0.07046,1.6515468406550264,23.439578732377594
2026-07-24,64139.99,0.070083,1.6455214210206068,23.479722208747557
2026-07-25,64288.95,0.08261,1.951232232370373,23.619823121976122
2026-07-26,64742.11,0.089269,2.107449386375529,23.607805379663212
2026-07-27,63755.86,0.06392,1.5094377593580872,23.61461475818228
2026-07-28,63915.0,0.062511,1.483156616038579,23.726346489031673
2026-07-29,63984.28,0.058763,1.4040340018886175,23.892976199044735
2026-07-30,64780.02,0.07635,1.833553768018307,24.015168061770026
2026-07-31,62887.88,0.091418,2.190689907604906,23.963544491616123
2026-08-01,62823.64,0.131169,3.12576289754859,23.82997869867622
2026-08-02,63570.0,0.147758,3.513810422330338,23.780881710219973
2026-08-03,63520.0,0.136853,3.257766684828494,23.804850788349523
2026-08-04,64106.56,0.151156,3.6140922242606104,23.909737058220962
2026-08-05,64665.23,0.13641,3.262242501749635,23.914992311414036
2026-08-06,64323.61,0.137083,3.3251947941122055,24.256867771015276
2026-08-07,64923.19,0.123806,3.009791218395436,24.310641411019102
2026-08-08,64962.6,0.129355,3.157596740639243,24.410248504881018
2026-08-09,64901.59,0.137012,3.3368452060841753,24.35435143988091
2026-08-10,63970.01,0.108184,2.633609438190022,24.343908309771646
2026-08-11,63600.0,0.100048,2.4404888576056716,24.39306924120279
2026-08-12,63479.99,0.076594,1.8658461247438078,24.360144685829596
2026-08-13,63490.86,0.081059,1.9823221401159894,24.4554142982761
2026-08-14,63043.56,0.073002,1.7949606421192874,24.58773890086586
2026-08-15,63086.01,0.092378,2.281796996900166,24.700680010694935
2026-08-16,62900.0,0.093829,2.318733616704099,24.712408382738158
2026-08-17,64532.1,0.073605,1.8247566547675187,24.79127398001863
2026-08-18,64725.42,0.0796,1.9754910454194585,24.81764004796683
2026-08-19,69334.79,0.064589,1.6054582473822971,24.85655499055949
2026-08-20,73025.15,0.063423,1.5749700010238874,24.832681739999128
2026-08-21,78338.03,0.081037,2.013055322917472,24.841138549804256
2026-08-22,77074.93,0.129646,3.2368683356350747,24.96698616658663
2026-08-23,76978.94,0.13862,3.4726112774383204,25.05128497999087
2026-08-24,78992.75,0.111455,2.792967718011422,25.059129527676205
2026-08-25,78539.14,0.118873,2.9834015509902194,25.09742931930436
2026-08-26,78694.0,0.128675,3.2367628662225876,25.154463700206836
2026-08-27,80249.58,0.141634,3.5702594784434774,25.2075845313934
2026-08-28,77845.87,0.136995,3.464255996389856,25.287438494234774
2026-08-29,77557.99,0.168852,4.315350657738125,25.557037086771818
2026-08-30,77665.14,0.164681,4.238005745662696,25.734687827441004
2026-08-31,77868.09,0.126263,3.2470975510896865,25.71690701569362
2026-09-01,78537.73,0.112836,2.9145680879470257,25.830175095839763
2026-09-02,77459.51,0.110874,2.879433825868788,25.970407663480128
2026-09-03,77295.89,0.09323,2.4305493521144665,26.070578733397667
2026-09-04,81217.91,0.087193,2.284361374761011,26.19894378603452
2026-09-05,79675.11,0.122493,3.2249481044851,26.327531164448658
2026-09-06,79833.96,0.126408,3.333339548378915,26.369721817020032
2026-09-07,80243.76,0.104519,2.756998437475625,26.37787452931135
2026-09-08,79093.52,0.087742,2.315583131996578,26.39081526929915
2026-09-09,78453.66,0.085214,2.2530207290725994,26.439595240327325
2026-09-10,78289.99,0.081921,2.1735772825908564,26.532513349341308
2026-09-11,76615.14,0.063027,1.6835785854623393,26.71221710835481
2026-09-12,77238.49,0.079168,2.1220725740888255,26.804826457342614
2026-09-13,77043.78,0.079838,2.1404067313147386,26.80936632423543
