date,btc_price,median_realized_price,median_mvrv,source
2010-07-17,0.04951,0.0498274616681503,0.9936287810471945,official
2010-07-18,0.08584,0.04983717628376132,1.7224089806221556,official
2010-07-19,0.0808,0.049845142974350595,1.6210205283507404,official
2010-07-20,0.07474,0.049849529032240256,1.4993120587290163,official
2010-07-21,0.07921,0.04985475034461297,1.5888154980713687,official
2010-07-22,0.05446,0.04986008661010256,1.0922564259839336,official
2010-07-23,0.0624138775510204,0.049865019447434794,1.2516565368396975,official
2010-07-24,0.05454,0.04987608186800905,1.0935101146143242,official
2010-07-25,0.0505,0.04988369752833879,1.0123547872791727,official
2010-07-26,0.056,0.04990140829574244,1.1222128174843091,official
2010-07-27,0.06,0.04990647092789036,1.2022489044896347,official
2010-07-28,0.0589,0.04991038753445323,1.1801150604038333,official
2010-07-29,0.0698625662193553,0.04991303582264501,1.3996857748263711,official
2010-07-30,0.0627,0.04991639860219029,1.2561002347082144,official
2010-07-31,0.06785,0.049919963203123405,1.35917568135857,official
2010-08-01,0.0611,0.04992410236741287,1.2238577581293082,official
2010-08-02,0.06010568,0.049927793380536115,1.2038521218410514,official
2010-08-03,0.06,0.049932368980818105,1.201625342932346,official
2010-08-04,0.0572824939363675,0.04993700117695897,1.1470951916671712,official
2010-08-05,0.061,0.04994043731399324,1.2214550628876428,official
2010-08-06,0.0623,0.04994416071315229,1.2473930707898337,official
2010-08-07,0.059,0.049947628278080546,1.181237268595035,official
2010-08-08,0.0609,0.04995114741323062,1.219191212890324,official
2010-08-09,0.0707,0.049956120850390986,1.4152419923022637,official
2010-08-10,0.07,0.04995966885602885,1.401130183663193,official
2010-08-11,0.067,0.049963950435777255,1.3409668253938523,official
2010-08-12,0.07,0.04996727394438124,1.4009169297071773,official
2010-08-13,0.0645,0.049972938298167575,1.290698569997136,official
2010-08-14,0.067,0.049977161535334456,1.3406123505559673,official
2010-08-15,0.06529,0.04998114133824731,1.3062926986430743,official
2010-08-16,0.0655,0.04998513669892744,1.3103895342834078,official
2010-08-17,0.07,0.04998722379266887,1.4003578252382602,official
2010-08-18,0.068,0.04999070065222364,1.360252989312229,official
2010-08-19,0.0667,0.04999271653081882,1.3341943512687833,official
2010-08-20,0.0655,0.04999601477221222,1.3101044212908923,official
2010-08-21,0.0664,0.05000092986979357,1.3279753031175805,official
2010-08-22,0.066,0.050005708732085034,1.3198493066783112,official
2010-08-23,0.06491,0.050008795209174596,1.2979716813511961,official
2010-08-24,0.065,0.05001226015916547,1.2996813140045185,official
2010-08-25,0.0648,0.05001547489961553,1.2955990147061087,official
2010-08-26,0.064,0.05001863473334914,1.279523128553707,official
2010-08-27,0.065,0.050021863740923364,1.2994317911993927,official
2010-08-28,0.0645982546728972,0.050024329995753805,1.291336729115222,official
2010-08-29,0.064,0.050026858480253886,1.2793127920527223,official
2010-08-30,0.06497,0.05002925929005367,1.2986400542795304,official
2010-08-31,0.06,0.05003332207245805,1.1992008028790941,official
2010-09-01,0.0629,0.05003585713661042,1.2570984809607086,official
2010-09-02,0.0634,0.05003822270352362,1.2670314126791609,official
2010-09-03,0.06085,0.05004101700763574,1.2160024643526914,official
2010-09-04,0.06238,0.05004366680871659,1.2465113765231661,official
2010-09-05,0.06163975,0.05004722281383367,1.2316317776370602,official
2010-09-06,0.0616,0.050049576807882835,1.2307796374873237,official
2010-09-07,0.0610028889147648,0.05005295709718999,1.2187669311188318,official
2010-09-08,0.0612664420040746,0.05005545201120573,1.2239714065584526,official
2010-09-09,0.06111,0.050061883944117896,1.2206891787814993,official
2010-09-10,0.0618,0.05006452855423833,1.2344069101349437,official
2010-09-11,0.06366,0.050066887485129836,1.2714990525206384,official
2010-09-12,0.0615,0.05007027382697418,1.2282736901444369,official
2010-09-13,0.0621824198330189,0.05007286978495382,1.241838546503756,official
2010-09-14,0.06199,0.05007610387510239,1.2379157962171483,official
2010-09-15,0.0604,0.050079605544895246,1.206079787227013,official
2010-09-16,0.0618747945205479,0.05008591295312136,1.2353731992159256,official
2010-09-17,0.0597976861530533,0.05009853939404972,1.1936013879110328,official
2010-09-18,0.061,0.050102319553524864,1.2175085014743283,official
2010-09-19,0.0627,0.050105615018119186,1.2513567586652004,official
2010-09-20,0.0621,0.05010876070954888,1.239304247813218,official
2010-09-21,0.06265,0.05011140704215846,1.2502143463521767,official
2010-09-22,0.0622,0.0501144742284899,1.2411583870242326,official
2010-09-23,0.06231,0.05011865309511719,1.2432496915219484,official
2010-09-24,0.0622,0.05012232982442114,1.240963862172549,official
2010-09-25,0.06202,0.050125401773938906,1.237296815688474,official
2010-09-26,0.06202171,0.05012849131881544,1.237254670314016,official
2010-09-27,0.0622009295539808,0.05013850349764609,1.2405820919027035,official
2010-09-28,0.0619,0.05016123909855757,1.234020552769399,official
2010-09-29,0.0619004290909091,0.05016503288336334,1.2339357822176904,official
2010-09-30,0.0619,0.05016724822690999,1.2338727394419153,official
2010-10-01,0.06197,0.050179065745971516,1.2349771578793312,official
2010-10-02,0.0614,0.05022222147307988,1.22256638991789,official
2010-10-03,0.06111,0.05022414785589463,1.2167453826262924,official
2010-10-04,0.0612998286895566,0.05022761902697706,1.2204406634651086,official
2010-10-05,0.0614,0.05024073818959711,1.222115801091345,official
2010-10-06,0.06281,0.050243462781655285,1.250112880813083,official
2010-10-07,0.067,0.0502466848192811,1.3334213041312961,official
2010-10-08,0.0835642648639761,0.050251960485761374,1.6629055673888302,official
2010-10-09,0.0938,0.050256827870312756,1.8664130621624182,official
2010-10-10,0.0965,0.05025977279200696,1.9200245969943348,official
2010-10-11,0.095,0.05026309806046931,1.890054605979713,official
2010-10-12,0.0949,0.05026605307848361,1.887954080099079,official
2010-10-13,0.105,0.05027606990513142,2.088468732701861,official
2010-10-14,0.102,0.0502802602758705,2.0286291168812784,official
2010-10-15,0.105,0.05028494629082991,2.088100072588684,official
2010-10-16,0.101,0.05029641824013283,2.0080952786297903,official
2010-10-17,0.102,0.050301309037066866,2.027780229831326,official
2010-10-18,0.1024,0.05030534944610594,2.0355688038645883,official
2010-10-19,0.097,0.0503095034409413,1.9280651440710206,official
2010-10-20,0.099,0.05031378724811527,1.9676515208802632,official
2010-10-21,0.107,0.050316830246632416,2.1265250508732363,official
2010-10-22,0.103781247567961,0.0503193291782452,2.0624529234151487,official
2010-10-23,0.104995,0.05032416820359517,2.086373282420178,official
2010-10-24,0.11501,0.050327725213752714,2.285221505870327,official
2010-10-25,0.132,0.05033117536961959,2.6226289974479027,official
2010-10-26,0.1503,0.05033509260196093,2.985988347901533,official
2010-10-27,0.1877,0.0503393390723067,3.7286941676049907,official
2010-10-28,0.1731,0.05034597805510123,3.4382091020369185,official
2010-10-29,0.19,0.05034989976483174,3.7735924180073677,official
2010-10-30,0.1989,0.050354394845817656,3.950002787423435,official
2010-10-31,0.1925,0.05035741633472584,3.8226742754324836,official
2010-11-01,0.194901785714286,0.05036133726285682,3.8700677207400656,official
2010-11-02,0.1938,0.05036420927444969,3.8479706678988177,official
2010-11-03,0.1931,0.05036733822977437,3.8338337261159854,official
2010-11-04,0.23,0.050370929813526734,4.566125756492095,official
2010-11-05,0.26039,0.050378053209924153,5.168718983938523,official
2010-11-06,0.39,0.05041106643118443,7.736396541667781,official
2010-11-07,0.34,0.05041596413696368,6.743895625527091,official
2010-11-08,0.243,0.05043946205400576,4.817656455967329,official
2010-11-09,0.215686519668737,0.050443896146326446,4.2757704330188675,official
2010-11-10,0.232668329177057,0.0504473299750843,4.6121039367588095,official
2010-11-11,0.2231,0.05045112185222122,4.422101864325095,official
2010-11-12,0.2682,0.05045403758007781,5.315729183701662,official
2010-11-13,0.276,0.05045928307330981,5.469756666954884,official
2010-11-14,0.27904,0.05046542474999229,5.529330256950678,official
2010-11-15,0.2682,0.05048741659651416,5.312214767164726,official
2010-11-16,0.224119052,0.05049099510563438,4.438792531838814,official
2010-11-17,0.232562394352193,0.05049523282881282,4.605630696676218,official
2010-11-18,0.2678,0.05049970152313283,5.303001640065665,official
2010-11-19,0.276929090909091,0.05050240306132189,5.483483440834161,official
2010-11-20,0.28301,0.05050442326543313,5.603667593877886,official
2010-11-21,0.27675,0.0505069866700266,5.479439939825938,official
2010-11-22,0.284791867824497,0.05050990649132177,5.638336865134126,official
2010-11-23,0.28295,0.050513897761019874,5.601428765973082,official
2010-11-24,0.282951447028169,0.050519108680440655,5.600879635822207,official
2010-11-25,0.28,0.05052413009902531,5.541906400985253,official
2010-11-26,0.2844,0.05052756229587971,5.628611139690614,official
2010-11-27,0.283,0.05053145318357822,5.600472224138801,official
2010-11-28,0.27,0.05053444756842584,5.342890107473883,official
2010-11-29,0.2299,0.05053808272238833,4.549044752308233,official
2010-11-30,0.2082,0.05054229880547411,4.11932193273034,official
2010-12-01,0.2275,0.05054586611916175,4.500862631647647,official
2010-12-02,0.255,0.05055154287365661,5.044356423251434,official
2010-12-03,0.25105,0.05055480680014379,4.9658977234838515,official
2010-12-04,0.205150841229936,0.05055922667920281,4.057634079959601,official
2010-12-05,0.19952380952381,0.05056339255964092,3.946013102037529,official
2010-12-06,0.204,0.05056755888197041,4.034206999712123,official
2010-12-07,0.233080271333333,0.05057497956808465,4.60860831430604,official
2010-12-08,0.2388,0.05057916200651109,4.721311910412022,official
2010-12-09,0.2,0.05058331470515178,3.9538729552579226,official
2010-12-10,0.203990715728007,0.050586461140750306,4.032516035474969,official
2010-12-11,0.227883815996026,0.05058952423528225,4.504565311509587,official
2010-12-12,0.219808333069307,0.05059254926409275,4.344677946982056,official
2010-12-13,0.2299,0.050595445874142116,4.543887222021603,official
2010-12-14,0.24669,0.050598359566951044,4.87545450309675,official
2010-12-15,0.239278625,0.050601845435563814,4.728654122006211,official
2010-12-16,0.24996,0.05060487461043456,4.939445101370907,official
2010-12-17,0.24,0.050607750594192195,4.742356599179547,official
2010-12-18,0.241,0.050610572031032766,4.761850940001756,official
2010-12-19,0.2401,0.05061375992851125,4.743769289993989,official
2010-12-20,0.267,0.050623301790912956,5.274250998142665,official
2010-12-21,0.24,0.05064308374454492,4.73904790653377,official
2010-12-22,0.25,0.05064603223697496,4.9362208441174475,official
2010-12-23,0.25,0.05064858540520441,4.935972011852304,official
2010-12-24,0.248,0.05065118458739779,4.896232971058753,official
2010-12-25,0.2499,0.05065486900953262,4.933385573516573,official
2010-12-26,0.2642,0.050657884669254555,5.215377659864054,official
2010-12-27,0.265,0.05066140853249853,5.230806005522063,official
2010-12-28,0.280577623255814,0.05066437958721703,5.537966230748154,official
2010-12-29,0.299743226313457,0.050667313957131165,5.915909151352786,official
2010-12-30,0.3,0.05067028506864966,5.920629804895528,official
2010-12-31,0.3,0.050673133116377445,5.92029704007074,official
2011-01-01,0.3,0.050676336169587964,5.9199228412261755,official
2011-01-02,0.29997,0.050680158218402396,5.918884442059188,official
2011-01-03,0.295,0.050682955047422984,5.8204972406201385,official
2011-01-04,0.29895,0.05068543505038517,5.898144105951167,official
2011-01-05,0.298951384199865,0.05068848873981372,5.897816084720849,official
2011-01-06,0.298,0.050691993149303484,5.878640422014942,official
2011-01-07,0.32,0.05069532811484613,6.31221873690345,official
2011-01-08,0.3229,0.0506993845535938,6.3689136040431755,official
2011-01-09,0.323,0.050702428717397684,6.370503507836263,official
2011-01-10,0.32659,0.05070529672988493,6.440944458717916,official
2011-01-11,0.32659,0.05072493344766067,6.438451029945346,official
2011-01-12,0.3188,0.05072797332759022,6.284501017638905,official
2011-01-13,0.3176,0.05073141507714763,6.260420678528745,official
2011-01-14,0.4,0.05073626732495502,7.88390674146533,official
2011-01-15,0.38603004,0.05073906175895083,7.6081430483270776,official
2011-01-16,0.38679,0.05074215877497165,7.622655585374552,official
2011-01-17,0.3495,0.05074548708635592,6.887311957519293,official
2011-01-18,0.31299,0.05106352908831232,6.129423594258367,official
2011-01-19,0.31299,0.054799449514738634,5.711553724929654,official
2011-01-20,0.39,0.05506222875900565,7.082895276668472,official
2011-01-21,0.419906954,0.055308054503642456,7.592148336592565,official
2011-01-22,0.4441316665,0.05554514806573644,7.995867901448028,official
2011-01-23,0.4424,0.055816404624935076,7.925985254205445,official
2011-01-24,0.4199,0.056082009452473776,7.487249549355765,official
2011-01-25,0.41,0.05630240494766539,7.282104563403749,official
2011-01-26,0.415371670182556,0.05702399894692981,7.284155405676257,official
2011-01-27,0.4212,0.05747660679646564,7.3281987834031375,official
2011-01-28,0.446,0.05851704274902081,7.6217111981015675,official
2011-01-29,0.439,0.06035741936380027,7.273339460621355,official
2011-01-30,0.4799,0.06089969237041402,7.880171168699411,official
2011-01-31,0.529593782666667,0.061065015062061814,8.672621829838711,official
2011-02-01,0.7045622449,0.06111076100780648,11.52926642183358,official
2011-02-02,0.716,0.0611532760886309,11.708285243169705,official
2011-02-03,0.6931457296,0.06119192066816867,11.327406004442778,official
2011-02-04,0.811,0.061247724833643054,13.241308182512634,official
2011-02-05,0.913027023146792,0.06129123601741349,14.896534683806854,official
2011-02-06,0.898334644609561,0.06133510741161816,14.64633686187036,official
2011-02-07,0.89,0.06140078660179787,14.494928310477704,official
2011-02-08,0.918,0.061441084730598436,14.941142462330657,official
2011-02-09,1.09,0.061502899863866256,17.722741568489667,official
2011-02-10,0.98031,0.06156128703027526,15.924131013016229,official
2011-02-11,1.07000629115342,0.06167913359966822,17.347946196818427,official
2011-02-12,1.07958852459016,0.06173309134314249,17.488003615261754,official
2011-02-13,1.05,0.06179074559816499,16.99283589857155,official
2011-02-14,1.0740018575,0.06208050847787837,17.3001459529396,official
2011-02-15,1.05,0.06214966841478932,16.894699952254918,official
2011-02-16,1.02443582,0.06221592480892153,16.465813586252434,official
2011-02-17,1.04,0.06227599708096137,16.699853053303297,official
2011-02-18,0.8989,0.06234219773350908,14.418805122053616,official
2011-02-19,0.94898,0.06239188552589916,15.209990722368442,official
2011-02-20,0.863684676705049,0.06244179608584044,13.831835899110239,official
2011-02-21,0.8345,0.062494093466458144,13.353261943833031,official
2011-02-22,0.87023,0.06255022903514518,13.91249901756623,official
2011-02-23,0.9,0.06261934591275872,14.372555108670092,official
2011-02-24,0.99189348733234,0.06269292824231912,15.82145730214576,official
2011-02-25,0.911130113234253,0.06276057855678722,14.517554397779195,official
2011-02-26,0.958,0.06294455964479072,15.21974266570763,official
2011-02-27,0.89,0.0630174287281729,14.123077027452757,official
2011-02-28,0.862066387445658,0.06307029975056173,13.668341372326838,official
2011-03-01,0.920212695238095,0.0637526244069028,14.43411473329809,official
2011-03-02,0.9399,0.06386768633820779,14.716362121258184,official
2011-03-03,0.93909,0.06397294482632482,14.679486813518785,official
2011-03-04,0.9011152,0.06410571119300984,14.056707011437986,official
2011-03-05,0.9103,0.06435756325002047,14.144413710376309,official
2011-03-06,0.890922680958859,0.06451502934220926,13.809536941122781,official
2011-03-07,0.88502,0.06463380283315961,13.692835036869452,official
2011-03-08,0.86999,0.064742042897558,13.437790360996086,official
2011-03-09,0.861898156979632,0.06483312932745164,13.294100808036843,official
2011-03-10,0.9329,0.06490442162652352,14.373442927635082,official
2011-03-11,0.88,0.06500436596809246,13.53755223813659,official
2011-03-12,0.918,0.0650831791070198,14.105027022273802,official
2011-03-13,0.89249,0.06515233577655469,13.69851117941294,official
2011-03-14,0.8949,0.06521449918726437,13.722408531119466,official
2011-03-15,0.8714621152,0.06530179370609329,13.345148207141577,official
2011-03-16,0.859995762835686,0.0655963597581812,13.110419023342633,official
2011-03-17,0.82542,0.06571027217415644,12.561506332104862,official
2011-03-18,0.81585387602459,0.06585815932904004,12.388045525967815,official
2011-03-19,0.765,0.06601251620506259,11.588711413811115,official
2011-03-20,0.746251737576952,0.06617629324978913,11.276723142533069,official
2011-03-21,0.75897,0.0664046258998232,11.429474825217271,official
2011-03-22,0.80901,0.06658035764339423,12.150880960013376,official
2011-03-23,0.84971,0.0668095995193368,12.718381880946124,official
2011-03-24,0.86688,0.06716611534772542,12.906507924599765,official
2011-03-25,0.88377,0.06739791157970978,13.112720843802226,official
2011-03-26,0.8552,0.06761584025832433,12.647923870098094,official
2011-03-27,0.823076575486161,0.06795173340561332,12.112664890726228,official
2011-03-28,0.79898,0.06827855354502473,11.701771032292461,official
2011-03-29,0.7925,0.06875514437752071,11.526410237007742,official
2011-03-30,0.7897,0.06922975594731616,11.4069447334317,official
2011-03-31,0.78461,0.06978978311980559,11.242476547793371,official
2011-04-01,0.77411,0.07028980633923983,11.013118975800152,official
2011-04-02,0.78199,0.07075385524503904,11.052259941055718,official
2011-04-03,0.779,0.07106700671905755,10.961486011076092,official
2011-04-04,0.68,0.07210988380330503,9.430052638204826,official
2011-04-05,0.71,0.07255802127053466,9.785272359519626,official
2011-04-06,0.74,0.07290270241936479,10.150515350490455,official
2011-04-07,0.7538,0.07320337253193313,10.297339779955818,official
2011-04-08,0.749978098360656,0.07425214697743687,10.100423070440685,official
2011-04-09,0.73334685,0.07608685335474889,9.638285954353096,official
2011-04-10,0.7369,0.08071579210655418,9.129564125781071,official
2011-04-11,0.77,0.08257427404230762,9.324938171487696,official
2011-04-12,0.86,0.08535824330482003,10.075183915499316,official
2011-04-13,0.9225,0.08757493967116337,10.53383540387137,official
2011-04-14,0.9975,0.09549518858120412,10.445552439029722,official
2011-04-15,0.9899095,0.09659695449794738,10.247833434759425,official
2011-04-16,1.0499,0.09767219920295865,10.74922043905608,official
2011-04-17,1.13344696008952,0.09825775346849326,11.535445500013028,official
2011-04-18,1.16199,0.09951099681857024,11.677000905925558,official
2011-04-19,1.19759279682067,0.10114387489340305,11.840487603256548,official
2011-04-20,1.1421,0.10270555912126508,11.120138089619038,official
2011-04-21,1.21,0.10327630617220616,11.716143274745011,official
2011-04-22,1.40901,0.10419859611099773,13.522351092898122,official
2011-04-23,1.69331223521077,0.10580404009105339,16.004230403239145,official
2011-04-24,1.63075833005894,0.10676613551856026,15.27411591829554,official
2011-04-25,1.559,0.10881216275942435,14.32744245187768,official
2011-04-26,1.79480592194128,0.11571514618047422,15.510553122769467,official
2011-04-27,1.9,0.13538382826653358,14.03417250293308,official
2011-04-28,2.21059,0.14920463210304136,14.81582688715292,official
2011-04-29,2.88,0.15153650607804967,19.00532138781556,official
2011-04-30,3.50272007323498,0.15343428513478546,22.828796511535803,official
2011-05-01,3.03311,0.18731293967728388,16.19274143700728,official
2011-05-02,3.2,0.192936731494607,16.585747955875615,official
2011-05-03,3.40251328891218,0.19660477541172683,17.306361362722175,official
2011-05-04,3.40609,0.20216356267939584,16.84818943066214,official
2011-05-05,3.333,0.20733510812262065,16.075425094088846,official
2011-05-06,3.45059943977591,0.20914951988056935,16.4982422228189,official
2011-05-07,3.641,0.2116416629868062,17.203607024326683,official
2011-05-08,3.8658347826087,0.2138561677502757,18.076798173634703,official
2011-05-09,3.8,0.22338571813581518,17.010935308270945,official
2011-05-10,5.79279447986793,0.22911528963934083,25.283316923050357,official
2011-05-11,5.5,0.2319142917995645,23.715657872234367,official
2011-05-12,6.30019,0.2348140567423595,26.830548764432088,official
2011-05-13,8.194,0.23797358659402754,34.43239275953177,official
2011-05-14,7.06292404177815,0.23960545863115895,29.47730858106447,official
2011-05-15,6.98701,0.24033827344884812,29.071566087816908,official
2011-05-16,7.978511937,0.2454184823763521,32.50982509444769,official
2011-05-17,7.22605407429376,0.24631282828719633,29.336897004277468,official
2011-05-18,6.88,0.24743713480812338,27.80504230028018,official
2011-05-19,6.8062426171875,0.25016649306348465,27.20685146056024,official
2011-05-20,5.59039,0.25387733016656944,22.02004407534983,official
2011-05-21,6.11973305231837,0.25716422131632055,23.796984747699,official
2011-05-22,6.6901,0.2626977528076837,25.46690989358292,official
2011-05-23,7.14998017225748,0.2683803111890012,26.64122468813391,official
2011-05-24,7.42,0.27331769838759734,27.147894350689096,official
2011-05-25,8.3997,0.27700102608178073,30.323714387686433,official
2011-05-26,8.79127529478619,0.28132680245400393,31.249334290583768,official
2011-05-27,8.5002,0.28421110274429945,29.908050452369217,official
2011-05-28,8.3001,0.2868961701114458,28.930675501090857,official
2011-05-29,8.40594166666667,0.28831413818547325,29.15549587533271,official
2011-05-30,8.8,0.2898675727233602,30.3586907542722,official
2011-05-31,8.741,0.29091232655418026,30.04685330297289,official
2011-06-01,9.57,0.29220878800160605,32.75055505841735,official
2011-06-02,10.6000115325316,0.2959151899654302,35.8211132512999,official
2011-06-03,14.29,0.30682856051723,46.573239387855295,official
2011-06-04,18.8058578567463,0.3105768278688265,60.551387512686674,official
2011-06-05,16.6081392305679,0.32620240774403775,50.91360099217864,official
2011-06-06,18.452507761194,0.32957333825927726,55.9890792703544,official
2011-06-07,23.8884234590783,0.33276651142314456,71.78734229269206,official
2011-06-08,29.6,0.40126667379976844,73.7664050684916,official
2011-06-09,28.9252394860738,0.4183919196803333,69.13431671475333,official
2011-06-10,23.9497,0.42973324470043667,55.73155043356054,official
2011-06-11,14.6511040891433,0.7025941887345513,20.852868304435503,official
2011-06-12,18.5464426395939,0.7177043211410945,25.841341752138938,official
2011-06-13,19.8356764077286,0.7581946322596161,26.16172096683559,official
2011-06-14,19.3535645901639,0.8289868987308099,23.346043972220148,official
2011-06-15,19.49,0.8868042435277828,21.977792891999613,official
2011-06-16,17.003079544153,0.9007497998721574,18.876584315163026,official
2011-06-17,15.7098236151603,0.9056793922195537,17.345899387928153,official
2011-06-18,16.89,0.9066937083640729,18.628120879402868,official
2011-06-19,17.51,0.9100911462060111,19.23983116745582,official
2011-06-20,17.51,0.9114479373106095,19.211190549913795,official
2011-06-21,17.51,0.9125870388257712,19.18721092349742,official
2011-06-22,17.51,0.913477645406142,19.168504109605077,official
2011-06-23,17.51,0.9144950372201045,19.147178811628283,official
2011-06-24,17.51,0.9156539396075274,19.12294508065485,official
2011-06-25,17.51,0.9162122549135451,19.111292068072444,official
2011-06-26,16.4500068752379,0.9189556886237698,17.900761787408346,official
2011-06-27,16.7500816666667,0.9242907658321996,18.122091322188535,official
2011-06-28,16.9498,0.9274155335541882,18.27638139189054,official
2011-06-29,16.847525,0.9286290945721114,18.142361787364536,official
2011-06-30,16.1011481185207,0.929999322575734,17.313075104105263,official
2011-07-01,15.3749759949282,0.9308510958674666,16.51711650035729,official
2011-07-02,15.4,0.9314291550671112,16.53373197115609,official
2011-07-03,15.4404952570093,0.932143292373665,16.564508250325662,official
2011-07-04,13.8302737427605,0.9329398451012829,14.824400324823774,official
2011-07-05,12.90691,0.9351612742167023,13.801801203552746,official
2011-07-06,14.7855160285789,0.9358489813137448,15.799040575780712,official
2011-07-07,14.7761884469013,0.9366919108147498,15.774865007693652,official
2011-07-08,14.3144202387072,0.9374019687328078,15.2703116871598,official
2011-07-09,14.38,0.9383049017427569,15.325508769368426,official
2011-07-10,14.8881160955087,0.9422748840196203,15.800183521816862,official
2011-07-11,14.2062339903939,0.9443037092592677,15.044136596199095,official
2011-07-12,14.00943,0.9456018434021941,14.815358174001942,official
2011-07-13,13.9509996612,0.946759936019752,14.735519671281216,official
2011-07-14,13.9955125639,0.9479511572626553,14.763959573944765,official
2011-07-15,13.81,0.9492962542800037,14.547618762568732,official
2011-07-16,13.7190213110308,0.9503106560873218,14.436354283888186,official
2011-07-17,13.15937,0.9516785274374083,13.827536947202466,official
2011-07-18,13.4609364513248,0.954092044165579,14.108635045895745,official
2011-07-19,13.8601772482292,0.955792671255606,14.501238254967323,official
2011-07-20,13.7171877179273,0.9569760162372417,14.333888713180357,official
2011-07-21,13.6092773570655,0.9578923550373749,14.2075226777799,official
2011-07-22,13.69542,0.9588210439724865,14.283603896779923,official
2011-07-23,13.68,0.9597029984725154,14.254409980768417,official
2011-07-24,13.98001,0.961220321753996,14.544022513475207,official
2011-07-25,13.9854206262563,0.962597073963914,14.52884182232678,official
2011-07-26,13.88214,0.9638405185002707,14.402942949109999,official
2011-07-27,13.8911036107692,0.9651199854424296,14.393136418578308,official
2011-07-28,13.49011,0.9663448141319914,13.959934179516804,official
2011-07-29,13.49832,0.967652183733813,13.949557730459471,official
2011-07-30,13.5318498364318,0.9689785508090613,13.965066435302624,official
2011-07-31,13.3696745724414,0.9699817024469142,13.783429665440627,official
2011-08-01,13.0962359367035,0.9712273294454302,13.484212747783197,official
2011-08-02,12.05,0.9725958996438002,12.389523752272806,official
2011-08-03,9.26007713476266,0.9803506059983895,9.445679003107458,official
2011-08-04,10.75,0.9968411658033057,10.784065073533654,official
2011-08-05,9.74679184434823,1.0097593227813482,9.652589111533052,official
2011-08-06,6.52348646620579,1.0288811285969381,6.340369441027381,official
2011-08-07,7.97146079700861,1.0412374344570878,7.655757018729368,official
2011-08-08,7.85538652658806,1.0530205292472126,7.459860760932885,official
2011-08-09,10.0051404113043,1.062843715969603,9.413557478840515,official
2011-08-10,9.99769837851827,1.0724566149975243,9.32224039528289,official
2011-08-11,9.46239619312958,1.0831273766802856,8.736180431641571,official
2011-08-12,9.46051,1.0901260122820429,8.678363687694784,official
2011-08-13,10.1305571428571,1.0990381589682292,9.217657330813344,official
2011-08-14,10.7735014091292,1.1055135634641686,9.745245798133878,official
2011-08-15,11.14979,1.1117111391762595,10.029394873439532,official
2011-08-16,10.96409,1.1192021398117034,9.796344744162676,official
2011-08-17,10.94555,1.1286841469755078,9.697620037749601,official
2011-08-18,10.8310561403691,1.1588198839821555,9.346626071990913,official
2011-08-19,11.65,1.1952910370057752,9.74658023805102,official
2011-08-20,11.4522602152913,1.2414003227159878,9.225275687246128,official
2011-08-21,11.3341269230769,1.4174923281718286,7.9959000114623375,official
2011-08-22,10.8945006988818,1.576463300072081,6.910722690711333,official
2011-08-23,10.9400018263306,1.601414182705147,6.831463055891318,official
2011-08-24,10.8506,1.628017875633786,6.664914533432792,official
2011-08-25,9.8216360874168,2.226354014523716,4.411533845626049,official
2011-08-26,8.17934724778806,3.2390003184384986,2.5252690471272543,official
2011-08-27,8.59020004676402,3.344645701598409,2.5683437987643223,official
2011-08-28,9.07011000355272,3.414946820896774,2.6560032935361746,official
2011-08-29,8.969,3.431344543826252,2.6138441900674807,official
2011-08-30,8.81153634893942,3.4361466128817137,2.56436565189215,official
2011-08-31,8.2036540996373,3.442215237420507,2.383248441426595,official
2011-09-01,8.21993899044221,3.4463565122303716,2.385109886708305,official
2011-09-02,8.63866112378737,3.46009267824651,2.4966559936669763,official
2011-09-03,8.47919959640666,3.465197204430524,2.4469601861519874,official
2011-09-04,8.17946372064029,3.4699372819760814,2.3572367613463605,official
2011-09-05,7.6496218717279,3.4797237322389543,2.1983417249063946,official
2011-09-06,6.86346720519705,3.49034538979149,1.9664149070379155,official
2011-09-07,7.18652258396476,3.503689264067407,2.051130120946279,official
2011-09-08,6.52670211170094,3.5126009999262844,1.8580824044171,official
2011-09-09,5.03169129375845,3.639036427409107,1.3826987979180176,official
2011-09-10,4.77390134644063,3.724362908921629,1.281803482417048,official
2011-09-11,4.89555722436965,3.8189840993711353,1.2819003947085803,official
2011-09-12,6.05430354288152,3.875391563108571,1.5622430519060058,official
2011-09-13,5.80011689304539,3.919457112047114,1.4798266002752651,official
2011-09-14,5.61931930071075,4.870056003675747,1.153851063821337,official
2011-09-15,4.82637800913089,4.785897825618987,1.0084582214219475,official
2011-09-16,4.81999626303188,4.781881858817987,1.0079705867562596,official
2011-09-17,4.7700025640269,4.783622719518489,0.9971527529886471,official
2011-09-18,5.23020074147555,4.808136948071699,1.0877811505708297,official
2011-09-19,5.46026039250102,4.822044671786489,1.1323537553371696,official
2011-09-20,6.11216519130136,4.842424810556673,1.2622116874125964,official
2011-09-21,5.65247596821244,4.862873479141599,1.1623736444013393,official
2011-09-22,5.43575949451316,4.87819413076252,1.1142974938685941,official
2011-09-23,5.55053407640584,4.895408945788515,1.1338243929919123,official
2011-09-24,5.46828968805733,4.906635940237598,1.1144681925988857,official
2011-09-25,5.33087640418055,4.91891598008842,1.0837502461436075,official
2011-09-26,4.86955261874139,4.935525950342421,0.9866329683472835,official
2011-09-27,4.91560524044256,4.9374376699400475,0.995578186306957,official
2011-09-28,4.78052581067926,4.864793845565333,0.9826779843995053,official
2011-09-29,4.78883881462473,4.849000788169412,0.9875929132262743,official
2011-09-30,5.14063036874205,4.886278062016672,1.0520544069529276,official
2011-10-01,5.03241261302451,4.9095214742464774,1.025031184693391,official
2011-10-02,5.02701089006383,4.922930402640759,1.0211419782345978,official
2011-10-03,5.0240062810799,4.936554680821532,1.0177151081903573,official
2011-10-04,4.96000558600276,4.938263196356754,1.0044028414002004,official
2011-10-05,4.87045820189043,4.939952256244092,0.9859322417001457,official
2011-10-06,4.73463203096587,4.867665768185831,0.972669911297229,official
2011-10-07,4.27274650803614,4.771820784625837,0.8954121918833065,official
2011-10-08,4.007527453949,4.37944799708135,0.915075931172099,official
2011-10-09,4.10224806727808,4.288443835237256,0.9565819735286624,official
2011-10-10,4.10119201698467,4.243356950032076,0.9664970600584682,official
2011-10-11,3.95145301650975,4.13699554003182,0.9551504173193663,official
2011-10-12,4.15000092057891,4.171029247420135,0.9949584801271218,official
2011-10-13,4.04664292306541,4.172614480174791,0.9698099218828135,official
2011-10-14,3.99504435431729,4.115393528809774,0.9707563386951988,official
2011-10-15,3.84222132183485,4.0451205926711635,0.9498409834297844,official
2011-10-16,3.56396860804742,3.9994567584858776,0.8911131744293879,official
2011-10-17,2.56470442880155,3.8289946659526013,0.669811439437847,official
2011-10-18,2.41901005566683,3.5336761378601675,0.6845590714296957,official
2011-10-19,2.26975503392251,3.480312578917707,0.6521698791286008,official
2011-10-20,2.35217804744912,3.464370385359867,0.6789626355741937,official
2011-10-21,2.56999208588606,3.4388692094039826,0.7473363857101986,official
2011-10-22,3.13896866855756,3.2951053660382517,0.9526155675961231,official
2011-10-23,3.16042960747483,3.2800188826506473,0.963540065025731,official
2011-10-24,2.54628039364998,3.25850708186664,0.7814254594749385,official
2011-10-25,2.76357544455181,3.226597116103979,0.8564984549074246,official
2011-10-26,2.7719393343631,3.1790380017108153,0.8719428119045343,official
2011-10-27,3.04000286256526,3.1593022323695346,0.9622386967027217,official
2011-10-28,3.18999494930753,3.23848288160402,0.9850275780144084,official
2011-10-29,3.58218725511097,3.443946083057464,1.0401403415499404,official
2011-10-30,3.26997448210414,3.372695552214832,0.9695433315814007,official
2011-10-31,3.24798760149804,3.3447749249742804,0.971063128118558,official
2011-11-01,3.15051282640229,3.2664989265066473,0.9644922276988475,official
2011-11-02,3.25438684809148,3.326272180945735,0.9783886197689882,official
2011-11-03,3.15281914096181,3.2684055103800684,0.9646352421536526,official
2011-11-04,3.10939575916864,3.2428324150056076,0.9588518187928818,official
2011-11-05,2.97066680503104,3.2332499863899504,0.9187866133258398,official
2011-11-06,2.95959128514113,3.2259974326468708,0.91741898340968,official
2011-11-07,3.00663242967395,3.2103389890861793,0.9365467135698918,official
2011-11-08,3.03810818870284,3.1664477493605805,0.9594689157009911,official
2011-11-09,2.95023643792463,3.0447900504016068,0.968945769359531,official
2011-11-10,2.85336224454728,3.0248729184148515,0.9432998745754088,official
2011-11-11,3.07798387122402,3.0670019975896783,1.0035806542163888,official
2011-11-12,3.03064956103315,3.076879503824088,0.9849750558208467,official
2011-11-13,2.99615694356633,3.044522197427451,0.9841140084634664,official
2011-11-14,2.20542608391247,3.0247781582253883,0.72911994485122,official
2011-11-15,2.32896063554438,3.0113748292215043,0.7733878270299747,official
2011-11-16,2.55972290726202,2.5749009521589743,0.9941053868948908,official
2011-11-17,2.25046676424942,2.3309684889545728,0.965464258703361,official
2011-11-18,2.05013528348141,2.0951005557343896,0.978537893023842,official
2011-11-19,2.19685339803816,2.245427821805909,0.9783674080742963,official
2011-11-20,2.20001908809534,2.24196054084952,0.9812925107333568,official
2011-11-21,2.29142270053575,2.316021640569724,0.989378795256886,official
2011-11-22,2.32913510871054,2.39497190492986,0.9725104097948707,official
2011-11-23,2.33208129499983,2.3963803318463164,0.9731682671602689,official
2011-11-24,2.43209841286278,2.47627851093918,0.982158671619032,official
2011-11-25,2.4994481691205,2.556260102147235,0.9777753707539332,official
2011-11-26,2.47003009406009,2.479411711153993,0.996216192312193,official
2011-11-27,2.47966340289907,2.4788795438289,1.0003162150706844,official
2011-11-28,2.54999904333796,2.551480707224313,0.9994192925377966,official
2011-11-29,2.75241562713822,2.579102260753036,1.0671991060697923,official
2011-11-30,2.97009354656052,2.587326121576473,1.147939381043633,official
2011-12-01,3.06007573288627,2.5926326922644707,1.1802966698740203,official
2011-12-02,3.11250071814405,2.596105052628453,1.1989116985049457,official
2011-12-03,2.79399916069424,2.5987620728613017,1.0751269575124964,official
2011-12-04,2.82809507395967,2.6021649541653775,1.0868239038546108,official
2011-12-05,2.87980231964535,2.6052827859675345,1.1053703402780002,official
2011-12-06,3.03198962364392,2.6080392213995993,1.162555224923653,official
2011-12-07,2.99039787304643,2.6106529535781595,1.145459747511745,official
2011-12-08,2.98068494080677,2.614622582876292,1.1400058120540597,official
2011-12-09,2.96788785470687,2.6171563428809246,1.1340124417022277,official
2011-12-10,3.05396817839333,2.6192437196977103,1.1659732751963197,official
2011-12-11,3.25143431726448,2.623480745695591,1.2393589404455085,official
2011-12-12,3.13936794921857,2.625354996377608,1.1957879805017542,official
2011-12-13,3.24990041579457,2.627093069064239,1.2370709108346027,official
2011-12-14,3.14999922175901,2.62873567824677,1.1982943921771152,official
2011-12-15,3.19984457536862,2.6328974830324663,1.2153320043753344,official
2011-12-16,3.19998720709652,2.634932827792497,1.2144473564350469,official
2011-12-17,3.20009408654416,2.7410867691414027,1.1674545011015953,official
2011-12-18,3.19253697056183,2.7492756020689306,1.161228422555865,official
2011-12-19,3.52337871277933,2.775752435746729,1.2693418430997343,official
2011-12-20,3.9387060131466,2.799139363602613,1.4071132235721608,official
2011-12-21,3.88919481561637,2.8113511729742515,1.3833898991358737,official
2011-12-22,3.90373704200702,2.823028680073144,1.3828187682123991,official
2011-12-23,3.94744043028985,2.832916009671346,1.3934195072545772,official
2011-12-24,3.94001791703116,2.8429614577529603,1.3858850974874977,official
2011-12-25,4.22570745461681,2.851500306311363,1.4819242506353052,official
2011-12-26,4.01600745966174,2.862527573064693,1.402958524295402,official
2011-12-27,4.07350978050136,2.870513401373941,1.419087532756899,official
2011-12-28,4.18552555240761,2.8840184269190297,1.4512825276497863,official
2011-12-29,4.16626044734033,2.89530786567361,1.4389697540406556,official
2011-12-30,4.25149673586927,2.907150105880351,1.4624276631845332,official
2011-12-31,4.70647665714905,2.917327324702721,1.6132837125599697,official
2012-01-01,5.27179259765011,2.9376541112718875,1.7945586505307236,official
2012-01-02,5.21677918497317,2.9460768358905343,1.7707546257517253,official
2012-01-03,4.88053092511399,2.949788375972925,1.6545359541273026,official
2012-01-04,5.5835152418696,2.954370334037804,1.889917177119256,official
2012-01-05,6.93335967175215,2.9649926279752172,2.3384070524610094,official
2012-01-06,6.69644870639156,2.9709784969523643,2.2539539459005815,official
2012-01-07,6.80872473599322,2.975029772357906,2.288624066641477,official
2012-01-08,7.11248788330686,2.980149956918124,2.3866208030223186,official
2012-01-09,6.32542500049992,2.9885451143167083,2.1165566382778684,official
2012-01-10,6.39608130095411,2.9931021115928416,2.1369405594887314,official
2012-01-11,6.8991433026419,2.9968957354138546,2.3020965398014313,official
2012-01-12,6.79998762459086,3.002534388391437,2.2647492900935107,official
2012-01-13,6.41055631114327,3.0077014602822087,2.1313805228999607,official
2012-01-14,6.75018892743933,3.0124971214572707,2.2407287560075684,official
2012-01-15,7.00433279619814,3.017992694590323,2.3208581017287524,official
2012-01-16,6.67847296185596,3.0215884921787834,2.2102523156752887,official
2012-01-17,5.5788822277304,3.0247847015479086,1.844389858516361,official
2012-01-18,5.91951484172343,3.0289157728611342,1.9543345822824965,official
2012-01-19,6.36100944447224,3.038368455012443,2.093560915555974,official
2012-01-20,6.48987405600894,3.0410087630253613,2.1341188275802465,official
2012-01-21,6.1805785022373,3.044592609056565,2.0300182309621024,official
2012-01-22,6.31302353872802,3.0470556342575095,2.071843870440634,official
2012-01-23,6.3573304296432,3.049924517230753,2.0844222188867416,official
2012-01-24,6.29455858484214,3.0529484991461766,2.0617965178916546,official
2012-01-25,5.77544800941673,3.057065676136418,1.8892129320282904,official
2012-01-26,5.34264247426401,3.0650901139198954,1.743062120751611,official
2012-01-27,5.29018710597449,3.070837647480092,1.7227179399456631,official
2012-01-28,5.62667335637204,3.0750395424189736,1.8297889437694284,official
2012-01-29,5.38150271853964,3.0807225229278523,1.7468313613084425,official
2012-01-30,5.49030929629631,3.085815250861874,1.779208685537106,official
2012-01-31,5.4898990864953,3.091200610116239,1.775976320827933,official
2012-02-01,6.07740974524778,3.0953397590529135,1.9634063522342684,official
2012-02-02,6.10119269354221,3.1009457283134467,1.9675264348662265,official
2012-02-03,5.96033301804655,3.1063566783561667,1.918753586661742,official
2012-02-04,5.87344679441131,3.1120077960720094,1.8873496402627272,official
2012-02-05,5.68910716704684,3.117294575035141,1.8250142968868148,official
2012-02-06,5.45876972921661,3.121896979735722,1.748542557505761,official
2012-02-07,5.68954404828208,3.1275016346445486,1.8191977856244084,official
2012-02-08,5.6001016299289,3.1316357600418607,1.7882353054539277,official
2012-02-09,5.84041812125845,3.135556350720522,1.8626417349879154,official
2012-02-10,5.92145820833532,3.1415763241096264,1.8848684855726232,official
2012-02-11,5.60088311628475,3.164230011283894,1.770061941234221,official
2012-02-12,5.51739769423319,3.1711394881928725,1.7398785877367293,official
2012-02-13,5.26290253513761,3.1756780925344748,1.6572531540617657,official
2012-02-14,4.4646743170684,3.3160632554239835,1.3463779105436748,official
2012-02-15,4.28882010170706,3.3303440607847468,1.287800906881814,official
2012-02-16,4.2686894742755,3.351231548618434,1.2737673933737266,official
2012-02-17,4.38493109461501,3.368924689647775,1.3015818097950593,official
2012-02-18,4.22698924309402,3.387883972032941,1.2476782788277025,official
2012-02-19,4.38669213569518,3.4047295030259437,1.288411350093016,official
2012-02-20,4.36824826393399,3.422681879751154,1.2762647588655196,official
2012-02-21,4.27878254973508,3.43138865821119,1.2469536318761523,official
2012-02-22,4.42881509825389,3.441145078981424,1.2870178375521484,official
2012-02-23,5.00376799132438,3.4533534124902325,1.4489591401871997,official
2012-02-24,5.02717828094935,3.4663036870577955,1.45029943559747,official
2012-02-25,4.78826436000485,3.4766118181617354,1.3772789746013845,official
2012-02-26,4.92204326478047,3.4849043747323623,1.4123897632509583,official
2012-02-27,4.95750983434329,3.4970630440663926,1.4176209498867618,official
2012-02-28,4.86795614101681,3.5086601587044677,1.3874116958691853,official
2012-02-29,4.86470496223639,3.5199390389860032,1.382042390040305,official
2012-03-01,4.92389180193582,3.5292509879207827,1.3951662318118876,official
2012-03-02,4.70498902941796,3.545756070801574,1.3269353377583932,official
2012-03-03,4.61436710560607,3.566406150905951,1.293842291191067,official
2012-03-04,4.82133378796,3.5991510201557686,1.3395752945513622,official
2012-03-05,4.98413729242482,3.614168187768551,1.3790551610997692,official
2012-03-06,4.99076716913043,3.6278790408728043,1.375670774274144,official
2012-03-07,4.97732821644417,3.6434915728101105,1.3660874787217672,official
2012-03-08,4.93321266283463,3.6596208753415174,1.3480119473780903,official
2012-03-09,4.8650903986118,3.671827270575139,1.324978012337098,official
2012-03-10,4.85096359535494,3.8318749805940455,1.2659503819727718,official
2012-03-11,4.90941762885918,3.8622112971970406,1.2711416468648773,official
2012-03-12,4.89004322330743,3.900228490090063,1.2537837810611219,official
2012-03-13,5.26943210924398,3.946101074815245,1.3353515303686672,official
2012-03-14,5.3846357454765,3.9617029558003836,1.3591720039466315,official
2012-03-15,5.32656972768021,3.96778489558654,1.3424542579425307,official
2012-03-16,5.35345001423982,3.9846500682649624,1.343518231845858,official
2012-03-17,5.21741678949531,3.991889517592243,1.3070043062319667,official
2012-03-18,5.27943295663821,4.010750344678087,1.3163205143505263,official
2012-03-19,4.6970265750615,4.018506297788391,1.1688488774166006,official
2012-03-20,4.83790644948875,4.0277545179263985,1.2011423307842108,official
2012-03-21,4.81806101183518,4.03480035548312,1.1941262484741388,official
2012-03-22,4.70430676208447,4.041612490066946,1.1639677909859556,official
2012-03-23,4.69139732915487,4.055928798857847,1.15667645114381,official
2012-03-24,4.65514518120598,4.063333118997466,1.1456469467003803,official
2012-03-25,4.55001171479809,4.070324456901255,1.1178498822332266,official
2012-03-26,4.62275101106778,4.077035959914324,1.1338509290864638,official
2012-03-27,4.81500632038815,4.0850902939742095,1.1786780643479575,official
2012-03-28,4.78867894745028,4.09175298290553,1.170324544872664,official
2012-03-29,4.80821605411478,4.09719071364709,1.1735397227420676,official
2012-03-30,4.85845661451339,4.108024383220178,1.1826747266541215,official
2012-03-31,4.90873256423612,4.133066097131569,1.1876733758608116,official
2012-04-01,4.82285438453406,4.151790416095905,1.1616324287075124,official
2012-04-02,4.97400279171384,4.168664748355323,1.193188488874345,official
2012-04-03,4.95212809747347,4.192053776051546,1.1813131133393595,official
2012-04-04,4.91826265565012,4.224249651227351,1.1642926109305887,official
2012-04-05,4.91899461498059,4.250784333394283,1.157196938065483,official
2012-04-06,4.94667266496811,4.268680776559168,1.158829372327871,official
2012-04-07,4.69146131169882,4.277693970154188,1.0967267280996535,official
2012-04-08,4.79252438258725,4.283389507815421,1.118862614255105,official
2012-04-09,4.87190919295764,4.318566675247151,1.128131058131416,official
2012-04-10,4.82551997487777,4.32650792542463,1.115338295469357,official
2012-04-11,4.92778548514172,4.359954827509443,1.130237738714518,official
2012-04-12,4.91969430382496,4.381401115711996,1.1228586869580621,official
2012-04-13,4.93628936377485,4.3944476632555505,1.1233014344555614,official
2012-04-14,4.95970445206548,4.406958614026989,1.1254256929663795,official
2012-04-15,4.96891910058534,4.423696944233771,1.1232503408856382,official
2012-04-16,4.93201158873195,4.445278364017692,1.1094944309121608,official
2012-04-17,4.98499455758975,4.455553398177141,1.1188272504217354,official
2012-04-18,5.12130812905535,4.474911272627201,1.144449088942193,official
2012-04-19,5.1447793823688,4.4938389978076385,1.144851736984509,official
2012-04-20,5.35009038822879,4.515895736775932,1.1847240724934054,official
2012-04-21,5.2601431950037,4.528571587152137,1.161545775256613,official
2012-04-22,5.20352603356409,4.571926215667683,1.138147421481116,official
2012-04-23,4.96582514775877,4.582250026412667,1.0837089026428344,official
2012-04-24,5.10394265270566,4.5984988918144145,1.1099149467646854,official
2012-04-25,5.13453463910742,4.751926430956231,1.0805164418495,official
2012-04-26,5.10005593085136,4.758284053380599,1.0718267076190928,official
2012-04-27,5.10961800193015,4.761555812000108,1.073098416499257,official
2012-04-28,4.97940595181476,4.7651481241727796,1.0449635188788964,official
2012-04-29,4.90287453611801,4.768590253853469,1.02816016372051,official
2012-04-30,4.94910305220169,4.772448438861224,1.0370155100895377,official
2012-05-01,5.00841920249539,4.780161490021143,1.0477510462671078,official
2012-05-02,5.0734289805164,4.783801129033882,1.0605434556475826,official
2012-05-03,5.1451001062097,4.788548633229271,1.074459194275736,official
2012-05-04,5.07145293422337,4.792944734833217,1.0581079513323126,official
2012-05-05,5.07885858359293,4.796952134870303,1.0587678260688438,official
2012-05-06,5.05481047600564,4.804874323435769,1.0520172091392292,official
2012-05-07,5.08406416346168,4.810576105463191,1.0568514148831154,official
2012-05-08,5.05002150482217,4.815113882533311,1.0487854759034838,official
2012-05-09,5.0480173252148,4.820868115475231,1.0471179058000795,official
2012-05-10,4.82616309704524,4.797132437332339,1.0060516694279644,official
2012-05-11,4.96370056697104,4.808836466585703,1.032204068793234,official
2012-05-12,4.94620910882999,4.8284890385206625,1.0243803122198647,official
2012-05-13,4.92997058917423,4.834835014227633,1.019677108870652,official
2012-05-14,5.00594371010695,4.84654683063608,1.0328887525574473,official
2012-05-15,5.03540925022745,4.853768356666741,1.037422653949116,official
2012-05-16,5.08730610512377,4.8592821804456126,1.0469254338831682,official
2012-05-17,5.09979899797384,4.866106656824886,1.0480245004127051,official
2012-05-18,5.11956135801862,4.87128906816457,1.0509664457148702,official
2012-05-19,5.09950311954792,4.879463535653013,1.0450950360192537,official
2012-05-20,5.09001706038258,4.886264710185135,1.0416989996003971,official
2012-05-21,5.09989235369147,4.891630653217748,1.0425751074105987,official
2012-05-22,5.10405001277268,4.900603477582388,1.0415145881769357,official
2012-05-23,5.13880926852253,4.910825624156659,1.0464247077404674,official
2012-05-24,5.11902270702896,4.914123432224763,1.0416959967795179,official
2012-05-25,5.14545828346713,4.9181026479859336,1.046228322537006,official
2012-05-26,5.10307428718382,4.921838556981542,1.0368227702115906,official
2012-05-27,5.14075429024356,4.930534371665097,1.0426363356853487,official
2012-05-28,5.13555290763641,4.93629549251533,1.0403657794439585,official
2012-05-29,5.15539522803204,4.9378044285444185,1.0440663057106463,official
2012-05-30,5.14096170751355,4.938862838513844,1.0409201218190784,official
2012-05-31,5.17907120189264,4.940265962081593,1.0483385391887738,official
2012-06-01,5.27243229308056,4.943039257097141,1.066637754395837,official
2012-06-02,5.24695465914977,4.944720360229285,1.0611226271461933,official
2012-06-03,5.20513584865323,4.946597294665965,1.052265939308634,official
2012-06-04,5.26318472470306,4.948479194364147,1.0635964137622995,official
2012-06-05,5.43968559394814,4.9502603394319085,1.0988685889139314,official
2012-06-06,5.46312714855186,4.952632029781759,1.1030755193804689,official
2012-06-07,5.59202483226593,4.954278120515985,1.1287264655387421,official
2012-06-08,5.63299548385375,4.956352422904965,1.1365203688546826,official
2012-06-09,5.56199590518622,4.957983617863625,1.1218261966712308,official
2012-06-10,5.46868259025868,4.9597015237225275,1.1026233260412281,official
2012-06-11,5.57499212744956,4.961351073050397,1.1236842636942999,official
2012-06-12,5.70042863958306,4.963439544625117,1.14848354418984,official
2012-06-13,5.93483819503498,4.965076592363053,1.195316544394008,official
2012-06-14,5.96795830938577,4.966758375829708,1.201580157075551,official
2012-06-15,6.53126498781241,4.968338138360737,1.3145773910564282,official
2012-06-16,6.40205750592554,4.970572244004672,1.2879920443058592,official
2012-06-17,6.21665835157938,4.973050274767982,1.250069476096221,official
2012-06-18,6.30970837418595,4.975094370521432,1.2682590327476824,official
2012-06-19,6.47562043608143,4.977987567428748,1.3008510664935722,official
2012-06-20,6.71340012324679,4.981038386737197,1.3477912840668484,official
2012-06-21,6.68211665212944,4.982702747414358,1.3410626703744164,official
2012-06-22,6.55377578572481,4.986607107307814,1.3142755474198735,official
2012-06-23,6.45263640501852,4.989274836558557,1.2933014549002764,official
2012-06-24,6.35212598826988,4.9938042017446085,1.272001410477955,official
2012-06-25,6.30692808460212,4.995937975479225,1.2624112059752186,official
2012-06-26,6.42053036226111,4.99824826139841,1.284556113758298,official
2012-06-27,6.63127030354363,5.000106249793638,1.3262258784635452,official
2012-06-28,6.60588209533506,5.00235702331817,1.3205539037981815,official
2012-06-29,6.6377733954871,5.004138937306281,1.3264566549105852,official
2012-06-30,6.70147701897504,5.006208228550033,1.3386332955063704,official
2012-07-01,6.64009975007019,5.007782847899103,1.325956007229005,official
2012-07-02,6.75998821078868,5.009487652906001,1.3494370440991532,official
2012-07-03,6.45793805690885,5.0110464332319005,1.2887404143935999,official
2012-07-04,6.52554480882112,5.014667111419822,1.3012917236242063,official
2012-07-05,6.66382828093331,5.016921003046383,1.328270522275892,official
2012-07-06,6.65120696460704,5.019746587686672,1.3250085135616814,official
2012-07-07,6.77423906938925,5.022565745446732,1.3487606559516951,official
2012-07-08,6.80578479107927,5.0255431003494975,1.3542386673802413,official
2012-07-09,7.02318638779854,5.027969512275122,1.3968235826912554,official
2012-07-10,7.20565709616109,5.031772819218788,1.4320314837425054,official
2012-07-11,7.15013457854442,5.035441822269933,1.4199617096005297,official
2012-07-12,7.67612017188412,5.037352584533994,1.5238401606931071,official
2012-07-13,7.67320146617119,5.04052931973725,1.5223007306246905,official
2012-07-14,7.58464117527941,5.04272975232596,1.5040744889771245,official
2012-07-15,7.62101320875434,5.044634298725815,1.5107166857822125,official
2012-07-16,8.46416424074083,5.0484787643757905,1.6765771702294892,official
2012-07-17,8.83027201742877,5.061342576906526,1.7446501364517002,official
2012-07-18,9.09624321619122,5.065575097855263,1.7956980284514032,official
2012-07-19,8.86699310044171,5.068518898166265,1.749424886952615,official
2012-07-20,8.57217512814407,5.071965641604474,1.69010906892349,official
2012-07-21,8.8457579440364,5.076465043348113,1.7425034681618334,official
2012-07-22,8.4203719861554,5.078729294091504,1.6579682630360904,official
2012-07-23,8.45212423482088,5.0811556275797445,1.6634255776272682,official
2012-07-24,8.59363315796697,5.08315429253874,1.6906103303968272,official
2012-07-25,8.80286120169547,5.086002113167431,1.7308017192728367,official
2012-07-26,8.912463704888,5.089864335053878,1.7510218579909669,official
2012-07-27,8.9108193718104,5.093546718625836,1.7494331286342668,official
2012-07-28,8.80371475059508,5.0958992536453,1.7276076924592716,official
2012-07-29,8.70746909673569,5.098596756572547,1.7078167802760598,official
2012-07-30,9.08836146566224,5.101137675735036,1.7816342242424723,official
2012-07-31,9.34287895987739,5.105030850702749,1.8301317334039748,official
2012-08-01,9.54469490846771,5.108741744524019,1.8683064021974727,official
2012-08-02,10.5352358143114,5.112902294297785,2.0605196829325148,official
2012-08-03,10.9779199737169,5.118226612975145,2.144867901293571,official
2012-08-04,10.8614927893059,5.12465669045947,2.1194576427971556,official
2012-08-05,10.8818853531931,5.1271593077787605,2.1224004755778614,official
2012-08-06,10.8646055771551,5.129601495224653,2.118021368184134,official
2012-08-07,11.1000027234805,5.13259635626019,2.162648677787005,official
2012-08-08,11.0727393206864,5.136612519818351,2.155650105583197,official
2012-08-09,11.1682592770952,5.13957078169602,2.1729945459394484,official
2012-08-10,11.3863944330225,5.142949286912131,2.2139814720706656,official
2012-08-11,11.5109970561014,5.1453888048262275,2.237148152012228,official
2012-08-12,11.6239470270345,5.147606317532791,2.2581266534395295,official
2012-08-13,12.0084845290007,5.150270695803392,2.331622013341086,official
2012-08-14,12.173826112578,5.1537931441293905,2.362109959039591,official
2012-08-15,13.2475291580755,5.15736122930516,2.5686642003667273,official
2012-08-16,13.5058788507023,5.162739377081639,2.6160295657490304,official
2012-08-17,11.6610689802113,5.175593069897929,2.253088452419864,official
2012-08-18,11.6126447778604,5.1819332698798135,2.240986939248976,official
2012-08-19,7.88843046855108,5.212216052745985,1.5134503997383546,official
2012-08-20,10.0896315964923,5.2158655166963195,1.9344117604632909,official
2012-08-21,9.95650106467885,5.220405508480707,1.9072275225562867,official
2012-08-22,9.82052601019116,5.2255022345725886,1.8793458636793432,official
2012-08-23,10.1263712848577,5.228475333443879,1.9367732730963632,official
2012-08-24,10.5994517842311,5.230650318633454,2.0264118491102434,official
2012-08-25,10.5916941382261,5.233371287448789,2.0238759217463116,official
2012-08-26,10.6163676911242,5.235702787010627,2.0276872318769863,official
2012-08-27,10.946191390968,5.261301305722292,2.080510268260575,official
2012-08-28,10.9400086994119,5.267618362191764,2.0768415528986712,official
2012-08-29,10.9333793684994,5.270193769328725,2.07456876294171,official
2012-08-30,10.7872844840377,5.272574166869161,2.045923706833916,official
2012-08-31,10.1604183177832,5.307619137436,1.9143081021242014,official
2012-09-01,9.96547656435284,5.310169858850659,1.8766775506706264,official
2012-09-02,10.2204284965284,5.313022426817468,1.9236561933073748,official
2012-09-03,10.5300109299288,5.318303768648337,1.9799566530975032,official
2012-09-04,10.4103125793911,5.328011721787642,1.9538831975201165,official
2012-09-05,11.0009175788096,5.337247545151929,2.0611593308618876,official
2012-09-06,11.1798400210527,5.3468020934857865,2.090939560802807,official
2012-09-07,11.01715090374,5.357431905416781,2.056423879620533,official
2012-09-08,11.0406053901745,5.363689279371736,2.05839764667869,official
2012-09-09,11.033861510262,5.370852111475803,2.0543968221888194,official
2012-09-10,11.1689307502104,5.519435916986071,2.023563805829868,official
2012-09-11,11.3102343829383,5.526081172455148,2.046700732395023,official
2012-09-12,11.3648786449551,5.537114583958893,2.052491143650762,official
2012-09-13,11.4076396784589,5.545851119468787,2.056968251169279,official
2012-09-14,11.7547732163463,5.557632817832662,2.115068339640755,official
2012-09-15,11.7563324296152,5.582858854574323,2.1057907312098054,official
2012-09-16,11.9333429976825,5.591186369942039,2.1343132222949324,official
2012-09-17,11.8743145465796,5.606219383884561,2.118060984326279,official
2012-09-18,12.336017914316,5.615001257309833,2.196975093862442,official
2012-09-19,12.5416558889025,5.631500948333448,2.2270538536647146,official
2012-09-20,12.2927604062361,5.6507417805842985,2.1754241980183004,official
2012-09-21,12.3678164610961,5.665308518859869,2.1830790714969033,official
2012-09-22,12.2132953677998,5.680283836986308,2.1501206133881507,official
2012-09-23,12.1653471147639,5.688445504209159,2.138606602763825,official
2012-09-24,12.0933100855653,5.69724837985661,2.1226580410857334,official
2012-09-25,12.0884522153222,5.705742488810467,2.1186466509886954,official
2012-09-26,12.2699902864971,5.7175192822893015,2.146033914481908,official
2012-09-27,12.3089017119945,5.7339835301919635,2.1466580165748086,official
2012-09-28,12.3879200192057,5.794282358975431,2.1379558764540745,official
2012-09-29,12.3630985159986,5.822193080844707,2.1234435794775997,official
2012-09-30,12.387752611578,5.841258825581174,2.12073338666781,official
2012-10-01,12.396378099424,5.870018746998539,2.111812352518043,official
2012-10-02,12.8334705909643,5.892789588977246,2.17782603590156,official
2012-10-03,12.8571830959704,5.927844503419101,2.1689474291295174,official
2012-10-04,12.8499955078679,5.953418060902142,2.158423174118684,official
2012-10-05,12.6906604243815,5.9722951146714145,2.124921856792691,official
2012-10-06,12.5054290146214,5.989841203786438,2.087773045922516,official
2012-10-07,11.8088362209301,6.0038557762981455,1.9668753982313658,official
2012-10-08,11.7750970615592,6.038699480279311,1.9499392377470257,official
2012-10-09,11.8901849920493,6.060909747395154,1.961782222076387,official
2012-10-10,12.1196742372472,6.084913603757636,1.991757817196106,official
2012-10-11,12.0323725213688,6.1050712331140575,1.9708815936667394,official
2012-10-12,11.9909674553594,6.132160893487357,1.9554228376646756,official
2012-10-13,11.8607590592531,6.14854116175902,1.9290362944988215,official
2012-10-14,11.7503339573402,6.207021939092701,1.8930711172994148,official
2012-10-15,11.8608531791416,6.261601058724455,1.894220514514504,official
2012-10-16,11.851232839112,6.301091782066742,1.8808221255943725,official
2012-10-17,11.8524924969037,6.393995040211103,1.8536912247139279,official
2012-10-18,11.9434086613232,6.403593099919984,1.8651104895269561,official
2012-10-19,11.7466180368638,6.414482713605143,1.8312650546160452,official
2012-10-20,11.740595799939,6.422250086135132,1.828112521697892,official
2012-10-21,11.70884258701,6.458979281148572,1.812800765777943,official
2012-10-22,11.7739991176808,6.466986610970201,1.8206314356222892,official
2012-10-23,11.673747540672,6.476808139660605,1.8023920562333846,official
2012-10-24,11.6512737843327,6.4882949049152225,1.7957373940426553,official
2012-10-25,10.8405550752095,6.509346068884718,1.6653831215132906,official
2012-10-26,10.1703989698262,6.532565523213336,1.5568766870666508,official
2012-10-27,10.3082039288261,6.540022993973421,1.5761724291069048,official
2012-10-28,10.7048210643435,6.548318964429967,1.6347433780320377,official
2012-10-29,10.5965798171307,6.556499541897993,1.6161947010619593,official
2012-10-30,10.8876742904718,6.572348490673536,1.6565880987476407,official
2012-10-31,11.1981681665433,6.585994570442223,1.7003002426999252,official
2012-11-01,10.579295013708,6.596862112841382,1.6036859392762592,official
2012-11-02,10.4173955882617,6.603762247818704,1.5774940401136763,official
2012-11-03,10.6420090191834,6.611678120878786,1.6095776026327377,official
2012-11-04,10.7991996297811,6.637322118024975,1.6270416649590826,official
2012-11-05,10.740142767633,6.646260708593093,1.6159677205781047,official
2012-11-06,10.8838717202767,6.655009405210252,1.6354404716176123,official
2012-11-07,10.9377101759863,6.671216949741382,1.6395374724562533,official
2012-11-08,10.9242795962457,6.6821332386839165,1.6348491127060043,official
2012-11-09,10.8104204223338,6.691553492622298,1.6155322428869043,official
2012-11-10,10.8347859987849,6.698869495926488,1.6174051465509844,official
2012-11-11,10.8659331506974,6.71568159808766,1.6179940921844111,official
2012-11-12,11.0171473552111,6.738472710046263,1.634962079580116,official
2012-11-13,11.0053105442411,6.746916963814408,1.6311614035367028,official
2012-11-14,10.9628790198881,6.758302866051792,1.622134911259552,official
2012-11-15,11.1959710255672,6.76915217684892,1.6539694681201556,official
2012-11-16,11.7457475690456,6.785661944072905,1.7309656251451189,official
2012-11-17,11.7847577411786,6.796977920460945,1.7338231606877728,official
2012-11-18,11.6399479971305,6.806042666191034,1.7102372947133957,official
2012-11-19,11.7601829601469,6.815859456655399,1.7254145328163386,official
2012-11-20,11.705590839703,6.824145740965267,1.7153195849019571,official
2012-11-21,11.7481456690149,6.83503404746543,1.7188130428364656,official
2012-11-22,12.3030228436012,6.845658574084755,1.7972007675311326,official
2012-11-23,12.3450058705694,6.85971492189569,1.7996383247888448,official
2012-11-24,12.4115736085033,6.8685931073821385,1.8070037654674505,official
2012-11-25,12.545105850885,6.910075641399226,1.8154802496987907,official
2012-11-26,12.1299860876359,6.955481845412832,1.7439461934094003,official
2012-11-27,12.1893480599252,6.980676901114977,1.746155599606433,official
2012-11-28,12.3458950191662,7.005219491155462,1.762385180757531,official
2012-11-29,12.4551525819641,7.021972422413448,1.773739888554457,official
2012-11-30,12.57068531433,7.053854995297755,1.7821014640519088,official
2012-12-01,12.6669700639288,7.062950916025992,1.7934387785687655,official
2012-12-02,12.5000271920804,7.073427238949188,1.767181137207453,official
2012-12-03,12.6774422005852,7.090278768039455,1.788003351536862,official
2012-12-04,13.3772556953385,7.201489010557741,1.8575680217975445,official
2012-12-05,13.3650391946128,7.225856288588134,1.8496132030359278,official
2012-12-06,13.2546760189191,7.241211922071851,1.830449952516606,official
2012-12-07,13.4293274936042,7.296639622119509,1.8404811240634198,official
2012-12-08,13.4306842952054,7.312829405900918,1.8365920425229423,official
2012-12-09,13.3996229895951,7.336115268516579,1.8265284144457847,official
2012-12-10,13.4445823731791,7.361489884705676,1.8263398556196804,official
2012-12-11,13.6785738876335,7.386852496474597,1.8517459085803663,official
2012-12-12,13.7065807911752,7.60509084746417,1.802290211397738,official
2012-12-13,13.73950338064,7.701438328047491,1.7840178412651537,official
2012-12-14,13.6248439224843,7.7135366217972985,1.7663549925960724,official
2012-12-15,13.5588483411305,7.721574970421997,1.75596926703018,official
2012-12-16,13.3694020985842,7.737831111007076,1.7277970928528286,official
2012-12-17,13.2653351260352,7.747046441935831,1.7123087134508592,official
2012-12-18,13.2947699333597,7.760907098163859,1.7130433034696535,official
2012-12-19,13.6106499253588,7.782556671172992,1.7488661503453458,official
2012-12-20,13.5710277198589,7.816760165299739,1.7361448263570347,official
2012-12-21,13.516087401888,7.833947491020779,1.7253226955350485,official
2012-12-22,13.4844562231903,7.8420639543051465,1.719503475330316,official
2012-12-23,13.3327915615681,7.850819135241393,1.6982675733438803,official
2012-12-24,13.4299141839974,7.85965287824347,1.7087159435721557,official
2012-12-25,13.4478318363456,7.867250524298299,1.7093432826133432,official
2012-12-26,13.4711901518354,7.874224460206568,1.710795802166148,official
2012-12-27,13.4317689531451,7.883743185167446,1.7037298955166078,official
2012-12-28,13.5102068647148,7.8943374473129895,1.7113794482288434,official
2012-12-29,13.4086217509987,7.908009888539322,1.6955747324533743,official
2012-12-30,13.47792229064,7.923472520872757,1.7010120569150948,official
2012-12-31,13.5599728441957,7.9652855617633955,1.7023837675436364,official
2013-01-01,13.3556394747927,7.976793216638295,1.6743118584213774,official
2013-01-02,13.2944949976478,7.9895981261988815,1.6639754325131202,official
2013-01-03,13.4254513211494,8.008849005138194,1.6763271866576714,official
2013-01-04,13.5165440963178,8.025199165694906,1.6842627599943678,official
2013-01-05,13.4425028839674,8.041842511074009,1.6715700245878253,official
2013-01-06,13.5182959408963,8.052029304096006,1.6788681996002728,official
2013-01-07,13.5879010666274,8.070605641654142,1.6836284251701386,official
2013-01-08,13.8059450561667,8.090460227879806,1.7064474291080842,official
2013-01-09,13.851810954259,8.114949194306735,1.7069498061647899,official
2013-01-10,14.1403692398625,8.13445015490413,1.738331291063047,official
2013-01-11,14.2743814397457,8.15088896701892,1.7512668246990446,official
2013-01-12,14.2556120854955,8.1654549802253,1.7458441838230747,official
2013-01-13,14.1896432167947,8.192499990181165,1.732028469185377,official
2013-01-14,14.3413530803312,8.210085629804919,1.7467970161319701,official
2013-01-15,14.3547112047567,8.221241349133969,1.7460515505081038,official
2013-01-16,14.741671428825,8.24836416063246,1.7872236411655535,official
2013-01-17,15.5286807890871,8.282690033251546,1.8748354371280251,official
2013-01-18,15.710059558545,8.311907747494923,1.8900666412328462,official
2013-01-19,15.6144642016732,8.332549913773361,1.8739118713064216,official
2013-01-20,15.7010026178448,8.36134685708276,1.8778078324241194,official
2013-01-21,16.8212499688939,8.399961503164704,2.0025389357506524,official
2013-01-22,17.2826816449062,8.528818937103052,2.026386276031853,official
2013-01-23,17.5163862905568,8.549141124336602,2.048905970296056,official
2013-01-24,16.7789998792135,8.587164613901397,1.9539627611249806,official
2013-01-25,17.4683551962752,8.611701596845226,2.0284440885265327,official
2013-01-26,17.8026946637477,8.628077209064708,2.0633443851248905,official
2013-01-27,17.9550542216326,8.672238392201358,2.070405979358104,official
2013-01-28,18.7861615500321,8.698723928159815,2.1596456796630688,official
2013-01-29,19.5621580238926,8.75996042042361,2.2331331518672117,official
2013-01-30,19.7981933478705,8.837775013075374,2.2401784746250417,official
2013-01-31,20.502697917887,8.904306216300387,2.302559842377656,official
2013-02-01,20.499544897991,9.075638718806092,2.2587440436024466,official
2013-02-02,19.6916865333504,9.092476056608323,2.1657122230240766,official
2013-02-03,20.5855190552894,9.10951510129373,2.2597820878924555,official
2013-02-04,20.5326352292625,9.128271054989316,2.249345479069643,official
2013-02-05,20.6078211379366,9.157141320371297,2.2504644645039735,official
2013-02-06,21.2016287160435,9.166576924940225,2.312927594417341,official
2013-02-07,22.1217808336164,9.190384090355808,2.4070572694377943,official
2013-02-08,22.7209548939684,9.21156489361191,2.466568401393455,official
2013-02-09,23.6838176687102,9.226329139346957,2.5669816577112217,official
2013-02-10,23.9682983039163,9.239544440705812,2.594099574684805,official
2013-02-11,24.5484159214328,9.309169238438916,2.6370146779659795,official
2013-02-12,25.2722410036258,9.387652531126898,2.692072477100099,official
2013-02-13,24.2671997269565,9.441711899495806,2.5702118413772386,official
2013-02-14,27.2405756807618,9.508409433473599,2.8648930056444057,official
2013-02-15,27.0929671863023,9.800034217410245,2.764578835670829,official
2013-02-16,27.315626951386,9.891864802178173,2.7614234017200827,official
2013-02-17,26.8961429574462,9.967701950672161,2.698329373264666,official
2013-02-18,26.9495528329032,10.03271598545888,2.6861672225111404,official
2013-02-19,29.4338080772419,10.10162696802764,2.9137690562522227,official
2013-02-20,29.8254917390948,10.148747371958295,2.938834778911212,official
2013-02-21,29.7440465328677,10.18337901363263,2.920842531054666,official
2013-02-22,30.2975680514547,10.232702167756042,2.960857020438301,official
2013-02-23,29.8027220992694,10.268029042469358,2.9024773864587883,official
2013-02-24,29.8999716476785,10.294778730035985,2.9043821564073564,official
2013-02-25,30.4005261184774,10.743335844551204,2.829710115959552,official
2013-02-26,31.1830423997297,10.767955667655412,2.895911105336062,official
2013-02-27,30.9836793238208,10.778200828971851,2.874661533540601,official
2013-02-28,33.3959966454728,10.833562556183093,3.0826421569341043,official
2013-03-01,34.569714835953,10.852087273295949,3.185536013981358,official
2013-03-02,34.2886615198049,10.864448045286009,3.1560426610611345,official
2013-03-03,34.5590920096587,10.880271495551586,3.17630787281257,official
2013-03-04,36.2221354708367,10.891451770676284,3.3257398768784663,official
2013-03-05,40.7062021057804,10.916835427376274,3.7287547638302754,official
2013-03-06,41.357116237616,10.970741766150981,3.769764808904612,official
2013-03-07,41.8823065065484,11.010058144693595,3.804004116611681,official
2013-03-08,44.0197167609204,11.021790642069433,3.9938806851311535,official
2013-03-09,46.8249311151499,11.05169600346957,4.23690002877836,official
2013-03-10,46.115188166214,11.062822694811004,4.1684829847127745,official
2013-03-11,48.4418702038992,11.084866418320798,4.370090569953613,official
2013-03-12,44.1373868167174,11.111923105240983,3.9720745363959393,official
2013-03-13,47.0793200118059,11.135048468116155,4.228030093143443,official
2013-03-14,47.1251409363745,11.152174973404152,4.2256457640558125,official
2013-03-15,46.9808156603533,11.173553662798886,4.204644026257353,official
2013-03-16,47.0199245694818,11.181894630971872,4.205005155320005,official
2013-03-17,47.4463925864026,11.205483983762395,4.234211806929184,official
2013-03-18,51.587925040732,11.214147717197482,4.600253745687621,official
2013-03-19,59.6210151755252,11.238793219358021,5.304930343662899,official
2013-03-20,64.2960898368487,11.265024685621015,5.70758534767509,official
2013-03-21,70.9230567433894,11.31961234574094,6.265502260779677,official
2013-03-22,70.2632560819243,11.369389674324596,6.180037635670036,official
2013-03-23,64.3078304350832,11.399250127337156,5.641408839767726,official
2013-03-24,71.6177168938359,11.436770784154383,6.262057555010377,official
2013-03-25,73.6210477677224,11.47692259391203,6.414702823453293,official
2013-03-26,78.7388482182998,11.507308925117245,6.842507551564454,official
2013-03-27,88.8537537816331,11.553739892154006,7.690475517972542,official
2013-03-28,87.2120940304883,11.592601744204993,7.52308204446725,official
2013-03-29,90.4589233279579,11.626681642679685,7.780287282993773,official
2013-03-30,92.1993160292201,11.731140615992896,7.859365005268635,official
2013-03-31,93.2783752640217,11.744594279898223,7.9422390455560326,official
2013-04-01,103.979880451985,11.879463971946542,8.752910122673413,official
2013-04-02,118.079318527155,11.948748747536063,9.882149254456788,official
2013-04-03,134.614614399499,12.075522349954284,11.147725994644748,official
2013-04-04,132.449856566756,12.108128403150303,10.938920711502787,official
2013-04-05,142.160777941535,12.197301603567857,11.655100657669339,official
2013-04-06,143.785479650067,12.251760980408962,11.73590309833709,official
2013-04-07,163.759707147731,12.29053216974832,13.324053416564501,official
2013-04-08,186.909446363436,12.355788105079968,15.127278387575284,official
2013-04-09,230.87482467924,12.585466994207403,18.344557638226902,official
2013-04-10,164.723583158101,12.693467463871606,12.977035914492275,official
2013-04-11,100.160714285714,12.751171006084432,7.855020863410949,official
2013-04-12,115.754175159565,12.810163234571478,9.036120230472392,official
2013-04-13,92.9782516803297,12.857181955015067,7.231619806396428,official
2013-04-14,89.9383796297025,12.888061357218044,6.978425780020974,official
2013-04-15,82.6522983680466,13.058929578454375,6.329178656757037,official
2013-04-16,68.5878286220295,13.38940132679934,5.1225463295919464,official
2013-04-17,93.5765842688243,13.423359727965725,6.971174591549563,official
2013-04-18,109.429990681061,13.43316030097631,8.14625808292541,official
2013-04-19,118.711290590187,13.444623824142374,8.829647608066084,official
2013-04-20,126.843420171027,13.455934185945484,9.426578520539511,official
2013-04-21,119.203365333235,13.471079902464318,8.848835148801149,official
2013-04-22,127.124598815686,13.482056176011564,9.429169939365558,official
2013-04-23,143.371842238477,13.513735915366114,10.609341719890548,official
2013-04-24,154.736372946798,13.551692421893526,11.418232360174635,official
2013-04-25,142.65628061685,13.568395879449533,10.513864858034902,official
2013-04-26,136.891645175518,13.575515730154462,10.083715999934276,official
2013-04-27,128.216520874299,13.587294866893364,9.436500946682903,official
2013-04-28,134.604037434652,13.594260921003945,9.901534052997375,official
2013-04-29,143.932198461266,13.60572471240695,10.578796903777967,official
2013-04-30,139.280097232008,13.612275493338533,10.231948163271289,official
2013-05-01,116.40968210715,13.63613738213136,8.536851664437757,official
2013-05-02,106.117951594508,13.642970433194781,7.778214584143044,official
2013-05-03,98.0168775337389,13.695240891303015,7.15700280934695,official
2013-05-04,112.618060567268,13.70240049892055,8.21885629281817,official
2013-05-05,115.865630451136,13.720958299743295,8.444426979513795,official
2013-05-06,112.187798551284,13.728638383538476,8.171808115057093,official
2013-05-07,109.890124854376,13.739640799559803,7.99803477088693,official
2013-05-08,113.054615979421,13.74435475555942,8.225530990000953,official
2013-05-09,112.806670907295,13.75234417417567,8.202723076050178,official
2013-05-10,117.311353620364,13.762298264584325,8.524110680136262,official
2013-05-11,115.678744013312,13.785880608779602,8.391102991247543,official
2013-05-12,114.900676039317,13.791126778018187,8.331492987393773,official
2013-05-13,117.743595770208,13.799046476709439,8.532734197898396,official
2013-05-14,111.1175665373,13.80618833631191,8.048388434992418,official
2013-05-15,113.807736699688,13.821911299121156,8.233863916267808,official
2013-05-16,118.220409697972,13.827758384657644,8.54949923258288,official
2013-05-17,122.838644934539,13.833031332461566,8.880095908282748,official
2013-05-18,122.558371517525,13.861589969361765,8.841581073196902,official
2013-05-19,122.177089951466,13.866189675078742,8.8111509228127,official
2013-05-20,121.584119203219,13.87124167371276,8.765193633215386,official
2013-05-21,121.951096791422,13.877126918361354,8.78792112436933,official
2013-05-22,123.240627458355,13.899802717843423,8.866358031121464,official
2013-05-23,125.734551560728,13.923567804887668,9.03034001935845,official
2013-05-24,132.461252770676,13.946338719779353,9.497923105998654,official
2013-05-25,131.509575922681,14.163652609823435,9.285004337897298,official
2013-05-26,133.082655766078,14.177706843997228,9.386754658594493,official
2013-05-27,129.924726051666,14.199601821278781,9.149885164876073,official
2013-05-28,128.654918547654,14.231614194849403,9.040079135521802,official
2013-05-29,131.971629513529,14.292686889611968,9.233507354691088,official
2013-05-30,128.592444261957,14.320018768256823,8.97990752267782,official
2013-05-31,128.815772407392,14.382550681192916,8.956392733302557,official
2013-06-01,129.287987334675,14.406170636355565,8.97448673892578,official
2013-06-02,122.400963637193,14.436284104761242,8.478702881500084,official
2013-06-03,121.330586472093,14.460248447960721,8.39062944933037,official
2013-06-04,121.699931433092,14.497958469766873,8.394280593842048,official
2013-06-05,121.896116245295,14.523105451851402,8.39325422854075,official
2013-06-06,119.357474945358,14.615498571883899,8.166500400812064,official
2013-06-07,111.243640363496,14.645645263823713,7.595680378677443,official
2013-06-08,108.082989470576,14.667849048253084,7.368700694629013,official
2013-06-09,102.2832210638,14.732758294853499,6.94257103909252,official
2013-06-10,105.941628502601,14.746825107550306,7.18402962874764,official
2013-06-11,109.237257606806,14.792050714663821,7.384862296241027,official
2013-06-12,108.620349315078,14.805055415955573,7.336706703442436,official
2013-06-13,103.612249118513,14.821237746089485,6.990795970859493,official
2013-06-14,99.9739489793258,14.858845199539614,6.728244869421171,official
2013-06-15,99.8391492604622,14.87630391469472,6.711287281637323,official
2013-06-16,99.7754988549523,14.896427413953354,6.697948177929794,official
2013-06-17,101.949722053402,14.908029185555948,6.838578110121945,official
2013-06-18,107.114619372146,14.91899262072318,7.1797488004222725,official
2013-06-19,107.731503956172,14.939577707535184,7.211147869449795,official
2013-06-20,110.309030834817,14.997334548583655,7.355242391737841,official
2013-06-21,108.695832917911,15.067715198140503,7.213823163536107,official
2013-06-22,107.722414568651,15.148336903748929,7.111171031718454,official
2013-06-23,107.325516269349,15.22181208246642,7.05077133313019,official
2013-06-24,101.840413285621,15.309343659914664,6.652173701755459,official
2013-06-25,103.65259254763,15.504889802557603,6.685155061890993,official
2013-06-26,103.386361956258,15.552045671378927,6.6477660971973735,official
2013-06-27,101.459524049738,15.600296347315421,6.5036920960285265,official
2013-06-28,114.908370005196,15.653100256218929,7.340933624924766,official
2013-06-29,94.6757696496552,15.704994466945765,6.028386055717427,official
2013-06-30,97.3790267348833,15.732430118735591,6.189700256091753,official
2013-07-01,105.146576497033,15.84786368033238,6.634747661763566,official
2013-07-02,90.3519641653051,15.922096733764873,5.674627260221453,official
2013-07-03,78.1378891903084,16.002502406950818,4.882854393845838,official
2013-07-04,80.2488659343898,16.04287171728562,5.002150945826271,official
2013-07-05,68.695618013749,16.578784358725837,4.143585954635615,official
2013-07-06,69.198544116917,16.7061872181581,4.142090784287663,official
2013-07-07,76.493696710823,16.727294457252437,4.57298679749478,official
2013-07-08,75.8075951663545,16.767251424185947,4.521170062315981,official
2013-07-09,76.6201302878746,16.79476645214141,4.562143243028258,official
2013-07-10,87.684287016172,16.958864454216222,5.170410274396196,official
2013-07-11,88.6505655296376,16.989844999462854,5.2178560506255565,official
2013-07-12,105.620104268844,17.07612714586992,6.185249346447364,official
2013-07-13,97.6756935973249,17.116333430712906,5.706578105218451,official
2013-07-14,94.1286035433914,17.136820305732098,5.492769479055943,official
2013-07-15,98.7198506642384,17.15792230917908,5.753601682380017,official
2013-07-16,96.5273888503103,17.180637830503755,5.618382146379254,official
2013-07-17,97.8825452698148,17.208110695410955,5.688163390064549,official
2013-07-18,89.7612325539368,17.23099469454705,5.209289083139396,official
2013-07-19,91.2508291631235,17.248463833959303,5.290374264139748,official
2013-07-20,89.4613918851393,17.286340184320142,5.175265031882615,official
2013-07-21,90.7928631134616,17.320125806604715,5.242044089474189,official
2013-07-22,91.7159427276867,17.350932810179895,5.285937288275153,official
2013-07-23,94.7119879420611,17.37450706218883,5.451204319239509,official
2013-07-24,94.389100053887,17.39629041905,5.4258176760791015,official
2013-07-25,96.7609322054026,17.422851966853358,5.553679293693617,official
2013-07-26,95.5319250869704,17.44476767468262,5.476250923399498,official
2013-07-27,94.3213041014561,17.4654153882138,5.400461540989574,official
2013-07-28,98.4512949332231,17.489913826740896,5.629032590354889,official
2013-07-29,100.861841239243,17.512609854344454,5.759383785633848,official
2013-07-30,107.24868320938,17.533394961643236,6.116823549803193,official
2013-07-31,105.232879771901,17.563348393232474,5.9916183073866165,official
2013-08-01,102.703903216836,17.585219595269713,5.8403537505134455,official
2013-08-02,102.980769156644,17.6480257970075,5.835257175004018,official
2013-08-03,103.951647318144,17.876977186689945,5.814833583584799,official
2013-08-04,104.073851070859,17.901300114015864,5.813759358705692,official
2013-08-05,105.664794572801,17.940312976604748,5.8897966111624855,official
2013-08-06,106.449939130565,17.958800781220067,5.9274525302314265,official
2013-08-07,104.762556736174,18.040585601348116,5.807048565449307,official
2013-08-08,101.771316808919,18.293177316383606,5.563348293670739,official
2013-08-09,98.82926170395,18.479194489143364,5.348136887785492,official
2013-08-10,101.377904247525,18.61693449227689,5.44546709822613,official
2013-08-11,104.91822088747,18.797659616428618,5.58145125661146,official
2013-08-12,106.659983618621,18.965045022239728,5.624030077099427,official
2013-08-13,109.001478010059,19.459960875434962,5.601320511782511,official
2013-08-14,99.1600488283182,19.49193771483961,5.087234028704372,official
2013-08-15,109.971649383268,19.588438049222567,5.61411017595824,official
2013-08-16,108.621144014458,19.627141522299752,5.534231456529011,official
2013-08-17,112.489727383279,19.653436255938605,5.7236671449395224,official
2013-08-18,112.906142214341,19.681354408079986,5.736705913287579,official
2013-08-19,102.873295264994,19.70750216276169,5.220006798191718,official
2013-08-20,121.087172476444,19.73685263700611,6.1350801317434245,official
2013-08-21,120.112115102787,19.76390161825071,6.077348360804988,official
2013-08-22,121.972955332173,19.790888553274797,6.163086361879904,official
2013-08-23,118.073183275078,19.816856081780827,5.958219749278586,official
2013-08-24,118.544373807345,19.84192553504825,5.974439002805013,official
2013-08-25,118.168128745908,19.865758039017535,5.948332226427945,official
2013-08-26,118.057223848906,19.888990593687385,5.935807716977677,official
2013-08-27,130.925778148959,19.911607408619744,6.575349516598101,official
2013-08-28,126.904980186551,19.94149295019024,6.363865559290551,official
2013-08-29,127.719976782751,19.96668653020739,6.396653575420478,official
2013-08-30,135.522615660492,20.015428641843183,6.770907487695551,official
2013-08-31,137.129917749741,20.05635754854192,6.83722941306011,official
2013-09-01,145.433321357506,20.228549882875527,7.189508007226091,official
2013-09-02,140.878840368691,20.463565173154112,6.884374212246658,official
2013-09-03,143.559219965725,20.72908759147598,6.9254963264643665,official
2013-09-04,132.466556517828,20.832970321081813,6.358505507194966,official
2013-09-05,129.318255749056,20.855079982010192,6.200803634443371,official
2013-09-06,121.214882332197,20.883173804590427,5.80442817104516,official
2013-09-07,127.134982587559,20.926512896012024,6.075306632276377,official
2013-09-08,124.209213093683,20.951349101956122,5.92845894979079,official
2013-09-09,130.13407269523,21.03828930067482,6.185582431887932,official
2013-09-10,129.406352493445,21.06332852855797,6.143680108202935,official
2013-09-11,141.540803066733,21.100421695126663,6.707960869778406,official
2013-09-12,135.925639469704,21.131737547025093,6.432298298576943,official
2013-09-13,140.609012641487,21.16896091282976,6.64222553107313,official
2013-09-14,134.036254029595,21.21037074047411,6.319373464501682,official
2013-09-15,138.296473840259,21.23823900104491,6.5116732999122435,official
2013-09-16,138.922853438634,21.26951538333566,6.531547660341991,official
2013-09-17,138.467569722334,21.297846456365583,6.50148220412906,official
2013-09-18,136.290888097877,21.36097463820037,6.3803684244886725,official
2013-09-19,135.104922142494,21.588357682157188,6.258230669123962,official
2013-09-20,130.784057061568,22.444842858533782,5.826909009159867,official
2013-09-21,133.979382506845,22.568053606299664,5.936683102766377,official
2013-09-22,134.021957014473,22.939911016740005,5.842305007925828,official
2013-09-23,130.922891554527,23.09770534986796,5.668220698610455,official
2013-09-24,132.228615697616,23.381118095371363,5.655358959236111,official
2013-09-25,135.035393022284,23.696277399593438,5.698590995757032,official
2013-09-26,135.498798516491,23.862218377439536,5.678382301814736,official
2013-09-27,137.845641042112,24.096520263881168,5.720562119864751,official
2013-09-28,142.4813968636,24.21018151704983,5.885184989763856,official
2013-09-29,144.564698340902,24.319380480530413,5.944423561966863,official
2013-09-30,141.134933325904,24.458416310619093,5.770403591692384,official
2013-10-01,139.014657145885,24.560770791827647,5.660028275339825,official
2013-10-02,122.98401568351,24.943922073864822,4.930420136790253,official
2013-10-03,130.757022272378,25.090410305916,5.211434196496467,official
2013-10-04,121.940051089218,25.521187893910902,4.777992764134293,official
2013-10-05,122.438525853809,27.064294856857934,4.523987286621797,official
2013-10-06,137.796372548992,27.174720992233297,5.070755743485832,official
2013-10-07,131.635417136385,29.743582342557993,4.425674608402404,official
2013-10-08,130.460899119773,29.87137878740372,4.367421405227744,official
2013-10-09,139.324105475282,30.127798021574595,4.62443705230338,official
2013-10-10,139.787502440267,30.16504372198372,4.634089170518671,official
2013-10-11,136.636549748734,30.20151460088821,4.524162167175404,official
2013-10-12,141.79439430357,30.24855441247243,4.687642006624412,official
2013-10-13,145.287067830019,30.306000774836228,4.79400330348616,official
2013-10-14,150.296372249224,30.371118222205407,4.948661130933828,official
2013-10-15,152.020199866119,30.43623549762885,4.994710987762011,official
2013-10-16,148.680432288795,30.566282192596326,4.864197462811095,official
2013-10-17,154.086585055472,30.602688666506044,5.035066909794638,official
2013-10-18,162.996333124649,30.63708379228951,5.320230026777894,official
2013-10-19,179.004824119937,30.72939495622685,5.825198458183908,official
2013-10-20,181.216743409225,30.833240999216507,5.877317386577357,official
2013-10-21,188.888584162435,31.573034928828957,5.982591936068937,official
2013-10-22,199.999246101649,35.822656816333634,5.5830377720743956,official
2013-10-23,214.701652884231,36.461241196840724,5.88848996459381,official
2013-10-24,196.638069339615,41.00760975131612,4.795160472217086,official
2013-10-25,189.781188230628,47.55025532610031,3.991170750379908,official
2013-10-26,182.927689610149,47.76922116918944,3.8294048999093815,official
2013-10-27,199.878897306187,48.009685961560415,4.163303577245281,official
2013-10-28,198.635940839344,48.125815068216326,4.127430165240544,official
2013-10-29,206.527830776315,48.30290611207652,4.275681266404789,official
2013-10-30,200.364722008012,48.46284957348942,4.134398281805065,official
2013-10-31,203.601075401726,49.21699188718121,4.136804538327643,official
2013-11-01,203.897216394189,52.51239402733498,3.8828398546836707,official
2013-11-02,206.358226876622,53.54130113974719,3.85418774822095,official
2013-11-03,217.550730800105,59.902934344762606,3.631720769270224,official
2013-11-04,229.310493532929,66.0037408624262,3.4742045001795963,official
2013-11-05,243.707257237121,67.50630215740969,3.610140823131592,official
2013-11-06,263.636168994122,68.10721079428939,3.870899511512916,official
2013-11-07,295.83246993477,69.1978414197206,4.275169049571843,official
2013-11-08,337.786126733881,69.96013834061723,4.828265563016622,official
2013-11-09,346.566929719481,70.8614648920359,4.890767220907842,official
2013-11-10,327.364682380192,71.33140516450348,4.589348571295185,official
2013-11-11,346.523784045373,72.05231880779343,4.809335629707615,official
2013-11-12,359.678726607161,72.94909879490272,4.930543797647208,official
2013-11-13,410.194952211087,75.97822429637746,5.398848894006655,official
2013-11-14,421.937903439593,78.368144427905,5.384048665689106,official
2013-11-15,418.968790447931,81.03768878625127,5.170048612233035,official
2013-11-16,439.812232743543,82.88097771806713,5.306552177022265,official
2013-11-17,504.749476424122,87.94763092147231,5.739204923834827,official
2013-11-18,688.818233892919,89.43457388527197,7.701923361054367,official
2013-11-19,650.030746496753,91.1474929606812,7.1316360481484695,official
2013-11-20,610.721388010032,92.0754509837582,6.632836239029241,official
2013-11-21,738.156173178028,92.48277768828193,7.981552799657708,official
2013-11-22,801.178229392447,92.78802155801941,8.634500616994817,official
2013-11-23,845.121754484539,93.21996294618988,9.065888118539325,official
2013-11-24,819.121879480658,93.53365706303305,8.757509384334726,official
2013-11-25,818.102949121571,94.49882155621628,8.657282023722283,official
2013-11-26,961.141567290207,98.47405183884057,9.760353609326243,official
2013-11-27,999.415668801402,99.12454343249644,10.082423930476931,official
2013-11-28,1128.63276729689,99.71876889151734,11.31815785376085,official
2013-11-29,1156.12458772548,100.1370637590403,11.545421288839279,official
2013-11-30,1135.64733714313,100.34785384020448,11.317106382280512,official
2013-12-01,969.647095372332,100.62119931809667,9.636608408005147,official
2013-12-02,1049.96146737223,100.96441493806796,10.39932205833393,official
2013-12-03,1083.08303216514,101.25294143037344,10.69680561240704,official
2013-12-04,1151.2555680477,101.40826013102189,11.352680408482016,official
2013-12-05,1043.83264645522,101.60870908717754,10.27306277023596,official
2013-12-06,824.280086199878,101.94246895956836,8.085737912888863,official
2013-12-07,693.140084193696,102.31352930340672,6.774666937138064,official
2013-12-08,792.799250229714,102.47874330031435,7.736231189978713,official
2013-12-09,913.901145699813,102.66637578301251,8.901659756952576,official
2013-12-10,1001.38624299217,102.94125748465507,9.72774441910661,official
2013-12-11,885.121682113416,103.28070511258431,8.570058474606286,official
2013-12-12,872.246281457269,103.49975844653007,8.427519972502042,official
2013-12-13,891.903966411817,103.7340970793001,8.597982645281967,official
2013-12-14,853.301024584832,103.98560746444073,8.205953164014835,official
2013-12-15,864.363192071149,104.23941710960725,8.29209540918936,official
2013-12-16,702.070532469433,104.83569707028165,6.69686520993671,official
2013-12-17,683.355368352006,105.1255258056327,6.500375271515563,official
2013-12-18,524.030093479223,105.85482558365285,4.950460128670306,official
2013-12-19,691.315762590183,106.04361578293938,6.519164378600942,official
2013-12-20,613.072203287628,106.48427449655298,5.757396631438512,official
2013-12-21,600.44781963199,109.49627147345974,5.48372845533402,official
2013-12-22,616.902663017269,109.59684769875832,5.628835828498543,official
2013-12-23,663.29210218928,109.7602864702324,6.0430974036239276,official
2013-12-24,654.595295578973,110.08232748267113,5.946415837565005,official
2013-12-25,682.240023186,112.1156454260775,6.085145570836759,official
2013-12-26,760.930399111866,112.2960290629399,6.77611136797525,official
2013-12-27,733.753752060565,112.86668813582509,6.50106567473263,official
2013-12-28,717.970629237388,112.9751663439802,6.355119027232524,official
2013-12-29,732.496953117043,113.16648490529808,6.472737522332903,official
2013-12-30,749.850057680959,113.32619834114516,6.616740600648139,official
2013-12-31,732.869035338727,113.45590798708095,6.459505268092145,official
2014-01-01,763.972075292099,113.64123213910507,6.722666244562907,official
2014-01-02,793.863845729971,113.9127986831769,6.9690487364631135,official
2014-01-03,818.183830171268,114.21172467682104,7.163746388441644,official
2014-01-04,838.614588954713,115.20395914142271,7.279390354330113,official
2014-01-05,921.703283301004,115.6131014791996,7.972308254932779,official
2014-01-06,925.586311344306,115.86204733199499,7.988692869306029,official
2014-01-07,785.404143219838,116.09782808673837,6.7650201227972255,official
2014-01-08,825.907495386769,116.27377371267127,7.1031279798977005,official
2014-01-09,829.947224892046,116.47538736363288,7.125515902350891,official
2014-01-10,859.787362065792,116.64131188566412,7.371207920814415,official
2014-01-11,905.2042591738,117.25695372319075,7.719834350385066,official
2014-01-12,843.280438209348,117.62949671102656,7.168953891565015,official
2014-01-13,825.10106398528,117.8325731057668,7.00231729001341,official
2014-01-14,816.598094048112,118.18046415505096,6.90975534650759,official
2014-01-15,842.120927427504,118.33978900695382,7.1161266594620995,official
2014-01-16,814.531686405685,118.65717585530527,6.86458008573332,official
2014-01-17,806.09738909532,118.78735694601886,6.7860537503300025,official
2014-01-18,819.224524975201,118.91907689289994,6.888924354105147,official
2014-01-19,851.87902489518,119.11803268523109,7.151553846983578,official
2014-01-20,826.13031622138,119.28462061708133,6.92570686772239,official
2014-01-21,824.448428445203,119.39693840916958,6.905105268443685,official
2014-01-22,818.234075631805,119.65996002725218,6.8379938907338325,official
2014-01-23,811.091014376946,119.78983166220573,6.770950448149341,official
2014-01-24,784.03204617452,120.10984108309188,6.5276253727796325,official
2014-01-25,806.713889397137,120.32800524625706,6.704290391469202,official
2014-01-26,814.970291202947,120.4195757399938,6.767755875195952,official
2014-01-27,752.917458079482,120.6057028864116,6.242801460131548,official
2014-01-28,785.126344824364,120.73089227784772,6.5031105958986,official
2014-01-29,791.774993847537,120.98342852088068,6.544491287175611,official
2014-01-30,801.53269213135,121.15498722111079,6.615763085910227,official
2014-01-31,802.846968542313,121.27257149770983,6.620185905412868,official
2014-02-01,812.173934836593,121.40815054885071,6.689616233877152,official
2014-02-02,814.149937175916,121.54608842708733,6.698281678264831,official
2014-02-03,806.098409526924,121.64842877599995,6.626459689103354,official
2014-02-04,800.508285971734,121.7709305461192,6.57388657852583,official
2014-02-05,780.242539989937,126.07879661366461,6.188530989717371,official
2014-02-06,768.754354952973,126.44404076972741,6.079799018389361,official
2014-02-07,704.268288629305,126.64136101108816,5.561123814577785,official
2014-02-08,678.567652552782,126.80849859902125,5.351121258035456,official
2014-02-09,687.021382953354,126.99403279753959,5.409871375993223,official
2014-02-10,686.003602686904,127.1552879654521,5.395006481156254,official
2014-02-11,674.491497605424,127.52502821586262,5.289091145807919,official
2014-02-12,652.134541592095,128.1333068730072,5.089500595176436,official
2014-02-13,605.845714822975,128.4739550785686,4.715708444193754,official
2014-02-14,668.150493493343,128.86691038350446,5.184810371451795,official
2014-02-15,651.988842420917,129.07755895801085,5.051140164751721,official
2014-02-16,621.002586550428,129.4871865188558,4.795861299063736,official
2014-02-17,629.948976888316,129.72145453823694,4.856166461675243,official
2014-02-18,628.121113954429,130.59069236085907,4.809845959149619,official
2014-02-19,623.766157798437,130.7867800290216,4.769336454800885,official
2014-02-20,561.375041051019,131.19336225545072,4.278989663805917,official
2014-02-21,579.637092081415,131.59094954614383,4.404840105497975,official
2014-02-22,608.758139704921,131.79891469384876,4.61884030774445,official
2014-02-23,606.514088508994,132.02521427287286,4.593926181823392,official
2014-02-24,533.461874401025,132.18859360637933,4.035611998335691,official
2014-02-25,534.619194590031,132.45904250399954,4.03610946058204,official
2014-02-26,585.189534470641,132.5812815775648,4.413817150562722,official
2014-02-27,582.770748190016,132.71286520439807,4.391215179421076,official
2014-02-28,553.401327219205,133.33730265246092,4.150386397583176,official
2014-03-01,568.747683899014,133.65099480875327,4.2554691397011934,official
2014-03-02,566.785235831795,133.82700535049997,4.235208240275232,official
2014-03-03,680.659703859355,134.0679332254154,5.076976182775387,official
2014-03-04,671.987059748148,134.17969138643522,5.008113022207189,official
2014-03-05,669.64791046341,134.61433372657078,4.974566169332322,official
2014-03-06,667.97917100735,134.78741819533502,4.955797654936228,official
2014-03-07,631.022786784201,139.62438496732497,4.51943109315664,official
2014-03-08,617.367098776055,139.7715956110917,4.416971102582614,official
2014-03-09,639.897883681823,142.5831063458053,4.4878941136959485,official
2014-03-10,626.980431485296,143.25313034039243,4.376731105250474,official
2014-03-11,634.040371056704,143.54337302600857,4.417064735839964,official
2014-03-12,636.289701330536,144.1450728598714,4.414231362240845,official
2014-03-13,644.210887849228,144.34815452970054,4.4628965984922075,official
2014-03-14,627.953762619516,144.4685948247839,4.346645465619142,official
2014-03-15,635.534112241032,144.61431437272978,4.394683299489998,official
2014-03-16,632.003703646914,144.76382752748495,4.365757070956979,official
2014-03-17,623.735263903274,144.96621127743617,4.302625131794127,official
2014-03-18,615.854523428001,145.29009687938742,4.238792158967673,official
2014-03-19,609.213279869461,145.54929985228063,4.1856146370182294,official
2014-03-20,586.537166008565,145.8379420501035,4.021842037561505,official
2014-03-21,570.825111000306,146.32823116049258,3.9009909876804696,official
2014-03-22,563.022271896756,146.57203670710206,3.841266619101808,official
2014-03-23,557.6447871815,146.74199699635648,3.8001717204062992,official
2014-03-24,585.610809414432,147.0281134597774,3.982985264751003,official
2014-03-25,583.974447598317,147.96272184792397,3.9467674040122467,official
2014-03-26,576.782527983007,149.4453133556207,3.859488899531381,official
2014-03-27,474.496112535878,150.80138939277262,3.1464969550116026,official
2014-03-28,502.927662207108,152.35981934462916,3.3009205732222258,official
2014-03-29,492.433627619984,153.2582860065932,3.2130962732990462,official
2014-03-30,460.995724361968,154.0386912935558,2.9927268304521992,official
2014-03-31,456.647066940835,154.83954967252131,2.949162974877045,official
2014-04-01,479.873361199372,155.42644827655639,3.087462697117768,official
2014-04-02,437.214942793284,156.02624128871724,2.8021885240716906,official
2014-04-03,447.992549465074,157.93535361416846,2.836556472083552,official
2014-04-04,446.994766212599,158.33956801255871,2.8230136776497052,official
2014-04-05,463.667150070418,164.91558071650238,2.811542414949159,official
2014-04-06,458.185659954543,166.1003920613104,2.758486324255147,official
2014-04-07,446.281160469535,166.53893588721746,2.6797406750080532,official
2014-04-08,451.667797651288,166.86781086458066,2.706740115490776,official
2014-04-09,440.906037806598,170.05787851174065,2.5926822189314693,official
2014-04-10,364.124870355731,180.8040048554975,2.0139203810598527,official
2014-04-11,422.37832094113,183.34120041793685,2.3037828921065984,official
2014-04-12,422.890062244945,184.01135487440354,2.2981737324503015,official
2014-04-13,417.301905137545,184.2777796537914,2.2645264443794773,official
2014-04-14,459.848064154935,184.69612897900166,2.4897547484994433,official
2014-04-15,518.925193708951,185.01470854150472,2.8047780514301084,official
2014-04-16,530.937602631916,187.30807328894412,2.834568704429969,official
2014-04-17,497.597748720723,188.05216016730432,2.646062391828019,official
2014-04-18,479.402213346884,188.32380043376654,2.5456273303888093,official
2014-04-19,503.487238678145,188.53049931031813,2.670587732594996,official
2014-04-20,498.953650399417,188.75851904923968,2.643343743702818,official
2014-04-21,493.957318438276,189.01202963597783,2.613364447699962,official
2014-04-22,487.244646932982,189.37420573242898,2.5729198179261052,official
2014-04-23,489.552965607197,190.35688356630018,2.571763922772399,official
2014-04-24,501.321738736763,190.72791065458154,2.6284655298546395,official
2014-04-25,464.48617213457,190.93415001636154,2.432703484917534,official
2014-04-26,459.61133846647,191.12696204904924,2.404743598386287,official
2014-04-27,429.123236370122,191.33820829123363,2.242747228598266,official
2014-04-28,439.863274195974,191.56016843082952,2.2962146974453317,official
2014-04-29,445.903356590708,191.83720953905777,2.32438408409982,official
2014-04-30,449.029769048968,192.00115031241356,2.338682702256376,official
2014-05-01,458.805840165877,192.21622409381888,2.386925673568212,official
2014-05-02,450.812353697179,192.4175478947827,2.342885867892315,official
2014-05-03,438.721813554547,192.53014576267617,2.2787175058566724,official
2014-05-04,435.169167225455,192.67574976748512,2.2585570200225153,official
2014-05-05,431.849778453077,192.8487670952821,2.239318326778361,official
2014-05-06,429.238071184612,193.03689115838014,2.2236064236676754,official
2014-05-07,440.114326814283,193.23905616750437,2.2775640470567247,official
2014-05-08,439.679324524169,193.41641298124364,2.2732265465330825,official
2014-05-09,454.355384932296,193.5691503661847,2.347251016356525,official
2014-05-10,457.193549962871,193.71390073350784,2.3601483849722897,official
2014-05-11,437.567614875049,193.8614651587785,2.2571149687570333,official
2014-05-12,441.1546747449,194.00126141382765,2.273978383077958,official
2014-05-13,440.131132926695,194.12155438186994,2.267296562343008,official
2014-05-14,445.529408146216,194.26662808479358,2.293391369060831,official
2014-05-15,448.611682390486,194.45999929210356,2.3069612466500855,official
2014-05-16,449.166281122606,194.5975209472588,2.3081809004357368,official
2014-05-17,451.230549112886,194.73222506338354,2.3171847852404226,official
2014-05-18,449.127884979357,194.95587511839716,2.303741216860485,official
2014-05-19,446.985782021753,195.11226977008567,2.2909158022120666,official
2014-05-20,491.424736603221,195.3106703534294,2.51611822187672,official
2014-05-21,495.03427831101,195.52674749721388,2.5317982559806245,official
2014-05-22,527.691750640225,195.77070518665593,2.6954581899120287,official
2014-05-23,523.888871531554,195.91421449163755,2.6740727970706573,official
2014-05-24,528.108040784233,196.04470718320908,2.6938143261919425,official
2014-05-25,574.000923186107,196.52472138768772,2.920756834728011,official
2014-05-26,586.212068788533,196.71383378719685,2.980024625124696,official
2014-05-27,575.917762156633,202.14938193783783,2.848971174859843,official
2014-05-28,579.491396111656,202.67880719846403,2.859161271578904,official
2014-05-29,569.467543314324,203.14047931919353,2.8033188915515095,official
2014-05-30,621.029459421245,203.62098536195498,3.049928563685654,official
2014-05-31,626.396651839592,204.99403162709098,3.0556823867881358,official
2014-06-01,626.538965784291,205.88028668783386,3.04321980440158,official
2014-06-02,667.260159669021,207.14009680099107,3.221298869576605,official
2014-06-03,671.348575400471,208.19427378580642,3.2246255537804323,official
2014-06-04,642.055652894989,209.23746681356405,3.0685501152003383,official
2014-06-05,661.348221006457,210.08845581915745,3.147951268563469,official
2014-06-06,649.174448735342,211.02340180100168,3.076314964098264,official
2014-06-07,657.491754015786,211.82505713926747,3.1039375742196,official
2014-06-08,659.169023435859,213.01274354624175,3.094505110173203,official
2014-06-09,650.597167334884,213.72618554018166,3.0440685856556793,official
2014-06-10,656.724655188855,214.3795954873503,3.0633729562550918,official
2014-06-11,637.564452522189,215.2046572000049,2.962595981041689,official
2014-06-12,596.478601865419,252.06932939164892,2.3663275627581384,official
2014-06-13,604.732318935248,254.14922607434235,2.3794379714473535,official
2014-06-14,573.141396313358,255.15283052040377,2.246267051572158,official
2014-06-15,593.920477013976,256.1364269569833,2.31876615157797,official
2014-06-16,591.036048107085,271.5469955305946,2.176551601877305,official
2014-06-17,613.965632412383,274.024971166084,2.2405462896308967,official
2014-06-18,608.313569150799,297.7278977662374,2.0431863245426185,official
2014-06-19,596.956806152859,299.16998857790037,1.9953766385140548,official
2014-06-20,591.938977873436,301.24564155389345,1.9649710940881344,official
2014-06-21,595.32859959483,303.36246596303414,1.9624332816023888,official
2014-06-22,603.349486325387,305.50682550396783,1.9749132783861516,official
2014-06-23,591.297419330408,307.73253936481984,1.9214653755851907,official
2014-06-24,580.451965284948,332.78660733158716,1.744216721758241,official
2014-06-25,566.734044843783,333.52630976808166,1.6992184072011076,official
2014-06-26,582.244195106148,336.8405215329718,1.7285455813223907,official
2014-06-27,604.313184303073,338.22839744027095,1.7867014977942262,official
2014-06-28,595.842643566275,338.9903778784671,1.757697806336831,official
2014-06-29,601.233282002367,342.7164493934506,1.7543169668874865,official
2014-06-30,640.811450154161,344.96738684901976,1.857600093757912,official
2014-07-01,641.702926073277,345.7206432777398,1.8561313550425032,official
2014-07-02,654.638678058191,346.93356337041035,1.8869280668565735,official
2014-07-03,644.638854458211,350.2896007948201,1.84030257534195,official
2014-07-04,631.950545601913,351.4230331654244,1.7982615991605668,official
2014-07-05,631.62802302674,352.36146607450326,1.7925570297553157,official
2014-07-06,637.272241944862,353.15392305612437,1.8045169551849622,official
2014-07-07,621.540798351775,354.079181029195,1.7553723337959453,official
2014-07-08,625.698704966266,354.65846732733854,1.7642288641279382,official
2014-07-09,624.273645141518,359.50961685104016,1.7364588202384046,official
2014-07-10,616.224397928506,363.1552193501245,1.6968622921935563,official
2014-07-11,635.986130872417,365.505500733798,1.7400179466399146,official
2014-07-12,636.214094287588,368.0616206938274,1.7285532055427848,official
2014-07-13,629.606558432338,370.3275308254203,1.700134356819253,official
2014-07-14,619.196062352768,371.3696975418119,1.6673306046545537,official
2014-07-15,620.855859938569,372.5850737754606,1.6663465705894849,official
2014-07-16,617.304554188424,373.3339570350228,1.6534915792042837,official
2014-07-17,623.603995872464,374.62310601465725,1.6646170133672036,official
2014-07-18,630.816186224942,376.04592987127745,1.6774977100293942,official
2014-07-19,630.706883563829,377.5283326358502,1.6706213257169906,official
2014-07-20,624.458917838067,378.3349878396369,1.6505449876677902,official
2014-07-21,620.145118753808,379.58424205025887,1.6337483226495415,official
2014-07-22,618.977125810173,380.7191451274738,1.6258103479480255,official
2014-07-23,619.182306571221,383.33762498654886,1.6152401074456175,official
2014-07-24,603.513866536365,414.37575159015233,1.4564410784665893,official
2014-07-25,600.100180749828,415.01589764697917,1.4459691403443182,official
2014-07-26,593.917773411456,415.44733958034675,1.4295861757386303,official
2014-07-27,590.61497745839,416.23864808427044,1.4189335377113175,official
2014-07-28,583.89966013582,417.14432396013433,1.3997545372129339,official
2014-07-29,583.062587976733,417.63345629359145,1.3961108220382774,official
2014-07-30,567.231362288795,418.0944577504145,1.3567062460976442,official
2014-07-31,579.830029413032,419.08728576466206,1.3835543313013672,official
2014-08-01,594.711046101146,422.06700824004446,1.409044143443007,official
2014-08-02,588.869726840964,422.9632423664663,1.3922479966492027,official
2014-08-03,586.97038413595,423.5326701839707,1.3858916335332208,official
2014-08-04,586.57096032065,425.3434087730161,1.3790526624421555,official
2014-08-05,582.866688560504,440.8785261631337,1.3220573331912109,official
2014-08-06,583.015130862117,442.6323744920117,1.3171542897900677,official
2014-08-07,587.179047747364,444.4866388790151,1.3210274424181025,official
2014-08-08,590.191442838535,445.64006820201666,1.3243679932545709,official
2014-08-09,589.219350407157,446.3098402788705,1.320202463022082,official
2014-08-10,588.449022154351,446.6239652343811,1.3175491419175018,official
2014-08-11,572.045679467045,446.9438409717746,1.279905050762677,official
2014-08-12,569.811335708352,447.30379464661945,1.2738799503333442,official
2014-08-13,546.805810335522,447.81923910215966,1.2210413546140229,official
2014-08-14,510.156718963884,448.1187866936022,1.1384408199620957,official
2014-08-15,496.233374028826,448.61020094579555,1.1061571337045557,official
2014-08-16,519.06087957132,448.98047024683046,1.1560878790250326,official
2014-08-17,497.474831467332,449.5653507338185,1.106568445845107,official
2014-08-18,468.08021396563,450.034361731857,1.0400988319299165,official
2014-08-19,487.42917292409,450.46541833156874,1.0820568085546443,official
2014-08-20,512.044340970759,450.88264858608136,1.1356488047975986,official
2014-08-21,517.778434057431,451.42667668427725,1.1469823579335332,official
2014-08-22,514.59782471031,451.9011816914198,1.1387397191222715,official
2014-08-23,499.657053312828,452.7615165485326,1.1035766845243098,official
2014-08-24,511.160292865079,453.02913954083436,1.128316587721406,official
2014-08-25,501.869427506357,453.77780127449273,1.1059805616246383,official
2014-08-26,513.379599590357,454.32238269874273,1.1299896706404944,official
2014-08-27,509.612131620481,454.6330075039086,1.1209307797918737,official
2014-08-28,506.007066984566,455.10662546074246,1.111842892799666,official
2014-08-29,508.57481577692,456.23081267285596,1.1147314071081773,official
2014-08-30,499.407947826712,456.59956372376257,1.0937547634820957,official
2014-08-31,477.688738733479,457.0473273197858,1.0451625251475345,official
2014-09-01,472.973160142747,458.20120403800405,1.0322390163416457,official
2014-09-02,475.474055093567,458.62072818279745,1.036747852583,official
2014-09-03,474.671099387455,459.194369697932,1.0337040928870793,official
2014-09-04,489.890391159088,459.90573246219134,1.065197401511758,official
2014-09-05,482.053870456277,460.52681452649813,1.0467444136817798,official
2014-09-06,483.80253526825,461.57073221784026,1.0481655388841191,official
2014-09-07,480.056383527919,461.87760125854373,1.0393584408939531,official
2014-09-08,471.341300243033,462.15897068442473,1.0198683356616662,official
2014-09-09,473.066372072618,462.63982672055624,1.0225370682545227,official
2014-09-10,478.535387838512,463.1387422898584,1.0332441321417623,official
2014-09-11,477.954410626103,463.5896696917806,1.0309858952290134,official
2014-09-12,474.594874600928,464.07098222555805,1.0226773333788297,official
2014-09-13,478.241302190543,464.46149633019,1.0296683491941316,official
2014-09-14,476.766877968088,464.91530913426215,1.025491887664218,official
2014-09-15,474.769636031563,465.4847492611303,1.0199467045594313,official
2014-09-16,466.358340553949,464.7834357823646,1.0033884700923847,official
2014-09-17,458.129441482918,464.78538643314,0.9856795305005154,official
2014-09-18,424.669952869797,453.88157085046805,0.9356404404657027,official
2014-09-19,393.481893457727,443.3368623736432,0.8875460780567834,official
2014-09-20,408.57534378308,434.92880326325655,0.9394074173003778,official
2014-09-21,399.217836682996,430.54480669982337,0.9272387692771112,official
2014-09-22,404.873704609054,426.96388382270413,0.948262183171392,official
2014-09-23,438.947355668582,435.5963871428231,1.0076928290148104,official
2014-09-24,424.430837884176,434.9005914601823,0.9759260994774599,official
2014-09-25,409.927956782504,428.4370444700714,0.9567985823670755,official
2014-09-26,404.14729148255,424.14046185939367,0.9528619120911138,official
2014-09-27,399.813748328334,421.8408655964878,0.9477833489721125,official
2014-09-28,376.560802960476,419.81973458680625,0.8969583179101706,official
2014-09-29,373.997968334147,414.29211988031864,0.9027397587050127,official
2014-09-30,387.123640861054,410.26131713375713,0.9436025886272881,official
2014-10-01,382.78861753767,407.25286104529135,0.9399286147558811,official
2014-10-02,371.586368279984,404.66757056335905,0.9182509183097599,official
2014-10-03,359.669264705819,394.76711574513934,0.9110922626544724,official
2014-10-04,328.335546481091,388.12313130124375,0.8459571718394998,official
2014-10-05,319.678225627371,380.8263133677752,0.8394331337043097,official
2014-10-06,327.188790776704,362.0192176154931,0.9037884588884364,official
2014-10-07,335.626958905614,354.5643111038166,0.9465897959688963,official
2014-10-08,353.177168921924,364.9326798251617,0.9677871795179601,official
2014-10-09,363.679788520861,364.3063170394968,0.9982802150571333,official
2014-10-10,359.185342823022,364.17638382468874,0.9862949899462196,official
2014-10-11,360.922684734429,364.1444990319454,0.9911523741095051,official
2014-10-12,378.224559260695,365.064805345677,1.0360477200823486,official
2014-10-13,391.00521776464,369.2452864753931,1.0589308302265819,official
2014-10-14,399.092928913598,372.8837938313907,1.070287675452204,official
2014-10-15,394.242616173952,379.4648759030034,1.0389436314383047,official
2014-10-16,381.771232207782,383.32983004289383,0.9959340554453134,official
2014-10-17,382.518126893721,385.0134470803561,0.9935188752352477,official
2014-10-18,390.69972030731,385.4791262375174,1.0135431303913869,official
2014-10-19,387.918443101786,385.7234869116004,1.0056904914133182,official
2014-10-20,380.724498350147,386.1719128726706,0.9858938096196557,official
2014-10-21,383.99956710736,386.33653805515166,0.9939509450502504,official
2014-10-22,379.425962308557,386.5702823543451,0.9815187033977968,official
2014-10-23,358.063095977608,381.0931477166895,0.9395684444155832,official
2014-10-24,357.108255768815,370.49236186859673,0.9638748123381591,official
2014-10-25,345.563899466812,369.2728540402844,0.9357955660318157,official
2014-10-26,353.174317179687,368.68113519666446,0.9579397573225283,official
2014-10-27,349.65252007376,366.8201300021998,0.9531988336399727,official
2014-10-28,353.459514003916,366.80358062091165,0.9636206751460624,official
2014-10-29,333.407201030262,364.52233824904505,0.9146413430566637,official
2014-10-30,344.874983953776,363.11416546865337,0.9497701184658082,official
2014-10-31,336.795815628418,357.80581910362906,0.9412809899854477,official
2014-11-01,325.76687088625,355.8735723260105,0.9154005698063462,official
2014-11-02,323.971035419758,354.33065473628795,0.9143183946669101,official
2014-11-03,325.033517098761,351.7139120903629,0.9241417695619981,official
2014-11-04,329.684117461856,347.55280870572614,0.9485871188599726,official
2014-11-05,338.871369253032,350.14026537659043,0.9678160519143999,official
2014-11-06,349.721545517333,350.6156951423677,0.9974497729638954,official
2014-11-07,342.081335394015,350.84411867269,0.9750237133464678,official
2014-11-08,344.781789353695,350.99132548043616,0.9823085766628518,official
2014-11-09,362.596847999539,352.4235363781922,1.0288667202136854,official
2014-11-10,366.104286608767,354.1966226817478,1.0336187957887968,official
2014-11-11,368.054641890641,355.25003653734103,1.0360439240995096,official
2014-11-12,431.735207360928,357.1293145968836,1.2089044212129636,official
2014-11-13,419.011925020404,365.3360660171429,1.1469218727524768,official
2014-11-14,399.924890033398,366.36433358024186,1.091604322192585,official
2014-11-15,375.73383703901,367.48838758314906,1.0224373061420757,official
2014-11-16,391.629683724836,368.327787993822,1.0632640177868002,official
2014-11-17,387.472106715449,369.23698879346495,1.0493859458164523,official
2014-11-18,373.191911287858,370.40560875911945,1.0075223011284111,official
2014-11-19,376.30648286953,370.9956939993575,1.014314960944484,official
2014-11-20,356.92877164698,366.4937489488051,0.9739013903258655,official
2014-11-21,350.585147053136,363.3476996840365,0.9648750972085451,official
2014-11-22,352.634566580835,363.77704195769525,0.969370042383939,official
2014-11-23,367.85796571858,365.160098010823,1.0073881777402662,official
2014-11-24,376.02181221686,366.3716882529222,1.0263397098448173,official
2014-11-25,377.05923214442,367.3645334853641,1.0263898601399477,official
2014-11-26,369.119330053315,368.5720085164807,1.0014849785772861,official
2014-11-27,370.153762940792,369.1463868434115,1.0027289339223786,official
2014-11-28,377.286738106794,371.9544403094968,1.0143358896128791,official
2014-11-29,376.03374929854,372.05608855941085,1.0106910244488418,official
2014-11-30,379.369571634456,372.307202854998,1.0189691972792925,official
2014-12-01,380.086307391887,372.84976661578526,1.0194087308724504,official
2014-12-02,382.363214227987,373.4142499545059,1.0239652457681283,official
2014-12-03,375.985859681587,373.29652883358625,1.007204274993941,official
2014-12-04,370.26099640248,373.20235937739756,0.9921185841916311,official
2014-12-05,377.551740989351,373.38334610062157,1.0111638479119691,official
2014-12-06,376.276377938286,373.3905292402053,1.0077287677969577,official
2014-12-07,376.430917784047,373.43273807897356,1.0080287007521,official
2014-12-08,361.945295766233,368.9061453282746,0.981131109768184,official
2014-12-09,352.113926603953,367.2685085602075,0.9587370504058064,official
2014-12-10,345.32686674438,360.77988090106743,0.9571677497146108,official
2014-12-11,348.832460823947,358.9286868663369,0.9718712200728896,official
2014-12-12,352.523263124099,362.7763425026948,0.9717371885171382,official
2014-12-13,348.064134001187,361.8737217001915,0.9618386556666152,official
2014-12-14,354.05950516405,362.3306481954331,0.9771723891628349,official
2014-12-15,346.414165172972,361.2722488145354,0.9588728896550507,official
2014-12-16,326.06762526495,360.52469737595703,0.9044252103620102,official
2014-12-17,320.311064317325,359.7479631794664,0.8903763109216893,official
2014-12-18,312.057780928277,358.9322159597623,0.8694058851581601,official
2014-12-19,318.469871085696,358.1321363678488,0.8892524259777279,official
2014-12-20,330.488900318104,357.70179139575976,0.9239229667498435,official
2014-12-21,320.874352689124,348.62117639411554,0.9204098156285727,official
2014-12-22,332.46660630525,347.15372871948637,0.9576927418627725,official
2014-12-23,336.252902313939,345.2496243011555,0.9739413996309846,official
2014-12-24,323.058626990521,343.4591788693501,0.9406026883719146,official
2014-12-25,319.075829402798,343.02513602476614,0.9301820650827203,official
2014-12-26,328.021054619527,342.9696890385285,0.9564141237643825,official
2014-12-27,316.236593310823,342.4570169325709,0.9234344097936511,official
2014-12-28,317.217751330565,342.18275453927987,0.927041901213496,official
2014-12-29,312.991088322749,340.95899738814387,0.9179728082272706,official
2014-12-30,311.33815552032,335.36737827531823,0.9283495524264392,official
2014-12-31,322.140070174456,333.8070224847559,0.9650488110661821,official
2015-01-01,314.768935302014,333.52805552119185,0.9437554955013794,official
2015-01-02,316.202080790647,333.0067124233668,0.9495366579537433,official
2015-01-03,279.754184919859,331.01250203685686,0.8451468847805317,official
2015-01-04,264.117167123522,329.86541794882726,0.8006815893762318,official
2015-01-05,274.933754722416,328.40047883494736,0.8371904806527292,official
2015-01-06,288.393379604576,327.3204717308254,0.8810734570911245,official
2015-01-07,298.067454450802,326.01036278137343,0.9142882818442484,official
2015-01-08,283.460201292936,324.9056218644841,0.8724385859077727,official
2015-01-09,291.36812101832,318.77447507102033,0.9140258828860296,official
2015-01-10,275.832689140817,315.7582398832491,0.8735565831720039,official
2015-01-11,266.934482518228,314.2018301437645,0.8495637418664649,official
2015-01-12,268.230027341168,311.83534148654763,0.860165579893834,official
2015-01-13,228.417294258685,307.724557283669,0.7422784072709661,official
2015-01-14,178.498024352187,297.28308180384056,0.6004311556147256,official
2015-01-15,210.054440590328,296.0734244219178,0.709467393098379,official
2015-01-16,208.447981731802,295.38309441207605,0.7056869051585103,official
2015-01-17,200.638757474675,294.992852236711,0.6801478610528384,official
2015-01-18,211.255776340249,294.61405827491313,0.7170593880592079,official
2015-01-19,216.299297195678,294.1059232468659,0.7354469260862904,official
2015-01-20,211.858954423213,293.3791268388935,0.7221337001918116,official
2015-01-21,227.6633105251,286.9061916941621,0.7935113187371915,official
2015-01-22,234.309861085428,285.81326790664104,0.8198005040198614,official
2015-01-23,233.318179638072,284.1443054319558,0.821125657554115,official
2015-01-24,249.0344479994,282.90289151843945,0.8802824413096112,official
2015-01-25,254.67326692523,282.0733835548855,0.9028617436911626,official
2015-01-26,275.740812337644,282.5035199076175,0.9760615104116757,official
2015-01-27,265.303292695851,280.56785679492947,0.9455940382000511,official
2015-01-28,234.657661705218,279.3835903873223,0.8399121128764268,official
2015-01-29,234.140894579057,277.7671220833044,0.8429395560675336,official
2015-01-30,227.435079866942,276.17819321020664,0.8235084646738747,official
2015-01-31,216.661493081224,272.6627123014479,0.7946135767977301,official
2015-02-01,227.215880846913,271.59718477612245,0.8365914434430056,official
2015-02-02,238.888244353622,269.4607731190673,0.8865418204974268,official
2015-02-03,228.170783062756,267.5416237177912,0.852842185421718,official
2015-02-04,227.413695746619,261.6598605115602,0.8691195329005068,official
2015-02-05,216.652884237769,253.25856358427575,0.8554612376046047,official
2015-02-06,222.782326749036,250.623421527677,0.8889126378973865,official
2015-02-07,228.81604404432,247.46876941173653,0.9246259420461161,official
2015-02-08,224.043052040395,246.76549017028398,0.9079188985696134,official
2015-02-09,220.746232372678,245.9754637897786,0.8974319184995517,official
2015-02-10,220.898643383192,245.51807002242862,0.8997245838687654,official
2015-02-11,219.915894999565,244.4334977580615,0.8996962241944276,official
2015-02-12,222.730732214727,244.00841402980006,0.912799393005872,official
2015-02-13,236.211753155932,244.79573391823914,0.9649341080217756,official
2015-02-14,256.9579253513,248.79663014225886,1.032803077776313,official
2015-02-15,235.558310659537,245.7657929104489,0.9584666273933766,official
2015-02-16,233.926203485919,245.50718454571674,0.9528283415362078,official
2015-02-17,244.250555148108,247.84470589486665,0.9854983759536777,official
2015-02-18,236.724403808332,246.01107792260962,0.9622509921394717,official
2015-02-19,240.464724160133,245.4537027161494,0.9796744620235539,official
2015-02-20,244.904421993006,247.29024611568065,0.9903521300975269,official
2015-02-21,245.639535020527,248.72146247660908,0.9876089203344407,official
2015-02-22,237.013727198022,246.80861283019848,0.9603138418880249,official
2015-02-23,241.400249183473,246.20065124553196,0.9805020740693671,official
2015-02-24,239.81619784617,245.7966577897427,0.9756690754164425,official
2015-02-25,238.144959850153,245.43702473017055,0.9702894667663351,official
2015-02-26,237.026890803584,245.28581373314356,0.9663293901760467,official
2015-02-27,254.524248055764,247.0006036028817,1.0304600245632538,official
2015-02-28,255.190399632925,249.51734493914714,1.0227361135762383,official
2015-03-01,261.442621102367,252.69597483146558,1.0346133185411241,official
2015-03-02,276.904779787956,256.42638087540183,1.0798607336836559,official
2015-03-03,282.79462109708,260.0141259631666,1.0876125289329106,official
2015-03-04,273.266893807169,263.43401915266594,1.0373257587844216,official
2015-03-05,276.962909014191,266.4014152286923,1.039645036331478,official
2015-03-06,273.245670757607,269.04863340912664,1.0155995490305953,official
2015-03-07,276.94490403045,272.06997683171244,1.017917916763572,official
2015-03-08,275.47637778122,272.996954415482,1.0090822381921687,official
2015-03-09,290.385012464833,275.5606414576398,1.0537971276622682,official
2015-03-10,292.234721966485,277.3118250209655,1.053812696030511,official
2015-03-11,296.790683379287,278.2503966355899,1.0666316633071267,official
2015-03-12,295.71516814434,282.20068470870024,1.047889619579024,official
2015-03-13,283.309264141822,282.67584483540105,1.0022407974292595,official
2015-03-14,282.714236895228,282.975084721291,0.999078195077422,official
2015-03-15,287.162559360781,283.25301653488805,1.0138022989965632,official
2015-03-16,291.199988376731,283.61256024271796,1.026752793062196,official
2015-03-17,285.188942977154,284.1655108218886,1.0036015354301984,official
2015-03-18,257.359681056435,280.3277350453652,0.9180671367204772,official
2015-03-19,262.037758203903,278.7486319273202,0.9400503829996399,official
2015-03-20,262.506448036766,277.75409638655486,0.945103785873356,official
2015-03-21,260.725863238597,277.10745184688017,0.9408836229444488,official
2015-03-22,268.567775053706,276.65978906317355,0.9707510294977497,official
2015-03-23,267.070101181274,274.9704183685526,0.9712684832275685,official
2015-03-24,245.814653851155,273.792554159558,0.8978135092304288,official
2015-03-25,246.377932084561,272.86726616591926,0.9029222725995606,official
2015-03-26,249.406950057081,270.98653026594445,0.9203665946507179,official
2015-03-27,247.062633672772,269.9683646476736,0.9151540181206229,official
2015-03-28,253.067479795123,269.426210434053,0.9392830763845298,official
2015-03-29,242.653926393489,268.99073796037396,0.9020902661311531,official
2015-03-30,248.159199435361,267.38726099153183,0.9280890888935064,official
2015-03-31,244.681899157694,266.22657463714904,0.9190739109766967,official
2015-04-01,247.171610023695,262.55882562068103,0.9413951690231279,official
2015-04-02,253.517267987472,263.50976340737316,0.9620792213135069,official
2015-04-03,254.418209008103,263.54292220867626,0.9653767472709883,official
2015-04-04,253.836932590118,263.5432257521524,0.9631700145798374,official
2015-04-05,260.794183654991,263.5367890405667,0.9895930833962103,official
2015-04-06,255.876907049085,263.46784250389993,0.9711883796418055,official
2015-04-07,253.916693452976,263.41750221334763,0.9639325075951988,official
2015-04-08,245.39207278576,262.34631946921434,0.9353745586453944,official
2015-04-09,243.464074481051,261.24971766401205,0.9319209094578437,official
2015-04-10,236.300607027942,259.40428746334027,0.9109356261558963,official
2015-04-11,236.994656565877,258.9268785271437,0.9152956924131478,official
2015-04-12,236.685472574944,258.4017194879418,0.9159593560134525,official
2015-04-13,224.733687860142,257.09588874007096,0.8741240047107568,official
2015-04-14,219.199872428885,256.23593309017036,0.8554610970653665,official
2015-04-15,223.735949018315,255.0765581316883,0.8771325387839322,official
2015-04-16,228.310457040882,254.63831880590055,0.8966068347903007,official
2015-04-17,222.676492906216,254.038970419422,0.8765446204516335,official
2015-04-18,223.457987382011,253.81259231360357,0.8804054414523008,official
2015-04-19,222.593754731546,253.61288415938137,0.8776910347806242,official
2015-04-20,224.516104568847,253.0176066239543,0.8873536808943598,official
2015-04-21,236.176204496744,252.2738073301319,0.9361899556527398,official
2015-04-22,234.033020483586,251.78293567469782,0.929503104952098,official
2015-04-23,236.067894710619,251.52150225299204,0.9385594972837388,official
2015-04-24,231.131522376691,251.17645871368657,0.9201958000377553,official
2015-04-25,226.300129721107,250.95102775563117,0.9017700853629159,official
2015-04-26,219.985881505856,250.59411283356775,0.8778573407746406,official
2015-04-27,227.420895229266,250.02754028608626,0.9095833801710271,official
2015-04-28,225.400783145217,249.63241013359044,0.9029307653785583,official
2015-04-29,225.472529404053,249.14617611681663,0.9049808948235118,official
2015-04-30,236.31126415132,248.74165769609775,0.9500268927211031,official
2015-05-01,232.083518300565,248.37595835345738,0.9344041180116676,official
2015-05-02,234.972882499311,248.15066963305523,0.9468960242854454,official
2015-05-03,240.422745292043,247.79857492295565,0.9702345760737087,official
2015-05-04,238.846970593072,247.3255160115732,0.9657190832744307,official
2015-05-05,235.958639530977,247.00153287320634,0.9552922072435153,official
2015-05-06,229.255589867336,246.88141501369972,0.9286061077323878,official
2015-05-07,237.248000492583,246.7614006645546,0.9614469680170764,official
2015-05-08,244.264222488293,249.1011242811699,0.98058257742981,official
2015-05-09,242.457307617779,247.9942217040209,0.9776732133184532,official
2015-05-10,240.667179829205,247.58869197625162,0.9720443123157235,official
2015-05-11,242.121705015745,246.86519570184063,0.9807850974188166,official
2015-05-12,241.714121947591,246.44746078733314,0.9807937203953313,official
2015-05-13,235.949581410801,246.33826035761763,0.957827586621197,official
2015-05-14,237.024247134343,246.1303182138212,0.9630030499876595,official
2015-05-15,237.615826910471,246.04158783136435,0.9657547287222502,official
2015-05-16,236.043423876757,245.99298571280738,0.9595534734162448,official
2015-05-17,236.323159249796,245.9544417648761,0.9608411930031853,official
2015-05-18,233.258272506077,245.7437766809096,0.9491929995401486,official
2015-05-19,231.905281340696,245.45340540303647,0.9448036826374671,official
2015-05-20,234.300874954825,245.54437196978205,0.9542099176423366,official
2015-05-21,235.441677181669,245.55444127052533,0.9588166109456958,official
2015-05-22,240.394033357009,245.37815694834995,0.9796879899444755,official
2015-05-23,238.834261930659,245.3179210214418,0.9735703813900489,official
2015-05-24,240.592708065407,245.29775356162955,0.980819043680967,official
2015-05-25,237.270561981445,245.24045905255656,0.9675017038301843,official
2015-05-26,236.990935919274,245.16285048936396,0.9666674026926257,official
2015-05-27,236.373990495343,245.07095920615103,0.9645124467665211,official
2015-05-28,236.907336252847,244.9467528363017,0.9671789215804487,official
2015-05-29,236.50714436584,244.92395946752,0.9656349867935391,official
2015-05-30,232.705976088453,244.46221834302403,0.9519097783933429,official
2015-05-31,229.158445631166,244.27501198852184,0.9381166078580884,official
2015-06-01,222.71461175706,243.8620358890415,0.9132811958413909,official
2015-06-02,225.155886806167,243.50674700966033,0.9246392125522283,official
2015-06-03,225.207660987276,243.1207991530018,0.9263200095255831,official
2015-06-04,223.649852368618,242.93835973894926,0.9206032864013003,official
2015-06-05,224.570832679346,242.76227213512178,0.9250647998316214,official
2015-06-06,225.366714978606,242.67546098115045,0.9286753348172732,official
2015-06-07,223.31836031038,242.5447492818035,0.9207305496063941,official
2015-06-08,228.722497360537,242.32157128208127,0.9438800522396998,official
2015-06-09,229.113378969026,242.188047975765,0.9460143920560137,official
2015-06-10,228.541494276328,241.89902299262056,0.9447805594622015,official
2015-06-11,229.648699111149,241.69581882401215,0.9501558621432541,official
2015-06-12,229.502462521495,241.51384533720824,0.9502662764573906,official
2015-06-13,232.895157057637,241.3809384820549,0.9648448569394855,official
2015-06-14,233.225041845115,241.27508012859616,0.966635434213966,official
2015-06-15,236.640350950239,242.13139598076563,0.9773220444697605,official
2015-06-16,251.676431485259,243.72037983276937,1.0326441787836895,official
2015-06-17,248.802178319007,244.51044548401893,1.0175523496613506,official
2015-06-18,249.35498899291,245.0375935075702,1.0176193188299754,official
2015-06-19,244.749210877899,246.54869961909137,0.9927012848010454,official
2015-06-20,245.384932928953,246.88107743703674,0.9939398170017087,official
2015-06-21,244.189452137555,247.1138822885997,0.9881656581817232,official
2015-06-22,246.671569536778,247.4986043888882,0.9966584261994031,official
2015-06-23,244.253533228932,247.75969374128857,0.9858485435648879,official
2015-06-24,239.954934881386,246.27982433275966,0.9743182801575017,official
2015-06-25,242.227365958915,245.68438730492005,0.9859290149287568,official
2015-06-26,243.198343582627,246.82001173201843,0.985326683505211,official
2015-06-27,251.484055607899,247.16205334148918,1.0174865122213497,official
2015-06-28,248.863670375304,247.43183761015436,1.0057867765885713,official
2015-06-29,256.674809707184,248.02380314009181,1.0348797432245074,official
2015-06-30,263.028279741073,248.6638430433992,1.057766487165433,official
2015-07-01,258.12526544978,249.04912162884716,1.0364431874385762,official
2015-07-02,254.73761148021,249.3897226872997,1.0214439020793804,official
2015-07-03,256.309610586103,249.67173499308308,1.02658641192686,official
2015-07-04,260.531962207499,249.79819437947762,1.0429697574663623,official
2015-07-05,271.497949792451,250.13345168363978,1.0854123987215925,official
2015-07-06,268.985961590127,250.61614960131698,1.0732985963515635,official
2015-07-07,265.804671137808,251.0917270039988,1.0585958936575193,official
2015-07-08,270.606162598582,251.4620554943411,1.076131196281706,official
2015-07-09,269.349721600106,251.7842599765686,1.0697639384811906,official
2015-07-10,285.591689123489,252.26448084375835,1.1321121711953261,official
2015-07-11,293.281271902306,252.5309726242527,1.1613675299096349,official
2015-07-12,311.378145060733,252.893837547796,1.231260310966983,official
2015-07-13,292.71137116033,253.11142929169264,1.156452602632184,official
2015-07-14,287.71004393242,253.38984542065168,1.135444253714246,official
2015-07-15,285.701404472478,253.6872329827674,1.126195438033278,official
2015-07-16,278.695773336721,254.0411103235439,1.0970498947267913,official
2015-07-17,280.04323655991,254.3489319378821,1.1010199037450765,official
2015-07-18,277.170726503663,254.4464591041635,1.0893086407234962,official
2015-07-19,274.857221623951,254.56569039666778,1.07971039300569,official
2015-07-20,279.983602447802,254.75249153331606,1.0990416649612484,official
2015-07-21,276.664715026322,254.97282388752336,1.0850753064897913,official
2015-07-22,278.53248806537,255.22528133526438,1.0913201333667617,official
2015-07-23,277.179900689709,255.56408093678183,1.0845808208794183,official
2015-07-24,289.109321173029,255.71147926517546,1.1306075190829412,official
2015-07-25,289.407999845346,256.0755506352882,1.1301664650426977,official
2015-07-26,293.547474959739,256.26793678905426,1.1454709420061833,official
2015-07-27,294.560217440311,256.7511306637872,1.147259670011091,official
2015-07-28,295.182971760849,257.1897291836518,1.1477245716529656,official
2015-07-29,290.271364850803,257.6816199272149,1.1264729123202246,official
2015-07-30,288.431060334512,258.067022064542,1.117659505763491,official
2015-07-31,284.832682294093,258.82413567745107,1.1004873310928545,official
2015-08-01,280.481553050013,259.11959908307483,1.0824405179790721,official
2015-08-02,282.353833298814,259.3489660291447,1.0887023674005474,official
2015-08-03,281.124037339822,259.87246282196435,1.0817769389149048,official
2015-08-04,285.348024161186,260.22283404474746,1.096552595811473,official
2015-08-05,282.632066508184,260.56575743020693,1.0846861433198396,official
2015-08-06,279.729985423356,261.1193090602285,1.071272693046361,official
2015-08-07,280.1314225305,261.4111438219063,1.0716123973710447,official
2015-08-08,261.89391631623,266.1638363251027,0.983957550102121,official
2015-08-09,266.002406307537,266.421846563697,0.998425653670786,official
2015-08-10,265.096023801662,266.475881876632,0.9948218275318108,official
2015-08-11,271.905537029027,266.70098664855465,1.0195145524052023,official
2015-08-12,267.508235397728,266.69308513325865,1.0030565106855398,official
2015-08-13,264.762228855632,266.73673536899395,0.9925975456262877,official
2015-08-14,266.109674168983,266.81713421530327,0.9973485209321326,official
2015-08-15,262.421933246517,266.8356149310348,0.9834591732229654,official
2015-08-16,259.136901969678,263.5473748201714,0.9832649714173671,official
2015-08-17,257.797618188099,262.29968220734247,0.9828361819528068,official
2015-08-18,221.28645398457,258.3511371094094,0.8565336946469763,official
2015-08-19,226.724132571822,255.56134558438725,0.8871612882354186,official
2015-08-20,235.72490930065,252.71358934769464,0.9327749643741127,official
2015-08-21,233.05363107953,251.07027203123172,0.9282406443186529,official
2015-08-22,230.781798486419,250.11326755593885,0.9227091419082905,official
2015-08-23,229.063605356582,249.60039733931774,0.9177213169463945,official
2015-08-24,210.588575268171,248.16727400581752,0.8485751238224682,official
2015-08-25,222.766193802633,246.48981474726452,0.903754153213364,official
2015-08-26,226.18974218978,245.1747878571389,0.9225652611620844,official
2015-08-27,225.510071905413,244.8521918569701,0.9210049140060149,official
2015-08-28,231.742139631433,244.36607659365345,0.9483400595606718,official
2015-08-29,230.590426923,244.03934176539667,0.9448903822428534,official
2015-08-30,229.455556872449,243.8160275250628,0.9411012032376025,official
2015-08-31,230.680127431229,243.4802656668954,0.9474284365486186,official
2015-09-01,228.276893523674,243.13428610378674,0.9388922359811871,official
2015-09-02,229.588190258913,242.82198512092404,0.9455000137017219,official
2015-09-03,227.448328465297,242.38067756688403,0.9383929888657626,official
2015-09-04,230.869808962943,242.13649745724894,0.9534696808923028,official
2015-09-05,235.745612975168,243.24230903422324,0.969180131167064,official
2015-09-06,240.724726776629,243.46693964723443,0.9887368162815917,official
2015-09-07,240.62639793783,243.68861311810744,0.9874339012352896,official
2015-09-08,244.251385076155,245.85344376324937,0.9934836841714647,official
2015-09-09,238.755756612232,244.754431970281,0.9754910450047444,official
2015-09-10,239.082148407599,244.45414543007257,0.9780245206600096,official
2015-09-11,240.532796720489,244.3634780165596,0.9843238387046896,official
2015-09-12,235.553351518181,244.32675196323922,0.9640915275361323,official
2015-09-13,230.46285839457,243.7994996078636,0.9452966834027766,official
2015-09-14,230.54530640765,243.2300618051551,0.9478487350479461,official
2015-09-15,230.766108255201,242.82574267045294,0.9503362605520022,official
2015-09-16,229.042048279824,242.54113243700917,0.9443431140048336,official
2015-09-17,233.19946644751,242.1703174168131,0.9629564388196145,official
2015-09-18,232.54026176469,241.90526024178055,0.9612865033702435,official
2015-09-19,231.200678339246,241.7388717572621,0.9564067071985103,official
2015-09-20,230.69871367266,241.594132276196,0.9549019734010754,official
2015-09-21,226.853208637253,241.36918349013644,0.9398598667692944,official
2015-09-22,231.021276104909,241.06541565979157,0.9583343818631471,official
2015-09-23,230.127125021192,240.6446833148718,0.9562942419969525,official
2015-09-24,234.520176790912,241.99575843776523,0.969108625311812,official
2015-09-25,235.420806874745,242.32729717125775,0.9714993301327015,official
2015-09-26,234.320148427562,242.4956057329111,0.9662861630806058,official
2015-09-27,232.802110941509,241.91391254882794,0.9623345283811248,official
2015-09-28,239.781819791489,242.50035565074353,0.9887895592896785,official
2015-09-29,237.063620808883,242.668158422389,0.9769045199422055,official
2015-09-30,236.45802395193,242.7645970497633,0.9740218583167605,official
2015-10-01,237.784117520762,242.78019485734947,0.9794213966278303,official
2015-10-02,238.098753463372,242.86890867194168,0.9803591359855245,official
2015-10-03,239.489896818048,242.94172355121495,0.9857915442324617,official
2015-10-04,239.031018072205,242.9654074661845,0.9838067919420707,official
2015-10-05,241.137658117686,242.9792577870579,0.9924207535814196,official
2015-10-06,246.88566279251,244.09091937601423,1.0114496001065512,official
2015-10-07,243.708696104396,244.80148601903562,0.9955360160086829,official
2015-10-08,243.134971605953,245.25637569492216,0.99135025916061,official
2015-10-09,244.663458327449,245.60961607883928,0.9961477169888716,official
2015-10-10,245.906034046475,245.92141765649214,0.9999374450173404,official
2015-10-11,248.219397004731,246.16146592845197,1.00836008620812,official
2015-10-12,246.208993006364,246.46513529947512,0.9989607361998691,official
2015-10-13,250.535523241077,246.91043875987089,1.014681778945489,official
2015-10-14,253.008794847023,247.2443139042367,1.0233149181542716,official
2015-10-15,254.955682538724,247.6922265133611,1.0293245215144897,official
2015-10-16,263.29400534838,248.06764850956463,1.0613798571893516,official
2015-10-17,272.080794170223,248.50599263324574,1.0948661289298154,official
2015-10-18,263.823962095721,248.827536733913,1.0602683511585964,official
2015-10-19,264.697732389019,249.3347114493681,1.0616160535785273,official
2015-10-20,270.865148725385,249.97868912959242,1.0835529607284433,official
2015-10-21,268.059952475296,250.44100946146273,1.0703516690486123,official
2015-10-22,275.500186087408,250.8691782449796,1.0981826783773958,official
2015-10-23,278.851855729363,251.25345416577323,1.1098428742212665,official
2015-10-24,283.557116020959,251.52239239691002,1.1273633067766673,official
2015-10-25,284.609802876575,251.93497132292515,1.1296954979377114,official
2015-10-26,286.93731881789,252.2360002025232,1.1375748052914918,official
2015-10-27,295.266625889108,252.6553899613226,1.1686535796220634,official
2015-10-28,304.702423164543,253.09750717886868,1.2038934186309633,official
2015-10-29,314.61544625625,253.79804030036357,1.2396291393105736,official
2015-10-30,328.571284693559,255.0342378988301,1.288341861079454,official
2015-10-31,313.581334562516,255.56357220423027,1.2270189051510112,official
2015-11-01,328.067559319726,255.99846016399627,1.2815216119251702,official
2015-11-02,363.810011669093,256.8920217474595,1.4161981722684263,official
2015-11-03,404.608227819912,258.1813301031853,1.5671475069797083,official
2015-11-04,409.881965863057,261.22288344633233,1.5690890493798042,official
2015-11-05,387.483528922289,262.63590393487965,1.4753638901494794,official
2015-11-06,375.317477115691,263.42298805932654,1.4247711632181632,official
2015-11-07,385.28212926303,264.74993712503397,1.4552680670933344,official
2015-11-08,373.947186342058,265.2481897115346,1.4098010876105764,official
2015-11-09,380.30606873944,265.84474493608934,1.4305570299343995,official
2015-11-10,338.472191069265,266.16756693381416,1.2716507686055916,official
2015-11-11,312.418710175159,266.5682617057512,1.1720026539394228,official
2015-11-12,337.389460603109,267.04854170212724,1.2634012470266243,official
2015-11-13,338.089460295976,267.4437901308146,1.2641514694755356,official
2015-11-14,333.759005342778,267.59771853376697,1.2472415952255678,official
2015-11-15,320.427968537442,267.7520894046514,1.1967337743280204,official
2015-11-16,331.964578417978,267.99450061234666,1.2386992183028556,official
2015-11-17,336.26314736216,269.5425791424055,1.2475325732655564,official
2015-11-18,335.594386662454,269.8187600826061,1.2437770693176056,official
2015-11-19,326.417595387495,270.0456039318993,1.2087498949614885,official
2015-11-20,322.257899492753,270.2917934146014,1.1922592817993576,official
2015-11-21,327.767536288257,270.4982109307919,1.2117179450481381,official
2015-11-22,324.97449138624,270.84624490900524,1.1998486133541189,official
2015-11-23,323.869883979887,270.99523832909296,1.1951128218222926,official
2015-11-24,320.664072080467,271.2487612622997,1.1821770930425828,official
2015-11-25,329.526395116263,271.4884983224672,1.213776631984092,official
2015-11-26,353.70626231388,271.753820426507,1.3015686835929368,official
2015-11-27,358.52675568378,272.0760926930747,1.3177444300048409,official
2015-11-28,358.088117478038,272.2406271170217,1.315336807992714,official
2015-11-29,372.913160491114,272.3717197594627,1.369133186148847,official
2015-11-30,377.022597147155,272.7032540598073,1.38253794751004,official
2015-12-01,362.866934008014,272.9680377920929,1.329338544333139,official
2015-12-02,359.198421304981,273.39695733997945,1.3138347434434108,official
2015-12-03,361.169970348777,273.55829559758706,1.320266927236853,official
2015-12-04,363.620423357541,273.8028769248512,1.328037263309477,official
2015-12-05,389.173732973588,274.07194617781397,1.4199692394678647,official
2015-12-06,389.784425451806,274.52260767041906,1.4198627528693946,official
2015-12-07,396.100592490888,274.917504309446,1.4407980076999347,official
2015-12-08,419.882497681383,275.16554645045017,1.52592685784153,official
2015-12-09,418.253802410773,276.544380192136,1.512429224271999,official
2015-12-10,415.310705277168,277.0420706976399,1.499088944257974,official
2015-12-11,455.119332310002,277.79757175664344,1.6383128528880597,official
2015-12-12,436.049334940315,278.3192010136521,1.5667238672438053,official
2015-12-13,432.978863720496,278.63333639369677,1.5539377639605756,official
2015-12-14,443.814185310798,280.0618656078881,1.5847005244626127,official
2015-12-15,465.345572154734,280.8049695552324,1.6571842474575713,official
2015-12-16,454.970162562658,281.2248923420354,1.6178161142624161,official
2015-12-17,455.945397306226,281.5394590675013,1.6194724491422339,official
2015-12-18,463.42890573493,282.0396363672689,1.6431339640909834,official
2015-12-19,462.10771084085,282.8128532778055,1.6339699751443904,official
2015-12-20,442.566914355652,283.38199413223543,1.5617326559892002,official
2015-12-21,437.928631858315,283.9600357582325,1.5422192446516434,official
2015-12-22,435.378727225096,284.4368266743391,1.5306693310974642,official
2015-12-23,442.63043264049,285.2837097327198,1.551544716854626,official
2015-12-24,456.187859154412,285.7056878939192,1.5967055556968532,official
2015-12-25,455.864706860311,285.94899396382556,1.5942168585421947,official
2015-12-26,417.109834368222,286.1959469468143,1.4574274682014847,official
2015-12-27,422.826135957318,286.4280964122232,1.4762034215693445,official
2015-12-28,420.977708644353,286.6385546596149,1.4686709160401215,official
2015-12-29,432.273347877249,286.79388748839676,1.5072613703970177,official
2015-12-30,425.274409568321,286.96881193836305,1.481953410531818,official
2015-12-31,429.722705949813,287.22023220801066,1.4961435782093484,official
2016-01-01,434.453776034672,287.3273457887693,1.512051610827407,official
2016-01-02,433.477435119787,287.4439674182471,1.5080415115793786,official
2016-01-03,429.318950976069,287.76084806163993,1.4919296835131184,official
2016-01-04,433.415271946132,287.96344950479784,1.505105153766783,official
2016-01-05,432.437052132974,288.16491264268547,1.500658245194414,official
2016-01-06,429.611969746033,288.31733679902845,1.4900663779559464,official
2016-01-07,458.529580553185,289.13953325774014,1.58584187844161,official
2016-01-08,454.069380510657,289.3986112171339,1.5690102264173331,official
2016-01-09,449.623332114129,289.5205948381355,1.5529925681642904,official
2016-01-10,449.476895984764,290.3849473675836,1.5478656867698928,official
2016-01-11,449.185004562252,290.82351121633457,1.544527822677023,official
2016-01-12,433.522185372488,291.1440183397228,1.4890300265988312,official
2016-01-13,431.997844033698,291.57177870576504,1.4816174800978996,official
2016-01-14,430.421706232047,291.7874290354018,1.475120801656692,official
2016-01-15,359.581334134628,292.5596210010242,1.2290873665486775,official
2016-01-16,388.517954202653,292.87976591324633,1.3265441980643196,official
2016-01-17,380.850957413971,293.1039337684128,1.2993717024449385,official
2016-01-18,386.358535612733,293.3843468822837,1.3169023491486882,official
2016-01-19,378.617904719957,293.78499805019294,1.2887584704215238,official
2016-01-20,419.190108879924,293.99926016371734,1.4258202848758617,official
2016-01-21,410.962264235009,294.30988913461874,1.3963590059559057,official
2016-01-22,382.622160769312,294.610448281163,1.298739277583783,official
2016-01-23,386.542015071726,294.9778255009698,1.3104104161567058,official
2016-01-24,403.039977646787,295.22027965758684,1.3652177896256164,official
2016-01-25,391.497963699594,295.82840062499133,1.3233954646426216,official
2016-01-26,392.175046200072,296.2066417174633,1.3239913998084762,official
2016-01-27,395.142871374838,296.6026709543011,1.3322296461575676,official
2016-01-28,379.270670075264,296.84508326692816,1.2776720634925165,official
2016-01-29,378.231321662581,297.060775875823,1.273245586016677,official
2016-01-30,377.757392343445,299.0910162162349,1.2630181846396096,official
2016-01-31,367.390081344685,300.13204862662855,1.2240948043563553,official
2016-02-01,371.758066557955,301.2366553777104,1.2341063410487683,official
2016-02-02,373.692988402788,301.8558950889174,1.2379847287484964,official
2016-02-03,369.895271285912,302.1560748877679,1.2241861144883648,official
2016-02-04,389.650185811516,302.7059630550157,1.2872233565504574,official
2016-02-05,386.262091129519,303.1666719395558,1.274091537365725,official
2016-02-06,374.754246042917,303.7870041341556,1.2336085511986599,official
2016-02-07,375.072911094778,304.4132167057149,1.232117695656335,official
2016-02-08,371.863861586451,304.8542691717504,1.2198086075578243,official
2016-02-09,374.573677555094,305.2449921071665,1.227124726827909,official
2016-02-10,380.646809885967,306.0567920788308,1.2437129962073317,official
2016-02-11,378.252660315212,306.8442084447797,1.232718916978624,official
2016-02-12,384.41799823713,307.616847926252,1.2496649674054598,official
2016-02-13,393.064929489879,308.0674372445905,1.2759054738323565,official
2016-02-14,408.243359068918,308.9740781806868,1.3212867612479093,official
2016-02-15,400.303915356537,310.1750124656499,1.2905743508299798,official
2016-02-16,407.9715124151,311.3044801391235,1.3105224577326209,official
2016-02-17,415.657038576859,314.68960564692196,1.3208476896539803,official
2016-02-18,422.563912098138,315.28753730733257,1.3402493346453963,official
2016-02-19,421.211398853853,318.38407005539585,1.3229663116642931,official
2016-02-20,438.543014939951,319.51525380084644,1.372526067920671,official
2016-02-21,440.687369252635,319.9980464178335,1.37715643637778,official
2016-02-22,440.390576991895,320.4385022053024,1.374337272085176,official
2016-02-23,421.625508455679,320.7812993376253,1.3143705986798009,official
2016-02-24,426.324852910033,321.41902720438236,1.3263833713209008,official
2016-02-25,425.336016543536,321.91686926810775,1.3212604158041057,official
2016-02-26,434.751304188172,322.3548888453876,1.3486729044047274,official
2016-02-27,434.402755906035,322.6619008784084,1.3463094177633785,official
2016-02-28,434.676264035956,323.2899905892,1.3445398146838792,official
2016-02-29,438.681150185598,324.5330679105204,1.3517302042901536,official
2016-03-01,434.99573014089,328.00679348906556,1.3261790267017473,official
2016-03-02,423.127811923627,329.18187844052113,1.2853921787194633,official
2016-03-03,421.42603161282,330.292826115461,1.2759163938531968,official
2016-03-04,409.930006166618,331.1482459257133,1.237904809130645,official
2016-03-05,398.557233797884,332.8380170093999,1.1974510525539759,official
2016-03-06,405.597840854642,333.34089101440316,1.216765934777311,official
2016-03-07,413.921772182587,333.981564423916,1.239355150924452,official
2016-03-08,412.787292407244,334.45962749057924,1.2341916885584974,official
2016-03-09,413.970007076342,334.79440754736834,1.2364902093466763,official
2016-03-10,417.086200784099,335.2434644646821,1.2441292523035568,official
2016-03-11,420.775011360991,335.5985623973916,1.2538045704222642,official
2016-03-12,410.349614120233,336.00623330864835,1.221255957306287,official
2016-03-13,413.086415446106,336.42027260490255,1.227887999280119,official
2016-03-14,416.81153173554,336.8217348208574,1.2374840713804474,official
2016-03-15,417.27838822383,337.24582037998834,1.2373122601005575,official
2016-03-16,418.384074127204,337.8688382599147,1.238303231164961,official
2016-03-17,420.428290699209,338.33500997362904,1.2426390361789004,official
2016-03-18,409.524714934685,338.6320145823765,1.2093502601629031,official
2016-03-19,410.825726112757,338.80879565269936,1.2125592115202335,official
2016-03-20,413.267828777134,338.99707613087435,1.219089655562653,official
2016-03-21,412.748433106919,339.5680988247577,1.21551003918047,official
2016-03-22,418.337021142643,340.13327969402366,1.229920875484368,official
2016-03-23,419.361504879197,340.31664310715564,1.232268575084506,official
2016-03-24,416.090326874017,340.69994935049976,1.221280859205407,official
2016-03-25,417.974386847332,341.6819919236264,1.2232847991027829,official
2016-03-26,418.441341713558,342.0336424693602,1.223392350216083,official
2016-03-27,427.513979279589,342.26475542517693,1.2490739186642563,official
2016-03-28,424.990477258302,342.82607724765296,1.2396678825318606,official
2016-03-29,417.73265857205,343.33792355377454,1.2166807972980112,official
2016-03-30,415.490515612997,343.85704498939555,1.2083234055181582,official
2016-03-31,417.345645529041,345.1279900475349,1.2092489092859708,official
2016-04-01,418.726067866089,345.8716456935762,1.2106400541345848,official
2016-04-02,421.693095170543,346.5348700997086,1.216885028191273,official
2016-04-03,422.069446859177,347.310719902561,1.2152502720837115,official
2016-04-04,421.817827478288,347.9201634047088,1.2123983368782791,official
2016-04-05,424.630066540869,348.76878818318215,1.2175116608136465,official
2016-04-06,424.018481325735,350.9068137500667,1.2083506637968622,official
2016-04-07,423.55374582294,357.4370888769331,1.1849742486258081,official
2016-04-08,421.064138293495,357.61763599905396,1.1774143551874743,official
2016-04-09,420.356696408751,357.78398519356784,1.1748896367771469,official
2016-04-10,423.381274173254,359.14104167321364,1.1788718777468303,official
2016-04-11,424.857920472167,359.39565695855765,1.18214539393045,official
2016-04-12,427.531151491813,359.82007969496567,1.188180359067923,official
2016-04-13,425.755759384078,360.01011774427184,1.1826216497795976,official
2016-04-14,426.163033233764,360.1882637289562,1.1831674603214006,official
2016-04-15,431.253405898357,360.40390275335585,1.1965836180011828,official
2016-04-16,432.455139286248,360.58532189095115,1.1993143176721761,official
2016-04-17,429.643823787882,360.77046969518796,1.1909062960471366,official
2016-04-18,430.780784320861,360.99580613934256,1.193312434645243,official
2016-04-19,437.224491853684,361.29347817822895,1.2101643629393102,official
2016-04-20,443.238020994336,361.7240133509007,1.225348621144376,official
2016-04-21,451.879833757831,361.95948090145754,1.2484265714837126,official
2016-04-22,448.445766703073,362.4713897904559,1.2371894150385738,official
2016-04-23,454.073556506421,362.7037038521399,1.2519132054177453,official
2016-04-24,463.092124376107,363.3757611839787,1.2744166613293766,official
2016-04-25,462.365178082818,363.71846566286234,1.2712172235747667,official
2016-04-26,468.155955224252,364.1577859769478,1.2855854611711846,official
2016-04-27,446.064762225105,364.4239622503922,1.2240269807467221,official
2016-04-28,451.43763711352,364.731198626842,1.2377269584096855,official
2016-04-29,457.115470560424,365.0673981124342,1.252139941621521,official
2016-04-30,449.583870829368,365.3404822839959,1.2305887045933381,official
2016-05-01,454.026471318932,366.1481152863426,1.2400076700213656,official
2016-05-02,446.772344241217,366.34058350415467,1.2195546012612337,official
2016-05-03,453.097848135133,366.5837294656949,1.2360009779908525,official
2016-05-04,449.498257543097,366.80603917316796,1.2254385411874047,official
2016-05-05,450.170976773548,367.05132902073444,1.2264523819449735,official
2016-05-06,461.454842430884,367.57634106284627,1.255398650241167,official
2016-05-07,460.77594934045,367.9065891429737,1.2524264662228866,official
2016-05-08,460.734062728435,368.16617580772146,1.2514296342341293,official
2016-05-09,462.133788324292,368.39945686337967,1.2544366711584853,official
2016-05-10,451.981794898069,368.8054274824493,1.225529130586284,official
2016-05-11,453.160646838607,369.4868124401698,1.2264595963407663,official
2016-05-12,456.043142969166,369.84555891496814,1.2330637261322792,official
2016-05-13,457.055895378812,370.0580536979031,1.2350924153968814,official
2016-05-14,457.211381125503,370.4666934310661,1.2341497609165715,official
2016-05-15,459.035486966438,370.6347074743521,1.2385118762743048,official
2016-05-16,454.307554443586,370.8647721144699,1.2249951696769974,official
2016-05-17,453.878569814523,375.576080221453,1.2084863592668096,official
2016-05-18,454.270102180864,375.8613823585987,1.2086107365705843,official
2016-05-19,436.802327518175,376.5577364603108,1.1599876598584078,official
2016-05-20,443.088845926099,377.36125392238387,1.174176843331229,official
2016-05-21,442.903915462276,377.64101111005425,1.1728173117649092,official
2016-05-22,439.123732838208,377.9166977679946,1.1619590651371239,official
2016-05-23,444.820945595316,378.5875061391741,1.1749488252573068,official
2016-05-24,446.002439033782,378.84338744614246,1.1772739179648137,official
2016-05-25,450.335761292191,379.3290799287854,1.1871901868866375,official
2016-05-26,454.446938700044,379.6125036744222,1.1971337463894607,official
2016-05-27,473.006215289606,381.28234924962294,1.240566777403934,official
2016-05-28,529.204806909753,381.9728847009721,1.3854512404042543,official
2016-05-29,529.794983907387,382.725146776194,1.3842701175242997,official
2016-05-30,534.726188133237,383.38468219003494,1.3947510502471916,official
2016-05-31,532.907244760593,384.13603412927193,1.387287828824868,official
2016-06-01,538.010616405787,384.80439253449964,1.3981405276124848,official
2016-06-02,540.283505965386,385.4847543001221,1.4015690632079942,official
2016-06-03,571.306844649098,385.7010023244557,1.4812169043017127,official
2016-06-04,573.74397671677,385.85269187871967,1.48695082033303,official
2016-06-05,575.288562350975,386.2186134149568,1.4895412659277498,official
2016-06-06,586.94413965057,386.55058795280814,1.5184148154037391,official
2016-06-07,579.121002942565,386.84574946659205,1.4970333879617252,official
2016-06-08,584.514475744474,387.2127848023383,1.5095433278187156,official
2016-06-09,577.045276838712,387.42784782907086,1.4894264314559504,official
2016-06-10,580.638412764129,387.8347908610335,1.4971282268799337,official
2016-06-11,613.77686913751,388.2106443974793,1.5810408034795638,official
2016-06-12,673.871106076321,389.4854899276992,1.7301571521994639,official
2016-06-13,707.761042071353,389.982635455305,1.8148527081085073,official
2016-06-14,688.056748358146,390.26205399345906,1.7630634116676844,official
2016-06-15,699.275437036298,390.88838371001214,1.78893890475668,official
2016-06-16,771.025805227497,391.3482788144564,1.9701780919114529,official
2016-06-17,751.519419564071,391.6763457922586,1.9187255693063214,official
2016-06-18,759.344236504463,392.03550908573794,1.9369271887521669,official
2016-06-19,768.549085328704,392.3088162442681,1.9590410755647478,official
2016-06-20,734.840009262532,392.74378683000106,1.8710417170281224,official
2016-06-21,667.229463239073,393.28397691663275,1.696558981299435,official
2016-06-22,603.134426655105,393.67362151041095,1.5320671584269578,official
2016-06-23,627.405817963262,393.9338527620498,1.5926679404784176,official
2016-06-24,666.802056383051,394.22155403378997,1.6914398757757858,official
2016-06-25,666.268821500682,394.3826938939886,1.6893966997440748,official
2016-06-26,629.46341012981,394.5527365734566,1.5953847275182145,official
2016-06-27,659.306372909078,394.8316130458548,1.6698419050667754,official
2016-06-28,648.037586152984,395.0210580462964,1.6405140256523594,official
2016-06-29,640.454858118372,395.19441941350993,1.620607039615696,official
2016-06-30,674.545807197194,396.1862026355245,1.7025979267070772,official
2016-07-01,677.276994409772,396.40029570257724,1.7085683379962437,official
2016-07-02,706.694934016283,396.7505666683174,1.7812071195025625,official
2016-07-03,660.34572759946,397.08963554480306,1.662963896535532,official
2016-07-04,683.590611445,397.25529762931416,1.720784129310392,official
2016-07-05,670.05685748269,397.7959766765388,1.684423414939502,official
2016-07-06,678.701371424282,398.0826127289944,1.704925936783696,official
2016-07-07,641.496909806968,398.3085139859596,1.6105528435417296,official
2016-07-08,667.585837578386,398.54151103918247,1.6750722800184106,official
2016-07-09,650.578302686274,399.1802641479547,1.6297857412237684,official
2016-07-10,649.403637069173,400.11318505214416,1.6230498302237664,official
2016-07-11,648.947806674565,401.47805588678386,1.6163967050233181,official
2016-07-12,666.554596314427,401.7384999986445,1.6591753001434417,official
2016-07-13,654.147953738031,402.0371481500151,1.6270833597047203,official
2016-07-14,660.167866986203,402.36798171819834,1.6407067584432125,official
2016-07-15,665.313761815855,402.6208690757366,1.6524572194758822,official
2016-07-16,665.451094307256,402.85897384907247,1.6518214499463062,official
2016-07-17,682.437225930828,403.24957771984725,1.6923445519512559,official
2016-07-18,674.612326735961,403.62342248116386,1.671390432668569,official
2016-07-19,674.883183089905,404.13974894331375,1.6699252791998116,official
2016-07-20,665.972033770209,404.4075449928749,1.6467843936540367,official
2016-07-21,665.255577870341,404.7038587571805,1.643808339048948,official
2016-07-22,649.660224567331,405.2644681417897,1.60305251419188,official
2016-07-23,655.797205201165,405.48932714459295,1.6172983141608435,official
2016-07-24,662.206379698885,406.6390404410309,1.6284869720838215,official
2016-07-25,654.956981759508,407.71811301261306,1.6063965785578098,official
2016-07-26,652.007765212131,408.29033547137306,1.5969218680118524,official
2016-07-27,656.019968234682,408.88459530125783,1.6044135087831808,official
2016-07-28,654.993906932732,409.26634495378886,1.60040989201467,official
2016-07-29,658.479712137771,409.7784401958452,1.6069164395839473,official
2016-07-30,656.431079437973,410.58490057194575,1.5987706282514602,official
2016-07-31,625.7790353042,410.99891220121697,1.522580758067386,official
2016-08-01,608.371103560219,411.313005070337,1.479095229328292,official
2016-08-02,538.0597068668,412.5071457678204,1.3043645725585729,official
2016-08-03,569.860726983348,413.76293292138854,1.377263842751271,official
2016-08-04,579.694821025332,415.33741184844666,1.3957202132247553,official
2016-08-05,577.29052569335,415.5192405398005,1.389323211467639,official
2016-08-06,590.912993521719,415.5890645753378,1.4218684847387235,official
2016-08-07,595.713200449668,415.6852597263473,1.4330871410784114,official
2016-08-08,595.920804676835,415.75082688197614,1.4333604797519879,official
2016-08-09,591.508304304024,415.8143156013196,1.4225299180684265,official
2016-08-10,594.701908803147,415.8919589531151,1.4299432725271561,official
2016-08-11,590.774608379686,415.96883057504175,1.4202376835855466,official
2016-08-12,590.33942806017,416.0264571689772,1.4189949169996952,official
2016-08-13,588.661606944657,416.10172483984394,1.4147060004887766,official
2016-08-14,574.882072411682,416.17881402173225,1.3813343040130401,official
2016-08-15,569.39291776957,416.23352621884726,1.3679650530365846,official
2016-08-16,576.892528929865,416.5018943216224,1.3850898082215901,official
2016-08-17,576.595463960072,416.6019834658822,1.3840439720501057,official
2016-08-18,575.763472958278,416.6958790290953,1.3817354620828302,official
2016-08-19,577.279232853404,416.8632062580062,1.3848169475914665,official
2016-08-20,581.818771017628,417.4941426797342,1.3935974461417766,official
2016-08-21,581.873576733252,417.61313737788237,1.3933315900613934,official
2016-08-22,588.554394168369,417.6665072524403,1.4091491272309344,official
2016-08-23,583.905773808649,417.7550119062249,1.3977229648168064,official
2016-08-24,580.374414522237,417.8415204249411,1.3889821526879411,official
2016-08-25,577.259006662628,418.5224370936809,1.3792785177092335,official
2016-08-26,579.398944935556,418.67144256262213,1.383898890712837,official
2016-08-27,571.931545635756,418.7200299586014,1.3659044342643523,official
2016-08-28,572.687674818014,418.7843468905584,1.3675001920921255,official
2016-08-29,574.498149763457,418.8504011198116,1.3716070182277864,official
2016-08-30,578.200143020004,419.0050801755865,1.3799358775738613,official
2016-08-31,574.318969779525,419.24980629677555,1.3698729520055644,official
2016-09-01,573.00088868751,419.337225101872,1.3664441275117125,official
2016-09-02,574.769932933179,419.4295505861089,1.3703610824034649,official
2016-09-03,598.96836075936,419.50974992177845,1.4277817401646644,official
2016-09-04,607.71772719952,419.6163089904749,1.448270036647491,official
2016-09-05,606.47394118831,419.70376967720586,1.4450047509812673,official
2016-09-06,611.527351989822,419.82758703021193,1.456615455681846,official
2016-09-07,616.76328534117,419.8833280353386,1.4688920568174153,official
2016-09-08,626.164807320783,420.0015249899412,1.4908631756415154,official
2016-09-09,625.026072426539,420.11065247970475,1.4877653511933588,official
2016-09-10,626.068592722537,420.18109276556777,1.489997059605536,official
2016-09-11,609.660811855907,420.30541581056275,1.4505185727387564,official
2016-09-12,608.58968622661,420.3978518650339,1.4476517506611664,official
2016-09-13,609.745098149406,420.7049775256921,1.4493412978746356,official
2016-09-14,611.956582306933,420.88428518397507,1.4539782164578496,official
2016-09-15,610.37620402589,420.9683272692774,1.449933794272023,official
2016-09-16,609.539310300801,421.234890504185,1.447029493618704,official
2016-09-17,608.649229379996,421.31048554364065,1.4446572071298476,official
2016-09-18,612.670291280422,421.390982777855,1.4539235919136975,official
2016-09-19,609.395233706885,421.48331090122525,1.4458347885800322,official
2016-09-20,605.330172532735,421.6444093342498,1.43564140572506,official
2016-09-21,598.865017021438,421.7533827972184,1.4199412297526868,official
2016-09-22,597.048942634039,421.8341016459967,1.4153643347096736,official
2016-09-23,605.149042771298,421.8891231718723,1.4343793417133628,official
2016-09-24,602.948519866297,421.9525463789326,1.4289486460992271,official
2016-09-25,601.573271604124,422.26718703612954,1.424627084634575,official
2016-09-26,608.787523228681,422.3462168875726,1.441441876087027,official
2016-09-27,608.056489801026,422.4881772085134,1.4392272319159547,official
2016-09-28,605.518103754187,422.57703283249896,1.4329176853163295,official
2016-09-29,606.028504859802,422.6487361041919,1.4338822125577184,official
2016-09-30,610.985874902402,422.69686485582326,1.445446904629401,official
2016-10-01,614.846748624164,422.7508457349595,1.4543950765024314,official
2016-10-02,611.304737249224,422.81757980350665,1.4457883646496246,official
2016-10-03,612.725619882474,423.15896407104344,1.4479797709770472,official
2016-10-04,611.135520400589,423.35688577390556,1.4435469008220336,official
2016-10-05,613.182103821486,423.44347755595857,1.4480848952041143,official
2016-10-06,612.549507562413,423.5278714563345,1.4463027083816529,official
2016-10-07,618.89015358491,423.6135412070748,1.4609782109925005,official
2016-10-08,620.320604939978,423.7785275531682,1.4637848890589464,official
2016-10-09,616.503070835281,423.83580833141525,1.4545799545875346,official
2016-10-10,618.022613093339,423.9381614083063,1.4578131184045606,official
2016-10-11,641.04722616792,424.1087913408612,1.5115160054597945,official
2016-10-12,637.534491785099,424.7698884762164,1.5008937993983904,official
2016-10-13,638.121658875373,424.8748448796926,1.5019050117124804,official
2016-10-14,641.737668553752,424.9636289149522,1.5101002177345926,official
2016-10-15,640.777218739109,425.0192717195529,1.507642738520156,official
2016-10-16,642.6759392034,425.11244112281605,1.5117787131939744,official
2016-10-17,642.245599078263,425.68326537534875,1.5087405386067012,official
2016-10-18,641.132475651315,425.8736888753746,1.5054521854693224,official
2016-10-19,633.038878409848,426.01237954822045,1.4859635747702356,official
2016-10-20,631.848942999544,426.14386013462695,1.482712769344913,official
2016-10-21,635.786306639525,426.54371926203675,1.4905536711207443,official
2016-10-22,661.188352086205,426.65948423905536,1.5496862873338688,official
2016-10-23,657.160386931093,426.7769347322428,1.5398217041494786,official
2016-10-24,656.870713032573,426.91283171255407,1.5386530088532278,official
2016-10-25,661.075779150039,427.14141423203836,1.5476742763016635,official
2016-10-26,680.137652032721,427.35651233437375,1.5914994446149107,official
2016-10-27,691.789586715254,427.61396506196184,1.617789977029896,official
2016-10-28,695.947652505383,427.70095862287764,1.6271828212548618,official
2016-10-29,723.162917566689,427.8127392896377,1.6903725652664432,official
2016-10-30,706.850470961825,427.8749882657342,1.6520023145705152,official
2016-10-31,708.047417171229,427.9900918288834,1.654354693459391,official
2016-11-01,737.464326851529,428.15264185904164,1.7224332043110933,official
2016-11-02,748.477566122293,428.28389127303944,1.747620168242853,official
2016-11-03,692.660993217848,428.3906995105796,1.6168908288839776,official
2016-11-04,709.167770678417,428.53615406766585,1.6548610051847328,official
2016-11-05,709.248482992329,428.6278602960019,1.6546952466004798,official
2016-11-06,716.697387741449,428.71690732304467,1.671726436488325,official
2016-11-07,711.01338272107,428.8197359265519,1.6580705670758868,official
2016-11-08,713.03437624519,429.1342493424413,1.6615648304412112,official
2016-11-09,727.824091950038,429.3480238081586,1.6951844461621293,official
2016-11-10,720.173197273519,429.54736148428407,1.6765862436798324,official
2016-11-11,722.393772658342,429.7187194317044,1.6810851843124155,official
2016-11-12,711.323704518075,429.79440858565795,1.6550324767110327,official
2016-11-13,706.647729631174,429.8939097776284,1.6437723669932944,official
2016-11-14,710.052193843583,430.1091927092453,1.6508649568054683,official
2016-11-15,713.038671052377,430.26671157127004,1.6572015725977636,official
2016-11-16,746.65939670417,430.83572363322776,1.7330489459128608,official
2016-11-17,743.855094075401,431.06006855908026,1.7256413858094342,official
2016-11-18,754.527096255521,431.32747066240444,1.749313798856279,official
2016-11-19,758.961094678218,431.49148787844393,1.7589248362925436,official
2016-11-20,735.148016434057,431.6499970445134,1.7031113667730333,official
2016-11-21,745.94935768664,431.93978196440304,1.7269753535878645,official
2016-11-22,757.151447445888,432.1534546961952,1.752043028276072,official
2016-11-23,751.190594672342,432.3037467009048,1.7376453486813366,official
2016-11-24,747.915764303143,434.296597100801,1.722131302192889,official
2016-11-25,746.90603393757,434.42697101346204,1.7192902001345236,official
2016-11-26,745.019208106223,434.7088257079943,1.7138350179406585,official
2016-11-27,738.988601598347,435.0525550695351,1.6986191506914226,official
2016-11-28,744.629847289657,435.5301959165585,1.7097088887777547,official
2016-11-29,745.243065517409,435.7335751585798,1.7103182036091369,official
2016-11-30,753.054853754161,435.9421251557875,1.7274193299971885,official
2016-12-01,764.264902334344,436.4549980743695,1.7510737778379561,official
2016-12-02,795.753721754165,436.8526766566425,1.8215608242217813,official
2016-12-03,794.709983465583,440.1692264816041,1.8054646614392436,official
2016-12-04,799.68954058244,440.2664964376872,1.8163760973250063,official
2016-12-05,783.060914355864,440.62267938613024,1.777168881653605,official
2016-12-06,785.569205440112,440.7820591313126,1.7822168329362162,official
2016-12-07,784.460794707778,440.9939026623088,1.7788472583678305,official
2016-12-08,781.177929200729,441.4904208640093,1.769410823618645,official
2016-12-09,781.830379339286,441.63426458361346,1.7703118667126518,official
2016-12-10,781.811848296173,442.26153158465274,1.7677591028432627,official
2016-12-11,778.314503623634,442.43984494144325,1.7591419772028978,official
2016-12-12,788.879108724394,442.61540636676494,1.7823128101209929,official
2016-12-13,789.411695803975,442.87863773109024,1.7824560241790097,official
2016-12-14,782.178057190906,443.24733749423103,1.7646537069184,official
2016-12-15,783.71138834582,443.7180529016181,1.7662373284586321,official
2016-12-16,787.783103080444,443.8943280283639,1.7747086487442263,official
2016-12-17,794.260288351619,444.1536029748985,1.7882558714636994,official
2016-12-18,794.821909238375,444.48026793947037,1.7882051613292638,official
2016-12-19,798.775046216939,444.6322789304147,1.7964846100207401,official
2016-12-20,807.703065750462,444.8499341081383,1.815675363355495,official
2016-12-21,837.175475667133,445.58426440887325,1.878826391631575,official
2016-12-22,873.345104765382,446.1945794577671,1.9573189477709585,official
2016-12-23,922.762991532235,446.97509143941045,2.064461776965305,official
2016-12-24,904.256526024078,447.2356693057398,2.0218792642988164,official
2016-12-25,907.039258948658,447.48078800420694,2.0269903943677927,official
2016-12-26,911.407359641075,447.60501348539793,2.0361866649887457,official
2016-12-27,939.431141767927,447.9349359947023,2.0972491008806635,official
2016-12-28,988.3665324128,448.6507205720412,2.202975470879902,official
2016-12-29,985.540345161665,449.1032710240115,2.1944626297521945,official
2016-12-30,969.782721299634,449.62273862424513,2.1568809537235003,official
2016-12-31,979.607750372603,449.8040984529915,2.1778542119597444,official
2017-01-01,1013.21384921929,450.0420130018362,2.2513761381099235,official
2017-01-02,1023.85232811152,450.6488132769501,2.2719516793275183,official
2017-01-03,1038.26028751157,451.13621655600946,2.301434133215212,official
2017-01-04,1155.2720819306,451.59308425053746,2.558214734062826,official
2017-01-05,1011.02798930221,453.76357599398074,2.2280941943996435,official
2017-01-06,906.31450299029,454.37753036466563,1.9946287886703318,official
2017-01-07,914.193525771002,454.76223199009127,2.0102670394821205,official
2017-01-08,917.158351651756,455.1570501842527,2.015037120221427,official
2017-01-09,900.981341091599,455.64328682255626,1.9773831133881563,official
2017-01-10,912.850172225818,456.073810363619,2.0015404337688674,official
2017-01-11,780.254009831306,456.5080192314763,1.7091791972129007,official
2017-01-12,804.679597778121,456.8196499469035,1.761482015652456,official
2017-01-13,828.50862052464,457.0191025746891,1.812853370585838,official
2017-01-14,818.517237527623,457.1879254882267,1.7903299538226782,official
2017-01-15,824.279517029255,457.3493144377699,1.8022974803024705,official
2017-01-16,836.698138636585,457.67580248068117,1.8281458930132157,official
2017-01-17,913.124531154945,458.03331219943516,1.9935766828185537,official
2017-01-18,890.860809503911,458.24622410020464,1.9440657940022799,official
2017-01-19,898.659032180757,458.44104790626585,1.9602499302473004,official
2017-01-20,897.895266121281,458.57192303026306,1.9580249488192611,official
2017-01-21,924.08353608402,458.9693961927896,2.0133881338263775,official
2017-01-22,929.817599105844,459.3397371574827,2.0242481193980826,official
2017-01-23,922.004801033921,459.59626078428624,2.006119021639883,official
2017-01-24,895.166315337296,459.98906012788456,1.946060010836834,official
2017-01-25,900.753779668424,460.3320772078213,1.9567478007007757,official
2017-01-26,919.991268162472,460.58380144955,1.9974459919499432,official
2017-01-27,919.732513920359,460.8398908404185,1.9957745242996938,official
2017-01-28,922.672847066825,461.0117380254098,2.0014085780522355,official
2017-01-29,920.650590201946,462.12539471629634,1.9922094754544772,official
2017-01-30,925.399284441806,462.26726748048276,2.0018706699385262,official
2017-01-31,970.960729921524,462.49385836080285,2.099402429608165,official
2017-02-01,992.380179608016,462.74139868485696,2.144567532596887,official
2017-02-02,1019.62358703291,463.49467634803216,2.1998604063087184,official
2017-02-03,1034.23717115703,464.4944334298235,2.2265867935601085,official
2017-02-04,1041.74221172858,465.0186594495799,2.2402159366285215,official
2017-02-05,1028.1767028784,465.56565161602725,2.208446218722302,official
2017-02-06,1040.45301700894,466.03887809178286,2.232545536263244,official
2017-02-07,1064.44676517649,466.7150114245603,2.280721080574343,official
2017-02-08,1076.09578084716,467.1831033621628,2.303370505274813,official
2017-02-09,1001.18475072918,468.436311381122,2.1372910818491424,official
2017-02-10,994.979437848975,469.4458162213157,2.1194766328046293,official
2017-02-11,1008.34756670658,469.6516983274738,2.147011434851642,official
2017-02-12,1000.69377412204,470.3789629792093,2.1274203416411517,official
2017-02-13,1005.77658861862,471.0492489256504,2.1351835098188854,official
2017-02-14,1016.43602231838,472.015086930002,2.1533973181435906,official
2017-02-15,1020.57390896272,472.27273413260843,2.1609841839316415,official
2017-02-16,1041.96799517828,472.66387385100927,2.204458713311193,official
2017-02-17,1063.62788623541,473.43945120570277,2.2465974973709546,official
2017-02-18,1066.51974418076,473.7889436903295,2.2510439688053205,official
2017-02-19,1063.67391683137,474.2485078314684,2.2428619157814262,official
2017-02-20,1087.45762760284,474.6318186834503,2.2911604001165924,official
2017-02-21,1137.80248069337,475.3022730242612,2.39385028279739,official
2017-02-22,1135.8401989077,476.93029710513565,2.3815643623439433,official
2017-02-23,1187.82584838419,477.46471083787947,2.4877772564588754,official
2017-02-24,1195.54894490169,479.38718642707886,2.493910932021853,official
2017-02-25,1162.4333391915,480.15099434918193,2.420974553571661,official
2017-02-26,1189.5174993802,480.7605907286864,2.4742408639968896,official
2017-02-27,1197.71474931719,481.6943340226648,2.486462191313288,official
2017-02-28,1212.81756948398,482.718049846128,2.5124761128583852,official
2017-03-01,1240.21423986091,484.21716587725695,2.5612768965222705,official
2017-03-02,1268.74542419334,485.6220240605991,2.6126192003907502,official
2017-03-03,1293.40687325759,488.63706804492443,2.64696838991895,official
2017-03-04,1275.44574109497,489.54030595758786,2.6053947459955835,official
2017-03-05,1288.14064138915,490.57207334975595,2.625792847508389,official
2017-03-06,1284.57103158368,491.90709081135833,2.6114098690158967,official
2017-03-07,1237.65886373534,493.09762496934525,2.509967197291373,official
2017-03-08,1167.01866916393,494.79789370333384,2.358576469332426,official
2017-03-09,1196.96688415131,495.93161009496015,2.4135724760962844,official
2017-03-10,1134.86485758073,497.1454489003645,2.282762238075268,official
2017-03-11,1186.96560011316,498.1851570752485,2.382579214285733,official
2017-03-12,1235.01107622606,499.17854914003675,2.4740868339668913,official
2017-03-13,1248.25923268351,507.9706905150603,2.4573449925188187,official
2017-03-14,1250.70579881126,509.1807445133976,2.4563100869152197,official
2017-03-15,1272.40145483818,510.3903456880458,2.492996714353764,official
2017-03-16,1183.77515537426,512.6360318445751,2.3091922569601313,official
2017-03-17,1084.7152136928,516.1525265375013,2.1015400640763686,official
2017-03-18,967.147049527469,524.133145694286,1.8452316123727504,official
2017-03-19,1036.92529466842,528.0110209944776,1.9638326728776088,official
2017-03-20,1055.49762643586,530.5226698144287,1.9895429290609994,official
2017-03-21,1126.50035693671,536.7063697674096,2.0989137084862572,official
2017-03-22,1052.53799357863,538.313459718332,1.9552511173125073,official
2017-03-23,1040.13112077885,538.7287498856954,1.930713965051131,official
2017-03-24,936.72159645051,541.2891269309418,1.7305383571283481,official
2017-03-25,977.169130370071,542.4976205880873,1.80124132030438,official
2017-03-26,977.96153409044,543.9851793874748,1.7977723863573285,official
2017-03-27,1049.35660454421,544.8610904409663,1.9259158397509097,official
2017-03-28,1051.96081444997,545.6812041258328,1.927793749347083,official
2017-03-29,1045.91184466137,546.3158845904392,1.9144818486203576,official
2017-03-30,1037.25818485747,547.3255495871532,1.89513934739548,official
2017-03-31,1083.47659730046,548.4735750840804,1.9754399236724656,official
2017-04-01,1090.01235457448,549.1315760698067,1.9849748258437712,official
2017-04-02,1110.75788350362,549.7207726168983,2.0205856115204686,official
2017-04-03,1157.45482952762,550.4129766810888,2.102884340603498,official
2017-04-04,1153.52638074895,550.7659847598128,2.0944038169895314,official
2017-04-05,1145.08470423784,551.3272188880879,2.0769602243604752,official
2017-04-06,1196.85506049068,551.9388606502617,2.1684558667976668,official
2017-04-07,1202.17640028386,553.2877503621663,2.1727869440394256,official
2017-04-08,1193.7750547721,553.6992004544177,2.155999238923184,official
2017-04-09,1214.39502902522,553.9288672365285,2.192330280751863,official
2017-04-10,1217.29369272848,554.4191471144707,2.1956198646168796,official
2017-04-11,1231.09406066777,555.1042668778491,2.2177708479741747,official
2017-04-12,1221.88730340206,556.0207570173039,2.1975569940171025,official
2017-04-13,1186.23890134592,556.2450544459701,2.1325832775761664,official
2017-04-14,1198.05137043337,559.5282138290574,2.1411813396051356,official
2017-04-15,1196.82971241956,562.4521441208014,2.127878300278129,official
2017-04-16,1202.54302277521,564.6582635318126,2.1296828549954605,official
2017-04-17,1218.01130610039,567.8598331440523,2.144915408713914,official
2017-04-18,1231.40438767659,572.2790154462069,2.1517552704889273,official
2017-04-19,1229.14748781259,575.7387390527741,2.134904956777491,official
2017-04-20,1262.59875165331,577.5829338452495,2.1860042561292077,official
2017-04-21,1274.95695682404,577.729077128919,2.206842285245643,official
2017-04-22,1280.56473631266,577.863641162485,2.216032719650877,official
2017-04-23,1277.70632683967,578.0778597673442,2.210266844251571,official
2017-04-24,1278.04390920856,578.5042290645899,2.20922137643676,official
2017-04-25,1293.87026338172,578.8754718747305,2.2351443898485224,official
2017-04-26,1313.10147567932,579.1075897592201,2.267456857585441,official
2017-04-27,1351.59435335139,579.2515133270114,2.333346261951601,official
2017-04-28,1342.29695620197,580.0458899449831,2.314122002190699,official
2017-04-29,1357.44893479096,580.3091028901657,2.3391825632759073,official
2017-04-30,1376.39584479716,580.6983485102473,2.3702423957778334,official
2017-05-01,1454.40958856649,581.5047046504276,2.5011140527931075,official
2017-05-02,1490.89207221018,581.9814944791145,2.5617516817172326,official
2017-05-03,1531.4406900674,582.2953629671507,2.6300066726682725,official
2017-05-04,1579.14421728683,582.6800981770805,2.710139272350636,official
2017-05-05,1539.56928151818,583.365742953866,2.6391149979472366,official
2017-05-06,1597.02280531653,583.6087660756498,2.7364613044717654,official
2017-05-07,1620.50216128326,583.8680735215545,2.775459448414996,official
2017-05-08,1703.21349524832,584.4825603801252,2.914053576107754,official
2017-05-09,1763.37043222481,584.9722400565872,3.0144514756020397,official
2017-05-10,1807.33013696985,585.323027209566,3.087748222696803,official
2017-05-11,1848.1695699784,586.2128480287088,3.1527278465378994,official
2017-05-12,1716.62183323545,586.7085767962398,2.9258509268931685,official
2017-05-13,1811.17306468336,586.9497088137689,3.0857380751474577,official
2017-05-14,1852.35793529878,587.0973707797561,3.1551119584108545,official
2017-05-15,1770.42309561994,587.4161912073341,3.0139160651686097,official
2017-05-16,1778.4160532269,587.6753946175775,3.0261877041562757,official
2017-05-17,1883.24759084432,588.4270754528602,3.200477458306879,official
2017-05-18,1955.22267113362,588.6915689881587,3.3213023153945467,official
2017-05-19,2026.55097396706,589.034957263636,3.4404596008722637,official
2017-05-20,2105.54370798035,589.4615124105023,3.571978260921715,official
2017-05-21,2031.5736982239,589.7855948642488,3.444597012735634,official
2017-05-22,2109.91360765748,590.8536659890179,3.5709579699835468,official
2017-05-23,2259.54223956731,591.6538084019481,3.8190276264261938,official
2017-05-24,2491.18130563493,592.5338659516854,4.20428510298525,official
2017-05-25,2338.57803117939,593.5083070207652,3.9402616669652946,official
2017-05-26,2268.50789274678,594.0906457355409,3.8184541517871415,official
2017-05-27,2054.56892327937,594.6190798819921,3.455269083674744,official
2017-05-28,2126.80831932951,594.9090608619363,3.5750141647667557,official
2017-05-29,2291.47153261674,595.1873191632448,3.8500005944989697,official
2017-05-30,2204.13818562927,595.8167987938066,3.6993555570964234,official
2017-05-31,2301.5618388431,596.5962625939503,3.8578214165072082,official
2017-06-01,2413.299841934,597.4034805483423,4.039648111388455,official
2017-06-02,2497.00426429095,597.7051838182672,4.177652012886283,official
2017-06-03,2606.51103480382,598.0710172464296,4.358196534592866,official
2017-06-04,2592.45400253533,598.4947139075144,4.331623892898647,official
2017-06-05,2743.54448494041,598.9298688412338,4.580744136618902,official
2017-06-06,2914.19923254268,599.5222414498043,4.86086925731958,official
2017-06-07,2713.25297162474,599.9599482561941,4.522390168728613,official
2017-06-08,2834.28700754268,600.4444840387999,4.720314838231626,official
2017-06-09,2843.51513462926,601.2325169141167,4.729476624491093,official
2017-06-10,2897.39208087663,603.2103643874781,4.803286302646256,official
2017-06-11,2976.89313994215,603.8095829610498,4.9301853166086325,official
2017-06-12,2704.05133772975,606.3320774239806,4.459687089652242,official
2017-06-13,2747.34132829811,609.0381876149978,4.510950847034302,official
2017-06-14,2533.83243402412,610.1544436814365,4.152772237035516,official
2017-06-15,2491.81216298179,611.0836646411875,4.077693951195566,official
2017-06-16,2540.31878106786,613.2683119114442,4.142263234097576,official
2017-06-17,2721.43959710109,613.6587288896052,4.434776968015176,official
2017-06-18,2597.48160725646,615.7469286623524,4.218423976387872,official
2017-06-19,2675.54927150037,616.8311681838725,4.337571461211912,official
2017-06-20,2805.96527436563,617.8412973851969,4.54156315908458,official
2017-06-21,2779.3654607682,618.3371150193727,4.494903173782673,official
2017-06-22,2809.84703203717,619.2453393868038,4.537534404085412,official
2017-06-23,2822.68125961699,619.8410511798188,4.553879182807007,official
2017-06-24,2598.93952672383,620.3541657009673,4.1894447888282755,official
2017-06-25,2528.14503538918,620.8677780333668,4.071954005081758,official
2017-06-26,2449.0049876546,621.5455928071249,3.940185588950936,official
2017-06-27,2585.46425573505,622.0577346191254,4.156309152426314,official
2017-06-28,2595.71359728938,623.1000392189003,4.165805543108759,official
2017-06-29,2559.97647572381,623.5958363516114,4.105185324361884,official
2017-06-30,2518.23549527109,624.8497349461268,4.030145736539692,official
2017-07-01,2464.51055077339,625.4522050342398,3.94036591595112,official
2017-07-02,2520.79647059779,626.0178680185448,4.026716487464724,official
2017-07-03,2576.86150628639,626.9823868359038,4.109942416868588,official
2017-07-04,2626.59456097794,627.6378686645814,4.184888599163906,official
2017-07-05,2623.72546426339,629.2233376174826,4.169784093193322,official
2017-07-06,2619.95003205259,629.9358937167198,4.159074055289146,official
2017-07-07,2530.87125036328,630.7090366682945,4.0127397947753325,official
2017-07-08,2577.43516892076,631.2085598680022,4.083333675734295,official
2017-07-09,2527.44633307094,631.6899397995685,4.001086884291499,official
2017-07-10,2384.87127171513,632.0471122051739,3.7732492177591945,official
2017-07-11,2345.09262405348,632.5783932321777,3.707196845708183,official
2017-07-12,2420.26421423014,632.9481908792075,3.823795136957783,official
2017-07-13,2370.62684578395,633.7840585865083,3.7404330602303584,official
2017-07-14,2243.50207140457,634.4897377128699,3.5359154578160217,official
2017-07-15,1988.91494916799,634.9659423457548,3.1323175252838618,official
2017-07-16,1929.45720712284,635.4159648839812,3.0365261714428815,official
2017-07-17,2254.69562246209,638.1313022849313,3.53327851868227,official
2017-07-18,2334.03382260133,638.9244256772238,3.653067137208577,official
2017-07-19,2284.10772181906,639.507225052993,3.571668360165573,official
2017-07-20,2856.53210632686,640.436338314744,4.4602904854580725,official
2017-07-21,2653.13757633571,641.2356959789114,4.137538806671432,official
2017-07-22,2813.7291827629,641.7244691742712,4.384637516445993,official
2017-07-23,2742.64418968414,642.1294449628476,4.271170262006634,official
2017-07-24,2760.50558633014,643.1172308497604,4.292383182895975,official
2017-07-25,2571.8101214144,645.5130943915101,3.984133155096884,official
2017-07-26,2537.92971255952,645.8647538409393,3.9295064446024095,official
2017-07-27,2664.61732651485,647.0402573255776,4.118163122536699,official
2017-07-28,2802.60397508865,650.4665505382125,4.3086058349498595,official
2017-07-29,2718.22761917957,653.29168202947,4.160817738770705,official
2017-07-30,2756.65108915747,655.4976560228988,4.20543241280663,official
2017-07-31,2883.45786633848,660.323450152136,4.366735522832245,official
2017-08-01,2739.36539665558,661.3482509767746,4.142092146776966,official
2017-08-02,2711.52904051341,663.0896567404444,4.089234408876918,official
2017-08-03,2790.77178643742,666.0982811282952,4.1897297523575165,official
2017-08-04,2856.54372014359,673.0496818556,4.2441795860716995,official
2017-08-05,3253.54352574681,678.0206275379161,4.798590770846225,official
2017-08-06,3213.62063299353,684.4872630492857,4.694931237547567,official
2017-08-07,3393.64869834137,688.2746925940122,4.930660294294967,official
2017-08-08,3438.21137734045,693.7602045446916,4.955907466034199,official
2017-08-09,3357.41602381906,699.5345824590382,4.79949970738674,official
2017-08-10,3416.80071339533,701.686769261135,4.869410202779179,official
2017-08-11,3652.82904066331,703.7149250827916,5.190779547888027,official
2017-08-12,3905.71170490168,706.309675403868,5.5297440215135,official
2017-08-13,4108.68998704601,708.9588615952746,5.7953856134907165,official
2017-08-14,4340.9661814715,711.4083914055607,6.101932777170175,official
2017-08-15,4205.2204856222,713.505565198413,5.893745880528352,official
2017-08-16,4385.92100605985,715.2283901180688,6.132196465713321,official
2017-08-17,4284.51808362253,718.5370344100781,5.96283542592921,official
2017-08-18,4141.51890750285,723.7815269757581,5.722056660948137,official
2017-08-19,4179.65149771559,731.0618102913304,5.717234081821325,official
2017-08-20,4094.26651221418,745.4331783077073,5.4924661678046585,official
2017-08-21,3998.63146761992,748.1134615173473,5.344953236785459,official
2017-08-22,4094.9118855354,751.3113284920025,5.450352909964127,official
2017-08-23,4154.72042542671,755.6941413511094,5.497886245351148,official
2017-08-24,4317.55398811949,757.8450031225177,5.6971464749784575,official
2017-08-25,4363.85498931733,759.2190458067591,5.747820755313406,official
2017-08-26,4349.96887660506,761.5329521250112,5.712121667836878,official
2017-08-27,4355.76728977718,763.0534499091013,5.7083383743249705,official
2017-08-28,4391.71874691155,764.3376145486253,5.745783883088171,official
2017-08-29,4566.01414603408,767.4138829144879,5.949871702468101,official
2017-08-30,4546.63029745443,769.574770270358,5.907977331243799,official
2017-08-31,4699.49622909928,771.682019034425,6.089938748319641,official
2017-09-01,4901.28507371056,773.5476877230242,6.336112370961556,official
2017-09-02,4602.2221279442,775.4332832243086,5.935033003494281,official
2017-09-03,4645.84832449062,777.2056956983176,5.977630311003235,official
2017-09-04,4285.32075159234,780.2511115399636,5.492232805839265,official
2017-09-05,4422.63294703185,781.5570905005045,5.658745855916452,official
2017-09-06,4591.48563278169,782.9538730453538,5.864311795179945,official
2017-09-07,4596.43876153672,784.0109895226386,5.862722363541559,official
2017-09-08,4364.61856609267,784.9557072203614,5.560337387122642,official
2017-09-09,4326.32675432425,786.118153273783,5.503405227709467,official
2017-09-10,4230.42779422667,787.0770356821972,5.374858625572726,official
2017-09-11,4179.08538409761,789.3936514094554,5.294044836357488,official
2017-09-12,4137.80636827786,790.7161820268718,5.232985567174393,official
2017-09-13,3862.51305775878,792.2923313934573,4.875110997181459,official
2017-09-14,3210.2975753142,794.131207533965,4.042527915863192,official
2017-09-15,3716.28897268073,796.6836892016449,4.664698202124378,official
2017-09-16,3682.03845956004,798.5601980405148,4.61084645665402,official
2017-09-17,3654.02732476075,799.8001805394038,4.568675293741982,official
2017-09-18,4069.72176538011,800.7319646534694,5.082501942009212,official
2017-09-19,3877.91032768945,801.9555072830342,4.835567924244978,official
2017-09-20,3862.33604256487,803.2274112927392,4.8085212086433975,official
2017-09-21,3614.256509691,804.9704776504243,4.489924301622112,official
2017-09-22,3614.20245493457,809.9782287214313,4.462098272245749,official
2017-09-23,3783.50187611393,810.976494460179,4.665365644946827,official
2017-09-24,3668.33741910501,812.2648190381378,4.51618404875513,official
2017-09-25,3905.3219104819,825.5944678374993,4.73031501859649,official
2017-09-26,3856.52567193794,828.7926919913833,4.653184939012511,official
2017-09-27,4171.93623456426,830.6545815432036,5.0224682163476055,official
2017-09-28,4128.76261131381,832.9942977313584,4.956531662411621,official
2017-09-29,4129.88890208874,834.6747272802361,4.947902179266726,official
2017-09-30,4317.80415669803,840.2265446887056,5.138857114181898,official
2017-10-01,4358.04372928243,842.6696452125948,5.171710828842008,official
2017-10-02,4386.54339726068,847.7699551317447,5.174214267335063,official
2017-10-03,4319.5678414086,852.2764035267163,5.0682710720773745,official
2017-10-04,4223.88082475357,855.2185953500824,4.938948764350161,official
2017-10-05,4305.02353199075,876.2776660295556,4.912853195833417,official
2017-10-06,4357.59934637826,888.8711970311532,4.902396838746407,official
2017-10-07,4400.47892719142,899.5013885703088,4.8921313330996155,official
2017-10-08,4580.83036768192,905.4343065270035,5.059263090276226,official
2017-10-09,4764.27538380713,912.5511105937248,5.220831281118483,official
2017-10-10,4778.06326836388,917.1712595118252,5.209564973620148,official
2017-10-11,4815.20126853391,919.4954745947636,5.236786261135267,official
2017-10-12,5475.47001297733,923.4710751630336,5.929227411925887,official
2017-10-13,5656.28951855579,929.0249250682565,6.088415246921622,official
2017-10-14,5824.80067993663,931.3066258798945,6.254439212685064,official
2017-10-15,5707.32922727491,937.0148186819989,6.090970082311841,official
2017-10-16,5732.35322660574,945.230639536331,6.064502129784602,official
2017-10-17,5608.42665068248,951.9319880836289,5.891625369132747,official
2017-10-18,5576.42268303297,955.1040175761674,5.838550126911452,official
2017-10-19,5689.87224744511,961.506689485138,5.917662674288714,official
2017-10-20,5981.3740854712,963.9806140661433,6.204869681187167,official
2017-10-21,6033.14066647698,966.2105205266571,6.244126448952829,official
2017-10-22,5999.302650589,973.4057952874379,6.163208273089705,official
2017-10-23,5943.65122104403,981.014051710825,6.058681025698548,official
2017-10-24,5525.7993709207,984.3481695760535,5.613663479763053,official
2017-10-25,5720.55354771111,988.154931882568,5.789126141193958,official
2017-10-26,5883.83673567473,990.784462235781,5.938563794588989,official
2017-10-27,5772.01157687137,992.5031154598099,5.815610537602489,official
2017-10-28,5723.17900767833,994.2705115995024,5.756158853058349,official
2017-10-29,6072.88396560214,997.8563031048376,6.085930355609635,official
2017-10-30,6087.09820176483,1001.2680176491666,6.079389428673116,official
2017-10-31,6447.63054018746,1005.3761286901553,6.413152606465497,official
2017-11-01,6768.95603735447,1015.5380918657652,6.66538861670705,official
2017-11-02,7091.99049794717,1021.8295185110796,6.940483093775757,official
2017-11-03,7197.66108119763,1026.9101975266267,7.0090462618188205,official
2017-11-04,7389.03716901761,1030.5537071867511,7.1699680642443315,official
2017-11-05,7416.71291711207,1041.0127996659357,7.124516547243334,official
2017-11-06,7062.26774361836,1043.315678085835,6.769061264923633,official
2017-11-07,7169.47315081107,1050.3311730864439,6.825916753230565,official
2017-11-08,7475.55819837755,1054.2194808498875,7.091083340967032,official
2017-11-09,7189.23798300573,1057.8597431105154,6.796021901605405,official
2017-11-10,6583.42449155565,1066.1129592281632,6.175165993969223,official
2017-11-11,6349.98071708737,1074.7597836714572,5.908279053199569,official
2017-11-12,5884.74759108919,1122.8477570829823,5.240913163844247,official
2017-11-13,6568.28786114009,1165.504040090439,5.635577085284418,official
2017-11-14,6661.65090945777,1176.1398219169037,5.663995713197123,official
2017-11-15,7346.22147932253,1186.1455155412336,6.193356028472171,official
2017-11-16,7849.97978365187,1206.817025898024,6.504697576511647,official
2017-11-17,7716.35842229273,1217.0055543713836,6.340446347657336,official
2017-11-18,7790.48311951353,1221.4972246536722,6.377814834349988,official
2017-11-19,7998.42300612489,1225.5013849758805,6.5266535837348805,official
2017-11-20,8204.45602114418,1235.1079767002004,6.642703452587012,official
2017-11-21,8111.82125716654,1241.3054059483864,6.534911729453816,official
2017-11-22,8236.49247784763,1243.9959046623305,6.62099645744681,official
2017-11-23,8035.37923615236,1247.6179521150498,6.440576798795031,official
2017-11-24,8248.91865575768,1265.5661035581481,6.517967439682357,official
2017-11-25,8785.03413890086,1277.608057039934,6.876157433802304,official
2017-11-26,9334.25877900866,1287.4126619997746,7.250401564724003,official
2017-11-27,9829.18879614451,1298.71348147632,7.568404375822081,official
2017-11-28,10215.0699825893,1325.6471521837889,7.705723175101028,official
2017-11-29,9930.88667640021,1346.9186189973905,7.373041352559587,official
2017-11-30,10199.7708899014,1361.360439298927,7.492336779783372,official
2017-12-01,10997.1762523484,1383.1835958080126,7.95062657312979,official
2017-12-02,11069.2056397202,1414.9097641240874,7.823259065974918,official
2017-12-03,11339.6938535249,1463.9243583122495,7.746092746621397,official
2017-12-04,11715.3769784574,1560.0034612633813,7.509840374949943,official
2017-12-05,11701.9996243677,1595.7341865777073,7.333301324742815,official
2017-12-06,13817.331639603,1630.0972196572795,8.476385011262108,official
2017-12-07,18250.9455034354,1895.350357463451,9.62932548674571,official
2017-12-08,16349.408491038,1957.0383498198844,8.354158462220587,official
2017-12-09,15260.9840035126,2028.163905189079,7.524531900241006,official
2017-12-10,15242.2475880857,2066.720043948292,7.375090609256727,official
2017-12-11,16905.1069824994,2101.6110789329214,8.043879836740704,official
2017-12-12,17108.1981757159,2281.426064596892,7.498905373792496,official
2017-12-13,16463.5264310636,2316.828415880406,7.1060620278206414,official
2017-12-14,16690.1880373137,2337.1397861474115,7.141287883694001,official
2017-12-15,17791.5222939447,2361.242268446763,7.534814420228067,official
2017-12-16,19538.1283354772,2371.5424829059775,8.238574040443115,official
2017-12-17,19336.2117434397,2398.29362983799,8.062487221277365,official
2017-12-18,19149.7805363515,2413.347502901055,7.934945345969358,official
2017-12-19,17681.1017091666,2430.846678333627,7.273639208412435,official
2017-12-20,16533.4635511081,2509.440081847261,6.5885070023020464,official
2017-12-21,15806.5252063995,2529.2248224688997,6.24955324887646,official
2017-12-22,13833.3808649743,2546.6969837240013,5.431891172520231,official
2017-12-23,14508.0699666203,2554.897493313698,5.678533093632401,official
2017-12-24,13924.4077095052,2566.5869071364127,5.425262503595062,official
2017-12-25,13943.5562666221,2572.249376433557,5.420763785335209,official
2017-12-26,15903.4984156017,2589.7620215694014,6.140911127410906,official
2017-12-27,15596.0380197358,2601.5715845126533,5.994852539357425,official
2017-12-28,14631.4430140706,2607.98116774001,5.61025639105735,official
2017-12-29,14666.6842689532,2617.7866649575767,5.602704171919558,official
2017-12-30,12865.7701643443,2630.7465859635317,4.890539527064371,official
2017-12-31,14265.3070901087,2644.379291870158,5.3945767666407605,official
2018-01-01,13783.2811914635,2650.299396728914,5.2006506164832835,official
2018-01-02,14956.9816198437,2663.8614599718944,5.614774583660783,official
2018-01-03,15346.3987352107,2673.074523881852,5.741103960290857,official
2018-01-04,15413.6702183466,2684.4505539980214,5.741834281652394,official
2018-01-05,17334.0676491656,2704.581765975227,6.409149047455486,official
2018-01-06,17578.8059853878,2714.9638651389055,6.474784512275053,official
2018-01-07,16638.8177100675,2732.397870470387,6.089456403800775,official
2018-01-08,15433.9962634989,2734.945088053935,5.643256360397731,official
2018-01-09,14973.0679616193,2736.959699673153,5.470693617961339,official
2018-01-10,15385.4977867688,2739.9096812846183,5.615330275980208,official
2018-01-11,13894.2311571695,2746.157251840341,5.059517676148467,official
2018-01-12,14396.6119729224,2750.9226520620273,5.233375777443628,official
2018-01-13,14801.1502814556,2753.859069226638,5.374694168940238,official
2018-01-14,14223.6560599716,2756.440107348933,5.160154222850688,official
2018-01-15,14121.0373546717,2758.337199439576,5.119402137469174,official
2018-01-16,11419.5111459582,2764.014759050268,4.131494272440865,official
2018-01-17,11238.0343206104,2768.8222684465063,4.058777787465457,official
2018-01-18,11289.7852821729,2770.211101282878,4.075424171444777,official
2018-01-19,12036.7418821243,2774.687644308828,4.338052936089187,official
2018-01-20,13221.16573963,2776.596989803135,4.761643763277076,official
2018-01-21,12020.3059307867,2778.3631968892055,4.326398342824739,official
2018-01-22,11177.2511504361,2781.9086070342946,4.017835496886368,official
2018-01-23,11176.293322639,2784.978619547505,4.013062521986216,official
2018-01-24,11747.0504110474,2787.250835219516,4.214565213368116,official
2018-01-25,11472.3416492151,2789.2252233741606,4.113092608325427,official
2018-01-26,11373.9915508703,2792.0424823607927,4.073717224120851,official
2018-01-27,11672.6553882168,2793.590066707966,4.1783708810119515,official
2018-01-28,11881.8509901958,2796.602553652773,4.24867343937606,official
2018-01-29,11383.7273013366,2798.111365428363,4.068361053096921,official
2018-01-30,10237.4441225932,2799.9139777328014,3.656342374804977,official
2018-01-31,10337.7115078461,2802.8334420263886,3.6883074651671612,official
2018-02-01,9115.22536026951,2807.0137934376216,3.2473033732785863,official
2018-02-02,8894.81764566456,2810.4678560485368,3.164888588396987,official
2018-02-03,9290.8298780611,2812.464666009264,3.3034476807291906,official
2018-02-04,8325.13397036081,2826.9988748712913,2.944866389711542,official
2018-02-05,6913.45283524325,2847.0640945829814,2.428274392697115,official
2018-02-06,7787.48870540742,2867.5950426980753,2.7156863467305667,official
2018-02-07,7658.28414064893,2871.8105634941544,2.6667093707361516,official
2018-02-08,8333.50105242744,2882.268408611738,2.891299445786634,official
2018-02-09,8791.51402943372,2884.291326780644,3.0480672835661626,official
2018-02-10,8707.29408381043,2887.719156663925,3.015284247332987,official
2018-02-11,8178.08354360021,2892.057607233243,2.8277733898336734,official
2018-02-12,8974.55829529548,2896.3333424741604,3.098593025769977,official
2018-02-13,8627.67638172495,2898.6840877617046,2.9764114061794977,official
2018-02-14,9551.42135090789,2905.6891755783595,3.287144898768031,official
2018-02-15,10139.8238403792,2919.0563755807993,3.4736649573483134,official
2018-02-16,10285.8214677357,2923.409935634326,3.518432821329201,official
2018-02-17,11190.1927331023,2925.5745803939035,3.8249555516700027,official
2018-02-18,10566.1636493854,2928.9538543195863,3.6074872377393548,official
2018-02-19,11299.5718808741,2932.574051518346,3.8531241436251964,official
2018-02-20,11338.0322555782,2949.5218222767626,3.8440238583575796,official
2018-02-21,10645.7787868342,2958.085813916741,3.5988742235771527,official
2018-02-22,10024.4290891447,3286.7356292975173,3.049965138597791,official
2018-02-23,10404.7969050483,3309.8478059684785,3.143587716113673,official
2018-02-24,9957.45404745347,3322.151954046607,2.9972903663616632,official
2018-02-25,9848.94524506212,3334.874599943907,2.953318018382994,official
2018-02-26,10470.3524482453,3347.986314558672,3.127358198184717,official
2018-02-27,10734.7529591834,3366.315969001922,3.188872660211437,official
2018-02-28,10503.0979188015,3387.3611404297994,3.1006726130975317,official
2018-03-01,11041.1050122952,3400.4867939315673,3.2469189505452305,official
2018-03-02,11187.9292714577,3404.3071500741175,3.2864041868884013,official
2018-03-03,11590.3305993279,3407.3484534542886,3.4015689201313997,official
2018-03-04,11615.682941932,3416.1742770074393,3.4002020974489953,official
2018-03-05,11553.1792862556,3419.7624895566582,3.378357216776586,official
2018-03-06,10848.8923639279,3422.249636560177,3.170105490852649,official
2018-03-07,10030.1173449179,3424.679287012873,2.9287756616960547,official
2018-03-08,9488.93119119697,3427.4495318314653,2.7685108425583556,official
2018-03-09,9374.33352903881,3437.633169262087,2.726973201463226,official
2018-03-10,8957.52958360764,3440.734512470657,2.6033771426251624,official
2018-03-11,9673.9341084146,3445.051340321537,2.808066746404918,official
2018-03-12,9295.67816608066,3448.790010533555,2.6953447840225406,official
2018-03-13,9308.5913829621,3453.895331361538,2.695099442776866,official
2018-03-14,8398.25377083997,3456.6372302845284,2.4296023016996435,official
2018-03-15,8379.26770404359,3462.7131937789,2.4198561171909234,official
2018-03-16,8396.92251566927,3466.8643363902684,2.422051081586949,official
2018-03-17,7991.23192536619,3470.752730537823,2.3024492223414255,official
2018-03-18,8296.6760313896,3477.5269780068434,2.3857977476122607,official
2018-03-19,8763.90204785906,3481.568395321852,2.5172281721177803,official
2018-03-20,9035.00480931558,3483.612825690662,2.5935731843346566,official
2018-03-21,9009.9627051858,3486.9842359886297,2.583883979799896,official
2018-03-22,8833.06648053755,3490.733087716255,2.5304330805528346,official
2018-03-23,9026.56754297128,3493.0948618576444,2.5841174946422463,official
2018-03-24,8641.7059824982,3500.689075210804,2.4685728428988845,official
2018-03-25,8590.41499206883,3502.6169551467237,2.452570492884221,official
2018-03-26,8256.89060637111,3505.9927112858136,2.3550792275728707,official
2018-03-27,7928.23096264826,3508.5054963876664,2.2597174126736053,official
2018-03-28,8093.90399935986,3510.943229743844,2.305336050663054,official
2018-03-29,7191.62021208465,3517.6041170147846,2.044465486408351,official
2018-03-30,6964.06245571865,3522.995862009389,1.9767444324350134,official
2018-03-31,7061.80350937259,3665.858797711243,1.9263708448840378,official
2018-04-01,6929.30211625793,3671.2913190207964,1.887429112573422,official
2018-04-02,7165.64008195293,3676.805498518452,1.9488765682166989,official
2018-04-03,7525.14153227583,3681.096397166338,2.0442663598998903,official
2018-04-04,6894.68207219692,3686.3550088061634,1.8703250380732546,official
2018-04-05,6868.75822403774,3696.943530431706,1.8579559486091606,official
2018-04-06,6724.53646792066,3700.798810759237,1.8170499969818916,official
2018-04-07,6976.18805463319,3706.9823208979087,1.8819048624282113,official
2018-04-08,7088.78768547944,3712.6448473728724,1.9093632644381757,official
2018-04-09,6844.04828417157,3716.788486599449,1.8413876142931402,official
2018-04-10,6914.22661725476,3722.7795255627334,1.8572753421946493,official
2018-04-11,6982.1295891349,3748.688594927642,1.8625525733405632,official
2018-04-12,7927.6755320463,3766.172456568666,2.1049688041288346,official
2018-04-13,7911.45032187657,3774.3790659519823,2.096093207289217,official
2018-04-14,8004.40259701374,3779.5816465311514,2.117801213359175,official
2018-04-15,8354.01013032095,3784.199598767147,2.207602932213882,official
2018-04-16,8113.43332335146,3788.6801538719023,2.141493341701016,official
2018-04-17,7943.60260533867,3800.0487618172424,2.090394914179974,official
2018-04-18,8188.4282034017,3811.518000985303,2.1483378017065475,official
2018-04-19,8317.57498000725,3880.2732359353695,2.143553939185995,official
2018-04-20,8869.67202862062,3893.5725078949786,2.278029241945701,official
2018-04-21,8933.28706419643,3910.3034738239176,2.2845508344805,official
2018-04-22,8812.41167838675,3924.7798029669552,2.24532639301827,official
2018-04-23,8958.71579399908,3936.2806341472656,2.2759342198018477,official
2018-04-24,9653.75255193749,3943.283605012804,2.44815070862907,official
2018-04-25,8861.85540993636,3950.352348257856,2.243307590991098,official
2018-04-26,9271.06811420141,3979.6498210242107,2.329619069804335,official
2018-04-27,8900.24228883739,3985.2865907915534,2.2332753457185204,official
2018-04-28,9289.09143400829,3988.198409620955,2.3291447616045615,official
2018-04-29,9408.14057235559,3992.131395209946,2.3566710714091657,official
2018-04-30,9278.19541154596,4005.4866928710912,2.316371548071589,official
2018-05-01,9070.55026579142,4010.134647637236,2.2619066597017565,official
2018-05-02,9207.88397405866,4043.6557790959114,2.2771186463644484,official
2018-05-03,9676.47954354911,4048.051023208098,2.390404539881629,official
2018-05-04,9641.5683446134,4060.0502365327534,2.374741144298553,official
2018-05-05,9762.21430170034,4064.034379797414,2.402099340061924,official
2018-05-06,9622.06468518914,4069.5829246905464,2.3643859489411456,official
2018-05-07,9423.06383095131,4074.2900232254215,2.312811257233848,official
2018-05-08,9212.52289177024,4078.903705350576,2.2585781762108152,official
2018-05-09,9312.06067041742,4093.3737875099077,2.274910905725558,official
2018-05-10,9049.74262994218,4104.885861641199,2.2046271041319403,official
2018-05-11,8475.90393953052,4115.51370650215,2.0595008409616855,official
2018-05-12,8576.45326782635,4120.01209270526,2.0816573046014835,official
2018-05-13,8774.46390579502,4123.887882664597,2.1277164063261376,official
2018-05-14,8695.85795362246,4213.110131069924,2.0639996779324963,official
2018-05-15,8492.55678414223,4228.263987257281,2.0085209461226285,official
2018-05-16,8364.64827840311,4230.821195145855,1.9770744005915721,official
2018-05-17,8089.03662113214,4310.236802960175,1.8767035295083485,official
2018-05-18,8253.64491276539,4313.708905717091,1.913352313093399,official
2018-05-19,8240.08393872954,4320.6524170667035,1.9071388168557524,official
2018-05-20,8492.59917265101,4324.009957570944,1.9640563402915503,official
2018-05-21,8410.81548267098,4331.3681772929,1.9418380378663005,official
2018-05-22,8042.65342156741,4335.032501923427,1.8552694629161224,official
2018-05-23,7549.01578032354,4348.1621845013715,1.736139421669072,official
2018-05-24,7610.49691231459,4366.088875848422,1.7430925317194128,official
2018-05-25,7518.58789160525,4370.809366626555,1.7201820671964445,official
2018-05-26,7394.96148826171,4372.505977407986,1.691241024362288,official
2018-05-27,7428.63938382815,4375.057402882773,1.6979524380487758,official
2018-05-28,7207.74839913496,4377.594135534028,1.646509058623745,official
2018-05-29,7476.12540354414,4380.7945975561715,1.7065683489736543,official
2018-05-30,7409.1584757084,4390.296319292508,1.6876215036215092,official
2018-05-31,7477.84503373635,4392.863622784617,1.7022711551869614,official
2018-06-01,7535.52831340785,4394.919538434705,1.7145998345379732,official
2018-06-02,7658.00892102042,4398.142975234966,1.7411914446940642,official
2018-06-03,7689.38782099348,4401.751405305317,1.746892796291417,official
2018-06-04,7503.54865801002,4405.558830503673,1.7032001947303843,official
2018-06-05,7624.11183550795,4407.868910268424,1.729659386590893,official
2018-06-06,7628.54943838761,4413.5106697573665,1.7284538339650124,official
2018-06-07,7642.08521609352,4416.342972025692,1.7304102658014902,official
2018-06-08,7629.04392811589,4418.300865618623,1.726691812113098,official
2018-06-09,7532.44458562124,4420.802204690057,1.703863741659833,official
2018-06-10,6838.02956737053,4423.459537192055,1.5458555707081718,official
2018-06-11,6940.6483327347,4425.368423694905,1.5683775153210169,official
2018-06-12,6629.03367881793,4427.589076236575,1.4972106861489887,official
2018-06-13,6349.87019878045,4435.236103246748,1.4316870739152134,official
2018-06-14,6696.81735055423,4437.053271089149,1.509293880735938,official
2018-06-15,6500.37674764468,4439.134499720337,1.4643342633691772,official
2018-06-16,6587.55401722836,4441.064689834235,1.483327642650088,official
2018-06-17,6569.98626570388,4443.2001566822355,1.478660882702554,official
2018-06-18,6760.7887085525,4445.580099597778,1.5207888637894962,official
2018-06-19,6779.1185915568,4447.386131619073,1.5242927847798227,official
2018-06-20,6763.87449713133,4449.718559713833,1.5200679338169925,official
2018-06-21,6729.15840156224,4461.584450666244,1.5082440948881695,official
2018-06-22,6138.41968154089,4463.935068598146,1.3751140164923141,official
2018-06-23,6253.52073358843,4466.441120830501,1.4001126544405527,official
2018-06-24,6218.62081675723,4470.775543259373,1.3909490102076583,official
2018-06-25,6307.38061587444,4474.099648300891,1.4097541654598074,official
2018-06-26,6117.77574311091,4479.519628191518,1.3657213832950192,official
2018-06-27,6160.25857054166,4482.021143023446,1.3744376418505966,official
2018-06-28,5914.13588603817,4486.16621796462,1.3183051181553014,official
2018-06-29,6244.92621633453,4488.534063049137,1.3913064106485238,official
2018-06-30,6402.30728987676,4490.827166446422,1.4256409905311245,official
2018-07-01,6340.06602324344,4493.752540525508,1.4108622951681316,official
2018-07-02,6604.4828450369,4500.621652131192,1.467460132292938,official
2018-07-03,6530.28892762608,4503.780212741761,1.4499572845830868,official
2018-07-04,6605.47419700074,4512.140988330514,1.4639334661935632,official
2018-07-05,6584.38608342835,4513.908191238875,1.4586885254352542,official
2018-07-06,6648.60908847732,4516.832360577081,1.4719627734042975,official
2018-07-07,6790.70251040529,4519.1077980613745,1.5026644226805994,official
2018-07-08,6721.51797218167,4520.944994143791,1.4867506640510764,official
2018-07-09,6683.85923253637,4523.23708321107,1.4776716562890093,official
2018-07-10,6355.12096935432,4529.719739143263,1.4029832606280201,official
2018-07-11,6440.7189680716,4532.397440697888,1.4210402005433738,official
2018-07-12,6281.5043719653,4535.277649176654,1.385031933624981,official
2018-07-13,6284.67125862888,4539.549945522335,1.384426062946587,official
2018-07-14,6274.53102702325,4541.0897810203805,1.381723623533681,official
2018-07-15,6390.75317886336,4543.445202828101,1.4065874889137846,official
2018-07-16,6717.71248334671,4549.857665176253,1.4764665133950905,official
2018-07-17,7288.63440090676,4553.050860278684,1.6008242878404033,official
2018-07-18,7353.44389357907,4556.013931029627,1.614008210882982,official
2018-07-19,7457.43355680821,4568.318621076666,1.6324241313646888,official
2018-07-20,7341.00185975704,4575.259132006109,1.604499690171262,official
2018-07-21,7403.90687900379,4583.940703155611,1.6151838251107606,official
2018-07-22,7401.74723263855,4592.47126593207,1.6117133464821622,official
2018-07-23,7720.93614980044,4602.296103456133,1.6776269879728811,official
2018-07-24,8385.183823621,4607.851628925648,1.8197599443053387,official
2018-07-25,8144.22495804518,4614.128733723447,1.765062361290701,official
2018-07-26,7935.19633241838,4620.432832593941,1.7174140648558045,official
2018-07-27,8172.68598115587,4625.387167286565,1.7669193270906856,official
2018-07-28,8217.52478675808,4631.230908910388,1.7743716407980739,official
2018-07-29,8191.76904734053,4636.426491429078,1.766828194620119,official
2018-07-30,8173.76626652201,4641.782658924131,1.7609110264582095,official
2018-07-31,7745.64360400648,4648.118868720093,1.6664039416314071,official
2018-08-01,7633.78528177951,4652.462989414511,1.6408051604382958,official
2018-08-02,7559.85721152678,4656.788476063487,1.6234057549286278,official
2018-08-03,7436.90441418002,4661.001783926928,1.5955592293110805,official
2018-08-04,7024.46008451798,4666.002586597936,1.5054556773487853,official
2018-08-05,7054.60225210488,4671.148304809398,1.5102501123420737,official
2018-08-06,6946.76359215604,4678.66838668634,1.4847736616520657,official
2018-08-07,6744.02617849124,4682.226197017356,1.440346086395245,official
2018-08-08,6302.0697058176,4688.132509827175,1.344260148920134,official
2018-08-09,6554.77269431699,4695.860258607667,1.395861957838689,official
2018-08-10,6178.79115680648,4718.554601883241,1.3094669190307637,official
2018-08-11,6286.16006682469,4723.522248032994,1.3308204633613026,official
2018-08-12,6361.38457019775,4728.011924972304,1.345467116230891,official
2018-08-13,6329.83687971754,4764.462241187913,1.3285522183379368,official
2018-08-14,6231.17059350539,4778.0685839077805,1.304119119280029,official
2018-08-15,6278.66885952369,4788.028390222565,1.3113265728217278,official
2018-08-16,6323.82170099718,4813.360845697062,1.3138058632463439,official
2018-08-17,6587.98666677998,4842.422869311284,1.360473226849137,official
2018-08-18,6403.74779827472,4846.781656730216,1.3212371119261186,official
2018-08-19,6500.39725148431,4871.121074541171,1.3344766332043196,official
2018-08-20,6290.04418592047,4889.986909376388,1.2863110479620137,official
2018-08-21,6494.76773074407,4926.756804557676,1.3182643244610426,official
2018-08-22,6400.67640274504,5076.567897530182,1.260827498408729,official
2018-08-23,6534.11345355147,5522.723859543989,1.183132385346348,official
2018-08-24,6707.78700817528,5533.678494102083,1.2121750505246351,official
2018-08-25,6755.97071527136,5577.627019085405,1.2112625480610166,official
2018-08-26,6718.46604738008,5604.624397924144,1.1987361811200914,official
2018-08-27,6903.1080164898,5646.161965712147,1.2226195526112782,official
2018-08-28,7074.04215316713,5674.2552595240995,1.2466908571470277,official
2018-08-29,7039.79239224644,5705.002184381075,1.2339683955809342,official
2018-08-30,7006.27465758779,5723.126181025963,1.2242041213097632,official
2018-08-31,7029.23621487447,5728.3454914310405,1.2270971130127215,official
2018-09-01,7184.45133071552,5733.194780739349,1.2531322596698902,official
2018-09-02,7300.07612722649,5737.341530061198,1.2723795662114998,official
2018-09-03,7266.17224128219,5742.087308794221,1.2654235037760182,official
2018-09-04,7364.0347279285,5745.52613840881,1.2816989341846292,official
2018-09-05,6722.31283926992,5749.391173971662,1.1692216855417348,official
2018-09-06,6542.35118710044,5754.397623031699,1.1369306773162484,official
2018-09-07,6458.78618678251,5759.053814320058,1.1215012734769985,official
2018-09-08,6283.039059033,5763.007368658382,1.0902361661383195,official
2018-09-09,6314.81638221266,5767.554032430416,1.0948863845410097,official
2018-09-10,6374.57493257096,5777.82136998818,1.1032834911931522,official
2018-09-11,6353.40910447119,5786.675458169968,1.0979376933090441,official
2018-09-12,6389.1465055719,5790.560021321655,1.1033728140363221,official
2018-09-13,6510.881572168,5814.215704881565,1.1198211250919914,official
2018-09-14,6513.9048920132,5818.695825194461,1.119478503036461,official
2018-09-15,6545.60861225917,5822.510013086207,1.12419018559827,official
2018-09-16,6522.16250528833,5826.796238310494,1.1193393828337235,official
2018-09-17,6294.63926898621,5833.7510690956715,1.0790037480913603,official
2018-09-18,6379.19461157244,5837.658610354918,1.0927659593277583,official
2018-09-19,6408.39240284224,5844.662394613247,1.0964521079521303,official
2018-09-20,6516.71443488538,5848.994531595798,1.114159775613161,official
2018-09-21,6750.46195715367,5852.682282812479,1.1533962772894222,official
2018-09-22,6722.0805782777,5855.183218355517,1.1480564019251407,official
2018-09-23,6707.72024757514,5860.756974139406,1.1445143139654075,official
2018-09-24,6597.75748500411,5865.104897216379,1.1249172181277531,official
2018-09-25,6453.05013822458,5874.070513309401,1.0985653174580274,official
2018-09-26,6475.69544593283,5880.264087541449,1.1012592886181634,official
2018-09-27,6687.78844769127,5884.716745880233,1.136467350339887,official
2018-09-28,6644.02393789554,5908.3166871895055,1.1245206189270804,official
2018-09-29,6599.2726772185,5911.250007874722,1.1163920775516554,official
2018-09-30,6626.31135776041,5918.371026337004,1.119617429909859,official
2018-10-01,6610.03617515634,5923.0617417866015,1.1159829938160535,official
2018-10-02,6537.66351249397,5931.656739196916,1.1021648419559595,official
2018-10-03,6522.58905564752,5936.153577152653,1.0987904829066362,official
2018-10-04,6590.98292186958,5939.649668554403,1.1096585303277153,official
2018-10-05,6628.57399763463,5943.400907357911,1.1152830005844763,official
2018-10-06,6598.09470555805,5946.958860559447,1.109490558160234,official
2018-10-07,6629.0830340991,5949.599196996793,1.114206657390517,official
2018-10-08,6658.16413606773,5957.328135255344,1.1176426721678892,official
2018-10-09,6642.07398588331,5963.97148197889,1.113699823339769,official
2018-10-10,6572.97938495625,5984.284011528713,1.0983735685494567,official
2018-10-11,6254.62242025813,5988.481897486523,1.0444420685121067,official
2018-10-12,6322.82262222196,5996.74256057625,1.0543761981362054,official
2018-10-13,6354.35403767038,6003.396057325584,1.058459907857744,official
2018-10-14,6350.62808134611,6008.080150258824,1.0570145408383957,official
2018-10-15,6574.22734857527,6015.759306799412,1.092834173259665,official
2018-10-16,6582.97907522687,6026.056190738016,1.0924191323248593,official
2018-10-17,6569.79375397655,6030.899769470993,1.0893554867606141,official
2018-10-18,6517.06426119954,6034.064300240621,1.080045544251104,official
2018-10-19,6478.91686338406,6056.719304638742,1.0697073015125471,official
2018-10-20,6508.87563651331,6060.5308463929005,1.0739778084600056,official
2018-10-21,6505.15782395123,6064.271914724603,1.0727021999386466,official
2018-10-22,6491.43417691555,6070.768318026396,1.0692936769864927,official
2018-10-23,6449.4785801656,6075.03536790264,1.0616363839198903,official
2018-10-24,6462.65565169388,6077.7982359100615,1.063321847953084,official
2018-10-25,6461.37164066434,6080.977906435644,1.0625546976294908,official
2018-10-26,6459.06585432804,6085.230770409674,1.0614331810941655,official
2018-10-27,6457.22285398303,6087.420606547953,1.060748594739338,official
2018-10-28,6462.44935993458,6090.474077786878,1.0610749306863263,official
2018-10-29,6296.78261540062,6095.596010352659,1.0330052393082267,official
2018-10-30,6319.99118295864,6099.169232581751,1.036205250576957,official
2018-10-31,6333.51368420619,6103.872794968508,1.0376221616916685,official
2018-11-01,6394.63293340624,6107.009375583817,1.0470972844699338,official
2018-11-02,6435.34998979024,6114.538592014491,1.0524669838857057,official
2018-11-03,6408.31633682553,6117.278080714433,1.0475764306070434,official
2018-11-04,6472.63939811862,6123.26725811834,1.0570564904768898,official
2018-11-05,6432.49226586104,6127.75733256015,1.049730254767379,official
2018-11-06,6477.47957640717,6132.35199385705,1.0562798063281176,official
2018-11-07,6550.06729670758,6138.251070834924,1.067090156645652,official
2018-11-08,6488.11111061874,6143.629173901562,1.0560714077894795,official
2018-11-09,6414.79203550461,6149.861149344159,1.043079165484688,official
2018-11-10,6428.30223550181,6153.859141324896,1.0445969086835205,official
2018-11-11,6453.84470950013,6157.295644504233,1.04816222610012,official
2018-11-12,6439.72594077211,6162.7319690696695,1.0449466199556714,official
2018-11-13,6404.35267251848,6168.130843239937,1.038297149538816,official
2018-11-14,5809.08737098184,6005.345690489157,0.9673193968137193,official
2018-11-15,5729.28185079382,5800.451898400611,0.9877302581155074,official
2018-11-16,5709.72145118042,5783.878031995899,0.9871787440182433,official
2018-11-17,5704.36520205696,5779.920730591663,0.9869279299740553,official
2018-11-18,5733.69823829956,5777.176003191159,0.9924742183953574,official
2018-11-19,4861.87927044962,5709.128539141786,0.8515974438334284,official
2018-11-20,4487.06751042754,4719.616392953207,0.9507271644210571,official
2018-11-21,4647.79546061098,4694.171668670264,0.9901204703763163,official
2018-11-22,4368.66924713129,4663.112627291179,0.9368569014531969,official
2018-11-23,4404.20960055943,4636.960573300859,0.9498052724274636,official
2018-11-24,3918.87138974418,4615.818972482343,0.8490089002854998,official
2018-11-25,4033.13337391932,4583.945770555154,0.8798388060840593,official
2018-11-26,3828.18463385213,4546.120170902079,0.8420773076688182,official
2018-11-27,3871.99602145651,4486.2269151816245,0.8630851926712567,official
2018-11-28,4304.53652487548,4427.745044323233,0.9721735289149682,official
2018-11-29,4336.45579983026,4482.0737133033645,0.9675110400257604,official
2018-11-30,4031.00473008493,4410.102690089067,0.9140387454341837,official
2018-12-01,4238.14011278173,4397.572414299394,0.9637453834758365,official
2018-12-02,4189.09621087448,4387.895720080014,0.9546936568488211,official
2018-12-03,3909.33968546665,4359.152384934208,0.8968118891594226,official
2018-12-04,4006.55138014741,4321.252947112811,0.9271735372085392,official
2018-12-05,3777.30743936224,4230.001570942484,0.8929801504826913,official
2018-12-06,3497.32413941416,4169.4954757106725,0.8387883281772973,official
2018-12-07,3445.45267854672,4125.368410464927,0.8351866635247781,official
2018-12-08,3522.50392870971,4112.102705668621,0.8566186646685318,official
2018-12-09,3635.34509227514,4103.295397227638,0.8859574416044563,official
2018-12-10,3524.52028845159,4084.575804441097,0.8628852681885432,official
2018-12-11,3440.73449914165,4062.0832505921567,0.8470369233914817,official
2018-12-12,3532.64374775214,4052.687930146887,0.8716791938194218,official
2018-12-13,3374.59810638248,4043.4712959383432,0.8345794638810112,official
2018-12-14,3281.05718612757,4033.5333122464235,0.8134449208999412,official
2018-12-15,3290.8522250115,4027.422541545626,0.81711123952456,official
2018-12-16,3303.16155370256,4020.8160224133358,0.821515218624693,official
2018-12-17,3579.86223822463,4012.1456909914523,0.8922562922534352,official
2018-12-18,3771.17222569214,3985.1425407231923,0.9463079895274655,official
2018-12-19,3761.70181560355,3968.997235165313,0.9477713368693922,official
2018-12-20,4156.43990642384,4023.380736543885,1.033071483558937,official
2018-12-21,3913.39116638287,4009.7999618524686,0.9759567069712227,official
2018-12-22,4058.54390026753,4023.8084336022753,1.0086324851787634,official
2018-12-23,4032.16253945407,4031.5357848112812,1.0001554629987783,official
2018-12-24,4112.56644842415,4044.5474695297103,1.016817451002089,official
2018-12-25,3871.70183807958,4028.40333210968,0.9611008429118651,official
2018-12-26,3914.61285934629,4024.445264922418,0.9727086844655483,official
2018-12-27,3705.72122443972,4004.3654540937687,0.9254203361112466,official
2018-12-28,3975.65986612537,4010.467168964244,0.9913208857291647,official
2018-12-29,3806.72200174211,3988.4710343886545,0.9544314021389395,official
2018-12-30,3920.34773987474,3996.130955218955,0.9810358528803361,official
2018-12-31,3808.50561275989,3979.701039747125,0.9569828423599093,official
2019-01-01,3921.89646436442,3988.2433948040107,0.983364372764704,official
2019-01-02,3980.71966522805,3993.6588176551654,0.9967600756554581,official
2019-01-03,3859.52684073302,3977.4754612912498,0.9703458583953303,official
2019-01-04,3901.67451200417,3989.920302623841,0.9778828187215571,official
2019-01-05,3872.16119916343,3991.6237683745276,0.9700716860748263,official
2019-01-06,4103.78852514593,3999.423380597542,1.0260950478648239,official
2019-01-07,4079.50086329269,4009.6308650243095,1.0174255438020121,official
2019-01-08,4050.60102487255,4014.786099455128,1.0089207555596258,official
2019-01-09,4068.13307168475,4023.931488110948,1.0109846759827794,official
2019-01-10,3698.76122835628,3990.45196954717,0.9269028312038572,official
2019-01-11,3717.10296810523,3965.940999743428,0.9372562446959507,official
2019-01-12,3709.97835366353,3961.5243795242263,0.9365027192156503,official
2019-01-13,3587.73394997392,3955.55607892486,0.9070112718384425,official
2019-01-14,3743.2912026097,3945.623711443118,0.9487197655857015,official
2019-01-15,3587.75493617513,3911.481247384257,0.9172369006177354,official
2019-01-16,3674.97411151996,3902.6719941883725,0.9416559006220644,official
2019-01-17,3713.93349147343,3894.7692470649854,0.9535695841986456,official
2019-01-18,3692.20708038804,3886.353095017973,0.9500441648292807,official
2019-01-19,3772.88464099678,3891.564420066194,0.9695033240468892,official
2019-01-20,3608.51918361495,3883.3737009369474,0.9292227484427567,official
2019-01-21,3619.41059197156,3874.8375807447146,0.9340805947473897,official
2019-01-22,3653.49867159477,3865.294206818576,0.9452058436198237,official
2019-01-23,3639.57945541488,3858.0459576137296,0.94337379476579,official
2019-01-24,3658.37193732296,3852.051863195257,0.9497203223760232,official
2019-01-25,3649.61590203112,3845.8234347418165,0.9489816586642469,official
2019-01-26,3644.63683992798,3840.8974591404,0.9489024059350069,official
2019-01-27,3631.86719805259,3837.3588935720986,0.946449706368689,official
2019-01-28,3505.99089747654,3826.9838451494925,0.9161237777160217,official
2019-01-29,3466.68896136667,3817.137719519745,0.9081906957768432,official
2019-01-30,3510.09721672375,3805.445289575381,0.9223880386191056,official
2019-01-31,3477.93958959138,3798.706879085436,0.9155588204870172,official
2019-02-01,3498.07242611388,3786.107760948171,0.9239231017655565,official
2019-02-02,3528.38897286619,3783.401809700813,0.9325969459070517,official
2019-02-03,3481.84606775749,3780.479015137202,0.9210065850957053,official
2019-02-04,3489.24013743218,3775.8753027634616,0.9240877565205871,official
2019-02-05,3508.79595491924,3771.2201167955295,0.9304139897038745,official
2019-02-06,3438.82269134901,3763.830796503265,0.9136496503891196,official
2019-02-07,3431.00755766863,3758.5505620964373,0.9128539049784364,official
2019-02-08,3672.56789094896,3762.9813670322965,0.9759729142228941,official
2019-02-09,3686.76975363373,3763.1782140430723,0.979695763510692,official
2019-02-10,3712.26142417163,3762.8700710540043,0.9865505197025848,official
2019-02-11,3648.80312873662,3761.796210137476,0.9699629977040338,official
2019-02-12,3648.03688883552,3760.620656786392,0.9700624502639733,official
2019-02-13,3643.91688635496,3756.400452434618,0.970055491286411,official
2019-02-14,3634.14373510438,3755.7763306739284,0.9676145263028155,official
2019-02-15,3653.1650968777,3755.2784260684684,0.9728080537299402,official
2019-02-16,3584.12659869152,3747.8686230152343,0.9563106285748136,official
2019-02-17,3708.34922461811,3749.991449987094,0.988895381249702,official
2019-02-18,3926.33275853258,3768.3278382982194,1.041929717109145,official
2019-02-19,3877.93633453874,3780.219080565727,1.0258496272016038,official
2019-02-20,4005.55268473166,3791.45294697067,1.0564690478176852,official
2019-02-21,3921.67075091532,3799.3917479828388,1.0321838365305187,official
2019-02-22,3942.93285321627,3809.9449209493137,1.034905473707956,official
2019-02-23,4153.60125610778,3818.572954961515,1.0877365196626554,official
2019-02-24,3831.08394398204,3818.9494394124235,1.0031774457248337,official
2019-02-25,3899.08566194327,3833.658086841989,1.0170666172149894,official
2019-02-26,3878.90097563862,3843.1530097987225,1.0093017284892776,official
2019-02-27,3898.83190819843,3849.7109721788042,1.0127596425743683,official
2019-02-28,3792.99306607751,3841.9067810829333,0.9872683753686403,official
2019-03-01,3897.8785434632,3856.2521285336,1.0107945262763276,official
2019-03-02,3895.54957090884,3889.153894331213,1.001644490485951,official
2019-03-03,3877.16771413045,3892.547966003188,0.9960487957998035,official
2019-03-04,3796.47893591825,3873.4554664944358,0.9801271677854474,official
2019-03-05,3920.31579351683,3891.237758489498,1.0074726955359878,official
2019-03-06,3916.47101842946,3897.847313803329,1.0047779461653563,official
2019-03-07,3923.11647327388,3903.534065931003,1.005016584206037,official
2019-03-08,3910.99240651889,3908.877583100423,1.000541030864617,official
2019-03-09,3985.93596132286,3911.5538820516495,1.0190159924966178,official
2019-03-10,3962.2919637941,3914.3706955624307,1.0122423939781675,official
2019-03-11,3877.8314588376,3918.762820795567,0.9895550295259621,official
2019-03-12,3942.77159257979,3923.556980695384,1.0048972429810363,official
2019-03-13,3932.11756854623,3928.861677159099,1.000828711126701,official
2019-03-14,3937.38017190565,3935.31720268412,1.0005242192980335,official
2019-03-15,3898.8624395337,3940.390554181013,0.9894609140702438,official
2019-03-16,4060.93853962008,3944.0036561251127,1.0296487766468891,official
2019-03-17,3961.80505256534,3944.8865594322674,1.0042887147394948,official
2019-03-18,4040.15091817348,3946.6624343194185,1.0236879858386427,official
2019-03-19,4067.51783729715,3949.0462485790217,1.0300000509643963,official
2019-03-20,4108.24444180822,3950.609231915529,1.03990149383017,official
2019-03-21,4038.80328748636,3953.2864051294837,1.0216318459107634,official
2019-03-22,3978.69285902669,3952.5277611789543,1.0066198391077033,official
2019-03-23,4008.88685182307,3952.6847680558144,1.0142187113481604,official
2019-03-24,4043.51066246815,3954.0748974583203,1.0226186320009565,official
2019-03-25,3975.24685270955,3953.860453975242,1.0054089917899873,official
2019-03-26,3926.15587743512,3954.8857186794994,0.9927356077297799,official
2019-03-27,4032.62436841951,3957.718781226286,1.0189264551964996,official
2019-03-28,4074.5648540129,3959.3151826568205,1.0291084862000663,official
2019-03-29,4087.50882679439,3962.349191374443,1.03158723004333,official
2019-03-30,4148.41754884706,3963.1736126899273,1.0467413124582756,official
2019-03-31,4085.56441538009,3964.3079232718196,1.0305870518776945,official
2019-04-01,4130.32266928648,3966.050434692568,1.0414196030279796,official
2019-04-02,4896.33847681487,3973.030864469953,1.2323937678415435,official
2019-04-03,4970.89219699921,3976.0385954085923,1.2502122596947234,official
2019-04-04,4905.39310746551,3977.9996232289386,1.233130611380955,official
2019-04-05,5029.1683539977,3979.8340357978805,1.2636628333647206,official
2019-04-06,5043.01875984075,3980.6377305128112,1.2668871425260484,official
2019-04-07,5195.37130124658,3981.3892515059506,1.304914182726907,official
2019-04-08,5296.4026152735,3982.9501075124513,1.3297687574051396,official
2019-04-09,5192.19663318834,3984.3835906937566,1.3031367374656515,official
2019-04-10,5317.97501107732,3985.6406578205974,1.3342836115048218,official
2019-04-11,5077.52340805403,3986.9953727068378,1.2735212693780518,official
2019-04-12,5123.07284247045,3988.4810863758025,1.2844671270901307,official
2019-04-13,5119.50399990075,3989.554488340415,1.2832269905982345,official
2019-04-14,5201.13176951488,3990.3493038244137,1.3034276885309346,official
2019-04-15,5039.22720703072,3991.3093933379523,1.2625498828634751,official
2019-04-16,5221.81209243586,3992.4917442578026,1.307908050140899,official
2019-04-17,5248.34558416109,3994.322662578839,1.313951332307396,official
2019-04-18,5302.37529453645,3995.193111778859,1.3271887356092202,official
2019-04-19,5313.85210520063,4001.9215903849404,1.3278251422935792,official
2019-04-20,5329.37172331585,4002.4266982675904,1.331535122335311,official
2019-04-21,5337.6091408747,4003.0458559891995,1.3333869590548855,official
2019-04-22,5400.05350755681,4004.7453505442154,1.348413702964405,official
2019-04-23,5531.47024426132,4006.0708910989297,1.3807719320573353,official
2019-04-24,5483.76046780149,4007.843395703564,1.3682571713455969,official
2019-04-25,5249.18929448947,4009.195238351272,1.309287520916075,official
2019-04-26,5322.29779541486,4010.711682606176,1.3270207924685353,official
2019-04-27,5340.89786865256,4011.3851217102615,1.3314348302651773,official
2019-04-28,5337.70389905222,4012.024376581531,1.3304265871884462,official
2019-04-29,5291.10885959494,4013.148142909249,1.3184434441932313,official
2019-04-30,5344.85834670001,4013.957476967471,1.3315682533682518,official
2019-05-01,5375.46491125081,4014.854763626261,1.338893989379489,official
2019-05-02,5456.81042563287,4015.637337592936,1.3588902500104267,official
2019-05-03,5667.70236447104,4016.7345364033154,1.411022389731048,official
2019-05-04,5776.10718265489,4017.38291233855,1.437778600818654,official
2019-05-05,5722.09485614861,4018.6807276034174,1.4238739636231421,official
2019-05-06,5658.92001967066,4019.774395820063,1.4077705518884471,official
2019-05-07,5778.24668377325,4022.113105041699,1.4366196406884348,official
2019-05-08,5908.27277938115,4023.969982560642,1.468269595694508,official
2019-05-09,6190.46087411392,4026.0833578191628,1.5375888484999354,official
2019-05-10,6406.06908978169,4027.2376660215905,1.5906856314517164,official
2019-05-11,7213.53563703165,4034.257698372834,1.7880701175686267,official
2019-05-12,6974.96389009358,4036.9736242759636,1.7277704883059641,official
2019-05-13,7812.05249225103,4040.037555608336,1.9336583842906174,official
2019-05-14,7940.89916207039,4045.028097945978,1.9631258349237903,official
2019-05-15,8185.612078301,4047.0572688743187,2.0226084126004507,official
2019-05-16,7880.78162424521,4050.338612835358,1.9457093289117442,official
2019-05-17,7346.50338002963,4051.4415530289143,1.8133060254904285,official
2019-05-18,7274.87529931839,4052.5134587752655,1.7951514222773177,official
2019-05-19,8064.34059800395,4053.8197844037054,1.9893189699823248,official
2019-05-20,7970.34883881234,4055.0222378178773,1.9655499702268984,official
2019-05-21,7954.64992358859,4057.005692399126,1.9607194385977254,official
2019-05-22,7632.90468102737,4058.2902732003226,1.8808178240557807,official
2019-05-23,7863.49008957199,4059.265137115025,1.9371708484064876,official
2019-05-24,7902.01080299532,4061.421306898863,1.9456269630468295,official
2019-05-25,7922.65299069228,4062.5644498036836,1.9501605669480833,official
2019-05-26,8745.39196800206,4063.447616415721,2.1522098458146686,official
2019-05-27,8775.94135894782,4064.5842542187347,2.159123986626443,official
2019-05-28,8720.39137079459,4066.7684300433903,2.144304875186008,official
2019-05-29,8665.45511378745,4102.999866963718,2.11198035455946,official
2019-05-30,8255.3034446722,4105.56504681663,2.010759384039766,official
2019-05-31,8566.91564872908,4108.717791626891,2.0850581819436464,official
2019-06-01,8557.18535734259,4110.399159325219,2.0818380467816597,official
2019-06-02,8742.9471646236,4111.974228099028,2.1262164302682116,official
2019-06-03,8146.49642548369,4122.475513797995,1.976117601721885,official
2019-06-04,7715.95222077764,4125.803880131133,1.8701694130290067,official
2019-06-05,7788.5916540076,4129.391681659494,1.886135357079416,official
2019-06-06,7788.35511523775,4132.033094833638,1.8848723948933719,official
2019-06-07,8011.8820993719,4134.831993219773,1.9376560190376895,official
2019-06-08,7960.65991147315,4135.965484631204,1.9247404121369225,official
2019-06-09,7650.82978451905,4137.73779991526,1.8490368782371218,official
2019-06-10,8016.60248743077,4142.581855631193,1.9351705691786032,official
2019-06-11,7913.17249505966,4145.035778065202,1.909072181459753,official
2019-06-12,8160.34359712027,4148.215776936309,1.9671936167089028,official
2019-06-13,8236.96334108976,4150.617461905774,1.9845151755584152,official
2019-06-14,8699.40120028464,4156.704730877214,2.092860033011956,official
2019-06-15,8768.83578751187,4158.165110781025,2.1088233761513204,official
2019-06-16,8993.01435302274,4161.450802532517,2.1610286363471842,official
2019-06-17,9186.39225241483,4164.005434207558,2.2061431949507218,official
2019-06-18,9060.00150433476,4167.320006149374,2.1740594653075966,official
2019-06-19,9266.55251603363,4170.230896969345,2.2220718096851573,official
2019-06-20,9496.70234275935,4173.6154112620225,2.2754138575235245,official
2019-06-21,10102.6572064453,4177.033688148343,2.418619997035206,official
2019-06-22,10463.8961008859,4180.099822185081,2.5032646458227554,official
2019-06-23,10704.9771663974,4182.789717906612,2.559291259746854,official
2019-06-24,10898.8995446162,4187.16720205498,2.6029291448565113,official
2019-06-25,11528.0181770289,4191.622186272469,2.7502522089855983,official
2019-06-26,12830.4112915608,4199.684187137564,3.055089554318559,official
2019-06-27,11186.6162918483,4206.108405948008,2.6596119767215005,official
2019-06-28,12416.3385531163,4213.318777974406,2.9469259762693714,official
2019-06-29,11913.5109099377,4215.93502793161,2.8258288685683604,official
2019-06-30,10777.5304064484,4225.033418956963,2.550874593817783,official
2019-07-01,10535.9526817245,4227.312555396298,2.4923524209902634,official
2019-07-02,10836.7391516287,4234.059507416508,2.5594206063109737,official
2019-07-03,11981.9064065324,4237.060378635778,2.8278819124098153,official
2019-07-04,11220.3217722242,4261.3318074039,2.6330551760201644,official
2019-07-05,10996.6485014783,4268.050649566099,2.576503749456733,official
2019-07-06,11294.2487324872,4272.000344830469,2.643784602254147,official
2019-07-07,11440.7106143135,4275.30719299037,2.6759973255421863,official
2019-07-08,12177.2623304489,4281.999582086339,2.8438261370674205,official
2019-07-09,12486.2395693099,4294.202334138308,2.907697075670152,official
2019-07-10,12125.0340486712,4304.047735366985,2.8171235065629117,official
2019-07-11,11379.4118716853,4315.245008000466,2.6370256730702115,official
2019-07-12,11849.0088044436,4325.244166340011,2.739500557368566,official
2019-07-13,11402.1560239286,4328.622193634103,2.6341305648474482,official
2019-07-14,10219.4959362507,4332.139906954843,2.3589948976126696,official
2019-07-15,10883.1735099455,4341.8171359964645,2.506594167616359,official
2019-07-16,9540.26411688977,4349.854088358567,2.1932377323695063,official
2019-07-17,9696.80002321681,4364.354480076484,2.2218176977794153,official
2019-07-18,10665.0314288209,4389.189826992774,2.4298405512636436,official
2019-07-19,10568.211657323,4402.205881595672,2.400662745353548,official
2019-07-20,10759.5887899584,4410.050824468218,2.4397879340213353,official
2019-07-21,10626.5284315564,4429.408783845598,2.3990850585550345,official
2019-07-22,10335.2033717124,4434.917856831408,2.330415963802436,official
2019-07-23,9842.97306940586,4440.849463500484,2.2164617716285235,official
2019-07-24,9844.37375415359,4490.601737247345,2.1922170635840015,official
2019-07-25,9955.17959317,4498.246812729574,2.2131243588052727,official
2019-07-26,9934.52005732129,4511.87717552112,2.201859596537855,official
2019-07-27,9625.5316421783,4516.220512417578,2.1313245479737786,official
2019-07-28,9714.70263902248,4519.499444625194,2.149508536963241,official
2019-07-29,9640.97222336733,4985.6562726278235,1.9337418578769765,official
2019-07-30,9584.62372200254,4994.835223638198,1.918906889389071,official
2019-07-31,10134.5745812126,5009.682807024944,2.0229972578306072,official
2019-08-01,10382.0832181172,5022.549550759154,2.067094234351149,official
2019-08-02,10549.7554665768,5029.267470295207,2.097672380498298,official
2019-08-03,10836.6555478624,5034.725157773821,2.152382743500936,official
2019-08-04,10944.8873631142,5040.938295760737,2.1712004236033775,official
2019-08-05,11810.1653915313,5055.267676258356,2.3362097020097985,official
2019-08-06,11486.8170347812,5065.747562624653,2.2675462787627887,official
2019-08-07,11993.5534484301,5076.652672376717,2.362492418220749,official
2019-08-08,11993.9919257893,5108.826804910672,2.34769985043543,official
2019-08-09,11891.1247535773,5118.930612175874,2.322970490221748,official
2019-08-10,11307.2847089656,5127.313762073609,2.2053038362124076,official
2019-08-11,11546.0049178242,5140.813012039531,2.2459492089644235,official
2019-08-12,11383.8244907973,5161.352864620557,2.2055892688193866,official
2019-08-13,10901.8291311866,5178.016454049883,2.105406428876824,official
2019-08-14,10115.090924665,5259.935632461614,1.9230446209721406,official
2019-08-15,10440.0025308695,5270.934962841807,1.9806737522788194,official
2019-08-16,10482.3414143856,5291.185982628508,1.9810948715089913,official
2019-08-17,10394.0301477797,5293.354967346505,1.96359968524652,official
2019-08-18,10431.5592943798,5295.484737820994,1.969896961438929,official
2019-08-19,10947.9703530009,5298.445932724804,2.0662606530309056,official
2019-08-20,10820.8877633239,5308.051053731202,2.038580197098433,official
2019-08-21,10281.4714085612,5313.380865294692,1.9350149498441735,official
2019-08-22,10265.8609290499,5316.092064124225,1.931091637469808,official
2019-08-23,10513.7725238689,5335.799292136757,1.9704212899017401,official
2019-08-24,10292.7324733008,5338.866411420296,1.927887247990277,official
2019-08-25,10291.9449477339,5341.167696938628,1.9269091576422297,official
2019-08-26,10435.4077328217,5346.50868803455,1.951817221615308,official
2019-08-27,10280.4595555949,5354.272830815026,1.9200477600671706,official
2019-08-28,9940.70226134142,5359.983355648167,1.8546143899619105,official
2019-08-29,9697.3416876693,5365.0603428946915,1.8074990900171588,official
2019-08-30,9781.78983089478,5368.9465089211335,1.8219197778635325,official
2019-08-31,9800.08930420235,5370.751456929433,1.8247147317826657,official
2019-09-01,9739.39609887312,5375.350464501569,1.8118625312324093,official
2019-09-02,10349.2191064565,5379.246933910076,1.9239159744120244,official
2019-09-03,10631.1512202484,5383.425140252616,1.974793174099851,official
2019-09-04,10647.0440848181,5386.68623738045,1.976548032616759,official
2019-09-05,10650.4380874233,5392.162245339719,1.9751701827273738,official
2019-09-06,10419.2605180637,5467.8048616276365,1.905565538957828,official
2019-09-07,10582.7176672262,5472.343081754389,1.9338549336408686,official
2019-09-08,10506.912778104,5475.495301854583,1.9188972319171285,official
2019-09-09,10405.0709243931,5479.134242547443,1.8990355891618773,official
2019-09-10,10242.2343873083,5483.183343499624,1.867935785778636,official
2019-09-11,10194.8001037375,5487.148737887706,1.8579412716379213,official
2019-09-12,10536.5252600889,5490.8046192834345,1.9189401172799236,official
2019-09-13,10385.1022594933,5503.0505218627895,1.8871537192389667,official
2019-09-14,10341.6091653141,5509.65753318713,1.8769967285665152,official
2019-09-15,10419.0132295664,5514.500974012405,1.8893846022816865,official
2019-09-16,10304.588195825,5520.591546109944,1.8665731941509192,official
2019-09-17,10210.6967184019,5527.290051971354,1.8473242081370724,official
2019-09-18,10235.6860675804,5552.084944848276,1.8435751918885879,official
2019-09-19,10284.681039902,5557.461836597503,1.8506075871136682,official
2019-09-20,10296.949839127,5563.812469273485,1.8507003778420956,official
2019-09-21,10125.0649029007,5568.103858620167,1.8184044622705358,official
2019-09-22,10085.1330602805,5571.433190596628,1.8101505869803873,official
2019-09-23,9865.87460853742,5576.709275808009,1.7691212004427028,official
2019-09-24,8772.43391367457,5654.3784479056285,1.5514408868270682,official
2019-09-25,8593.33456543955,5677.643123782353,1.513539047469192,official
2019-09-26,8219.82403541841,5695.744700440609,1.4431517681581734,official
2019-09-27,8375.17846754462,5719.340932087734,1.4643607658631788,official
2019-09-28,8395.21296352117,5724.179900061797,1.4666228368242824,official
2019-09-29,8181.09311495935,5732.398204871333,1.427167622097003,official
2019-09-30,8313.71979249385,5739.76439183344,1.448442692930505,official
2019-10-01,8399.89134533326,5743.599392099516,1.4624786256659108,official
2019-10-02,8579.7918565564,5749.126868957683,1.4923643280308958,official
2019-10-03,8421.93643888283,5754.522113130943,1.4635335955465798,official
2019-10-04,8328.35883521631,5760.489026257832,1.4457728844293338,official
2019-10-05,8340.82820462157,5765.195143996938,1.446755573106061,official
2019-10-06,8095.53335343318,5768.355435720151,1.4034387172645668,official
2019-10-07,8334.29635813174,5774.370549187601,1.443325516978521,official
2019-10-08,8288.86617075195,5787.150166858892,1.4322880747452458,official
2019-10-09,8599.85742361521,5791.484825395864,1.4849140907534686,official
2019-10-10,8650.27324196,5796.502472967709,1.4923263264875672,official
2019-10-11,8276.35713774535,5801.962410881458,1.4264754839195817,official
2019-10-12,8347.46262435701,5811.098661056567,1.4364689211522153,official
2019-10-13,8297.34972411386,5813.470894721972,1.4272626240628452,official
2019-10-14,8377.12391745221,5972.090989837354,1.4027120369913113,official
2019-10-15,8356.77477822925,5978.504957615951,1.3978034370589,official
2019-10-16,8007.76895264893,5994.110969044253,1.3359393901787826,official
2019-10-17,8176.30447974039,6006.260877618479,1.361296927712262,official
2019-10-18,7980.23332695576,6023.5776970683355,1.3248328034084669,official
2019-10-19,8122.39178534545,6031.76403871243,1.3466030390471468,official
2019-10-20,8232.43522600217,6038.02755719809,1.363431211271646,official
2019-10-21,8225.77367865012,6074.346869750646,1.3541824092419321,official
2019-10-22,8055.68330776575,6081.248573546398,1.3246758803460523,official
2019-10-23,7564.28642947329,6090.4394610810095,1.2419935339330477,official
2019-10-24,7454.82692517236,6099.24853429023,1.2222533453524662,official
2019-10-25,8820.18462530599,6119.90199846104,1.4412297169993873,official
2019-10-26,9246.95611239457,6129.67510788286,1.5085556656180417,official
2019-10-27,9543.71381079162,6138.480376163714,1.5547355739460766,official
2019-10-28,9238.81899592666,6207.318685450926,1.4883751687473596,official
2019-10-29,9423.81549073234,6247.036303532343,1.5085258085347943,official
2019-10-30,9196.11033671131,6259.723693076604,1.4690920538365642,official
2019-10-31,9220.16964042512,6273.692195109138,1.4696560420374154,official
2019-11-01,9315.30007544309,6332.669082840357,1.4709911340045816,official
2019-11-02,9360.41390878478,6345.106766798845,1.475217715447077,official
2019-11-03,9327.00812798991,6351.924711556008,1.4683751070004585,official
2019-11-04,9435.21244606531,6362.661685552946,1.4829033684894632,official
2019-11-05,9310.79075857969,6364.747373908548,1.4628688636956844,official
2019-11-06,9318.96225702737,6368.441814740755,1.4633033523926016,official
2019-11-07,9308.77692698598,6372.162286034678,1.4608505730287549,official
2019-11-08,8906.6867536001,6374.422686572837,1.3972538677677047,official
2019-11-09,8861.47667313982,6375.555787736815,1.3899143805132403,official
2019-11-10,9192.16082172047,6376.795205128786,1.4415016518528487,official
2019-11-11,8802.80543630773,6379.974044257609,1.3797556816443204,official
2019-11-12,8980.77735272324,6381.480975622945,1.4073186752463143,official
2019-11-13,8781.66304199267,6402.846960029824,1.3715247446663579,official
2019-11-14,8758.30209690455,6405.507666400102,1.3673080344351098,official
2019-11-15,8694.24762695861,6409.604151334806,1.3564406508860651,official
2019-11-16,8724.86624259459,6410.608553825972,1.3610043678906933,official
2019-11-17,8736.2305019683,6411.938762594017,1.3624943757937524,official
2019-11-18,8183.52250090844,6415.488653835344,1.2755883366758227,official
2019-11-19,8116.93378357067,6420.871580323821,1.2641482829907824,official
2019-11-20,8320.62692140835,6422.486833337117,1.2955459679914925,official
2019-11-21,7848.08525181198,6425.963667965802,1.2213086872768397,official
2019-11-22,7448.21207152243,6434.4456392484,1.1575530339537452,official
2019-11-23,7321.42442523596,6436.233703914471,1.1375324082441447,official
2019-11-24,7057.93999031244,6445.129105360524,1.0950812427391456,official
2019-11-25,7186.68347802699,6452.1683490384885,1.1138400440369725,official
2019-11-26,7165.70528160955,6457.961200582063,1.1095924950685208,official
2019-11-27,7733.72544804235,6461.655624304494,1.1968643793013614,official
2019-11-28,7666.29511075556,6462.808680982593,1.1862172453463362,official
2019-11-29,7779.62798450312,6464.389252904957,1.2034590864105412,official
2019-11-30,7787.01148823109,6466.251715337032,1.2042543085295307,official
2019-12-01,7574.12634448035,6468.074033115058,1.1710018014176333,official
2019-12-02,7305.57492476491,6470.091233716555,1.1291301251973902,official
2019-12-03,7545.41083235614,6472.922299515328,1.1656884608241191,official
2019-12-04,7193.98071276996,6476.143297820477,1.1108433494964616,official
2019-12-05,7608.62942688998,6478.15305169218,1.1745059689354675,official
2019-12-06,7735.39632168443,6480.175165549215,1.193701732448282,official
2019-12-07,7502.35128979071,6481.463447512452,1.1575088482015692,official
2019-12-08,7733.8762168362,6483.182444810192,1.192913554827875,official
2019-12-09,7344.56120236195,6485.019686687459,1.1325426224131547,official
2019-12-10,7440.81241755944,6486.414713220902,1.1471379408401443,official
2019-12-11,7424.4229027858,6489.175091710411,1.1441242989837215,official
2019-12-12,7427.69858326886,6491.396225641859,1.1442374375374722,official
2019-12-13,7483.45805449416,6493.678545187566,1.1524220058660148,official
2019-12-14,7136.72769752214,6495.055916216088,1.0987938810047813,official
2019-12-15,7376.47508854449,6497.4677371717935,1.1352846042380365,official
2019-12-16,7129.41866768372,6499.230618921354,1.096963484712742,official
2019-12-17,6854.12393636706,6504.139636692074,1.0538094689266209,official
2019-12-18,7280.76719338046,6506.976096253852,1.1189171568606329,official
2019-12-19,7452.18905169472,6513.84020361912,1.1440546311765905,official
2019-12-20,7408.17857141814,6527.3609900162655,1.1349423729971582,official
2019-12-21,7430.24414028109,6529.1692625166725,1.1380075843549349,official
2019-12-22,7510.99925021541,6530.703257073743,1.1501057320403982,official
2019-12-23,7318.88146882871,6532.228889532912,1.1204263648134425,official
2019-12-24,7539.52777818475,6539.400216192229,1.1529387296890168,official
2019-12-25,7196.85713646088,6541.125450024938,1.1002475325455563,official
2019-12-26,7195.35824383555,6548.449234849819,1.098788123078512,official
2019-12-27,7244.89104712088,6551.123384005731,1.1059005642923703,official
2019-12-28,7296.68531645153,6553.758726804983,1.1133588556758987,official
2019-12-29,7634.77263573633,6555.531490666215,1.1646306095252141,official
2019-12-30,7455.46908193393,6559.218962447931,1.1366397622364957,official
2019-12-31,7441.09262129824,6561.387700621671,1.1340729980935618,official
2020-01-01,7440.9171103844,6562.949688762692,1.1337763449756433,official
2020-01-02,7241.52172520657,6569.812469967923,1.1022417699605858,official
2020-01-03,7509.88166349584,6571.472129010301,1.1428005043714413,official
2020-01-04,7413.57349224863,6573.5890163513095,1.1277817146474964,official
2020-01-05,7585.66924367672,6575.100572180904,1.1536963063000905,official
2020-01-06,7953.72902693968,6577.130314208276,1.2093008115952333,official
2020-01-07,8297.711358747,6579.431239610002,1.2611593702495854,official
2020-01-08,8178.62682072587,6581.983861102286,1.2425777688485844,official
2020-01-09,8080.63706321322,6585.250405364799,1.2270812141980472,official
2020-01-10,8423.92594181755,6587.385104209823,1.2787966406327211,official
2020-01-11,8024.25385881086,6588.655915707468,1.2178893482175783,official
2020-01-12,8247.04062877384,6590.4255929574765,1.251366928045834,official
2020-01-13,8343.47348803554,6592.742396113246,1.2655542999760523,official
2020-01-14,8859.46516792309,6597.082240829048,1.342936899147968,official
2020-01-15,8973.55365349339,6604.926565158293,1.3586152041159494,official
2020-01-16,8759.51833101199,6611.71782072403,1.3248475764582404,official
2020-01-17,9044.16436355555,6614.488706563468,1.3673262990956727,official
2020-01-18,8931.7519068645,6616.5170294749105,1.3499174667088143,official
2020-01-19,8729.45710683362,6619.066211271307,1.3188351390062583,official
2020-01-20,8827.25596417741,6621.385603537416,1.333143316628702,official
2020-01-21,8924.98671544368,6624.264110212895,1.347317463034674,official
2020-01-22,8660.32781683201,6627.14233663278,1.306796712205865,official
2020-01-23,8550.87196408555,6632.573546802338,1.289223844070007,official
2020-01-24,8587.88921968479,6637.50270063343,1.293843423802333,official
2020-01-25,8412.77855792057,6641.394533747598,1.2667186861391622,official
2020-01-26,8809.642184284,6644.259600067601,1.3259027663811283,official
2020-01-27,9038.54469651087,6647.156530322624,1.359761073066257,official
2020-01-28,9375.97789501837,6650.4558361193795,1.4098248490120588,official
2020-01-29,9299.96162663326,6671.441310382326,1.3939958689526863,official
2020-01-30,9493.08554046166,6674.528095327361,1.4222856514915994,official
2020-01-31,9335.05194305678,6680.346133029825,1.397390458093364,official
2020-02-01,9403.60060640837,6682.583225124522,1.4071804704285065,official
2020-02-02,9323.72322592627,6685.406946844477,1.3946380975846329,official
2020-02-03,9286.36024013443,6708.527258086784,1.3842621312956882,official
2020-02-04,9176.00032436048,6713.483952368923,1.366801557799603,official
2020-02-05,9612.73129312167,6716.136959736533,1.4312887528575307,official
2020-02-06,9752.83181034061,6720.262123515903,1.4512576490451135,official
2020-02-07,9808.25637627188,6797.030021344799,1.4430208996386493,official
2020-02-08,9893.41266668696,6800.433376931365,1.454820908950846,official
2020-02-09,10159.8468361936,6805.672720207312,1.4928497525346935,official
2020-02-10,9846.74578370377,6827.857655863599,1.4421428037896518,official
2020-02-11,10237.308198372,6832.609507968376,1.4983013717428124,official
2020-02-12,10339.4685845639,6836.110472416584,1.5124782763946276,official
2020-02-13,10225.3954195325,6842.398310883085,1.4944168630564278,official
2020-02-14,10347.9412053541,6847.175899861153,1.5112714141846326,official
2020-02-15,9899.92905239554,6849.602864403539,1.445328911526263,official
2020-02-16,9938.8747781215,6853.488819090219,1.4501920175950411,official
2020-02-17,9705.57263992697,6858.193096959138,1.4151792611716247,official
2020-02-18,10176.9112915874,6865.153432702924,1.4824011424287398,official
2020-02-19,9603.59179932087,6885.507632736382,1.3947543611253377,official
2020-02-20,9753.18206686123,6896.754851450093,1.4141697475024146,official
2020-02-21,9725.82402100957,6902.741719916611,1.4089798540408178,official
2020-02-22,9864.95845678748,6906.157649987208,1.4284293751686588,official
2020-02-23,9976.31729254294,6910.3863605775605,1.4436699732819473,official
2020-02-24,9794.02400647799,6914.921389573635,1.4163608600446977,official
2020-02-25,9370.60782070447,6928.725896568706,1.352428709201074,official
2020-02-26,8805.10601546749,6936.676008727084,1.2693552364835434,official
2020-02-27,8834.23208091019,6943.054444704075,1.2723841000049538,official
2020-02-28,8704.42728079738,6956.324792425602,1.251296847190804,official
2020-02-29,8523.04038517677,6962.568186284025,1.22412307601767,official
2020-03-01,8654.73740278669,6967.64950806811,1.24213156714686,official
2020-03-02,8925.19525740527,6985.461057793538,1.2776816281077983,official
2020-03-03,8762.03229531437,7011.524800375925,1.2496614566412987,official
2020-03-04,8825.74030878652,7016.054626484192,1.257934947580244,official
2020-03-05,9289.64862516547,7021.728475867622,1.3229860221870253,official
2020-03-06,9201.63236572705,7029.285125628596,1.3090424134565448,official
2020-03-07,9117.72760312678,7032.5495650358835,1.2965038523806347,official
2020-03-08,8109.13334083755,7039.037563272513,1.1520230241629141,official
2020-03-09,7934.77087679265,7049.834362720506,1.1255258589835364,official
2020-03-10,8154.08625794656,7059.013754758083,1.155131090720761,official
2020-03-11,8210.61535148085,7065.699794826699,1.1620385227083134,official
2020-03-12,4837.32127554015,6437.699637925875,0.7514052452901729,official
2020-03-13,5631.97293041623,5897.872113152579,0.954916081997882,official
2020-03-14,5193.49593749969,5863.457841037616,0.885739452435567,official
2020-03-15,5382.38878298045,5838.88191727711,0.9218183993504119,official
2020-03-16,5108.45858990639,5770.293256648905,0.8853031141909632,official
2020-03-17,5497.03945252489,5708.634077475337,0.9629342812871227,official
2020-03-18,5474.32622639066,5687.1937681845775,0.9625707246015168,official
2020-03-19,6386.20624595847,5840.569606245945,1.0934218195309269,official
2020-03-20,6218.97507235305,5941.917132970584,1.0466277016630074,official
2020-03-21,6373.71211016573,6024.203044252052,1.0580174777221627,official
2020-03-22,5902.94302850539,6015.654489861131,0.9812636411307022,official
2020-03-23,6510.28301229095,6110.387568124575,1.065445184893421,official
2020-03-24,6764.90235664289,6228.416909295507,1.086135121518072,official
2020-03-25,6732.13525849177,6285.625513244694,1.0710366445322295,official
2020-03-26,6799.24658729842,6315.472576472025,1.0766013952192066,official
2020-03-27,6608.30190699645,6345.037305877641,1.0414914189511442,official
2020-03-28,6255.7111013077,6353.36284401832,0.984629912519075,official
2020-03-29,5902.66037975136,6248.099135091785,0.9447129842418305,official
2020-03-30,6604.69028233354,6326.900633050339,1.0439061185554408,official
2020-03-31,6421.35877324677,6357.779359685479,1.0100002548003548,official
2020-04-01,6633.66281207525,6369.198422426309,1.0415223976564691,official
2020-04-02,6945.26780180217,6379.1188495792385,1.0887503377147887,official
2020-04-03,6813.68612736077,6384.570675283116,1.0672113245983648,official
2020-04-04,6962.80545203319,6387.207156049642,1.0901173677196878,official
2020-04-05,6899.45808968313,6392.766655460172,1.0792601171810619,official
2020-04-06,7324.71438682949,6406.312457095607,1.1433589035634164,official
2020-04-07,7182.0694610853,6414.00605165188,1.1197478460806272,official
2020-04-08,7419.50678996563,6422.480703706253,1.1552400283093132,official
2020-04-09,7288.37088722667,6427.544810218836,1.1339276663834765,official
2020-04-10,6884.31714076024,6433.700864052347,1.0700399795125175,official
2020-04-11,6876.54354385171,6436.855434937267,1.068307904901507,official
2020-04-12,6934.91789792915,6439.154214347769,1.0769920500547598,official
2020-04-13,6858.63583836966,6446.0415872043095,1.0640073827609753,official
2020-04-14,7092.60984616508,6449.71115325463,1.0996786798097204,official
2020-04-15,6854.77180372965,6453.890801396645,1.062114624289313,official
2020-04-16,7101.25897789595,6459.714036309473,1.0993147588237513,official
2020-04-17,7044.99750434058,6462.692510239044,1.0901025374762876,official
2020-04-18,7278.67435839077,6465.39123672103,1.1257902409757654,official
2020-04-19,7196.7378868904,6468.189504145036,1.1126355964491277,official
2020-04-20,6956.9807038754,6471.36742708236,1.0750402882025785,official
2020-04-21,6900.31758940102,6474.157163151013,1.0658248503257823,official
2020-04-22,7207.93050757476,6477.465558404678,1.1127701787965951,official
2020-04-23,7496.42300165878,6483.84238699728,1.156169837917734,official
2020-04-24,7520.88587306134,6489.010009923728,1.159018996974816,official
2020-04-25,7562.90554105182,6491.526306117892,1.1650427317723744,official
2020-04-26,7677.2048449588,6494.365371848663,1.182133188600295,official
2020-04-27,7698.02545541384,6499.079263439288,1.1844793921377832,official
2020-04-28,7777.06600578363,6501.3273725659865,1.1962274102056374,official
2020-04-29,8796.55715768272,6540.272291679413,1.344983322616976,official
2020-04-30,8646.09346578049,6554.3408044549,1.3191400514150642,official
2020-05-01,8849.40817807646,6557.7584459662985,1.349456258718978,official
2020-05-02,8982.09057593528,6561.763239482327,1.368853195112218,official
2020-05-03,8934.84463316123,6564.488865326936,1.3610876362902082,official
2020-05-04,8908.78629947007,6570.619989085348,1.3558517026199537,official
2020-05-05,9017.98016239598,6573.536345240709,1.371861307030738,official
2020-05-06,9161.25884067051,6585.363331271281,1.3911546531027867,official
2020-05-07,9971.23131878634,6614.796561727572,1.5074131495560577,official
2020-05-08,9801.65390836398,6622.388630848399,1.48007833045405,official
2020-05-09,9548.62821173925,6629.667087356508,1.4402877378186176,official
2020-05-10,8740.4179326506,6633.477626324546,1.3176222827623314,official
2020-05-11,8641.00220583123,6644.057139059697,1.3005610916606523,official
2020-05-12,8875.79917297786,6646.326836650597,1.3354442824016763,official
2020-05-13,9297.38596150461,6652.50757236039,1.3975761561148865,official
2020-05-14,9758.49501265674,6656.18422273272,1.4660794662696934,official
2020-05-15,9314.74502176767,6659.867942842817,1.3986380963871783,official
2020-05-16,9387.04146504907,6661.885305931194,1.4090668082639641,official
2020-05-17,9671.06469824559,6663.712765339253,1.4513027555072342,official
2020-05-18,9706.90475344103,6668.229676456661,1.4556944233209208,official
2020-05-19,9772.15111515857,6669.767359217829,1.46514122440165,official
2020-05-20,9513.98697325318,6672.148869285547,1.4259254641409007,official
2020-05-21,9065.8802917068,6674.743637251603,1.3582364783435747,official
2020-05-22,9174.22114726037,6676.049187490645,1.3741991542618823,official
2020-05-23,9178.12170710802,6677.041617424225,1.3745790775299416,official
2020-05-24,8733.04352827803,6678.2438743741,1.3076856270236927,official
2020-05-25,8976.2996446713,6680.171093216547,1.3437230153859956,official
2020-05-26,8836.16271690057,6682.291489417752,1.322325242904136,official
2020-05-27,9239.29481173782,6684.098856638392,1.3822797971579526,official
2020-05-28,9567.99818292576,6687.204768714316,1.4307918650388967,official
2020-05-29,9423.86930534028,6688.805373693014,1.408901706484724,official
2020-05-30,9696.46441073909,6690.339997635561,1.449323115740893,official
2020-05-31,9450.9515134233,6692.5945507637025,1.4121506153909829,official
2020-06-01,10189.9790223102,6697.064096598975,1.5215591302889069,official
2020-06-02,9532.84938215527,6702.864469865515,1.422205301183202,official
2020-06-03,9663.70697000841,6706.419269853995,1.440963736557258,official
2020-06-04,9795.62269140986,6710.311756711678,1.459786526551802,official
2020-06-05,9626.47795503711,6711.999675170039,1.4342190734377882,official
2020-06-06,9677.23142207293,6714.4839822334825,1.4412472272893753,official
2020-06-07,9751.28064058002,6716.21716228811,1.4519007359282456,official
2020-06-08,9780.99619651199,6729.411433117313,1.4534697861356753,official
2020-06-09,9777.32282153703,6732.064906958705,1.4523512409142916,official
2020-06-10,9883.85776375287,6734.459740556474,1.4676541466615345,official
2020-06-11,9272.36764252557,6736.889765420854,1.3763573348221954,official
2020-06-12,9465.31643360108,6739.382674238347,1.4044782573013344,official
2020-06-13,9474.17785160749,6740.275029342271,1.4056070131209464,official
2020-06-14,9335.64807084669,6741.322737991921,1.3848392123750415,official
2020-06-15,9500.63565042032,6744.283241038768,1.40869463972231,official
2020-06-16,9530.47708115578,6747.547848315594,1.4124356426068019,official
2020-06-17,9457.67367065552,6749.374688666945,1.401266651640507,official
2020-06-18,9379.76179791113,6794.335556570516,1.380526722563821,official
2020-06-19,9300.30726072619,6796.276712222928,1.3684415238714203,official
2020-06-20,9350.03681802414,6798.250855406885,1.3753591941356107,official
2020-06-21,9286.00592889455,6800.656166670979,1.365457347248918,official
2020-06-22,9691.18891001144,6803.85763176124,1.4243667981487127,official
2020-06-23,9623.62738620504,6806.80055410494,1.4138253809128243,official
2020-06-24,9290.90001196646,6808.722417808223,1.3645584945078826,official
2020-06-25,9261.12661219675,6810.0108201585,1.3599283256324108,official
2020-06-26,9158.20219830445,6879.112432906887,1.3313057880105754,official
2020-06-27,9014.37949959402,6881.841048540612,1.30987906230494,official
2020-06-28,9122.15583492354,6884.731178308764,1.3249835903054679,official
2020-06-29,9187.70772585798,6889.500242717688,1.3335811600514178,official
2020-06-30,9151.48059555084,6898.835110752206,1.3265254856269524,official
2020-07-01,9238.68796305122,6902.962548236114,1.338365650761345,official
2020-07-02,9090.71684868815,6905.6308798481,1.3164209044558886,official
2020-07-03,9077.5693435839,6908.641575081357,1.3139441733850554,official
2020-07-04,9199.48374811664,6910.4462853787645,1.3312430729084832,official
2020-07-05,9084.22499513658,6911.619718599342,1.3143409743291723,official
2020-07-06,9342.21069384062,6914.256770235848,1.3511518308166552,official
2020-07-07,9258.70267718087,6916.501140270968,1.3386396516690435,official
2020-07-08,9434.09323919054,6933.738108164882,1.3606070913006283,official
2020-07-09,9237.95181407941,6940.863837061457,1.330951309655783,official
2020-07-10,9292.76555662409,6943.609296069236,1.3383191882476317,official
2020-07-11,9237.055586659,6945.307263045279,1.3299707610932778,official
2020-07-12,9301.43648076496,6947.2759338959295,1.3388609534541478,official
2020-07-13,9238.91703811033,6949.394489748641,1.3294564082869473,official
2020-07-14,9249.50765728192,6957.395489250473,1.3294497447461304,official
2020-07-15,9196.22518054187,6964.693980943766,1.320406209620098,official
2020-07-16,9133.22102443796,6968.105721921819,1.3107179180282296,official
2020-07-17,9190.16402227187,6970.2475382176435,1.3184845978399613,official
2020-07-18,9199.70458550249,6971.791926401767,1.3195609798198005,official
2020-07-19,9208.64012901127,6975.281864013533,1.3201817945909755,official
2020-07-20,9191.36788919978,6977.285457715616,1.3173271962143658,official
2020-07-21,9393.46927473282,6981.139618977653,1.3455495502764976,official
2020-07-22,9531.85160958969,6988.521783259229,1.3639295841393702,official
2020-07-23,9608.22007304956,6993.43184866531,1.373892000518069,official
2020-07-24,9549.51963017547,6997.6531068827035,1.3646746250943504,official
2020-07-25,9706.50154629203,7001.907263101028,1.3862653676440126,official
2020-07-26,9942.71401285302,7005.422627269686,1.419288248813066,official
2020-07-27,11036.7393065731,7012.048767444837,1.5739678477157604,official
2020-07-28,10919.8556552348,7025.0520413817785,1.5544163361225352,official
2020-07-29,11113.977042444,7029.734855359212,1.580995196991123,official
2020-07-30,11114.4610092257,7035.144271974138,1.579848341348494,official
2020-07-31,11351.5430232964,7041.725293734313,1.6120400256733871,official
2020-08-01,11814.9456927668,7045.105423869084,1.677043135896493,official
2020-08-02,11067.9597735259,7050.428239852625,1.5698280156890516,official
2020-08-03,11231.253843676,7055.95608792045,1.591740892903729,official
2020-08-04,11195.8608235587,7058.802741881498,1.586084954199256,official
2020-08-05,11758.0533726969,7062.042776085525,1.6649649039954364,official
2020-08-06,11771.1881935415,7068.8704154347715,1.6652148790051786,official
2020-08-07,11614.7218569286,7088.21244802874,1.638596746653481,official
2020-08-08,11777.1026053991,7091.18032090177,1.6608099177347435,official
2020-08-09,11694.4612084789,7101.24938056428,1.6468174234925452,official
2020-08-10,11897.7501143332,7104.7903196473235,1.674609605498364,official
2020-08-11,11396.7438904613,7107.035949758939,1.6035860759713567,official
2020-08-12,11579.2310031057,7117.58552975602,1.6268481712930845,official
2020-08-13,11780.9029293741,7127.6104526292165,1.6528544885654333,official
2020-08-14,11776.6494852842,7133.27333229097,1.6509460575376456,official
2020-08-15,11859.3632764381,7135.935576509699,1.6619212924899618,official
2020-08-16,11915.551267586,7139.429831718435,1.6689779924229566,official
2020-08-17,12289.4162465931,7165.449452386261,1.7150935650659622,official
2020-08-18,11978.094631518,7168.692304566027,1.670889769377976,official
2020-08-19,11753.607402852,7172.980107116788,1.6385947301304333,official
2020-08-20,11872.4459646607,7176.253346357552,1.6544073058243953,official
2020-08-21,11529.1326373421,7188.787614173869,1.6037659277359275,official
2020-08-22,11678.1463519109,7192.018299601095,1.6237648272611636,official
2020-08-23,11652.6965735495,7194.248677995461,1.6197239065686981,official
2020-08-24,11771.9887459104,7197.777231643663,1.6355033459714594,official
2020-08-25,11334.2521266748,7203.8252409037905,1.5733657810461832,official
2020-08-26,11462.8624022718,7206.315858640754,1.5906688836747587,official
2020-08-27,11321.4927768167,7211.924017694954,1.5698297360092306,official
2020-08-28,11533.1050139327,7217.504355630422,1.5979353036255046,official
2020-08-29,11474.8363395285,7219.181004046132,1.5894928154727248,official
2020-08-30,11712.4900927385,7221.244577275098,1.6219489545607044,official
2020-08-31,11680.0334313373,7226.511374259964,1.616275520293276,official
2020-09-01,11922.6469236938,7236.001353242653,1.6476844519039415,official
2020-09-02,11403.7637041681,7244.940083068069,1.5740314720917419,official
2020-09-03,10173.1401308123,7247.769219249869,1.4036236286046098,official
2020-09-04,10484.64592283,7253.546131184484,1.4454510570704657,official
2020-09-05,10173.4383593761,7256.563873431255,1.4019635927996876,official
2020-09-06,10259.0252459539,7261.547845779084,1.4127876678409768,official
2020-09-07,10374.8515352505,7266.25826229742,1.4278121091680296,official
2020-09-08,10126.7840716942,7270.273356288313,1.3929027940792886,official
2020-09-09,10225.0875832591,7273.739760660662,1.4057538377383976,official
2020-09-10,10341.9430819595,7277.710569781717,1.4210434700303958,official
2020-09-11,10390.8900101108,7280.407306146933,1.427240204176166,official
2020-09-12,10444.82900808,7282.113325937347,1.4343128897593131,official
2020-09-13,10331.4465059812,7284.769026511021,1.4182256799608317,official
2020-09-14,10671.5989084194,7288.094496241806,1.4642508976691149,official
2020-09-15,10790.5305483097,7299.6732945184185,1.4782210261947872,official
2020-09-16,10954.6383216935,7309.888278097206,1.4986054375847502,official
2020-09-17,10942.4970165505,7314.677920838808,1.4959642973993956,official
2020-09-18,10937.6140823815,7319.824296656924,1.4942454407514776,official
2020-09-19,11083.7460368869,7326.793020240787,1.512769093690413,official
2020-09-20,10922.7788838165,7330.293654449129,1.4900874915409301,official
2020-09-21,10421.821494943,7333.018637395956,1.4212184654482094,official
2020-09-22,10535.0045451779,7360.082086781468,1.4313705229046993,official
2020-09-23,10231.6307459128,7365.194970054486,1.3891866797162478,official
2020-09-24,10736.4653105566,7373.282794465882,1.45613095412738,official
2020-09-25,10692.6356047524,7380.875712965123,1.448694710570711,official
2020-09-26,10730.8636925432,7383.879788770627,1.4532825559894207,official
2020-09-27,10774.4086261163,7385.677167588359,1.4588247470928195,official
2020-09-28,10695.8133215283,7387.948888203806,1.4477378611276124,official
2020-09-29,10848.5659049815,7404.185282276496,1.46519373724343,official
2020-09-30,10784.266015926,7407.6737457118215,1.45582356703666,official
2020-10-01,10623.2260617153,7410.332895435534,1.4335693431881824,official
2020-10-02,10580.4211386842,7416.112159067775,1.4266803025285133,official
2020-10-03,10556.5555355343,7417.779067510497,1.4231423502179363,official
2020-10-04,10682.7638617614,7420.131742814201,1.4397000258259287,official
2020-10-05,10794.913705387,7422.942032467037,1.4542635060561395,official
2020-10-06,10607.002857884,7426.612507925683,1.4282423980737118,official
2020-10-07,10675.5299841504,7432.183592999859,1.4363921249476868,official
2020-10-08,10927.9946157921,7435.429500811297,1.4697193503885313,official
2020-10-09,11060.6767626737,7440.088760094795,1.4866323668069754,official
2020-10-10,11300.5914423382,7441.868540641426,1.518515327249275,official
2020-10-11,11373.5221892592,7443.974748015124,1.527882962296703,official
2020-10-12,11539.3047487149,7448.019870236372,1.5493117566493126,official
2020-10-13,11427.2750478001,7450.026088295728,1.5338570512864083,official
2020-10-14,11424.9324427832,7455.124915090254,1.5324937640759686,official
2020-10-15,11514.6858187381,7458.745407959081,1.5437831952879106,official
2020-10-16,11330.2004109902,7461.029005381746,1.5185841527780641,official
2020-10-17,11370.8721376176,7462.976728425281,1.5236376249583858,official
2020-10-18,11514.7598621066,7464.969143153796,1.5425060226359961,official
2020-10-19,11764.7797306918,7480.4034038222335,1.5727466950085065,official
2020-10-20,11929.1257898298,7484.818599558808,1.5937762059501297,official
2020-10-21,12818.1779551961,7489.352462668219,1.7115201907094368,official
2020-10-22,12975.8080278772,7498.6651288394805,1.7304157213225737,official
2020-10-23,12938.7752350862,7501.876912131776,1.7247384070194565,official
2020-10-24,13127.4639473113,7504.499974472281,1.749278964883257,official
2020-10-25,13038.2990820896,7508.100314898291,1.7365643152393369,official
2020-10-26,13069.5502982544,7511.909616371589,1.739843923277563,official
2020-10-27,13646.5458450135,7516.521812646686,1.8155399778196526,official
2020-10-28,13281.8442701427,7521.434740953152,1.7658657859284386,official
2020-10-29,13458.9959620919,7524.370935901158,1.7887204228428937,official
2020-10-30,13567.5568041081,7528.427468743911,1.8021767308560914,official
2020-10-31,13801.3834959702,7532.299359513674,1.8322935450697875,official
2020-11-01,13762.2235164788,7536.703975754366,1.8260268096971803,official
2020-11-02,13565.4857897092,7540.735792241278,1.7989604945006605,official
2020-11-03,14018.3308531961,7624.058041928589,1.838696764387435,official
2020-11-04,14155.0471342057,7630.630161838878,1.8550299036894389,official
2020-11-05,15595.7718768751,7642.030102218076,2.0407891186333424,official
2020-11-06,15585.520544557,7650.1113403611025,2.03729329563213,official
2020-11-07,14844.0726126198,7656.87083444368,1.9386604441392952,official
2020-11-08,15488.7180600669,7661.739642792002,2.0215667436100295,official
2020-11-09,15330.3539426136,7672.076932660045,1.9982012794152593,official
2020-11-10,15314.2732888852,7681.83802819321,1.993568887117913,official
2020-11-11,15704.8806554678,7690.143838198119,2.0422089607036034,official
2020-11-12,16297.3567012793,7701.871726250143,2.1160254650481036,official
2020-11-13,16328.2672144497,7712.28533413283,2.1171762333772173,official
2020-11-14,16077.9656982454,7719.184633876079,2.0828580298087878,official
2020-11-15,15962.1115572342,7723.144718301505,2.066789130522033,official
2020-11-16,16708.2990479659,7730.352071332128,2.1613891442187123,official
2020-11-17,17668.908331884,7744.7772613730085,2.281396576762444,official
2020-11-18,17835.7087250275,7754.3821391340925,2.300081219239365,official
2020-11-19,17817.7621238241,7764.959086802441,2.294636961334118,official
2020-11-20,18675.5462601674,7773.826460805344,2.4023621255667535,official
2020-11-21,18683.8382743241,7780.859670374404,2.401256296327095,official
2020-11-22,18423.4482593986,7786.476305907401,2.36608287697751,official
2020-11-23,18365.9472311334,7792.051126994095,2.3570106165638505,official
2020-11-24,19118.1212264696,7810.176956988521,2.447847383196967,official
2020-11-25,18716.597689569,7818.615937518638,2.3938505023318757,official
2020-11-26,17170.1629922405,7827.3905464872605,2.193599883673371,official
2020-11-27,17139.9407519173,7833.6804460504545,2.187980588429393,official
2020-11-28,17747.7230225413,7837.349242495481,2.26450582632072,official
2020-11-29,18200.8370844748,7841.157582878958,2.3211926162810492,official
2020-11-30,19667.5007343055,7851.289009726918,2.505002772148566,official
2020-12-01,18789.9257000042,7863.76181431788,2.389432200984597,official
2020-12-02,19224.1305513393,7877.737967404352,2.440310991668271,official
2020-12-03,19448.8607442943,7890.822100528855,2.4647445470847464,official
2020-12-04,18674.3518102332,7905.89288465624,2.3620800436692466,official
2020-12-05,19165.8438974842,7911.0305878177305,2.4226734664631255,official
2020-12-06,19381.4358796147,7916.628790519596,2.448193087292985,official
2020-12-07,19187.763155816,7922.139279799752,2.422043147454106,official
2020-12-08,18324.9769050087,7938.387930509547,2.3084002779179453,official
2020-12-09,18562.2248181049,7951.087365263797,2.334551736810032,official
2020-12-10,18253.1866479509,7962.959990846189,2.2922615043820174,official
2020-12-11,18039.7802459044,7969.831298240661,2.2635084195429176,official
2020-12-12,18796.2128174809,7990.998919630813,2.3521731145909466,official
2020-12-13,19173.81442723,8020.734276087526,2.390531062024273,official
2020-12-14,19261.7011273338,8035.536945448838,2.3970645966904836,official
2020-12-15,19438.8601450301,8056.022600540584,2.41295998148338,official
2020-12-16,21354.4080754298,8076.954141992696,2.6438689263328383,official
2020-12-17,22819.8456124226,8096.826721475901,2.818369022507989,official
2020-12-18,23135.7560798906,8116.0041485554575,2.8506338410396777,official
2020-12-19,23861.6771924341,8130.57327577978,2.934808700822587,official
2020-12-20,23488.7747822642,8141.016164726367,2.8852386860545804,official
2020-12-21,22743.6464887522,8150.430491732324,2.7904840746538504,official
2020-12-22,23827.4312815865,8188.495141373108,2.9098669377229354,official
2020-12-23,23275.9181453675,8221.825915799363,2.830991361741148,official
2020-12-24,23739.9969021727,8237.650180552324,2.881889420142986,official
2020-12-25,24684.0177155461,8242.472547235835,2.994734598639827,official
2020-12-26,26472.3048620795,8249.88365997031,3.2088094757659613,official
2020-12-27,26244.3979774799,8265.67679864321,3.175105755621591,official
2020-12-28,27055.8675960945,8312.266200843214,3.2549327635043612,official
2020-12-29,27381.8120727193,8323.925126083197,3.289531279770623,official
2020-12-30,28878.7491611544,8331.6423905797,3.4661532273404583,official
2020-12-31,28979.3222619658,8344.252728088213,3.472967946478459,official
2021-01-01,29389.3213460805,8356.57475054677,3.516910004802812,official
2021-01-02,32204.4060882031,8397.866149156294,3.8348320294957987,official
2021-01-03,33050.0373376062,8420.763678971025,3.924826606895676,official
2021-01-04,32074.3115511574,8445.224699990744,3.7979228132547562,official
2021-01-05,34035.598151908,8457.356040259352,4.024378066843721,official
2021-01-06,36893.4240956537,8469.423302200947,4.356072754808019,official
2021-01-07,39519.7736643907,8490.720846323593,4.654466255536173,official
2021-01-08,40736.1542479504,8507.835876232532,4.788074763142859,official
2021-01-09,40308.7304185015,8531.273913045537,4.724819625925232,official
2021-01-10,38290.515852761,8544.32190808751,4.481399023194297,official
2021-01-11,35550.7990714535,8563.773775855905,4.151300583357642,official
2021-01-12,34095.1621488013,8580.809385486325,3.973420293716141,official
2021-01-13,37400.4308787808,8593.614828503,4.352118593299337,official
2021-01-14,39185.3108948774,8612.015305666604,4.550074460398826,official
2021-01-15,36839.6305380535,8638.073188351045,4.264797222108968,official
2021-01-16,36081.1602147202,8649.961219047935,4.171251095931677,official
2021-01-17,35826.2364690777,8661.386780989678,4.136316432342037,official
2021-01-18,36637.6966419414,8693.241785713637,4.214503351574936,official
2021-01-19,35983.2957290893,8704.063186881283,4.1340802515454085,official
2021-01-20,35538.1364151362,8714.066138313483,4.078249562381017,official
2021-01-21,30825.698086867,8728.839710926726,3.531477161652942,official
2021-01-22,33024.8329479714,8741.506617410003,3.7779337582605685,official
2021-01-23,32119.9893093566,8747.981592661607,3.6717028915905585,official
2021-01-24,32271.9648997127,8754.418594354656,3.6863630122191653,official
2021-01-25,32288.5370474562,8762.8280932033,3.6847164755520097,official
2021-01-26,32537.857545666,8771.365624858106,3.7095543541650464,official
2021-01-27,30458.0711638745,8840.649684226426,3.445229960668851,official
2021-01-28,33397.9166485297,8853.531044468611,3.772270801421722,official
2021-01-29,34284.6741806098,8871.86475817572,3.8644270528374913,official
2021-01-30,34277.8128595616,8878.219293359129,3.8608882847939183,official
2021-01-31,33112.7065946175,8893.785668432318,3.7231284662219863,official
2021-02-01,33512.6416833693,8897.497090915804,3.766524601349423,official
2021-02-02,35472.6097236885,8901.846940389698,3.9848595422081714,official
2021-02-03,37613.7489972289,8908.659245418854,4.222155990147587,official
2021-02-04,36967.84118732,8915.725919721335,4.146363573777899,official
2021-02-05,38248.0427781026,8928.05768110691,4.284027292861371,official
2021-02-06,39220.9573682299,8934.334983452776,4.389913456443124,official
2021-02-07,38861.9901427614,8945.403556992824,4.344352928871734,official
2021-02-08,46342.7016672751,8956.451862836382,5.174225505478128,official
2021-02-09,46479.4103456098,8968.380250910735,5.182586938247833,official
2021-02-10,44846.072359375,8975.21330270747,4.996658112386777,official
2021-02-11,47992.8833260871,8984.310125463504,5.341855151467307,official
2021-02-12,47396.7466850019,8991.475919965595,5.271297738756916,official
2021-02-13,47160.7296052015,8995.339478236474,5.24279597443801,official
2021-02-14,48654.4957152627,9001.39036161543,5.405220056085975,official
2021-02-15,47935.5077863674,9007.261823622996,5.321873475538238,official
2021-02-16,49166.6672162532,9017.562025676198,5.452323707478613,official
2021-02-17,52126.9911934531,9026.274329621549,5.77502846577439,official
2021-02-18,51632.4308224497,9041.264096499872,5.710753526427578,official
2021-02-19,55971.8711359096,9053.599906473311,6.182277957289651,official
2021-02-20,56052.4900636912,9067.308182117891,6.1818225362886885,official
2021-02-21,57550.822756313,9078.460121287191,6.339271416896762,official
2021-02-22,54186.9244533631,9086.27406761649,5.9636022477558175,official
2021-02-23,48960.8077850202,9114.562848450625,5.371712126966462,official
2021-02-24,49771.3128687891,9137.967515327988,5.446650229966665,official
2021-02-25,47054.5546276911,9151.581340970632,5.141685668796166,official
2021-02-26,46387.7972375531,9165.143334519626,5.061328071415747,official
2021-02-27,46238.1915529868,9170.96916641068,5.041799913834345,official
2021-02-28,45234.823649694,9176.348471499268,4.92950151034351,official
2021-03-01,49682.0926085921,9180.793672166248,5.411524796512435,official
2021-03-02,48488.175814668,9198.721917141094,5.271186176887694,official
2021-03-03,50432.829991698,9203.290360117331,5.479869483445815,official
2021-03-04,48410.6719303495,9208.32379842524,5.2572729836703225,official
2021-03-05,48837.3235160746,9218.896546658534,5.297523762079323,official
2021-03-06,48897.1720627471,9223.302090469462,5.301482222215521,official
2021-03-07,50982.1719175322,9226.146131420874,5.5258361607676685,official
2021-03-08,52315.43770626,9240.235411082565,5.661699662274172,official
2021-03-09,54904.392152084,9245.147868209575,5.938725149099951,official
2021-03-10,55927.3988501558,9249.784791882992,6.046345953825221,official
2021-03-11,57799.6067876217,9264.017275868997,6.2391514465521,official
2021-03-12,57272.1469578519,9271.89984814166,6.17695918807091,official
2021-03-13,61186.2710771734,9276.789301354456,6.595630135551306,official
2021-03-14,59106.5350517659,9283.140214298157,6.367084164120277,official
2021-03-15,55681.452032207,9288.014283594563,5.994979156153674,official
2021-03-16,56945.8509968625,9293.764842187999,6.127317826933088,official
2021-03-17,58965.649206165,9304.83004785074,6.337101151007596,official
2021-03-18,57701.0470269185,9308.338171059015,6.198855903873314,official
2021-03-19,58143.0243762907,9311.896860594848,6.243950641499748,official
2021-03-20,58145.9797424363,9314.266839775415,6.242679186957705,official
2021-03-21,57377.0672783386,9317.95376831152,6.157689628539093,official
2021-03-22,54220.3842698476,9325.607098549768,5.814139894257335,official
2021-03-23,54453.6175122283,9340.816041125487,5.8296424287215824,official
2021-03-24,52499.5758066772,9348.540247972946,5.61580465121929,official
2021-03-25,51454.671432264,9366.01227043226,5.493765110120794,official
2021-03-26,55120.7676416274,9374.481936830553,5.879873470668113,official
2021-03-27,55913.0722694946,9382.700872960346,5.959166025491486,official
2021-03-28,55808.4100699265,9388.772173485764,5.9441649066244775,official
2021-03-29,57649.1086073897,9392.245641479773,6.137947282041799,official
2021-03-30,58825.644162985,9397.33597904767,6.259821325335483,official
2021-03-31,58888.9067709399,9406.815685093228,6.260238187111484,official
2021-04-01,58854.2642032084,9421.35923268706,6.2468973690139835,official
2021-04-02,58999.4290857968,9430.811542936666,6.25602884939263,official
2021-04-03,57099.8154644628,9433.321081881812,6.052991832763124,official
2021-04-04,58224.8904074257,9438.133510074662,6.1691106981347525,official
2021-04-05,59081.6543883045,9441.95191126248,6.257355994138368,official
2021-04-06,58006.9873031986,9456.595094485254,6.134024638215312,official
2021-04-07,55950.2343528557,9462.021311160343,5.913137638663217,official
2021-04-08,58087.9902046332,9466.076289370127,6.136437994891585,official
2021-04-09,58108.4005289102,9471.28145635406,6.135220539764093,official
2021-04-10,59760.626188806,9476.20066546631,6.3063909575689925,official
2021-04-11,59949.711112079,9490.785579841162,6.31662264495942,official
2021-04-12,59871.8486265718,9503.536565568265,6.2999545709636315,official
2021-04-13,63551.3265337792,9511.560805769692,6.681482443473326,official
2021-04-14,63006.7042038547,9528.969208742568,6.612121712603266,official
2021-04-15,63270.3252107559,9547.109334316157,6.627170905368902,official
2021-04-16,61455.0102855569,9550.458375803635,6.434770758360139,official
2021-04-17,60114.8085597083,9558.428414188984,6.289193783203003,official
2021-04-18,56338.254982297,9584.348367763054,5.8781518388658185,official
2021-04-19,55694.5729736653,9588.855887875696,5.808260508335141,official
2021-04-20,56501.9014545726,9607.797320561733,5.880838195207592,official
2021-04-21,53837.9146022618,9617.862012256614,5.597700875064848,official
2021-04-22,51787.8024694745,9627.56161610044,5.379119296714582,official
2021-04-23,51244.5496827701,9647.124490436843,5.311898870338889,official
2021-04-24,50226.403367277,9673.881623983018,5.191959682735639,official
2021-04-25,49216.1696621573,9690.80514168605,5.078646092103184,official
2021-04-26,54140.7406779935,9707.778480309724,5.577047394293875,official
2021-04-27,55177.247113725,9747.002030172736,5.66094548281808,official
2021-04-28,54971.4634065037,9760.323849568304,5.632135188724816,official
2021-04-29,53713.1532098934,9790.282712562293,5.486374069767358,official
2021-04-30,57853.0663649613,9820.771537376939,5.890888118594138,official
2021-05-01,57935.8578477097,9829.08843631733,5.894326643114075,official
2021-05-02,56755.4721430315,9842.247270713267,5.766515571287656,official
2021-05-03,57311.6130844576,9854.892780396476,5.815549124843129,official
2021-05-04,53309.5597279595,9871.37632355628,5.400418136298354,official
2021-05-05,57578.4590640068,9887.483526646061,5.823368393872613,official
2021-05-06,56620.7023957848,9903.39168025975,5.717304154358128,official
2021-05-07,57573.9377388494,9932.529493888163,5.7965030734896565,official
2021-05-08,59074.0801397817,9939.119863883338,5.943592687159798,official
2021-05-09,58481.3083155406,9948.492516002732,5.878409037496886,official
2021-05-10,55909.8491786804,9962.802446021673,5.6118596631418916,official
2021-05-11,56951.0832928406,9972.325693697396,5.71091288452745,official
2021-05-12,49425.2409420667,9983.874002547625,4.950507280986786,official
2021-05-13,49723.0105528306,10011.426006214615,4.966626185117378,official
2021-05-14,50038.4792393681,10022.397040415988,4.992665830098785,official
2021-05-15,46754.4247306777,10033.192074532195,4.659975049152806,official
2021-05-16,46561.9324185729,10042.20634060428,4.636623749733774,official
2021-05-17,43673.1068693392,10052.026501683982,4.344706697900447,official
2021-05-18,43006.1721428662,10065.25875005332,4.272733887008953,official
2021-05-19,36799.6522919344,10100.396154577687,3.6433870245035993,official
2021-05-20,40740.1820399412,10109.199277720872,4.03001077738435,official
2021-05-21,37358.8422289155,10131.771706975876,3.687296092863342,official
2021-05-22,37524.9032962903,10138.315821813638,3.7012955559691267,official
2021-05-23,34762.4447941254,10165.638053984243,3.419602843374978,official
2021-05-24,38847.5679358688,10210.36036434358,3.804720553402945,official
2021-05-25,38471.185776445,10218.406473301573,3.7648909227639034,official
2021-05-26,39328.2713283477,10228.594782382197,3.844933948902442,official
2021-05-27,38539.4040325905,10232.279845819037,3.766453284439626,official
2021-05-28,35754.812140681,10239.452298613185,3.49186764076469,official
2021-05-29,34612.8980549329,10244.066008992511,3.378824191932069,official
2021-05-30,35748.5782233628,10269.343318474177,3.4810968057765095,official
2021-05-31,37352.6470274449,10273.216641055104,3.6359251763631284,official
2021-06-01,36717.1012943696,10300.602363298081,3.564558653889576,official
2021-06-02,37601.1034140503,10306.21145210491,3.648392388298104,official
2021-06-03,39209.8037900208,10310.639627952245,3.802848824598877,official
2021-06-04,36926.1343385836,10313.84689230274,3.58024844892178,official
2021-06-05,35571.3455793727,10315.843187622866,3.4482247289346,official
2021-06-06,35859.0002512537,10319.193054434036,3.4749810437789526,official
2021-06-07,33606.0167776162,10326.753771910331,3.2542672673214588,official
2021-06-08,33441.5593811079,10333.483305602893,3.236232971216553,official
2021-06-09,37385.48277123,10341.391703784035,3.6151307137462187,official
2021-06-10,36703.722401889,10350.142023623508,3.546204710825726,official
2021-06-11,37351.9323531007,10361.31693165833,3.604940626704922,official
2021-06-12,35538.9512953677,10363.207193065375,3.4293390678465716,official
2021-06-13,39082.7586393276,10367.344877400503,3.769794397842697,official
2021-06-14,40545.772401773,10370.911575609754,3.9095668790705242,official
2021-06-15,40182.9420347707,10374.886323235403,3.873097090690789,official
2021-06-16,38381.7140531184,10377.94385689119,3.6983929169776792,official
2021-06-17,38075.3214764602,10381.479816844285,3.6676198526805175,official
2021-06-18,35771.775882414,10384.644326304355,3.444679929172337,official
2021-06-19,35555.2859122395,10386.344486347285,3.4232723514010597,official
2021-06-20,35619.3314589064,10390.028213600594,3.4282227850238693,official
2021-06-21,31682.3045229174,10399.117836665826,3.0466338607309607,official
2021-06-22,32517.4656577842,10405.54828141224,3.125012231779384,official
2021-06-23,33684.8799129249,10414.42351723676,3.2344449846094263,official
2021-06-24,34675.9075086688,10423.363565081285,3.326748346842144,official
2021-06-25,31630.859275722,10426.616807061397,3.0336646930670828,official
2021-06-26,32269.0201188845,10428.238095474862,3.0943885077659505,official
2021-06-27,34702.5590238434,10433.970997433986,3.325920594601783,official
2021-06-28,34467.2697142977,10435.768584163754,3.3028012681884946,official
2021-06-29,35887.8251389237,10438.000039694394,3.438189787549994,official
2021-06-30,35045.5776844357,10439.922697531118,3.356880955902427,official
2021-07-01,33566.3827974695,10446.465363738398,3.213180882596384,official
2021-07-02,33829.2627170264,10448.581303791581,3.23768957080809,official
2021-07-03,34685.0879246793,10450.684301976407,3.3189298348740417,official
2021-07-04,35318.6811291999,10453.834461342523,3.3785383975426115,official
2021-07-05,33733.4280953744,10457.840554881213,3.2256590563172503,official
2021-07-06,34249.4317747432,10461.48332039854,3.273859999180158,official
2021-07-07,33877.7810852423,10467.897381825462,3.236350133128117,official
2021-07-08,32921.4051771039,10470.558801061889,3.144187984863341,official
2021-07-09,33806.1156871775,10473.033696936918,3.22792007220075,official
2021-07-10,33537.6091455601,10474.788495383144,3.2017457116525168,official
2021-07-11,34231.3138484862,10476.483564535029,3.267443091722682,official
2021-07-12,33164.2631174945,10489.790453141564,3.1615753685110275,official
2021-07-13,32733.8350110294,10491.95032852849,3.119899921945243,official
2021-07-14,32852.1173441895,10495.165378901242,3.1302143566249216,official
2021-07-15,31879.3317378411,10500.242374255396,3.036056750080663,official
2021-07-16,31416.8051323572,10502.544342647205,2.991351819842779,official
2021-07-17,31766.4991811537,10563.53824203317,3.007183620990952,official
2021-07-18,31827.0308656312,10565.674804229046,3.012304604803096,official
2021-07-19,30844.6504514639,10570.329889025783,2.91804047511205,official
2021-07-20,29837.1840430492,10578.432879790531,2.8205675058024307,official
2021-07-21,32145.4527074778,10580.809845317723,3.038090011768143,official
2021-07-22,32279.9417233634,10584.392378438559,3.049768051789236,official
2021-07-23,33619.0268839499,10586.263247335972,3.175721791389432,official
2021-07-24,34283.9191305024,10587.804357513596,3.2380574831998046,official
2021-07-25,35390.3206179253,10589.479727266047,3.342026381787337,official
2021-07-26,37288.0149167607,10592.206190227338,3.5203256287782287,official
2021-07-27,39485.8218067873,10596.234724101394,3.7264012014546863,official
2021-07-28,40007.9393900705,10630.75244699398,3.7634155803697045,official
2021-07-29,40008.5509495012,10789.195266186078,3.7082052889421853,official
2021-07-30,42243.2226963344,10793.068391369405,3.9139215248662627,official
2021-07-31,41507.9391865087,10796.015652722657,3.844746110204164,official
2021-08-01,39926.7992136074,10798.989769908563,3.697271695252793,official
2021-08-02,39186.0936725229,10802.64804569805,3.6274525937302955,official
2021-08-03,38193.9395385549,10805.979743035714,3.5345188910954883,official
2021-08-04,39736.8063663359,10809.083251534013,3.6762420495462917,official
2021-08-05,40859.1028823608,10812.188866194125,3.778985308896398,official
2021-08-06,42802.8167894893,10820.873827532252,3.9555785855836625,official
2021-08-07,44594.8457705738,10825.097017526143,4.119579316321458,official
2021-08-08,43830.3069854484,10829.03317573429,4.047481088493052,official
2021-08-09,46290.6974513131,10833.759537067519,4.272819356284426,official
2021-08-10,45595.1894036596,10837.515688701398,4.207162482006337,official
2021-08-11,45590.2828355325,10844.156889805676,4.204133460886276,official
2021-08-12,44432.9519853485,10847.807005120327,4.096030835022737,official
2021-08-13,47800.3407332082,10852.739336067953,4.404449351727147,official
2021-08-14,47100.4973571392,10875.240812254573,4.3309843129234284,official
2021-08-15,47034.4406588719,10878.04081537293,4.323797038194826,official
2021-08-16,45948.2462908833,10881.213369874586,4.2227134722028605,official
2021-08-17,44691.7820347228,10886.64665771808,4.105192667664895,official
2021-08-18,44744.858788295,10895.75038596103,4.106633981441784,official
2021-08-19,46749.1092111184,10900.164185578158,4.288844499514185,official
2021-08-20,49297.7525446557,10903.952278382147,4.52109026947889,official
2021-08-21,48892.1735739317,10909.165615302474,4.481751886262485,official
2021-08-22,49273.7112837274,10918.215784544636,4.51298199779832,official
2021-08-23,49529.2239967408,10927.1058998481,4.532693693160722,official
2021-08-24,47721.6354639734,10931.493765598596,4.3655182436414455,official
2021-08-25,48992.5471330104,10975.670841720948,4.463740562151236,official
2021-08-26,46893.1661174073,10989.813249327495,4.266966603848055,official
2021-08-27,49083.8119906109,10992.176521143507,4.465340589845691,official
2021-08-28,48917.3550126657,10997.72964525451,4.447950312524131,official
2021-08-29,48782.9181634071,11001.032835675393,4.434394378426754,official
2021-08-30,47009.0340696705,11004.975697464935,4.271616345368153,official
2021-08-31,47154.0976229171,11010.157334804271,4.282781452528204,official
2021-09-01,48836.783538819,11014.210779892437,4.4339793848847995,official
2021-09-02,49294.6585813609,11018.459185811122,4.473825037609565,official
2021-09-03,50018.6685379496,11025.397321305274,4.536677189972505,official
2021-09-04,49925.0509170584,11029.262106256529,4.5265993713883725,official
2021-09-05,51744.0611532536,11033.04151519577,4.689918104811505,official
2021-09-06,52662.3430046349,11036.844468753754,4.771503589973246,official
2021-09-07,46862.2080515105,11040.83713735039,4.244443375854072,official
2021-09-08,46092.6953349868,11044.080192658981,4.173520522390329,official
2021-09-09,46405.4898030801,11050.198694323166,4.199516324255785,official
2021-09-10,44896.3980156971,11058.251066195717,4.059990838238623,official
2021-09-11,45177.2953656965,11062.239524754696,4.083919468982778,official
2021-09-12,46077.3811127876,11066.289188429097,4.163760798964668,official
2021-09-13,44974.1671198601,11072.42009018506,4.0618190741992,official
2021-09-14,47102.6390290012,11083.844366924708,4.249666223170739,official
2021-09-15,48156.5789725737,11104.253967662606,4.336768513473619,official
2021-09-16,47782.9717489841,11128.691514839351,4.293673850629139,official
2021-09-17,47316.8980954737,11136.115338192478,4.248959054257944,official
2021-09-18,48309.8720428052,11142.201338371131,4.3357565148672474,official
2021-09-19,47268.1651914174,11147.15515490424,4.240379229907961,official
2021-09-20,42974.1707595382,11157.086224042305,3.851737801123518,official
2021-09-21,40706.9704034072,11161.212799963074,3.647181639932703,official
2021-09-22,43599.0499094126,11169.641825085708,3.9033525507948013,official
2021-09-23,44888.7018492214,11175.464863222323,4.016718982039574,official
2021-09-24,42834.0418908137,11182.716210028593,3.8303790498054835,official
2021-09-25,42722.3649307385,11185.838153225393,3.8193262181627103,official
2021-09-26,43217.3739196458,11378.680051397,3.7981008099739877,official
2021-09-27,42190.161939574,11384.266535787108,3.706006162711208,official
2021-09-28,41037.3997923888,11390.79193608981,3.6026818874962236,official
2021-09-29,41546.3639998857,11402.21896928965,3.643708659848164,official
2021-09-30,43890.0472376814,11415.785071557906,3.8446805859223967,official
2021-10-01,48143.8335275487,11425.551737483676,4.213698789670154,official
2021-10-02,47683.8419094453,11431.82129864155,4.171150043704024,official
2021-10-03,48193.5838074308,11437.808894504917,4.213532876089975,official
2021-10-04,49288.559221334,11446.79514025633,4.305882879653796,official
2021-10-05,51518.9308226231,11460.91822275013,4.495183529043693,official
2021-10-06,55347.5026515799,11469.54412807024,4.825606147337973,official
2021-10-07,53804.750734583,11480.596779913616,4.686581348168196,official
2021-10-08,53945.614415427,11488.198040225936,4.695742032522105,official
2021-10-09,54908.8538710603,11493.642383545402,4.777324023032876,official
2021-10-10,54694.7384688706,11510.606467114592,4.751681731551816,official
2021-10-11,57500.0558265101,11517.990643058572,4.992195045857504,official
2021-10-12,55981.4498908459,11540.807199003051,4.850739547549312,official
2021-10-13,57403.0997172855,11546.495335106138,4.971473858631048,official
2021-10-14,57326.6457806918,11553.343072475349,4.961909762488282,official
2021-10-15,61695.5100405735,11561.721549033136,5.336187156810818,official
2021-10-16,60874.6921272866,11570.455112707801,5.26121846844452,official
2021-10-17,61585.6141961422,11575.242430630944,5.320459987358148,official
2021-10-18,62056.9063454091,11593.869179751828,5.352562236409283,official
2021-10-19,64300.7801046361,11657.183071782923,5.515979264345681,official
2021-10-20,66026.7013385388,11670.461233118816,5.65759141988031,official
2021-10-21,62249.0642662859,11682.75515677057,5.328286301558786,official
2021-10-22,60755.9661976719,11688.473701390354,5.197938392114013,official
2021-10-23,61366.5041106628,11694.743358498417,5.247357913679103,official
2021-10-24,60911.3515378443,11700.498159968609,5.205876767387801,official
2021-10-25,63121.8403337763,11710.773598965647,5.390065805674147,official
2021-10-26,60366.7137544603,11719.083184344048,5.151146451038628,official
2021-10-27,58543.8780723942,11725.377626192476,4.9929204788779895,official
2021-10-28,60652.7652214098,11729.972722337105,5.170750747434408,official
2021-10-29,62274.78330902,11738.300322500234,5.305264101110986,official
2021-10-30,61878.0461867853,11744.288329942656,5.268777847443007,official
2021-10-31,61343.2062011738,11772.901401211606,5.210542763473809,official
2021-11-01,60946.0830230208,11822.46807839337,5.155106583404972,official
2021-11-02,63215.7813965961,11828.543335894028,5.3443420378539885,official
2021-11-03,62926.614542338,11842.579039155331,5.313590420995512,official
2021-11-04,61474.5850401543,11849.965960510926,5.18774359732454,official
2021-11-05,61060.6800377701,11876.950337623664,5.1411076330211465,official
2021-11-06,61520.3949898102,11881.871502307327,5.1776687685827625,official
2021-11-07,63317.4577332819,11886.053979091708,5.327037706934628,official
2021-11-08,67524.6959548011,11907.801543971796,5.670626580855707,official
2021-11-09,66963.116163706,11920.425666274023,5.617510484811128,official
2021-11-10,65025.467155987,11954.7815637448,5.439285260818932,official
2021-11-11,64877.0081930951,11966.387506223153,5.421603483871438,official
2021-11-12,64188.6437134246,11978.123621404047,5.358822946085153,official
2021-11-13,64413.4217953063,11987.072147846698,5.373574214023332,official
2021-11-14,65523.8584709272,11993.413120330231,5.463320392078935,official
2021-11-15,63617.1091595721,12009.362670006974,5.297292696343823,official
2021-11-16,60152.9833214583,12039.762659637136,4.9961934484903905,official
2021-11-17,60403.0115101506,12065.823323655335,5.006124314097079,official
2021-11-18,57110.1566553242,12073.901955464167,4.730049727584413,official
2021-11-19,58157.6002732596,12086.72038043499,4.811694028050855,official
2021-11-20,59771.6315137569,12094.004906736247,4.9422529571213145,official
2021-11-21,58807.7175941185,12100.901197956704,4.859779997546668,official
2021-11-22,56346.0376852446,12110.288836156878,4.6527410243937375,official
2021-11-23,57592.7474853861,12125.444751964123,4.749743095077566,official
2021-11-24,57266.2346093222,12138.480618363603,4.717743217605624,official
2021-11-25,59000.5855866191,12206.790780352036,4.8334231861814185,official
2021-11-26,53719.0603669697,12214.615753215883,4.397932890588594,official
2021-11-27,54974.1548889334,12217.916555838052,4.499470481541737,official
2021-11-28,57335.8385785585,12225.63029071496,4.6898063506879915,official
2021-11-29,57847.2919246656,12237.329311566808,4.727117367838417,official
2021-11-30,56995.3857585774,12248.571266205654,4.653227263805875,official
2021-12-01,57273.6611889464,12271.663955324118,4.66714712833201,official
2021-12-02,56560.2266972815,12285.604891091854,4.603780375380023,official
2021-12-03,53761.801608697,12297.32259212442,4.37182981953549,official
2021-12-04,49364.2907212515,12309.223304525436,4.010349759688161,official
2021-12-05,49452.1889584102,12317.194793236768,4.014890548419665,official
2021-12-06,50615.0532827178,12338.378661542472,4.102245089987391,official
2021-12-07,50668.0032962036,12358.787687922839,4.099755135830758,official
2021-12-08,50553.3823409153,12400.666000444111,4.076666716054187,official
2021-12-09,47671.2506039541,12542.709842014252,3.8007138173817867,official
2021-12-10,47215.6968142432,12603.281586908039,3.7463018253348905,official
2021-12-11,49388.1539281261,12665.089237047616,3.8995504100876803,official
2021-12-12,50143.9127866447,12695.359443979274,3.949782832688937,official
2021-12-13,46800.5088490845,12769.537935091359,3.6650119281508418,official
2021-12-14,48414.6571558443,12905.937437421115,3.7513475786318855,official
2021-12-15,48927.1003013805,12952.217418895088,3.7775076435950004,official
2021-12-16,47669.1942846622,13039.32099041473,3.6558034210296735,official
2021-12-17,46191.7602477693,13078.828910922346,3.531796352897758,official
2021-12-18,46875.2589558478,13112.905888803627,3.574742269436399,official
2021-12-19,46716.581950515,13130.53757664976,3.557857526990504,official
2021-12-20,46919.8442821935,13157.767007505041,3.5659427815852762,official
2021-12-21,48950.7754669867,13189.798680537077,3.711260243813931,official
2021-12-22,48613.1718612261,13252.060134291927,3.66834826952161,official
2021-12-23,50811.3412189753,13282.557167715193,3.8254185980451267,official
2021-12-24,50823.3614631592,13301.786593843435,3.8207921247723333,official
2021-12-25,50453.3251880114,13320.276604693074,3.7877085202746765,official
2021-12-26,50797.3196743488,13369.68166418804,3.7994412245741227,official
2021-12-27,50698.8674221977,13410.581749051258,3.7805121635222445,official
2021-12-28,47614.4905860455,13447.058647681508,3.5408851730006408,official
2021-12-29,46491.2140478384,13491.071674914501,3.4460727189141585,official
2021-12-30,47158.0920351509,13542.684837576842,3.482181901206288,official
2021-12-31,46233.8073264065,13711.332470609736,3.371941233684527,official
2022-01-01,47713.4800763635,13749.563302278459,3.4701814906700954,official
2022-01-02,47319.8922501558,13768.068740280176,3.436930272705252,official
2022-01-03,46453.3084080836,13809.335937940743,3.363906028272837,official
2022-01-04,45862.8155794275,13818.855839627735,3.318857661710942,official
2022-01-05,43468.669734812,13830.178361118888,3.143030306609531,official
2022-01-06,43136.3896696428,13858.505006765574,3.11262936720693,official
2022-01-07,41552.7485405801,13867.266190754517,2.9964628910263396,official
2022-01-08,41746.2650603275,13873.290538998277,3.009110559818334,official
2022-01-09,41884.5668758102,13879.758521372389,3.0176725921647214,official
2022-01-10,41852.7797413142,13895.86702260177,3.0118868922133633,official
2022-01-11,42765.2780816116,13904.492241696582,3.075644715264591,official
2022-01-12,43935.0013720576,13928.65199286332,3.1542895460787417,official
2022-01-13,42585.4192823703,13936.647693782797,3.055642950733974,official
2022-01-14,43106.5572964824,13943.5336395504,3.091508824865742,official
2022-01-15,43124.4659261595,13947.865616793564,3.0918326223502333,official
2022-01-16,43106.9111899019,13956.53829096132,3.088653525052072,official
2022-01-17,42270.4146206985,13966.350562642858,3.0265898332641923,official
2022-01-18,42391.074918118,13974.410082686174,3.033478670462027,official
2022-01-19,41707.9618280743,13987.804800685732,2.9817374793527023,official
2022-01-20,40757.9095125769,14004.16116731811,2.910414199437717,official
2022-01-21,36528.8835138266,14013.508627128882,2.6066907643036656,official
2022-01-22,35095.7013710283,14036.267215419859,2.50035859480312,official
2022-01-23,36289.6900877946,14057.836198955432,2.5814563190379975,official
2022-01-24,36695.7141813921,14074.745471573638,2.6072026848020364,official
2022-01-25,36976.5994948533,14097.413546023812,2.6229350067752377,official
2022-01-26,36830.1308900102,14105.131774769738,2.6111156902404367,official
2022-01-27,37174.3039739391,14113.427687506126,2.6339670841866116,official
2022-01-28,37754.5378905794,14120.131235093264,2.673809277122489,official
2022-01-29,38211.0860525392,14131.466800252403,2.703971681966992,official
2022-01-30,37947.4917904629,14137.475298983294,2.684177407064465,official
2022-01-31,38518.7099564129,14145.14332637122,2.7231049603153403,official
2022-02-01,38760.2566778841,14778.68493035224,2.62271351345199,official
2022-02-02,36935.2015224288,14806.27339455565,2.4945643335216325,official
2022-02-03,37307.4534756288,14830.091475901043,2.5156590258565537,official
2022-02-04,41581.992365089,14851.722016214953,2.799809498163931,official
2022-02-05,41444.7014378814,14868.392369842899,2.7874366244155895,official
2022-02-06,42434.8565934934,14894.329002043292,2.8490613164025005,official
2022-02-07,43888.5171923911,14954.489844083922,2.9348053761762816,official
2022-02-08,44093.2252227645,14989.906765688545,2.941527650037997,official
2022-02-09,44427.1310356663,15048.000376455684,2.952361106076102,official
2022-02-10,43585.622305455,15146.329515780626,2.877635948699261,official
2022-02-11,42421.3845903464,15181.049748437596,2.7943643748820683,official
2022-02-12,42249.4882063866,15205.673205763478,2.7785345400144847,official
2022-02-13,42088.0385518948,15239.847083498333,2.7617100303760673,official
2022-02-14,42583.7069950108,15265.552333329782,2.789529396983324,official
2022-02-15,44567.362408842,15323.053349490565,2.908517081572629,official
2022-02-16,43911.7812747083,15367.517343313113,2.8574414652484963,official
2022-02-17,40572.5787254018,15430.05632920368,2.629451108912166,official
2022-02-18,40033.5993673829,15446.505480805075,2.5917576902511374,official
2022-02-19,40135.9085817186,15458.759114643437,2.5963214954102964,official
2022-02-20,38398.6858875527,15481.723843700816,2.480259063862343,official
2022-02-21,37065.5463296146,15519.477475892169,2.3883243741415856,official
2022-02-22,38273.7589086326,15537.36590584944,2.4633363943770843,official
2022-02-23,37266.670760206,15604.655843039383,2.3881763965226557,official
2022-02-24,38373.3567294839,15628.605059690251,2.4553283279553573,official
2022-02-25,39247.0606836865,15644.790033403782,2.5086345422270684,official
2022-02-26,39145.2857313199,15661.09686756467,2.4995238879080546,official
2022-02-27,38000.1320731195,15691.804233299294,2.4216547382410054,official
2022-02-28,43208.3022431446,15824.493268238113,2.7304698805028704,official
2022-03-01,44433.8329941324,15846.531102547424,2.80401008312724,official
2022-03-02,43938.3473929568,15893.728494321816,2.7645084920542202,official
2022-03-03,42476.3495419097,15930.388540378604,2.6663724763677483,official
2022-03-04,39214.1164340164,15961.6543356358,2.4567701824282357,official
2022-03-05,39404.4290408575,15973.680018756044,2.4668347553343652,official
2022-03-06,38416.1139211941,15993.462840726948,2.4019885064145354,official
2022-03-07,38039.9536778358,16096.914211500423,2.363182978925128,official
2022-03-08,38755.8124052357,16161.859386820064,2.397979804034239,official
2022-03-09,41949.2532150797,16254.435985429742,2.580787992439876,official
2022-03-10,39450.472970223,16321.207716044697,2.4171295198602794,official
2022-03-11,38751.0034822877,16690.64605392355,2.321719803840566,official
2022-03-12,38808.912529661,16707.627148598465,2.322826107172048,official
2022-03-13,37830.488565129,16719.133120992148,2.262706343167394,official
2022-03-14,39669.4584244225,16740.456107690014,2.3696760810596826,official
2022-03-15,39298.495064226,16757.61824947228,2.3451122038457677,official
2022-03-16,41124.7921082548,16813.180193537795,2.4459853302506835,official
2022-03-17,41019.1859285344,16829.736095078963,2.4373041678608653,official
2022-03-18,41788.1158911028,16841.38867949249,2.48127495222455,official
2022-03-19,42227.1822132212,16864.33338275461,2.503934264985684,official
2022-03-20,41265.7887816155,16871.664534230393,2.445863518557557,official
2022-03-21,41072.2757382856,16881.546147589583,2.432968839418187,official
2022-03-22,42383.4284462752,16894.30875075418,2.50874001840313,official
2022-03-23,42908.0152940736,16907.598816197886,2.537794737178569,official
2022-03-24,43995.0544615427,16916.77218983737,2.6006766520135804,official
2022-03-25,44324.1456587403,17215.404023290324,2.5746793742845178,official
2022-03-26,44543.2618254253,17228.52138468837,2.5854373007896405,official
2022-03-27,46829.1925356218,17237.937939478226,2.716635406162697,official
2022-03-28,47109.5900327755,17288.393451979435,2.724925839039236,official
2022-03-29,47444.2536001307,17494.0149131154,2.712027732671096,official
2022-03-30,47046.5588659099,17518.85094758214,2.6854819991720413,official
2022-03-31,45539.3030499317,17565.56743454936,2.592532420009465,official
2022-04-01,46294.5456536343,17639.71905131889,2.6244491490454287,official
2022-04-02,45820.7574400274,17663.251764041914,2.5941292153977744,official
2022-04-03,46421.8950152819,17710.352673189118,2.6211728174988775,official
2022-04-04,46629.5608508979,17763.13653132242,2.6250747309561127,official
2022-04-05,45518.8114534148,17823.84898542569,2.5538149190242176,official
2022-04-06,43191.6713431437,17860.147480197724,2.418326690248895,official
2022-04-07,43467.2472281728,17893.111634485726,2.429272678565173,official
2022-04-08,42332.0247333776,17920.64408331408,2.362193263622314,official
2022-04-09,42768.6868370621,17938.713536708325,2.3841557394594513,official
2022-04-10,42149.9663795503,17959.91172582489,2.346891623021848,official
2022-04-11,39547.3314208316,18013.99906777542,2.1953665741870925,official
2022-04-12,40094.0390121693,18042.53812476445,2.2221950556467363,official
2022-04-13,41161.5300146781,18073.60482581617,2.277438862438961,official
2022-04-14,39953.5837486506,18411.847059595908,2.1699932450735595,official
2022-04-15,40584.0326118403,18431.68421193335,2.2018624095981805,official
2022-04-16,40385.835365387,18443.08886161078,2.1897544206626884,official
2022-04-17,39720.175031325,18461.41555441231,2.1515238045671863,official
2022-04-18,40810.4266178582,18481.536582273144,2.2081728126979527,official
2022-04-19,41498.8486738084,18513.37872539561,2.2415599707298495,official
2022-04-20,41371.2952751209,18551.71620051044,2.230052186437748,official
2022-04-21,40490.4476835698,18798.51509024279,2.1539173434281533,official
2022-04-22,39729.9187440143,18819.203207959355,2.111137135030829,official
2022-04-23,39446.5520631321,18838.263686964798,2.093959014408917,official
2022-04-24,39465.644797799,18846.446232168015,2.0940629502042225,official
2022-04-25,40473.134484777,18863.949253987204,2.145528168033125,official
2022-04-26,38130.878974108,18878.74533272073,2.0197782374880275,official
2022-04-27,39240.7843412564,18891.63924846409,2.0771508403881214,official
2022-04-28,39769.0207239483,18914.242238268824,2.102596563106525,official
2022-04-29,38603.0732911076,18936.803074868894,2.038521134664905,official
2022-04-30,37690.6156017555,18950.988093473257,1.9888469886557625,official
2022-05-01,38480.6829588327,18968.606896928533,2.0286509793749605,official
2022-05-02,38526.9427973215,18979.350082454424,2.029940046942807,official
2022-05-03,37736.5823970341,18998.131506573984,1.986331254943466,official
2022-05-04,39694.6268104868,19020.21082139061,2.086970916528707,official
2022-05-05,36577.7754839369,19050.09181846731,1.9200839467071815,official
2022-05-06,36010.7997064727,19064.572025080968,1.888885817058868,official
2022-05-07,35492.272288545,19073.557384044907,1.8608103131424452,official
2022-05-08,34056.3276112642,19095.400384095854,1.7834832957799083,official
2022-05-09,30115.5299245556,19145.865753808055,1.5729521094425156,official
2022-05-10,31013.0903012082,19178.438878648565,1.6170810615735363,official
2022-05-11,28955.3477326609,19226.29232674643,1.5060286840838268,official
2022-05-12,28948.8468667497,19275.128987616234,1.5018756494625056,official
2022-05-13,29277.014143605,19322.15722630103,1.5152042186963248,official
2022-05-14,30071.7583952937,19510.20071490539,1.5413351628063723,official
2022-05-15,31306.4566177875,19518.222414410062,1.60396044030497,official
2022-05-16,29842.3665899188,19531.70270872882,1.5278937548328593,official
2022-05-17,30428.3885599316,19543.76557317593,1.5569358139300933,official
2022-05-18,28675.2158699234,19553.978669776632,1.4664645162084018,official
2022-05-19,30297.3188695349,19566.479994933805,1.5484297061801382,official
2022-05-20,29170.8388784833,19580.92590895601,1.4897578906184927,official
2022-05-21,29427.3702282029,19589.424869449496,1.5022069521855173,official
2022-05-22,30264.4586309666,19594.799442595253,1.5445148453613462,official
2022-05-23,29087.275130061,19608.33236850074,1.4834140192761849,official
2022-05-24,29627.5068787364,19620.148124233358,1.510055209121622,official
2022-05-25,29526.2095277186,19634.997798961373,1.5037541552095535,official
2022-05-26,29189.8019829638,19644.60404320235,1.4858941375845336,official
2022-05-27,28593.647341069,19668.427821766443,1.4537840848380008,official
2022-05-28,29023.6963531194,19677.77894932666,1.474947778804708,official
2022-05-29,29453.8823738123,19694.980006851503,1.495502019477342,official
2022-05-30,31707.0477166798,19708.55141255553,1.6087964586012398,official
2022-05-31,31763.9881272722,19730.284915967877,1.609910260422309,official
2022-06-01,29780.3787257085,19760.43650799852,1.5070708945955806,official
2022-06-02,30445.6771415581,19770.310858774723,1.53996957149742,official
2022-06-03,29692.2803010075,19798.598216111393,1.4997162918759057,official
2022-06-04,29851.9731801901,19806.732227239627,1.507162960437035,official
2022-06-05,29906.7016211219,19813.338168205686,1.509422660998789,official
2022-06-06,31359.0052613532,19824.81174485944,1.5818059543231007,official
2022-06-07,31119.7778089599,19838.96887241836,1.5686187124485576,official
2022-06-08,30194.1657751089,19858.421645493436,1.520471581988038,official
2022-06-09,30088.1992605605,19867.29559364639,1.5144587303660384,official
2022-06-10,29066.8608555744,19908.939110186344,1.4599904442272584,official
2022-06-11,28398.2127825331,19916.529732247665,1.4258614911488519,official
2022-06-12,26593.4364374062,19927.939887860306,1.334479960650944,official
2022-06-13,22445.1436398689,20129.33865090073,1.1150462530901155,official
2022-06-14,22138.9698212549,20631.859799221285,1.0730477056697767,official
2022-06-15,22571.0576199162,22321.348303478593,1.0111870176049667,official
2022-06-16,20380.5325789067,20755.864233209133,0.9819168380518741,official
2022-06-17,20444.843150264,20801.180612221196,0.9828693635904571,official
2022-06-18,18973.1024503608,19500.972679268725,0.9729310820752495,official
2022-06-19,20559.5050894125,19604.67673825599,1.0487041109580393,official
2022-06-20,20558.6286659958,19637.180331835043,1.0469236580094414,official
2022-06-21,20708.9008031907,19655.71676050406,1.0535815638533668,official
2022-06-22,19960.2186719402,19666.031232769597,1.0149591666812976,official
2022-06-23,21084.0932609266,19675.77594103235,1.0715762023370732,official
2022-06-24,21214.6692327235,19686.555516658333,1.0776221982952838,official
2022-06-25,21486.7795267034,19705.74042333061,1.0903817397931483,official
2022-06-26,21035.9629970889,19709.23013461765,1.0673153062503924,official
2022-06-27,20707.6886918966,19760.417528989165,1.0479378111073696,official
2022-06-28,20261.322494417,19774.561293474,1.0246155246490167,official
2022-06-29,20101.410032865,19795.45301688293,1.0154559239296583,official
2022-06-30,19908.4208257945,19835.37788941446,1.0036824575154184,official
2022-07-01,19252.1638224184,19560.81682090998,0.9842208532845296,official
2022-07-02,19232.3596433005,19540.814303284285,0.9842148512750596,official
2022-07-03,19298.6909601537,19525.877811925013,0.9883648328664352,official
2022-07-04,20208.1258521229,19593.081388170613,1.0313909002758301,official
2022-07-05,20177.8719636965,19628.005791935593,1.0280143677146674,official
2022-07-06,20542.4083893739,19661.145524318214,1.044822559497649,official
2022-07-07,21632.7264424563,19673.6603022493,1.0995781217175442,official
2022-07-08,21599.3104220071,19689.922630545858,1.0969728437885846,official
2022-07-09,21583.8358064306,19697.518960316647,1.095764184815062,official
2022-07-10,20841.4020253745,19711.254931370673,1.0573351163048064,official
2022-07-11,19953.6463431842,19720.20009268107,1.0118379250416314,official
2022-07-12,19314.5681356567,19563.25402604411,0.9872881121894987,official
2022-07-13,20239.0325461825,19643.18574408272,1.030333511573054,official
2022-07-14,20587.8286458016,19689.725471565704,1.0456127829477797,official
2022-07-15,20823.4872892865,19710.36669857672,1.0564738651356576,official
2022-07-16,21209.9251489495,19719.826741205532,1.0755634634776143,official
2022-07-17,20787.2747890091,19723.79984929635,1.0539183599427315,official
2022-07-18,22497.1521495936,19739.413374712563,1.1397072305306637,official
2022-07-19,23407.3349580126,19787.79518083824,1.1829177906934973,official
2022-07-20,23221.329625508,19807.717999194938,1.1723374508084072,official
2022-07-21,23151.3577660337,19847.917616011175,1.1664376189952372,official
2022-07-22,22701.4180913587,19853.039800240622,1.1434731567446692,official
2022-07-23,22463.2046978471,19862.280144407825,1.130947934201379,official
2022-07-24,22587.3412261066,19866.005648055627,1.136984536613042,official
2022-07-25,21316.7699867919,19873.142058328358,1.0726421581562917,official
2022-07-26,21269.8745649408,19881.218707147615,1.0698476224344307,official
2022-07-27,22962.8182152291,19893.37372729926,1.1542948184659954,official
2022-07-28,23858.0662916566,19902.19434702255,1.1987656172810848,official
2022-07-29,23776.6077602224,19916.640884283137,1.1938061191325333,official
2022-07-30,23649.5949175304,19926.29599926688,1.1868535385804018,official
2022-07-31,23313.8527919824,19929.52358118939,1.169814857691196,official
2022-08-01,23283.7273812922,19937.05260125344,1.167862063012682,official
2022-08-02,23002.2350849598,19950.21946442372,1.1529815562168926,official
2022-08-03,22845.0854057235,19958.513332269435,1.1446286116304556,official
2022-08-04,22622.431583546,19966.022672305775,1.133046473743859,official
2022-08-05,23306.9785860126,19969.40809441876,1.1671341722204904,official
2022-08-06,22953.1456804837,19975.91560199156,1.1490409820411593,official
2022-08-07,23182.4817640934,19984.43090450233,1.1600271168527785,official
2022-08-08,23824.7369983572,19992.646512806507,1.1916749982597854,official
2022-08-09,23158.794917736,20000.309294498278,1.1579218389440888,official
2022-08-10,23961.2072606782,20032.495681735447,1.1961169312780504,official
2022-08-11,23949.5204902639,20043.45373161503,1.19487992493468,official
2022-08-12,24411.3285140137,20051.260752520262,1.2174460656268418,official
2022-08-13,24449.7898028232,20056.721819166833,1.219032203929668,official
2022-08-14,24313.1832718628,20059.846047101182,1.212032396199584,official
2022-08-15,24097.6857184209,20064.249368829365,1.2010260277096458,official
2022-08-16,23867.6750691758,20072.868126779784,1.189051555484154,official
2022-08-17,23346.2252262025,20080.880463710477,1.1626096409663436,official
2022-08-18,23203.1358520417,20094.00365662792,1.1547293535197625,official
2022-08-19,20842.0781597212,20108.895096544413,1.0364606339461575,official
2022-08-20,21143.9369934609,20115.589107788786,1.0511219373274001,official
2022-08-21,21517.7631751083,20119.278889047557,1.0695096625367644,official
2022-08-22,21407.2600532749,20133.241074657573,1.0632793783123662,official
2022-08-23,21519.0765615916,20142.687428657075,1.0683319511266571,official
2022-08-24,21367.5124035899,20151.317576649788,1.0603531169767961,official
2022-08-25,21566.8225731527,20157.30984823675,1.0699256366810896,official
2022-08-26,20252.6953138933,20086.338807811648,1.0082820720925485,official
2022-08-27,20038.9379990459,20071.583993505796,0.9983735217673673,official
2022-08-28,19558.4102774165,19887.50066008309,0.9834524011693878,official
2022-08-29,20301.3635488976,20048.860072329855,1.012594405649837,official
2022-08-30,19803.7122711205,20047.693871485546,0.9878299418412375,official
2022-08-31,20050.2306826139,20049.75213933976,1.0000238677900264,official
2022-09-01,20132.4351278389,20046.66761873561,1.0042783923360474,official
2022-09-02,19958.1546339531,20045.55459702526,0.9956399329013761,official
2022-09-03,19839.1957300156,20046.57244046971,0.9896552534818639,official
2022-09-04,19998.2496914502,20051.228079474513,0.9973578482168609,official
2022-09-05,19792.1636053288,20052.21120985713,0.9870314748928787,official
2022-09-06,18790.9069153409,19655.60346402371,0.956007631601569,official
2022-09-07,19282.7869813442,19688.308074336674,0.9794029486199953,official
2022-09-08,19311.0985224782,19672.66967106872,0.9816206364140675,official
2022-09-09,21508.8854687482,19820.363580665562,1.0851912671132715,official
2022-09-10,21655.6317589473,19838.717166835006,1.0915842781986773,official
2022-09-11,21819.8741310598,19847.22343857625,1.0993917712766508,official
2022-09-12,22397.7556323332,19866.958151459366,1.1273872659105555,official
2022-09-13,20175.3568576726,19918.748945181338,1.0128827324044032,official
2022-09-14,20230.1026493397,19937.554146227776,1.0146732393033915,official
2022-09-15,19703.3300886564,19947.618796391547,0.9877534902672525,official
2022-09-16,19801.2191593224,19960.20047227102,0.9920350843585225,official
2022-09-17,20116.1287453886,19964.333380361386,1.0076033275008587,official
2022-09-18,19419.2114488315,19799.762862547934,0.9807800014394988,official
2022-09-19,19543.3565534122,19707.358444388978,0.9916781393386858,official
2022-09-20,18878.7016110801,19515.58623918891,0.9673653345432232,official
2022-09-21,18490.9294708545,19435.736282261812,0.9513881646835474,official
2022-09-22,19409.7534540829,19543.639815953036,0.9931493640319319,official
2022-09-23,19290.201268573,19553.26234403061,0.9865464355344306,official
2022-09-24,18923.0396137772,19552.27568125275,0.9678177580076329,official
2022-09-25,18799.5981202723,19476.88082295622,0.9652263260816565,official
2022-09-26,19227.254756094,19531.192814314396,0.9844383258559795,official
2022-09-27,19091.6412715529,19521.951367121983,0.9779576289543579,official
2022-09-28,19411.5572735283,19517.372280846685,0.99457841937963,official
2022-09-29,19592.383140833,19511.394766655732,1.0041508244359687,official
2022-09-30,19424.3694033923,19498.45450099025,0.9962004630882827,official
2022-10-01,19309.0114018438,19499.28882635829,0.9902418274733548,official
2022-10-02,19054.683325411,19497.716302972345,0.9772776990557706,official
2022-10-03,19627.1760107208,19545.950034361118,1.0041556422796993,official
2022-10-04,20344.6489661715,19568.31913305423,1.0396727908942325,official
2022-10-05,20162.2221311315,19586.806897119845,1.029377694742897,official
2022-10-06,19952.3940142373,19598.68808612457,1.0180474288155617,official
2022-10-07,19533.3286266017,19541.68309619718,0.9995724795272569,official
2022-10-08,19415.9679747434,19536.117588913214,0.9938498724926799,official
2022-10-09,19443.0462649631,19532.957763716822,0.9953969337444257,official
2022-10-10,19133.2766790523,19527.9323843031,0.9797901950148069,official
2022-10-11,19058.1590286618,19523.1490848789,0.9761826304662476,official
2022-10-12,19156.9479335102,19512.108609768326,0.9817979346383752,official
2022-10-13,19379.6933449788,19507.017472432697,0.9934729064741019,official
2022-10-14,19180.0158817323,19503.436561801343,0.9834172465429768,official
2022-10-15,19066.4862589852,19502.149448310152,0.9776607603956853,official
2022-10-16,19262.295619267,19501.71472078884,0.9877231769129193,official
2022-10-17,19548.6174791554,19499.525831025017,1.0025175816353582,official
2022-10-18,19330.8474645807,19504.645210304785,0.9910894177335631,official
2022-10-19,19126.9220346171,19498.53120448583,0.9809416839672909,official
2022-10-20,19045.4680600591,19496.395919816114,0.9768712196032758,official
2022-10-21,19168.1408610375,19495.27757767362,0.9832196943422461,official
2022-10-22,19207.6963610599,19495.37228272798,0.9852438867288035,official
2022-10-23,19569.7325849495,19494.290936857487,1.0038699354768208,official
2022-10-24,19332.8801797789,19493.02850770046,0.9917843280299776,official
2022-10-25,20086.601334111,19522.702783545385,1.0288842460399947,official
2022-10-26,20773.4264453863,19564.73597518061,1.06177903303878,official
2022-10-27,20289.5828958237,19581.747002832948,1.036147739672479,official
2022-10-28,20596.0509955165,19589.492640184788,1.0513825637968242,official
2022-10-29,20807.8630909117,19595.091639860326,1.0618915937389317,official
2022-10-30,20625.1357557588,19597.901385399517,1.052415529099691,official
2022-10-31,20494.9257299831,19608.369884365253,1.0452131335162513,official
2022-11-01,20482.1975751488,19616.2308758176,1.0441454173746874,official
2022-11-02,20153.437580166,19624.256394994358,1.026965668126239,official
2022-11-03,20205.2083159117,19643.27673902832,1.0286068146546499,official
2022-11-04,21145.1212975502,19676.54325745863,1.074635977512711,official
2022-11-05,21300.4973318852,19683.643510755253,1.082141998774083,official
2022-11-06,20918.721862735,19687.424474422947,1.0625423294911787,official
2022-11-07,20591.5810569268,19695.94087737012,1.045473338142771,official
2022-11-08,18549.8096066226,19480.074430479224,0.9522453147098299,official
2022-11-09,15912.8757024704,19301.995449079932,0.8244160944110531,official
2022-11-10,17628.3804115913,19102.06670669136,0.9228519972352608,official
2022-11-11,17054.1262725733,18650.818018565762,0.9143902565344291,official
2022-11-12,16778.3734764205,18417.92424133034,0.9109806977471087,official
2022-11-13,16331.086043426,18320.512243244597,0.8914099030963413,official
2022-11-14,16616.1149204193,17980.15694344715,0.9241362560227833,official
2022-11-15,16887.1041026214,17711.988154574046,0.9534279243666035,official
2022-11-16,16662.2571518258,17280.579947808896,0.9642186316749459,official
2022-11-17,16683.8645945887,17143.384031609512,0.9731955233474595,official
2022-11-18,16690.5061646123,17049.788568627766,0.9789274569259727,official
2022-11-19,16694.0173694121,17039.410936069984,0.97972972375901,official
2022-11-20,16275.4041131052,17008.03467923541,0.9569244430678016,official
2022-11-21,15774.4832353555,16952.5196297319,0.9305096575549558,official
2022-11-22,16205.8221488175,16902.24899413292,0.9587967941096383,official
2022-11-23,16613.9113100967,16935.63700438532,0.9810030355394774,official
2022-11-24,16596.708046295,16931.06366764222,0.9802519423521971,official
2022-11-25,16512.9170255092,16928.247918281602,0.9754652167916404,official
2022-11-26,16453.3220545922,16927.272154055438,0.972000798761324,official
2022-11-27,16419.6793920512,16925.02342505368,0.9701421959478984,official
2022-11-28,16210.7752707756,16839.368164123898,0.9626712304629393,official
2022-11-29,16438.8702427102,16865.59906039769,0.9746982709502744,official
2022-11-30,17172.1372250751,16906.093145747513,1.0157365795298785,official
2022-12-01,16979.0561874183,16937.47416457619,1.0024550309236235,official
2022-12-02,17096.8104732562,16960.10937769773,1.0080601541248448,official
2022-12-03,16888.6496011212,16932.14952299586,0.9974309273718861,official
2022-12-04,17118.4665376458,16955.73381605447,1.009597503909695,official
2022-12-05,16968.8908322988,16970.12533675229,0.9999272542524587,official
2022-12-06,17089.9333898539,16987.371465413118,1.0060375393950503,official
2022-12-07,16839.0737573858,16950.214989812,0.9934430783035493,official
2022-12-08,17226.214010572,16984.084615763182,1.0142562522671428,official
2022-12-09,17129.6601171897,16997.976210337347,1.0077470344247375,official
2022-12-10,17129.1862768961,17005.08472125799,1.0072979086945077,official
2022-12-11,17092.5710718811,17009.281034782613,1.0048967406046243,official
2022-12-12,17208.8355970428,17025.413151065684,1.0107734505089312,official
2022-12-13,17776.8698615716,17051.748221879378,1.0425247681502712,official
2022-12-14,17800.5289116282,17075.390639144436,1.0424668628559175,official
2022-12-15,17358.599966588,17088.111997994696,1.0158290142658855,official
2022-12-16,16636.3019783046,17014.3886539635,0.9777784154724347,official
2022-12-17,16780.6374709485,17000.322562093002,0.9870775927726011,official
2022-12-18,16738.692624659,16993.7027225797,0.9849938473042803,official
2022-12-19,16441.5653963005,16959.800585336816,0.9694433206081223,official
2022-12-20,16903.9868964253,16952.92930120126,0.9971130414156513,official
2022-12-21,16825.6031068065,16941.41070118007,0.9931642295664608,official
2022-12-22,16819.3397917948,16935.50527685163,0.9931407133617908,official
2022-12-23,16776.5713879112,16927.53475537568,0.9910817865893592,official
2022-12-24,16831.4918982042,16925.862601837467,0.9944244671096986,official
2022-12-25,16832.5436938815,16923.705820806932,0.9946133472248524,official
2022-12-26,16922.0231290302,16921.87234073809,1.0000089108515342,official
2022-12-27,16701.5323619558,16918.324582209574,0.987185952178637,official
2022-12-28,16541.4723044317,16908.894802852366,0.9782704604467297,official
2022-12-29,16640.1263641993,16904.497957644653,0.9843608728216742,official
2022-12-30,16605.7238616281,16899.954403871925,0.98258986177049,official
2022-12-31,16537.3493546371,16895.036347365585,0.97882887107347,official
2023-01-01,16614.7996181354,16893.25791894514,0.9835166015847387,official
2023-01-02,16671.8455481964,16892.60043280735,0.9869318589823377,official
2023-01-03,16668.5747367951,16890.717677931414,0.9868482236591667,official
2023-01-04,16855.1515566319,16884.42672722508,0.9982661436443101,official
2023-01-05,16826.853077852,16884.06062118784,0.9966117426003522,official
2023-01-06,16950.685352777,16910.15122721919,1.0023970291579987,official
2023-01-07,16947.9786911474,16918.459752865077,1.0017447769308505,official
2023-01-08,17120.2536044793,16923.577640456002,1.0116214176577618,official
2023-01-09,17185.4426286406,16932.156713304645,1.0149588690693452,official
2023-01-10,17444.3911017755,16943.034337677927,1.0295907305684115,official
2023-01-11,17937.9085106608,16948.3715888227,1.0583853685678386,official
2023-01-12,18853.0342288496,16957.4994726925,1.1117815017013313,official
2023-01-13,19929.2964216156,16974.297899966314,1.174086641996259,official
2023-01-14,20955.5153194575,16980.962633787596,1.2340593269878353,official
2023-01-15,20876.5832655193,16987.78392496212,1.2289174007471872,official
2023-01-16,21186.604577389,16995.825473262696,1.2465769674276255,official
2023-01-17,21138.9164686384,17005.190004589916,1.2430861673955267,official
2023-01-18,20678.3348791823,17009.748637237477,1.2156755117423437,official
2023-01-19,21078.4544974041,17014.896155333754,1.2388235758227957,official
2023-01-20,22682.2029187614,17023.767919828202,1.3323844066472859,official
2023-01-21,22779.2138078613,17028.07056991345,1.3377448557271914,official
2023-01-22,22718.1314335012,17031.80583192968,1.3338651026018224,official
2023-01-23,22918.3699917327,17035.61124393461,1.3453212604797258,official
2023-01-24,22638.901587247,17039.608068044494,1.3286045956481378,official
2023-01-25,23059.3851644209,17043.728154630222,1.352954292348087,official
2023-01-26,23019.9101609654,17051.988991017417,1.3499838742032815,official
2023-01-27,23079.9557865419,17054.902520492047,1.3532739784827588,official
2023-01-28,23036.0163159092,17056.916685305085,1.3505381271959453,official
2023-01-29,23755.8522960817,17060.217778892133,1.3924706357191867,official
2023-01-30,22836.7994097976,17064.01900311851,1.3383013348510744,official
2023-01-31,23132.6366267087,17069.75107192548,1.3551830093617951,official
2023-02-01,23730.892108563,17078.69169743885,1.3895029273303015,official
2023-02-02,23472.9378986901,17083.21249326814,1.3740353524221463,official
2023-02-03,23427.2999489355,17090.47427529757,1.370781148115774,official
2023-02-04,23323.8704017848,17094.599105643832,1.3643999638508255,official
2023-02-05,22939.8873379221,17096.91468835279,1.3417559691954135,official
2023-02-06,22762.160401592,17099.36510373366,1.3311699155790213,official
2023-02-07,23250.8437643727,17103.06987949671,1.3594544095411776,official
2023-02-08,22965.0353709284,17105.83974043098,1.3425260448716092,official
2023-02-09,21799.4426181371,17114.127640083738,1.2737688462180032,official
2023-02-10,21632.2158073977,17116.536562383528,1.2638196827118717,official
2023-02-11,21862.6260227177,17118.25108746256,1.27715301703513,official
2023-02-12,21790.25455289,17119.72546127728,1.2728156536258064,official
2023-02-13,21792.5223461046,17121.79372373627,1.2727943519079552,official
2023-02-14,22208.9199618737,17123.564938825413,1.2969799245201517,official
2023-02-15,24323.5166590462,17126.625538219665,1.4202165280466954,official
2023-02-16,23533.2769528505,17131.324168546216,1.373698654074769,official
2023-02-17,24571.6150380305,17133.646727699208,1.434114723417675,official
2023-02-18,24635.5338888335,17135.247603969558,1.4377109953827818,official
2023-02-19,24279.6343367959,17137.527751412912,1.4167524446339208,official
2023-02-20,24835.755894074,17139.3829428413,1.4490460932519909,official
2023-02-21,24444.1011345712,17142.58534681517,1.425928507283911,official
2023-02-22,24186.0885791748,17145.591526170996,1.4106301635762875,official
2023-02-23,23939.6688327525,17148.81618438308,1.3959954188880777,official
2023-02-24,23194.499333278,17153.83718233712,1.3521464082194274,official
2023-02-25,23163.049349882,17155.35730448456,1.3501933500287384,official
2023-02-26,23557.2229146909,17157.189211714813,1.3730234378138226,official
2023-02-27,23499.8309774113,17162.127936676534,1.3692842207049805,official
2023-02-28,23131.2984639804,17164.70118525602,1.347608572635655,official
2023-03-01,23649.4803930443,17169.609550578858,1.3774035060830478,official
2023-03-02,23470.0361999682,17171.632465024162,1.3667912033275151,official
2023-03-03,22361.1191692556,17173.849739191533,1.3020446497925549,official
2023-03-04,22355.8306157683,17175.5801332964,1.3016055610505708,official
2023-03-05,22429.4908591502,17177.851507619736,1.305721547843218,official
2023-03-06,22412.6705271364,17181.006172576996,1.3045027923282972,official
2023-03-07,22200.2507201629,17183.269310897453,1.2919689680987383,official
2023-03-08,21710.6990275416,17186.178395420124,1.2632650801138663,official
2023-03-09,20375.6834685557,17189.542929650208,1.1853534181766825,official
2023-03-10,20213.7629924351,17194.472528489423,1.175596573779337,official
2023-03-11,20620.2077794277,17197.215550749286,1.1990433985418805,official
2023-03-12,22145.8844282266,17198.59712202807,1.2876564449470134,official
2023-03-13,24208.7267998456,17202.957487878335,1.407242145247625,official
2023-03-14,24763.5637364342,17211.38607121404,1.438789626470069,official
2023-03-15,24380.3366925489,17215.38742083881,1.4161944832584534,official
2023-03-16,25057.7204466164,17219.60993436816,1.4551851373011861,official
2023-03-17,27449.2125371784,17222.78180190046,1.5937734596480515,official
2023-03-18,26990.2099147727,17224.96687075262,1.5669237634704025,official
2023-03-19,28043.8685945591,17226.611835632804,1.6279387300380843,official
2023-03-20,27808.5477374102,17229.758551485156,1.6139836001946286,official
2023-03-21,28200.5289595314,17234.038482396565,1.6363273755212036,official
2023-03-22,27351.0672482204,17239.564957137096,1.5865288547723584,official
2023-03-23,28365.4052559054,17275.996548399668,1.6418969045541387,official
2023-03-24,27508.9778733925,17281.713776799133,1.5917968685677208,official
2023-03-25,27522.8566887814,17286.169000336064,1.5921894948641497,official
2023-03-26,28018.322473185,17291.49551050476,1.6203527598965388,official
2023-03-27,27176.1206279737,17392.040081656443,1.5625608324486686,official
2023-03-28,27286.6561737917,17403.4931479811,1.5678838691620425,official
2023-03-29,28364.9268668795,17408.329302113543,1.6293882298880753,official
2023-03-30,28063.4394407859,17415.86483961842,1.6113721425390188,official
2023-03-31,28497.2081539256,17439.389772632694,1.6340714053335588,official
2023-04-01,28481.8954584263,17446.589104201485,1.6325194161629735,official
2023-04-02,28215.1372410906,17451.215587882063,1.6168006806748114,official
2023-04-03,27815.0788799947,17460.14433246088,1.593061222769077,official
2023-04-04,28183.4796906071,17470.699512945903,1.613185532137563,official
2023-04-05,28183.1127411209,17501.21261320239,1.6103520004014125,official
2023-04-06,28046.5936404394,17507.13342229404,1.6020094760187376,official
2023-04-07,27923.8296812933,17511.728201677608,1.5945787508635625,official
2023-04-08,27964.8602674257,17515.87280357855,1.5965439222481903,official
2023-04-09,28342.2800906457,17519.035552584257,1.6177991080373653,official
2023-04-10,29651.8259220904,17526.95959803427,1.6917837777988596,official
2023-04-11,30230.4027905525,17550.30094156049,1.7225005366696895,official
2023-04-12,29908.9683587085,17563.917393178373,1.7028643262877565,official
2023-04-13,30418.117768826,17574.88306671975,1.7307721282326212,official
2023-04-14,30495.9936496767,17601.184146893556,1.7326103400298187,official
2023-04-15,30326.254282035,17606.79877406408,1.7224172702369653,official
2023-04-16,30319.3392117242,17612.75180268327,1.7214424839112936,official
2023-04-17,29454.288611993,17619.452015683386,1.6716915251266167,official
2023-04-18,30392.1774635086,17627.949073187723,1.7240903826829967,official
2023-04-19,28838.336552442,17649.426081115118,1.6339532186431271,official
2023-04-20,28256.5932505126,17657.190553532422,1.6002881752250053,official
2023-04-21,27284.2446886479,17683.097396983176,1.5429561957455897,official
2023-04-22,27841.7754958968,17688.769808484263,1.5739803161745447,official
2023-04-23,27607.8347430762,17693.97229375435,1.5602960310286722,official
2023-04-24,27541.5807831025,17704.749209786038,1.5556041182373428,official
2023-04-25,28305.8791292559,17711.96540892967,1.598121861449955,official
2023-04-26,28527.3021598618,17720.090386920227,1.609884686644642,official
2023-04-27,29491.4405723241,17726.3306318478,1.6637081404393224,official
2023-04-28,29342.4943883475,17733.489013668022,1.6546374131865353,official
2023-04-29,29279.6788958756,17752.917436374584,1.6492882930826582,official
2023-04-30,29269.3284190614,17756.79784953926,1.648344970026274,official
2023-05-01,28104.486312544,17762.16991334972,1.5822664938826636,official
2023-05-02,28696.6191722905,17768.063526744783,1.6150673442323005,official
2023-05-03,29037.9933377395,17780.731981017798,1.6331157439828479,official
2023-05-04,28878.6029922569,17789.532745070213,1.6233480331437968,official
2023-05-05,29563.5199685999,17795.02436041952,1.6613363022057102,official
2023-05-06,28933.2955078631,17798.27486594218,1.6256235913756052,official
2023-05-07,28498.5019364021,18381.968792524825,1.5503509040876646,official
2023-05-08,27736.6673104092,18482.219253788102,1.500721689833017,official
2023-05-09,27666.1663334429,18492.21643477471,1.496097908599887,official
2023-05-10,27639.9301236234,18511.331041043362,1.4931357481717595,official
2023-05-11,26999.795182326,18536.449438700252,1.4565785789567685,official
2023-05-12,26819.5447111702,18557.137655201124,1.4452414596198957,official
2023-05-13,26798.5986390513,18567.008972371103,1.4433449501171314,official
2023-05-14,26933.8020596763,18588.953236338246,1.448914401862354,official
2023-05-15,27197.7040446513,18683.332247750615,1.4557201940208377,official
2023-05-16,27046.494616832,18751.44860749127,1.4423682768715174,official
2023-05-17,27408.6745498218,18770.544532356646,1.460196026949285,official
2023-05-18,26838.9668512658,18783.597929015283,1.4288512218315361,official
2023-05-19,26897.8682529666,18796.850667583694,1.4309773870446074,official
2023-05-20,27132.4253543435,18811.0838431761,1.4423637457862932,official
2023-05-21,26767.9729382682,18837.858927733745,1.4209668434696403,official
2023-05-22,26869.9450609306,19100.44817221319,1.4067703971480765,official
2023-05-23,27232.2067834683,19133.005406362845,1.4233104629977262,official
2023-05-24,26347.4019321724,19164.811908964184,1.374780094755254,official
2023-05-25,26487.339972648,19284.005897829735,1.3735393005469336,official
2023-05-26,26723.7398235066,19291.172114228746,1.3852833651199326,official
2023-05-27,26872.1392590869,19294.634731768663,1.3927259900308897,official
2023-05-28,28084.3386929541,19301.785382432714,1.4550124838977188,official
2023-05-29,27748.8249884538,19309.71503030995,1.437039590946692,official
2023-05-30,27710.973035485,19323.89922473714,1.4340259547623442,official
2023-05-31,27230.3080428998,19334.86455885094,1.4083526657255303,official
2023-06-01,26829.29960344,19343.427101955625,1.3869982533099086,official
2023-06-02,27260.1298849564,19352.38258261684,1.408618797638005,official
2023-06-03,27086.3172554771,19355.84953879675,1.399386640260116,official
2023-06-04,27135.7904122839,19359.946323573302,1.401645952873458,official
2023-06-05,25765.7963247578,19383.030394199304,1.3292965960817276,official
2023-06-06,27248.3246542986,19389.314085916125,1.4053268998355672,official
2023-06-07,26613.1697965198,19398.01453419267,1.371953286745355,official
2023-06-08,26521.1529700854,19405.857920660415,1.3666570722364044,official
2023-06-09,26507.0890083425,19411.101664706188,1.3655633495824937,official
2023-06-10,25881.4306723709,19416.783037870795,1.332941230372269,official
2023-06-11,25954.4633197473,19425.33829252619,1.3361138389920943,official
2023-06-12,25989.8934186014,19434.228411382323,1.3373257156625538,official
2023-06-13,25954.7612096253,19452.634427607343,1.3342543040232167,official
2023-06-14,25172.5104139701,19479.540450394263,1.2922538125616105,official
2023-06-15,25592.4132007647,19489.21894961232,1.3131574573066092,official
2023-06-16,26346.9089448547,19499.678494637177,1.3511458125886873,official
2023-06-17,26529.2967946286,19502.967793924585,1.3602697330450806,official
2023-06-18,26352.3262313544,19524.304919165683,1.349719047129105,official
2023-06-19,26852.392167205,19532.431536327527,1.3747593133636942,official
2023-06-20,28318.3604233876,19546.946720977798,1.4487357451584146,official
2023-06-21,30004.3066633103,19569.12107246114,1.5332475358606774,official
2023-06-22,29903.0951256052,19577.493435819986,1.5274220483656484,official
2023-06-23,30695.0319627857,19599.9680665532,1.5660756108662195,official
2023-06-24,30547.2538887232,19609.255895856644,1.5577977079271892,official
2023-06-25,30468.4754666978,19619.3418265037,1.5529815289490518,official
2023-06-26,30295.226396642,19626.8657454478,1.5435590577506542,official
2023-06-27,30668.9243387284,19644.79024223606,1.5611734185275536,official
2023-06-28,30101.2258952121,19687.397553574054,1.5289591127166282,official
2023-06-29,30440.1023199044,19706.964639579255,1.544636775709681,official
2023-06-30,30437.7451668473,19719.30210680213,1.5435508316670024,official
2023-07-01,30533.7461791116,19759.899725649117,1.5452379112773338,official
2023-07-02,30629.064612191,19766.15162996395,1.5495714687202802,official
2023-07-03,31173.6004676264,19773.68555119201,1.576519480241617,official
2023-07-04,30804.9314937316,19781.007019444536,1.5572984461029034,official
2023-07-05,30527.0969511612,19787.68151564133,1.5427323775668622,official
2023-07-06,29930.3254083315,19800.531175651435,1.5115920448203226,official
2023-07-07,30382.6523200649,19806.480755292247,1.5339753031061172,official
2023-07-08,30323.0188403165,19809.93717365483,1.5306973754890543,official
2023-07-09,30061.3743526232,19817.16958085468,1.5169358182041002,official
2023-07-10,30414.3935333379,19824.816520339136,1.5341576302678241,official
2023-07-11,30647.2187156785,19842.094020447235,1.5445556645430976,official
2023-07-12,30413.994084819,19847.83472621723,1.5323582901788684,official
2023-07-13,31481.4081376011,19856.307405645864,1.5854613596810956,official
2023-07-14,30345.7701035837,19869.961669845707,1.527218351388966,official
2023-07-15,30318.1340815308,19874.41296116847,1.5254857660836447,official
2023-07-16,30254.0284882476,19878.784388314005,1.5219254808172684,official
2023-07-17,30156.5844242845,19886.809341384775,1.5164114014774686,official
2023-07-18,29884.3573854079,19908.231778243775,1.5011055586597244,official
2023-07-19,29935.6891157405,19912.793277954526,1.5033395213760559,official
2023-07-20,29811.4849347523,19923.3304721819,1.4963103170113456,official
2023-07-21,29892.1365446573,19930.189586597724,1.4998420569345008,official
2023-07-22,29804.3500738858,19935.542167661817,1.495035842177021,official
2023-07-23,30101.2645734077,19941.73413409557,1.5094607304959389,official
2023-07-24,29206.0663216961,19950.34742691117,1.463937729841227,official
2023-07-25,29256.1875846369,19953.88503497652,1.4661900443625226,official
2023-07-26,29375.3055204941,19958.298319841906,1.4718341739230396,official
2023-07-27,29239.7913150158,19966.23976186209,1.4644615943592596,official
2023-07-28,29335.4470402998,19976.10379990163,1.4685269627225435,official
2023-07-29,29383.336465198,19980.77954512815,1.4705800841670589,official
2023-07-30,29364.3837700405,19986.638600940503,1.4692007173561796,official
2023-07-31,29258.5076902706,19993.89909556241,1.4633717790825724,official
2023-08-01,29703.8104813107,20004.134201440695,1.4848835836729908,official
2023-08-02,29177.9478242776,20015.95630640171,1.45773438838621,official
2023-08-03,29184.4729902195,20023.340424123042,1.4575226896237363,official
2023-08-04,29096.0701444857,20039.230439457966,1.451955464676652,official
2023-08-05,29072.4311106811,20043.978327681005,1.4504321764572894,official
2023-08-06,29079.1215999119,20053.355859251024,1.4500875466435763,official
2023-08-07,29197.986038807,20061.562480078734,1.4554193407318496,official
2023-08-08,29774.8224448097,20072.149430525307,1.4833898356460404,official
2023-08-09,29579.4693139563,20086.805202988027,1.4725820763949153,official
2023-08-10,29439.068889827,20099.134845735407,1.464693337090244,official
2023-08-11,29408.1385408148,20116.243541338645,1.461910046991697,official
2023-08-12,29431.2391205862,20131.897378587262,1.461920780099442,official
2023-08-13,29294.0071031849,20143.848971022628,1.454240803002692,official
2023-08-14,29414.4402033915,20156.371530108143,1.4593122655758908,official
2023-08-15,29181.7271502883,20168.40966319907,1.4469027373802144,official
2023-08-16,28714.3609957384,20181.052482327006,1.4228376354941943,official
2023-08-17,26668.375876092,20203.62093042692,1.3199800158559236,official
2023-08-18,26068.756541312,20214.349297191908,1.289616408524877,official
2023-08-19,26110.5955282053,20219.832541417753,1.2913358938419035,official
2023-08-20,26203.1956390114,20226.93388168869,1.2954605869717595,official
2023-08-21,26176.5093140249,20237.005540946022,1.2934971659251335,official
2023-08-22,26042.2437082433,20262.752526764674,1.2852273487446786,official
2023-08-23,26442.198971668,20267.73052335743,1.3046452803975679,official
2023-08-24,26183.9661193447,20276.032015662695,1.2913752601652178,official
2023-08-25,26059.7902007569,20288.474097581526,1.2844627977154448,official
2023-08-26,26033.3825013828,20294.270733808473,1.2827946785007391,official
2023-08-27,26103.6600177839,20305.65497232412,1.2855364701784924,official
2023-08-28,26119.3483138369,20316.68461668441,1.2856107581838054,official
2023-08-29,27740.1326391347,20327.773538172685,1.3646419558464016,official
2023-08-30,27314.1128866737,20336.648810303144,1.3430980266933443,official
2023-08-31,25954.5020137399,20348.83624403859,1.2754784451785812,official
2023-09-01,25927.762485267,20362.33376098661,1.2733197868970954,official
2023-09-02,25909.5771757153,20368.318804514056,1.2720528102679336,official
2023-09-03,25985.1483294931,20374.063510756485,1.2754033242202392,official
2023-09-04,25829.7607686328,20382.80913238444,1.2672326273022978,official
2023-09-05,25801.3845443916,20394.190574727992,1.2651340316670414,official
2023-09-06,25771.4578139339,20405.505808955088,1.2629658904423693,official
2023-09-07,26251.1493587611,20412.66260835372,1.286022791951601,official
2023-09-08,25918.6803715733,20419.257881671474,1.2693252870290728,official
2023-09-09,25909.5640398976,20424.90043527039,1.2685282908481705,official
2023-09-10,25837.954001127,20430.942311205326,1.2646481795876936,official
2023-09-11,25178.9378691104,20442.17219392384,1.231715378886912,official
2023-09-12,25849.7665024534,20449.727818886713,1.264064085908243,official
2023-09-13,26237.4208561472,20455.95094165321,1.2826302199777735,official
2023-09-14,26543.9728778799,20493.572249716468,1.2952340643416689,official
2023-09-15,26614.1097215987,20504.083298373353,1.2979907140598708,official
2023-09-16,26580.1658687366,20508.557866053503,1.296052411014869,official
2023-09-17,26538.0876010768,20515.346673994114,1.2935724666411461,official
2023-09-18,26789.2195875401,20534.05568516636,1.3046238891273887,official
2023-09-19,27218.8557248351,20580.827033692032,1.3225345939828472,official
2023-09-20,27132.0450120978,20593.6569957455,1.3174952373783386,official
2023-09-21,26571.1655764492,20600.40712533325,1.2898369151051114,official
2023-09-22,26594.4556749723,20605.60727879008,1.290641683846256,official
2023-09-23,26605.3830969086,20610.81798148018,1.2908455705549788,official
2023-09-24,26265.6243724177,20617.475894737363,1.273949561358383,official
2023-09-25,26308.025326399,20634.539092973937,1.274950955185468,official
2023-09-26,26259.3751262091,20643.981855812628,1.2720111512215542,official
2023-09-27,26363.1155185171,20649.265537081585,1.2767095987590786,official
2023-09-28,27029.25185203,20657.904471769092,1.308421766058989,official
2023-09-29,26916.1650929342,20677.013227209663,1.301743380301861,official
2023-09-30,26987.167631827,20694.37670671566,1.3040821675517886,official
2023-10-01,27974.3425712162,20707.27271308146,1.3509428768735872,official
2023-10-02,27513.5171289827,20724.276389176495,1.3275984460114598,official
2023-10-03,27434.6743188398,20736.802583959096,1.322994430205061,official
2023-10-04,27758.2389203123,20754.663270408193,1.3374458818558497,official
2023-10-05,27420.0566072926,20763.508350498654,1.3205888014890357,official
2023-10-06,27954.2974682272,20782.444338976096,1.3450918964234042,official
2023-10-07,27983.6529132693,20804.529000997496,1.3450750512990508,official
2023-10-08,27942.1110753019,20809.68148513009,1.3427457356936676,official
2023-10-09,27597.1824632686,20848.267798896293,1.323715846777908,official
2023-10-10,27403.905488386,20859.213178278667,1.3137554736207653,official
2023-10-11,26900.086541431,20882.97144230181,1.2881350058708867,official
2023-10-12,26767.8532170025,20893.825598216874,1.2811370082119824,official
2023-10-13,26879.1505879939,20902.42553873008,1.2859345217228284,official
2023-10-14,26874.3242751899,20959.059392424988,1.2822295014299547,official
2023-10-15,27165.9801546294,20965.123785933414,1.2957700813985398,official
2023-10-16,28521.0531573359,20975.205339515083,1.3597508437071284,official
2023-10-17,28414.706376303,20987.233138590967,1.3539043564563316,official
2023-10-18,28337.1443338273,20996.823139318538,1.349591990455133,official
2023-10-19,28715.8962956434,21010.45179575974,1.366743398704008,official
2023-10-20,29686.7015620961,21023.946472323816,1.4120422919253548,official
2023-10-21,29926.1134549487,21030.601552845277,1.4229794321266065,official
2023-10-22,29996.4003905257,21039.27279928686,1.4257337065158664,official
2023-10-23,33066.2832874463,21061.987523299023,1.5699507584869652,official
2023-10-24,33921.6865795161,21097.33073178236,1.6078662751593649,official
2023-10-25,34507.408481829,21120.923359451044,1.6338020783730491,official
2023-10-26,34162.9502605681,21205.763706614194,1.6110219246625146,official
2023-10-27,33948.0095841118,21220.41076149257,1.599780982831645,official
2023-10-28,34116.3111958282,21232.704486567352,1.6067812377557238,official
2023-10-29,34561.3615527494,21242.954977289453,1.6269563998840306,official
2023-10-30,34467.5972381937,21257.245779246638,1.6214516968065673,official
2023-10-31,34677.694888327,21273.677189653634,1.6300752605756543,official
2023-11-01,35441.3187280536,21340.966026761806,1.6607176396611942,official
2023-11-02,34968.0403739042,21349.691770941237,1.6378709701794714,official
2023-11-03,34760.1091460429,21356.372272324053,1.6276223650160329,official
2023-11-04,35120.5284980712,21366.940987314025,1.6436853791529145,official
2023-11-05,35113.2054948287,21374.781659512217,1.6427398442782501,official
2023-11-06,35066.7201316785,21385.18423250051,1.6397670345240811,official
2023-11-07,35444.1351966701,21399.787156206385,1.6562844732028354,official
2023-11-08,35665.3088145711,21411.494614155607,1.6657085111186953,official
2023-11-09,36730.3636407603,21428.170739199224,1.7141156885393065,official
2023-11-10,37283.1547837519,21444.852928328008,1.7385595932207105,official
2023-11-11,37160.9490354781,21453.963519333014,1.7321251153424821,official
2023-11-12,37036.8372171169,21461.689103932767,1.7257186532596847,official
2023-11-13,36488.7600423475,21473.673123836666,1.6992323498602326,official
2023-11-14,35579.8878979973,21484.783840379532,1.6560505408077113,official
2023-11-15,37906.3519401157,21511.01939143597,1.762182965406423,official
2023-11-16,36188.2628329782,21529.800777790442,1.6808452250198724,official
2023-11-17,36640.7340121362,21539.103332217426,1.7011262468540318,official
2023-11-18,36605.1469342481,21546.421953378605,1.6988967826515715,official
2023-11-19,37389.203113183,21558.658583015756,1.734300998793997,official
2023-11-20,37492.7364404784,21571.05966943112,1.7381035987587703,official
2023-11-21,35805.7114825636,21613.859473348763,1.6566088775914491,official
2023-11-22,37424.6537780368,21623.56349927233,1.7307347967552251,official
2023-11-23,37312.4932675321,21630.886153728134,1.72496369322813,official
2023-11-24,37750.2572947509,21639.3066825121,1.7445224955039313,official
2023-11-25,37814.6744112666,21645.100481644407,1.7470315946712467,official
2023-11-26,37474.1227666724,21654.18931930947,1.7305714942307253,official
2023-11-27,37264.7309086672,21660.724345845283,1.7203824910783698,official
2023-11-28,37835.2499687928,21676.23407555867,1.7454715536336842,official
2023-11-29,37871.2213851124,21684.85719436411,1.7464362825020183,official
2023-11-30,37742.813686119,21705.793816281755,1.7388359073883628,official
2023-12-01,38697.8181192782,21720.85685142256,1.7815972170887804,official
2023-12-02,39467.4019032871,21738.81784829295,1.8155265929690971,official
2023-12-03,39991.9547880374,21746.971440087407,1.8389666302829641,official
2023-12-04,41998.4912785941,21775.400637528066,1.9287126780213284,official
2023-12-05,44106.8575235394,21798.56502353487,2.023383533545412,official
2023-12-06,43781.6910768042,21822.88917076202,2.0062279899887066,official
2023-12-07,43309.2920621813,21844.334438507263,1.9826327134891115,official
2023-12-08,44191.4048992984,21858.20617815845,2.0217306278067837,official
2023-12-09,43731.0428026967,21866.413311352713,1.9999184219202606,official
2023-12-10,43811.7674571301,21874.680070759994,2.0028529475817813,official
2023-12-11,41264.0700336181,21903.923478467786,1.8838666083810018,official
2023-12-12,41482.5474755058,21980.975207695807,1.887202323079017,official
2023-12-13,42887.6320917721,21990.42210972983,1.9502868966210587,official
2023-12-14,43049.880512803,21997.81510973794,1.9570071072079236,official
2023-12-15,41947.0388823196,22025.77189628271,1.9044526148660879,official
2023-12-16,42257.2688987908,22037.191767505286,1.9175432761401485,official
2023-12-17,41356.0030170296,22043.036169600597,1.876148217461231,official
2023-12-18,42674.1990190121,22075.779075419327,1.9330778258479882,official
2023-12-19,42292.5183668724,22094.882616941846,1.9141318422051028,official
2023-12-20,43681.5398780004,22110.39542089499,1.975610976035283,official
2023-12-21,43884.4164563142,22123.599102765984,1.9836020465055157,official
2023-12-22,44028.1877377527,22144.74804357686,1.988199985437323,official
2023-12-23,43761.49796539,22166.885489458447,1.9741834271756833,official
2023-12-24,43043.6663501508,22201.434185979153,1.9387786387842512,official
2023-12-25,43611.5247374747,22211.729494948813,1.9634456986968272,official
2023-12-26,42539.1184136361,22218.47971202407,1.9145827691628703,official
2023-12-27,43471.753257475,22302.469966529512,1.9491900817584484,official
2023-12-28,42605.1593740229,22314.772490113646,1.909280472964657,official
2023-12-29,42092.6334867548,22342.249520013942,1.8839926323913212,official
2023-12-30,42154.0589758333,22366.322533498667,1.8847112176218503,official
2023-12-31,42294.1598555961,22377.020048522438,1.8900711428011971,official
2024-01-01,44203.7020721423,22384.956468129752,1.9747057420047551,official
2024-01-02,44974.7685212193,22405.263135510475,2.0073305209229186,official
2024-01-03,42882.9772875105,22435.912253794777,1.911354296737247,official
2024-01-04,44255.4798441317,22462.359422769154,1.9702062019037847,official
2024-01-05,44334.8715679845,22472.14234306801,1.9728813964931335,official
2024-01-06,43997.8710233057,22481.908354399467,1.957034533267092,official
2024-01-07,44299.2939991951,22491.612226800822,1.9695917550280553,official
2024-01-08,47081.4977792422,22511.867062275887,2.091407951592727,official
2024-01-09,46157.104634299,22540.626120550278,2.0477294813127482,official
2024-01-10,46704.0212654584,22561.612582115442,2.0700657408894885,official
2024-01-11,46422.514952638,22604.657687974508,2.053670336150872,official
2024-01-12,42802.9958672967,22619.209747122535,1.8923294114084515,official
2024-01-13,42850.6353160156,22636.84086982046,1.892960045195364,official
2024-01-14,41802.6523443133,22652.673334122203,1.8453739091953034,official
2024-01-15,42525.0130290145,22666.510608443026,1.8761164329005455,official
2024-01-16,43151.682390494,22874.52424453812,1.8864515794595194,official
2024-01-17,42768.6164119022,22888.269787894667,1.8685823265908028,official
2024-01-18,41319.8844291479,22907.680431049997,1.803756803466721,official
2024-01-19,41665.2040829469,22926.247969989545,1.8173581711881788,official
2024-01-20,41687.2539317214,22933.38863675914,1.8177537821385163,official
2024-01-21,41613.2952610405,22941.252135905714,1.8139068876676907,official
2024-01-22,39563.6764739163,22953.95301035361,1.723610589255398,official
2024-01-23,39906.2715497597,22970.02182420303,1.7373197054480505,official
2024-01-24,40117.6810517906,23075.739872205057,1.7385219834321637,official
2024-01-25,39964.0969895517,23109.83663016073,1.729311099386761,official
2024-01-26,41846.611859567,23125.172387825063,1.809569725914709,official
2024-01-27,42124.7165589278,23141.53102200412,1.8203081083474348,official
2024-01-28,42074.4906532441,23148.619877346635,1.817580956280613,official
2024-01-29,43332.3683844016,23161.91139362315,1.8708459611986814,official
2024-01-30,42985.0078295262,23178.96789549643,1.8544832549631338,official
2024-01-31,42588.2593257684,23209.28994322258,1.834966060140273,official
2024-02-01,43092.4278760411,23217.835407823364,1.8560053992596095,official
2024-02-02,43235.5085016416,23233.55753009074,1.860907803105293,official
2024-02-03,43005.2067269749,23238.415733553655,1.8506083727936853,official
2024-02-04,43023.0378408148,23249.05494363503,1.8505284599791167,official
2024-02-05,42693.1995056128,23275.113383417895,1.834285350293035,official
2024-02-06,43105.8596900106,23321.708663888265,1.848314817376844,official
2024-02-07,44349.9033889938,23338.521151924288,1.9002876446324064,official
2024-02-08,45307.8804160099,23348.01725534305,1.9405450972776488,official
2024-02-09,47151.5733568702,23362.58556075953,2.0182515002135437,official
2024-02-10,47765.7511896916,23374.95894964777,2.0434581849997797,official
2024-02-11,48320.3734724689,23386.165178311752,2.0661948251901103,official
2024-02-12,49954.8014301557,23402.53513199465,2.1345893147217314,official
2024-02-13,49730.3776890612,23415.475225210404,2.123825257047045,official
2024-02-14,51839.1876215735,23441.55377952002,2.2114228480393394,official
2024-02-15,51949.5723070712,23463.357513906863,2.2140724010312844,official
2024-02-16,52175.5510341885,23491.724553131196,2.2210183384443805,official
2024-02-17,51660.6797388419,23503.153669213876,2.198031824406219,official
2024-02-18,52165.3086265893,23512.825785097233,2.21858950954557,official
2024-02-19,51801.9196082592,23594.46632920961,2.1955113917592266,official
2024-02-20,52282.8913310682,23606.1991380261,2.2147949792920363,official
2024-02-21,51878.7855511258,23620.208975424328,2.1963728434876737,official
2024-02-22,51293.3959031646,23657.604979445925,2.1681567490762084,official
2024-02-23,50771.7678279699,23669.0692437702,2.1450682029388735,official
2024-02-24,51577.9542644651,23682.227843869412,2.177918167349151,official
2024-02-25,51747.8197122083,23693.654765924926,2.1840370438177197,official
2024-02-26,54518.2748768293,23710.451613423244,2.299335152518342,official
2024-02-27,57082.520103983,23742.803528574696,2.404203026625884,official
2024-02-28,62497.5456995296,23839.43669241636,2.6216032914658127,official
2024-02-29,61192.5563921785,23888.35074040066,2.5616065779161517,official
2024-03-01,62426.990354872,24024.55313568772,2.5984662441916,official
2024-03-02,62053.6953322366,24041.307075413635,2.581128186482721,official
2024-03-03,63174.9873456672,24068.855686489256,2.6247607351407933,official
2024-03-04,68346.6086119814,24142.853887565892,2.830924998770813,official
2024-03-05,63872.8968871554,24253.096382009102,2.6335976190873587,official
2024-03-06,66113.9380414855,24362.946347058893,2.7137086417902325,official
2024-03-07,66925.3447650293,24582.922285117744,2.7224324264143824,official
2024-03-08,68262.5075462931,24718.425392402074,2.7616042066852513,official
2024-03-09,68435.1183358685,24756.56301613814,2.7643222644135808,official
2024-03-10,69016.3877801603,24816.100620208614,2.7811133117327,official
2024-03-11,72100.0849124086,24894.838704578204,2.896186063625681,official
2024-03-12,71471.7234785544,24991.33226307738,2.8598604798731735,official
2024-03-13,73094.9843905541,25167.797512474484,2.90430596298005,official
2024-03-14,71392.5011502951,25577.86454517044,2.791183017808861,official
2024-03-15,69503.9233744188,25710.7977981439,2.703297031857813,official
2024-03-16,65267.4862663572,25787.93596006355,2.5309309891041143,official
2024-03-17,68380.1432293656,25918.85830609799,2.638239015847301,official
2024-03-18,67611.4372162205,25935.767197112073,2.6068801706297307,official
2024-03-19,61942.3358324217,25948.3875627457,2.3871362211867373,official
2024-03-20,67872.5371344735,25963.603693909674,2.6141416243537288,official
2024-03-21,65515.5382942972,25988.897467701867,2.5209048739261726,official
2024-03-22,63828.4486559229,26047.701487987928,2.4504445693743,official
2024-03-23,64019.7572689704,26347.325500128958,2.4298389325571983,official
2024-03-24,67218.5861872259,26364.344533824365,2.549602024089286,official
2024-03-25,69893.0238503033,26485.231425954575,2.6389432935749486,official
2024-03-26,69999.1592055405,26507.866231701162,2.640693845128411,official
2024-03-27,69440.7040922377,26526.33766518629,2.617802162089383,official
2024-03-28,70786.6087419666,26587.030570258394,2.6624488415472807,official
2024-03-29,69903.9175406613,26600.521719002416,2.627915282230144,official
2024-03-30,69628.3005722577,26607.704421118382,2.6168473412908977,official
2024-03-31,71321.7045409231,26617.853594403423,2.679468661437035,official
2024-04-01,69691.309237929,26721.808238647416,2.608031186195526,official
2024-04-02,65482.0758397414,26842.318406437327,2.439508944355473,official
2024-04-03,65994.204593157,26854.660330318937,2.4574581760265084,official
2024-04-04,68525.8629517595,26861.738591830734,2.5510583656934167,official
2024-04-05,67854.222053946,26867.045057264313,2.525555821614241,official
2024-04-06,68912.5124964358,26873.60412202597,2.564319701351639,official
2024-04-07,69363.8330262167,26879.538069748145,2.5805440869641636,official
2024-04-08,71636.4603681044,26885.969853599985,2.664455132479158,official
2024-04-09,69138.8510101944,26891.355588691356,2.5710437237782617,official
2024-04-10,70649.4714377113,26897.589543812566,2.626609768233424,official
2024-04-11,70046.6207280579,26904.18755287785,2.6035582970267113,official
2024-04-12,67175.1628129427,26912.90230616199,2.496020757953045,official
2024-04-13,63987.1612972281,26918.66462115724,2.3770555559779205,official
2024-04-14,65758.0929799621,26925.570634198793,2.442217246695645,official
2024-04-15,63458.0411047539,26932.494006357472,2.3561888137717397,official
2024-04-16,63834.4427488161,26952.19650490795,2.36843192862563,official
2024-04-17,61289.7515765013,26960.892251441102,2.2732835028197282,official
2024-04-18,63506.721063307,26980.522416236956,2.3537987917197807,official
2024-04-19,63850.7575570495,27002.32920264906,2.364638882737028,official
2024-04-20,64974.0940311797,27005.08830081701,2.4059945039770145,official
2024-04-21,64961.3248959078,27007.763058265096,2.405283427426541,official
2024-04-22,66852.6852209244,27015.61957930594,2.474593818760084,official
2024-04-23,66425.0606584486,27021.225447991328,2.458254929492342,official
2024-04-24,64268.6760141898,27031.479645848445,2.377549318653754,official
2024-04-25,64501.9230946703,27038.080578741665,2.3855954902872836,official
2024-04-26,63781.3608769704,27041.815053476068,2.35861981715505,official
2024-04-27,63439.213245318,27049.07576105325,2.345337556289494,official
2024-04-28,63130.0914984904,27068.332567126992,2.3322489976777674,official
2024-04-29,63860.582725379,27077.721920168024,2.358417850425385,official
2024-04-30,60654.2423132281,27086.997026857116,2.2392383420387505,official
2024-05-01,58340.8647027734,27093.62213110266,2.15330620691723,official
2024-05-02,59125.370597207,27099.78161826507,2.1817655739836996,official
2024-05-03,62977.0583829764,27104.764820741257,2.3234681724589157,official
2024-05-04,63908.7829565062,27107.574399660683,2.3575987292063347,official
2024-05-05,64085.5447834871,27110.117720073515,2.3638976947722865,official
2024-05-06,63211.4990057562,27118.62150912078,2.3309259648207536,official
2024-05-07,62349.9854720994,27122.340008514544,2.298842410076926,official
2024-05-08,61216.3031950455,27125.77035058578,2.2567581456252923,official
2024-05-09,63104.1481486252,27130.109831823007,2.3259820376622824,official
2024-05-10,60826.0870121601,27133.94399232395,2.2416972272577653,official
2024-05-11,60843.8262660571,27137.49716748808,2.2420573972072373,official
2024-05-12,61508.2565716394,27143.619264647725,2.2660300371862614,official
2024-05-13,62953.4331861161,27151.325884230133,2.318613590162841,official
2024-05-14,61586.5757521245,27159.809361607422,2.2675628879480314,official
2024-05-15,66266.5724746397,27196.899104915527,2.4365488219450278,official
2024-05-16,65279.0349400071,27203.51853701434,2.399654105449098,official
2024-05-17,67073.7398627384,27215.55482817784,2.4645369269963613,official
2024-05-18,66939.1887713577,27219.625633557513,2.4592251808501078,official
2024-05-19,66311.4564580935,27224.466397383647,2.435730254182915,official
2024-05-20,71424.8899121258,27238.395317588573,2.6222135731323646,official
2024-05-21,70153.509713142,27246.053879846102,2.5748135866762905,official
2024-05-22,69149.4018051058,27257.61709952634,2.5368836003755963,official
2024-05-23,67972.416456223,27269.51135994076,2.4926158580191977,official
2024-05-24,68560.207760764,27277.997629465728,2.51338858123168,official
2024-05-25,69297.0465378444,27280.479379533685,2.5401696786102783,official
2024-05-26,68515.1855775806,27293.438608956785,2.5103170970584934,official
2024-05-27,69411.1538411746,27306.56306055658,2.541922016595223,official
2024-05-28,68348.0297863216,27576.749707524446,2.478465755073105,official
2024-05-29,67587.7412471339,27582.08931707465,2.450421375631389,official
2024-05-30,68357.9424908315,27586.154924102382,2.477980083810313,official
2024-05-31,67500.3215558657,27591.252784964483,2.4464391697592354,official
2024-06-01,67739.1217231224,27594.004235001514,2.454849290673043,official
2024-06-02,67770.3206057021,27599.470226273483,2.4554935312195862,official
2024-06-03,68814.2794761351,27608.544671882653,2.492499343734607,official
2024-06-04,70547.6180578658,27615.01948444033,2.554682899920307,official
2024-06-05,71119.2895092299,27625.459069391334,2.574411137588269,official
2024-06-06,70796.7064989258,27652.763760840196,2.560203642255205,official
2024-06-07,69368.1978748998,27656.426283611458,2.50821263613534,official
2024-06-08,69317.6853712228,27663.23334728563,2.505769463063304,official
2024-06-09,69668.1708049745,27668.250091102054,2.5179825458994016,official
2024-06-10,69528.7433588597,27674.417813204203,2.5123832352377686,official
2024-06-11,67344.6743669418,27713.83129555866,2.430002320817125,official
2024-06-12,68276.0867483275,27721.07766147354,2.4629665405546946,official
2024-06-13,66779.8616897095,27726.63160287637,2.4085097189657088,official
2024-06-14,66045.463186465,27730.624008060735,2.3816796609866016,official
2024-06-15,66218.0715951293,27740.67825772833,2.387038665021879,official
2024-06-16,66678.4977366228,27744.377674962205,2.4033156741805937,official
2024-06-17,66504.2248076087,27754.595041583398,2.3961518699144615,official
2024-06-18,65172.1218419755,27760.83251531413,2.3476285088360953,official
2024-06-19,64985.6256598936,27765.135896368698,2.340547725120007,official
2024-06-20,64865.1176586803,27769.599398375318,2.3358319552307005,official
2024-06-21,64139.7014916789,27790.762967331993,2.307950363474189,official
2024-06-22,64263.329978367,27899.80434024066,2.3033613137450653,official
2024-06-23,63207.2675861901,27906.26065468814,2.2649852077394517,official
2024-06-24,60304.6179379191,27927.273797881182,2.1593449605702064,official
2024-06-25,61817.579174479,27937.664826471515,2.212696714576716,official
2024-06-26,60837.1496747581,27950.573741118602,2.176597526699763,official
2024-06-27,61640.2509092307,28066.00815553729,2.196259994211873,official
2024-06-28,60349.6743223856,28078.53464028227,2.1493170884995627,official
2024-06-29,60898.9464463168,28083.02097773718,2.168532598205672,official
2024-06-30,62700.4187730068,28088.447064042717,2.232249388157611,official
2024-07-01,62862.4157535144,28100.756146147003,2.2370364493602315,official
2024-07-02,62062.0374738766,28112.326873186015,2.207644986266589,official
2024-07-03,60178.5516953527,28158.314826175298,2.1371503254666417,official
2024-07-04,57082.1714483441,28174.313614200964,2.0260359215839934,official
2024-07-05,56679.8544296276,28305.690363466478,2.002419079054967,official
2024-07-06,58273.2470990144,28312.71630664349,2.058200508488151,official
2024-07-07,55919.042762323,28321.12335424475,1.9744641504109648,official
2024-07-08,56753.6550691591,28328.07063102508,2.003442303162085,official
2024-07-09,58082.1222579519,28383.237910874494,2.0463529369106563,official
2024-07-10,57769.5796323842,28409.15001790196,2.0334849721297834,official
2024-07-11,57378.7299407792,28418.193443817137,2.0190843606655413,official
2024-07-12,57934.1171872244,28438.562892964947,2.037167539206279,official
2024-07-13,59240.4123587616,28448.652699882503,2.082362668760277,official
2024-07-14,60855.1888078746,28456.84682832153,2.1385077965598347,official
2024-07-15,64787.3135119136,28478.726505124716,2.2749371710934896,official
2024-07-16,65089.4136708217,28488.35226336605,2.2847728457262146,official
2024-07-17,64112.3777712272,28514.665375528137,2.2484001452196503,official
2024-07-18,64000.1775047057,28541.820890048893,2.2423298692557965,official
2024-07-19,66697.4997660912,28625.097065510647,2.3300357589512815,official
2024-07-20,67165.1166584443,28634.328647113267,2.3456152049583836,official
2024-07-21,68175.5557654758,28640.121068254222,2.3804213537715846,official
2024-07-22,67569.2155271443,28654.38504621278,2.3580759251392434,official
2024-07-23,65956.0495792104,28785.293934808007,2.291310616059211,official
2024-07-24,65395.1394213702,28795.051266071157,2.2710548009485385,official
2024-07-25,65807.8896350477,28807.70067260507,2.2843853587255674,official
2024-07-26,67928.3621394834,28815.842404726118,2.357326958740668,official
2024-07-27,67913.3537338176,28830.85308743236,2.355579057194866,official
2024-07-28,68270.6512974088,28839.55719494557,2.3672572652874826,official
2024-07-29,66805.8575119178,28854.943031394254,2.3152309619614515,official
2024-07-30,66200.9292850163,28864.167634676578,2.2935332874620786,official
2024-07-31,64648.6641585843,28871.441599130783,2.2391907219669505,official
2024-08-01,65346.6380044086,28908.70748021218,2.260448276670202,official
2024-08-02,61468.2017999318,28917.856473930384,2.125614042498127,official
2024-08-03,60690.6544417564,28927.80131114112,2.098004400299247,official
2024-08-04,58173.9285124362,28939.93539200371,2.010160966997529,official
2024-08-05,54026.1136729947,29008.330936848954,1.8624344086052171,official
2024-08-06,56097.6715658095,29013.631251902447,1.9334936423075664,official
2024-08-07,55150.7402778118,29044.10273543114,1.898861905984548,official
2024-08-08,61734.0755808046,29058.627093043302,2.124466354970496,official
2024-08-09,60895.2172773163,29069.465831987676,2.094817208863465,official
2024-08-10,60949.5897373938,29129.896697706543,2.0923379979645613,official
2024-08-11,58764.1410744337,29134.274050059314,2.017010651216623,official
2024-08-12,59387.4824770097,29139.778337136602,2.0380210786066453,official
2024-08-13,60626.6808094847,29153.10191359324,2.0795962292169072,official
2024-08-14,58736.675323023,29158.714722039284,2.0143780644291414,official
2024-08-15,57581.1147073559,29169.82599545146,1.9739958241895132,official
2024-08-16,58925.9483617605,29175.43337931781,2.019711158893446,official
2024-08-17,59506.5485313704,29179.012408786315,2.039361294950885,official
2024-08-18,58477.5872240491,29184.55085397765,2.003717224110681,official
2024-08-19,59495.430280844,29190.852237443858,2.0381532473562958,official
2024-08-20,59054.364247926,29197.08022073037,2.022611980426608,official
2024-08-21,61182.7478767991,29207.91387851453,2.0947318638119308,official
2024-08-22,60398.5203571878,29216.841779553928,2.0672501433558415,official
2024-08-23,64098.16853561,29233.474825693505,2.192629132109662,official
2024-08-24,64183.5467177311,29237.796149425743,2.1952251937768477,official
2024-08-25,64281.6083627199,29241.33050055518,2.1983133893821774,official
2024-08-26,62867.4977396317,29252.590126911342,2.1491258540485902,official
2024-08-27,59475.8256180269,29263.220981217204,2.032442896706479,official
2024-08-28,59059.5230319153,29275.644848415857,2.017360278064416,official
2024-08-29,59400.9382855776,29331.398706534623,2.025165553129381,official
2024-08-30,59159.7665120597,29337.985238951835,2.016490431439501,official
2024-08-31,59021.2775734004,29347.68921039289,2.011104763658844,official
2024-09-01,57364.5225263985,29352.127924327626,1.9543565180108677,official
2024-09-02,59176.6410150989,29356.82747581478,2.015770984240404,official
2024-09-03,57514.8332937915,29368.327519518683,1.9583966181106558,official
2024-09-04,58007.4263662738,29380.006916649905,1.9743843672616868,official
2024-09-05,56210.1822588753,29386.724813531604,1.9127746496265685,official
2024-09-06,53997.9612298954,29414.12295432053,1.8357834878759778,official
2024-09-07,54199.5776881075,29418.240279793066,1.8423800054871518,official
2024-09-08,54912.7147012096,29421.606787208995,1.866407742390291,official
2024-09-09,57071.061234207,29455.818167412282,1.9375140391566568,official
2024-09-10,57649.0872421084,29463.22119653778,1.9566457739821992,official
2024-09-11,57359.743214705,29468.502094174713,1.9464763777743486,official
2024-09-12,58150.2333545969,29476.183414661635,1.9727870646127348,official
2024-09-13,60547.3134309392,29514.088042069878,2.0514716004314293,official
2024-09-14,60023.7641163497,29520.797525311507,2.033270410966525,official
2024-09-15,59185.5008586862,29526.6883205571,2.0044747387901274,official
2024-09-16,58240.8179108719,29542.611883728503,1.9714173594430833,official
2024-09-17,60340.3109004562,29550.722063867666,2.0419234010608376,official
2024-09-18,61772.7930641354,29558.655124448298,2.0898377414012463,official
2024-09-19,62965.2492660169,29567.69177930975,2.129528734809032,official
2024-09-20,63217.8781104345,29590.683507255275,2.1364115531476062,official
2024-09-21,63378.6476170908,29597.872183323692,2.1413244582088637,official
2024-09-22,63595.0863082289,29603.350523388763,2.1482394791084287,official
2024-09-23,63350.9446695885,29610.177630079856,2.1394989743402513,official
2024-09-24,64302.5893644631,29619.638165488737,2.170944459388607,official
2024-09-25,63148.1998026906,29631.840124235983,2.1310927548856973,official
2024-09-26,65194.0901136626,29653.010388280665,2.1985656518512644,official
2024-09-27,65801.1414214786,29660.09457319211,2.2185074716839277,official
2024-09-28,65887.2135773289,29665.425378259722,2.221010241289656,official
2024-09-29,65626.5046907249,29672.595575801057,2.2116873639542813,official
2024-09-30,63332.7776140374,29685.39040514538,2.133466218556449,official
2024-10-01,60826.6276746958,29691.785566618175,2.0486012044719146,official
2024-10-02,60662.2329218135,29697.93448568573,2.042641482391727,official
2024-10-03,60768.6760074744,29706.67324604368,2.045623739291223,official
2024-10-04,62097.1099705322,29726.52108028838,2.088946426082422,official
2024-10-05,62073.0157519238,29731.741263049586,2.0877692699777306,official
2024-10-06,62828.358701696,29736.031504093193,2.1128696575751076,official
2024-10-07,62230.4625084833,29742.952788091217,2.0922758729388753,official
2024-10-08,62141.647102476,30197.037301735243,2.0578723164641417,official
2024-10-09,60602.0586200711,30210.397774550453,2.0060000226518993,official
2024-10-10,60291.8230408993,30215.23001130422,1.995411685376637,official
2024-10-11,62515.8763316225,30240.21361576475,2.067309349264381,official
2024-10-12,63221.9295438542,30256.4292629378,2.089537036721549,official
2024-10-13,62871.9480057892,30269.343218661747,2.0770833232690427,official
2024-10-14,66052.4764903993,30281.953408988527,2.1812488645726895,official
2024-10-15,67050.4491516615,30336.799006574412,2.210201845525321,official
2024-10-16,67608.9554372881,30347.936675249435,2.2277941383879076,official
2024-10-17,67395.2215125504,30362.72080310073,2.219670033841888,official
2024-10-18,68421.8208316511,30378.2307128512,2.252330673185188,official
2024-10-19,68370.4988843752,30394.76347655098,2.249417039784561,official
2024-10-20,69020.5399560581,30506.91883611562,2.2624552917598524,official
2024-10-21,67349.4984218654,30636.35388395854,2.198352280332229,official
2024-10-22,67395.6874685028,30649.674834776215,2.1989038328078196,official
2024-10-23,66595.1575370042,30666.362876437848,2.1716027363705344,official
2024-10-24,68164.8279907969,30676.84006256347,2.2220289916360048,official
2024-10-25,66608.8588016777,30691.045297585046,2.1703027106384964,official
2024-10-26,67025.6278144203,30702.531659343505,2.1830651803602263,official
2024-10-27,67960.7870584741,30710.934168727224,2.2129182617856737,official
2024-10-28,69931.1218734847,30725.262339301513,2.276013825406266,official
2024-10-29,72716.9139244938,30756.681984311686,2.364263933332767,official
2024-10-30,72347.5952043618,30781.303227685177,2.3503746631263898,official
2024-10-31,70239.8161326723,30794.54636082878,2.2809173841904236,official
2024-11-01,69499.8990526099,30812.123003458662,2.2556024148290117,official
2024-11-02,69349.1039939168,30824.24949613459,2.249822951978548,official
2024-11-03,68782.5710242388,30832.741575111402,2.2308289016945873,official
2024-11-04,67839.6651434504,30852.737440814355,2.198821588314135,official
2024-11-05,69391.5345696399,30866.067744815547,2.2481494935905895,official
2024-11-06,75596.3997543213,30909.331457903376,2.445746840473693,official
2024-11-07,75901.9931706196,30932.51803513815,2.453792901192132,official
2024-11-08,76552.8549931562,30962.711742376014,2.4724208793503335,official
2024-11-09,76715.8795017437,30973.246978223066,2.476843307893478,official
2024-11-10,80406.6501624955,30998.1264243338,2.5939196795899115,official
2024-11-11,88728.9508391651,31041.79776243696,2.858370237387932,official
2024-11-12,88056.9520854703,31102.966717572,2.831143179525748,official
2024-11-13,90511.4218833129,31319.535251732348,2.889935024764026,official
2024-11-14,87344.1898531065,31567.397524983284,2.7669113294493144,official
2024-11-15,91076.8119424913,31795.00516457197,2.8645006179767796,official
2024-11-16,90584.2911636323,31862.728618067908,2.8429546084846624,official
2024-11-17,89875.5646640815,31916.646702843256,2.8159463461452874,official
2024-11-18,90534.6457249376,32027.14911642878,2.826809385868709,official
2024-11-19,92393.0854652586,32319.421302150953,2.858748137891614,official
2024-11-20,94369.3365827971,32580.556446455474,2.896492475132781,official
2024-11-21,98402.1949920443,33062.77625511071,2.976222995696972,official
2024-11-22,98943.4977548279,33367.05484612707,2.9653050954334477,official
2024-11-23,97724.4950610056,33504.08728751025,2.9167932324912376,official
2024-11-24,97967.2951372954,33593.20389069558,2.9162831701334007,official
2024-11-25,93025.1292956724,33773.874025272366,2.754351757990908,official
2024-11-26,91940.193000198,33991.68647107224,2.7047846854683537,official
2024-11-27,95947.0830989849,34170.30963706167,2.8079079211772537,official
2024-11-28,95666.2193195659,34374.68584645609,2.7830427235578292,official
2024-11-29,97490.1520025695,34489.6831771277,2.826646783094297,official
2024-11-30,96479.2439359753,34537.41261303619,2.793470518968728,official
2024-12-01,97240.3353955653,34582.714933826996,2.8118190136787065,official
2024-12-02,95862.9439884694,34773.583960314434,2.7567749156334753,official
2024-12-03,95871.9335129261,34974.743426374676,2.741176178025325,official
2024-12-04,98734.3200545731,35045.36243721271,2.817329118266805,official
2024-12-05,97050.027060881,35227.260286685145,2.754969483038765,official
2024-12-06,99866.4510373869,35291.67446878526,2.82974533060812,official
2024-12-07,99921.2160409421,35326.69556539796,2.8284903085816393,official
2024-12-08,101164.789500775,35373.59094001191,2.8598959509746886,official
2024-12-09,97406.9715880375,35520.92784598438,2.7422417570392748,official
2024-12-10,96657.0407188012,35573.704645109916,2.717092349055864,official
2024-12-11,101169.668463919,35699.184797165595,2.833948983393917,official
2024-12-12,100028.919617953,35750.19814235416,2.7979962298291774,official
2024-12-13,101446.437188656,35818.70028840614,2.832219940193988,official
2024-12-14,101400.839850663,35870.7608205851,2.8268382808449455,official
2024-12-15,104389.474858669,35909.7222753423,2.906997555098021,official
2024-12-16,106079.090411121,35993.07658164312,2.947208199068555,official
2024-12-17,106168.858284328,36094.512712806056,2.941412705279717,official
2024-12-18,100187.26575458,36209.24194006539,2.7668976312846576,official
2024-12-19,97472.6550452805,36455.723161443,2.6737271021514504,official
2024-12-20,97868.8217768341,36577.28285050449,2.675672279344398,official
2024-12-21,97234.4605283882,36603.37530072479,2.6564342695047265,official
2024-12-22,95112.7522534299,36650.74577513929,2.5951109654621605,official
2024-12-23,94812.1850603651,36696.05846167369,2.5837157731637417,official
2024-12-24,98646.2398597345,36896.405367111875,2.673600283773557,official
2024-12-25,99390.0555088638,36918.43509291466,2.6921524506313275,official
2024-12-26,95736.3243416497,36994.26432719913,2.587869392263111,official
2024-12-27,94209.4541683634,37128.85248289921,2.5373650912522643,official
2024-12-28,95157.2883658672,37163.87811301726,2.560477894058554,official
2024-12-29,93615.04302023,37262.53742743777,2.5123099360189527,official
2024-12-30,92671.5245019799,37427.26139592484,2.476043425182858,official
2024-12-31,93441.6983892194,37498.57940473395,2.4918730221930216,official
2025-01-01,94451.9403687362,37564.70439039996,2.5143799718779194,official
2025-01-02,96919.3484077694,37586.05355260066,2.5785986887964554,official
2025-01-03,98141.0286082368,37604.81978504733,2.6097992004540935,official
2025-01-04,98216.3730482727,37621.99643458625,2.6106103438461195,official
2025-01-05,98346.7868897226,37634.34748881334,2.613218866594028,official
2025-01-06,102280.873054768,37658.097273291605,2.7160393238271507,official
2025-01-07,96974.6350092362,37720.49135446706,2.570874119797274,official
2025-01-08,95087.2717455432,37741.148483134806,2.5194588815450163,official
2025-01-09,92580.9812772829,37766.935485756745,2.4513765834190724,official
2025-01-10,94735.7250634323,37790.13571048033,2.506890310985553,official
2025-01-11,94586.6264930777,37803.01156636796,2.502092361795539,official
2025-01-12,94524.0668166653,37816.69233128138,2.4995329043750467,official
2025-01-13,94542.5674780612,37835.958252717384,2.4987491223714717,official
2025-01-14,96554.039485471,37858.468646206886,2.550394744905905,official
2025-01-15,100509.313317077,37904.22798652323,2.651664963412865,official
2025-01-16,99993.5161111163,37929.86819655095,2.636273756422094,official
2025-01-17,104114.678798924,37962.87679046799,2.7425392278244285,official
2025-01-18,104441.397877855,38006.08848751723,2.748017542298726,official
2025-01-19,101292.641209328,38032.762941899615,2.6632995705325624,official
2025-01-20,102228.25366864,38083.02570636034,2.684352195565349,official
2025-01-21,106188.135939294,38128.909702467776,2.7849769838139724,official
2025-01-22,103692.100401351,38198.47767533258,2.714561069231097,official
2025-01-23,103962.596578763,38438.61561964674,2.7046394596382304,official
2025-01-24,104906.678715047,38456.04121722112,2.7279635499264137,official
2025-01-25,104796.454151747,38473.79121281496,2.7238400700381487,official
2025-01-26,102606.795575524,38487.67843158902,2.665964790729201,official
2025-01-27,102090.565306229,38522.79351280327,2.6501340114988965,official
2025-01-28,101300.368030514,38549.49454247252,2.627800162694862,official
2025-01-29,103745.369909948,38567.95263062057,2.6899371844690707,official
2025-01-30,104789.940712272,38583.60465338967,2.715918889736652,official
2025-01-31,102459.5832836,38598.72134637658,2.654481280976897,official
2025-02-01,100631.059748449,38613.614763779784,2.606103064011573,official
2025-02-02,97678.7719678885,38633.19672090503,2.528363693885911,official
2025-02-03,101436.407843162,38662.54125448348,2.623635295349319,official
2025-02-04,97804.2385175571,38684.35021921487,2.5282637025909467,official
2025-02-05,96625.261316975,38794.38629961506,2.4907021487779994,official
2025-02-06,96579.8329029594,38853.30990386691,2.485755605942525,official
2025-02-07,96539.7981854609,38863.900529527265,2.4840480978514687,official
2025-02-08,96479.319789231,38873.10081488171,2.481904395758828,official
2025-02-09,96502.8008211955,38950.593417738855,2.477569463094399,official
2025-02-10,97490.2991705221,38970.117512300174,2.501668082980534,official
2025-02-11,95827.6528436408,39016.10241311548,2.4561052210952727,official
2025-02-12,97915.2900812202,39035.750570299715,2.5083491069265844,official
2025-02-13,96678.8146099012,39049.94113332937,2.4757736325339867,official
2025-02-14,97553.755288536,39068.409221180125,2.4969983993013276,official
2025-02-15,97642.7920403064,39089.370633256556,2.4979371746966326,official
2025-02-16,96157.6042409799,39096.92597107935,2.4594671282368665,official
2025-02-17,95837.3362085539,39107.54058927566,2.4506101576439985,official
2025-02-18,95671.8962902099,39123.55701670453,2.4453782729765856,official
2025-02-19,96685.0739421655,39136.45092697637,2.4704609552503247,official
2025-02-20,98356.2539966563,39148.84796902747,2.512366496058087,official
2025-02-21,96153.8335590858,39163.035952213686,2.45521909170708,official
2025-02-22,96587.5388193773,39169.38470405394,2.465893696037066,official
2025-02-23,96292.8473302412,39177.15136841419,2.457882821155686,official
2025-02-24,91605.4617630073,39192.46895531438,2.3373230675375933,official
2025-02-25,88688.623551652,39257.27164052562,2.259164222204835,official
2025-02-26,84197.43002316,39308.68246251449,2.1419550274535983,official
2025-02-27,84718.8275050657,39331.590909933264,2.15396391412354,official
2025-02-28,84391.4997334327,39366.07789307442,2.143761945567849,official
2025-03-01,86090.4351420347,39376.56811604159,2.1863366784105893,official
2025-03-02,94381.5092907682,39394.05833217187,2.3958310792693784,official
2025-03-03,86233.5488392928,39430.26706402806,2.1869887084270605,official
2025-03-04,87322.7357514987,39448.1866203929,2.2136058265947476,official
2025-03-05,90671.378554405,39463.47411650208,2.297602544741234,official
2025-03-06,89991.5426231923,39498.7267295053,2.2783403434614815,official
2025-03-07,86823.1879810571,39515.620356214764,2.1971865100025463,official
2025-03-08,86293.8603695963,39521.1715464448,2.1834843703503273,official
2025-03-09,80795.4491931869,39532.19446057014,2.04378862078535,official
2025-03-10,78626.4148167644,39589.58471130843,1.9860378781469115,official
2025-03-11,82965.8770110422,39628.62321748558,2.0935846434966394,official
2025-03-12,83701.8983777702,39643.58191001436,2.1113606375872473,official
2025-03-13,81121.00053389,39666.42720890477,2.045079585984972,official
2025-03-14,84019.444293188,39693.49988569899,2.1167053682625507,official
2025-03-15,84378.8701640199,39698.79536772915,2.1254768408567593,official
2025-03-16,82599.0408828533,39710.593330067626,2.080025352336196,official
2025-03-17,84039.0274798456,39727.80044251041,2.1153707616271733,official
2025-03-18,82744.9206992103,39749.431871927736,2.0816629773681696,official
2025-03-19,86873.4163476584,39774.3222048622,2.1841583094793404,official
2025-03-20,84205.6899756188,39803.04474613217,2.1155590109422833,official
2025-03-21,84083.6973845409,39812.77126026823,2.111978009138327,official
2025-03-22,83859.6770323343,39832.00150471924,2.105334250461873,official
2025-03-23,86108.3459346599,39838.482618708746,2.1614363869928654,official
2025-03-24,87522.2726893953,39851.701974242096,2.1961991170656847,official
2025-03-25,87433.8877571856,39863.18909481509,2.1933490456376434,official
2025-03-26,86939.8589284524,39888.33662102459,2.1795809575731373,official
2025-03-27,87225.7708175161,39907.94356132466,2.1856744054847215,official
2025-03-28,84425.5241235203,39969.628338528004,2.11224191049432,official
2025-03-29,82684.3670200303,39977.62112948617,2.0682663121004228,official
2025-03-30,82418.8925010364,39986.105818927506,2.061188275604054,official
2025-03-31,82560.48347796,40019.563941128654,2.063003075181223,official
2025-04-01,85180.9100394273,40029.97311675647,2.127928234949794,official
2025-04-02,82520.5436831296,40050.33743890204,2.0604206845701887,official
2025-04-03,83178.0989176816,40149.16336689661,2.071726829213651,official
2025-04-04,83863.5530600233,40165.35930832143,2.087957247344941,official
2025-04-05,83525.4321428469,40176.61807457229,2.0789562722231714,official
2025-04-06,78382.6183359094,40188.917058435116,1.9503540795075476,official
2025-04-07,79153.2058283226,40263.71586679372,1.965869372071588,official
2025-04-08,76270.133036587,40279.93483289482,1.8935018974832252,official
2025-04-09,82603.3207337946,40317.91984960496,2.0487991702430044,official
2025-04-10,79576.5705243912,40383.54990294373,1.9705194495194818,official
2025-04-11,83403.5633906763,40424.135287549296,2.063212058771353,official
2025-04-12,85295.7973429473,40434.213443160756,2.109495649342838,official
2025-04-13,83733.860616667,40460.13442076734,2.069539852385863,official
2025-04-14,84599.594984404,40481.61986490006,2.089827315871735,official
2025-04-15,83664.3500620405,40497.51299868219,2.0659132837308545,official
2025-04-16,84057.9870037467,40524.868505597995,2.0742321962657364,official
2025-04-17,84942.9281249984,40537.55049119239,2.095413440026525,official
2025-04-18,84444.0775486801,40546.69571997193,2.082637710650385,official
2025-04-19,85065.9809677744,40553.17646587024,2.09764039173026,official
2025-04-20,85165.6548428575,40562.66300762681,2.0996070900681296,official
2025-04-21,87523.2478503325,40588.44714273483,2.156358619548686,official
2025-04-22,93469.4859180246,40612.62429890081,2.3014884541837985,official
2025-04-23,93727.2142702629,40652.86867201133,2.3055498254368496,official
2025-04-24,94015.5886277392,40716.88961324964,2.3090071348953356,official
2025-04-25,94717.2349993406,40750.46224686916,2.3243229592228167,official
2025-04-26,94661.3556496259,40769.41784741578,2.3218716539909123,official
2025-04-27,93778.8718127532,40779.580239638715,2.29965270024035,official
2025-04-28,95039.7735489096,40804.2576856657,2.3291631545179783,official
2025-04-29,94298.7697280006,40870.67113434323,2.3072478897651925,official
2025-04-30,94210.9908543152,40882.98189841371,2.3044060506254476,official
2025-05-01,96526.2948960979,40897.82571518809,2.3601815795369103,official
2025-05-02,96951.8835083306,40930.87083319253,2.368673852639078,official
2025-05-03,95927.2879327714,40942.89630394756,2.342953151644098,official
2025-05-04,94478.6878332568,40951.03407181873,2.307113604690979,official
2025-05-05,94862.0086638579,41036.97211987355,2.3116230014913244,official
2025-05-06,96866.2202845,41101.5545170694,2.3567532036840997,official
2025-05-07,97073.3755116741,41123.915900449305,2.3605090465281666,official
2025-05-08,103264.778625663,41145.15016016374,2.509767936772358,official
2025-05-09,102981.796358804,41165.99430257535,2.501622956119426,official
2025-05-10,104783.621919911,41176.230618508955,2.5447599342133604,official
2025-05-11,104139.253887922,41192.417958916245,2.528117043087554,official
2025-05-12,102801.528591045,41227.4955679131,2.493518637863957,official
2025-05-13,104119.197357816,41292.72979362809,2.5214898089368436,official
2025-05-14,103525.737928456,41313.01526199625,2.5058867592191727,official
2025-05-15,103789.638422078,41403.17493759083,2.5068038520844245,official
2025-05-16,103511.805578656,41449.77364878702,2.4972827706065206,official
2025-05-17,103154.345299531,41464.37825571443,2.4877822757492996,official
2025-05-18,106505.0154357,41484.3433752287,2.5673544949803087,official
2025-05-19,105604.642906113,41553.40419406084,2.5414197694350853,official
2025-05-20,106869.555658958,41583.16516759943,2.5700197478528666,official
2025-05-21,109686.515398019,41647.13056364804,2.6337112284455815,official
2025-05-22,111695.395495789,41680.861890818705,2.679776531214025,official
2025-05-23,107355.200436426,41714.81152311161,2.5735511324783786,official
2025-05-24,107679.52734887,41731.13116390081,2.580316524993153,official
2025-05-25,109005.415876225,41752.91359477295,2.610725970746899,official
2025-05-26,109483.495424922,41843.90411319621,2.6164741972629284,official
2025-05-27,108968.503052516,41898.45343815529,2.6007762604736775,official
2025-05-28,107818.812865523,41949.543937518545,2.5702022655148045,official
2025-05-29,105609.901855557,42097.59882334739,2.5086918210875626,official
2025-05-30,104041.544897185,42149.95098495231,2.4683669248946036,official
2025-05-31,104627.888470108,42167.56471137427,2.4812409534735522,official
2025-06-01,105674.332934938,42187.83947768561,2.5048529207292605,official
2025-06-02,105910.305712728,42221.20837908974,2.508462210787425,official
2025-06-03,105443.377497846,42242.504514200446,2.496144078351217,official
2025-06-04,104729.848933543,42379.489838024165,2.471239019955738,official
2025-06-05,101626.224558759,42403.33991894486,2.396656130225126,official
2025-06-06,104396.932061185,42431.303774096385,2.460375307272967,official
2025-06-07,105595.848852138,42468.65874818251,2.486441812967712,official
2025-06-08,105792.065783082,42511.42450210741,2.4885561239623386,official
2025-06-09,110291.893848923,42533.89020988147,2.5930356547377365,official
2025-06-10,110253.03948565,42569.09139657887,2.5899786880231757,official
2025-06-11,108660.133966558,42597.764734153665,2.5508412153710363,official
2025-06-12,105767.964731629,42629.91654891945,2.4810736988015507,official
2025-06-13,106124.145890678,42781.19281162187,2.4806261564041403,official
2025-06-14,105459.662976744,42797.3863484078,2.4641612952298297,official
2025-06-15,105612.341716866,42830.10712983864,2.465843510423736,official
2025-06-16,106790.40647211,42863.87727262606,2.49138466389528,official
2025-06-17,104598.98824648,42908.20056483028,2.437738867385984,official
2025-06-18,104946.353111106,42944.36502212374,2.443774708440573,official
2025-06-19,104700.469688906,42979.952738375476,2.436030358763568,official
2025-06-20,103321.945932896,43022.015669942724,2.401606347911814,official
2025-06-21,102159.437963581,43051.834658100226,2.372940404860531,official
2025-06-22,101084.251485656,43132.21631771175,2.343590478659148,official
2025-06-23,105439.547965419,43202.666140018024,2.4405796536652127,official
2025-06-24,106140.520859078,43287.17084222534,2.4520087313154013,official
2025-06-25,107407.598841024,43362.6274621938,2.4769624242596584,official
2025-06-26,107017.860392325,43487.66273816098,2.4608786412983163,official
2025-06-27,107094.077124514,43593.35566368869,2.4566605505370296,official
2025-06-28,107325.30624355,43603.26448946071,2.461405298437952,official
2025-06-29,108374.714619031,43616.914085261684,2.484694685350315,official
2025-06-30,107198.652544274,43726.11716847311,2.4515932235932696,official
2025-07-01,105732.98154385,43771.293808120776,2.415578164249594,official
2025-07-02,108869.592034958,43805.055580499735,2.485320257952655,official
2025-07-03,109616.937339918,43877.41059296181,2.498254474421998,official
2025-07-04,108030.469569563,44438.42652396184,2.4310147325155946,official
2025-07-05,108221.453276886,44450.63186717357,2.434643754902541,official
2025-07-06,109217.148040113,44462.35375216415,2.456396002984817,official
2025-07-07,108263.987359252,44557.89411016997,2.429737525107625,official
2025-07-08,108931.620032372,44663.03890688827,2.4389657018069975,official
2025-07-09,111248.642186699,44792.56435057357,2.483640840832424,official
2025-07-10,115958.97038124,44826.7194144486,2.58682705082951,official
2025-07-11,117474.542952979,44888.85104649933,2.617009351192567,official
2025-07-12,117412.432013394,44975.337417719194,2.610595912219579,official
2025-07-13,119057.209940597,45001.782035949596,2.6456110081482627,official
2025-07-14,119831.19623272,45199.59577677259,2.6511563692854856,official
2025-07-15,117747.327694249,45395.39010487731,2.593816848411622,official
2025-07-16,118672.904519396,45488.88114416527,2.6088332254929036,official
2025-07-17,119212.470588653,45752.86227870949,2.6055740482957064,official
2025-07-18,117963.57142746,45817.026930304855,2.5746666541000525,official
2025-07-19,117897.280695283,46026.16088601803,2.5615275840027363,official
2025-07-20,117296.229529213,46077.98236136313,2.5456025528489095,official
2025-07-21,117406.417261451,46163.30447265055,2.5432845114241864,official
2025-07-22,119963.29839406,46444.80928702341,2.58292154140845,official
2025-07-23,118782.079633197,46708.15480588353,2.543069408904048,official
2025-07-24,118355.185324524,46767.79856495253,2.5306982358844357,official
2025-07-25,117606.361649515,46899.94345536246,2.507601352684959,official
2025-07-26,117926.271770002,46924.94290474449,2.5130829036784768,official
2025-07-27,119419.990860318,46950.83655890094,2.543511460344328,official
2025-07-28,118050.099658849,47039.64015639748,2.5095876428126536,official
2025-07-29,117939.057327956,47139.404110321055,2.50192083573949,official
2025-07-30,117831.172515196,47241.36125594066,2.4942374517283534,official
2025-07-31,115764.788689971,47278.82717364493,2.4485545773965987,official
2025-08-01,113285.64608306,47311.89741586378,2.394443095090815,official
2025-08-02,112571.297323537,47326.046344115464,2.378633036552696,official
2025-08-03,114274.402614765,47371.35820353238,2.412310031808288,official
2025-08-04,115067.281617885,47405.55118454407,2.4272955116573165,official
2025-08-05,114138.513046648,47461.75044294374,2.404852580897957,official
2025-08-06,115031.363610771,47481.42218309018,2.422660449537625,official
2025-08-07,117489.390741479,47550.429936272354,2.470837611751138,official
2025-08-08,116679.532854575,47588.3095433217,2.45185285996252,official
2025-08-09,116471.775369672,47604.56878735761,2.446651200432752,official
2025-08-10,119279.244750319,47626.22989430747,2.504486393632763,official
2025-08-11,118680.731532537,47654.456704454344,2.4904434913312885,official
2025-08-12,120103.60041267,47682.6281109841,2.5188125145518794,official
2025-08-13,123313.782043878,47716.94904995734,2.5842763315562034,official
2025-08-14,118380.10001913,47776.54024533375,2.4777872029084813,official
2025-08-15,117440.368921295,47797.35659309366,2.457047361867376,official
2025-08-16,117465.102784994,48084.86242553129,2.4428707260400597,official
2025-08-17,117478.934514884,48104.572372856026,2.4421573401445276,official
2025-08-18,116295.377222639,48126.069542576966,2.4164736145708487,official
2025-08-19,112900.73860107,48206.71512654318,2.3420126906532475,official
2025-08-20,114302.938458334,48251.395092361265,2.3689043236892737,official
2025-08-21,112518.639569051,48291.13227610403,2.330006240601833,official
2025-08-22,116903.486815059,48363.670623922844,2.4171756466564243,official
2025-08-23,115401.909286159,48387.31416241309,2.384962077018988,official
2025-08-24,113497.119029309,48409.06532831305,2.344542664882394,official
2025-08-25,110187.030847015,48458.81067034818,2.273828625233639,official
2025-08-26,111809.215070013,48488.72643001548,2.305880630446934,official
2025-08-27,111288.993652357,48538.454610659464,2.2928005134287277,official
2025-08-28,112592.510028377,48574.39787300927,2.317939386973644,official
2025-08-29,108424.015930646,49070.79720043154,2.209542581665914,official
2025-08-30,108852.097480519,49107.95296622864,2.21658796397757,official
2025-08-31,108303.473913268,49146.42331700723,2.203689843606367,official
2025-09-01,109255.586298373,49171.89587389492,2.221911202662742,official
2025-09-02,111241.631217533,49203.215464628265,2.2608610060759866,official
2025-09-03,111737.97059298,49232.596381762116,2.269593293974083,official
2025-09-04,110743.298264164,49318.883227626175,2.245454296948287,official
2025-09-05,110671.777093401,49466.39941325867,2.237312163531701,official
2025-09-06,110224.567575368,49491.13771848822,2.227157682297366,official
2025-09-07,111154.666234756,49527.04162771376,2.2443227493837905,official
2025-09-08,112070.198855846,49580.855692746925,2.2603522526990294,official
2025-09-09,111541.127744723,49628.65889823747,2.2475144446968787,official
2025-09-10,113973.151730465,49674.46701206937,2.2944010995180486,official
2025-09-11,115507.416571815,49726.20516059891,2.322868117499916,official
2025-09-12,116079.295283256,49767.15889504307,2.332447699657972,official
2025-09-13,115955.126990882,49809.859908472026,2.3279552924652873,official
2025-09-14,115331.440901105,49829.61194991489,2.314516135847652,official
2025-09-15,115399.127560279,49928.60406731084,2.311282875137158,official
2025-09-16,116826.684150381,49975.98854279999,2.3376562936885046,official
2025-09-17,116474.114847182,50117.310452316815,2.324029637583987,official
2025-09-18,117108.935005828,50156.32197525353,2.334878842663304,official
2025-09-19,115694.602656432,50356.39647377968,2.2975155245009162,official
2025-09-20,115734.809307906,50384.908614717795,2.2970133813857716,official
2025-09-21,115287.441213986,50432.32936945364,2.285982873593272,official
2025-09-22,112782.229169582,50486.20066622663,2.2339218970982913,official
2025-09-23,112052.858934256,50666.23294553074,2.211588516058014,official
2025-09-24,113353.447113748,50834.64017690683,2.2298465518644948,official
2025-09-25,109074.230529918,51023.59804066293,2.137721264639001,official
2025-09-26,109733.466164108,51122.89116515148,2.1464644049495605,official
2025-09-27,109692.189210896,51150.778581995044,2.144487185763139,official
2025-09-28,112257.237275314,51188.98886226569,2.192995794024468,official
2025-09-29,114393.691187878,51270.694930951075,2.231171068422965,official
2025-09-30,114063.275796585,51458.561213621615,2.216604450386212,official
2025-10-01,118646.283465771,51605.31145029089,2.2991099197232385,official
2025-10-02,120593.742143673,51684.08944834567,2.333285609378826,official
2025-10-03,122286.946673376,51745.719867786764,2.3632282435305965,official
2025-10-04,122418.030417054,51818.26737720706,2.3624493178423247,official
2025-10-05,123537.465178982,51891.26397004293,2.380698709715392,official
2025-10-06,124714.848516762,52000.54625030459,2.3983372773902634,official
2025-10-07,121429.531001833,52613.49469082841,2.3079541040827425,official
2025-10-08,123355.093531611,52768.28429563449,2.3376748965441756,official
2025-10-09,121745.512823117,53023.01792092743,2.2960879557001936,official
2025-10-10,113039.345857058,53077.34400028221,2.12970991646562,official
2025-10-11,110810.242745388,53141.603688872456,2.0851881586816137,official
2025-10-12,115088.258570169,53178.399501787564,2.1641918457192446,official
2025-10-13,115321.958876336,53209.279908143784,2.1673279374465984,official
2025-10-14,113115.288112501,53289.65431739654,2.1226500633458647,official
2025-10-15,110815.266921698,53895.72630345118,2.0561048996310123,official
2025-10-16,108229.050757824,53956.8490939735,2.0058445327177608,official
2025-10-17,106498.603354067,54144.199042245185,1.9669439245185452,official
2025-10-18,107239.978114036,54184.221119129776,1.9791735656448304,official
2025-10-19,108747.04197085,54226.13407497483,2.005436010254627,official
2025-10-20,110584.822523732,54272.433730025055,2.0375873150231207,official
2025-10-21,108368.509722285,54379.090371036036,1.9928341754683963,official
2025-10-22,107600.37133495,54793.63806410323,1.9637384035180878,official
2025-10-23,110138.004731871,54935.1866058214,2.0048717686561903,official
2025-10-24,111072.135630999,55047.377149267566,2.0177552752388834,official
2025-10-25,111656.14021356,55097.74523922773,2.026510154431231,official
2025-10-26,114583.603528519,55236.58912484227,2.074414900412195,official
2025-10-27,114143.700236365,55406.14811739329,2.0601269735358594,official
2025-10-28,112964.048665163,55742.75836316842,2.0265241976221096,official
2025-10-29,110108.026746427,55956.03890944976,1.9677594928513096,official
2025-10-30,108342.85615097,56215.21083175936,1.927287197680678,official
2025-10-31,109619.819306068,56296.74404297849,1.947178672045069,official
2025-11-01,110162.286332992,56398.36704111229,1.9532885810805094,official
2025-11-02,110576.714320106,56420.9261004522,1.9598528766301082,official
2025-11-03,106655.710268712,56543.42908579668,1.88626179899484,official
2025-11-04,101583.635565302,56644.94728333481,1.7933397493899397,official
2025-11-05,103971.149190052,56697.255841819686,1.8337950866638464,official
2025-11-06,101346.26469722,56764.184677433994,1.785391004435745,official
2025-11-07,103326.208424691,57349.20232908241,1.8017026258147821,official
2025-11-08,102298.730646566,57416.77005253307,1.781687311093405,official
2025-11-09,104725.540876362,57433.42141686815,1.8234250771207616,official
2025-11-10,105997.950274382,57506.067658668224,1.8432481056354115,official
2025-11-11,103087.646722457,57554.832211114655,1.7911206194525107,official
2025-11-12,101694.525387851,57613.724355957565,1.765109381916485,official
2025-11-13,99702.7889356091,57736.226928992524,1.7268670683699088,official
2025-11-14,94667.6980316109,57828.656123354354,1.6370378351811454,official
2025-11-15,95637.0452551772,57868.49163130198,1.6526617950319207,official
2025-11-16,94394.0011993443,57914.6324366354,1.6298817281214917,official
2025-11-17,92225.443968822,58048.23316137284,1.5887726283147543,official
2025-11-18,92993.1480092538,58392.75144255043,1.5925460902582214,official
2025-11-19,91527.1735071698,58426.51669692009,1.5665348318119843,official
2025-11-20,86587.3725510952,58526.92466039312,1.479445111007027,official
2025-11-21,85143.6986808933,58602.18372589997,1.452909998697932,official
2025-11-22,84747.7976933744,59911.987676923476,1.4145382415014922,official
2025-11-23,86923.7809890631,61249.69649194911,1.419170803572695,official
2025-11-24,88313.8112235453,61292.60694588801,1.4408558490832815,official
2025-11-25,87366.7338865582,61344.59101254554,1.4241962077584132,official
2025-11-26,90505.3595091203,61468.63357965421,1.4723828111753747,official
2025-11-27,91362.5136883651,61492.85173454483,1.4857420189709691,official
2025-11-28,90933.6874307953,61514.74583676488,1.478242105918739,official
2025-11-29,90835.2626005808,61524.40656481882,1.4764102194936515,official
2025-11-30,90401.7060384886,61540.10715118093,1.4689884406019242,official
2025-12-01,86336.1449076168,61638.47517371073,1.4006859297590122,official
2025-12-02,91322.778704371,61664.855918449604,1.4809534108884213,official
2025-12-03,93473.0138827925,61693.04303651744,1.5151305444191463,official
2025-12-04,92111.4096179589,61714.470613714235,1.4925415174425856,official
2025-12-05,89367.6048010023,61767.373756585075,1.4468415826320402,official
2025-12-06,89259.4938848228,61787.580327825985,1.4446186986323022,official
2025-12-07,90442.9650463449,61811.27770691949,1.4632113815084626,official
2025-12-08,90661.9068770528,61912.405252687604,1.4643576922432227,official
2025-12-09,92701.4808800457,61961.637698916835,1.4961108892973343,official
2025-12-10,92044.5260657175,62130.005946640325,1.4814826534021086,official
2025-12-11,92539.4756724435,62157.77896756128,1.4887834991777575,official
2025-12-12,90302.8064311746,62186.3216369922,1.4521329458640468,official
2025-12-13,90290.4960541073,62212.150854194755,1.4513321724837827,official
2025-12-14,88194.6433718845,62225.464047721696,1.4173400668293388,official
2025-12-15,86459.5402483796,62243.455606906115,1.3890543094909185,official
2025-12-16,87875.0551103361,62338.82125245194,1.4096361359556469,official
2025-12-17,86273.474202191,62357.81198863416,1.3835231136383668,official
2025-12-18,85515.9698822669,62376.30982900936,1.3709687238102048,official
2025-12-19,88132.3337994023,62419.17271498059,1.4119433175097267,official
2025-12-20,88367.8706120294,62436.62587981502,1.4153210454089835,official
2025-12-21,88654.92324492,62454.78994657287,1.4195055866933524,official
2025-12-22,88564.4856021548,62477.98590707716,1.4175310602021616,official
2025-12-23,87448.1793469711,62550.329127757934,1.3980450713274386,official
2025-12-24,87642.0849744413,62567.271235519955,1.4007656598053164,official
2025-12-25,87211.8447167885,62582.61770589306,1.393547408429613,official
2025-12-26,87337.9549401579,62602.3593343812,1.395122418208796,official
2025-12-27,87846.548611719,62618.3522617309,1.402888217890816,official
2025-12-28,87896.8239402761,62635.923976364385,1.4032973150271382,official
2025-12-29,87160.075472716,62663.92950534371,1.3909130206282925,official
2025-12-30,88428.1988620674,62695.08509790163,1.4104486615495004,official
2025-12-31,87535.6902474645,62731.38870597365,1.395404948832718,official
2026-01-01,88745.0287621538,62750.196310881845,1.4142589821151532,official
2026-01-02,89952.6843898464,62764.643208749636,1.4331744719821278,official
2026-01-03,90606.8149679688,62775.200033959685,1.4433536638505806,official
2026-01-04,91485.25336134,62788.72618680356,1.4570331159316887,official
2026-01-05,93850.2531973148,62810.05328891865,1.4941915869043285,official
2026-01-06,93703.0230318237,62827.08033385824,1.4914432205649713,official
2026-01-07,91309.5006800383,62852.96711996012,1.4527476563797936,official
2026-01-08,91031.7449513942,62871.09087898983,1.4479110140876377,official
2026-01-09,90542.0107208209,62894.08084623193,1.4395951018377176,official
2026-01-10,90406.7860692108,62929.161536059604,1.4366437413504387,official
2026-01-11,90894.9504472554,62939.961043841424,1.4441532682859728,official
2026-01-12,91197.5769620987,62984.73625586997,1.4479313939113208,official
2026-01-13,95336.3777373708,63076.66836226606,1.5114364821843262,official
2026-01-14,96917.9397276158,63125.45512459099,1.5353226291411037,official
2026-01-15,95571.1381115715,63150.05271371271,1.5133975983335755,official
2026-01-16,95515.1333139978,63164.875806060605,1.51215580012006,official
2026-01-17,95124.1332762488,63186.25498835816,1.5054561042393648,official
2026-01-18,93649.9710544255,63202.5529467119,1.4817434848460125,official
2026-01-19,92583.9042441966,63226.299573947195,1.4643258401658286,official
2026-01-20,88346.885839498,63251.01981054524,1.3967661881835585,official
2026-01-21,89404.1682044034,63269.26122925654,1.4130743186718566,official
2026-01-22,89489.0566126884,63310.78505004015,1.4134883423409965,official
2026-01-23,89520.8022481017,63331.5742890441,1.4135256110882457,official
2026-01-24,89153.8461670402,63342.57682371539,1.4074868854034543,official
2026-01-25,86629.4264271021,63357.154818329815,1.3673187610066007,official
2026-01-26,88300.0866603494,63375.20966530496,1.3932906435604218,official
2026-01-27,89165.6692825308,63394.1690649965,1.406527928319581,official
2026-01-28,89192.9582213948,63413.28957705317,1.4065341636790012,official
2026-01-29,84601.2823587058,63430.3186578304,1.333767260654647,official
2026-01-30,84173.8766430262,63464.7038381391,1.3263100834395123,official
2026-01-31,78666.2428708279,63504.35491995325,1.2387535149358826,official
2026-02-01,76959.7296437836,63544.625729749176,1.211113115546355,official
2026-02-02,78733.1765033467,63602.89761404083,1.2378866287055095,official
2026-02-03,75716.5664692014,63635.99845759757,1.1898385867183878,official
2026-02-04,73068.2719883667,63679.35553825127,1.1474405067506634,official
2026-02-05,62839.7650444714,63210.854777101355,0.9941293353184589,official
2026-02-06,70573.4229933723,63456.54793789087,1.1121535174344368,official
2026-02-07,69269.3602005521,63491.60949153798,1.0910002243648298,official
2026-02-08,70339.0496837085,63510.624267088766,1.107516269843347,official
2026-02-09,70121.1090794672,63534.26860517649,1.1036738223150655,official
2026-02-10,68822.7395340787,63586.42745685395,1.082349524680842,official
2026-02-11,67068.6025877336,63662.927408931035,1.0534954221775985,official
2026-02-12,66248.1233279265,63705.27811797096,1.0399157696988095,official
2026-02-13,68859.0635766772,63745.963499715355,1.0802105701482523,official
2026-02-14,69815.9330046114,63756.39193502927,1.0950420951636832,official
2026-02-15,68854.1497232581,63765.44723921873,1.0798034469192836,official
2026-02-16,68904.2963068454,63777.87305209474,1.0803793386236527,official
2026-02-17,67503.5250146202,63808.50612973799,1.057907935932074,official
2026-02-18,66482.3899978355,63847.65580254073,1.0412659503653998,official
2026-02-19,67011.1140781272,63879.12356841751,1.0490299543066708,official
2026-02-20,68015.8203669575,63906.319334063504,1.0643050808702035,official
2026-02-21,67990.5481068716,63931.87953500156,1.0634842679644354,official
2026-02-22,67658.0129483908,63939.2402232992,1.0581610402642303,official
2026-02-23,64669.6835476588,63965.991494458955,1.0110010340926365,official
2026-02-24,64088.2502348351,63997.74502138999,1.0014141937878414,official
2026-02-25,68015.0669780741,64028.22089708127,1.062267013281554,official
2026-02-26,67507.9844481566,64059.3809383259,1.0538344807476503,official
2026-02-27,65896.6155382556,64074.928255603525,1.0284305785780223,official
2026-02-28,67040.3084018812,64082.341491118415,1.04615884566535,official
2026-03-01,65786.101993851,64090.146154432834,1.0264620373205509,official
2026-03-02,68828.4065214842,64103.86966871538,1.073701273841734,official
2026-03-03,68322.3578278976,64120.214599617975,1.0655353893388977,official
2026-03-04,72691.2510514572,64136.89620655695,1.133376501683998,official
2026-03-05,70880.5967478895,64152.049624764855,1.1048843671009883,official
2026-03-06,68116.8018245498,64175.339911577124,1.0614170788717807,official
2026-03-07,67256.5348484921,64186.50435174272,1.0478298441043865,official
2026-03-08,65974.5477946956,64198.63615040549,1.027662762805887,official
2026-03-09,68444.0494041355,64219.445218965135,1.0657838785552567,official
2026-03-10,69950.7502400302,64228.538192932996,1.0890914258379745,official
2026-03-11,70196.084579246,64239.978709934636,1.0927164981826225,official
2026-03-12,70521.4004687114,64289.11618612368,1.0969415144010475,official
2026-03-13,70925.8114572419,64331.90022770085,1.1024983127531147,official
2026-03-14,71210.954807485,64352.75574513417,1.106571956133664,official
2026-03-15,72805.7068200337,64359.07274644016,1.1312423208281965,official
2026-03-16,74862.8476786669,64405.7200524725,1.1623633369470103,official
2026-03-17,73913.6230590201,64427.111943903685,1.1472440844993372,official
2026-03-18,71238.6664717889,64445.562090199324,1.1054084123291812,official
2026-03-19,69922.5894957813,64460.89506957717,1.0847288021723704,official
2026-03-20,70504.1086044815,64483.55849212491,1.0933656617770537,official
2026-03-21,68906.0389535765,64490.490063255944,1.0684682173447517,official
2026-03-22,67860.149345612,64586.527054351536,1.0506858386812719,official
2026-03-23,70889.4709550516,64614.55229454291,1.0971130873414507,official
2026-03-24,70527.7404395897,64634.47623839429,1.0911783392420327,official
2026-03-25,71303.5184620582,64643.69800043556,1.1030235068169796,official
2026-03-26,68786.6301555163,64655.96987073409,1.0638867577586506,official
2026-03-27,66375.299698075,64668.72163384586,1.026389543833753,official
2026-03-28,66345.5735868404,64679.103429200906,1.0257652018857009,official
2026-03-29,65980.6531858915,64690.162890149804,1.0199487872357513,official
2026-03-30,66742.3433780163,64706.4480245493,1.0314635622201762,official
2026-03-31,68228.0350020951,64787.36364667558,1.0531071363573856,official
2026-04-01,68105.7787851469,64800.39865060392,1.0510086388876279,official
2026-04-02,66898.967846853,64816.779826414124,1.032124212680963,official
2026-04-03,66954.4639577169,64823.39724395059,1.0328749618867774,official
2026-04-04,67300.0441785073,64830.96300746737,1.038084906601735,official
2026-04-05,69002.0896882011,64863.6107380423,1.063802784073684,official
2026-04-06,68849.2166042502,64876.69901491281,1.0612318081785304,official
2026-04-07,71917.6371410204,64892.89286579854,1.1082513656734236,official
2026-04-08,71089.0752463362,64904.565432755066,1.0952862063299484,official
2026-04-09,71797.3226310816,64919.09721778454,1.1059507249495881,official
2026-04-10,72973.5354878022,64937.18582943639,1.1237557426568197,official
2026-04-11,73066.1612092424,64948.53484200975,1.1249855194883018,official
2026-04-12,70750.5597834854,64960.64476493779,1.0891295805252335,official
2026-04-13,74439.1417681227,64981.07568432255,1.1455510852074433,official
2026-04-14,74170.8260823513,65011.99709962956,1.1408790591171352,official
2026-04-15,74819.730535068,65025.27782053065,1.1506253113069347,official
2026-04-16,75160.6475383367,65038.75607524197,1.1556286139818686,official
2026-04-17,77105.6841612769,65054.70168157407,1.1852438358520077,official
2026-04-18,75730.9852333289,65066.4085279753,1.163902956173897,official
2026-04-19,73834.8319428331,65078.735849928846,1.1345461920633455,official
2026-04-20,75866.8114576594,65130.872873822875,1.1648363995464195,official
2026-04-21,76338.7183526742,65222.47048919639,1.1704358602196636,official
2026-04-22,78197.0445142818,65234.485984429775,1.1987071459863414,official
2026-04-23,78282.169442851,65254.13109227875,1.1996507827550216,official
2026-04-24,77460.0457327105,65334.9667511011,1.1855833037736268,official
2026-04-25,77647.0974905372,65341.448072698804,1.18832838543993,official
2026-04-26,78674.2482259035,65354.12306299152,1.2038146109018002,official
2026-04-27,77383.7893616812,65368.52359106383,1.1838081252344503,official
2026-04-28,76353.0417902478,65384.14692093766,1.1677607705515176,official
2026-04-29,75763.7106454231,65402.90829123436,1.1584150097431882,official
2026-04-30,76313.763712442,65420.053202609124,1.1665194382538107,official
2026-05-01,78217.7724802946,65467.22995878829,1.1947622120186359,official
2026-05-02,78674.3049851104,65484.66990485355,1.201415615279436,official
2026-05-03,78558.5857207882,65505.100329663794,1.1992743362796314,official
2026-05-04,79840.2788641106,65610.66983945452,1.2168794962690535,official
2026-05-05,80898.1375987088,65625.18564231857,1.232730038123373,official
2026-05-06,81443.7820622719,65640.43170909079,1.240756343943918,official
2026-05-07,80011.0661804087,65658.03723940595,1.2186027719450088,official
2026-05-08,80192.7561464176,65668.49510671057,1.2211754817299416,official
2026-05-09,80666.5488959027,65677.32249514642,1.2282252965148508,official
2026-05-10,82186.4967576366,65694.28085485357,1.2510449264102808,official
2026-05-11,81716.7324988128,65707.6100680699,1.2436418310475486,official
2026-05-12,80474.9351498814,65722.51038978805,1.2244653266072683,official
2026-05-13,79279.3837872281,65742.8341980447,1.205901521501274,official
2026-05-14,81059.6921022015,65751.29976363556,1.232822657401404,official
2026-05-15,79064.202104273,65763.52895962744,1.2022499910674034,official
2026-05-16,78112.673128654,65774.1704439854,1.187588875714918,official
2026-05-17,77418.3027426434,65785.43672411119,1.1768304141130466,official
2026-05-18,76952.6600117744,65801.7533105036,1.169462151694533,official
2026-05-19,76775.5537178455,65806.37950422493,1.1666886143298056,official
2026-05-20,77486.1902221301,65814.15132118414,1.1773484678695383,official
2026-05-21,77554.5658389441,65841.85191855424,1.177891623323086,official
2026-05-22,75464.2176773764,65864.29283965014,1.145753099651396,official
2026-05-23,76694.8554666895,65874.42480409225,1.1642584461993672,official
2026-05-24,77039.1085783474,65885.66398557147,1.1692848476903632,official
2026-05-25,77287.4872232217,65898.65911069496,1.1728233664572152,official
2026-05-26,75831.7808008651,65911.87130798948,1.150502622608337,official
2026-05-27,74324.8174655543,65928.02014759887,1.1273631044760144,official
2026-05-28,73522.3174772147,65957.8366071977,1.1146866128291344,official
2026-05-29,73370.0186182953,65987.87317208137,1.1118712437808531,official
2026-05-30,73794.5390301552,65999.26573542775,1.1181115154519519,official
2026-05-31,73595.7587259674,66011.24446739741,1.114897307568803,official
2026-06-01,71285.6072615943,66032.09186631185,1.0795600328082697,official
2026-06-02,66653.5264028335,66054.79574326836,1.0090641512524265,official
2026-06-03,64045.2657877584,65812.60664003462,0.9731458615225077,official
2026-06-04,63808.0046024093,65052.91767953857,0.9808630708423884,official
2026-06-05,61037.1810235551,64435.31725672946,0.9472628307293782,official
2026-06-06,60860.8647790865,64157.29491874179,0.9486195584799768,official
2026-06-07,63290.3358178844,64242.51165491176,0.9851784151568962,official
2026-06-08,63066.5657075972,64206.65242728064,0.9822434798173805,official
2026-06-09,61676.6004052673,64103.9688122733,0.9621338826287889,official
2026-06-10,61369.4478583849,63851.76771557261,0.9611237097108228,official
2026-06-11,63625.99,63717.92543944756,0.9985571495177612,official
2026-06-12,63580.01,63718.837177826266,0.9978212537457514,official
2026-06-13,64105.56,63733.10705759724,1.0058439476686138,official
2026-06-14,65746.45,63882.10699781276,1.02918411883708,official
2026-06-15,65434.02,64086.76461995697,1.0210223653516046,official
2026-06-16,66401.43,64157.53481677712,1.0349747724820015,official
2026-06-17,65749.59,64244.77548570417,1.0234231422387128,official
2026-06-18,64644.01,64156.27570652311,1.007602285015857,official
2026-06-19,62878.0,63965.89441679639,0.9829925864913611,official
2026-06-20,63544.7,63977.497592927844,0.9932351590916915,official
2026-06-21,63311.99,64112.50428751217,0.9875139132933839,official
2026-06-22,64020.01,64154.94227521467,0.9978967750506916,official
2026-06-23,62734.57,64131.48355573187,0.9782179753487549,official
2026-06-24,61077.99,63875.62778238035,0.9562017959038822,official
2026-06-25,59794.0,63533.833745976706,0.9411363438112448,official
2026-06-26,60097.27,63089.91185800432,0.9525654455701281,official
2026-06-27,60029.0,63032.269048715265,0.9523534676120552,official
2026-06-28,59577.01,62988.518292947396,0.9458392039469617,official
2026-06-29,60260.21,62736.22020126348,0.9605330032105821,official
2026-06-30,58624.71,62528.40490867232,0.9375692548950517,official
2026-07-01,60024.0,62425.47656245701,0.9615305049364851,official
2026-07-02,61560.0,62525.167562554096,0.9845635349703225,official
2026-07-03,62583.26,62839.4351420194,0.9959233379256126,official
2026-07-04,63144.01,62895.04253467318,1.003958459288577,official
2026-07-05,63650.0,62921.55867946084,1.0115769751389987,official
2026-07-06,64042.02,63047.86341365407,1.0157682835312485,official
2026-07-07,63363.99,63058.59793342665,1.004842988531013,official
2026-07-08,62290.0,63089.28920494633,0.9873308256437977,official
2026-07-09,63230.0,63125.03155724095,1.001662865588651,official
2026-07-10,64161.72,63139.00305607301,1.016197863355852,official
2026-07-11,63819.0,63170.837995683934,1.010260462341189,official
2026-07-12,63780.0,63179.116737902965,1.009510789215205,official
2026-07-13,62334.52,63156.08110519918,0.98699157561992,official
2026-07-14,65043.98,63198.078318135,1.029208193207598,official
2026-07-15,64756.28,63278.22335497136,1.0233580616942608,official
2026-07-16,63830.2,63316.03612407753,1.0081205948350096,official
2026-07-17,63931.67,63310.28436936966,1.0098149240177947,official
2026-07-18,64834.22,63329.55638625749,1.0237592634403645,official
2026-07-19,64722.54,63345.01344381695,1.0217464087746202,official
2026-07-20,65255.51,63392.45087624286,1.029389290018054,official
2026-07-21,66556.16,63459.371329916314,1.0487995485171753,official
2026-07-22,66114.49,63485.089460428855,1.0414176078496367,official
2026-07-23,65098.97,63520.72812746493,1.0248460922766514,official
2026-07-24,64139.99,63534.42468253299,1.0095312945775912,official
2026-07-25,64288.95,63567.106261241235,1.0113556174130722,official
2026-07-26,64742.11,63574.43289942053,1.0183670863793126,official
2026-07-27,63755.86,63599.79521697969,1.0024538566906995,official
2026-07-28,63915.0,63525.62867399692,1.0061293580894928,official
2026-07-29,63984.28,63619.981439032425,1.0057261657851422,official
2026-07-30,64780.02,63723.98714461414,1.0165719833724358,official
2026-07-31,62887.88,63654.47636296765,0.9879569135311647,official
2026-08-01,62823.64,63615.123378973425,0.9875582512941407,official
2026-08-02,63570.0,63613.150676974285,0.9993216704955646,official
2026-08-03,63520.0,63600.59442904901,0.9987328038397673,official
2026-08-04,64106.56,63639.80338708916,1.0073343503290195,official
2026-08-05,64665.23,63726.334082667905,1.0147332485203704,official
2026-08-06,64323.61,63781.79373681062,1.008494842045759,official
2026-08-07,64923.19,63814.268035294685,1.0173773358035227,official
2026-08-08,64962.6,63875.8060684295,1.0170141716944634,official
2026-08-09,64901.59,63886.202231160714,1.0158936943092232,official
2026-08-10,63970.01,63847.39839620421,1.0019203852760754,official
2026-08-11,63600.0,63820.682098506084,0.9965421538716013,official
2026-08-12,63479.99,63824.26390783771,0.9946059086817696,official
2026-08-13,63490.86,63767.98489878029,0.9956541687930053,official
2026-08-14,63043.56,63722.59656942556,0.9893438653478951,official
2026-08-15,63086.01,63715.426688330255,0.9901214396411547,official
2026-08-16,62900.0,63707.14680541792,0.9873303570181348,official
2026-08-17,64532.1,63762.78763213428,1.0120652248189665,official
2026-08-18,64725.42,63810.52100358986,1.0143377452812,official
2026-09-18,80683.55,63298.44,1.2747,urpd_formula
