date,cdd,vdd_30d_ma,vdd_365d_ma,vdd_multiple
2009-01-03,0.0,0.0,0.0,0.0
2009-01-09,0.0,0.0,0.0,0.0
2009-01-10,0.0,0.0,0.0,0.0
2009-01-11,0.0,0.0,0.0,0.0
2009-01-12,170.1478009,0.7020014685465833,0.7020014685465833,0.0
2009-01-13,0.0,0.6480013555814614,0.6480013555814614,0.0
2009-01-14,76.67424767,0.8728685446214784,0.8728685446214784,0.0
2009-01-15,679.2615740299999,3.056693343661733,3.056693343661733,0.0
2009-01-16,408.68171293000023,4.130264485130644,4.130264485130644,0.0
2009-01-17,0.0,3.887307750711194,3.887307750711194,0.0
2009-01-18,336.0804398,4.595754129810461,4.595754129810461,0.0
2009-01-19,3080.10648142,12.379981380615394,12.379981380615394,0.0
2009-01-20,1507.1290508800002,15.491880277038064,15.491880277038064,0.0
2009-01-21,352.49016202999974,15.585209212517455,15.585209212517455,0.0
2009-01-22,1967.4814814600004,19.30451825499778,19.30451825499778,0.0
2009-01-23,1635.0717592199999,21.98486106125797,21.98486106125797,0.0
2009-01-24,2365.342013829999,25.94832864640236,25.94832864640236,0.0
2009-01-25,88.84606481000083,25.086346247295992,25.086346247295992,0.0
2009-01-26,3058.690393429999,29.945939136966118,29.945939136966118,0.0
2009-01-27,281.22800925000047,29.35251912218839,29.35251912218839,0.0
2009-01-28,0.0,28.30421486782452,28.30421486782452,0.0
2009-01-29,1498.5266203299998,29.886554112814647,29.886554112814647,0.0
2009-01-30,0.0,28.89033564238749,28.89033564238749,0.0
2009-01-31,12310.698495290002,49.20709172578109,47.619766186239765,0.0
2009-02-01,115.0966435099981,49.39703955312042,46.309724581050396,0.0
2009-02-02,868.1099537000009,50.829710346709994,46.20882758791817,0.0
2009-02-03,881.1507290199988,52.28390276650266,46.13285538220823,0.0
2009-02-04,0.0,52.28390276650266,44.814773799859424,0.0
2009-02-05,0.0,52.28390276650266,43.56991897208555,0.0
2009-02-06,0.0,52.28390276650266,42.39235359446162,0.0
2009-02-07,10986.84490728,70.4158591451504,55.59146774617138,0.0
2009-02-08,7863.287037030001,83.39290385192892,64.14838757840687,0.0
2009-02-09,13623.140046070002,105.87562597462644,79.40671948096983,0.0
2009-02-10,0.0,105.87562597462644,77.46997022533643,0.0
2009-02-11,1198.4147545799933,107.57260920384967,77.03814985090592,0.0
2009-02-12,0.0,107.57260920384967,75.2465649706523,0.0
2009-02-13,0.0,107.44607113711162,73.53641576677384,0.0
2009-02-14,0.0,106.32506311943743,71.90227319417886,0.0
2009-02-15,3699.9016203000065,111.7566730399004,74.32140049911092,0.0
2009-02-16,6324.310763720001,122.19389390362632,79.40214997597616,0.0
2009-02-17,0.0,121.63924915114305,77.74793851814333,0.0
2009-02-18,0.0,116.55604675463957,76.16124589532407,0.0
2009-02-19,2564.7228008399834,118.30142897332352,77.17760949480935,0.0
2009-02-20,0.0,117.71970270925335,75.66432303412681,0.0
2009-02-21,0.0,114.47270243768386,74.20923989885513,0.0
2009-02-22,1983.464699040007,115.0476669193668,74.66192098094223,0.0
2009-02-23,0.0,111.14406414920936,73.27929281462848,0.0
2009-02-24,0.0,110.99743852691792,71.94694203618069,0.0
2009-02-25,0.0,105.94957981429394,70.66217521410603,0.0
2009-02-26,0.0,105.4854598563617,69.42248792964803,0.0
2009-02-27,9944.008680390005,121.89638884856532,76.71396003027667,0.0
2009-02-28,1336.9473379300034,121.62972917284452,76.53562617723662,0.0
2009-03-01,0.0,121.62972917284452,75.26003240761602,0.0
2009-03-02,0.0,101.31297308945092,74.02626138454035,0.0
2009-03-03,1611.0584490299807,103.78180872249408,74.1187975527167,0.0
2009-03-04,5196.07696748001,110.92439695090235,77.0257653798154,0.0
2009-03-05,932.1759258800012,111.0086055341203,76.54336326591701,0.0
2009-03-06,0.0,111.0086055341203,75.36577306182598,0.0
2009-03-07,0.0,111.0086055341203,74.22386740937407,0.0
2009-03-08,5575.094907269988,120.20937049608487,77.23579399817352,0.0
2009-03-09,0.0,102.07741411743713,76.09997349820038,0.0
2009-03-10,0.0,89.10036941065862,74.9970753315598,0.0
2009-03-11,0.0,66.61764728796109,73.92568854110894,0.0
2009-03-12,547.5503472000128,67.52128787762351,73.26630162771126,0.0
2009-03-13,2762.0109953100036,70.10174287357492,74.14798027701801,0.0
2009-03-14,0.0,70.10174287357492,73.1322545197986,0.0
2009-03-15,0.0,70.10174287357492,72.14398081007158,0.0
2009-03-16,19224.59085626999,101.82872598337251,83.87285430985632,0.0
2009-03-17,0.0,95.72265500933739,82.76926412156874,0.0
2009-03-18,2777.248842519999,89.86882048538365,83.48007355106999,0.0
2009-03-19,0.0,89.86882048538365,82.40981619785114,0.0
2009-03-20,1525.2013888100046,92.38591117738311,82.32251119230851,0.0
2009-03-21,0.0,88.15326364839686,81.29347980240466,0.0
2009-03-22,4037.9311342099973,94.81719599688809,82.75797968700135,0.0
2009-03-23,0.0,94.81719599688809,81.74873603228183,0.0
2009-03-24,0.0,91.5438180885724,80.76381150177241,0.0
2009-03-25,0.0,91.5438180885724,79.80233755532274,0.0
2009-03-26,5804.428240619978,101.1230594950089,82.24439525694359,0.0
2009-03-27,0.0,101.1230594950089,81.28806507953726,0.0
2009-03-28,4746.935185079987,108.95708486211925,83.05510756153465,0.0
2009-03-29,0.0,92.54615586991561,82.11129952106268,0.0
2009-03-30,0.0,90.33974711321846,81.1887006500395,0.0
2009-03-31,5384.421296130022,99.22583705893172,83.24863395805458,0.0
2009-04-01,0.0,99.22583705893172,82.33381380466938,0.0
2009-04-02,0.0,96.56705359854922,81.43888104592297,0.0
2009-04-03,0.0,87.99179457655138,80.56319415295606,0.0
2009-04-04,0.0,86.45339357354075,79.7061388960097,0.0
2009-04-05,3398.2199073399825,92.06158916062083,80.6381360403928,0.0
2009-04-06,0.0,92.06158916062083,79.7981554566387,0.0
2009-04-07,0.0,82.86082419865626,78.9754940601785,0.0
2009-04-08,0.0,82.86082419865626,78.16962167180934,0.0
2009-04-09,0.0,82.86082419865626,77.38002953371026,0.0
2009-04-10,0.0,82.86082419865626,76.60622923837315,0.0
2009-04-11,957.3223379300325,83.53708457402436,76.31702923552704,0.0
2009-04-12,3819.0688657099963,85.28158241280782,77.42256914048562,0.0
2009-04-13,53.62384258999373,85.3700796276955,76.69666959976858,0.0
2009-04-14,0.0,85.3700796276955,75.95920162284773,0.0
2009-04-15,0.0,53.64309651789792,75.23578065501108,0.0
2009-04-16,0.0,53.64309651789792,74.52600913939777,0.0
2009-04-17,0.0,49.059710178125755,73.82950438108564,0.0
2009-04-18,2922.3275771799963,53.88252478966514,74.48556858446617,0.0
2009-04-19,2720.9699073699885,55.855941434795305,75.03813419482783,0.0
2009-04-20,102354.09027726002,224.77430842236674,120.42461488057616,0.0
2009-04-21,174.46296296000946,218.39829811708054,119.41752520864439,0.0
2009-04-22,0.0,218.39829811708054,118.35129730499578,0.0
2009-04-23,0.0,218.39829811708054,117.30394069167723,0.0
2009-04-24,0.0,218.39829811708054,116.27495875578533,0.0
2009-04-25,0.0,208.81905671064402,115.26387215790893,0.0
2009-04-26,3163.945023079985,214.04062064706702,115.62062255389843,0.0
2009-04-27,0.0,206.20659527995667,114.6324121047198,0.0
2009-04-28,0.0,206.20659527995667,113.6609509851883,0.0
2009-04-29,5300.351273039996,214.95394166423037,114.9110303174826,0.0
2009-04-30,0.0,206.0678517185171,113.95343839817023,0.0
2009-05-01,0.0,206.0678517185171,113.01167444446635,0.0
2009-05-02,4874.7433786199545,214.11280320769956,114.06361600373691,0.0
2009-05-03,83.77314813999692,214.25105682651326,113.16998992699443,0.0
2009-05-04,5524.181712810008,223.36779804655404,114.46299191630273,0.0
2009-05-05,1266.7019675500342,219.8500829399207,114.04900329627952,0.0
2009-05-06,0.0,219.8500829399207,113.14385247646779,0.0
2009-05-07,0.0,219.8500829399207,112.25295600027512,0.0
2009-05-08,0.0,219.8500829399207,111.37597978152297,0.0
2009-05-09,0.0,219.8500829399207,110.51260009329411,0.0
2009-05-10,0.0,219.8500829399207,109.66250316949954,0.0
2009-05-11,191.28993054002058,218.58587412359137,108.89768073661051,0.0
2009-05-12,0.0,212.2831374722146,108.07269830678771,0.0
2009-05-13,468.52211803995306,212.96785792613218,107.4345316282717,0.0
2009-05-14,442.6915509200189,213.69844654900052,106.7963460092999,0.0
2009-05-15,4031.581018469995,220.3518990898155,107.48380697385657,0.0
2009-05-16,0.0,220.3518990898155,106.69348486375468,0.0
2009-05-17,0.0,220.3518990898155,105.91470030270537,0.0
2009-05-18,0.0,215.52908447827613,105.1472024744249,0.0
2009-05-19,0.0,211.03857714114653,104.3907477803643,0.0
2009-05-20,0.0,42.12021015357507,103.64509958193312,0.0
2009-05-21,0.0,41.83228811037007,102.91002795369246,0.0
2009-05-22,0.0,41.83228811037007,102.18530944697632,0.0
2009-05-23,0.0,41.83228811037007,101.47072686343103,0.0
2009-05-24,0.0,41.83228811037007,100.76606903799053,0.0
2009-05-25,0.0,41.83228811037007,100.07113063083197,0.0
2009-05-26,0.0,36.61072417394708,99.38571192788108,0.0
2009-05-27,0.0,36.61072417394708,98.70961864946011,0.0
2009-05-28,0.0,36.61072417394708,98.04266176669348,0.0
2009-05-29,26582.84490710002,71.73393283469082,106.2176549853769,0.0
2009-05-30,0.0,71.73393283469082,105.50953728547438,0.0
2009-05-31,0.0,71.73393283469082,104.81079862795468,0.0
2009-06-01,2101.5358796200017,67.15721605884123,104.80577390934964,0.0
2009-06-02,0.0,67.01896244002752,104.1207688511186,0.0
2009-06-03,0.0,57.902221219986735,103.44465996247496,0.0
2009-06-04,0.0,55.81174073954,102.77727505949126,0.0
2009-06-05,0.0,55.81174073954,102.11844637321246,0.0
2009-06-06,0.0,55.81174073954,101.46801040905187,0.0
2009-06-07,0.0,55.81174073954,100.82580781152623,0.0
2009-06-08,0.0,55.81174073954,100.19168323409525,0.0
2009-06-09,0.0,55.81174073954,99.56548521388216,0.0
2009-06-10,0.0,55.49604859083878,98.947066051063,0.0
2009-06-11,0.0,55.49604859083878,98.33628169272312,0.0
2009-06-12,0.0,54.722830922033516,97.73299162098861,0.0
2009-06-13,0.0,53.99224229916518,97.13705874525088,0.0
2009-06-14,0.0,47.3387897583502,96.54834929830997,0.0
2009-06-15,0.0,47.3387897583502,95.96673273627195,0.0
2009-06-16,0.0,47.3387897583502,95.39208164204278,0.0
2009-06-17,0.0,47.3387897583502,94.82427163226872,0.0
2009-06-18,0.0,47.3387897583502,94.26318126758073,0.0
2009-06-19,0.0,47.3387897583502,93.70869196600673,0.0
2009-06-20,0.0,47.3387897583502,93.1606879194219,0.0
2009-06-21,0.0,47.3387897583502,92.61905601291363,0.0
2009-06-22,45720.16145801003,122.79229621788609,105.16810883241168,0.0
2009-06-23,0.0,122.79229621788609,104.5636944138346,0.0
2009-06-24,6472.535873249988,133.4741379207063,105.79736045195331,0.0
2009-06-25,6954.447916559991,144.95129513233582,107.1525727013677,0.0
2009-06-26,0.0,144.95129513233582,106.5471909346933,0.0
2009-06-27,0.0,144.95129513233582,105.9486112103411,0.0
2009-06-28,84.02951387997018,101.21941679505832,105.37996143392688,0.0
2009-06-29,98.52604165999219,101.38201760581119,104.82161733886387,0.0
2009-06-30,146.2525462800404,101.62338305802201,104.28249770476144,0.0
2009-07-01,159.99074073997326,98.419186397157,103.75303970404318,0.0
2009-07-02,109.80902777001029,98.60040789598678,103.21579164535927,0.0
2009-07-03,0.0,98.60040789598678,102.65483625598233,0.0
2009-07-04,0.0,98.60040789598678,102.09994524919324,0.0
2009-07-05,0.0,98.60040789598678,101.55102081236961,0.0
2009-07-06,0.0,98.60040789598678,101.00796722513769,0.0
2009-07-07,0.0,98.60040789598678,100.47069080372738,0.0
2009-07-08,0.0,98.60040789598678,99.9390998470939,0.0
2009-07-09,0.0,98.60040789598678,99.41310458474078,0.0
2009-07-10,0.0,98.60040789598678,98.89261712618193,0.0
2009-07-11,0.0,98.60040789598678,98.37755141198306,0.0
2009-07-12,0.0,98.60040789598678,97.86782316632512,0.0
2009-07-13,0.0,98.60040789598678,97.36334985103478,0.0
2009-07-14,0.0,98.60040789598678,96.86405062102948,0.0
2009-07-15,0.0,98.60040789598678,96.36984628112627,0.0
2009-07-16,0.0,98.60040789598678,95.88065924416624,0.0
2009-07-17,0.0,98.60040789598678,95.39641349040782,0.0
2009-07-18,0.0,98.60040789598678,94.91703452814447,0.0
2009-07-19,0.0,98.60040789598678,94.44244935550374,0.0
2009-07-20,98567.97097102995,261.27041598850985,118.25169210883801,0.0
2009-07-21,0.0,261.27041598850985,117.66628769245763,0.0
2009-07-22,0.0,185.81690952897398,117.08665080727312,0.0
2009-07-23,0.0,185.81690952897398,116.51269663664922,0.0
2009-07-24,0.0,175.13506782615374,115.94434201890947,0.0
2009-07-25,0.0,163.65791061452424,115.3815054071672,0.0
2009-07-26,0.0,163.65791061452424,114.82410683032097,0.0
2009-07-27,0.0,163.65791061452424,114.27206785517521,0.0
2009-07-28,0.0,163.51923390678434,113.72531154964805,0.0
2009-07-29,312.2361111000064,163.87192675805014,113.25737582731905,0.0
2009-07-30,297.99710648000473,164.12235586390017,112.79053440985226,0.0
2009-07-31,0.0,163.85831781143227,112.25850358716427,0.0
2009-08-01,0.0,163.6770963126025,111.73146835905553,0.0
2009-08-02,0.0,163.6770963126025,111.20935869382629,0.0
2009-08-03,0.0,163.6770963126025,110.69210586269222,0.0
2009-08-04,0.0,163.6770963126025,110.1796424096242,0.0
2009-08-05,0.0,163.6770963126025,109.67190212202223,0.0
2009-08-06,0.0,163.6770963126025,109.16882000219645,0.0
2009-08-07,67908.1736052201,275.74821881908406,124.02254080216106,0.0
2009-08-08,0.0,275.74821881908406,123.45880198033306,0.0
2009-08-09,0.0,275.74821881908406,122.90016486729988,0.0
2009-08-10,0.0,275.74821881908406,122.34656052105078,0.0
2009-08-11,0.0,275.74821881908406,121.79792123620302,0.0
2009-08-12,0.0,275.74821881908406,121.25418051639853,0.0
2009-08-13,0.0,275.74821881908406,120.71527304743677,0.0
2009-08-14,0.0,275.74821881908406,120.18113467112067,0.0
2009-08-15,0.0,275.74821881908406,119.65170235979416,0.0
2009-08-16,0.0,275.74821881908406,119.12691419154945,0.0
2009-08-17,0.0,275.74821881908406,118.60670932608416,0.0
2009-08-18,0.0,275.74821881908406,118.09102798118815,0.0
2009-08-19,0.0,113.07821072656094,117.57981140984101,0.0
2009-08-20,0.0,113.07821072656094,117.07300187790204,0.0
2009-08-21,0.0,113.07821072656094,116.57054264237456,0.0
2009-08-22,0.0,113.07821072656094,116.07237793022766,0.0
2009-08-23,0.0,113.07821072656094,115.57845291775861,0.0
2009-08-24,0.0,113.07821072656094,115.08871371047996,0.0
2009-08-25,0.0,113.07821072656094,114.60310732351591,0.0
2009-08-26,39468.54214663,178.21446144921597,122.33203343425599,0.0
2009-08-27,0.0,178.21446144921597,121.82018392197877,0.0
2009-08-28,0.0,177.6991677871973,121.31259982230385,0.0
2009-08-29,0.0,177.20737322913646,120.80922803880881,0.0
2009-08-30,73.46759259002283,177.3286192461075,120.32504685066965,0.0
2009-08-31,682.9432870099554,178.4557033174363,119.96902823046057,0.0
2009-09-01,0.0,178.4557033174363,119.47735188525377,0.0
2009-09-02,0.0,178.4557033174363,118.98968922449762,0.0
2009-09-03,2465.520833270042,182.5246345326096,119.00220242462244,0.0
2009-09-04,0.0,182.5246345326096,118.52041213140535,0.0
2009-09-05,0.0,182.5246345326096,118.04250724377872,0.0
2009-09-06,0.0,70.45351202612804,117.56844094962699,0.0
2009-09-07,1642.1197916099336,73.16355705554831,117.42337258935892,0.0
2009-09-08,0.0,73.16355705554831,116.95555038780769,0.0
2009-09-09,0.0,73.16355705554831,116.49144106087194,0.0
2009-09-10,0.0,73.16355705554831,116.03100058237047,0.0
2009-09-11,0.0,73.16355705554831,115.57418561944775,0.0
2009-09-12,0.0,73.16355705554831,115.12095351897933,0.0
2009-09-13,0.0,73.16355705554831,114.67126229429581,0.0
2009-09-14,0.0,73.16355705554831,114.22507061221684,0.0
2009-09-15,0.0,73.16355705554831,113.78233778038654,0.0
2009-09-16,20.87096064002253,73.19800109759123,113.34701339228191,0.0
2009-09-17,61477.24942082004,174.6559550584179,124.61775033625314,0.0
2009-09-18,0.0,174.6559550584179,124.14028769128666,0.0
2009-09-19,0.0,174.6559550584179,123.66646979933518,0.0
2009-09-20,0.0,174.6559550584179,123.19625508526926,0.0
2009-09-21,3796.5787036699476,180.92157544570787,123.44160492062316,0.0
2009-09-22,19552.10937481001,213.189073283936,126.62871182713721,0.0
2009-09-23,0.0,213.189073283936,126.15266403831339,0.0
2009-09-24,0.0,213.189073283936,125.68018215052945,0.0
2009-09-25,3807.4589119000593,154.3363989188867,125.91461166014751,0.0
2009-09-26,0.0,154.3363989188867,125.44652760193135,0.0
2009-09-27,1499.5978008599486,156.81123515623923,125.25689263718557,0.0
2009-09-28,0.0,156.81123515623923,124.79469008132881,0.0
2009-09-29,6755.0034719899995,167.8379965358757,125.56544571300856,0.0
2009-09-30,0.0,166.7109124645469,125.10549902541511,0.0
2009-10-01,0.0,166.7109124645469,124.6489096129136,0.0
2009-10-02,2080.048611069913,170.1436860223493,124.57012523880871,0.0
2009-10-03,0.0,166.07475480717596,124.11878420533476,0.0
2009-10-04,0.0,166.07475480717596,123.6707019518859,0.0
2009-10-05,0.0,166.07475480717596,123.22584331177121,0.0
2009-10-06,3113.244212890044,171.2126455065155,123.33663498800207,0.0
2009-10-07,0.0,168.50260047709526,122.89614700590207,0.0
2009-10-08,0.0,168.50260047709526,122.45879416958213,0.0
2009-10-09,0.0,168.50260047709526,122.02454312642759,0.0
2009-10-10,0.0,168.50260047709526,121.5933609952388,0.0
2009-10-11,0.0,168.50260047709526,121.16521535793161,0.0
2009-10-12,326964.85763849993,708.1036038664996,177.54017987134986,0.0
2009-10-13,0.0,708.1036038664996,176.91941001165983,0.0
2009-10-14,0.0,708.1036038664996,176.30296607433698,0.0
2009-10-15,0.0,708.1036038664996,175.69080299768996,0.0
2009-10-16,56678.384837610065,801.6073876014593,184.79272697800963,0.0
2009-10-17,0.0,700.1494336406327,184.15551067808545,0.0
2009-10-18,963.2708332999609,701.7391516058555,183.6865623216545,0.0
2009-10-19,0.0,701.7391516058555,183.0574987520598,0.0
2009-10-20,66484.12520877994,811.4601195754119,193.66695793408925,0.0
2009-10-21,10057.645540650003,821.792966878708,194.70194797757054,0.0
2009-10-22,70999.36921275011,906.6980946979218,205.95780161060677,0.0
2009-10-23,0.0,906.6980946979218,205.26199822678714,0.0
2009-10-24,27049.10648144991,951.3381367611413,209.07997554554066,0.0
2009-10-25,0.0,945.0545604035356,208.37836488934758,0.0
2009-10-26,0.0,945.0545604035356,207.681447281022,0.0
2009-10-27,34618.551504550036,999.7118736658588,212.70239074005283,0.0
2009-10-28,0.0,999.7118736658588,211.9957382791224,0.0
2009-10-29,10881.214120150078,1006.5214966388722,213.07763620233268,0.0
2009-10-30,0.0,1006.5214966388722,212.37440968021278,0.0
2009-10-31,0.0,1006.5214966388722,211.67580964836998,0.0
2009-11-01,0.0,1003.0887230810698,210.98179060034252,0.0
2009-11-02,0.0,1003.0887230810698,210.29230762452443,0.0
2009-11-03,0.0,1003.0887230810698,209.60731639447712,0.0
2009-11-04,125227.68402758986,1209.7561442879355,229.05671678347548,0.0
2009-11-05,0.0,1204.6182535885962,228.3154329103898,0.0
2009-11-06,0.0,1204.6182535885962,227.57893151390468,0.0
2009-11-07,0.0,1204.6182535885962,226.8471664608053,0.0
2009-11-08,0.0,1204.6182535885962,226.12009220932836,0.0
2009-11-09,0.0,1204.6182535885962,225.3976637997139,0.0
2009-11-10,0.0,1204.6182535885962,224.67983684493774,0.0
2009-11-11,108418.97974511003,843.9447064385383,241.00727763965347,0.0
2009-11-12,0.0,843.9447064385383,240.24459638130014,0.0
2009-11-13,1708.6255786500406,846.7645081851704,239.75358520154515,0.0
2009-11-14,0.0,846.7645081851704,238.9996431097164,0.0
2009-11-15,0.0,753.2262804081679,238.25042792755428,0.0
2009-11-16,0.0,753.2262804081679,237.5058953402807,0.0
2009-11-17,0.0,751.6365624429452,236.76600158532653,0.0
2009-11-18,0.0,751.6365624429452,236.0307034437572,0.0
2009-11-19,179235.66782359988,937.7141916049363,262.77351214500385,0.0
2009-11-20,0.0,921.1157239143503,261.9624827865316,0.0
2009-11-21,0.0,803.9430982569083,261.1564443779577,0.0
2009-11-22,0.0,803.9430982569083,260.3553509902952,0.0
2009-11-23,0.0,759.3030561936888,259.55915725638,0.0
2009-11-24,0.0,759.3030561936888,258.76781836230566,0.0
2009-11-25,0.0,759.3030561936888,257.98129003901596,0.0
2009-11-26,0.0,702.1709066940131,257.19952855404927,0.0
2009-11-27,0.0,702.1709066940131,256.4224907034328,0.0
2009-11-28,0.0,684.213276324392,255.65013380372363,0.0
2009-11-29,0.0,684.213276324392,254.88241568419295,0.0
2009-11-30,0.0,684.213276324392,254.11929467915044,0.0
2009-12-01,1114375.2945593602,2523.303970778856,418.05541867603034,0.0
2009-12-02,0.0,2523.303970778856,416.81120612044697,0.0
2009-12-03,0.0,2523.303970778856,415.5743776156385,0.0
2009-12-04,0.0,2316.63654957199,414.34486762269285,0.0
2009-12-05,9204.394097129814,2331.82686796362,414.4668873398793,0.0
2009-12-06,235.19594907015562,2332.215019678236,413.28211576369864,0.0
2009-12-07,0.0,2332.215019678236,412.07014474972885,0.0
2009-12-08,3015.570601699874,2337.1917163612407,411.30181362616287,0.0
2009-12-09,2907.88886560034,2341.99070228577,410.52241935243023,0.0
2009-12-10,0.0,2341.99070228577,409.32904022640577,0.0
2009-12-11,0.0,2163.0632460464235,408.14257924024224,0.0
2009-12-12,14103.021411729977,2186.337932382915,408.9810127976253,0.0
2009-12-13,0.0,2183.518130636283,407.8023931642027,0.0
2009-12-14,206689.8497026004,2524.625279262141,436.0363358814772,0.0
2009-12-15,17219.41217589006,2553.0430491564184,437.229736342643,0.0
2009-12-16,2091.1232638293877,2556.4940995828247,436.27631284678455,0.0
2009-12-17,41768.49512670003,2625.426039373589,440.92497917406695,0.0
2009-12-18,0.0,2625.426039373589,439.67235139232247,0.0
2009-12-19,163.9241898097098,2329.8979717966236,438.4498118321104,0.0
2009-12-20,0.0,2329.8979717966236,437.2112530416242,0.0
2009-12-21,154.00983795989305,2330.15213936587,436.00115099665453,0.0
2009-12-22,0.0,2330.15213936587,434.77642866239427,0.0
2009-12-23,0.0,2330.15213936587,433.5585675176817,0.0
2009-12-24,0.0,2330.15213936587,432.347510066515,0.0
2009-12-25,3712.6990740699694,2336.2793304044435,431.6552209887732,0.0
2009-12-26,0.0,2336.2793304044435,430.4561787082488,0.0
2009-12-27,1349.0862268405035,2338.5057723741393,429.44880219961334,0.0
2009-12-28,0.0,2338.5057723741393,428.2624795416034,0.0
2009-12-29,0.0,2338.5057723741393,427.0826930965852,0.0
2009-12-30,0.0,2338.5057723741393,425.9093889946715,0.0
2009-12-31,0.0,499.415077919675,424.7425139563299,0.0
2010-01-01,155.74710647016764,499.6721125610529,424.76364009123773,0.0
2010-01-02,0.0,499.6721125610529,424.76364009123773,0.0
2010-01-03,0.0,499.6721125610529,424.76364009123773,0.0
2010-01-04,434320.6688033994,1201.2556712512996,483.6765614952276,0.0
2010-01-05,0.0,1200.8675195366843,483.6765614952276,0.0
2010-01-06,0.0,1200.8675195366843,483.6765614952276,0.0
2010-01-07,0.0,1195.8908228536789,483.6765614952276,0.0
2010-01-08,0.0,1191.0918369291498,483.6765614952276,0.0
2010-01-09,0.0,1191.0918369291498,483.6765614952276,0.0
2010-01-10,0.0,1191.0918369291498,483.6765614952276,0.0
2010-01-11,0.0,1167.8171505926582,483.6765614952276,0.0
2010-01-12,483458.7262721397,1965.6852018504462,549.2316779886826,0.0
2010-01-13,2053.062152770348,1627.96629013071,549.5101632138433,0.0
2010-01-14,5815.157060150057,1609.145467771367,550.2885530331471,0.0
2010-01-15,766.8196643302217,1606.9599253976603,550.3004297483548,0.0
2010-01-16,1253.4221180295572,1540.0965499090178,550.4150135770026,0.0
2010-01-17,0.0,1540.0965499090178,550.4150135770026,0.0
2010-01-18,231.9704861100763,1540.2088489800124,550.4008917035583,0.0
2010-01-19,0.0,1540.2088489800124,549.9830942463115,0.0
2010-01-20,0.0,1539.954681410766,549.7786614810811,0.0
2010-01-21,162.22858790960163,1540.2224126570125,549.752853671397,0.0
2010-01-22,237.92013886012137,1540.6150601928448,549.5182493369527,0.0
2010-01-23,51.72165509033948,1540.7004181642956,549.3034776557049,0.0
2010-01-24,58.511574069969356,1534.6697907267956,548.9905703267392,0.0
2010-01-25,9122.61168954987,1549.725140885116,550.215944946139,0.0
2010-01-26,895.6262614997104,1548.9767807889818,549.9225386305995,0.0
2010-01-27,1038.9276619507,1550.6913577404214,550.0253159177371,0.0
2010-01-28,1112.6672452595085,1552.527629584181,550.1762423706488,0.0
2010-01-29,1333.953124910593,1554.7290968913253,550.1539189904893,0.0
2010-01-30,16530.32581001986,1582.0096445864615,552.3961557873498,0.0
2010-01-31,1214.4467591801658,1583.7568519133172,550.8910176408983,0.0
2010-02-01,1368.9062498798594,1586.0160035277024,551.0610891850391,0.0
2010-02-02,1802.9589119395241,1588.9914867187065,551.1878956834568,0.0
2010-02-03,562.7326388601214,873.1463060684952,551.1447042323779,0.0
2010-02-04,3937.6497509405017,879.644740707464,551.6788221479096,0.0
2010-02-05,193468.27314698882,1198.931880824378,577.921600787656,0.0
2010-02-06,6423.974536900409,1209.5335801351093,578.7929733337435,0.0
2010-02-07,1025.2363772802055,1211.2255619030807,577.441742543825,0.0
2010-02-08,193555.1869786,1530.65613881343,602.6297040948034,0.0
2010-02-09,1275604.8281229194,3635.8293068256216,773.8097407432549,0.0
2010-02-10,853230.4872655803,5043.944020976251,889.5451967008408,0.0
2010-02-11,14534.315393159166,4270.062434888972,891.3541294148574,0.0
2010-02-12,14459.97395811975,4290.537975005068,893.3155357454507,0.0
2010-02-13,36281.8322217809,4340.818144580146,898.2369426312051,0.0
2010-02-14,8166.595231690444,4353.030240858146,899.3446909323585,0.0
2010-02-15,23303.319886619225,4389.419922142242,902.0037737771955,0.0
2010-02-16,2245.3794552702457,4393.125546703257,901.4504918893012,0.0
2010-02-17,176705.80997429043,4684.3662064719165,925.4195457299235,0.0
2010-02-18,9796.021504329517,4700.532907294562,926.7483156605518,0.0
2010-02-19,198.74026583973318,4700.860894979954,926.4273847145029,0.0
2010-02-20,1257.6631944002584,4702.668727225533,926.5979789741049,0.0
2010-02-21,24390.920257150196,4742.529228420751,929.9064569519994,0.0
2010-02-22,196287.8518505497,5066.384255286657,956.2626493023315,0.0
2010-02-23,42.47974537033588,5066.357797425359,956.2684114179295,0.0
2010-02-24,121526.55266152043,5251.861768009435,972.7527391501812,0.0
2010-02-25,48458.472800179385,5330.356319080436,979.3258322689124,0.0
2010-02-26,48109.715277680196,5408.038808908927,985.8516185795917,0.0
2010-02-27,2022.9404397597536,5409.541063104251,984.7771745012531,0.0
2010-02-28,80893.9450226007,5540.84156973274,995.5685908173299,0.0
2010-03-01,5835.68402761966,5523.191845911186,996.3601653822817,0.0
2010-03-02,5684.484953509644,5530.568898944561,997.1312307248797,0.0
2010-03-03,44781.78636512067,5602.214622094747,1002.987073845772,0.0
2010-03-04,1094320.812498021,7405.233253129642,1150.7201304378736,0.0
2010-03-05,2120.6620370298624,7407.804355946422,1150.8813412525667,0.0
2010-03-06,73700.19653903134,7522.935812329034,1160.8783185968061,0.0
2010-03-07,32086.68344847858,7256.602395463259,1165.2306794119684,0.0
2010-03-08,385230.72815240175,7881.759807846709,1216.7286257187259,0.0
2010-03-09,32117.219907060266,7933.071944665356,1221.0851286162563,0.0
2010-03-10,19133.344328518957,7645.217763678505,1223.6804488291464,0.0
2010-03-11,63136.37847192027,5644.240665604473,1232.244509372009,0.0
2010-03-12,1697.5329860784113,4238.927446725202,1232.4004974280388,0.0
2010-03-13,30081.052083181217,4264.584744509301,1236.1061569465605,0.0
2010-03-14,3886.306134209037,4247.134668043907,1236.6333104169844,0.0
2010-03-15,889.0207870304585,4188.724731572758,1236.7539006064799,0.0
2010-03-16,98508.71681701951,4337.819346229079,1247.5083035552927,0.0
2010-03-17,74022.28356467932,4421.5225426191055,1257.5489700190938,0.0
2010-03-18,39575.50671257079,4483.129695969404,1262.54042686059,0.0
2010-03-19,61173.689629010856,4292.46318669291,1270.8382607606786,0.0
2010-03-20,59441.24762696959,4374.394358203975,1278.6942154161618,0.0
2010-03-21,759.6991087496281,4375.320127281057,1278.797263917187,0.0
2010-03-22,9635.159143351018,4389.145788095474,1279.5564933931666,0.0
2010-03-23,135866.85857588798,4573.118244967498,1297.9859952235563,0.0
2010-03-24,9635.548610959202,4265.079727187761,1299.2929979954154,0.0
2010-03-25,208707.20061180182,4609.4460715243285,1327.6028432071696,0.0
2010-03-26,14971.415508879349,4433.594576843419,1328.8462885212834,0.0
2010-03-27,18614.296874899417,4384.341738508067,1331.3712031466978,0.0
2010-03-28,62780.01620362885,4408.552625136191,1339.2430328486935,0.0
2010-03-29,15360.156249700114,4430.563476961195,1341.3265433580705,0.0
2010-03-30,3723.8315971791744,4303.207066438108,1341.8316581591016,0.0
2010-03-31,7053.13481355086,4305.216266051824,1342.0580088611496,0.0
2010-04-01,3956.690393378958,4302.364829096088,1342.5947095224542,0.0
2010-04-02,2498.2627313807607,4232.582920592539,1342.9335834617164,0.0
2010-04-03,6847.913280909881,2437.890145917901,1343.8624606851076,0.0
2010-04-04,41871.864582989365,2503.4928805195827,1349.5421210015563,0.0
2010-04-05,207100.78753172047,2723.6483225211846,1377.1731185990443,0.0
2010-04-06,209241.85298561119,3016.013403980632,1405.5554861095036,0.0
2010-04-07,285746.28764087893,2851.830915656449,1444.3152085782706,0.0
2010-04-08,36695.923897940665,2859.387303476066,1449.2927844472763,0.0
2010-04-09,198262.43643734045,3155.0100151529905,1476.1858617842972,0.0
2010-04-10,761698.2138549909,4307.869897480185,1579.5055290937785,0.0
2010-04-11,267250.18699167855,4746.120294140759,1615.626514652702,0.0
2010-04-12,155193.83346484974,4952.598087680974,1636.1595683384649,0.0
2010-04-13,3393.4806132707745,4951.784761296251,1636.6125993212493,0.0
2010-04-14,29265.221888139844,4998.614951846783,1640.5822462683227,0.0
2010-04-15,8985452.472026711,19665.034462527845,2859.4034843232334,0.0
2010-04-16,459857.6816650294,20301.79148119279,2921.7803441019614,0.0
2010-04-17,13829.067649129778,20259.30127459176,2923.6561718808885,0.0
2010-04-18,60346.1466252245,20257.935552787843,2931.445358952309,0.0
2010-04-19,169848.40573358536,20440.14416604979,2954.115165384517,0.0
2010-04-20,340991.7202021964,21001.640411527675,2986.4848888299516,0.0
2010-04-21,72530.9646497406,21105.43945588172,2996.299602250534,0.0
2010-04-22,117273.85898328945,21074.7548088874,3012.207078300569,0.0
2010-04-23,4288.7748927511275,21065.930849994453,3012.7888241771175,0.0
2010-04-24,118302.15507829934,20916.732389848992,3028.8357822536286,0.0
2010-04-25,322260.687868312,21423.86211899951,3072.548458024479,0.0
2010-04-26,206731.6483593993,21734.318454732762,3100.1611621126463,0.0
2010-04-27,16058.403162728995,21657.212219344266,3102.3393855115137,0.0
2010-04-28,58123.27208193019,21727.78561483939,3110.2234490752844,0.0
2010-04-29,7550.172620441765,21734.100352974783,3110.5286234722976,0.0
2010-04-30,1294608.2962765582,23858.995554442565,3286.1342584001122,0.0
2010-05-01,11700.08125892654,23871.774730501005,3287.721302299097,0.0
2010-05-02,5783.926272943616,23877.197170565767,3287.84462735416,0.0
2010-05-03,45653.79374948889,23941.23980863241,3294.025919737647,0.0
2010-05-04,193606.34622243047,24191.65228149803,3319.538105942774,0.0
2010-05-05,283741.7193492986,24318.13536597431,3357.8541007662548,0.0
2010-05-06,390834.1390966065,24617.823168819486,3410.8683424831675,0.0
2010-05-07,303519.66994090006,24647.155174075288,3452.038914698986,0.0
2010-05-08,282994.9000601694,25053.630584401682,3490.425428403038,0.0
2010-05-09,113514.85758163035,24913.76883009681,3505.8230190848644,0.0
2010-05-10,99969.165902026,23821.695324625103,3519.3832201911914,0.0
2010-05-11,5352.506497710943,23389.476852583222,3520.08330740281,0.0
2010-05-12,305866.0185465589,23638.136182029735,3561.572147343194,0.0
2010-05-13,94763.57838950306,23788.92730005978,3574.362690455523,0.0
2010-05-14,172596.95362149552,24025.47243466373,3597.7143548804943,0.0
2010-05-15,22160.030225731432,9233.052141544847,3600.1733672647442,0.0
2010-05-16,9225.419037260115,8489.35869745482,3601.4247384881273,0.0
2010-05-17,298482.81612482294,8959.132267022538,3641.9120925328943,0.0
2010-05-18,45018.64728989825,8933.836783952805,3648.01859452556,0.0
2010-05-19,135815.93529722095,8877.671863575992,3666.441188927109,0.0
2010-05-20,6590.748075578362,8325.798792576363,3667.335183275662,0.0
2010-05-21,378182.8318003975,8830.226257330663,3718.6333531453542,0.0
2010-05-22,428777.6164845191,9344.311291793529,3776.794393671789,0.0
2010-05-23,32777.50714723021,9391.327196257504,3781.2404604631847,0.0
2010-05-24,13506.07330968231,9218.37872931203,3783.072476051027,0.0
2010-05-25,13571.859953138977,8708.93926697602,3784.9134151915196,0.0
2010-05-26,206601.0671241209,8708.723764410734,3812.9375763786848,0.0
2010-05-27,117896.85045750812,8876.791148596218,3828.929557381839,0.0
2010-05-28,2982459.5321426503,13702.92075644976,4233.481807892476,0.0
2010-05-29,227137.99645647407,14065.313861720491,4260.685877901269,0.0
2010-05-30,39687.04723457992,11994.275493718214,4266.069181212458,0.0
2010-05-31,33100.57447870076,12029.59344102858,4270.559070095856,0.0
2010-06-01,146058.66861940175,12261.093524147687,4290.085967745026,0.0
2010-06-02,89613.96159990132,12333.642454490151,4302.241549221221,0.0
2010-06-03,83748.87343015522,12152.341005225298,4313.601567641843,0.0
2010-06-04,756232.0726171508,12932.107584901678,4416.179786587802,0.0
2010-06-05,15123.864874526858,12312.060395677172,4418.231245628727,0.0
2010-06-06,26313.854618549347,11854.578398456853,4421.800557799041,0.0
2010-06-07,703607.4271876328,12548.729272392877,4517.240567990984,0.0
2010-06-08,122459.71759202331,12563.491273030028,4533.851473793673,0.0
2010-06-09,1330273.0874452442,14593.90284488352,4714.294817792067,0.0
2010-06-10,388310.8497655839,15225.911764056598,4766.966790865749,0.0
2010-06-11,181721.10234125704,15021.031270679116,4791.616138199765,0.0
2010-06-12,34668.69728695601,14921.85468523288,4796.318733275593,0.0
2010-06-13,57868.977757290006,14732.515282398319,4804.168303381794,0.0
2010-06-14,681348.1455934048,15820.39540212677,4896.588979240231,0.0
2010-06-15,128250.72736056149,16016.826835962991,4913.985399820016,0.0
2010-06-16,258955.76987499,15951.594033968684,4949.111153700867,0.0
2010-06-17,675753.2010706663,16992.51629255821,5040.772909824179,0.0
2010-06-18,79792.48828819394,16900.05893051098,5051.596268988969,0.0
2010-06-19,1504446.2805432677,19372.019844260158,5255.665132960742,0.0
2010-06-20,130655.01072433591,18963.516430210962,5273.387679757898,0.0
2010-06-21,9725.619305193424,18271.940950866017,5274.7069000642,0.0
2010-06-22,72463.74314390123,18337.436469005854,5278.3345020621955,0.0
2010-06-23,270326.3006359786,18761.27545083669,5315.002598348462,0.0
2010-06-24,495372.5786741376,19556.407236965908,5381.318875387015,0.0
2010-06-25,325388.2046523988,19752.445609600072,5424.512451540416,0.0
2010-06-26,284779.0766675323,20027.85691025535,5463.140977802907,0.0
2010-06-27,10052.736342042685,15122.394894919084,5464.504569518783,0.0
2010-06-28,86080.15760707855,14889.602441537963,5476.169414181507,0.0
2010-06-29,600814.6417314932,15815.650014989369,5557.652852230284,0.0
2010-06-30,1320186.5718649626,17939.770939342496,5736.708184311018,0.0
2010-07-01,75845.67293918133,17823.89609213824,5746.974480545661,0.0
2010-07-02,667752.050226368,18778.016651068116,5837.536034961395,0.0
2010-07-03,114656.37034651637,18829.024323479083,5853.088464813054,0.0
2010-07-04,378191.7088237703,18205.131709765406,5904.387838796246,0.0
2010-07-05,404371.3958609849,18847.519885070054,5959.238325944402,0.0
2010-07-06,51392.34732015431,18888.90775752527,5966.20938105624,0.0
2010-07-07,643658.3293185681,18789.97176300869,6053.517665671479,0.0
2010-07-08,211570.4549923092,18937.034183298296,6082.215893689751,0.0
2010-07-09,11971.954883724451,16761.397880860935,6083.839815570006,0.0
2010-07-10,145222.25224240124,16360.220665415176,6103.538318881023,0.0
2010-07-11,263863.8936121911,16495.783651942642,6139.329829491268,0.0
2010-07-12,2595899.0559725165,20722.667487226714,6491.447534316472,0.0
2010-07-13,259522.00947141647,21055.46220723226,6526.650095108061,0.0
2010-07-14,340774.7863808125,20493.402640078413,6572.874094214127,0.0
2010-07-15,3151100.043361388,25482.111627918443,7000.301390506792,0.0
2010-07-16,287892.5417760983,25529.866947145907,7039.352239118667,0.0
2010-07-17,574965.3782641515,25363.341788448135,7117.326995896956,3.998802674161629
2010-07-18,1692913.2873581275,30073.38958712076,7515.277571391004,19.327557588593848
2010-07-19,447353.0593627095,28795.422648681088,7614.308056860887,4.747132231396573
2010-07-20,90581.17509069294,28805.345455291517,7619.476039152664,0.8880418738119993
2010-07-21,896693.4781598002,31156.565723906722,7814.046240441036,9.088521015233692
2010-07-22,270916.5354741365,31529.141432582917,7854.498161491285,1.879808344182884
2010-07-23,347770.07650705427,31806.374686901345,7913.952552653039,2.7421004396551867
2010-07-24,2596811.769339733,35706.38618886331,8301.695679855822,17.047871529720222
2010-07-25,664891.1769018695,36288.62066957012,8393.687472824437,4.000268599736882
2010-07-26,5093994.789090142,45327.43053967806,9175.231878821827,31.0906265865052
2010-07-27,1549263.8852973059,48409.36794439619,9429.905394213165,9.85755733826157
2010-07-28,281045.44732069224,48819.09288586493,9475.25765954793,1.7470318425070201
2010-07-29,68182.29264713824,47986.413197328555,9488.272682688134,0.502298196460003
2010-07-30,119589.62904627621,46057.607616267465,9508.775465988023,0.7885631297134011
2010-07-31,495954.444559589,47053.294018731496,9600.900702539091,3.502349663115186
2010-08-01,736575.0743644685,47451.43845329688,9724.201351973801,4.62811653262754
2010-08-02,103233.94998726249,47469.02923657616,9741.199599629237,0.6369195426886255
2010-08-03,367070.650991559,47579.02815509713,9801.53998061415,2.247018234180945
2010-08-04,826104.7828012258,48489.540696611555,9931.22711501007,4.766360038526039
2010-08-05,145180.69607113302,48699.926941428836,9955.490190243876,0.8895616680952374
2010-08-06,289825.3806105554,48239.546852344676,10004.959015482335,1.8047171591704043
2010-08-07,1028990.3963058442,49914.0661908572,10162.077644816172,5.974214673808766
2010-08-08,512071.8981984407,50933.814427990255,10247.516490296406,3.0431937952785884
2010-08-09,671842.5764383376,52277.45830951256,10377.651477020214,4.577073171070606
2010-08-10,500796.5179129988,53010.52013888491,10473.694644839146,3.34702866969522
2010-08-11,309473.592078194,49417.57908581957,10530.502126124733,1.969016331880222
2010-08-12,63177.09703744948,49136.69448927595,10542.618281720956,0.41947803424592556
2010-08-13,406083.8321954608,49447.3827393724,10614.378301382892,2.4676346021315965
2010-08-14,45537.63067573309,44348.71800965412,10622.73726372611,0.28721610819581905
2010-08-15,154419.14435236156,44209.718355749945,10650.363483249972,0.9467817828065522
2010-08-16,453347.4106550813,44250.833994877685,10731.717607627801,2.766962054312908
2010-08-17,165922.00114060938,39796.25332902819,10763.538265380796,1.0790633891458326
2010-08-18,518934.7027538419,39767.63441538668,10860.216511373292,3.249250118568684
2010-08-19,103069.31804996729,39771.244739875285,10879.051370315574,0.6319230675471477
2010-08-20,114130.8000086397,37653.159537552274,10899.532376892466,0.68586129588591
2010-08-21,484765.62325397134,38233.94241090971,10987.719876574833,2.929491991572113
2010-08-22,512537.4595320374,38638.16306274552,11080.39788295597,3.0529113382424997
2010-08-23,50252.4810731411,34029.334549166575,11089.333187124865,0.29410118413913744
2010-08-24,137237.24566081166,33207.44843364685,11113.772696626105,0.8026456192199072
2010-08-25,48910.60618083179,23804.305070029182,11122.45600424396,0.28495570396579306
2010-08-26,50962.47039964795,20814.497236287156,11126.038225021763,0.29314999999212116
2010-08-27,472906.0678485781,21287.34115505278,11210.254374090688,2.7420336224663897
2010-08-28,65871.2569193393,21270.319186417928,11221.912684219426,0.37919411037418066
2010-08-29,87953.44129034877,21208.010869797286,11237.334657486776,0.5009212962107554
2010-08-30,95110.10893790424,20293.22572779141,11254.262108720897,0.5493169628751795
2010-08-31,1024615.2857545465,20842.298397844872,11422.599381660988,5.382042658694144
2010-09-01,300110.4722567946,21264.718008202137,11474.31704934579,1.6451479093501824
2010-09-02,139700.4111034274,20825.810241684263,11498.582819384028,0.770269363023274
2010-09-03,434799.80928730965,20130.59371938716,11570.794437052911,2.2884607042022136
2010-09-04,114442.33660118282,20073.433030839653,11590.359373501991,0.6161329061323243
2010-09-05,2232364.721581012,24055.35121875141,11967.109145692104,11.49096788332479
2010-09-06,379047.6988647729,22809.98138101892,12031.079935418322,1.9407516511740435
2010-09-07,326472.98845636845,22434.303837537365,12085.418431157928,1.6478413560340743
2010-09-08,98229.30039292574,21051.710036200562,12101.91557119652,0.49756223125683274
2010-09-09,962059.9003297538,21842.58015807516,12262.961762731173,4.7934472150760605
2010-09-10,43005.042112112045,21240.012855851484,12270.243164381936,0.21659812009621213
2010-09-11,95922.23344403505,21296.27450511027,12286.983565122715,0.49729424947953105
2010-09-12,369865.196983248,21181.417919705687,12349.303317491125,1.841942742004895
2010-09-13,528332.7874639779,22175.127190538533,12439.337014423343,2.641804731406165
2010-09-14,187087.45420239866,22225.655591683186,12471.116253219368,0.9301029615175284
2010-09-15,805943.4770368934,22858.47994552054,12604.48333818657,3.862037396292984
2010-09-16,893231.5101606846,24314.362958823996,12755.9627824542,4.334524286555545
2010-09-17,10098695.932772294,43268.17819190806,14402.149845908882,41.93137991487635
2010-09-18,320951.1370637417,43691.621386806575,14455.788255116793,1.3543377237805332
2010-09-19,245996.718711555,43956.56894889486,14498.045773646147,1.06386712416452
2010-09-20,369068.62033233047,43647.59308018067,14560.837996447892,1.5740276300188794
2010-09-21,131528.1295750141,42794.46603292338,14582.880989050023,0.5646114041236684
2010-09-22,329825.869337976,43369.59213462922,14636.434808605298,1.4016506984857051
2010-09-23,933665.4013205469,45011.156585773126,14795.79742368001,3.9313429912993967
2010-09-24,96387.27427610755,45105.35262508832,14812.222871515556,0.4047527850463989
2010-09-25,376561.2020060718,45774.85917238162,14875.670233799523,1.569461688612147
2010-09-26,146018.46392554045,45052.00085082249,14900.473370137559,0.6075743057617994
2010-09-27,3199315.673237473,51543.40590676854,15445.468410653311,12.883871798806366
2010-09-28,19180030.86735396,90930.56892165611,18698.19145363745,63.495120029817095
2010-09-29,839797.5455412269,92457.27928792406,18839.695639519923,2.7592520104176477
2010-09-30,437017.6566068828,91309.76181454718,18913.80904484586,1.4302456411516817
2010-10-01,7810659.938923702,106822.56073149107,20240.551281046595,23.92528293766065
2010-10-02,11241847.124099448,129535.64097668271,22131.363418616384,31.188743339648227
2010-10-03,346449.8403060138,129358.60020525272,22189.358172705965,0.9539746520805303
2010-10-04,1596529.9530316293,132382.8030158169,22457.48772372196,4.357891110743486
2010-10-05,6542294.81402272,141188.9108402037,23558.02718010825,17.0513811920625
2010-10-06,423593.92063972354,141297.32283907387,23630.48625269782,1.1257363869580805
2010-10-07,771559.1485044062,142356.64319420577,23772.114918313702,2.17458409264085
2010-10-08,1966632.6191149652,147636.27755566995,24222.554608609626,6.7874957705564745
2010-10-09,1428744.9440096319,150144.09141693512,24589.722487371553,5.450093054808962
2010-10-10,1183754.284893483,153863.24397992488,24902.687661322845,4.58714697970689
2010-10-11,533748.7456992865,155349.77346562647,25041.608567737727,2.024875147467934
2010-10-12,392659.52583771944,155833.66277854415,25099.34927705366,1.4846356608960587
2010-10-13,3918422.0977135003,168452.7301411994,26226.566592834257,15.687692813451667
2010-10-14,895310.0897091329,171110.13704085883,26476.76283708174,3.449123660330259
2010-10-15,1826191.4978369772,175879.1744161873,27002.105596733472,7.10130202942689
2010-10-16,4054634.148633629,187686.74170062234,28116.384780784665,14.56510330915196
2010-10-17,247098.77976241708,168396.8103258218,28185.437042526493,0.8942233358928711
2010-10-18,178290.76657670736,168352.7754970407,28235.325488988132,0.6466004617008971
2010-10-19,306096.787573874,168828.35530142245,28316.671758562556,1.0485479595845344
2010-10-20,376370.41754812,169306.4056352433,28409.73762787263,1.3115457743864434
2010-10-21,1375547.867279321,173938.07099815967,28811.616169703237,5.108481972408677
2010-10-22,276403.36406734586,174210.58766873865,28880.590116060685,0.9934239250269139
2010-10-23,667449.0499967933,174607.7475269851,29072.59600715565,2.410591411665265
2010-10-24,1277583.4258241057,179305.30771064505,29471.4532474512,4.985234108958591
2010-10-25,667152.6299164593,181462.55279813157,29712.72488347578,2.9638529449699846
2010-10-26,515440.56884005666,183743.1385559075,29924.973424562522,2.5888316222554195
2010-10-27,1142352.2773797214,184257.20814220092,30507.728377930147,7.028367363441217
2010-10-28,2977620.7874583006,161863.28306286168,31919.85483905078,16.1475094704522
2010-10-29,483660.4873225093,163193.68388027084,32170.14734228417,2.856545592207783
2010-10-30,578702.0552583039,166128.76540850117,32485.500325272875,3.5432373716999166
2010-10-31,547478.7749910355,153499.72367425135,32774.239131261296,3.215625045136432
2010-11-01,541385.4526634216,134008.61071773118,33063.32413050541,3.191331407199556
2010-11-02,783142.1112285256,138362.1059148442,33479.14040764538,4.533358363090739
2010-11-03,314224.01488623023,137122.41828663394,33645.37782483587,1.8034173249718009
2010-11-04,2217693.8813569546,140734.8413243374,35025.84240038626,14.562664528704513
2010-11-05,1345116.675144583,151523.7307907199,35985.481803694885,9.733602682281855
2010-11-06,6681816.756211996,236664.1998564827,43124.95724183921,60.42692449082509
2010-11-07,396466.81874245405,235677.14090363015,43494.268799023965,3.099229440901863
2010-11-08,6369672.566366136,282804.2794995924,47734.900124029366,32.42555089892826
2010-11-09,796149.2085475922,284720.8493593089,48205.39158782036,3.5624518052272185
2010-11-10,156484.78023177385,284244.4452765922,48305.15599428594,0.7538327453955685
2010-11-11,137950.96809017658,284028.22767588956,48374.769795090695,0.6362172080877123
2010-11-12,84635.69515913725,271070.39344861504,48436.95964013639,0.46863580229489177
2010-11-13,603587.6867192388,273579.3458614209,48893.13938666272,3.407230618125395
2010-11-14,1054248.4929368794,276992.18660330446,49698.989604551454,5.918336205017181
2010-11-15,9174261.756556988,345359.48507319076,56440.1868733421,43.59547938121282
2010-11-16,503216.4168654382,348278.37585598335,56749.147966546334,1.9871804786571101
2010-11-17,210678.1581234932,349303.26802538574,56883.40478731215,0.8614769063622367
2010-11-18,248991.77821677923,350536.22168577864,57066.08971390518,1.1684697259045889
2010-11-19,1006378.8571896851,358583.07615973067,57805.24683073224,4.820778749926044
2010-11-20,724796.5615568161,360514.2029971204,58367.2123839393,3.5142577235197954
2010-11-21,220346.7282435596,361590.17868094717,58534.253314637914,1.041611300263156
2010-11-22,207346.13121813536,361222.5129449892,58696.040104147294,1.006067497332797
2010-11-23,793463.204338938,363807.46782957966,59311.02843430479,3.7846374684957302
2010-11-24,901035.165218085,369371.7613165045,60009.63926103553,4.249199876831885
2010-11-25,1278532.7841014862,378722.37671822973,60990.43153377092,5.869595779957624
2010-11-26,1211665.0222328603,383061.6437135248,61934.53436205318,5.563899621955627
2010-11-27,567420.6070190966,371233.4394961039,62374.47965461867,2.5744508439280227
2010-11-28,182082.31543833017,369808.997248673,62509.17068247715,0.7864802017303122
2010-11-29,271722.20751947165,368054.5004726013,62680.318450994215,0.9966276026112894
2010-11-30,1102714.852037698,372194.35273955046,63309.319087142845,3.626405014374479
2010-12-01,495241.460668236,372432.7329921479,63466.83884459049,1.7752173316510902
2010-12-02,2241033.992216885,386422.42388745514,65032.49272956393,8.787356043566156
2010-12-03,216760.1550192535,386213.42860863183,65181.55245260456,0.8346962731425187
2010-12-04,584115.7015661001,373206.46025027405,65509.937499074054,1.829654347679051
2010-12-05,472289.8047207594,364671.57471141213,65766.83094151253,1.4326646835938384
2010-12-06,3744927.0789060295,303273.4610172172,67859.85417314374,11.257983581096129
2010-12-07,2100434.653385639,315100.54766160913,69201.25504356618,7.075179740540166
2010-12-08,168804.10689520836,264849.8805649293,69311.28550884314,0.5815852415755977
2010-12-09,456374.85519582033,262168.06679011084,69560.95948544978,1.3121580224645442
2010-12-10,563304.861515671,264784.73956975294,69875.79288750238,1.6445493782690204
2010-12-11,791090.1875241697,269768.49266161426,70369.73659637022,2.5620311011091363
2010-12-12,205148.91512200236,270514.9072650188,70491.36259898315,0.6396773999154696
2010-12-13,1644297.4383143783,277562.699916151,71527.04473889679,5.285049626311545
2010-12-14,131380.192920357,268838.57205161976,71587.80714748494,0.4527515911568296
2010-12-15,829816.158002615,193439.8388350011,72129.5125543704,2.7530340851858965
2010-12-16,219140.11145055294,191506.97979643758,72279.32487313711,0.7579626395071559
2010-12-17,113456.58513456583,190781.17449152994,72348.26082447566,0.37636814101665234
2010-12-18,579567.168736279,193214.3641401629,72730.93394136729,1.920444026994677
2010-12-19,733299.1400182843,189794.3247389151,73213.28190748168,2.4048249024115655
2010-12-20,3126570.041770488,210783.55054665316,75500.38930790008,11.056819823118058
2010-12-21,7974651.467634141,272548.43096422654,80743.97486188672,23.70351912332734
2010-12-22,210013.3445675969,272330.1362299257,80887.81961843985,0.6490882853508161
2010-12-23,226590.7057597041,266736.03409434034,81043.0187319739,0.6989828035314388
2010-12-24,205012.28647899628,259931.03727067614,81182.31475128018,0.6262823030183348
2010-12-25,453371.1619707346,251774.64639827848,81492.21512839067,1.3902856021030583
2010-12-26,376767.2793466747,243606.12582762403,81764.93270429038,1.21741572959392
2010-12-27,1297085.5760058463,249711.04735612884,82706.46937383135,4.1559950538803445
2010-12-28,350401.22074201703,251349.7259351909,82975.84631229768,1.1849542597028961
2010-12-29,1506114.2845782936,264313.50978783716,84212.51056185417,5.360040308459558
2010-12-30,477292.89843046665,261433.5976990002,84604.80609481072,1.69243186218853
2010-12-31,585430.9444322288,263532.3260665884,85085.98221352213,2.0641388717700795
2011-01-01,118666.78153955936,245670.20494814045,85183.49542837865,0.4179217380413783
2011-01-02,1469862.7616845965,258555.27260132536,86391.60180784544,5.104186278270099
2011-01-03,532787.2622172832,259798.99594774985,86822.21069100735,1.8102768992310139
2011-01-04,133618.92580372095,257989.5586437812,86872.7188570629,0.45973807943602896
2011-01-05,351776.2420435548,236030.091052921,87160.88624438076,1.2067465224724454
2011-01-06,537014.775411129,225044.06056519845,87599.32570485341,1.826845147321151
2011-01-07,613064.3576790094,230239.7330228887,88136.80678555829,2.2258645577505574
2011-01-08,884666.0499790609,236719.18957285784,88919.43327196443,3.212556097434155
2011-01-09,386254.258977592,237047.38736954337,89261.24183538844,1.3976965039298828
2011-01-10,2064277.5161340237,253510.8401372972,91108.34604571549,7.399904246215621
2011-01-11,9101735.11412549,351095.33869494946,99252.52875331379,29.950135534195514
2011-01-12,275739.8536528945,341424.73483748507,99427.78854456532,0.8841176760674082
2011-01-13,2216769.0540103316,363812.5467694926,101356.40280332284,6.946239527855463
2011-01-14,1410378.8513246775,375998.43123348744,102901.23467210043,5.482456477102205
2011-01-15,270223.9222405553,377649.1447708947,103186.90170975323,1.0108495580015588
2011-01-16,1776900.571161449,399651.66345399315,105069.75947412635,6.541417286621835
2011-01-17,718073.4313886166,403361.3626741557,105757.3393762368,2.3730425306700984
2011-01-18,818361.7809733152,406030.76647169766,106459.08116414332,2.4060628237971406
2011-01-19,3771321.9373646975,417551.75197977864,109693.11888029442,10.761146901870111
2011-01-20,618660.8182842731,361797.1308764011,110354.1537272283,2.186394539595248
2011-01-21,612958.7239063978,368626.3986106143,111059.28615525817,2.317513258715562
2011-01-22,711879.8481315374,377276.3374144573,111925.40687068048,2.824611939275711
2011-01-23,2239381.737691641,408604.9852047236,114639.6532268877,8.641883090783997
2011-01-24,1555813.0482753515,426604.60005786805,116429.46967089536,5.611001242360948
2011-01-25,435098.34097230434,429232.8802110432,116916.97284704301,1.525786337557888
2011-01-26,3091889.4154524803,460587.6530622902,120435.67564354371,10.664372133223571
2011-01-27,29651854.759560704,873622.2744685154,154652.9627323613,80.75733567639928
2011-01-28,1658237.4942581654,883228.656846883,156679.0417303992,4.72031175498087
2011-01-29,2974154.51964283,921977.5223333518,160255.99457999918,8.147301057567772
2011-01-30,451173.2513985634,923340.4810005685,160846.95246195895,1.3461121894577275
2011-01-31,2116575.6208364964,959518.4281450065,163917.85197301637,6.838415921772412
2011-02-01,1643224.936426878,983413.6768683733,167089.765714545,6.929307041966793
2011-02-02,1894287.844904542,1023384.9386882917,170805.43922812285,7.940672750709087
2011-02-03,652992.1962035298,1037139.945163823,172045.33246180974,2.630637429754924
2011-02-04,981063.4469307661,1060155.3238001505,174224.64068762257,4.566761924838202
2011-02-05,637011.3302150369,1074207.355180611,175791.79885278098,3.3084099956983177
2011-02-06,1866738.2157834768,1123564.3666733115,180385.1492315727,9.296169592573046
2011-02-07,4828253.826600194,1257280.6079445092,192158.01264587714,22.36256425899485
2011-02-08,367015.1347233057,1264352.6002120501,193054.82627976395,1.7452031641402723
2011-02-09,2046037.0684672594,1316218.8458073814,198991.88164850083,11.207393920565577
2011-02-10,984803.0501804948,1249311.3705346666,201521.08435717865,4.790577785800551
2011-02-11,2592324.5164207816,1338840.74944219,209118.52994242555,13.264186742963021
2011-02-12,579765.7769834995,1336236.3921514468,210831.40451645493,2.9687945885810136
2011-02-13,538034.3336500525,1336262.542478203,212374.25311048032,2.6600967022055486
2011-02-14,7802094.136590183,1612100.6314353033,235330.54016409107,35.607146853336765
2011-02-15,556034.3543825746,1608651.6624745182,236926.93009486946,2.464203085178733
2011-02-16,425352.44234228134,1615102.550407097,238144.41539215948,1.8664863566744727
2011-02-17,270726.9416515827,1615949.5098028637,238891.83269261374,1.1785920688210763
2011-02-18,1040999.0149736404,1607793.8514083521,241454.21355161408,3.8754925863398753
2011-02-19,607771.9524156451,1618977.1135320715,243034.39367000284,2.3732261682501
2011-02-20,903840.9189443588,1636419.3146495365,245172.98308037952,3.184067803410088
2011-02-21,553941.7326635122,1641289.9324946194,246436.1523446145,1.8757977330423252
2011-02-22,962621.4521290064,1636188.9560575488,248704.52214214203,3.3681461857935426
2011-02-23,392352.6274242997,1626183.3382479171,249671.96121477126,1.4143252729052476
2011-02-24,1435748.7212523818,1667707.6328083032,253557.1732065191,5.616560314979969
2011-02-25,665447.5011496544,1645104.911312253,255211.66646490025,2.375632848981981
2011-02-26,4315577.824015379,1366603.6556682452,266532.054529019,15.511543490378203
2011-02-27,2455560.8687129617,1414807.6825616541,272519.98486726615,8.02030988775364
2011-02-28,1577842.0374878645,1416627.8087748238,276235.74530918454,4.924263581441213
2011-03-01,20050840.891580522,2024436.6669443646,326785.0463056673,56.461530284265066
2011-03-02,817502.1332585812,2012684.3938195223,328889.39922676235,2.336257285446787
2011-03-03,280568.49356514215,1982873.2465562106,329605.192996801,0.7993862897347684
2011-03-04,930097.0874568224,1965599.9261747336,331752.94823537784,2.526309080191521
2011-03-05,1366924.819664359,1991990.6852464601,335161.73363089294,3.7125707933913548
2011-03-06,233998.9175966382,1972418.2579206598,335722.88634036196,0.6209574746581163
2011-03-07,313822.60572350025,1962289.6466399587,336479.44632493117,0.8254085326718492
2011-03-08,940684.9837192893,1933673.1465265416,338669.37279749266,2.4165041234039832
2011-03-09,133632.24988043308,1794285.785671457,338981.5233631476,0.34080052173779846
2011-03-10,382867.989996016,1794961.0408111664,339957.49666722864,1.0506535416011453
2011-03-11,673338.9795103669,1740372.9707224935,341572.3252148204,1.7347374427845286
2011-03-12,1858915.97799325,1765075.7186460225,346247.39596260025,4.9285132182831735
2011-03-13,867176.8505346775,1698414.6555304213,348363.7412398977,2.2216874131261037
2011-03-14,3344988.0178893805,1777331.8103430152,356564.3915582333,8.395201113962964
2011-03-15,1394560.7054145932,1799012.5971575573,359894.0234468625,3.3769931579546304
2011-03-16,5557995.946490467,1679026.8442003555,372976.21343977255,12.815499599557295
2011-03-17,1254090.7699904442,1694069.8591819692,375802.1358460488,2.7544455520980935
2011-03-18,380615.11247229576,1689604.878115918,376647.5727965387,0.8244945479415018
2011-03-19,376730.2407106161,1689826.298610117,377428.8602616622,0.7635839875727051
2011-03-20,201472.45903885365,1663646.4613308134,377832.7396041572,0.397950946067359
2011-03-21,1108803.975388527,1672473.3491467282,380138.3412606422,2.2138840679132135
2011-03-22,748874.4829077125,1666646.417646065,381796.86843856866,1.5868109635106118
2011-03-23,1483194.9233333468,1693246.629327686,385231.2354473036,3.2714655780521182
2011-03-24,3630046.29460752,1770220.4274994393,393851.5370275324,7.990033900960184
2011-03-25,414414.73083370924,1770658.5066470716,394826.6785223504,0.9276468866834665
2011-03-26,3124900.6843030453,1812268.3702672624,402146.3328523069,6.645379671278617
2011-03-27,1546173.273084104,1834480.570359865,405630.53457076516,3.1374739143399037
2011-03-28,689846.9287659526,1715042.7083824403,407132.12212550966,1.3538300373019385
2011-03-29,386257.77933996916,1652389.8604119576,407968.6942043892,0.7503254403475557
2011-03-30,335125.1484724879,1615869.5507196388,408693.2530067079,0.6475475868557586
2011-03-31,515150.29632246494,1014316.3218550459,409799.6577239408,0.9863037093283378
2011-04-01,480141.71700412035,1001093.2367911509,410817.4161003559,0.9047272305565908
2011-04-02,253678.1853250265,998923.0524117224,411360.5740508665,0.48224441873625123
2011-04-03,277651.8474597335,978195.7292005154,411952.2226782216,0.5250385293832447
2011-04-04,3101507.746258557,1008053.3519197799,417809.66725055827,5.122046023973479
2011-04-05,2204971.9801626205,1053288.7009274005,422070.6988832288,3.7091655735822213
2011-04-06,889455.0475494266,1065970.8252314432,423845.595242257,1.5529163038968727
2011-04-07,634821.2119640708,1054641.9016895343,425117.87176520884,1.1256365854287258
2011-04-08,1055638.4968671203,1077182.028110491,427282.01438838185,1.852942192719329
2011-04-09,215554.75746285915,1070521.275613178,427686.2308259706,0.3679215312683666
2011-04-10,244611.2147706151,1056778.465686356,428076.7577454131,0.4210786988619162
2011-04-11,485308.69467562437,1012351.8932564369,429064.3088088166,0.8709363310541389
2011-04-12,1619412.3103256822,1032981.9328900675,432859.3030044777,3.2178043037155444
2011-04-13,1492281.3348691463,979949.1402667614,436701.16050388827,3.211454709421448
2011-04-14,1133423.3507052064,977217.9301313077,439802.46031092806,2.577119168237276
2011-04-15,2939981.3206298947,914898.2966416322,446557.0295092883,6.5171687309224176
2011-04-16,2703666.159772277,975013.3826281256,454271.5816937422,6.24863895417215
2011-04-17,802435.593449235,995149.1232663686,456775.50337120553,2.002331742099053
2011-04-18,2960356.4037520885,1100009.616406662,466175.5737565014,7.366352124974525
2011-04-19,1835897.8385283947,1168305.0538930777,472177.8006776119,4.657614181812676
2011-04-20,1371112.7839921117,1188515.4833122704,476098.3831428953,3.041167857654962
2011-04-21,832636.6108763814,1201903.8447285397,478848.7921596094,2.1039842130887236
2011-04-22,2878718.639985025,1295098.639307958,489945.52732393984,8.27870515706759
2011-04-23,4547462.893932998,1435962.4545459016,510144.40198884025,14.452381641727502
2011-04-24,1793594.9547228217,1521211.7677653295,518138.59923814365,5.642774230664642
2011-04-25,2013774.1310560703,1538861.2945374358,526867.217708617,6.077244437990366
2011-04-26,1697521.6990428567,1597724.9152111418,535164.0082767716,5.677818004000102
2011-04-27,2139226.81425035,1714836.3569108644,546297.5312782377,7.440141524281458
2011-04-28,3628268.172928214,1971987.7013424705,568264.0297436467,14.114301105233348
2011-04-29,27491948.163306892,4555656.802150686,781344.4339763831,99.53961143383025
2011-04-30,3629602.4780501127,4965637.527173379,815973.2356652236,15.568658526916947
2011-05-01,2456165.752991259,5201574.815248876,836382.0495676197,8.907169097243386
2011-05-02,2651926.595016539,5477834.440686501,859631.0324220393,9.871869190369814
2011-05-03,3853682.0300077796,5908659.938458348,895627.7321562803,14.672452907067322
2011-05-04,9058473.292040229,6865794.122961675,980133.1579913947,31.47946340602132
2011-05-05,1345705.2515656948,6963117.639546775,992382.9868980893,4.519661927587099
2011-05-06,4031441.927108109,7404793.569991321,1030435.3826523257,13.4976679592686
2011-05-07,1694090.595179975,7594448.757573714,1047293.3459350421,5.889642936233138
2011-05-08,2915026.7543720603,7939344.752856405,1077771.6956710124,10.334849927744916
2011-05-09,1850253.0622042418,8168464.97497068,1097019.2066731418,6.409150900555748
2011-05-10,4245491.484491289,8984666.692328343,1164584.5657183216,21.1803472680235
2011-05-11,5808562.490365863,10046794.496549355,1252905.8172770445,25.73020364099892
2011-05-12,10312234.226761818,12166003.881460479,1430861.9669999667,45.405594371666126
2011-05-13,7713853.945056677,14227194.836229298,1604104.3858953326,39.42273033950854
2011-05-14,4080828.6054894924,15168500.059663516,1684553.796247546,17.436415577324432
2011-05-15,2987538.3136435747,15767288.149268053,1741739.640232015,11.984529556120723
2011-05-16,14614931.036883831,19520536.60572412,2058001.4924082628,56.0913260853588
2011-05-17,1907446.764486909,19947200.810632367,2095535.093373837,6.5446492783761
2011-05-18,2170005.2494604588,20317368.202066787,2135361.959944132,6.808698217966505
2011-05-19,5373105.080711246,21491982.3667198,2237912.4331315486,16.72882567079559
2011-05-20,2987541.2642350197,22000437.552842595,2283669.212242897,7.313471931066623
2011-05-21,4012968.6684076786,22788175.46367135,2351123.74317994,10.47993653906858
2011-05-22,1277156.3625093699,22940732.002104916,2374717.1183496765,3.6353006638303333
2011-05-23,1613605.607274294,23076858.609495383,2406100.61697233,4.7614799359736155
2011-05-24,3686663.766704917,23901054.2911026,2481851.139981154,11.140720383463517
2011-05-25,2479897.5858328342,24513494.562048152,2540959.18670433,8.490930948296326
2011-05-26,2014745.8622851372,25003066.903884754,2589494.817601731,6.845247951799874
2011-05-27,2798136.6446578503,25660406.57587958,2654642.4450917435,8.959670313000915
2011-05-28,1567523.052932024,25826732.966421604,2689882.9376065363,4.836805779701521
2011-05-29,876355.6303319931,23478161.2383975,2709900.263390283,2.7003095324686703
2011-05-30,2901681.398986578,23901031.35732941,2779455.7355421293,9.134778408759342
2011-05-31,1995655.9135160446,24234172.42381761,2827243.1041191197,6.169978207614643
2011-06-01,1843619.2826875448,24542487.503664315,2875814.0250362996,6.167164268986522
2011-06-02,12683565.434212804,28674763.724381447,3251443.9032735643,42.16875530461968
2011-06-03,16300483.560994864,35410758.53126805,3889607.63938286,59.886222900254985
2011-06-04,2640581.0893924236,36908093.08390352,4024861.9712530435,12.275022730071688
2011-06-05,9300500.75383389,41621756.01525362,4450389.680311882,34.89994668919448
2011-06-06,10379206.996710896,47733627.212016635,4969630.822670784,38.13649877076516
2011-06-07,4442648.472021937,50905115.46949792,5260722.386648455,20.203167672430908
2011-06-08,22160532.357909918,72719741.09332715,7072951.612321428,93.5210314741784
2011-06-09,10682903.774678707,82195529.66084105,7919182.025279651,39.011600132957085
2011-06-10,15127679.337560058,93197724.9944821,8911741.358322363,40.65461140121842
2011-06-11,18537437.949659467,100229807.64611648,9667693.743562635,28.54161757122364
2011-06-12,12028951.651481986,105740204.5373359,10293853.647483058,22.20257730534573
2011-06-13,15939752.739038825,115204632.00012656,11152216.7676046,28.09355399614841
2011-06-14,52413651.2355324,148193340.85424778,13920713.924520701,72.5921961546134
2011-06-15,21754306.965143323,158478521.18610838,15082316.919197775,28.111824265604632
2011-06-16,20030422.97816682,169712459.9898097,16043193.317684172,21.86177648068939
2011-06-17,7660536.794975638,173287909.98543397,16376807.23138041,7.4375019085967375
2011-06-18,1615511.7681031227,172952644.86828223,16451809.266776891,1.6642360120903432
2011-06-19,18526645.03285992,180949122.72448337,17154607.62632282,14.95784059647512
2011-06-20,2561634.864612341,181407338.41855642,17259757.296779357,2.2240230720613154
2011-06-21,2275754.0453692675,182428675.232543,17367353.00532985,2.261306897158684
2011-06-22,748912.3565535545,182475316.22257468,17402564.626789235,0.7387318931606354
2011-06-23,2523437.8713731766,182960109.07884708,17518126.30190413,2.4085564029468225
2011-06-24,3041654.979084611,183967341.58968428,17659955.22909726,2.932741541525903
2011-06-25,1101973.965768218,183981801.75911444,17709663.254328158,1.0254028503253971
2011-06-26,6669370.101335764,186821783.6164147,18008211.411626358,6.0519156697353065
2011-06-27,13038995.433781624,193668251.48561636,18606578.479309667,11.738024680800352
2011-06-28,8427354.778581858,198174804.29934463,18997016.53984807,7.501922927012396
2011-06-29,2825745.8543099165,198915136.85516855,19127345.149664342,2.4885674694214344
2011-06-30,2458623.1559170485,199660375.08040866,19236210.389828928,2.069075680222975
2011-07-01,1603688.9773067236,199889742.02381548,19303642.912246436,1.2752321369372803
2011-07-02,892204.8789952993,195777429.11690506,19341196.04849992,0.7103984211769192
2011-07-03,1262126.9295659065,188663381.52505413,19394639.351771683,1.0060760593264895
2011-07-04,1244505.6235630512,187591927.99731997,19441880.28897443,0.8878599237284549
2011-07-05,5841837.252997994,184900779.39690164,19646164.903080367,3.7963594902322035
2011-07-06,1274183.671317935,179210204.6851376,19697684.174236268,0.9547862703382516
2011-07-07,1115668.0810444355,176224493.69949824,19743382.967010252,0.8464571099245413
2011-07-08,1259025.3882416487,154775260.41523516,19792649.424462676,0.9090613104642438
2011-07-09,569300.4141763449,144750146.32875332,19815076.67713218,0.4131470238166482
2011-07-10,5011481.342133403,135110650.77032772,20015381.67747269,3.653116201140928
2011-07-11,2313660.5312069654,127008294.20033628,20105375.805207923,1.6344345334853438
2011-07-12,990878.0478923321,119852678.38520245,20143055.48729527,0.6891510045682152
2011-07-13,711975.67888093,109740020.01859671,20170213.85443113,0.49209458119347155
2011-07-14,1012589.4866429567,76528966.58219925,20209081.5831146,0.7028321732843295
2011-07-15,700539.4971001148,62718178.33483546,20235141.266310718,0.47777256419879555
2011-07-16,504449.4053827524,51257774.517824985,20254062.74104399,0.34168906879913213
2011-07-17,1156621.7285375595,47705061.414739706,20295686.52504763,0.7499693064715662
2011-07-18,13255714.322149277,52867940.69753107,20794647.67564899,8.765047370482275
2011-07-19,1782704.7704851627,45137771.738949746,20862194.720813315,1.1835196604478353
2011-07-20,4741687.793702483,46021930.48684624,21040014.157715593,3.0851148861659525
2011-07-21,366529.44877946377,44879236.46361589,21053496.55858124,0.23711474365034535
2011-07-22,607045.3029091358,44727954.49697192,21076243.423134927,0.39463249433480346
2011-07-23,430777.4852976799,43518084.677768394,21092340.95695192,0.2795944133471344
2011-07-24,812149.4483337402,42171767.80885989,21123193.154248293,0.5398131888176398
2011-07-25,973686.3000459671,42022459.58673838,21160581.415922847,0.6464988955998977
2011-07-26,700702.0658123493,38713894.23080124,21186449.778771132,0.4591244049562426
2011-07-27,744197.639985919,31777566.773954015,21214454.430488534,0.4862087659980095
2011-07-28,1622644.1612257957,27754093.648817882,21274162.393760283,1.025185375920266
2011-07-29,959221.488462925,26599608.19843991,21309670.227903448,0.6084151122871226
2011-07-30,1670420.5313721895,26026623.945962314,21371599.403939556,1.058023178122621
2011-07-31,1790242.4719325304,26004750.626576968,21437152.282045737,1.1177056497455298
2011-08-01,1463089.3742336035,26180245.43624629,21489096.925030842,0.8843926523720176
2011-08-02,1491918.7383785248,26138532.203801766,21539110.297626346,0.8478105690264074
2011-08-03,2181883.554612875,26240981.816417947,21594762.709927533,0.9416706727526823
2011-08-04,2667656.55556798,24710761.929613944,21673200.989840686,1.3231690134649825
2011-08-05,1987290.503076315,24726403.330104604,21725988.563537344,0.8872471034110284
2011-08-06,2938782.579735756,24776687.500370365,21775858.141272,0.8367271625373185
2011-08-07,1854740.996109128,24683892.311861478,21817359.965202723,0.6970997495733682
2011-08-08,3050236.133630872,25204058.873956535,21882456.819011234,1.0872424890626364
2011-08-09,599186.6685070992,22952722.634150077,21897610.04808972,0.25475053540318837
2011-08-10,847534.5577151775,22142582.24648207,21920957.042989552,0.39034376454968317
2011-08-11,950271.9712815285,21980645.267600577,21945622.146625247,0.4111752903339596
2011-08-12,401811.93245768547,21776501.56252514,21956024.66550257,0.17313433761024247
2011-08-13,1020239.2341060638,21645627.80237936,21984110.110756245,0.4674912867971391
2011-08-14,709170.8357408047,21577487.507528808,22004988.290106814,0.3464481045709588
2011-08-15,1190447.2705824375,21788060.234578483,22041228.536897913,0.6005914609848599
2011-08-16,796304.4634962082,21570625.945833854,22064977.63013029,0.3942044914352388
2011-08-17,922333.4798949957,15831434.490517143,22092590.544458978,0.4567290671388466
2011-08-18,1214999.7107161283,15447022.132346544,22128544.405574784,0.5946368014943042
2011-08-19,863051.2313156128,13619680.849119382,22156171.111500215,0.45543168697854663
2011-08-20,900706.0589365959,13797611.622762734,22184452.04870934,0.46564222663922034
2011-08-21,408409.8288060427,13674758.467936402,22197053.65810963,0.20866624642307532
2011-08-22,961347.7227617502,13824555.362581572,22225430.041843884,0.46753684926537753
2011-08-23,574563.26262784,13653418.927270373,22242595.03858155,0.2818234645910942
2011-08-24,800602.6544094086,13486976.48214667,22266370.6515705,0.3901407776719109
2011-08-25,13712008.005280972,17504871.81222519,22623249.847852387,5.7579736300589515
2011-08-26,6126511.097836137,18825602.665471315,22760053.458014708,2.194044904133032
2011-08-27,22720924.401659727,24585503.646191973,23293139.076366067,8.354691437450349
2011-08-28,1267269.349334836,24535756.6709237,23324559.517087344,0.49187278919708666
2011-08-29,3108797.0998027325,24711565.419667397,23400943.84849827,1.1916574889358602
2011-08-30,403994.07378673553,24031257.502577476,23410656.195211474,0.1516911221021878
2011-08-31,531634.619607687,23543070.5625884,23422430.75496432,0.1861118204399546
2011-09-01,565337.3006181717,23090738.13022328,23435231.4000002,0.20017350401752326
2011-09-02,2273552.143462658,23068288.937145717,23489074.74775527,0.8370563399285887
2011-09-03,454336.16638350487,22240047.134154286,23499495.500013426,0.16298451524675317
2011-09-04,596287.9608020782,21760051.218210943,23512836.052730236,0.2073949281364193
2011-09-05,2742397.666533947,21848357.693143003,23569636.41595071,0.8854462527135056
2011-09-06,2881741.38312006,22000852.852319703,23623774.447745632,0.8374500436903619
2011-09-07,3039312.537750244,21935716.977820635,23683548.545639995,0.9220518851578791
2011-09-08,2617303.797391176,22319469.17492608,23730356.689039584,0.7202164729727073
2011-09-09,6909275.1492910385,23213198.194743693,23827095.86062674,1.4843848237361523
2011-09-10,425518.7895028591,22980114.982230328,23832652.9660259,0.08521926556780708
2011-09-11,10899039.67553401,24957136.227501374,24005545.75752967,2.6290582927218518
2011-09-12,2087911.152676344,25037567.69620802,24040251.44869776,0.5278781718672182
2011-09-13,6495646.490036964,26043603.565801404,24143735.833006356,1.5658166090573786
2011-09-14,3635518.1511626244,26277338.98090471,24199183.05678667,0.8367983354833436
2011-09-15,457048.7499432564,26060362.086846806,24205046.419738628,0.09042769121456161
2011-09-16,1477597.0121569633,25961418.397798315,24224407.314445797,0.29400172752005677
2011-09-17,1475944.7572422028,25757478.718631305,24242041.16232324,0.2904151694531073
2011-09-18,415708.29675507545,25493915.16184992,24247970.306606777,0.09005766896124169
2011-09-19,765992.8839137554,25290268.599904343,24259491.39371939,0.17397812352560207
2011-09-20,2099393.4444367886,25566951.52487905,24294859.460723244,0.5323045246932921
2011-09-21,558703.2685706615,25325081.524409905,24303426.238422822,0.12899858194894842
2011-09-22,666450.8661346436,25237803.731028233,24313370.447257746,0.1501293866984672
2011-09-23,1655913.2184429169,25255458.00504812,24338462.17336194,0.37868651342396253
2011-09-24,221745.46408987045,20953741.160751898,24341767.85947926,0.04981440659045785
2011-09-25,2740115.8114733696,19776435.91076968,24381751.626639154,0.5995230380378024
2011-09-26,568067.9850687981,13381746.94657747,24389305.784234017,0.11342350993351188
2011-09-27,1592431.0037705898,13260248.203099854,24410206.48671966,0.32067544559253897
2011-09-28,699918.7247188091,12442060.940987106,24416105.248942014,0.13680691853967106
2011-09-29,239695.6520769596,12361888.280145274,24419102.57884359,0.046930835334548275
2011-09-30,1445576.4395225048,12463640.55660476,24439334.655905988,0.30327173898445997
2011-10-01,1399404.3651196957,12542015.561279055,24457302.057579454,0.2879451916016178
2011-10-02,813042.4543764591,12022133.33911963,24466548.531164285,0.1661538923932907
2011-10-03,502820.4625413418,11977265.998000754,24473296.108051416,0.10149975867899216
2011-10-04,937843.0902314186,11969774.624137701,24485772.36679505,0.18997569926999605
2011-10-05,601568.3045408726,11371774.33749739,24492698.23184035,0.11961269499109492
2011-10-06,8343913.601529121,12031739.697193997,24601071.081254262,1.6089824546076597
2011-10-07,1223988.9394090176,11478153.009079706,24615257.835986752,0.21246415435311655
2011-10-08,548970.4783191681,10981786.522243029,24620834.79134266,0.08935518273481305
2011-10-09,2255300.189041853,10111125.890777059,24645806.693450864,0.37526710568980526
2011-10-10,1090737.8499836922,10190995.410884282,24657622.73316873,0.17954231976948123
2011-10-11,1519800.5602788925,8291397.3179675,24674261.994064074,0.24819532025383642
2011-10-12,1438585.178040266,8068877.339414817,24690638.600202117,0.24360344528865754
2011-10-13,737656.9047586918,6908209.707092451,24697688.461248927,0.12084667789971848
2011-10-14,1292628.5786266327,6405044.287316761,24711561.206124417,0.20860169317944932
2011-10-15,794175.8720805645,6433878.887897866,24719402.560572743,0.12354038385143874
2011-10-16,2203796.746288538,6461374.670181862,24740052.897608645,0.3212156053184756
2011-10-17,6899765.503480434,6825599.099482453,24789208.473760776,0.7247907649040509
2011-10-18,3006363.809065819,6992425.793515882,24808853.020416558,0.2897561002897416
2011-10-19,3119599.610944748,7084148.60485244,24827873.87998386,0.28082570276315755
2011-10-20,527971.0071289539,6694536.47402128,24831179.740316626,0.05009426478340792
2011-10-21,656259.0801179409,6646374.919537758,24835407.3492617,0.06805851271056426
2011-10-22,2975861.0112245083,6847980.907596466,24861899.514649075,0.3900880956367088
2011-10-23,751136.1470403671,6620104.343177782,24868229.01684009,0.09571853501747209
2011-10-24,431603.2656362057,6616227.728958894,24870829.97629419,0.04407863733381163
2011-10-25,456916.61920142174,6171220.753752474,24874060.51986829,0.050945142256972095
2011-10-26,1569446.6084990501,6224722.719477904,24885824.65389885,0.17565741539400995
2011-10-27,2197591.6918058395,6183791.17036779,24903318.867176566,0.26501718120511525
2011-10-28,740282.3911969662,6150671.272309335,24908336.042578716,0.09421324556096014
2011-10-29,789057.4172186852,6207223.621088839,24915872.16272375,0.11408708982634179
2011-10-30,2210612.858705282,6201121.771997055,24935361.478365324,0.28989770427984834
2011-10-31,407924.34445786476,6010574.957151454,24938705.5014269,0.05316868117250204
2011-11-01,2213389.8081703186,6107473.811279927,24957518.273676246,0.2793618267362086
2011-11-02,366113.7962651253,6064364.30667746,24960364.782086704,0.0477055732705981
2011-11-03,3660219.472669363,6293142.5977931265,24991746.628124356,0.4607541294476554
2011-11-04,2650681.896549225,6472926.04819481,25013152.303637926,0.3327505887354328
2011-11-05,394862.4195213318,5192594.369917621,25015405.65433319,0.046880766283924416
2011-11-06,259099.48751950264,5044002.921000998,25010381.56649178,0.03087183899035664
2011-11-07,801622.049716711,5051013.520575135,25016615.863644425,0.09634865052195239
2011-11-08,1151116.2521398067,4858984.243866531,25021931.07408376,0.13939300822374004
2011-11-09,16453138.826396704,6317570.09658225,25153473.35622815,1.9156265890036446
2011-11-10,4733342.529193401,6561051.9765048465,25190163.982932158,0.5330847692940898
2011-11-11,943817.996576786,6455971.716799248,25197921.62670541,0.11359337014465755
2011-11-12,4089652.282372713,6767357.662690154,25231629.88063864,0.48852222537275763
2011-11-13,565222.5962145329,6651862.397822699,25235803.64875137,0.06696896148837617
2011-11-14,4456139.683167934,6879821.918346746,25262100.89468864,0.3915996590256966
2011-11-15,4205171.013733625,6938583.545133228,25281961.72446289,0.3840580084936911
2011-11-16,52330800.3091743,10770532.761608915,25645832.12190485,5.183121578332337
2011-11-17,6703780.465806246,11041743.61630811,25687683.733974032,0.596583261594923
2011-11-18,3650224.942753315,11070580.04444558,25708973.372265484,0.3048506784421244
2011-11-19,1203241.0401992798,11117173.911477637,25715447.480205767,0.10272874721666639
2011-11-20,3633914.731386423,11327318.962220915,25736788.56234859,0.31062975824209005
2011-11-21,3657386.9714262486,11283099.886954715,25759557.84683596,0.32499621411875224
2011-11-22,5564385.744352579,11634067.369518952,25794764.2105311,0.5004649324000231
2011-11-23,1386698.9636347294,11705317.692468293,25803008.898867235,0.12532577095449335
2011-11-24,6648375.749618053,12207180.345427262,25847031.08842533,0.6315267732150467
2011-11-25,1912444.555879116,12220838.070462108,25859149.231466837,0.18489051387196723
2011-11-26,3739668.022684574,12308743.825368762,25883511.92320302,0.35686733869179854
2011-11-27,1027131.3656134605,12315190.514937688,25890031.14466981,0.09811096220658808
2011-11-28,8525068.356498241,12942226.990936859,25949221.586862512,0.8344633211066449
2011-11-29,5851031.51935482,13243465.776798196,25993614.459981136,0.6257639794130502
2011-11-30,4864316.042082787,13680850.67662919,26032567.66503427,0.5549781052137741
2011-12-01,3123909.3974568844,13769676.350111796,26058661.584672384,0.36981746237815855
2011-12-02,1198708.0953416824,13854202.857305981,26067305.63962796,0.14295853120826832
2011-12-03,1129207.1356129646,13577077.916254146,26075927.270944543,0.12276849050080951
2011-12-04,4563744.380429983,13729864.060491797,26110959.777630385,0.4943029897105278
2011-12-05,3000217.109382391,13977893.45832708,26134300.60367147,0.3295907340955113
2011-12-06,1377255.5945498943,14091254.466764364,26143640.279292926,0.1596161315466044
2011-12-07,3857139.734903574,14395338.821040146,26173895.721730344,0.4406240450399126
2011-12-08,5480733.950531006,14825322.563310282,26218682.253487494,0.6250273890064757
2011-12-09,820750.4578614235,13299874.27943381,26225065.647678323,0.09232441524528831
2011-12-10,892713.1540632248,12943481.235759625,26232248.626454618,0.1043258427467145
2011-12-11,6252128.1970767975,13523383.881479267,26287259.877841115,0.7706925827931326
2011-12-12,1040391.3979816437,13223970.747280655,26296297.483927604,0.12715926853036086
2011-12-13,851006.4812111855,13259829.263989152,26302839.256757382,0.10515104612616324
2011-12-14,1602215.260698557,13098611.950707607,26316602.81622202,0.19212626848134667
2011-12-15,1288921.947854519,12912825.639372746,26327390.694370113,0.15710446123130734
2011-12-16,2880977.715222597,8789281.066818703,26352498.48522176,0.3498388850636806
2011-12-17,743655.9726002216,8357778.777921531,26358943.810968295,0.09028333968858475
2011-12-18,625863.1081476212,8163105.237582339,26364032.896110058,0.07575441027099288
2011-12-19,6975348.916659832,8898162.470786003,26431203.766182248,0.9342530487189467
2011-12-20,6274032.4783144,9468192.140817992,26497671.460179117,0.9470833143856984
2011-12-21,1176688.9249827862,9340906.774738867,26504902.368242104,0.171787004983519
2011-12-22,1113141.2666275501,9055673.688926058,26516682.858697917,0.164137512060113
2011-12-23,1001978.1710221767,9079140.096556755,26527316.082083333,0.14844223968729142
2011-12-24,1589146.159996748,8743268.143706253,26544291.672515936,0.2353399982194784
2011-12-25,1720617.7126629353,8826160.737992601,26563893.293789666,0.2736003016541024
2011-12-26,2177663.4936873913,8807164.760954099,26587366.05759699,0.32598568380560994
2011-12-27,762675.1922006607,8826498.372425126,26594972.56864809,0.11731932429105371
2011-12-28,2634032.390193701,8472200.670546798,26624907.965871695,0.41407626960767174
2011-12-29,1828322.8232319355,8184873.284645117,26644619.372983117,0.28696398097203923
2011-12-30,1252039.840167284,7880578.623459802,26658798.76304202,0.19950881089226216
2011-12-31,1091619.2168335915,7732186.729451296,26672523.590430047,0.19440197559034036
2012-01-01,7208893.780860662,8873778.264206013,26776465.206142318,1.418196519857621
2012-01-02,3407151.3355252743,9359560.449967315,26823955.09374176,0.6626453011938123
2012-01-03,2041885.1807208061,9261394.441596933,26850816.93754677,0.37100343182678425
2012-01-04,1833125.6788954735,9314758.427827084,26878692.565522164,0.38002380075003184
2012-01-05,4127770.6202054024,10149814.069998002,26958471.83920623,1.0840605567468524
2012-01-06,2617652.421726227,10349715.634346487,27006060.50861649,0.649109659375278
2012-01-07,2111330.2654020786,10283008.556023452,27044937.22524098,0.5319362379207185
2012-01-08,2665945.109193325,10835045.726366721,27096160.979469612,0.7005541846083614
2012-01-09,2947926.3320069313,11348638.56398027,27145530.093025375,0.6684152606828117
2012-01-10,4251229.331594944,11583088.433948,27218458.036236525,1.002734698361822
2012-01-11,1395147.4919161797,11792511.75865162,27236687.87460899,0.3534393659955924
2012-01-12,10164700.072295666,13998253.135197623,27425318.303362336,2.5136631632772937
2012-01-13,2525912.3388962746,14371103.323228177,27467886.9896296,0.591294712448577
2012-01-14,1903065.2165398598,14662036.637014154,27501585.615393203,0.46776030022953147
2012-01-15,2284288.8912734985,14892301.666470109,27545483.623991575,0.5854709175751966
2012-01-16,1963814.4380104542,15248288.084298493,27579379.681174714,0.47351920760145505
2012-01-17,3507188.878462076,15825868.716162365,27631636.2402324,0.6993654140607457
2012-01-18,2247894.726094246,15446638.57141286,27667418.10631442,0.4813072295438777
2012-01-19,2970606.180138111,15237909.927148389,27715783.091014914,0.6795277304714237
2012-01-20,1580243.1520946026,15427985.400923142,27743219.212355547,0.36965652507608937
2012-01-21,1093249.9383485317,15507386.643180251,27760964.522635166,0.24258593806191364
2012-01-22,952284.5013599396,15576005.671048457,27776526.712245047,0.21587814453128978
2012-01-23,1113629.8071842194,15603997.707250131,27793228.06062927,0.2549791850568166
2012-01-24,1636035.3981690407,15704735.007984659,27819630.039646678,0.36988300080408565
2012-01-25,2007316.7556724548,15803645.248351382,27851016.389224976,0.4177372830234906
2012-01-26,3367695.723995447,16299888.634834152,27896832.923314285,0.6455000055123349
2012-01-27,1684727.1494765282,16229583.085029954,27887041.731123332,0.31970318547913806
2012-01-28,2030967.3963844776,16359244.710520215,27916620.692463126,0.41322676331588626
2012-01-29,1623214.0310866833,16475135.376733968,27937140.504499618,0.314827683456959
2012-01-30,1259004.6381063461,16532697.712857572,27955484.45880187,0.24725242640148085
2012-01-31,1812174.9388723373,15601186.005433159,27979889.93852218,0.35843380973774447
2012-02-01,2152937.3590073586,15444713.795760464,28012555.10351372,0.4669549587242136
2012-02-02,1636313.3445129395,15446458.089290537,28036275.004719563,0.357182758244417
2012-02-03,1318035.2525117397,15367814.208956474,28056556.20364211,0.2799782853214093
2012-02-04,1939845.614560604,14773572.640047645,28085602.029582735,0.40580824693679185
2012-02-05,1125842.0856041908,14401464.04859016,28101451.46971864,0.2265590089163976
2012-02-06,1855736.1133608818,14259050.037104165,28124566.184454475,0.3596059669502412
2012-02-07,1665949.3431043625,13941669.94905418,28138713.528053973,0.3362245509218906
2012-02-08,1209709.7474737167,13566271.15117999,28156646.68625562,0.24443687183234777
2012-02-09,780146.9977908134,12808376.689788615,28163018.95491992,0.16177450558092363
2012-02-10,2234806.67250371,12929582.222602578,28196710.13642279,0.47036280525182933
2012-02-11,13429993.53878951,13138580.604499407,28395159.935284846,2.6486191304654403
2012-02-12,1415053.3013367653,12857313.207892034,28414824.810101423,0.2746310946146568
2012-02-13,12513325.307373047,14660051.222898744,28596691.53433187,2.3410501985543735
2012-02-14,18509325.349571705,16843352.730206087,28797367.35813711,2.8344995490897396
2012-02-15,1760692.918088913,16664737.819285013,28816866.21461118,0.2672365075294914
2012-02-16,2537530.016236782,16377597.685025217,28844992.004721545,0.3713090539522097
2012-02-17,1173452.7839403152,16105495.15948683,28858339.6665624,0.1785775845310286
2012-02-18,2612773.64489007,15851986.878048146,28886538.682245564,0.3887068250865358
2012-02-19,954236.9647428989,15650372.80877131,28896484.61196424,0.14559002545301372
2012-02-20,1315287.4264657497,15617117.409406178,28910062.99617679,0.19843462949325538
2012-02-21,1238208.6253774166,15593560.14938781,28923288.64788009,0.18288470968877957
2012-02-22,1762939.547325611,15619427.340723636,28942535.325122364,0.27166626187883847
2012-02-23,1692686.1546702385,15559105.653876098,28964801.736821584,0.29278148395254566
2012-02-24,3133591.2311000824,15696680.407790523,29004082.644702952,0.5434286864504184
2012-02-25,1452872.2904982567,15327435.398879576,29021408.031881448,0.23879115482042176
2012-02-26,1072050.5740323067,15206137.293891484,29024537.64659372,0.18179903465253894
2012-02-27,1364106.8134188652,15047139.79332794,29037086.345402803,0.23301131918246923
2012-02-28,1600617.5207293034,15013548.43525838,29054695.624484558,0.26803393799085823
2012-02-29,6242945.674054623,15794503.588999638,29087270.781162564,1.043092568023077
2012-03-01,2297235.6181328297,15837051.8256933,29116139.316484388,0.3882858755630572
2012-03-02,2366719.697507143,15772567.322469594,29145954.616602477,0.38242241717691866
2012-03-03,2940683.2347836494,15893649.341878003,29181046.189571872,0.4676506294765307
2012-03-04,2075263.958185196,15965241.118775638,29205042.540644497,0.34250865380275924
2012-03-05,1422967.8210487366,15819644.189182017,29223730.18831653,0.240539485913783
2012-03-06,1296002.0805535316,15822991.302111031,29240687.2222231,0.22116615566569606
2012-03-07,1305784.62566185,15700776.294490652,29256108.90894466,0.22037488338834443
2012-03-08,1869112.2530891895,15692581.991513673,29281039.243602633,0.31471209588961746
2012-03-09,1658725.265835762,15731938.883262916,29302151.71440232,0.27517533416466
2012-03-10,1863353.3378582,15880256.490421927,29325201.162018485,0.30709377344468375
2012-03-11,2020074.4776244164,15767775.853399627,29347616.996813484,0.3369358598705022
2012-03-12,1212783.4742426872,13458875.097056424,29361773.122259572,0.2023359114651464
2012-03-13,2079582.3007969856,13564207.21202042,29383609.089691333,0.3731181508825633
2012-03-14,2697035.7123680115,11816665.237694748,29420060.244512998,0.49354185695060665
2012-03-15,1375552.3319616318,9341037.051398706,29427121.621742446,0.2500169502576835
2012-03-16,4356673.219448566,9860292.30676605,29488062.58016603,0.7894237297846413
2012-03-17,1496607.2004919052,9763438.968700487,29508594.8066874,0.26449265380798537
2012-03-18,4204088.060307503,10328129.36206413,29568337.178627115,0.7472237704361129
2012-03-19,1886463.2221589088,10249395.442238523,29592216.680676334,0.29961855307502533
2012-03-20,2067609.7322096825,10442425.006569903,29617302.556409977,0.337570473916643
2012-03-21,3060864.5039834976,10739142.36538916,29655747.594621424,0.4936067909650533
2012-03-22,1571177.482834816,10808815.478364589,29672513.48478723,0.24870898249515275
2012-03-23,4337343.039795399,11225750.643018952,29719702.19215136,0.6854296583793751
2012-03-24,1774915.599916935,11217290.598990856,29741237.251260795,0.2766043740734512
2012-03-25,1447786.6429767609,10911483.222065322,29751963.317453474,0.22141158064953181
2012-03-26,1474544.9184088707,10910608.681050079,29767391.16426694,0.23192557486454315
2012-03-27,1802798.9079213142,11023847.796393238,29789644.914101455,0.29116850538812294
2012-03-28,1564959.7538557053,11048182.1607411,29809343.24679972,0.2514648062834528
2012-03-29,1701886.8817605972,11058864.993965352,29830832.236258175,0.2718036633328899
2012-03-30,15695810.1106596,12590124.393961286,30038707.061061706,2.5393402525856743
2012-03-31,1142582.2077813148,12400231.315155257,30053054.774980076,0.18662306794866773
2012-04-01,1085988.0699419975,12201766.06672135,30066736.234216977,0.1726861512984536
2012-04-02,1490881.0450985432,11994069.656687455,30086460.484981768,0.24647772449078262
2012-04-03,4863492.141871214,12464734.363981878,30146687.555334542,0.8001847957392785
2012-04-04,3358148.034311533,12781770.934215901,30187715.02940875,0.5479234889718454
2012-04-05,2199735.282237053,12927597.097669221,30215615.408998825,0.3588156368422946
2012-04-06,3317282.218445301,13260038.27740585,30259292.172702182,0.5426613050822686
2012-04-07,1661323.3632383347,13213729.364228856,30278563.68218772,0.258461065624268
2012-04-08,863294.1225357056,13082869.164959202,30289467.979280096,0.13659610708563388
2012-04-09,5302224.956091404,13645001.460922578,30359849.627380386,0.8520976183439063
2012-04-10,1512275.5529608727,13559211.788475567,30378865.755324665,0.2407783902622857
2012-04-11,5808155.415603399,14307658.063586738,30452842.39327576,0.9324032552879216
2012-04-12,5394770.923110485,14822273.097183438,30521334.346424233,0.8650345557646263
2012-04-13,2457770.1349306107,14739617.72882797,30551216.3923511,0.39410444282755414
2012-04-14,1496571.8942039013,14741962.954341082,30563592.68949858,0.24302234503587863
2012-04-15,2895238.0633149147,14445548.689896012,30595229.865694914,0.47020886837447934
2012-04-16,3268710.196961403,14725782.537006149,30637140.018775616,0.5291558531225252
2012-04-17,1778981.1421453953,14284194.304723503,30651968.79684495,0.28861171960253357
2012-04-18,2475225.4724326134,14412737.030862063,30680800.130838186,0.4146781985491867
2012-04-19,2028539.8395223618,14425081.896450957,30705239.521873448,0.3376711267919165
2012-04-20,2808167.0025019646,14442478.29564617,30744013.98784755,0.4931096630940773
2012-04-21,1617645.2883281708,14480596.708557038,30756253.052122787,0.2771265085430441
2012-04-22,2865742.4795250893,14298299.894317951,30776880.611858666,0.48419009975262456
2012-04-23,2074594.2564041615,14383352.668526001,30798399.517076753,0.34995778057624055
2012-04-24,2428944.5907258987,14572733.095081713,30823240.451744795,0.3980386825785895
2012-04-25,20592749.327145338,17894649.11625467,31106864.386270523,3.425652248968282
2012-04-26,2545292.1999833584,18038035.255967777,31131277.70032532,0.41679595363795724
2012-04-27,1165924.4716050625,17986752.70755334,31125625.30210473,0.19140255704863018
2012-04-28,1232546.150317192,17920579.041848235,30929318.99568538,0.1979648989938918
2012-04-29,953813.5556178093,15534705.803628646,30907397.604332007,0.15214159695336887
2012-04-30,4437013.873136044,16075201.118684761,30946777.484851517,0.7051930607541361
2012-05-01,2528599.320560217,16323462.896058885,30958157.751096897,0.40829181068335885
2012-05-02,1565659.9938976765,16341085.331282753,30943920.1063098,0.25673267471422495
2012-05-03,1750800.6959235668,15835172.666351775,30883896.750681676,0.28965065995289035
2012-05-04,2581725.707080126,15720992.947983962,30907540.397225507,0.4243354994739198
2012-05-05,1202790.6997542381,15561751.471372932,30886050.305002786,0.19635372368245246
2012-05-06,7044103.779195309,16200133.894481404,30966608.75929733,1.1487218361900329
2012-05-07,1642513.4522869587,16215384.886359999,30958786.158914037,0.2675608645865243
2012-05-08,2214415.155456543,16450164.224685034,30970155.58884565,0.36101864355639723
2012-05-09,2499715.831157446,16008106.263912994,30937118.633264046,0.4075304131281541
2012-05-10,2705157.0613598824,16213316.138042748,30885703.150515888,0.4361523049291109
2012-05-11,2521192.6211936474,15683675.67207142,30741966.102093082,0.4067766960509749
2012-05-12,15787909.44421053,17408508.514379773,30782812.18298453,2.5386567576223498
2012-05-13,3070361.2127785683,17513864.554857567,30743986.076887585,0.49443983256852664
2012-05-14,6927805.275836229,18422273.370263737,30781810.652868085,1.1266361430586376
2012-05-15,3108548.8371572495,18464774.41971962,30508454.891502757,0.5133390056028011
2012-05-16,3114541.0056636333,18452679.181441322,30514302.624595527,0.5193946265298472
2012-05-17,5440915.436715841,19082714.618791416,30550490.420137383,0.9082531953684647
2012-05-18,2763398.5052838326,19130061.772849385,30486669.671068013,0.4639100860355533
2012-05-19,3525620.4743766785,19383749.398893293,30490169.262644734,0.5896622434008874
2012-05-20,4030421.367826462,19563582.018766887,30478978.910184164,0.6744041208364338
2012-05-21,3748684.3343207836,19916745.921461385,30507706.250974003,0.6266708466299598
2012-05-22,4657966.839609623,20211747.375294946,30541392.01726685,0.777695544954501
2012-05-23,2668335.421192646,20308752.5198576,30503141.837248404,0.44875029432085983
2012-05-24,2998131.6105616093,20411442.26600349,30486085.46850825,0.5034931238531148
2012-05-25,1441564.6637084484,17106141.947620075,30457802.061098095,0.24303429304673985
2012-05-26,3166477.9571340084,17212278.493672304,30436911.008637056,0.530917442773888
2012-05-27,2320966.146841049,17411275.852207493,30433943.895457,0.39191256544297604
2012-05-28,2101800.280916214,17565885.783119503,30443378.54730637,0.3534830216550708
2012-05-29,2024188.560198307,17756621.377685152,30402377.606005087,0.34288004712191444
2012-05-30,1642434.8659529686,17310303.05440678,30377692.33120132,0.27763475068203
2012-05-31,14626558.709737778,19419365.635070868,30537079.241349496,2.485890648007644
2012-06-01,1984108.764986515,19503414.353021357,30190110.568937745,0.3466624240958887
2012-06-02,1525667.9243900776,19471204.425314963,29573796.413206086,0.2698078776587845
2012-06-03,1926778.2376224995,19368649.359516505,29465942.282892335,0.3406819480482555
2012-06-04,5249498.092051268,20086925.823742103,29116064.261864867,0.9483728523763839
2012-06-05,2174337.230661869,19295370.183346078,28629217.770639487,0.413051818509867
2012-06-06,3085400.5490705967,19578877.86389373,28384026.903658908,0.5914802034482876
2012-06-07,1864869.9736497402,19553734.012602396,26600346.787690204,0.3919681237953163
2012-06-08,1949540.4990355968,19499532.17571769,25784022.94955529,0.4259134291244076
2012-06-09,1269616.7544658184,19285805.460263558,24810750.860032182,0.2845165466637068
2012-06-10,967796.1806638241,19045374.942050338,24069273.003128756,0.21987368933145832
2012-06-11,2303454.1405613422,16870100.046421792,23478420.033046402,0.5489614411853836
2012-06-12,3946413.825140238,17117163.376078732,22682002.354363117,0.9969556860443465
2012-06-13,1685140.128989935,16292779.80391861,19940668.648731448,0.4988996828919205
2012-06-14,2114903.271769047,16190957.654781245,18813586.65605122,0.6700750714274976
2012-06-15,2094219.9772820473,16120176.085300777,17890279.28997836,0.7672053358493511
2012-06-16,2181641.764458418,15664200.631098999,17595117.048548214,0.7995580182440954
2012-06-17,2534871.250176668,15714880.727067301,17563017.823844872,0.8918442483059918
2012-06-18,2122718.5320544243,15562062.471339952,16896712.255537063,0.7927195382565669
2012-06-19,2767441.969490528,15476383.343047058,16840818.219046414,1.0679276323277394
2012-06-20,6873082.936230183,16371873.231821217,16859201.97694208,2.7274711360093202
2012-06-21,1476034.352590561,15908811.650827976,16850994.38123288,0.5851320613887006
2012-06-22,2911413.676638365,16087980.337318528,16787624.40643784,1.135559982184384
2012-06-23,1609378.0144028664,15921192.075951748,16674073.179708326,0.6204774594715916
2012-06-24,6652163.357774019,17082490.30695803,16740050.434893461,2.5233638026451897
2012-06-25,2371828.6246962547,17043110.667168524,16482499.533356555,0.9087273283184286
2012-06-26,3180367.6016869545,17325661.37906075,15940032.379849698,1.2800454791532374
2012-06-27,2035923.6953876019,17418040.17148011,15586658.208029838,0.8682156899995547
2012-06-28,1766526.3069553375,17456547.21401101,15487972.977964746,0.7476498027577198
2012-06-29,1522883.0538105965,17513999.70214244,15406757.368604101,0.6592871840320021
2012-06-30,1838707.6259438992,15393636.845943294,15373015.802072337,0.8001653140762708
2012-07-01,1193247.102764845,15308485.22520263,15357046.687427962,0.5151529752011137
2012-07-02,2231331.6048920155,15545378.216406457,15344919.428933676,0.9831288492938832
2012-07-03,2198875.4800844193,15683511.9611059,15336483.430600772,0.9247574271620967
2012-07-04,3269630.499871969,15472603.181213152,15190460.737287734,1.4012492369613976
2012-07-05,1438216.362056017,15395033.782400243,15164957.148496693,0.6263300585212609
2012-07-06,2826542.611666441,15467711.697708098,15171140.711730951,1.2503296770707513
2012-07-07,5254246.430462837,16316326.325156642,15220160.424122104,2.3577232989777683
2012-07-08,2777128.482470989,16578963.207077783,15249405.158732643,1.2368264789594734
2012-07-09,3083996.619583845,17065480.590719115,15108408.10554381,1.4332807608052427
2012-07-10,20758938.120845795,21871149.881437574,15427863.881027495,9.68781418664704
2012-07-11,4565703.8407251835,22537293.893275056,15479895.280285245,2.1235975475291182
2012-07-12,1361747.1443276405,22133043.953050695,15481428.979112763,0.6772923239495267
2012-07-13,4418958.90336585,22930386.464832436,15535305.899358839,2.1801095413483313
2012-07-14,15673540.008009434,26465596.085641693,15833922.361596944,7.4942140890143145
2012-07-15,1696487.7408521175,26439552.210028198,15850425.401666302,0.8166469438316069
2012-07-16,4569578.10738349,27263798.91714739,15915013.281622827,2.4376805375640815
2012-07-17,16021268.868195295,31441255.237514954,15801920.38877506,8.922153926320831
2012-07-18,4264718.96326375,32292672.91075944,15840950.708014578,2.4579890975166214
2012-07-19,3764810.8313651085,32810036.638385173,15754909.13561126,2.1266823354865445
2012-07-20,3346163.920450449,32227558.658424936,15819338.047748307,1.80213908340568
2012-07-21,3112272.8453781605,32816543.73759335,15871974.318818208,1.734479208497252
2012-07-22,1961078.1541042328,32737391.091577824,15901540.002093414,1.0495068458293957
2012-07-23,3098451.180802107,33290975.76678478,15944145.066661064,1.6904905662302763
2012-07-24,2032306.3165557384,32460109.516624443,15954103.853788212,1.0853163534436616
2012-07-25,2578263.192522049,32717130.127599016,15989614.812545419,1.418965769981683
2012-07-26,3258318.483645439,33000374.07975076,16040537.08991519,1.8017654139589567
2012-07-27,2482184.8425736427,33285669.542685214,16041308.281498395,1.3771598121074133
2012-07-28,2544202.0708374977,33653454.2921425,16067741.150049899,1.4073616331403582
2012-07-29,2916037.7884435654,34167326.74961046,16075856.229177928,1.5908111543218142
2012-07-30,2210788.3848097324,34426338.46862533,16065201.104158511,1.2493653492339476
2012-07-31,3644271.0800056458,35286511.91241777,16105506.945743436,2.093472233981137
2012-08-01,2911660.5594553947,35715375.525421,16132057.236190062,1.7326954003154311
2012-08-02,4628273.462054253,36859496.53317823,16209238.06485505,2.9925007577552134
2012-08-03,3700742.847796917,37503214.117282085,16241895.163671423,2.4995327596459713
2012-08-04,4277439.898575544,38752846.8187345,16317815.517425185,2.8795061135288953
2012-08-05,2920087.857769966,39171255.249487504,16354255.869192641,1.9273992434508598
2012-08-06,2799421.0346417427,38993147.13754782,16396263.560479892,1.8627221607706035
2012-08-07,3698082.994283676,39703650.65625436,16441152.42851055,2.4436227219832127
2012-08-08,7078882.099191427,41590446.213551395,16640275.797001455,4.702954346290527
2012-08-09,2378535.6722881794,37492392.68587591,16689492.136320142,1.5890640967017904
2012-08-10,2441572.2165009975,37330110.06963669,16741495.127027942,1.6727651236378163
2012-08-11,1692232.357211113,37630575.776889525,16784503.57207422,1.1617516207837542
2012-08-12,1728617.704581976,37171401.89619298,16811396.920768175,1.1952279928170741
2012-08-13,2701092.2771151066,34300922.829587184,16879684.16888941,1.9282607258999593
2012-08-14,3733438.1786396503,35386469.8274177,16968102.902447604,2.682127263092714
2012-08-15,4050014.399909258,35875285.55898825,17090738.729279347,3.1280210250488345
2012-08-16,4192159.511051655,33061989.503513698,17218130.38984327,3.286552203673779
2012-08-17,15591470.067632198,37704651.3477292,17670344.890100826,10.08564012584172
2012-08-18,8070965.290901184,39691753.85065828,17897819.245326787,5.202799333672241
2012-08-19,20656583.72551012,44236116.87599552,18321133.00006881,8.997234948785737
2012-08-20,5889064.326468945,45273534.432851344,18469133.98716738,3.1756841549917714
2012-08-21,3376655.048723221,45833226.4234068,18532389.678325627,1.8065417028893145
2012-08-22,5210004.813999176,46619347.085873276,18653673.408464044,2.709227592290802
2012-08-23,4488713.141005516,47553372.18277664,18754081.582607117,2.417393916330254
2012-08-24,1359984.773455143,47277609.59959099,18436689.15123302,0.7819103788307025
2012-08-25,1633428.8916201591,46887566.97555183,18346999.909921806,0.9374833113428397
2012-08-26,1884930.6024456024,46814869.537376076,17868379.450636815,1.1142880644905548
2012-08-27,14748718.190549374,51370637.338446826,18273347.78025728,8.716856832880273
2012-08-28,6326254.911696911,52827244.246878155,18386733.94100347,3.7674912183892424
2012-08-29,1901073.32619524,52842903.97026245,18433281.635749057,1.1143483670158147
2012-08-30,1568403.1389727592,52280061.63161139,18467451.417169977,0.9113960050775398
2012-08-31,21264753.365638733,58549993.392415315,19046516.57280858,11.343275993224363
2012-09-01,1385458.9859800339,57393343.25198772,19030475.405800965,0.7255022633158611
2012-09-02,2231740.823831558,56799640.744353995,19082409.706975505,1.1940878621315234
2012-09-03,1472721.246626854,55749833.343442395,19111496.240046944,0.8106653356658613
2012-09-04,2538325.892926216,55577785.76046863,19126537.62815091,1.3781769294968444
2012-09-05,1464739.73666811,55101195.10019223,19116839.635647494,0.8497201414693537
2012-09-06,3245564.0869526863,54972786.11680754,19156527.974180706,1.896152799573827
2012-09-07,1785106.357199192,53018709.868347876,19163501.059474476,1.024665058240125
2012-09-08,1642155.2768583298,52738836.36983695,19116256.917834654,0.9481180269018057
2012-09-09,3550521.367772579,53119031.13530675,19218666.317691755,2.050633039705755
2012-09-10,21629911.16671467,60522587.25208326,19707691.3275193,12.259483047353722
2012-09-11,1132091.7755861282,60280389.02850827,19708067.1672586,0.6508758764594575
2012-09-12,2595209.126159668,60178670.87379338,19685306.139409296,1.4984215738441797
2012-09-13,1800902.6227164268,59341251.113598555,19685684.721573126,1.035677390963692
2012-09-14,1596778.2353515625,58180391.51119024,19730741.147718534,0.9444349741878515
2012-09-15,3584330.0257053375,57697977.95872877,19826614.737317003,2.124209218771402
2012-09-16,2014089.5508379936,52551286.8004198,19872575.691343714,1.1984357277938573
2012-09-17,8200382.87734127,52697413.14601364,20133723.18923065,4.842748233657099
2012-09-18,10210534.733717918,51372063.55796277,20464842.174703747,6.111899100920145
2012-09-19,3773247.1433143616,50998297.34295785,20559381.588653307,2.3074210430289113
2012-09-20,6835017.398105621,52702896.695639744,20782621.062262323,4.071551664972543
2012-09-21,5894831.349284649,53454269.2803494,20972834.96046304,3.4844227961954255
2012-09-22,4213997.974960327,53660975.69733638,21088781.666904777,2.4438204182579017
2012-09-23,1933226.1936354637,53964048.76120247,21149865.118393335,1.1114978929186212
2012-09-24,6382788.617682934,55957043.039755575,21320748.441071328,3.6110287027749726
2012-09-25,4847301.824990749,57261185.78118048,21474908.669919245,2.7490130507084403
2012-09-26,3023673.863535404,53188329.842768684,21555107.915024575,1.7211919537512141
2012-09-27,3143602.8563132286,52170240.79384165,21652063.791923016,1.7887064975407254
2012-09-28,10987786.790060043,56023859.75471147,22021936.825439423,6.182456483952668
2012-09-29,2964318.647907734,56692815.65749757,22102726.082996786,1.6694700187929228
2012-09-30,2085415.981622696,50354514.734059714,22154393.217146717,1.1691074649567712
2012-10-01,2821751.8978509903,51064285.36334249,22239419.407791886,1.578268353762454
2012-10-02,3054624.834801197,51608453.267042175,22339767.564704936,1.7507393847778212
2012-10-03,8008491.62671423,54549017.90209,22611160.07111152,4.586671636474382
2012-10-04,4251967.646057129,55496579.57606251,22753233.949128862,2.4078600537372705
2012-10-05,2065082.310722351,55828506.2653557,22716573.87412654,1.1534206039885342
2012-10-06,1402592.7463116646,55202597.30228909,22750317.916088328,0.7712611015405031
2012-10-07,1614201.9510669708,55183160.68162351,22796490.716409862,0.8357896636919072
2012-10-08,11157128.630242825,58930217.5402045,23128784.998609513,5.6438837386383565
2012-10-09,2225904.073784828,58496006.00811275,23188941.161299575,1.1377874472086367
2012-10-10,3660471.3798799515,51921177.50546482,23293700.657998536,1.9044313011523342
2012-10-11,2458087.7222924232,52479549.36176742,23358259.388273887,1.266304166257269
2012-10-12,3165336.753461838,52761082.83699171,23454035.437757183,1.6177553651456142
2012-10-13,1174027.8433790207,52545653.69227658,23478063.5767753,0.5931129799006692
2012-10-14,7637342.18426609,54882704.16476389,23712836.3759541,3.742526401066234
2012-10-15,3092213.3309583664,54695421.36953935,23791056.93178474,1.53408039205443
2012-10-16,3312632.738359928,55212252.89929063,23849560.93516356,1.6487075259468578
2012-10-17,11298174.108505726,56458652.81118784,24199440.478354372,5.574283830618438
2012-10-18,3666587.651582718,53748640.79162411,24300279.88868498,1.8015714264063811
2012-10-19,3086961.346083164,53371363.91486857,24395833.159133907,1.4806152825786938
2012-10-20,1981783.1407103539,51321033.11593974,24454510.777035087,0.944921435205433
2012-10-21,5954888.797512531,51193822.54446194,24617698.656643767,2.813500484297128
2012-10-22,1668248.0901908875,50127088.874540955,24664698.20372915,0.7920301710069859
2012-10-23,2885361.191131592,50463969.78661015,24753789.123131797,1.3579520173447377
2012-10-24,2772675.2622675896,48974364.19394562,24838815.0251968,1.3004511999727126
2012-10-25,8338577.638699055,49994527.70793345,25072426.88814847,3.575230671363002
2012-10-26,7272552.073775291,51206877.008591294,25255635.518166237,2.90909160739462
2012-10-27,1800447.0551314354,50551401.89782488,25301438.91182841,0.7535118430704715
2012-10-28,1162289.4709291458,46432914.14806297,25328157.96464278,0.4972739683777565
2012-10-29,2222599.028784275,45988882.407646574,25372952.984557025,0.9292921612637984
2012-10-30,4850808.086315155,46877470.378428936,25513316.128484596,2.060042110972209
2012-10-31,2722827.0815782547,46724181.615444645,25577778.953339674,1.1924846572285004
2012-11-01,4311078.960343838,46939414.73839542,25699360.75087354,1.7731221041864038
2012-11-02,2190362.243144989,44253423.362450816,25731183.147658728,0.8989180619825364
2012-11-03,1357142.880555153,42908649.69534622,25747950.9612235,0.5609531076107769
2012-11-04,3637524.7842292786,43344766.47238726,25852368.84145281,1.5196003086063243
2012-11-05,2971410.6053056717,43824442.670036145,25937751.32011861,1.2312833441753932
2012-11-06,1845821.9389104843,43858696.855508916,25986163.319281127,0.7727457349776506
2012-11-07,5085231.678432941,41358515.40152134,26128746.46362223,2.1252734035978507
2012-11-08,1797123.6019439697,41130203.64771283,26050253.507967837,0.74988650483405
2012-11-09,2817978.889152527,40667376.615493484,26096960.21736746,1.167815769819145
2012-11-10,1539341.783044815,40240202.310075775,26135045.464433596,0.6414158353070742
2012-11-11,3449406.429477215,40225124.70995284,26203988.89369658,1.4307197202742454
2012-11-12,4253881.964643478,41332025.281337455,26328487.923365552,1.790158307953142
2012-11-13,4520799.714895725,40035975.437141724,26437999.678868752,1.8860890181171786
2012-11-14,3069202.625225067,39937608.462088674,26503305.55509615,1.2657434229844422
2012-11-15,2927436.99720335,39725089.30749514,26229387.500578865,1.2560482384805751
2012-11-16,6415489.865564346,37741102.611262634,26393908.340953376,2.855770653888932
2012-11-17,3465595.587993622,37642636.81544371,26484284.554794416,1.5414694681331091
2012-11-18,2057507.6429290771,37238636.25704751,26542802.666988965,0.9042310624046227
2012-11-19,3773323.6179327965,37941501.327877775,26641977.820787705,1.6587936467354985
2012-11-20,2397369.7894830704,36571684.98703863,26696212.500486273,1.0551091045990275
2012-11-21,2911614.931444645,37060894.66398327,26754574.419712517,1.2787149930991946
2012-11-22,2429343.45885849,36938306.04954428,26827733.371658593,1.1158900019164149
2012-11-23,3581217.6688833237,37336197.94742866,26904213.73221061,1.6442934992367053
2012-11-24,1676127.6865386963,35041565.779893,26948103.138238683,0.771881585996659
2012-11-25,3849571.240776062,34192800.633839786,27054325.11886248,1.7745038079048856
2012-11-26,5234989.225977421,35687507.20415088,27222451.242448665,2.3475524083763952
2012-11-27,3627037.3950390816,36736622.89504915,27283861.737583514,1.6151857377660175
2012-11-28,3167188.286711216,37253430.133094236,27346374.712471765,1.4291877394699748
2012-11-29,2292354.3382763863,36452806.99630479,27384983.77119766,1.0421701086256603
2012-11-30,4736338.801260948,37419839.93197159,27521628.0148624,2.1623756053132364
2012-12-01,2539515.238202572,36964113.49133792,27598805.460520007,1.1557134759854686
2012-12-02,1591364.7520503998,36856174.628438555,27644533.56235882,0.7195657454577313
2012-12-03,3567573.6387143135,37881433.45831195,27733011.45967448,1.6298683634929312
2012-12-04,21562772.88102436,46210484.0138073,28501622.85971147,10.145274385174568
2012-12-05,4315689.41932869,47059215.616848834,28647446.75711186,2.003622513508018
2012-12-06,2159965.260670185,47338832.59179317,28693847.73879508,0.9921710877152928
2012-12-07,9541053.348953247,49781250.46436138,29001836.428092193,4.441210694532798
2012-12-08,1418494.1530313492,49764637.12536021,29047357.303523444,0.655355087355465
2012-12-09,3775390.1472177505,50419869.261317536,29177211.28796127,1.7182384317033723
2012-12-10,5022610.976237297,52110112.93701181,29306557.441600665,2.302240460096189
2012-12-11,3787093.797946453,52570237.21321937,29437928.60322579,1.7424558853188106
2012-12-12,5800485.419576645,53630652.05217207,29646637.741572373,2.6628519310888685
2012-12-13,9484184.417431355,56299647.188237116,29988769.698391728,4.33276443962353
2012-12-14,3547998.683980465,56789860.43518459,30109637.182149183,1.6025693637630911
2012-12-15,1811137.242410183,56506095.32009496,30151317.439204317,0.8103268642606408
2012-12-16,2739858.025375843,55211007.273319334,30244858.62824635,1.207554246729095
2012-12-17,2051659.6846175194,54756333.09980657,30313864.927032027,0.8967675644995267
2012-12-18,3700441.0294976234,55584635.280464344,30380047.007510476,1.607959726409394
2012-12-19,3998374.178957939,55923980.17759963,30460261.769016333,1.785076269927438
2012-12-20,5845166.923630238,57625133.34252016,30664779.06770118,2.5828332772373432
2012-12-21,3761554.296005726,58177450.26090692,30791980.71329998,1.6491626007723326
2012-12-22,1673984.8716545105,57932041.04567971,30843040.29898376,0.7319162692090606
2012-12-23,1628337.8104963303,57179866.12953829,30885303.977621455,0.701731032772411
2012-12-24,2009542.0225858688,57382763.71861341,30939056.807878744,0.8690527455042483
2012-12-25,1332922.4895768166,56375647.46168449,30964063.4230321,0.5746828183607953
2012-12-26,1567133.299703598,54948041.19184763,31013262.98103134,0.6796428642128146
2012-12-27,1534848.1833262444,54165019.81614591,31039435.913934123,0.6629586676681694
2012-12-28,2420153.3130779266,53944864.94959556,31107469.917810146,1.044072614948048
2012-12-29,2246146.678301811,53997752.64330163,31175436.43036273,0.9663519030444738
2012-12-30,2354300.2248296738,53070312.10958042,31248049.27898259,1.0141074965444745
2012-12-31,12161752.234553814,57483944.15281368,31594161.5609535,5.200494793059587
2013-01-01,2200052.383275509,57796532.7365372,31625654.57221387,0.9255054893963179
2013-01-02,2481878.609014988,57388472.40071083,31688661.702889316,1.0400990813920634
2013-01-03,2741890.875061035,48970054.362295106,31760962.25158554,1.1524916308301552
2013-01-04,5071761.531983376,49333986.314253256,31868063.653899953,2.1437332552665342
2013-01-05,2112756.7961273193,49331527.82152706,31897832.30212498,0.8902000321212897
2013-01-06,1406165.2728595734,45671792.74709373,31910503.621878777,0.5957666509374518
2013-01-07,2131012.375843048,45993717.689014755,31937111.163467098,0.8984557649518983
2013-01-08,5836143.3289141655,47007035.55670749,32108038.438048422,2.508186289582052
2013-01-09,4291062.943565369,46727408.45526042,32195131.689927693,1.8351199744667614
2013-01-10,4814510.046040535,47286837.79208467,32355270.468987398,2.1040520157686613
2013-01-11,3346888.83044672,46245792.478965014,32297120.42736146,1.4773220192852474
2013-01-12,1831783.1761250496,42781083.42336378,32323836.555937108,0.8041435064254514
2013-01-13,4293499.4114198685,43192891.94301274,32454638.98812165,1.8674383564637693
2013-01-14,2616330.262670994,43625595.28442466,32512958.01054303,1.1507265116899874
2013-01-15,3990825.9963297844,44303827.38340597,32632985.14598119,1.7426928671495743
2013-01-16,3878479.089507103,45297938.51927058,32736226.828657337,1.741429309966029
2013-01-17,5344611.7119374275,46448806.87366135,32928170.429613072,2.5320551253962758
2013-01-18,4316336.514584541,46892967.75152966,33062047.343622997,2.0476262734756516
2013-01-19,2590177.8372330666,45601079.62137702,33144759.414587785,1.220264338162903
2013-01-20,2658556.1917438507,45297475.79836061,33240481.191807937,1.2536782504777662
2013-01-21,6429005.049551964,48145234.52655315,33519963.21861427,3.2221779041957452
2013-01-22,12650016.810966969,54701361.99065711,34098785.97351791,6.403659073094493
2013-01-23,3921428.01004982,56092605.92111288,34258607.84183447,2.0031459098600997
2013-01-24,9436103.029067993,60814812.2495252,34663611.3957313,4.600233462917745
2013-01-25,5840057.44506073,63509395.036141396,34893496.38387849,2.9207570762838864
2013-01-26,5330668.686779499,65934533.35693491,35124774.292446844,2.6571562261269475
2013-01-27,12489901.3716259,72322752.61365607,35707210.29341034,6.276744481618118
2013-01-28,5498691.623156071,74749904.73213547,35965143.50066969,2.862243713143755
2013-01-29,14135168.470931053,82899608.33690476,36702863.85082207,7.524753117135858
2013-01-30,16350364.414039135,88159505.21249641,37557859.03002717,8.576159218741758
2013-01-31,9851920.736388683,93886438.05640832,38072919.57993833,5.281383840488198
2013-02-01,29862637.68861866,113002011.66116157,39706926.38002937,15.272563538821771
2013-02-02,10953100.244701862,118948848.81520933,40274471.94525014,5.338601536372352
2013-02-03,3679024.9078269005,119197045.48166113,40450814.84636132,1.872954305546832
2013-02-04,8856963.651922226,124273265.72030321,40928391.343635626,4.41458978883883
2013-02-05,7512475.895635128,128798125.37288818,41324674.19742265,3.7449055910460283
2013-02-06,4116786.4720454216,130738528.84426974,41536852.9904711,2.092266975596593
2013-02-07,5429968.32933712,132071912.01690103,41848228.09824465,2.880275759624845
2013-02-08,8496210.136677742,136524742.97632235,42363600.15183456,4.547934012616497
2013-02-09,10849544.398136616,142812250.25358164,43030558.25235552,5.965583547936887
2013-02-10,3088222.3679590225,143689277.7652035,43027314.714542605,1.7203972175954807
2013-02-11,5457755.522932053,147303879.9174445,43374239.29918798,3.0993296945028077
2013-02-12,5344798.568836212,149755460.13031736,43558371.22708756,3.079877421917066
2013-02-13,7473820.026723385,154572102.02012578,43833129.18505697,4.150120760998796
2013-02-14,7216065.376012802,159233457.74353942,44350962.12605689,4.435302701912273
2013-02-15,22518214.604006767,177802253.98867756,46004006.79882054,13.348222361079388
2013-02-16,6011545.483514309,180497569.98545712,46439847.81256953,3.5365193975755997
2013-02-17,5847520.679471493,183500790.94345182,46841401.102423295,3.368715320673336
2013-02-18,6752952.029210091,188225744.36152765,47329036.52851296,3.8495178397118686
2013-02-19,6463624.958250999,193167553.9437831,47833667.75627727,3.97057479976168
2013-02-20,9586705.704811096,199086174.90014073,48601547.99264874,5.875654692447141
2013-02-21,3810999.9270539284,195587141.9984361,48890652.931686044,2.319175677365542
2013-02-22,5478731.137901783,198823189.4845169,49321409.25257206,3.3597258729920245
2013-02-23,5067105.397916794,198541157.3435069,49691924.5685299,3.038717903744651
2013-02-24,5750611.190682411,200870262.56620276,50143591.767494075,3.425932947861502
2013-02-25,32591932.20648575,230471826.4715439,52817844.635815516,18.580442587716743
2013-02-26,7310486.808263302,230603898.24669972,53424204.13889294,4.2693605285130865
2013-02-27,2504302.624671936,229782841.13890383,53617414.13384602,1.4605197566548849
2013-02-28,22569970.33479786,245479042.10265458,55581045.09851973,13.441021426596125
2013-03-01,6355301.333902836,242093268.01364985,56154260.36054414,3.9271990205284486
2013-03-02,4023090.4507045746,240010526.8068858,56503436.797835544,2.452867894083245
2013-03-03,3849875.45650959,224197999.20981786,56827831.84862717,2.323698157445522
2013-03-04,4398905.56221199,222384488.68557993,57240437.498686105,2.8057794296216945
2013-03-05,11851438.792779922,235676791.40003118,58521265.30204755,8.10870385002262
2013-03-06,21916600.431399345,264720616.80696303,61385730.4262262,17.137481518957664
2013-03-07,13147409.844243526,278152487.5450539,62896047.72486621,8.867220529221205
2013-03-08,3846417.393345356,280914976.8103903,63335953.93448836,2.680639560870546
2013-03-09,10075381.539333344,292016951.4745957,64556585.29753229,7.026295997693143
2013-03-10,3364120.1568665504,290775467.9152564,64957727.11825932,2.392669173357609
2013-03-11,6501504.512078285,292640633.3024915,65787231.46734938,4.752553725277504
2013-03-12,8071489.8509402275,302280398.9950517,66766070.10341892,5.440144114064171
2013-03-13,7597848.383784294,309624148.10179985,67707933.07095066,5.239320194092404
2013-03-14,6535246.206642628,315475843.8903,68516659.88346605,4.5201461696986485
2013-03-15,7229644.9879283905,320803595.19459754,69432791.4981966,4.92195850412051
2013-03-16,3727044.37141943,320085633.30481774,69848935.35877347,2.507856197907111
2013-03-17,5399033.979640007,308091259.89981717,70524101.66987124,3.6050159318776918
2013-03-18,3786848.741909504,308634048.4637243,70958142.53325394,2.5440220541599903
2013-03-19,9036975.714411259,320957146.0275459,72379024.438202,7.28786104184867
2013-03-20,7618244.095560551,331514640.5397251,73718533.69562161,6.767888355976523
2013-03-21,14128964.196540833,358975508.05067706,76455834.79890367,13.259330484955234
2013-03-22,14778902.277774334,384448158.55958074,79311630.98562542,13.23570598340827
2013-03-23,9228200.024479866,399814063.77271205,80829418.39440055,7.105867899742501
2013-03-24,9461459.113991737,416682636.517216,82647328.09516592,8.12807398104749
2013-03-25,12794530.339740276,444373455.5875611,85318935.99583094,11.50652315936339
2013-03-26,9184428.517578125,462493007.39002055,87259953.3052177,8.19820673902864
2013-03-27,10271183.893646717,460419317.94934493,89754458.62098965,10.240920181178513
2013-03-28,10067172.6792655,484544784.22956955,92341733.07605694,10.307919779246118
2013-03-29,8436538.118152618,507305956.7754529,94404846.33506417,8.062557152185336
2013-03-30,15857644.186704159,531562453.15150887,98236304.99640034,15.012381719950952
2013-03-31,3206388.587513447,534183356.44912803,99040544.61813095,3.0205412981971755
2013-04-01,25186906.995709896,615392930.5508496,106080792.78283238,24.272845456101503
2013-04-02,12274635.125219822,657348444.9351537,109870657.21398056,12.657757721234814
2013-04-03,35716407.97278404,811766375.197529,122936462.77267627,38.98877389054777
2013-04-04,11043411.54080534,844985083.2671214,126921537.54858772,11.590569100910237
2013-04-05,33955695.306667805,970596872.7680345,140098273.63200966,34.406922946074104
2013-04-06,11583361.90690136,1007467572.0585178,144611735.4329028,11.5055261547518
2013-04-07,11938405.331694126,1064795236.463794,149767310.6823978,12.616977545305103
2013-04-08,18535212.69025898,1166150723.779355,159329285.6767977,21.931048529620526
2013-04-09,49699848.415643215,1541173819.117451,190508040.89824796,59.87209336472168
2013-04-10,35980437.60880566,1698098122.0510647,204242484.3656444,24.580519844277518
2013-04-11,22544407.87711811,1749490969.4618704,209383876.51971623,9.098133520501037
2013-04-12,12748797.092429161,1771662977.007052,212105799.1457344,4.808467149422793
2013-04-13,10205979.458957672,1791957404.7928317,214589354.71064445,4.280446029323128
2013-04-14,9339597.311210632,1810748359.4842482,217049755.59654513,4.171734526183837
2013-04-15,10226568.891562939,1833736316.579525,219379683.40449637,3.942068768147811
2013-04-16,24491973.466329098,1879957924.4536052,223830853.0602766,7.330931924214071
2013-04-17,9157629.82713461,1900656480.5517383,226002440.03300858,3.546314643124039
2013-04-18,3705493.2691726685,1895580813.0846128,226995578.6344007,1.6529760213556906
2013-04-19,5180892.786212444,1899155668.0902326,228627896.9444256,2.6513144899994474
2013-04-20,5254714.011712074,1887556304.2296364,230410395.83457416,2.889506191213346
2013-04-21,9618125.904184341,1891473315.2610197,233585005.11322516,4.997134808229708
2013-04-22,5561564.436345577,1894944904.984704,235403111.96347347,2.8823359877223806
2013-04-23,11014338.21897459,1923404148.9155593,239553146.9647852,6.368277496447723
2013-04-24,12307098.71386242,1952621632.9768198,244610626.39706978,7.596762504461445
2013-04-25,7609606.639734745,1965981698.4662242,247376697.08740708,4.512054348926434
2013-04-26,3115499.3816690445,1949233730.1545446,248482871.90032482,1.6770942564573064
2013-04-27,6692599.202099323,1946127373.5147042,250819044.3752749,3.4234261587593697
2013-04-28,3299651.4990844727,1935503133.647288,252014371.37112787,1.7555239829784242
2013-04-29,5522065.339310646,1912712298.6637132,254168709.8890102,3.112247216432258
2013-04-30,3758524.142844677,1919884311.613442,255518005.7546865,2.012838360207938
2013-05-01,9770173.791436672,1870093803.0361743,258445478.2738009,4.183348220992969
2013-05-02,5382307.394390106,1842395263.3471463,259957301.98240787,2.15327657560645
2013-05-03,15068769.721495628,1729409883.539183,263778219.83071736,5.321063113586383
2013-05-04,2246409.777016163,1688694156.9748948,264426181.16723812,0.9440103597917239
2013-05-05,4855639.387624264,1546856496.880956,265958115.72046873,2.1252244977944916
2013-05-06,2800955.4892721176,1502131749.2392325,266743101.0776771,1.2074976775568729
2013-05-07,4314025.997717857,1454488275.174431,267981520.8430614,1.7176802807461704
2013-05-08,2588709.7496471405,1347865627.9360008,268760693.6530704,1.0997846269747256
2013-05-09,3850536.5444226265,982088464.4761003,269911905.9567841,1.6034872787805046
2013-05-10,5857370.195768356,837878862.08291,271776638.82686657,2.553929473830607
2013-05-11,6425912.988768101,799092841.2504959,273773670.9508198,2.708156113292761
2013-05-12,2146475.273873806,773209725.5392611,274226447.12038237,0.8876251674968285
2013-05-13,2351448.2633986473,751779640.1527699,274939966.4036238,1.0025300916303042
2013-05-14,4139452.5500946045,737423681.7585694,276145761.7654472,1.7193644561495494
2013-05-15,6911249.690741539,733790497.3540517,278173578.44019514,2.7170598675027944
2013-05-16,2718930.2008280754,689225846.0482824,278962894.17261994,1.0895685895862885
2013-05-17,2756590.2167654037,673297443.6808636,279773513.654549,1.1567345572528125
2013-05-18,6550791.197624207,686646141.5900055,281859913.9618384,2.752002492329232
2013-05-19,1610644.9375724792,672668486.8157239,282322532.8964941,0.6617778993464384
2013-05-20,2262046.7530856133,659377231.9463184,282997819.11629087,0.9435924984708997
2013-05-21,2255570.7865343094,629286108.7549517,283670158.22282726,0.9324987360250457
2013-05-22,2603231.3336749077,617013019.7515036,284455271.3368606,1.0909208666526313
2013-05-23,2441936.5715932846,576083244.2079179,285233242.1720231,1.043523701672876
2013-05-24,2966734.406085968,526893629.7698746,286239299.3425935,1.3365055131961718
2013-05-25,14561410.836335659,552253254.9327871,291361391.3053661,6.442054139000461
2013-05-26,937582.8414859772,542422484.1847737,291650834.01192224,0.4176434991667861
2013-05-27,2961091.062338352,526063333.3832928,292626062.8024875,1.2571879280391618
2013-05-28,2932159.17673254,523631159.49232787,293608777.429419,1.2583140718846975
2013-05-29,5246071.772414684,519999772.55876476,295448968.89019483,2.308670273622993
2013-05-30,4386172.827390671,521485429.15740657,296957057.21520704,1.8820436426304235
2013-05-31,8022667.477821827,519615055.553437,299557452.78763926,3.4219019226604668
2013-06-01,2435459.1927103996,511388273.4616608,300386194.5118851,1.041847168681728
2013-06-02,3427950.9786639214,478314058.85269284,301491331.1535156,1.3643978281757436
2013-06-03,3127326.5880155563,482697078.8602422,302507969.89332515,1.2598400458107237
2013-06-04,5837564.115545273,487335071.63575184,304362072.9104969,2.3142189808544984
2013-06-05,10066643.770954609,517371945.28752124,307680901.7711709,3.9755404952576936
2013-06-06,9735285.020850658,540760224.2777591,310818343.8359818,3.7383731259979682
2013-06-07,5640906.099306107,551807152.0685313,312507549.93163985,2.0063090094144136
2013-06-08,2561514.911866188,546762450.432623,313248584.16968036,0.8985172567081613
2013-06-09,8796452.083892822,553375439.1070634,315674416.9348226,2.827242185469968
2013-06-10,1814277.2954559326,534928496.28986454,316175023.39036614,0.5946502481822131
2013-06-11,6042232.149579048,548433926.3858154,317916624.6277298,2.040073241515047
2013-06-12,1620396.302233696,545101105.3675046,318335906.8412752,0.5517786570325967
2013-06-13,2105661.975265026,536647573.8573667,318914648.9479224,0.693568837058451
2013-06-14,6288048.077308178,532579510.5084466,320616473.195291,1.9767305135499187
2013-06-15,2541371.9972248077,530873365.56489354,321271375.4997098,0.786764331091824
2013-06-16,2955028.605000496,529812878.3414116,322032309.0827939,0.9061484407416257
2013-06-17,1327419.446940422,508411282.6751719,322355508.6425046,0.41454640029648365
2013-06-18,1936999.1035346985,509007503.4249777,322879692.4269301,0.6340486566801105
2013-06-19,2894487.6969838142,510259247.46337277,323664903.83850956,0.9410564344213804
2013-06-20,2077783.7006778717,508757375.44314903,324140199.5004707,0.6770709209234675
2013-06-21,1619850.7881994247,503920928.4186698,324565856.27668333,0.5090639609839053
2013-06-22,1895149.3908586502,500386625.29194355,325038610.2504856,0.5895255174825246
2013-06-23,2080197.858716011,494596340.7369536,325582462.2462377,0.6414714833661189
2013-06-24,3518533.1242113113,443650767.8195392,326421797.67626333,1.06793930969943
2013-06-25,6124719.330779076,459802139.1160552,328041987.03511864,1.8483829439864226
2013-06-26,3201331.9304475784,458103669.367035,328854392.2261568,0.9637452581030231
2013-06-27,3961445.633460045,458506161.7900429,329862595.64464355,1.1566234971653184
2013-06-28,5767512.109200001,453031850.47123325,331249678.74695307,1.5633672891217305
2013-06-29,6832933.423687935,454561743.66005,332878789.5953092,1.816826293035588
2013-06-30,3623908.5881199837,431210570.00754493,333734187.0200998,0.9723936794242767
2013-07-01,15379774.236668587,464100947.1944247,337273246.1805884,3.8534566159267465
2013-07-02,6410413.629319668,469034899.7229168,338764442.51021516,1.6512143043984517
2013-07-03,9962922.185739517,483217783.9065486,340935444.2998,2.3658384413918343
2013-07-04,3563413.490787506,469116817.53708136,341647898.74796563,0.8234544867059534
2013-07-05,8105765.73003912,446449133.4357889,343110005.8522715,1.5830705963258505
2013-07-06,3013619.2684106827,414312105.4793733,343600074.83173525,0.5757976189849429
2013-07-07,2545427.715034008,399521574.8975258,344003871.7321087,0.5327579441465409
2013-07-08,2476052.0449342728,396257924.21669644,344455074.1156766,0.532869891849342
2013-07-09,2453693.1719937325,372647463.5852992,344900333.34533626,0.5339925528730718
2013-07-10,8287876.282925129,388782474.64044255,346332118.576038,1.9405185131128564
2013-07-11,3291378.445192814,376761027.55543095,347030904.1068112,0.8296949435282761
2013-07-12,6637577.843501091,390867404.68471545,348642840.6000423,1.7176382340449408
2013-07-13,5320495.501023769,399629718.6344297,349876237.89336884,1.3835140208369001
2013-07-14,1560819.9825072289,383190074.97151417,349936293.3776915,0.40173899788294515
2013-07-15,2341070.2340989113,382094470.5796786,350503286.59858525,0.627374223000505
2013-07-16,2909730.204606533,381250907.7362157,351127139.94463515,0.7589905738472218
2013-07-17,4004903.7567043304,388931388.9282468,351738259.35681134,1.0349904845441544
2013-07-18,2977769.940937996,390571155.8486202,352327238.96976805,0.7206778664239764
2013-07-19,2366016.1907110214,387178754.7657582,352791099.8489786,0.574886690606903
2013-07-20,2928793.061489105,388112658.44281584,353391029.6197358,0.7003092692028203
2013-07-21,2737253.1396980286,390385351.60367286,353955073.3615666,0.6594214712205186
2013-07-22,3593954.2323002815,394191718.6275633,354747185.116457,0.8620493085125942
2013-07-23,2776909.3274149895,395283026.8432305,355335233.56758934,0.6798963025971652
2013-07-24,2297702.6189279556,390410274.9410046,355842359.2179932,0.5688364720245568
2013-07-25,3766029.5160102844,381499300.3838085,356709014.7274098,0.9504048483056051
2013-07-26,2481874.3953142166,378421065.4810644,357245133.9851688,0.6286574474134256
2013-07-27,1653050.2752461433,370553554.02335197,357583243.6841504,0.4069024144646036
2013-07-28,3337191.5604634285,363460925.3624353,358357142.1225935,0.8513463709708821
2013-07-29,5383646.17621088,360057195.567175,359664258.26524603,1.3976118892027878
2013-07-30,5483161.249003887,366440505.269762,361023022.6475905,1.429327972935024
2013-07-31,5796469.136682034,342149984.87287873,362494901.4924072,1.5750627322275301
2013-08-01,3319740.1017541885,334167786.92658234,363294777.69387233,0.8805707501116612
2013-08-02,11192251.09494257,343096384.42514956,366105599.4690032,2.9348256532346673
2013-08-03,25593538.00138998,415182899.38031805,372690064.6599961,6.557531781756285
2013-08-04,1817310.3954963684,402920579.35297334,373041600.30714047,0.46991477788335095
2013-08-05,4627238.850096703,411348877.9872486,374190016.42661977,1.2044497293203482
2013-08-06,2267129.7924575806,412632961.72437114,374713993.47897094,0.5919002531421934
2013-08-07,3418948.5986480713,417606276.2001194,375515563.8864052,0.8861128655218171
2013-08-08,4018006.024992943,424063584.772144,376336481.72001517,1.0041372149823344
2013-08-09,2402335.7111797333,409100688.09835064,376875266.1441866,0.5921773266044293
2013-08-10,3237015.052195549,409617082.08275336,377629833.3133688,0.803489499903365
2013-08-11,3240510.1436977386,399809271.4316507,378410952.57166654,0.8049660070288222
2013-08-12,3943067.427578926,396112388.2758437,379378236.7738882,0.9835888035700181
2013-08-13,24597440.476368904,471363868.3898157,385859275.20455974,6.215031264888582
2013-08-14,4718616.071655273,479448123.3209259,387001504.6939422,1.1948903800462543
2013-08-15,7006575.044318199,493471546.35115314,388737791.5165941,1.7677851120821477
2013-08-16,5150418.676887512,498329635.9896165,389979435.78032684,1.3072187758266487
2013-08-17,2704304.954024315,498826084.9751577,390227630.7747624,0.6888489979459492
2013-08-18,2079556.78458786,498945455.07524425,390537979.40168446,0.5284915213279635
2013-08-19,3632843.4688892365,503011360.6449178,391098583.90211314,0.9446727653672774
2013-08-20,5450520.34680748,514271659.21569693,392502864.439609,1.4553130285073668
2013-08-21,4222480.137425423,519838414.1410896,393706515.61380106,1.2009255489487705
2013-08-22,2553205.746536255,521104578.0664435,394334019.6755817,0.7089827793090916
2013-08-23,3769582.3288373947,527883892.24927306,395321580.0453767,1.0264947783846423
2013-08-24,1334250.3785524368,521453306.8966146,395682359.710727,0.3692366183781911
2013-08-25,1730851.0204725266,520482646.6202805,396170756.96966726,0.49338574920846107
2013-08-26,2831517.294093132,526124312.5264214,396978540.3681817,0.7928677004038385
2013-08-27,3011215.9368486404,527849080.39505464,397519753.8806711,0.8976386331323755
2013-08-28,3418058.4929027557,524584455.8174481,398438823.59981364,1.0157953546994776
2013-08-29,10568428.309744835,549129070.8028151,401813666.49684167,3.1167649563124225
2013-08-30,4153682.643630028,547254808.9106635,403177757.43315136,1.2766685257531267
2013-08-31,4901519.036224365,557818912.4398605,404330579.259416,1.5750227498199305
2013-09-01,3727987.439045906,538236608.9081298,405626963.76950824,1.2005784690371082
2013-09-02,4309097.86247921,475614626.0363729,407113214.1360527,1.3884773030509314
2013-09-03,7085696.635907173,500417005.29501873,409589587.04288673,2.244610623884566
2013-09-04,3481809.725218773,499842252.918121,410704904.13820785,1.0553818284736698
2013-09-05,2415747.396094322,502438258.1477668,411481423.31849784,0.7282794495768651
2013-09-06,2498930.6202249527,501069958.11228126,412181084.87233484,0.7076990720940222
2013-09-07,3073650.420390129,500738398.95142514,413135360.2747888,0.8906201870015917
2013-09-08,1451722.2429037094,499033468.8919415,413557016.762442,0.4159742884568383
2013-09-09,9773613.954600334,528598659.0813748,416710350.67879933,2.8566060566085905
2013-09-10,2381503.7064008713,528142940.6408707,416845502.16526574,0.6979477978800779
2013-09-11,4392499.581519127,534019793.5289805,418315722.075297,1.3135001714167582
2013-09-12,6836483.555846214,482948123.9548289,420607449.4303984,2.0588731207489963
2013-09-13,2295646.962826729,477194060.5403299,421345571.2221669,0.6878023465314634
2013-09-14,6089898.635136604,479584670.1257964,423373759.6219044,1.7925607118128508
2013-09-15,2253716.864554405,472006999.9256723,424032232.1063772,0.6661246793233
2013-09-16,3231145.5845623016,476596006.66260296,425080621.4483666,0.956237697105445
2013-09-17,2417474.5961790085,479857445.5645624,425647023.1621133,0.7147687200275677
2013-09-18,6753031.130940437,496154699.10682243,427656060.79654014,2.0071685303723945
2013-09-19,11035127.248691559,522652506.4749088,431268963.8203173,3.1677418687545607
2013-09-20,1778676.8076400757,514204239.7181768,431638132.84853023,0.5082132323170564
2013-09-21,3658293.981710434,519945015.63469404,432675724.8553909,1.0441984164751539
2013-09-22,3719205.580450058,521677158.47277564,433788663.56116635,1.0552599947721932
2013-09-23,2373123.528702736,526536951.0587405,434523968.1187439,0.6717562561489578
2013-09-24,3886608.786754608,535950069.21172434,435622238.5728429,1.0969562800489894
2013-09-25,4707194.151852608,544804921.7621255,437050628.25702655,1.3279858245212244
2013-09-26,2313372.053085327,542551211.2807976,437741360.5742078,0.66070469945391
2013-09-27,2170617.561070442,538140551.2064551,438381588.8392066,0.6214049833517491
2013-09-28,1699127.4040822983,503553116.76056033,438596893.10006213,0.48959699602552986
2013-09-29,2859391.1670570374,498477519.1318109,439488828.95158815,0.8247227243541073
2013-09-30,3986346.0826454163,494024401.4215345,440796597.343318,1.1416520284098466
2013-10-01,3744060.5074863434,493665069.9810218,442005110.45041335,1.0773790725223111
2013-10-02,9957770.756281853,510396957.4211713,444821858.31310433,2.399216811987918
2013-10-03,3719153.5456113815,494311805.60194135,445734473.7031485,0.9799883331953539
2013-10-04,1682629.3698644638,486705587.7398507,446146740.42564255,0.46008171354997596
2013-10-05,3222835.4330005646,489750693.0265326,447146260.5865398,0.8744937787761728
2013-10-06,2539536.6650972366,490378505.4301737,447948967.732161,0.6932364304359016
2013-10-07,19198540.463306427,557134808.2496463,454391660.0749003,5.217163924219714
2013-10-08,2061160.6599941254,559908289.541079,454733296.65292484,0.5612818027747801
2013-10-09,7222327.127250671,550582079.2945195,457155781.35987383,1.9918615083354831
2013-10-10,3347821.7529535294,554956768.0233109,458190893.16673255,0.9213999414924589
2013-10-11,2927675.3883886337,549064611.4996325,459130932.66197085,0.8117359350655284
2013-10-12,1790018.1998157501,527824176.6302129,459653731.112033,0.49768839117874003
2013-10-13,3161089.3433303833,531974893.55164844,460750714.22430706,0.8992367617440266
2013-10-14,3665792.7024183273,523188184.9529831,461864621.0565525,1.0724396010624837
2013-10-15,4072851.1915225983,532807377.1754105,463329105.1863117,1.2324589474641452
2013-10-16,14039722.559227943,584493677.5622653,468583204.2973782,4.176562685549354
2013-10-17,4313489.8064107895,594983793.3753572,469909363.48245597,1.317153264908271
2013-10-18,4429387.862243652,588806049.9958266,471633382.1009951,1.4270522639209573
2013-10-19,6967979.1378593445,581563771.557901,474682038.42111456,2.4203157213861513
2013-10-20,5834499.585717201,606486268.9961827,477268152.23594743,2.0261966554948794
2013-10-21,40424349.811639786,835023424.0697494,497100075.6656885,14.701092026916093
2013-10-22,18769414.95601368,939732607.2355437,506906925.3442624,7.099992400718066
2013-10-23,19308048.655179024,1059366726.7575619,517447482.390329,7.500119165259499
2013-10-24,6866983.172293663,1087194525.1870344,520955402.4900831,2.5197790385533914
2013-10-25,56266849.89197254,1415089443.5229137,549250210.3788058,18.966300589698914
2013-10-26,4410229.120193481,1431951387.9133055,551227210.7855542,1.4423745603113778
2013-10-27,5434453.392152786,1457975728.5450037,554060300.6184268,1.9007727528750924
2013-10-28,3099641.3627433777,1471069894.617784,555690343.5496283,1.0933440009598956
2013-10-29,7840028.862603188,1511947408.7734637,559978570.844669,2.837219014666981
2013-10-30,3150257.1472358704,1516091096.9581957,561553881.7197373,1.1175187198302021
2013-10-31,6873222.448030472,1546898164.2194965,565307081.6233492,2.4772714146172237
2013-11-01,5476154.560864449,1548288071.4785147,568220378.045169,1.9515690415575
2013-11-02,2779336.4474754333,1552716938.4020805,569717776.3091455,0.9999347314202712
2013-11-03,4537466.582650185,1577295250.103747,572260707.5824974,1.647174610086019
2013-11-04,16556353.728121758,1689512604.679744,582447726.7405691,6.451303847288499
2013-11-05,13045560.3276968,1786519891.9495885,591184210.1386995,5.4479688500946155
2013-11-06,8339784.457224846,1780444014.1218123,597124699.8502129,3.664828204434925
2013-11-07,20581500.830563545,1969902825.959824,613243787.9316895,9.68456264302016
2013-11-08,14031109.788404465,2094535092.690783,625928785.9387563,7.4282555948584585
2013-11-09,12502858.383381844,2223620252.441965,637611677.481237,6.7356543275009955
2013-11-10,11966662.36061287,2335829938.363019,647809541.1046785,5.771732920446929
2013-11-11,12187693.851489067,2464702569.403864,658925849.8539983,6.214573700620715
2013-11-12,13631872.377054214,2609612204.1063547,671842235.7715687,7.087397558202967
2013-11-13,16091067.213181496,2803299084.7804523,688982136.892989,9.152528044646704
2013-11-14,22947961.259850502,3099210084.3874803,714776158.0020974,13.218633531269132
2013-11-15,15766464.73309803,3255785022.613617,732916897.4458266,9.07922207294933
2013-11-16,12560798.617486954,3415405247.963364,747525594.6072862,7.233932124632031
2013-11-17,18779496.459410667,3692509626.8008533,772033408.6751385,11.639621744107533
2013-11-18,22111013.425662994,4108922919.389034,809341020.5963463,16.854797706712507
2013-11-19,25220990.402358055,4564777498.356178,849336864.3204652,17.2401282906333
2013-11-20,24954212.67130184,4824057660.1433115,890592073.6237383,16.93965088997186
2013-11-21,10493592.545779228,4948237238.250406,910565254.9541054,8.043819617735812
2013-11-22,15718489.046338081,5221785341.985491,943599293.5631465,12.809845210990108
2013-11-23,15436201.11770153,5614257692.507006,979332511.631966,13.363043566329756
2013-11-24,9516441.50843811,5526672312.764747,1000617121.0898894,7.784878983728919
2013-11-25,40517325.73078728,6597507261.559665,1090677714.4232929,30.183182560984907
2013-11-26,45866285.36512756,7941380018.0142765,1203843246.7124093,34.36437885869248
2013-11-27,26296648.622047424,8753070684.244843,1272101362.2907069,19.619726407245786
2013-11-28,23028168.50010109,9467709229.891827,1335084526.989222,17.248299828885656
2013-11-29,17177074.10980606,10080378827.31426,1387082047.7732675,13.703324131547754
2013-11-30,8557166.04576683,10353162871.508,1413176371.8898716,6.781843080762509
2013-12-01,9420217.934868813,10612276277.91509,1437424117.5868468,6.179333838992129
2013-12-02,11289934.786720276,10971499740.215584,1468455603.6176777,7.726746680458707
2013-12-03,8019426.611629486,11222630427.569338,1491555145.454636,5.6830174561924505
2013-12-04,6750949.951375961,11354477529.53871,1511894333.2220676,5.101520754436318
2013-12-05,8959206.989995956,11554715544.40946,1537018976.8887768,6.003760361049656
2013-12-06,7957587.259820938,11699688756.800465,1554852090.8810623,4.204615893465058
2013-12-07,9433942.128108025,11726564448.198124,1572979393.2248752,4.288211689644764
2013-12-08,3248721.384129524,11653501072.230173,1579660547.7281928,1.5558138301475555
2013-12-09,3688884.494600296,11619005584.66973,1588454339.0216544,2.0522259581512854
2013-12-10,4550448.693667412,11638318656.526957,1600100654.276455,2.6988151018806303
2013-12-11,7688845.994693756,11726960210.47419,1618464751.765859,4.173207892361874
2013-12-12,3307165.5990018845,11663543469.885658,1626081645.4565125,1.7582824402685089
2013-12-13,5014597.780058861,11599112694.44951,1637706496.9418604,2.6702007198817834
2013-12-14,5884133.772500038,11451786582.198185,1651351231.0237134,3.0451309373240916
2013-12-15,5750755.709199905,11393855358.545666,1664753823.1903937,2.9532165626327664
2013-12-16,14149369.993290901,11552669781.057749,1692522206.1512117,6.009954877524398
2013-12-17,5254607.331323624,11375151292.610216,1702476830.0047607,2.1501744592649557
2013-12-18,19985093.81468773,11285169948.79841,1732320635.4060402,6.316289629013663
2013-12-19,4848796.22546196,10906017020.568823,1741125333.3937163,1.8769979353475734
2013-12-20,12017943.032301903,10656395843.326952,1761723912.8005407,4.3126414077154545
2013-12-21,125912102.42587566,12940038804.244144,1969348379.939029,38.50700681557017
2013-12-22,3739300.5940856934,12614405591.142122,1975638215.4888816,1.1734762369481406
2013-12-23,3038074.5733413696,12242849329.980995,1980894385.3731816,0.9794440321268088
2013-12-24,6050314.27851963,12113625898.63959,1991541214.3710654,1.9648000394134533
2013-12-25,28612395.790387154,11643987151.83457,2043084139.440242,9.216929348120068
2013-12-26,2704161.622077942,10332161632.818575,2048545733.6954277,0.9834097491148591
2013-12-27,10314801.057312965,9746142710.812578,2068702268.4000022,3.5663484025444294
2013-12-28,1030061.950261116,9002822231.633615,2070608694.1139357,0.3517438350942955
2013-12-29,2882812.5827178955,8438340224.006066,2076206086.5154119,0.9985399244932736
2013-12-30,2238492.5907239914,8173904780.459319,2080642218.6035483,0.7934459266639312
2013-12-31,2416108.8791503906,7936742535.045222,2085034412.7286882,0.847686789999697
2014-01-01,2058586.8355646133,7609990599.348453,2089183883.065232,0.738961468286701
2014-01-02,4028876.1419439316,7431355599.248509,2097634635.3325372,1.4861901462643763
2014-01-03,4159149.407626152,7285137072.37465,2106647786.7573295,1.5790036351313534
2014-01-04,11937485.03565979,7304954000.021838,2133371306.782551,4.604168719159942
2014-01-05,7750026.9061203,7320827951.246272,2152509331.1625476,3.2584176284387145
2014-01-06,3742376.1023893356,7211209057.946812,2161927661.597454,1.5988980038579457
2014-01-07,4367938.801780701,7249785461.43507,2171753019.816909,1.6645308185396177
2014-01-08,7815238.669631004,7355714043.896521,2189169983.542734,2.940714860023648
2014-01-09,2765141.5442476273,7286703514.79405,2195167183.5645733,1.0240950912749076
2014-01-10,2235457.810613632,7123700637.578573,2200087803.8031034,0.8472859837194585
2014-01-11,14303978.177524567,7447393840.892379,2234395183.6822715,5.6256417821077305
2014-01-12,5568200.989009857,7461057592.107064,2247427853.819972,2.1281740347750127
2014-01-13,3056250.304804802,7376823949.273972,2254115427.5166683,1.109779653006381
2014-01-14,8306593.302710533,7438332997.640215,2272537993.2470326,2.975373804280502
2014-01-15,4984840.786278725,7239691554.597387,2283923937.1550994,1.8445179930726956
2014-01-16,5107661.028280258,7257212965.254622,2295236969.188487,1.8238920744483098
2014-01-17,2726412.945171356,6964252148.43526,2300907211.424801,0.9357241127630835
2014-01-18,2044048.2041845322,6910511293.560809,2305258346.4739304,0.718298238572964
2014-01-19,5531976.28474617,6810766596.956265,2317764914.225325,1.9869757147950542
2014-01-20,3412199.6415195465,4377379266.68695,2325409896.9983644,1.217889191974485
2014-01-21,3459564.916800499,4395097796.302919,2332921987.6896777,1.2216098104438662
2014-01-22,5530523.912333488,4481224242.178304,2344718183.744768,1.9294295543285833
2014-01-23,2290417.7945785522,4412632847.415598,2349613015.041844,0.7895931805500267
2014-01-24,5247886.052612305,3922336885.138606,2360469515.2941384,1.7462980438711562
2014-01-25,3706694.903889656,3954524313.6953907,2368355179.06468,1.2583343617844638
2014-01-26,1734682.0331602097,3756558721.963881,2372041242.8060517,0.6065431124633763
2014-01-27,5158795.997632027,3864582882.8849115,2382301307.5608873,1.6660565387263462
2014-01-28,2874302.8247947693,3871263625.9222155,2388248310.17487,0.9519935386510164
2014-01-29,4348141.610032082,3932184832.416538,2397021826.0621476,1.4511813160000313
2014-01-30,3874006.8049116135,3977612127.421198,2404715450.1704984,1.30172365228607
2014-01-31,2006194.6836299896,3979889178.558551,2408581368.5859547,0.6693308953136391
2014-02-01,4595926.344631195,4000752447.965485,2417175767.083576,1.5486594142959886
2014-02-02,2561525.9714097977,3959681564.8232746,2422324448.3470325,0.8645737033261786
2014-02-03,1749567.2841501236,3679704201.363717,2426015730.553678,0.5865916347253388
2014-02-04,4392919.8408231735,3563788405.4245095,2435209205.658783,1.4521546911227283
2014-02-05,143572156.51799107,7246024622.545506,2746905181.913011,41.473505924548896
2014-02-06,8645397.43502903,7347996866.116811,2764952335.209172,2.4138271947375114
2014-02-07,5524929.194216728,7267095516.903142,2775610279.834753,1.4449738331242077
2014-02-08,2956980.1320648193,7260584705.918581,2780706358.6009226,0.7382065356631924
2014-02-09,3319760.4435606003,7275704279.070493,2786352902.062027,0.8318008648354045
2014-02-10,5707453.985837936,6985476229.064702,2796733837.2137365,1.381277457113392
2014-02-11,4949001.691569328,6937356938.659924,2805514406.5933256,1.190276864570191
2014-02-12,5695615.737218857,6979181741.922171,2815438135.6091485,1.334185073130897
2014-02-13,2974140.122428894,6815457246.649217,2820008005.134355,0.6559964201458484
2014-02-14,3991524.649983406,6764575157.813336,2826828734.4211097,0.9502790526733802
2014-02-15,2701071.571741104,6684005502.869705,2829993400.6033654,0.6251515881264992
2014-02-16,4158440.834291458,6698007585.925222,2836592966.1595755,0.9071011884055526
2014-02-17,2230124.6387109756,6689965164.253653,2840036240.170658,0.49808884111132185
2014-02-18,8544025.782891273,6714499849.629071,2854171005.069232,1.8714306707431307
2014-02-19,2485762.3249263763,6671986671.1860285,2857915577.867589,0.5446963651512181
2014-02-20,6279003.495411873,6696316553.874686,2866940922.947859,1.2486538662752906
2014-02-21,3400552.935446739,6609452531.12204,2871885202.0288987,0.667870664312883
2014-02-22,1500497.5037794113,6577171051.492873,2873860784.521982,0.30857236700877116
2014-02-23,3366219.921107292,6507990331.988126,2879054378.963558,0.7108798385287948
2014-02-24,6584074.804654121,6529750589.365505,2888537123.733115,1.2577267552488414
2014-02-25,13202079.455461502,6714765086.87598,2904996853.2502513,2.4059166177056315
2014-02-26,2767125.677333832,6636576913.07837,2908819637.5470514,0.5580969805741579
2014-02-27,3158873.207326889,6622528418.667414,2913679453.5333767,0.6356712044648251
2014-02-28,11192240.546542168,6716945426.365138,2928923172.7138577,2.154724841454204
2014-03-01,12218577.637233734,6844346579.838243,2947366407.3067656,2.3588209343305455
2014-03-02,4977070.0805978775,6883070997.976517,2954586338.819075,0.9388354747244615
2014-03-03,7586200.960702896,6930873876.47529,2968409400.831423,1.7441894508268159
2014-03-04,5016105.918045044,6973622681.906778,2977220738.2008286,1.1341927518448531
2014-03-05,6974490.258945465,7081460903.181561,2988682917.823392,1.5586220752019058
2014-03-06,3944940.933998108,7050878531.263806,2992975609.586742,0.8749918662690244
2014-03-07,172916572.92497635,6844031556.84283,3286566475.279951,32.77535382710874
2014-03-08,3604417.893125534,6695558483.420035,3292183308.35517,0.674301740903424
2014-03-09,102563725.75625896,8747741320.468954,3470601323.8616858,18.894757195509186
2014-03-10,15477661.64130783,9000266751.22768,3496554957.2293406,2.7537100512416317
2014-03-11,5834479.759967804,9044562054.437948,3505688909.2786393,1.0401806732846193
2014-03-12,7357837.864274025,9073984269.144234,3517695799.143806,1.3491023997109688
2014-03-13,3863948.813167572,9046129115.197355,3523583307.9984393,0.7105506111624391
2014-03-14,2312503.45003891,8969478471.89904,3526726022.8427434,0.4130732658187892
2014-03-15,1849313.8622245789,8947002826.977129,3529010681.71922,0.3331375035455185
2014-03-16,2157361.1096162796,8902883167.852728,3532264148.2195673,0.385782688072871
2014-03-17,2994796.0136404037,8906301257.579075,3536695592.193441,0.5292277810667573
2014-03-18,5797074.051202774,8939174946.756784,3545952492.0466757,1.003760635242777
2014-03-19,6485133.897810936,9023678799.74152,3555328430.8868747,1.110925762809913
2014-03-20,6535296.143536568,8974813714.897682,3564579148.1671453,1.0872056565527166
2014-03-21,14831615.793627739,9204714652.993628,3584962630.876598,2.3581066918917446
2014-03-22,5168127.002448082,9181752320.153883,3590007018.421363,0.8052761088753099
2014-03-23,1742017.9348602295,9150160857.22081,3591091787.791755,0.2701974906394164
2014-03-24,3895314.876534462,9194292623.230633,3595308180.690207,0.6148977761911808
2014-03-25,4276388.879378319,9209246344.121399,3599454890.3499,0.693236452398928
2014-03-26,2853441.4625692368,9143760237.425251,3602065937.1606674,0.46318064473837944
2014-03-27,6169158.262247086,9013267564.637701,3607970681.7451835,0.8521133598856577
2014-03-28,6000993.668105125,9057981480.302563,3613485667.3612685,0.820487805853323
2014-03-29,2579801.8470811844,9038915043.200111,3614907597.623073,0.35413049435072225
2014-03-30,4150634.959339142,8891222180.454218,3616018492.7661333,0.5199745632778311
2014-03-31,3747805.154232025,8716337716.46818,3619872245.1165485,0.4712253769225847
2014-04-01,2702096.804394722,8667000832.532331,3616362330.7627563,0.35775285538695306
2014-04-02,2577428.173189163,8532091957.945889,3615648593.6816177,0.312586274851787
2014-04-03,13683824.00491333,8624152666.835707,3619334679.9793067,1.6960474759519109
2014-04-04,1533630.3801498413,8491780130.252539,3617186620.315342,0.1899407318783655
2014-04-05,11413184.289632797,8579265421.788928,3618345627.3144846,1.4491119977151725
2014-04-06,7862851.358438492,5109211263.930278,3623696093.789956,0.998084352066026
2014-04-07,1953851.6502609253,5064340483.891364,3620913054.719077,0.24132077236455035
2014-04-08,1515867.9098625183,2901367883.890378,3613221912.3639593,0.1901326166541007
2014-04-09,9816720.365348816,2724635404.485412,3593825772.465061,1.2038769885398728
2014-04-10,8105539.449481964,2705868737.6550555,3588519370.8351293,0.859281928399223
2014-04-11,5227824.728006363,2620621514.6156583,3589295569.9783616,0.6096781694992525
2014-04-12,1092039.1831359863,2552562396.639085,3587766821.9407964,0.1287460296633742
2014-04-13,1578202.9403190613,2525808026.0677013,3587042512.2625937,0.18236893388520897
2014-04-14,3040185.1764974594,2533155440.2503715,3588386606.1657495,0.3890517904549972
2014-04-15,3719721.7862443924,2550794176.8021493,3591200410.703618,0.5268011356309265
2014-04-16,17959307.742201805,2806432999.384803,3612844228.489155,2.6408230287953995
2014-04-17,5788297.84286499,2784261712.5673037,3618577579.6095986,0.7998029219383875
2014-04-18,2660041.9341487885,2695546791.220153,3621079059.2267814,0.3557664131705933
2014-04-19,1032606.1779241562,2583679134.3661084,3620841350.874751,0.14344757396519725
2014-04-20,2677011.462864876,2346630111.4087443,3622694724.617346,0.37051250060072344
2014-04-21,1860589.7930765152,2281151005.8861675,3622035321.760415,0.2558157595497337
2014-04-22,3339191.754714012,2303570284.339572,3624677435.4099636,0.4532492539252609
2014-04-23,5576961.280438423,2320007988.7584586,3627905756.567706,0.7452999937222872
2014-04-24,3098248.8032484055,2288882790.694494,3627092793.723955,0.43051487393405735
2014-04-25,2406047.055911064,2270434222.4381495,3627089432.281647,0.3073952810621876
2014-04-26,1403043.9243831635,2189828611.9155383,3627745603.533758,0.18089242632484018
2014-04-27,1672410.8149223328,2115637517.4702132,3627418007.9603515,0.20375046154427132
2014-04-28,2837615.387802124,2114941309.2749946,3629655940.8253503,0.3469372274540002
2014-04-29,3751947.1672286987,2107277770.7548807,3632010175.4037642,0.45438514796940266
2014-04-30,1954407.493877411,2079393324.550223,3632982574.94697,0.23926409198084453
2014-05-01,1966970.6824455261,2066459872.7639964,3632502007.7266874,0.24934890453763078
2014-05-02,2197342.252937317,2061767477.140391,3633679186.596132,0.27229433462746994
2014-05-03,1050004.4780244827,1872369910.4351892,3631084819.1762395,0.12575758215189847
2014-05-04,1319399.5842170715,1868656280.1016667,3631978027.6956244,0.15849274406620714
2014-05-05,3072638.6378908157,1738122674.4732394,3634066135.061795,0.3652602463015608
2014-05-06,2263232.9015188217,1650002358.311257,3635849842.4808073,0.26765266035603613
2014-05-07,2845907.9044914246,1663070968.34086,3638056837.719057,0.3479494390503911
2014-05-08,2181695.1553993225,1672218904.4852493,3639881085.778966,0.26413759087836225
2014-05-09,1462996.0848560333,1550141440.2929966,3640515058.1486416,0.1824467724801593
2014-05-10,1571212.022201538,1471180995.21867,3640571600.955877,0.1963253497477445
2014-05-11,1662984.89747715,1422545838.5276692,3640538282.083335,0.20031665530209464
2014-05-12,1673820.3293304443,1431748393.5116336,3641893287.801539,0.20263838747655494
2014-05-13,1469993.6115055084,1431463596.0253325,3642906946.9918456,0.17722692442263596
2014-05-14,7440870.640708923,1495375311.4364712,3650684000.3858504,0.9076161332937825
2014-05-15,2284587.814669609,1466459907.2892308,3651419814.2599335,0.28054465997559574
2014-05-16,1639794.2387142181,1172972753.1271634,3652604248.249062,0.20157333320072285
2014-05-17,1117874.1355400085,1093220420.6085954,3653091796.891329,0.13730258470435236
2014-05-18,2046597.0840797424,1080800061.498896,3653475271.8220315,0.25062371229917546
2014-05-19,2491854.8491859436,1100616996.4051375,3656015200.9779897,0.3046784254029163
2014-05-20,3236140.1188526154,1108883182.1742427,3659640419.156627,0.4345342908773123
2014-05-21,2888287.1239004135,1125702267.2722614,3662836649.857728,0.3907207464324797
2014-05-22,3351367.825966835,1129465017.4011147,3666796777.682534,0.4788279671977247
2014-05-23,2839096.7621889114,1089601954.322504,3670112773.8373976,0.410882808829855
2014-05-24,11503608.953942299,1238910545.5577369,3685614732.0078893,1.6390142684835702
2014-05-25,6700468.892086983,1329513430.7773674,3690973830.2962704,1.0384892736438462
2014-05-26,4204112.970305443,1389671794.9667025,3697382533.187067,0.6656013025169004
2014-05-27,29369854.342448235,1932666700.0653353,3743029243.5780535,4.5495063324743175
2014-05-28,3146594.4311914444,1951184552.380928,3746989096.4052353,0.48433509986210965
2014-05-29,2458925.496621132,1942688176.9927704,3748943468.9188876,0.3722222623257924
2014-05-30,5384588.894913673,2024375710.532174,3756507803.553115,0.8837645112886251
2014-05-31,5815235.943035126,2115344138.193398,3763657822.738191,0.9657661236455478
2014-06-01,4528796.26927948,2177520687.2592793,3770621576.771279,0.7570971178669104
2014-06-02,4395373.342838287,2258010192.009095,3777361213.6822457,0.7601395332652127
2014-06-03,3594811.9078264236,2319016382.1862683,3782908381.393655,0.6359730732961888
2014-06-04,3992612.6351614,2360278839.737014,3788006718.7413526,0.677204083456209
2014-06-05,2928042.702407837,2392244928.2384405,3789948991.7644463,0.5098030454331628
2014-06-06,3570608.013868332,2427544291.4035053,3793134980.222545,0.612907461240238
2014-06-07,2050578.396700859,2440335958.308652,3795102631.497334,0.35445139666882514
2014-06-08,2532935.410003662,2473293206.2413664,3798860051.776759,0.43510885844110164
2014-06-09,6014660.797985077,2579846453.711044,3807130862.4301777,1.0273704945442832
2014-06-10,10904865.696706772,2794699651.4771123,3826272897.578178,1.875155425973279
2014-06-11,13162426.397310257,3049461603.6312985,3847457206.479251,2.178281784060844
2014-06-12,50666683.376218796,4041637675.9140964,3930293514.434032,7.737565464506123
2014-06-13,4349612.444431305,4016949486.4644704,3936736212.3809557,0.6535296941480541
2014-06-14,1584223.4987192154,4012435647.9261904,3937435387.1983786,0.22577416177077492
2014-06-15,1184225.2899608612,4011135789.177733,3938653214.573406,0.17703306504593505
2014-06-16,3549674.6381874084,4065633613.247839,3943707199.76035,0.5417526098561399
2014-06-17,2254537.0049648285,4080628124.8148293,3947082135.5595384,0.3459474202792152
2014-06-18,2460965.4380493164,4093410307.0180964,3950623650.5883827,0.3790222894448821
2014-06-19,2774194.6061820984,4095627299.1650224,3954328204.2279954,0.4189710446999674
2014-06-20,2128694.456518173,4089986845.0923705,3957184277.5001297,0.3188966091087129
2014-06-21,1693382.6968955994,4065074996.719585,3959494372.337404,0.25468135604547815
2014-06-22,2124741.015583992,4057020310.0546327,3962438830.119262,0.31958743076670904
2014-06-23,4501815.311132431,3944430934.4399433,3969162780.805395,0.6709459935309391
2014-06-24,7773130.954088211,3967065354.2018356,3980569549.7249527,1.133523549470793
2014-06-25,1777452.3294363022,3918804194.12804,3981684071.9551764,0.25445208848053924
2014-06-26,4172241.1292858124,3431957342.7438183,3987455572.896694,0.6077885158749675
2014-06-27,2407249.8399152756,3418774548.3246307,3990298826.80534,0.35569128208634926
2014-06-28,1132118.29778862,3394755064.923941,3990728938.599933,0.16910587707030686
2014-06-29,13706168.822720528,3558117937.729821,4011594614.024604,2.049248555323993
2014-06-30,5434379.795260429,3551985202.5230303,4020159847.3285065,0.8583815820864769
2014-07-01,4722813.4902095795,3559177310.329181,4025011414.837151,0.7628524856367608
2014-07-02,6058695.083889008,3595394676.116113,4034322291.194017,0.9810427323046401
2014-07-03,5550041.005483627,3634452294.876844,4041913957.63779,0.8851144456883917
2014-07-04,1901386.8287620544,3589097961.7858768,4044443525.1179676,0.29784656847867924
2014-07-05,2156382.745905876,3570112881.5007153,4046688477.90677,0.336713620759813
2014-07-06,1586544.125169754,3526448599.7007604,4048927020.8434825,0.2506620325944187
2014-07-07,2467747.5981492996,3532793660.9419827,4052631844.0489345,0.3788973004609987
2014-07-08,1137814.6357126236,3501371673.2601423,4054074880.4652624,0.17519608073183368
2014-07-09,6522506.787099838,3506768551.478352,4064729855.955636,1.0020937203263023
2014-07-10,3096138.499423027,3331356163.676531,4068128269.2797756,0.4701141715554096
2014-07-11,1466520.124113083,3083034997.029263,4069890683.422307,0.2288049043190233
2014-07-12,2110955.301246643,2114112283.8652322,4071930079.8461304,0.3298735345148679
2014-07-13,1365969.7746801376,2057020302.4425561,4072960095.981625,0.21115222095770186
2014-07-14,1979048.1659088135,2068552131.8244162,4075958295.9808106,0.30297808904100565
2014-07-15,2324810.3999023438,2093356593.3348992,4079304895.895755,0.35334590888111117
2014-07-16,1806109.3850326538,2059533761.8131227,4081648256.2598243,0.274846986289139
2014-07-17,3287863.446536064,2082470982.6891038,4086277170.6631727,0.502560013170409
2014-07-18,3062410.2222766876,2096838492.561988,4090864801.5511284,0.4713917009030563
2014-07-19,3982497.7567186356,2124814540.90237,4097147583.910459,0.6092117547401374
2014-07-20,2729033.0148067474,2139514006.0199134,4101135073.191401,0.41523055711360496
2014-07-21,5659369.472482681,2223004032.6111474,4110120565.2969246,0.8547462630173609
2014-07-22,2937207.2291145325,2241717042.5169153,4114290226.603321,0.4442408876852725
2014-07-23,7348998.74642849,2304824104.761739,4126111362.5521235,1.104261454053433
2014-07-24,4526806.543213844,2245045443.055198,4133005316.967217,0.6578044946040257
2014-07-25,2880472.975296974,2268893870.036091,4136812392.7485166,0.41785811709410814
2014-07-26,1849506.657177925,2224804991.626664,4139213155.8675666,0.2659595703412638
2014-07-27,2713928.179959297,2231166508.757161,4143225918.9752436,0.38862472165823797
2014-07-28,5043978.459090233,2308108309.522606,4150562970.1747437,0.7187241253081273
2014-07-29,3732006.8465385437,2106608493.6624904,4155146775.511892,0.523630116835988
2014-07-30,4355574.475269318,2074023827.5931213,4160509161.4920716,0.5944683912250577
2014-07-31,3327281.6236639023,2036400880.6946344,4164264913.1238723,0.4663011590474411
2014-08-01,7707895.981468201,2057832947.6382334,4175993400.2936063,1.101726973882427
2014-08-02,2743080.5620794296,1992805368.7580743,4177506476.898032,0.3894019254610172
2014-08-03,2074726.1696310043,1993246031.7230577,4174147344.2146325,0.29175863089730986
2014-08-04,7182345.081530571,2088148336.5981538,4185200348.3652797,1.0058405632552696
2014-08-05,25722563.715475082,2553001270.1210327,4224953244.8544793,3.540985998076471
2014-08-06,4285649.682044029,2584915641.940119,4231175625.984476,0.5891890671555307
2014-08-07,3983519.060227394,2639212448.51696,4236672648.052949,0.5521224842403482
2014-08-08,2224373.4318552017,2547230495.7363153,4239236725.3499517,0.30990995907363117
2014-08-09,2565531.1240205765,2533819290.217603,4242762674.933414,0.3559352010081337
2014-08-10,2263742.0668973923,2547125255.070801,4245576286.6815996,0.3133590834720612
2014-08-11,2505920.670196533,2550403471.290946,4248691246.9578547,0.3392970612709972
2014-08-12,3318999.386656761,2584676716.988422,4252842095.601838,0.44398825505786593
2014-08-13,4347385.762124062,2622575521.736094,4252770212.6942043,0.5577282757665463
2014-08-14,3507413.5070114136,2634006798.884294,4256391910.3256216,0.41921515877351295
2014-08-15,4393163.276185036,2669262981.4322677,4260480429.0062184,0.5115653586684644
2014-08-16,2713437.790667534,2647370448.004715,4262910662.0616746,0.32766896062613854
2014-08-17,3349939.561320305,2638138339.2805233,4266698685.466639,0.3870525145980079
2014-08-18,6213186.563144684,2651309024.896253,4274054178.690269,0.6764422996578058
2014-08-19,3223145.7268743515,2647055016.797646,4277357839.4505296,0.3682872505433326
2014-08-20,2890510.230755806,2579823243.6910853,4279891928.4044914,0.34957821963024843
2014-08-21,8106752.399741173,2661177621.392772,4290290709.3911314,0.9948899882631681
2014-08-22,4600759.533649445,2588091071.0263457,4296000663.34335,0.5502115588515428
2014-08-23,8372435.319931984,2636476360.9249506,4306314286.995356,0.9684077595718734
2014-08-24,1841427.1361045837,2610252058.546306,4308494481.925204,0.21860804738115122
2014-08-25,6561435.032459259,2683532826.042508,4316998102.12145,0.764254766697757
2014-08-26,3604071.6822423935,2691490451.157888,4321201218.040844,0.4278645403669957
2014-08-27,2622785.752799034,2637209962.1213236,4323935097.439918,0.31330143460763477
2014-08-28,11782271.220132828,2764089750.9116564,4339215703.875801,1.378625554359665
2014-08-29,10047971.806796074,2852455533.3823414,4349823665.265732,1.1780396301919562
2014-08-30,2652443.174156189,2831907024.2243543,4352044547.259244,0.30453417156891854
2014-08-31,3451118.4483966827,2733600838.87712,4354824791.5076275,0.3792618740166713
2014-09-01,5983563.94534874,2774102337.504937,4361276262.810098,0.6515922985198463
2014-09-02,4001397.911026001,2796965056.2658563,4364943269.986918,0.4361397066095181
2014-09-03,3405688.394885063,2710345610.2480063,4366838315.895661,0.3689307408831651
2014-09-04,5102089.754611015,2294652859.4445934,4372471924.842957,0.5694073744211645
2014-09-05,5825181.450059891,2304947304.5714197,4379327054.457653,0.6397776962097177
2014-09-06,9295347.495749474,2376475402.54952,4390815561.294367,1.0214515057829003
2014-09-07,3970628.3879117966,2396077732.722365,4395018040.454413,0.4327289598668757
2014-09-08,2158974.3508672714,2379596482.308258,4397329497.953934,0.2309836171207148
2014-09-09,10179492.740496635,2495185252.7003956,4407213540.951656,1.0886817625663168
2014-09-10,4904627.398674011,2525771314.285682,4412879880.408113,0.5346056012929619
2014-09-11,3530208.6257896423,2518791195.0181656,4415973991.614647,0.38016717630702296
2014-09-12,4056116.2418937683,2503864850.4751616,4418872957.33971,0.43542773920921024
2014-09-13,1714160.0080423355,2471698999.586988,4420323823.123977,0.18536390468903788
2014-09-14,1933683.1599588394,2429815359.0529413,4420773362.342696,0.20878812530982716
2014-09-15,5584786.709885597,2471680365.096802,4427267377.007247,0.5991898526329543
2014-09-16,2455860.486520767,2454739251.804587,4429285801.505706,0.25810099138032433
2014-09-17,4086014.437563896,2420680632.7324057,4433573892.704063,0.4216445943093788
2014-09-18,6574031.190242767,2460706817.1568894,4438827876.550533,0.6254087719150404
2014-09-19,5546213.12925148,2484190056.3551736,4441114192.778211,0.49551848499382856
2014-09-20,13910830.274561882,2531098438.972158,4456062835.35721,1.273684631865447
2014-09-21,4375485.103393555,2511283836.7922516,4459672347.274106,0.39672671412500804
2014-09-22,1911059.1907196045,2397949659.486987,4460528465.160906,0.17267973011260626
2014-09-23,4273101.617266655,2428988228.355333,4464860340.333141,0.41950441651591247
2014-09-24,2439897.0128030777,2353745576.351544,4466405952.023351,0.23329872574295787
2014-09-25,2645307.0901460648,2328248641.0140195,4467785633.321819,0.24262146885025432
2014-09-26,5216785.709762573,2353416149.004248,4472773311.499376,0.471680579800691
2014-09-27,1721289.7849111557,2176950082.363099,4473912377.669496,0.1538187603857265
2014-09-28,4979558.541402817,2069194090.3995268,4478506485.016878,0.42236958000420516
2014-09-29,8356053.1219911575,2129674053.715925,4486115495.307252,0.6998805946050499
2014-09-30,5058826.509988785,2140240654.7421963,4490130236.986036,0.4384320583874654
2014-10-01,4022497.7209386826,2096971985.602202,4493054913.409098,0.3435778062176738
2014-10-02,4182672.256840706,2085651492.7124116,4494416245.490307,0.3480118896452924
2014-10-03,8488553.706781387,2133602723.0290084,4501574555.684186,0.6774513599574891
2014-10-04,6571453.168440819,2123238736.255919,4506981498.693591,0.4834273572886753
2014-10-05,23495225.737455368,2279184711.0620475,4526403823.063311,1.6525646651145118
2014-10-06,12417279.492844582,2265798617.546141,4536740502.016225,0.900078450466184
2014-10-07,5522827.053937912,2263533896.422429,4535270020.304229,0.4043662104616217
2014-10-08,7408379.97415638,2316156114.8204517,4541678634.278263,0.5712376048513561
2014-10-09,4069392.788371086,2206293536.4247828,4543299414.140443,0.33063540765637667
2014-10-10,8276809.100366592,2226532713.477489,4550269684.144071,0.6519010562861538
2014-10-11,1431150.6162605286,2187930383.4839945,4550675287.942128,0.11443103062359791
2014-10-12,6458969.397546768,2204888235.204422,4556713838.866357,0.5339012936316447
2014-10-13,5880672.371624947,2253524836.0891504,4561821078.675003,0.4994642426984169
2014-10-14,3953929.1212978363,2276323858.101827,4564866705.341229,0.35203123045042994
2014-10-15,8275220.920247078,2296111753.299223,4572196503.811942,0.7100330312599044
2014-10-16,3170709.077946663,2298232827.7249775,4570141074.121818,0.2640695920923973
2014-10-17,4645710.575416565,2294841292.775324,4573288207.723238,0.3865154209732722
2014-10-18,1404477.081916809,2220609779.5500884,4572948731.034445,0.12008367610420011
2014-10-19,2241851.8396635056,2176295589.0647545,4572188040.792472,0.1905495692996534
2014-10-20,2194688.0841236115,2015220788.5629468,4571849234.225711,0.18447124866965467
2014-10-21,1729838.4762163162,1978440064.2248456,4553651797.149867,0.14622317558007839
2014-10-22,5089012.286515236,2017022564.311792,4549072845.19457,0.42376060347512867
2014-10-23,4977307.559043884,2014190705.0501997,4543339023.480481,0.3935591961787929
2014-10-24,6534463.120094299,2057416556.7292242,4546150228.588463,0.5144533836390007
2014-10-25,2110658.997701645,2045799874.111708,4519624846.794871,0.16273037238050564
2014-10-26,1269780.6093215942,1990444460.8984244,4518676851.744729,0.09937818684980622
2014-10-27,3473532.522624016,2008326938.8261397,4519146723.719999,0.27099053620256247
2014-10-28,3001470.346590996,1980742483.807716,4520397382.758517,0.23538887457736066
2014-10-29,3638245.0980329514,1916955143.813233,4519403802.296823,0.2713023739690955
2014-10-30,3261655.829434395,1888894173.4427652,4520771585.738193,0.24924681766056556
2014-10-31,4182991.0262823105,1884700657.3699079,4520819501.887215,0.3136396990826573
2014-11-01,4553809.18731308,1881653710.7276235,4521816161.045029,0.3256881391738616
2014-11-02,2249324.9820976257,1804391380.9018867,4522260126.30061,0.16180579831544573
2014-11-03,2864380.4153385162,1762793653.9723637,4522227942.847177,0.20584242084680085
2014-11-04,4935085.416584015,1567543022.8703356,4516378925.928291,0.35928253841971536
2014-11-05,4099064.080277443,1477865874.7737074,4511371678.686702,0.3087991895911882
2014-11-06,5215623.204987526,1477567095.0368576,4510376026.954782,0.4046107350072236
2014-11-07,14682294.677602768,1558461106.0949805,4507861506.61814,1.1138758254710321
2014-11-08,5607223.835982323,1572906236.2924554,4500425809.504965,0.4300769842124031
2014-11-09,5874723.248606682,1545251902.2681339,4494513381.3900585,0.47540087467486886
2014-11-10,3578608.7680301666,1571990763.6029723,4487893985.907057,0.2947717364607794
2014-11-11,3863303.8029670715,1538059462.6535952,4480551391.736198,0.31578621939439305
2014-11-12,5729235.069574356,1543318666.5952291,4474180513.948062,0.5445114744566573
2014-11-13,8308949.191625595,1603589570.224313,4466260443.870863,0.7646447839114727
2014-11-14,4601685.0812597275,1556196357.1727386,4445373457.739498,0.410452388065079
2014-11-15,2004569.816980362,1541165288.6073074,4429213424.751437,0.17066308615000758
2014-11-16,1991829.104763031,1508017014.0803804,4416516572.061624,0.17506968861468789
2014-11-17,3834229.8756341934,1539072422.5757356,4395953892.331013,0.3368549319187901
2014-11-18,3184411.674723625,1549951789.334349,4361861646.541404,0.27456383575073734
2014-11-19,5286860.577335358,1588376200.7547393,4327213511.135183,0.46129156198143945
2014-11-20,5197370.133183479,1628332238.160197,4290989433.699202,0.43452228844607566
2014-11-21,2467537.0654382706,1593394251.7673352,4273332325.7576065,0.20582959510180102
2014-11-22,1498463.5844335556,1551700960.572333,4241688252.4054294,0.12666515930159822
2014-11-23,1331220.5470428467,1489874166.387478,4207159801.7841196,0.11503688114667235
2014-11-24,2634471.4730300903,1499288394.8344865,4188606990.526633,0.24301804634609203
2014-11-25,3388102.5487031937,1527021183.5404232,4101924571.359588,0.3123025670947613
2014-11-26,4299889.051343918,1538930623.1454394,3992918006.3335223,0.39618373817849223
2014-11-27,1920247.9854574203,1527225316.8798091,3926492284.070982,0.18155952260319783
2014-11-28,53217483.52946091,2154996686.4221964,3918358935.71028,5.119302849963019
2014-11-29,3035624.4645147324,2155483582.0069294,3869410332.6992373,0.2949790021006433
2014-11-30,2668611.0245170593,2141704807.999597,3845905140.502965,0.2611986544804854
2014-12-01,5044673.451515198,2156137273.0618415,3826791037.358463,0.49798272872506283
2014-12-02,6726116.245121002,2217363076.4151144,3802742044.3444095,0.6754341947396449
2014-12-03,3644876.803039551,2232446749.5634117,3783308736.4357333,0.3656525645139166
2014-12-04,18216254.02931881,2404069744.990264,3780728971.033901,1.7910159653487816
2014-12-05,2657917.0145893097,2390765521.9110265,3758170306.9745045,0.26448541304828826
2014-12-06,1835870.4439783096,2352821154.7984514,3742140333.6395507,0.1834820409794989
2014-12-07,4088946.0225248337,2236435683.4908824,3727850923.217549,0.41032590869971575
2014-12-08,29363529.690073013,2531141665.8818874,3750642844.59963,2.8732965195741205
2014-12-09,23738724.70532894,2738880146.3774185,3764640057.694804,2.2230146519614813
2014-12-10,5135497.661856651,2754702611.154151,3757733762.9997063,0.47836764389202524
2014-12-11,3586147.042863846,2750214548.137609,3742736679.763333,0.3420637367369772
2014-12-12,3115485.6398801804,2706024660.8894954,3737946091.2908463,0.2971005959072507
2014-12-13,2080503.0977649689,2616365428.9887557,3727952449.4494348,0.19456412194337977
2014-12-14,1909223.3043556213,2578013969.930939,3716022284.1284957,0.18139567750032554
2014-12-15,3370449.506132126,2592307628.9016166,3705798542.862889,0.3196916906579062
2014-12-16,3203174.234889984,2602460090.694316,3680882898.8810716,0.29280258688508076
2014-12-17,3285525.3214387894,2587867561.3418045,3673711393.8705983,0.2839152989220081
2014-12-18,4995172.181613922,2600752876.0414248,3648073941.9312434,0.4342480253671614
2014-12-19,4062456.069578171,2577004469.017644,3642637137.0350895,0.3523971289410771
2014-12-20,3037654.758872986,2547837318.6601095,3624532568.658094,0.27300514451418556
2014-12-21,5663998.771712303,2580440653.8201118,3421858505.174812,0.5428857781047549
2014-12-22,3415891.9367027283,2600354549.3312864,3418615564.037418,0.3319153506087216
2014-12-23,4088034.881085396,2630062429.061761,3417067727.735965,0.4024546902698644
2014-12-24,26987715.894005775,2890199341.089834,3430517136.481449,2.5716281533110052
2014-12-25,1457294.9954776764,2862970542.0329967,3380197178.773159,0.13732264048809795
2014-12-26,1758901.9395589828,2829568729.014476,3376266534.7879815,0.17175030035660965
2014-12-27,1349061.1083641052,2819918638.136073,3357213593.1660657,0.1261133158494416
2014-12-28,1040655.5615625381,2162298712.733633,3356124125.9376807,0.09852683997321159
2014-12-29,4748685.248142242,2173806332.9044952,3354517136.1703434,0.4431706094906409
2014-12-30,32972576.771632195,2485434461.515614,3378359634.836361,3.064620178246358
2014-12-31,8673623.097855568,2513832099.7975082,3381072371.447693,0.8156006995852861
2015-01-01,1074843.0170698166,2439514832.4708123,3377771433.368166,0.10035729101582777
2015-01-02,2357095.192293167,2418215422.1658945,3371269817.77141,0.22080529679175592
2015-01-03,5079022.506185532,2243382152.0252438,3366338155.662719,0.45341488970480126
2015-01-04,6741647.8968753815,2270241121.91204,3344358289.5956182,0.5381451886147843
2015-01-05,5754551.7237558365,2300105912.6954474,3329478248.2792106,0.4753174976794078
2015-01-06,18606755.380929947,2427867015.4693704,3334699522.4659786,1.6080809874043815
2015-01-07,6374506.531188011,2131976228.3071105,3330000989.82199,0.5705660215997308
2015-01-08,11986946.135982513,1966934501.8142207,3321726670.674341,1.028861959956558
2015-01-09,6982825.008845329,1974567076.063801,3321119809.131467,0.6102024589703293
2015-01-10,3748202.919739723,1966625273.309976,3318867471.741256,0.31396264555901465
2015-01-11,6551790.584150314,1989042733.186137,3289314493.3971834,0.5420794548699308
2015-01-12,4219430.796982765,2002938537.245118,3279339924.3922887,0.3483017750759404
2015-01-13,13242257.977664948,2082871905.5252078,3280902938.066953,0.9363493788842465
2015-01-14,14502085.264735222,2128740746.0132577,3269393700.2634125,0.7832578302945362
2015-01-15,12111492.339431763,2181390392.1618547,3265132118.406917,0.8138296776082149
2015-01-16,4698021.339164734,2179487188.4849596,3256364069.7525425,0.30276920427758974
2015-01-17,2370060.499610901,2142579924.1271148,3251772115.275778,0.1466741696631002
2015-01-18,3534091.882393837,2124666723.227814,3249280049.0625134,0.22966898224164894
2015-01-19,2058319.4943180084,2106533630.4558895,3237883283.7402544,0.13759707052518733
2015-01-20,2657348.353208542,2063398472.7415338,3231668302.932722,0.17440638483969603
2015-01-21,15908689.81952858,2146354213.066931,3233787324.319391,1.120470466949595
2015-01-22,2185056.2137126923,2117611051.7872574,3222798150.44355,0.15915365209463234
2015-01-23,1929467.8688430786,1838566097.1717286,3218950006.3244185,0.1400039793225226
2015-01-24,3666179.9745311737,1853403042.3491843,3210147821.831563,0.28325360941304717
2015-01-25,1418414.38408947,1846088798.0775511,3202970465.011173,0.11253536903393169
2015-01-26,18809941.80368805,2005027284.729848,3213252105.174227,1.615666548372621
2015-01-27,3084375.115869522,2021335655.8086848,3204624353.8492227,0.25585508518861244
2015-01-28,3892884.84185791,2002549606.511002,3200924203.068051,0.288367317154278
2015-01-29,3737821.1648159027,1686716235.425643,3193800572.0699854,0.2750290614302292
2015-01-30,2453943.3425941467,1613528654.5385182,3186764140.7998013,0.17634739819384393
2015-01-31,3255863.351539612,1626050169.7487166,3184305213.465988,0.22442240901009108
2015-02-01,1952144.999472618,1616030383.4654498,3175265264.5248322,0.13976805312563967
2015-02-02,4242829.949685097,1598776549.3647416,3172291168.090785,0.31798241935803406
2015-02-03,4196047.151527405,1571368576.7604072,3171070430.039182,0.30825904563959683
2015-02-04,6952505.741886139,1571140464.4867733,3165698965.462411,0.4977466014715998
2015-02-05,2672726.9236946106,1411726074.3599794,2855168134.943882,0.20315272851404423
2015-02-06,2591071.175075531,1367654386.562236,2838465991.5024376,0.20357291032672847
2015-02-07,2002709.6561546326,1269037150.6172478,2828735572.075502,0.16229199328924515
2015-02-08,1484304.374929428,1212567612.7130263,2824022513.7995048,0.11772899660531769
2015-02-09,4418756.427327156,1210282667.0214436,2820339668.0111985,0.34515418549802396
2015-02-10,2298419.6642398834,1167771036.899913,2811146943.3562427,0.1806098770576609
2015-02-11,3536625.9798135757,1155570483.134795,2804124599.2806354,0.2768005758334726
2015-02-12,2555403.8946447372,1072134309.899565,2795392190.2294803,0.20354433026261257
2015-02-13,4497475.147816658,1022826796.8162318,2793287087.9483743,0.387197158578259
2015-02-14,3309494.9776363373,962785881.8710347,2788272725.863716,0.30701228146548815
2015-02-15,3433413.4227170944,956916297.3970071,2785644409.028762,0.29071880868622363
2015-02-16,2447039.24990654,960330781.0056297,2780182240.8988276,0.20839838291070348
2015-02-17,2466905.2044582367,955461265.1825083,2777950961.4676275,0.2160489423742617
2015-02-18,2080534.2281246185,956995390.5888946,2764663739.161612,0.17779631199770596
2015-02-19,9979718.052585602,1018631158.9448135,2767008945.7622137,0.8719511514728703
2015-02-20,28522489.722619057,1130310677.074298,2776307389.239909,2.511879183194342
2015-02-21,1311230.6637687683,1123944452.306351,2771934472.7326736,0.11614031851594761
2015-02-22,1623408.7104644775,1121736905.8596647,2770558158.7381296,0.1387588329494547
2015-02-23,4530841.02984333,1127515522.752926,2767917015.5930552,0.3911405067355662
2015-02-24,2775102.719244957,1137672753.0026262,2759785985.3101163,0.2410202727009933
2015-02-25,8013705.495303154,1028255452.5117333,2745867751.664839,0.6952355669473383
2015-02-26,1977271.0296897888,1016566336.6355461,2742705676.333376,0.1710887044188054
2015-02-27,3728416.0102910995,1017489808.5612562,2740236098.1278205,0.3469577250200439
2015-02-28,6718114.795638084,1045502292.4140666,2727654561.06031,0.6301246916867361
2015-03-01,18414753.455314636,1186609766.909948,2721744676.723505,1.7618117675668603
2015-03-02,3571096.890130043,1195738105.9819005,2716853194.945884,0.3638325475321404
2015-03-03,12878297.252264023,1302348459.37299,2712646737.091768,1.3426411910227207
2015-03-04,9240164.106218338,1353391655.727014,2710354371.4184766,0.9371574204258105
2015-03-05,11065698.695461273,1422925907.0409687,2705985361.863244,1.1321342410104582
2015-03-06,8191014.458226204,1445008533.68661,2704942527.3053823,0.8274463054636364
2015-03-07,13231172.714907646,1547771288.933771,2419859071.8280697,1.5136905686114608
2015-03-08,9259309.278067589,1613559971.664128,2420767483.686884,1.0540026177063149
2015-03-09,11689834.70898056,1711321348.4867105,2250399683.967373,1.5072533396280805
2015-03-10,24760667.264058113,1942068220.8676634,2243896607.194573,3.233159444649912
2015-03-11,5359886.183048248,1962680906.086441,2238267244.859021,0.7111896942421466
2015-03-12,11058386.012050629,2054884715.2543411,2234234651.2557044,1.4653049880090252
2015-03-13,7253723.249993324,2098534039.9970374,2233089387.620336,0.9339809940582545
2015-03-14,1635287.704427719,2095082351.8387916,2230373331.046447,0.20868057376557864
2015-03-15,1951420.411898613,2077686170.191644,2228685718.897513,0.251119917620946
2015-03-16,5804750.582262993,2105748022.6715279,2229604083.7940288,0.7615206473889724
2015-03-17,2757684.2669324875,2105139824.1650841,2226644839.1591187,0.35550944403055845
2015-03-18,6140449.8602666855,2138886601.967636,2221254431.738076,0.7166170586011608
2015-03-19,4949773.846460342,2162026351.756194,2213979527.386642,0.5846331661328573
2015-03-20,2540865.789916992,2167923997.220612,2205193351.407333,0.3031373100425168
2015-03-21,3993438.9403715134,2122170481.7415006,2184882027.577108,0.4760399686994332
2015-03-22,1784278.6724720001,1905699922.1670618,2178275685.295787,0.22018881869953452
2015-03-23,3257444.860856056,1924017617.868939,2178004891.416082,0.40012041619347205
2015-03-24,2889589.84754467,1934912055.3438733,2173896742.1994925,0.32718782229438986
2015-03-25,4955740.429820061,1939447762.7578828,2170399323.974137,0.5615168015578832
2015-03-26,2973599.2499084473,1942402530.7270818,2167893571.060952,0.3477142143481164
2015-03-27,3948981.944624901,1911401437.0871098,2162152727.4825993,0.45278582842378695
2015-03-28,1991177.019244194,1912568094.0066905,2155411425.404949,0.23394404539665287
2015-03-29,1161799.3889856339,1890310756.2242424,2152679581.3900785,0.1314761154412159
2015-03-30,3036721.5320711136,1858115152.2285872,2149590969.6993,0.35025006155087796
2015-03-31,2262613.4355306625,1716716145.9405096,2146433314.7623267,0.25774460697972407
2015-04-01,9939598.06842804,1765722124.574455,2149624807.9904423,1.1437619109470623
2015-04-02,13748245.344696999,1761018105.6115985,2156120119.0916886,1.623745655924753
2015-04-03,3311837.4160432816,1704459150.0020845,2141612438.5280418,0.3937500678005606
2015-04-04,1870727.055929184,1618153202.5265348,2141029723.967956,0.2215570639966803
2015-04-05,1736626.4730520248,1558619472.5379672,2127903134.216262,0.2125015907830935
2015-04-06,2378083.7714891434,1456874644.3357937,2119667020.9024959,0.28805137897077454
2015-04-07,2491400.9565401077,1392960186.9616323,2119010199.0077283,0.29922533819628155
2015-04-08,3772318.8389616013,1310741099.3629484,2119663235.9240232,0.4365551072049867
2015-04-09,4701339.957654953,1107078960.6402097,2110946762.4949675,0.5424160225308352
2015-04-10,11434970.082992554,1144011088.6099112,2109895383.2936668,1.2795878212596523
2015-04-11,1366842.683637619,1045670371.7735931,2104786612.1180005,0.15375129807215818
2015-04-12,3440485.816119194,1003261592.126137,2105749595.4685867,0.38627558490205777
2015-04-13,4401954.455397606,1020802815.9020622,2106674272.6766682,0.47072882247334225
2015-04-14,3068017.4436206818,1024762616.0137208,2104708226.4945004,0.3223541244062555
2015-04-15,15944901.34141922,1087210931.2516925,2109309570.4611144,1.6931317491108473
2015-04-16,2209403.495329857,1077724952.7612033,2084559246.2859461,0.24322355673586202
2015-04-17,2592203.1975097656,1044010073.9139217,2078220050.4788942,0.27924976073864516
2015-04-18,1096741.9319515228,1009050626.9990286,2075363404.2999747,0.11833226551733504
2015-04-19,1030443.2070293427,994456904.7065036,2074572346.2298312,0.11118663194017346
2015-04-20,2791213.541401863,980752934.2864949,2072618150.0054162,0.3034674088026548
2015-04-21,4573399.514896393,1000588641.0217718,2073023984.0740554,0.5184229223886835
2015-04-22,2601817.7369451523,991846153.731889,2070191949.1743543,0.29426720801001005
2015-04-23,53682850.373114586,1391318978.5240471,2097566138.6185815,6.052470551941148
2015-04-24,2308717.3783283234,1368516881.3231113,2094752810.8751187,0.25523430148777926
2015-04-25,3530266.6303195953,1370114086.0529044,2093894655.7416167,0.38288628778300465
2015-04-26,1984616.2771339417,1352000468.2733507,2093290140.333926,0.20808562182205298
2015-04-27,5242199.982038498,1374889712.3922207,2094528044.1656618,0.5685877518980179
2015-04-28,3298142.9991722107,1390272940.7749658,2093117797.6777475,0.35570038220455674
2015-04-29,2753139.921957016,1385908523.1190631,2090300346.605945,0.29754663762994593
2015-04-30,2141492.5338783264,1384370983.8157556,2089308190.8663433,0.24271451872885907
2015-05-01,2391073.02044487,1320989539.765026,2088353273.771349,0.26682059193854635
2015-05-02,1155545.4990139008,1213385534.3353612,2086390096.395385,0.13078595158622325
2015-05-03,3888364.9854221344,1216462849.5443437,2087702269.139753,0.448138373451081
2015-05-04,2831290.2266349792,1223257749.5882165,2087983269.4052064,0.32481450920885035
2015-05-05,3292719.0111522675,1234171127.989121,2086482459.1627727,0.3736356132096259
2015-05-06,2599048.9448776245,1234132860.93129,2085485966.3233197,0.2922220558833644
2015-05-07,2203126.1765270233,1230392626.0644395,2083447595.532953,0.2504764211746175
2015-05-08,2870115.1972198486,1222986906.4684923,2082740058.0048363,0.3376216924508925
2015-05-09,2328914.052131653,1203663105.1747274,2082469091.1153822,0.27145531728931427
2015-05-10,1652280.1292133331,1126950918.3001928,2081602500.2592704,0.19140581850227276
2015-05-11,6742010.967342377,1170630255.1090944,2084081221.7000344,0.7840355553476036
2015-05-12,3717851.9318580627,1173550980.4103913,2084527890.2821825,0.43224243718985705
2015-05-13,2524627.1778850555,1161033079.1787536,2084447106.9084554,0.2955869020234665
2015-05-14,3520610.0203609467,1166290369.460542,2077660149.0718203,0.40246239805364026
2015-05-15,2719913.258342743,1068820088.0106808,2076626845.5889037,0.31167398241531125
2015-05-16,1760462.8798103333,1065780922.1017376,2075748958.8044028,0.20033199827763143
2015-05-17,1387013.7308826447,1057406065.3040055,2075276404.8374195,0.15857971842180082
2015-05-18,2786504.5001659393,1071102403.3637226,2074566336.508041,0.3164384689183205
2015-05-19,4573687.559537888,1098943509.158949,2074434799.3328824,0.5138256869259458
2015-05-20,2692176.3139457703,1098999183.896359,2071805766.585314,0.3043925795134752
2015-05-21,1880594.1902256012,1077962857.6139195,2069100196.9788475,0.21439916934909659
2015-05-22,8547084.053808212,1126158567.1128964,2069920186.1369646,0.9928213192282309
2015-05-23,2349863.5426158905,721701936.9048926,2067327781.0226114,0.2717316449062949
2015-05-24,1504038.202533722,715945572.3498423,2051769388.4196734,0.17641448199037515
2015-05-25,3413960.4780158997,716234985.2340369,2043488208.1627104,0.39657969888656514
2015-05-26,2987826.919363022,725389081.1749446,2038691561.1181624,0.34836385860304586
2015-05-27,4207008.069047928,719027980.0500969,1994776916.4931738,0.5013542867401112
2015-05-28,4909518.819538116,732987569.5053111,1992992018.2633104,0.583700523448791
2015-05-29,3901230.6043777466,743071328.7236472,1991701701.5427263,0.46416319050353666
2015-05-30,13924506.103973389,834277679.7141502,1991491914.3607492,1.6285760129628997
2015-05-31,3543068.6573467255,843046866.3429649,1983780895.2630913,0.4134989189116704
2015-06-01,6522856.311542511,882529067.7758878,1979952429.0405831,0.7360462482580972
2015-06-02,4439390.244432449,884730258.7027687,1974829945.8542993,0.5071906211729824
2015-06-03,3606385.335187912,889262601.7822315,1970469260.056927,0.4131896750566417
2015-06-04,3332963.354576111,888250357.7620565,1965493816.808664,0.38118503658874564
2015-06-05,2230346.4443473816,884660815.7462392,1961574943.3787532,0.25578361806363475
2015-06-06,1213221.0721206665,876391110.3292415,1955955553.2528746,0.13996398561753773
2015-06-07,3598107.8285369873,879791321.8809464,1954476115.2847493,0.41196951120208447
2015-06-08,2664887.822376251,881250082.0119522,1951616231.5896752,0.3120798556322657
2015-06-09,2409943.370075226,886385841.5674503,1942413956.7954116,0.2844417458444156
2015-06-10,4977026.137849808,869845980.4784086,1925874070.6590436,0.5907956094888824
2015-06-11,4060555.2275562286,870895483.5558248,1905467661.2348816,0.4893845888751299
2015-06-12,8315625.761631012,914130175.4296781,1827391695.9097342,1.046943588099215
2015-06-13,3459646.9513053894,913112438.7501634,1822550254.739136,0.442044318643932
2015-06-14,3241671.2354927063,916608091.563211,1822175265.6138632,0.41274851960702674
2015-06-15,3576102.532064438,930989659.4326118,1822586263.2089124,0.46488113623234734
2015-06-16,7329310.977294922,981478483.483338,1821784202.3910213,1.01206359514395
2015-06-17,8091094.108629227,1027089273.6663502,1823590540.5232334,1.1103349439965287
2015-06-18,2826313.2539901733,1015028107.2980565,1821417084.287399,0.3865467721672028
2015-06-19,9346774.879636765,1070472662.5369717,1823162919.7391725,1.2582413419407605
2015-06-20,11043370.547103882,1146498867.5515788,1827169678.276864,1.4910489958107271
2015-06-21,5607126.661149979,1123730431.9788835,1828165838.3500571,0.7504832405986991
2015-06-22,2973611.245458603,1129514647.7844434,1826710877.2743762,0.40251846190441626
2015-06-23,4318395.708112717,1152629783.692476,1822306280.139059,0.5791649420108511
2015-06-24,4086516.4906578064,1158331541.2688053,1812633374.223009,0.541454592814165
2015-06-25,3257620.2594833374,1160983907.83469,1812021400.6009007,0.43585437536622645
2015-06-26,3193403.924434662,1153512018.7475255,1807507437.8085465,0.4292835920497728
2015-06-27,3119013.282529831,1140893127.3340237,1805768887.7709315,0.4345759566459277
2015-06-28,1851590.5382480621,1125428226.7458127,1805181687.445894,0.2551142646060447
2015-06-29,4534805.657346725,1056140832.5871086,1785849960.5134034,0.6521679663623781
2015-06-30,5497679.089668274,1077054585.2248895,1780361940.4166691,0.8131514170335115
2015-07-01,3528598.6667728424,1058887339.4971993,1774449143.7667217,0.5141421992841608
2015-07-02,4434476.13060379,1063168083.6776297,1766701732.7771635,0.639631201688699
2015-07-03,7641203.812768936,1101412065.8598218,1762274172.7404594,1.1130487236770434
2015-07-04,1418977.1426906586,1088772866.7530122,1759987644.614182,0.21025196421307202
2015-07-05,5458657.43595314,1121541889.187453,1760322533.0516355,0.8434871344739298
2015-07-06,9619166.41104889,1198649065.176235,1764629564.1138723,1.466017949147626
2015-07-07,8794770.379764557,1249842645.5034256,1766836305.7966483,1.3249625740683435
2015-07-08,13003999.659526825,1346750025.374491,1774524041.3524978,1.9815350065677506
2015-07-09,7548591.412223816,1396084362.2622223,1768933064.5310717,1.1490167516282992
2015-07-10,7523484.769908905,1430187607.270202,1769613641.3653722,1.221111346059677
2015-07-11,5896774.344205856,1456847236.9731708,1771808393.2850657,0.977699059143494
2015-07-12,9214782.07434082,1488702639.780707,1775988163.5192251,1.6153475356050548
2015-07-13,3428100.041124344,1495353956.7309732,1776385897.5573616,0.5658609964426502
2015-07-14,3199087.1696186066,1501062369.611652,1775532271.4593887,0.5200426624789388
2015-07-15,3538727.757659912,1506522347.011537,1774353311.456307,0.569833126463826
2015-07-16,3982320.624897003,1482149655.9027176,1774327974.5079737,0.6270434509111803
2015-07-17,8249349.810482025,1491452393.0489495,1775013670.1418505,1.2979496743184546
2015-07-18,2680620.4325141907,1492782943.053566,1771768682.957939,0.41990774642089684
2015-07-19,1928557.6460266113,1434015994.1333926,1766384956.9910364,0.30059726731851977
2015-07-20,7139395.16925621,1409596672.2767346,1767176472.763725,1.1271199503667795
2015-07-21,3952679.139268875,1400402961.7092896,1760554791.4266157,0.6226426527771768
2015-07-22,2419643.156806946,1398295329.5139089,1757388544.6987855,0.38241735945668115
2015-07-23,2623131.1863441467,1387371767.6023371,1746899238.728696,0.4165718534774694
2015-07-24,2758807.5687675476,1381269775.7636719,1741638113.897677,0.4584183729274054
2015-07-25,5038461.347858429,1403551576.6832736,1740897376.4897094,0.8376320758421261
2015-07-26,2870479.083065033,1405816872.0189786,1740193345.7859964,0.48494160012382226
2015-07-27,3942902.997707367,1418363597.4159899,1738963169.0305605,0.6677228848050643
2015-07-28,3825451.486465454,1440660220.6890233,1733884584.2540915,0.6513849347994141
2015-07-29,3605523.638156891,1436804117.6993234,1730797546.0506763,0.6060738008780677
2015-07-30,3683883.3000068665,1423971545.0227778,1726932985.684859,0.6153838412927932
2015-07-31,4494751.7284145355,1436177144.9006484,1725115686.0302286,0.7411022877962677
2015-08-01,1734013.4404716492,1414807796.8200629,1713850350.5181346,0.2852974355645306
2015-08-02,2186969.072095871,1370027269.500661,1711086931.7056024,0.3612213895758265
2015-08-03,2856799.585205078,1384667428.141667,1709967485.4157107,0.4732520503477916
2015-08-04,4870235.98449707,1381528687.270323,1702244205.7096214,0.8169492828049127
2015-08-05,3273678.9771118164,1326152673.5960038,1663792693.1666088,0.5563783325650239
2015-08-06,2850277.157634735,1274633835.8191836,1659141910.773009,0.47942062171796324
2015-08-07,2463427.641887665,1180366353.8502152,1654618882.8867376,0.41596107477404354
2015-08-08,8009629.366641998,1182456527.9290316,1656759861.6975958,1.26466061525235
2015-08-09,45921479.43079758,1520092202.7440689,1686293606.7785056,7.288152840443426
2015-08-10,2533038.3716278076,1484736860.2487276,1684488799.1900995,0.39871747711236466
2015-08-11,4077169.0888061523,1425963813.925325,1683568465.6535568,0.6567280963374681
2015-08-12,3384837.84557724,1422674011.5708437,1680878825.8792038,0.5392973065443242
2015-08-13,4104312.9698619843,1428107947.2450354,1677356854.3779314,0.6476681435779881
2015-08-14,7062874.487314224,1457106949.4879622,1677621816.985375,1.121263054140882
2015-08-15,3596892.2031383514,1451419395.9537673,1674231241.4549458,0.5626188944720034
2015-08-16,4688400.25229454,1415131226.964545,1673733734.1659453,0.7260613325693168
2015-08-17,5010842.985054016,1433507007.2434323,1672757888.5439312,0.7743217426008245
2015-08-18,4314793.951946259,1447802188.0269787,1667466586.8373976,0.575619279083067
2015-08-19,9071973.880620956,1450491273.8522143,1668828767.8641007,1.2418844119522205
2015-08-20,5687057.681190491,1458663037.8186195,1668404637.5192897,0.8039712876128234
2015-08-21,4123617.267660141,1468246699.5313325,1659339427.833462,0.578281768087307
2015-08-22,5170541.595949173,1483675361.3369212,1656125344.7816205,0.7188881636493806
2015-08-23,10096520.816503525,1534297083.062857,1651048036.2651765,1.403381677144159
2015-08-24,21893867.629112244,1639814897.1060245,1661135418.0151656,2.7834972720749014
2015-08-25,28359536.708011627,1823615976.7373192,1669515248.5828302,3.808245860567047
2015-08-26,17008280.971019745,1913425697.6278496,1675012641.3431602,2.301736139387674
2015-08-27,6948894.2372608185,1928001410.8901417,1675593470.4542685,0.9350106230170963
2015-08-28,3888720.731349945,1923085780.218925,1661673932.0211365,0.5425385268289751
2015-08-29,3691373.174020767,1916012534.8402631,1649965067.9964685,0.5154832120530356
2015-08-30,5030376.670383453,1911860232.266564,1649495401.7597256,0.699558242592389
2015-08-31,3750713.3602848053,1924534672.405504,1647351761.4930708,0.5276288491807077
2015-09-01,4694591.264873505,1939598340.4699783,1642497562.0862913,0.6514416007600475
2015-09-02,5780402.346858978,1956905222.098448,1640921471.6485264,0.80957686903842
2015-09-03,7218767.501516342,1965239698.5894928,1641002623.9294693,0.9998042987987026
2015-09-04,2683812.277616501,1955038605.6701918,1635879192.856384,0.37879656363675934
2015-09-05,2470193.105995178,1947934331.4866955,1629798378.7386482,0.35728261143989015
2015-09-06,3861276.2815856934,1955980459.1096148,1620057654.6588001,0.5738319712765796
2015-09-07,2095232.829120636,1902915690.171721,1616225995.186584,0.31140191989361327
2015-09-08,3871377.260997772,1524778668.5831416,1616034608.39014,0.5852937106026563
2015-09-09,7776725.117612839,1564329854.4286513,1607980136.3184497,1.155593068367614
2015-09-10,13811993.463748932,1637280312.0153737,1610541807.93271,2.0453740628642865
2015-09-11,2438495.9811649323,1626640110.3046978,1607551339.4643986,0.3653303989031129
2015-09-12,1288851.28358078,1600597223.2161522,1603115679.5347254,0.19030690749962065
2015-09-13,1688484.594417572,1550885452.622325,1601938511.7554033,0.24326916515949176
2015-09-14,2249120.9331302643,1536811210.4579873,1600833640.2005665,0.32466013467996935
2015-09-15,4225559.047716141,1528797981.3550994,1596236551.9406006,0.6107092780972662
2015-09-16,3426687.3700904846,1511774223.6942863,1595253913.6307561,0.49179636337429433
2015-09-17,2777439.386318207,1501375543.582358,1591907264.4415033,0.40697440468046286
2015-09-18,2169579.8442554474,1449162392.1570783,1585688130.192883,0.31916609617800856
2015-09-19,2456556.044118881,1423533272.0182738,1581227367.5737913,0.36204522655072774
2015-09-20,2464373.6252708435,1410612141.7772186,1567244663.6804533,0.3649282362906606
2015-09-21,11821256.263362885,1460488289.384435,1569758587.4604301,1.7116347427960665
2015-09-22,4174708.411003113,1415413832.6740193,1570291666.9380832,0.6144188886566716
2015-09-23,8360669.457775116,1325540047.3039472,1570441046.9698467,1.2273955442066735
2015-09-24,2378114.7840976715,1132262369.1465104,1569119368.5385816,0.35662945794060774
2015-09-25,3176728.3790454865,1028678762.4482341,1568198678.7213154,0.4769350591293183
2015-09-26,2514247.6015987396,996157988.2458016,1564038005.1864514,0.37791566873682514
2015-09-27,1403898.252790451,977038938.402568,1563051098.2709565,0.20981440223843456
2015-09-28,5675576.279251099,994124733.8012884,1561603203.0705872,0.8728870127235014
2015-09-29,2470167.1002807617,975185821.1369655,1554605957.9861133,0.37678404709600977
2015-09-30,4613091.259950638,982577809.0687431,1552201390.6158013,0.7028404681643251
2015-10-01,5150057.494232178,987838941.2724073,1551335942.0043912,0.791463134421737
2015-10-02,2287740.4346084595,961695937.0197685,1548541562.9614608,0.3514028636953744
2015-10-03,3220179.834259033,932759405.9561284,1542303173.2111518,0.5009297518508411
2015-10-04,2674831.5369319916,933488278.5907581,1538091484.0071938,0.4170958635999888
2015-10-05,3841633.0562820435,944931760.1809032,1520133752.638829,0.6088958073418366
2015-10-06,3857751.094947815,945702023.8597262,1511556564.766767,0.6303097152479179
2015-10-07,13607654.233402252,1039732623.0195519,1515639589.1534717,2.1932746257535443
2015-10-08,5078414.352081299,1049533955.4080077,1511928677.4795294,0.8200749694936827
2015-10-09,2409650.6835460663,1007232781.9419332,1509427197.593833,0.39030401503253315
2015-10-10,3130011.0868644714,923099784.8395915,1503410334.346034,0.5122823160377483
2015-10-11,2425110.8259277344,923653575.6985501,1503638177.180664,0.4016266060794258
2015-10-12,10121083.029676437,996547837.8785578,1503800030.4394495,1.657076607458529
2015-10-13,5161389.804897308,1026689777.2017637,1501102753.490687,0.8620065622281754
2015-10-14,10265154.31312561,1096222440.722299,1503839003.155674,1.732703278326974
2015-10-15,5310094.716259003,1108895557.3018613,1498657138.5709546,0.9041627566576448
2015-10-16,4112560.1754131317,1118875804.3702419,1498320459.6563947,0.7234416899587806
2015-10-17,4175394.971355438,1135343187.887365,1496606050.3411236,0.762984364860755
2015-10-18,2572001.3636550903,1141192603.5906696,1496968910.2510138,0.45530695841526236
2015-10-19,5199669.7719249725,1168017960.6562798,1498355233.7319992,0.9191655633353664
2015-10-20,6217556.173585892,1205116751.207186,1500660770.199158,1.1227691034106477
2015-10-21,5494468.838308334,1164779919.6595988,1502882411.1947935,0.9826107343275872
2015-10-22,5940067.318660736,1187236296.603347,1502090055.8935533,1.0908188645218562
2015-10-23,3644349.51061821,1156894009.2334776,1499978304.847924,0.6781989573489897
2015-10-24,1973342.7980594635,1156949474.8594124,1495108375.5081856,0.3753963042533968
2015-10-25,4736660.903007507,1177471508.5659235,1496829224.0189219,0.9109856481132972
2015-10-26,4043567.2359046936,1196472704.0035963,1498780052.5649588,0.7747036196558326
2015-10-27,5762383.34733963,1242312017.0131912,1500090967.7109883,1.1353511612289309
2015-10-28,41007301.92153549,1612292882.7460618,1531319674.2162046,8.138424221155985
2015-10-29,8931556.81632042,1686549205.1677735,1535668483.5768976,1.8320623410775694
2015-10-30,14991726.129915237,1814183696.1427686,1546060803.440459,3.182271143778504
2015-10-31,15196241.763397217,1932664765.3341422,1555278197.4535062,3.074856505267808
2015-11-01,14061432.961725235,2068948690.7939432,1563935670.912117,2.9621932600770777
2015-11-02,6245393.489366531,2119200196.2338567,1568177870.3617244,1.454000054539017
2015-11-03,25462576.333576202,2441560590.2098765,1593880547.259592,6.469960018540092
2015-11-04,25412221.163972855,2756313362.420554,1617840903.8347375,6.408656259293117
2015-11-05,13604779.082809448,2899344736.219487,1628390443.7897077,3.220167510737629
2015-11-06,5604245.370283127,2858695287.5056767,1629156974.8358402,1.291913808045177
2015-11-07,26896705.934238434,3163651582.03833,1643862141.2556949,6.3196197779119965
2015-11-08,6324166.626937866,3222405993.636304,1645002520.1152446,1.4296439153142608
2015-11-09,19576875.632362366,3446064730.755608,1659641525.7285662,4.506956788954407
2015-11-10,13055917.870418549,3573218503.656049,1668122648.9658484,2.6487946120898274
2015-11-11,9183965.959537506,3585055756.813382,1672046301.1923087,1.7027216563479475
2015-11-12,4557688.920476913,3593304089.1073,1669594706.0259254,0.9232242935018968
2015-11-13,16324369.22623825,3689285573.5361166,1675266071.921028,3.2741970936106233
2015-11-14,5443304.202867508,3704565801.0524607,1675235449.0268223,1.0824966700882386
2015-11-15,3392824.352005005,3704753271.951436,1676149608.9723501,0.6500443675018396
2015-11-16,3931751.6581630707,3710306603.1204486,1677616153.549896,0.7799680213306629
2015-11-17,9617457.554094315,3795459867.4874024,1682425412.5725205,1.9235196212525714
2015-11-18,3151846.5986499786,3784846361.2827597,1682045198.5496767,0.6294904246707749
2015-11-19,5571832.913379669,3789306575.7419667,1681559157.1844094,1.0815569428443301
2015-11-20,4110313.405723572,3784197623.203193,1680076826.4038067,0.7877495794890716
2015-11-21,3250094.828611374,3765000217.672754,1680578217.4748209,0.6322740543804072
2015-11-22,6187143.417013168,3797854162.491472,1684593636.5125108,1.1889526491991045
2015-11-23,2772061.496406555,3809021911.991774,1685723258.708539,0.5316950092506849
2015-11-24,4066321.685192108,3807165304.1940207,1686517737.1169658,0.7754983407770012
2015-11-25,2855851.3934116364,3799778892.847838,1685582056.0696778,0.5573849033462438
2015-11-26,4434690.223833084,3795189413.743617,1685536895.705359,0.9287519323971696
2015-11-27,9390522.683776855,3492110599.043845,1692817094.668043,1.9908616805654107
2015-11-28,2852180.51843071,3432361470.418396,1640657369.9327493,0.6222911359117634
2015-11-29,2100058.8560085297,3294246606.4807525,1639657764.3561156,0.47359807642006096
2015-11-30,5447487.938240051,3203256663.0576982,1642529034.8555417,1.2496333012645886
2015-12-01,5520617.457536697,3115659240.389694,1642800490.144543,1.2203289660289098
2015-12-02,8371989.156045914,3139747595.1085663,1643990296.5557063,1.8265201180871078
2015-12-03,5245507.5394153595,2859557383.952844,1645423887.072421,1.1587513074330231
2015-12-04,5954514.31479454,2586197298.3042154,1632810291.7783487,1.3273946620470491
2015-12-05,6598909.966117859,2496782129.079618,1637104137.5295908,1.5644911441090472
2015-12-06,10904828.758825302,2569085132.2761273,1646932096.2723606,2.595019246289576
2015-12-07,5501793.411758423,2295551057.156271,1648720939.0912054,1.3237907002307014
2015-12-08,3738504.31019783,2269747089.667741,1623518034.3990128,0.9717470243485726
2015-12-09,18981311.9837265,2285142032.7470126,1622347982.1425045,4.895238889195089
2015-12-10,5574589.863269806,2215084874.823319,1623770506.2537243,1.4268023333667554
2015-12-11,9156005.107658386,2258424310.35856,1631625185.7584136,2.5417678948037046
2015-12-12,5644501.712554932,2289278709.3785963,1635341614.1209195,1.508579211954162
2015-12-13,6277008.45857811,2197306307.034696,1640822856.417954,1.661348891337563
2015-12-14,23093881.059265137,2478670947.420036,1667070269.0944188,6.151136035984765
2015-12-15,7045558.328674316,2551386605.848394,1672786237.2145512,1.9554449292340046
2015-12-16,4633861.321638107,2577860615.8511624,1675594278.905253,1.2549023820333909
2015-12-17,4277336.687145233,2534745457.7697387,1678059212.2789257,1.157720499800561
2015-12-18,3799010.3850212097,2558077407.8197036,1678537625.819124,1.0478107972057713
2015-12-19,14397305.231966019,2719354874.8830433,1693259190.5432093,3.9314867034743965
2015-12-20,3136052.779668808,2721430847.842081,1694344787.7064342,0.8178730871866396
2015-12-21,6041225.282190323,2774108488.948295,1696496121.7319312,1.557866948587247
2015-12-22,5456231.27523613,2786353134.3256226,1699881191.4435513,1.3943571116652578
2015-12-23,6206797.00614357,2848006346.055115,1703636457.3655264,1.6117798980212636
2015-12-24,7119477.467075348,2912621267.0088425,1688360635.1377056,1.9227760159026928
2015-12-25,12927483.412136078,3077728492.7538233,1703233394.4850876,3.459734163758249
2015-12-26,3740945.1698913574,3077569801.6342864,1705920545.5097265,0.9148637781137955
2015-12-27,3144832.483821869,3009540620.1878195,1708402463.055857,0.7780890459552119
2015-12-28,3687984.527677536,3027370069.9982815,1711759125.3243632,0.9089187898422929
2015-12-29,2912416.993829727,3043403862.3509297,1711131533.8996572,0.7349245273388096
2015-12-30,2973787.4913864136,3017293304.315902,1686243460.2911808,0.7527040247079518
2015-12-31,3808808.5335559845,3005007669.1930723,1683171084.8893828,0.9720865481434463
2016-01-01,1734512.2092761993,2929979237.1012173,1684302439.40204,0.44643311691116133
2016-01-02,1894177.4109306335,2893915495.910967,1684522523.2706459,0.4895896809488325
2016-01-03,3807882.5884418488,2876537153.9464235,1684850428.9225552,0.9769611463721319
2016-01-04,3561102.055742264,2842580221.9902897,1684145707.3990362,0.91591063628786
2016-01-05,4981321.505475998,2771905363.3004103,1685710133.3083851,1.2775474762293912
2016-01-06,3992820.7012348175,2756508853.5185957,1675732597.0130591,1.026814275772379
2016-01-07,43716003.163030624,3374392900.066547,1725634473.173761,11.656101293774192
2016-01-08,13069857.684745789,3307413815.703712,1732524364.1060243,3.4241414008438564
2016-01-09,2437154.876806259,3266776982.6816654,1729979539.6743705,0.6345130282408746
2016-01-10,11321056.961530685,3298344872.616189,1741081591.1808417,2.9259106737752254
2016-01-11,6382769.868509293,3311679340.407166,1744051472.2486749,1.6439173056853957
2016-01-12,4245228.401088715,3283218223.456794,1746051323.777817,1.0722168927024918
2016-01-13,11884849.641046524,3112884262.1361766,1751728818.9528537,2.936731480048479
2016-01-14,2566420.9647636414,3040806011.853652,1747750505.639788,0.6343547624219056
2016-01-15,16632073.083433151,3173810014.544797,1757163014.9915214,3.4674229315505283
2016-01-16,8101777.3889865875,3213943574.1430597,1763083024.798769,1.784788517399256
2016-01-17,3631116.4411182404,3201555882.6426115,1765576745.6971095,0.7856691056996749
2016-01-18,4162062.064842224,3033054272.495989,1767921180.894018,0.9061363742175824
2016-01-19,8023565.863397598,3088207966.1738954,1775030349.5462704,1.712855114502366
2016-01-20,5948306.138597488,3083385094.797127,1780330638.6132126,1.4032388371946196
2016-01-21,7359359.893075943,3105214996.442876,1778691666.7895198,1.7007660934894202
2016-01-22,40946744.62134361,3536602656.569917,1820265904.3339643,8.618255586712882
2016-01-23,25182591.90233612,3752818676.86648,1845696463.6057675,5.27325057844006
2016-01-24,5784454.593255997,3634110260.3532724,1849592891.8552868,1.2605380776626482
2016-01-25,15429209.207559586,3783526042.1832023,1865161962.8334787,3.2400180202819175
2016-01-26,10418265.78937149,3875476899.022836,1862138047.792267,2.1952265851729766
2016-01-27,6285363.697883606,3906253098.045,1866683846.6040604,1.3280963500414737
2016-01-28,9905987.43091774,3989681743.207832,1874457462.9432323,2.006133488218061
2016-01-29,6056550.50204277,4023611507.437424,1878317044.2921493,1.2176512868456277
2016-01-30,9240102.366802216,4085330876.421697,1886332911.3455348,1.8489679199231663
2016-01-31,4939234.049858093,4120852888.0938287,1889354717.6221867,0.9620156136137175
2016-02-01,13509497.285596848,4260294414.728881,1901859292.963531,2.6331972414043254
2016-02-02,4259254.991643906,4258373433.313148,1903447433.0826988,0.83448795928201
2016-02-03,3837783.9051380157,4254129907.5262604,1904646638.69486,0.7430360908459434
2016-02-04,7390232.222696304,4277976151.6832767,1908189778.8313859,1.503499328525878
2016-02-05,6182243.110506058,4300326212.926324,1913151786.484266,1.2498579606564835
2016-02-06,5318143.377189636,3696408664.0659924,1917038934.3384538,1.0415248818204592
2016-02-07,4650746.128282547,3556730933.453524,1920553990.0925682,0.9070697797191896
2016-02-08,3787319.998445511,3566991525.7238436,1923493833.8944385,0.7307079959686776
2016-02-09,7175725.190328598,3486640592.711621,1928179502.8814049,1.391842002869772
2016-02-10,6831354.769449234,3477544945.260376,1933895903.0728235,1.3414408549996593
2016-02-11,11720740.093170166,3562817506.0249515,1943907243.4674199,2.2790812487096144
2016-02-12,5392876.72130394,3460152040.7512236,1948004248.8858678,1.0597477957739811
2016-02-13,4748286.923921585,3484869494.9511366,1950110179.4590962,0.9487758703400448
2016-02-14,4277905.435573578,3339738017.2443995,1952528943.9263194,0.890579884544629
2016-02-15,13260918.896188736,3411592953.3363557,1964837270.492415,2.69863489474231
2016-02-16,10612665.297164917,3509290358.4455047,1975080272.609977,2.1862813962514633
2016-02-17,8878579.65633583,3578761766.0176105,1983534920.6886847,1.8583589718910134
2016-02-18,3555312.636993408,3527346916.2709713,1986292118.7804143,0.7541309287063929
2016-02-19,10050435.853458405,3584929471.585539,1991259267.0494375,2.1221273515266827
2016-02-20,6003397.325185776,3571863192.35727,1979367215.9908605,1.3302989357038495
2016-02-21,4745939.796703339,3118271490.3033423,1984183195.128238,1.0481722367258137
2016-02-22,6234214.378238678,2885322942.5403605,1990648740.5932226,1.378627708385466
2016-02-23,5056754.662288666,2878367720.502728,1993498551.944312,1.0648744164666353
2016-02-24,9791413.367746353,2815265460.0225425,2003046294.9173079,2.0718894847563276
2016-02-25,9953875.393850327,2819543728.4491253,2009367221.156985,2.098254095209901
2016-02-26,5715384.554059982,2818704445.4082904,2014804787.0511365,1.2179629152672407
2016-02-27,4083088.0292720795,2752411084.62063,2017053732.2083874,0.8783162474711073
2016-02-28,10677886.615421295,2830817518.306691,2025055282.0367496,2.290963717297695
2016-02-29,13283530.291847229,2907608096.059001,2027784828.8098416,2.856065539923012
2016-03-01,39397660.40438652,3415004742.2886643,2071760194.578908,8.224643068963154
2016-03-02,10187663.655557632,3391409419.2421165,2073562933.50072,2.073778848426173
2016-03-03,15220010.738615036,3552237817.938665,2084174514.9083142,3.077120403812416
2016-03-04,9831594.248321533,3639386295.99536,2086821465.1842623,1.9310111582562883
2016-03-05,29604236.190164566,3936859011.913394,2112999407.178793,5.581233713860702
2016-03-06,9219325.140892029,3982837398.7747436,2113294206.4711957,1.7841905706153813
2016-03-07,13836135.222068787,4107419591.1264067,2122013697.581929,2.7022019351788744
2016-03-08,10354127.814668655,4191374494.826543,2124393974.7232394,2.005618377020311
2016-03-09,13179119.097328186,4325881941.904105,2119423728.774146,2.5670825814981617
2016-03-10,13352664.38335228,4421683884.4074335,2130289336.716007,2.6089317542425636
2016-03-11,7469959.266929626,4439764848.490279,2129913448.2702978,1.4726588532181961
2016-03-12,6538426.5932273865,4381600669.766514,2131556555.503267,1.2598291981375034
2016-03-13,8642078.87681961,4431443305.781408,2140033916.3332062,1.6633719036851713
2016-03-14,10973748.251298904,4521902119.61274,2151004641.0553503,2.1217908183945067
2016-03-15,8928976.643587112,4587578892.481426,2156515042.814804,1.7199908713231535
2016-03-16,8144503.078588486,4524277728.508383,2163670522.904193,1.572949053667202
2016-03-17,7675929.648889542,4487520692.325479,2168118690.9955525,1.4830231315181885
2016-03-18,6996569.202850342,4459889660.64038,2172400398.1312203,1.3152220777651553
2016-03-19,5152930.08341217,4480253404.520992,2176346590.6133223,0.9689801457782208
2016-03-20,4010207.9630355835,4394403231.927745,2178018123.229129,0.7576615452320277
2016-03-21,13962786.146036148,4498363886.996407,2192462884.3329983,2.6235197840575912
2016-03-22,9419041.028873444,4559856283.575709,2200827469.021945,1.7832100381928107
2016-03-23,3735687.575986862,4520496567.691871,2203162536.1286745,0.7096943640285202
2016-03-24,5726471.139667511,4529194318.827891,2206354433.265135,1.0804058066870625
2016-03-25,9397178.09371376,4521168635.589443,2214999673.399146,1.7649303093424866
2016-03-26,7092031.818286896,4479145282.891494,2220414660.538167,1.331040761061439
2016-03-27,4132240.847919464,4456023141.780627,2223855886.868172,0.7915500681495198
2016-03-28,7593569.420768738,4504038768.446104,2231880692.1170335,1.43918081120115
2016-03-29,5852829.559106827,4430553732.443444,2236488589.9996142,1.0886606385900945
2016-03-30,7447649.458993912,4340031011.714358,2243399749.2844043,1.371046221722638
2016-03-31,9432203.949588776,3902901039.6104307,2247418735.5407686,1.7467100810809904
2016-04-01,6923793.087068558,3855952439.360731,2245749317.096539,1.2876116327274865
2016-04-02,4622087.345924377,3706878761.2270885,2248756948.7076297,0.8631637945739177
2016-04-03,5959588.8454704285,3655992473.774638,2254315103.916983,1.110353608790891
2016-04-04,4338828.849702835,3323563318.3947005,2258063284.920442,0.8061195093475706
2016-04-05,6250770.18598938,3285844337.0946665,2263620482.5883627,1.1658094532275387
2016-04-06,9648698.304243088,3230351970.085752,2273032200.304459,1.790268747301274
2016-04-07,22735304.18171501,3407819501.458794,2296756583.1146784,4.173167329699928
2016-04-08,5170316.360647202,3298672005.2920465,2299554663.951009,0.9420566885874748
2016-04-09,2784722.973142624,3152351470.0827427,2295358409.165828,0.5089241990875533
2016-04-10,12933483.456615448,3230348748.038926,2309476054.538681,2.371340557572133
2016-04-11,6475454.793653488,3232301307.462468,2314765299.229541,1.185422111573897
2016-04-12,9608342.209197998,3250708566.0979443,2323313841.00684,1.769838398864072
2016-04-13,4223835.106330872,3158495160.9925137,2326379918.72484,0.7726939740511518
2016-04-14,4046250.3238372803,3092331258.5087633,2321319453.274289,0.7427969944282707
2016-04-15,4202093.010225296,3039245339.12598,2324891376.57801,0.778860439764518
2016-04-16,5493065.315660477,3011450282.358689,2329826105.3882732,1.0221872190790446
2016-04-17,3368704.500143051,2964593107.1123104,2333129917.0446405,0.6221143955049053
2016-04-18,4394584.60799408,2957287598.6056776,2337675140.796816,0.8083549970049919
2016-04-19,4388501.079469681,2966246241.6133637,2341209353.9683228,0.8196447121514753
2016-04-20,6274373.3151836395,2867127849.565698,2345877065.857156,1.184383458054064
2016-04-21,4287614.944858551,2800967161.7644854,2349522346.3944864,0.8255792944598488
2016-04-22,6791559.850357056,2850683006.1830454,2323110264.429413,1.3150677409780525
2016-04-23,4081708.0658550262,2833162960.802727,2326736302.8114038,0.7986108170722332
2016-04-24,6646845.876630783,2805747681.962735,2332996955.254748,1.3231314711377482
2016-04-25,13583074.0875988,2918824868.420163,2349194748.221466,2.702108038579321
2016-04-26,7145037.446310043,2972227864.855291,2355143954.193903,1.4276762852952183
2016-04-27,5601076.958885193,2949886027.1795073,2360068069.081789,1.0770133150018062
2016-04-28,7103014.11623764,2975603476.362215,2367148449.1702833,1.3544991541166425
2016-04-29,6099590.647895813,2966365823.9256864,2373426722.4441237,1.179170669356919
2016-04-30,3473050.0882205963,2887931603.5145545,2376208494.2051125,0.6617947681276412
2016-05-01,5705295.710287094,2878381576.2594867,2382598306.843727,1.0934080326290447
2016-05-02,3570124.2658405304,2866814216.3439603,2384402266.5267754,0.6685217531591533
2016-05-03,2812387.3683948517,2825774725.556311,2386028827.9691544,0.533062372276172
2016-05-04,6312296.700304031,2859493181.50213,2391651398.9078116,1.1840448599589366
2016-05-05,3374340.2277240753,2822128657.5396376,2394140685.0493226,0.6340539834295313
2016-05-06,6270370.315898895,2783145979.212279,2400655763.576884,1.2079441809154206
2016-05-07,10119081.120815277,2619461193.025598,2411535291.5988235,1.9382697684793333
2016-05-08,3374674.1630916595,2599284932.2147226,2414263307.269365,0.6465835863557455
2016-05-09,5751255.192289352,2649329571.21637,2420485421.734281,1.1028790283480923
2016-05-10,8915365.59109497,2601548373.2394476,2427085762.878162,1.6658324800055824
2016-05-11,7913351.703548431,2629935561.3971353,2434468141.5024233,1.4769507771509778
2016-05-12,5394110.115997314,2574819880.665157,2439515495.9235306,1.0077491332090305
2016-05-13,4528768.175045013,2584036730.8069844,2442907016.9176984,0.8490234112242477
2016-05-14,8893922.137571335,2662667748.81895,2452320630.874969,1.665034988472183
2016-05-15,2545206.6710243225,2641461799.0404415,2454399393.860643,0.4785640957820844
2016-05-16,8050963.823495865,2684361255.980759,2463548449.827458,1.489113062124295
2016-05-17,50301184.60559082,3396633312.653949,2524269443.8356175,9.040094932773098
2016-05-18,8811363.638401031,3467377269.667259,2532340929.331745,1.5843009309554044
2016-05-19,12010061.2871418,3581701300.574222,2545267062.1884217,2.1014222333234462
2016-05-20,11704387.693576813,3662550294.607941,2558308909.9936514,2.034112374824235
2016-05-21,4177082.591861725,3660020202.989098,2557784946.6034894,0.7286829391046659
2016-05-22,4804290.893396378,3629003741.368819,2562066577.125078,0.8292343133650063
2016-05-23,6275988.102697372,3660332641.2330103,2568740719.431938,1.0892589332427198
2016-05-24,4900547.747131348,3630414574.9818377,2572518565.371005,0.8510413629280024
2016-05-25,8238416.174993515,3542755215.195739,2580759088.003997,1.4406603224054269
2016-05-26,6274189.187520981,3525828037.955318,2585839849.364195,1.103922911292554
2016-05-27,34658707.34718323,3986385989.4914956,2627470678.9436674,6.225973675707662
2016-05-28,10390165.381702423,4060731104.9550333,2639832814.3399863,2.0594690718453967
2016-05-29,13078772.313739777,4201970477.5192137,2650223390.756869,2.654816336780615
2016-05-30,7692750.010505676,4285969832.724001,2659188464.0446496,1.5390195395794644
2016-05-31,9851271.327947617,4373751780.285048,2669548118.830781,1.9623585419232417
2016-06-01,9357224.752656937,4487538034.124272,2680523453.5477204,1.8681472053543204
2016-06-02,18392814.974264145,4775494644.298479,2705445160.230764,3.663205094032442
2016-06-03,5181297.452222824,4779724829.346043,2711498615.750331,1.0911781698618264
2016-06-04,3932819.8435668945,4804711834.524577,2716336659.195487,0.8348098480082551
2016-06-05,6433327.887924194,4831145191.66566,2725704044.234671,1.3548275287030052
2016-06-06,11121646.904472351,4892469946.353075,2741344493.6102314,2.3761875266434935
2016-06-07,11553410.029190063,5062831286.220921,2757954913.094759,2.4191342621225234
2016-06-08,5674761.504873276,5084314664.926851,2765520667.489848,1.1983291284671296
2016-06-09,6423550.87553978,5073244515.468693,2772570573.9732537,1.3384740668652284
2016-06-10,7163204.548013687,5091899251.491043,2781399958.045044,1.49393534079592
2016-06-11,6406570.082920074,5139257870.115748,2786786265.349783,1.3919898463118092
2016-06-12,27332463.14751053,5683279951.764664,2834975579.6312184,6.4885030511153206
2016-06-13,16796600.396921158,5942184547.053891,2865381709.408449,4.135692453513387
2016-06-14,16999837.520132065,6290996258.105471,2894947881.4227953,4.020431190781289
2016-06-15,18794550.1198349,6604251491.872014,2925694176.5443354,4.466003074950038
2016-06-16,21848694.93741417,6402399199.985575,2966075739.149526,5.651934787203366
2016-06-17,9594504.727153778,6509888036.606207,2983973252.2885785,2.4251742822780114
2016-06-18,7293985.510602951,6516131647.5598345,2992855471.916327,1.8497348685176338
2016-06-19,5367233.487537384,6480005490.957568,2996679317.396882,1.3748895620743955
2016-06-20,12663344.23433876,6726994803.082899,3018327223.680531,3.0723950483210274
2016-06-21,13559643.70091629,6959139471.663213,3041213822.9233327,2.988574334293464
2016-06-22,8181557.393154144,7028649551.177425,3051701248.2663164,1.600197976137458
2016-06-23,5616529.054588318,7072833023.721773,3058641974.8876867,1.1491452452490565
2016-06-24,5884635.752626419,7080309584.054522,3067279006.597407,1.2852740234186526
2016-06-25,16629665.562929153,7353814834.875696,3095453779.456921,3.5728930771571803
2016-06-26,3654918.365634918,6884997594.228275,3099588854.3048387,0.7401130179534442
2016-06-27,6638074.407060623,6848481389.720065,3110220745.5433493,1.3957748519779465
2016-06-28,3668440.342731476,6693068874.648326,3113532544.898886,0.7623112549878116
2016-06-29,3670247.964530945,6634781789.714972,3115987960.304108,0.7522270584638713
2016-06-30,17946742.359737396,6863059821.641532,3146603391.3357944,3.841269460632086
2016-07-01,4520418.190210342,6797886487.785121,3151870171.6935415,0.9684448332779622
2016-07-02,5355304.873445511,6593136458.534153,3156819767.8478317,1.1936378672712886
2016-07-03,3038420.4808120728,6561849663.326,3161340544.235782,0.6390087409457043
2016-07-04,3657820.482471466,6569414190.627122,3164106985.3412137,0.7883931940964
2016-07-05,8840654.613197327,6643612836.937434,3173235313.146551,1.8652314371437408
2016-07-06,5157468.672046661,6543208486.503993,3176415658.623977,1.102443274210287
2016-07-07,6838107.277528763,6466795239.2452135,3178780547.1115313,1.3777188267597755
2016-07-08,9206725.643602371,6560103967.78258,3189960635.066865,1.916407920571043
2016-07-09,13309630.590866089,6723944766.673757,3207673902.14341,2.6892502298279024
2016-07-10,11857167.384521484,6842389765.534201,3224047289.159651,2.3909642038886942
2016-07-11,14160027.898893356,7018916828.596863,3241324417.8552213,2.8306299815428617
2016-07-12,3737814.8810710907,6488759243.29848,3245392452.499782,0.7672477753515375
2016-07-13,3727991.1948223114,6175183475.220716,3249556046.8557706,0.7518148431588937
2016-07-14,3303004.1799316406,5860036880.099543,3252770993.731399,0.6715938222313044
2016-07-15,2995028.5071926117,5491214497.155915,3255206355.2774754,0.6148573952175755
2016-07-16,2404355.699449539,4985735274.687103,3253277071.8869085,0.49171648837980403
2016-07-17,5983923.232660294,4880049296.225001,3262378705.973902,1.2463531070586864
2016-07-18,3614519.8014526367,4776762296.720872,3267601743.361874,0.7459229517994619
2016-07-19,10024983.362251282,4865529000.993981,3280728549.894191,2.0675603419811215
2016-07-20,4891761.120326996,4665206945.02214,3286667277.1035056,0.9930521290764014
2016-07-21,3004960.495027542,4428899859.5132675,3290304606.2109513,0.6077495096491449
2016-07-22,5222075.533588409,4379895680.455161,3297662117.8158646,1.0350365403018853
2016-07-23,3627629.226644516,4342279119.638825,3302012605.8911247,0.7226886577034403
2016-07-24,7043144.805221558,4366194138.7514105,3310783874.712597,1.4074445144925343
2016-07-25,5907243.169345856,4127100190.541951,3319120901.5273023,1.171065185124564
2016-07-26,4660887.580942154,4152733391.8442554,3324331577.134559,0.9214008980066255
2016-07-27,5653097.683729172,4131824981.329257,3331412369.70556,1.1148171325328304
2016-07-28,4759310.436141968,4156766514.646823,3337091098.072653,0.9354634948614985
2016-07-29,5583374.071563721,4201032364.666006,3344239534.5213594,1.097979352334108
2016-07-30,5178799.665107727,3911270038.4212976,3350035683.9539294,1.0131479317594572
2016-07-31,4421351.129043579,3901949830.5589266,3356292804.6035852,0.8261514440173788
2016-08-01,4330870.280492783,3864059625.8479557,3361808728.6435,0.7827314657447466
2016-08-02,14087762.844896317,4061975941.8378034,3381393298.7861495,2.353353489942963
2016-08-03,7397184.291461945,4120304940.5698714,3389211882.872683,1.2523355049140175
2016-08-04,18315499.20007515,4281304898.9702883,3416124537.149916,3.146494484804666
2016-08-05,4486451.275426865,4251707504.4083867,3421106645.083363,0.7640499152067523
2016-08-06,4075601.282234192,4186071714.556575,3425824823.333971,0.7035946770895253
2016-08-07,6923579.330400467,4119650769.454214,3431373860.3977013,1.2008710335642512
2016-08-08,4069732.49552536,3912348356.050921,3404297695.56589,0.7070960273505698
2016-08-09,3520155.187713623,3724249869.5217633,3408116851.5656524,0.6060904464591427
2016-08-10,5281104.508043289,3522834865.2851963,3413669983.7204156,0.9176458078636335
2016-08-11,3088129.7677383423,3500518002.6636624,3416174150.397821,0.5329102617514697
2016-08-12,2956419.165781021,3477023408.6242633,3417960057.38009,0.5085567471064376
2016-08-13,2760821.5997810364,3458166556.915077,3417241646.3966417,0.4737257474766562
2016-08-14,4057124.1020088196,3468396363.5756893,3420985284.123113,0.6747710699117071
2016-08-15,2560215.55774498,3463534831.212566,3421639011.9620895,0.424896957726519
2016-08-16,8441421.325128555,3490611696.5929785,3431455803.7286606,1.4216653446925167
2016-08-17,4423964.642965317,3493690915.3954215,3435756981.2277746,0.7363022808682015
2016-08-18,4479746.895055771,3353034132.9195,3437101935.5709553,0.7458029515388792
2016-08-19,7926572.388038635,3396028311.8657355,3445902779.0799823,1.3214700464347433
2016-08-20,23457864.5032444,3784235909.459279,3480659883.739278,3.920494789674053
2016-08-21,3169205.7800388336,3731851122.1702666,3482443687.1994286,0.5288404741784705
2016-08-22,3594888.064781189,3722440756.459728,3481860031.101828,0.6042793414327233
2016-08-23,3995639.6089954376,3644696606.883367,3475568672.7764897,0.6696515980461039
2016-08-24,4305796.867570877,3598222004.6036196,3464978931.2149453,0.7193893279262848
2016-08-25,21744764.21267128,3913475109.0440383,3488719199.990686,3.588891657915475
2016-08-26,5345104.791929245,3892888332.997012,3492909924.947222,0.8864563846190675
2016-08-27,2065596.9551792145,3828134948.484354,3493670481.765703,0.3375033140785997
2016-08-28,2781549.7085170746,3759072444.5065675,3495723910.6583176,0.45771087183168246
2016-08-29,5722741.355602264,3755341848.6785765,3501554720.919302,0.9373447257785147
2016-08-30,10849297.039365768,3870993645.0276265,3516275733.860199,1.775276033511446
2016-08-31,12949054.053913116,4030672206.936816,3533677813.5585833,2.100290610118256
2016-09-01,4889487.413154602,3858810885.5007405,3537714312.216475,0.7919729605668643
2016-09-02,3249455.274066925,3779718331.1244693,3538347112.944051,0.528962728518886
2016-09-03,3380652.5346126556,3489092698.623184,3542211174.9268746,0.5731019242666869
2016-09-04,4900748.763114929,3501933197.905659,3548832579.30958,0.8450979733585843
2016-09-05,3438687.1675567627,3491115902.526636,3552000339.231261,0.5872390342788341
2016-09-06,4965750.20690155,3455193389.0268383,3558958328.796751,0.8550148071882585
2016-09-07,3751064.426897049,3452445282.4307084,3562736047.388977,0.6525103593551831
2016-09-08,7315700.347826004,3536791566.5096364,3570236992.284637,1.2873138664044719
2016-09-09,5069753.483469009,3537589542.0546927,3569859783.449674,0.8842025759601205
2016-09-10,3850110.44521904,3557501378.6853743,3574875076.566096,0.6763507277351019
2016-09-11,5886980.7741642,3618724755.231974,3583833553.1622124,0.997515060866763
2016-09-12,3825225.58294487,3642244796.0481305,3589134195.171365,0.647631559962137
2016-09-13,14742449.625303268,3864324752.604033,3612287767.0392256,2.4834069640996095
2016-09-14,5333960.3943424225,3924130235.8142285,3618515635.616264,0.897607977966846
2016-09-15,4069742.93542099,3843684262.499232,3623119642.5345454,0.6803536294017474
2016-09-16,6408685.307403564,3889196900.539231,3632016270.8406663,1.072444216249407
2016-09-17,3758201.7213745117,3879892627.871892,3636887982.342034,0.6280843950540503
2016-09-18,3526164.6087856293,3799953181.0911603,3641224963.387341,0.5919639472243142
2016-09-19,4804594.466686249,3442608403.687247,3647673275.129141,0.8020360915154464
2016-09-20,12419506.856210709,3633277862.808383,3661029131.5904355,2.0654686626837786
2016-09-21,5902150.499736786,3680681385.691804,3668046405.3224654,0.9613078416732188
2016-09-22,3116153.639808655,3665120482.338911,3667862955.108128,0.5072689568910302
2016-09-23,3844885.1007118225,3659273980.2303295,3672678515.687586,0.6309492626294237
2016-09-24,12209423.644939423,3487556796.9464464,3690818764.469989,1.9966083965105943
2016-09-25,10945548.70611,3603866663.150994,3707242144.8024416,1.7764170865499667
2016-09-26,4607587.354295731,3657763225.4280863,3714003984.8088946,0.7528323194168971
2016-09-27,6468337.914550781,3735022450.515886,3721003175.045817,1.0528901500913186
2016-09-28,4118253.2420864105,3708654701.7312026,3726223396.036635,0.6685405359184153
2016-09-29,3803795.3210983276,3577386072.7321453,3729547645.9421215,0.617850041432053
2016-09-30,3315276.3938217163,3397287875.273928,3731714712.243639,0.5409857298657269
2016-10-01,2746096.9791488647,3360222431.8950415,3734853476.178826,0.45244365994462515
2016-10-02,2372954.8440418243,3346225641.919259,3736714200.8314314,0.3885097885498785
2016-10-03,7941551.3441848755,3440678850.2262454,3748281632.8695173,1.2975663960436594
2016-10-04,12775277.473827362,3600651305.3932543,3767110898.094156,2.070096975249383
2016-10-05,4674915.672710419,3626839537.187834,3772367806.0801463,0.7611983641089956
2016-10-06,4510419.802032471,3617379438.394838,3770819710.882392,0.7317133453860263
2016-10-07,3789447.659538269,3617879321.3901467,3773832926.7847705,0.6199846982685867
2016-10-08,4244522.29069519,3552319698.0978146,3779422218.270053,0.6956690033302761
2016-10-09,2582255.7945404053,3500243105.4636416,3781679782.405076,0.4215537880109975
2016-10-10,5080796.599103928,3524450745.1923065,3788639227.4833913,0.8298754150697966
2016-10-11,9075497.399173737,3599683634.6519766,3797789920.020302,1.5356074852812995
2016-10-12,12068185.833831787,3778253114.230643,3815290085.886068,2.013351748405339
2016-10-13,5918571.69005394,3604641628.4429846,3818459207.1258583,0.9853283272860373
2016-10-14,4595286.341709137,3594203729.274066,3822787540.161925,0.7677307454379376
2016-10-15,3146752.2482070923,3578973640.89534,3825319464.714691,0.5249496063574205
2016-10-16,3565017.646917343,3525454522.2417703,3828463777.7739058,0.5980365536358845
2016-10-17,17407225.736301422,3820544401.0937586,3857108678.02722,2.887387907235341
2016-10-18,12161484.754318237,4006226872.1825857,3874502408.1703258,1.9940490986484507
2016-10-19,5923342.992324829,4033031089.9104967,3880104590.6390038,0.9612349516416049
2016-10-20,6208406.808620453,3911043320.006552,3886749411.0710096,1.0039514861028525
2016-10-21,13665776.585863113,4080710443.558655,3905866198.2229037,2.20594742429759
2016-10-22,4824580.153440475,4123649417.6215205,3911705865.386599,0.8049588454503416
2016-10-23,4325460.962873459,4140412200.682716,3917894630.138818,0.7198144818621484
2016-10-24,13923473.189649582,4196389793.56998,3938949034.470324,2.2971730384357034
2016-10-25,7894008.95145607,4149108898.5482936,3949924571.7513223,1.3081721803775024
2016-10-26,10431554.370649338,4290068735.5508065,3964504537.017468,1.771928188930138
2016-10-27,10515763.056768417,4399911060.95297,3950122477.3641944,1.826038912682587
2016-10-28,6133822.720348358,4457863352.524055,3954002641.024823,1.0697261780721363
2016-10-29,7033708.164897919,4548521215.87256,3954287716.0568986,1.270528962175041
2016-10-30,4078137.6517715454,4576422343.456852,3949009855.650985,0.7231783001746395
2016-10-31,6993970.834230423,4683646994.221076,3949760186.0495486,1.2422400520355186
2016-11-01,6658888.933008194,4797288290.123064,3956831030.4661603,1.2285055600474557
2016-11-02,5755780.857303619,4776432861.973515,3940188942.8774867,1.0755782290322586
2016-11-03,6924347.3569812775,4676068541.976715,3924898995.043977,1.219739738962652
2016-11-04,5319603.491436005,4705528564.841338,3920821271.4463253,0.9577893580849347
2016-11-05,3195195.21144104,4688855630.075985,3921243848.6278954,0.576085331527431
2016-11-06,3517860.5987644196,4694566637.641629,3899661561.491889,0.6439145694575079
2016-11-07,4682124.57490921,4717263128.407474,3902287188.2512436,0.8482516665327623
2016-11-08,12825167.489982605,4968217018.462706,3906788189.6138773,2.33511459956473
2016-11-09,8887311.568553925,5077556468.095618,3912283443.7386966,1.642079908787399
2016-11-10,10651035.979372025,5136962850.157773,3925343927.6924424,1.9397296723117246
2016-11-11,7979472.6817855835,5071594950.173766,3936793444.3298855,1.4530820695739641
2016-11-12,3335414.4787864685,5024450364.025554,3928198778.9469066,0.5977544852122726
2016-11-13,3208518.909669876,5001913487.337524,3929418856.842888,0.5748344245065574
2016-11-14,8309218.284420013,5130916498.795987,3942538360.071777,1.490965909293076
2016-11-15,7282787.335348129,5227658664.799874,3953177645.857146,1.3133298648840792
2016-11-16,18212714.430189133,5304386290.463863,3981130027.8609014,3.3756239132356973
2016-11-17,14076256.983976364,5394894835.320896,4006835159.4611306,2.6058482480318754
2016-11-18,8530673.385522842,5483423438.902631,4019347072.5426183,1.5887033741427565
2016-11-19,4586925.87361145,5468142526.286577,4025155841.4614224,0.8555396621916203
2016-11-20,4465510.37553215,5289665745.426131,4031181173.106741,0.8091504484016129
2016-11-21,7535164.379678726,5369456676.170457,4040878674.7300754,1.3716051892706025
2016-11-22,18526352.78452301,5736776143.751736,4076340183.4341555,3.395138947643665
2016-11-23,7037497.933067322,5609139904.428463,4087056535.8594546,1.2770462792146855
2016-11-24,36611080.74134064,6336837498.819536,4158449936.6257076,6.49234923650275
2016-11-25,5205818.629823685,6231149583.369323,4164720441.3702645,0.9254354367920484
2016-11-26,7847908.9351558685,6183170558.3714905,4171305487.7198906,1.384148588635301
2016-11-27,5126592.515197754,6166592701.087955,4178733975.0524583,0.8931806707599083
2016-11-28,7628451.288454056,6185040327.988523,4191887200.016442,1.3305381583307925
2016-11-29,6442816.638868332,6247106283.895028,4199189276.5417247,1.1235066107482348
2016-11-30,7471040.545749664,6268437957.298979,4208892683.3297653,1.317805161232234
2016-12-01,8919005.1373806,6330530673.359683,4219087173.8840613,1.5936552447972434
2016-12-02,10329745.907791138,6456057859.243054,4235791721.668464,1.8895634034104818
2016-12-03,42021465.98019409,7370814156.459033,4318155175.166292,7.463845759296477
2016-12-04,3049260.4110794067,7323595201.590682,4317545633.570523,0.5416855874108488
2016-12-05,9401624.181354523,7484126507.137889,4325219852.041192,1.6357342449572958
2016-12-06,5321975.8919487,7535198594.7789955,4330317523.488279,0.9336986266481135
2016-12-07,6422166.40180397,7589315763.528005,4339512010.760307,1.1369104777127799
2016-12-08,11412974.147977829,7577835932.084146,4341804126.545698,2.021833076712894
2016-12-09,4678975.842315674,7484077007.190975,4345351290.23467,0.8311213645179737
2016-12-10,9296713.206640244,7469713418.379941,4353669059.858583,1.6499183395616146
2016-12-11,5012722.9960689545,7407865955.0648365,4357499245.345194,0.8869904154883642
2016-12-12,6140902.9189891815,7489075255.906956,4363138692.552846,1.0965448960746103
2016-12-13,11478186.594722748,7711986369.397236,4359554370.978001,2.052067223081791
2016-12-14,7619011.612909317,7712744176.172271,4366759530.235383,1.3513280164250736
2016-12-15,8384225.109603882,7756750888.810038,4378839860.072944,1.4871582087317659
2016-12-16,10608128.420877457,7586345572.7317505,4396330037.309834,1.8939975321994957
2016-12-17,7367396.21125412,7432556651.021937,4407477289.039397,1.3221932518250137
2016-12-18,12179092.452991486,7540506330.731242,4415606096.310964,2.1795514448897166
2016-12-19,4989992.157344818,7557223235.08349,4422618229.453868,0.8920479667825943
2016-12-20,10510809.915988922,7728506979.721826,4438392007.96484,1.8926549024698165
2016-12-21,29905256.366630554,8366470847.222987,4499518486.749038,5.485343877837955
2016-12-22,23978629.67853737,8593836359.53285,4548600184.541915,4.542212076614703
2016-12-23,19685459.336696625,9022882357.325232,4589269776.159432,3.941964878554211
2016-12-24,9707024.507099152,8412615935.613521,4596933836.038834,1.8904158575455368
2016-12-25,7456039.943639755,8506837788.610962,4610961645.779306,1.4489028501928454
2016-12-26,6086819.925790787,8497306072.114305,4622354702.946725,1.1872206832582635
2016-12-27,10560622.55096054,8701329286.290358,4645086787.350436,2.121179063193862
2016-12-28,25050488.49116516,9335216043.484219,4709022447.780821,5.222754587302161
2016-12-29,20473316.67128563,9844020715.457453,4760290159.649249,4.197634261993621
2016-12-30,12230626.651268005,10049673505.020271,4787906313.671726,2.44701617376978
2016-12-31,4985380.832639694,9986238281.714289,4799053670.701573,1.0045133967074107
2017-01-01,7669852.546913147,9974557126.454403,4817762266.644636,1.5885720258396063
2017-01-02,16587338.600690842,9461764551.924355,4859406742.123381,3.4667332557732
2017-01-03,11966698.263889313,9792309333.56953,4888756245.481144,2.5067921321249913
2017-01-04,21028955.417963028,10352733379.853798,4948301606.826401,4.827440506966447
2017-01-05,47444499.14364052,11809643534.46999,5074410784.9363365,9.410061224224693
2017-01-06,17203913.230810165,12158714319.361057,5061511031.524238,3.043707723637333
2017-01-07,8355998.602655411,12117775201.41915,5065943418.522306,1.4903896537406827
2017-01-08,8082063.389450073,12245774751.757662,5083351106.871051,1.4658638852888115
2017-01-09,9909612.6669178,12304742970.455135,5093920958.311099,1.7574369646550245
2017-01-10,8159426.376218796,12422586132.932474,5106340899.525355,1.4492481183790606
2017-01-11,18372143.92245865,12735632301.763988,5140049438.71508,2.757903926440356
2017-01-12,8599469.528450012,12670259651.515877,5145092074.214688,1.3575887513246598
2017-01-13,9508716.186193466,12735175476.806677,5163557020.505494,1.519959830356225
2017-01-14,3226413.8340854645,12607488155.693424,5154210666.194748,0.5202364014374637
2017-01-15,5678125.086151123,12487870596.918072,5158570614.524218,0.9184930927955917
2017-01-16,5645380.134759903,12449653915.951416,5167594935.612722,0.9058442773601768
2017-01-17,8176846.930973053,12375793338.357523,5183502457.888624,1.4291925931639566
2017-01-18,5310999.696052551,12401490905.712782,5188093539.552954,0.9090265208487512
2017-01-19,3989926.3268642426,12241743785.291874,5191133818.142489,0.6950178721498
2017-01-20,4289953.891553879,11547327036.87373,5193390709.250203,0.7411157656803586
2017-01-21,4809619.063156128,11006933401.657106,5162599971.809355,0.8617552507869785
2017-01-22,6203013.180742264,10595147622.158363,5151652977.142326,1.113655542468426
2017-01-23,5563415.189998627,10476383328.332209,5159312444.3658695,0.9937734650185576
2017-01-24,10607019.250457764,10574551144.96857,5169128092.583583,1.862184453041734
2017-01-25,9058254.143592834,10662226220.128353,5180169715.640328,1.5671315437749938
2017-01-26,6629112.019361496,10536398619.145231,5190030254.838127,1.1711362963417118
2017-01-27,5767341.755865097,9894115112.028889,5194318341.108579,1.0252670374895123
2017-01-28,3112757.1876945496,9323980902.50489,5195936959.2438345,0.5538810051062857
2017-01-29,31377264.16240883,9892062019.417059,5265171887.068605,5.462028270348748
2017-01-30,3951654.4681739807,9852985046.102016,5270187820.6748495,0.6922721975815901
2017-01-31,7615621.107700348,9844187539.33083,5276712386.474935,1.4003865701951024
2017-02-01,5931659.336532593,9478449382.154848,5288454080.384344,1.1107446810886024
2017-02-02,7607137.674249649,9325720982.441174,5305599347.528948,1.4462538910354488
2017-02-03,19694564.88292694,9197834478.768742,5352673524.1210985,3.7459853318067386
2017-02-04,6349730.054731369,7825334821.847428,5364137519.916156,1.2258310736933522
2017-02-05,7104427.17064476,7552488528.585555,5378449102.580643,1.3424634656494685
2017-02-06,12442910.416687012,7725084270.786759,5408547802.412712,2.3533307624201023
2017-02-07,17875346.070396423,8104709485.702468,5456314226.869296,3.452927464935706
2017-02-08,6349623.171339035,8030368938.474841,5467378082.620407,1.2294793717862535
2017-02-09,14375336.105537415,8260108246.11252,5499428294.115945,2.5989127242302015
2017-02-10,12856788.828069687,8216871007.444104,5522574384.037205,2.3320003450388374
2017-02-11,2789915.731271744,8078813807.352621,5524708109.825764,0.5146340883932603
2017-02-12,5514099.891794205,8002841861.94562,5534897215.052988,1.0062049346762494
2017-02-13,8832164.79345131,8208717919.961374,5554400795.185186,1.5947156275403536
2017-02-14,6664679.75869751,8275864878.620652,5558373786.465395,1.2148373782201347
2017-02-15,3431016.999042511,8235875335.896593,5556081372.115554,0.6265836990599893
2017-02-16,4799520.624246597,8155292342.778427,5559655655.978556,0.8976695383193047
2017-02-17,12182505.491708755,8426555361.922228,5590768206.318812,2.299148295914657
2017-02-18,5787863.296007156,8511210302.573019,5596033612.470229,1.0985600562074371
2017-02-19,6560510.013998032,8614696330.30213,5607870145.245672,1.2399510658661823
2017-02-20,5216905.616035461,8656154250.49354,5617768417.8523855,1.0133267902378167
2017-02-21,10626355.394584656,8864912623.894213,5643126101.637164,2.126466408292257
2017-02-22,15629947.108636856,9287053446.872192,5686053736.944182,3.1289560945746118
2017-02-23,9761633.801668167,9355677049.354471,5706696168.4190855,2.047520614277899
2017-02-24,33765795.30404663,10420277647.612791,5804887572.009946,6.900396401194736
2017-02-25,5481290.390426636,10429247696.331509,5815554357.653735,1.0914409670611098
2017-02-26,3774433.2030944824,10400563625.294804,5822933618.424266,0.7668027044197967
2017-02-27,7390338.288513184,10598805014.687243,5834401684.973745,1.5126096802619673
2017-02-28,6183688.858417511,9886749984.025116,5838799987.449384,1.2668470904038764
2017-03-01,8579491.195093155,10116466664.98797,5820992910.211781,1.8106713228737594
2017-03-02,11253032.26074028,10346500450.579893,5848363704.119137,2.4434955573119033
2017-03-03,28357771.70777893,11372784000.218256,5931238698.105956,6.181276896144253
2017-03-04,6658701.986381531,11399777648.750639,5943439732.686916,1.4272969085488338
2017-03-05,6423389.707714081,11005039743.332619,5933619885.607611,1.383455547039438
2017-03-06,11030416.3644104,11258321352.286823,5962122502.396602,2.37733705042226
2017-03-07,11826505.196250916,11510756323.378979,5986942532.6288,2.470947478485108
2017-03-08,13199306.697530746,11610054358.497551,6018302311.755536,2.609879358555
2017-03-09,11100259.12336731,11425897044.675594,6039877112.028599,2.204604098666085
2017-03-10,16135802.639692307,11800736633.640903,6073875568.858776,2.958113981033242
2017-03-11,7881592.610612869,11636427268.17132,6090934794.363703,1.5372440391491873
2017-03-12,5841480.723279953,11447848985.36627,6103361916.826227,1.1831670779702042
2017-03-13,24678131.0954628,12377629290.621601,6177819286.661944,4.975317479059314
2017-03-14,7265034.488231659,12494600830.814337,6190187520.083257,1.4665770733181565
2017-03-15,12006302.346456528,12704689771.586546,6221560593.467799,2.4367452096806654
2017-03-16,18226623.264177322,13201252458.554546,6271549791.674668,3.4520017485464662
2017-03-17,24021301.494018555,13989177075.763506,6337039431.028267,4.27945712344838
2017-03-18,31350803.618680954,14853466510.262548,6413922246.358458,4.820672183614728
2017-03-19,17661949.193969727,15047194816.65399,6459283938.822891,2.8897714611933503
2017-03-20,10952509.548101425,15223736820.873165,6486115825.260262,1.764359353846423
2017-03-21,15012027.592996597,15548895221.769592,6516132994.679084,2.564133759144085
2017-03-22,18572101.001695633,16001735408.456203,6558196839.07544,2.9395032373681866
2017-03-23,9008507.041078568,15913756788.568045,6579558448.558495,1.422672899622118
2017-03-24,91973528.43850136,18309389512.034138,6818672519.947435,13.149244803292627
2017-03-25,30696585.91801834,18910257296.50323,6889360989.864055,4.312535171555564
2017-03-26,22082604.836530685,18294861040.046867,6940425853.419977,3.1113562875836878
2017-03-27,12553477.373565674,18519386850.441612,6971447265.214912,1.87667037936822
2017-03-28,12839836.94029808,18818405654.71039,6999456924.144618,1.919521117128646
2017-03-29,9581757.668727875,18856886314.04057,7020127650.584467,1.4215684876189674
2017-03-30,11126617.276788712,18995212324.155136,7043335437.786981,1.6393720249415593
2017-03-31,14389109.724945068,19164801506.34844,7075395688.299835,2.2087217574012854
2017-04-01,11132879.823638916,19093689974.31025,7100780487.813617,1.7120800718002422
2017-04-02,10909505.136842728,18275904973.842625,7128692907.362026,1.701444973673125
2017-04-03,9661870.311170578,18362091156.23818,7152160172.3414545,1.5475937845018077
2017-04-04,5727612.536846161,18306872226.946823,7165124727.406416,0.9144755625766209
2017-04-05,9266805.143856049,18184073850.2382,7186634517.175523,1.459657284334506
2017-04-06,7952429.816579819,18007925128.563026,7201537586.75022,1.3204067589779835
2017-04-07,20565690.555490494,18303563891.68709,7242610069.856493,3.393280272398215
2017-04-08,6677877.228061676,18122925613.328705,7258308915.428873,1.0879103628506164
2017-04-09,5073967.3324661255,17729055733.93464,7271960850.819207,0.8458681205334622
2017-04-10,8277687.698616028,17750814030.92942,7284397694.327307,1.3749938616236332
2017-04-11,6539321.7172374725,17776792932.81151,7298799584.6631365,1.0961616151511013
2017-04-12,15745956.499908447,17391944916.23449,7340112685.303307,2.614560920912538
2017-04-13,4664356.091869354,17271461125.337234,7350157325.371867,0.7433682202578223
2017-04-14,16134662.987771988,17396959669.51278,7397283476.564024,2.5584140932405743
2017-04-15,4528167.671709061,16853423921.813213,7406961729.977733,0.7213927397983451
2017-04-16,3620849.258764267,16091810406.49813,7412137523.423296,0.5761742900396531
2017-04-17,10762738.045412064,15489466348.31904,7443363882.622031,1.726248376156093
2017-04-18,9654349.341840744,15253766987.432232,7469953477.630561,1.5522015758562102
2017-04-19,7599089.913022995,15179835785.938023,7489972500.13627,1.2317672837163427
2017-04-20,6410454.566139221,14887005294.371983,7504068127.128922,1.0558701906108043
2017-04-21,5034030.262407303,14454173606.717564,7515994629.0715885,0.837266459157226
2017-04-22,3563369.1098423004,14290120295.75986,7519786170.98947,0.5903040414417347
2017-04-23,5147292.770809174,11516245595.297909,7532350544.700468,0.8555301756300302
2017-04-24,10898167.317024231,10983218936.589354,7561481914.901863,1.8144342566020724
2017-04-25,8955001.782388687,10645643675.416088,7575506851.255264,1.5136782274111
2017-04-26,8168948.834953308,10563143898.20361,7595358172.065464,1.3966576726555173
2017-04-27,6259934.496543884,10396981178.13599,7611546936.552006,1.1102504974011873
2017-04-28,26430021.898122787,11255449900.114239,7700662973.084639,4.6403347388890115
2017-04-29,8455160.546255112,11255835146.372347,7724661683.467534,1.49627322727516
2017-04-30,13811974.81425476,11375261972.086853,7772984485.716742,2.471429758506054
2017-05-01,34221246.33176613,12627998902.952023,7902118898.2267065,6.294414616379746
2017-05-02,19714874.170518875,13190257415.04037,7977195088.076804,3.634966145190717
2017-05-03,11013152.283031464,13384067533.652523,8019965060.678134,2.105114181808421
2017-05-04,18076010.004098892,14106187437.318243,8089510556.65158,3.4879648624474235
2017-05-05,30989367.103658676,15358980162.820265,8217060668.294483,5.85048682595206
2017-05-06,7409637.016178131,15433695688.31316,8241308795.717421,1.425795945841982
2017-05-07,7765079.341884613,15031284636.351154,8262759941.910651,1.5132805987057616
2017-05-08,17348023.39735222,15750553827.90013,8339235126.033156,3.534432689195074
2017-05-09,24305582.406244278,16958246069.23736,8448036179.423675,5.016773862879397
2017-05-10,11022220.99300766,17281491080.999985,8490968327.841873,2.3216848428893644
2017-05-11,36104393.804468155,19225390072.01574,8662809544.44001,7.655441728420016
2017-05-12,12682431.969522476,19301797867.105213,8714932793.777834,2.4651257953602372
2017-05-13,8533294.900598526,19629598547.024326,8751162406.156855,1.7480984876234507
2017-05-14,5153796.627494812,19307755767.6845,8765372902.772152,1.0575740497030781
2017-05-15,13143589.823600769,19895394744.805088,8825093204.97209,2.603088397598438
2017-05-16,8312711.462621689,20243205986.402214,8855330240.992184,1.6605840689122522
2017-05-17,19104108.085977554,20969574222.70961,8887715190.29784,3.8975305984772723
2017-05-18,8514872.955654144,21121786066.385635,8921000775.990976,1.8115937074376411
2017-05-19,17976595.713525772,21998452221.896908,9003678055.313477,3.9457083570392224
2017-05-20,11782398.834768295,22543006800.464905,9055886470.07607,2.6789160046287694
2017-05-21,11429851.858465195,23113723607.714714,9114929155.487392,2.568796095746473
2017-05-22,31047362.779785156,25266367850.779705,9298199659.4342,7.422758166892514
2017-05-23,25758676.848716736,26998944473.072388,9450592613.070827,6.181776555725626
2017-05-24,37273494.4090786,29610468452.184025,9696828808.918482,9.494395848852001
2017-05-25,58005534.465465546,33810192969.423634,10063241461.191803,13.659477001484726
2017-05-26,18768571.895162582,34914319081.505646,10175234148.247683,4.297876392119563
2017-05-27,14323904.252159119,35649004788.48138,10213953961.126516,2.9852587056509674
2017-05-28,11892591.083761215,35345074250.644295,10271978848.0728,2.591101302390436
2017-05-29,10578840.935426712,35777069124.88632,10319875270.922367,2.3758088203909415
2017-05-30,16919238.504714966,36407825863.17551,10413137036.164812,3.662017237134743
2017-05-31,30871503.52099037,37121349554.70649,10593702276.946281,6.715775238853178
2017-06-01,17753972.860944748,37586137382.761635,10697627911.252483,4.014017806249153
2017-06-02,9169934.196784973,37779109713.38355,10732590956.767323,2.1124546902817887
2017-06-03,8788789.582735062,37592258481.92119,10786431130.835844,2.0961883831520316
2017-06-04,11935850.811031342,36993205500.505035,10862690284.676443,2.7711565879665203
2017-06-05,13238541.82973671,37788523228.57798,10950134387.79241,3.2520109115056246
2017-06-06,14800787.733694077,38792109681.02627,11049031700.924892,3.856579385299286
2017-06-07,10033699.304498672,38738751406.7781,11107118971.558409,2.5095361881209306
2017-06-08,12132059.382194519,38457538575.2377,11191040884.380735,3.033274786687428
2017-06-09,17299066.511472702,39440378331.58518,11315664257.933643,4.347826520580465
2017-06-10,39095896.83165169,41061188432.025,11619189477.086641,9.89242295357388
2017-06-11,11700872.671520233,41513586460.49817,11704603636.82297,2.995005006293659
2017-06-12,70722812.79922104,47361496093.28421,12176769212.309153,15.663857910513931
2017-06-13,77493373.894413,54056372026.38781,12719963654.498234,16.518624944085094
2017-06-14,19287666.513570786,54917215311.37936,12821768743.597345,3.805855280590805
2017-06-15,15869329.029802322,55701873486.44917,12890751226.847847,2.9668376111075516
2017-06-16,27235321.62255287,56826017763.54576,13032122195.52197,5.245843247320525
2017-06-17,6845924.504859924,56894767271.666275,13062223726.817837,1.395146377414453
2017-06-18,22459044.241537094,57593574714.38577,13201824060.806025,4.278962571258296
2017-06-19,15259099.616630554,58104821524.53139,13299022034.479404,2.977464312976931
2017-06-20,16187712.505432129,58813611260.777084,13396020919.133495,3.3351759290834715
2017-06-21,10712651.748069763,57467877463.24312,13449602782.029814,2.1298973655726163
2017-06-22,14597122.29445076,56842313815.640114,13544866388.23215,2.927643676098349
2017-06-23,8530374.639778137,54548020793.25117,13598899036.551039,1.708722188193329
2017-06-24,9731436.923652649,50801491346.954994,13656763249.923355,1.8351882837825892
2017-06-25,6566116.235879898,49891473978.436165,13671480105.252659,1.2018726171546432
2017-06-26,9398240.226636887,49638861134.80183,13727970142.543528,1.6690675631303062
2017-06-27,9306426.222942352,49546807830.102325,13781430336.323402,1.7308899038956644
2017-06-28,13754722.225528717,49903367468.36256,13871406662.186558,2.5386639364985415
2017-06-29,10089938.055763245,49497977879.5983,13936139454.511395,1.8636007296659618
2017-06-30,17462056.7356472,48593293197.41605,14023584472.215427,3.137884116647617
2017-07-01,7936223.753850937,47806632788.41528,14068209798.975517,1.3747773829603187
2017-07-02,11035877.498941422,47980079817.38452,14134257534.207085,1.9721957737867073
2017-07-03,17134754.648946762,48683134109.13335,14248454509.9433,3.067141096186588
2017-07-04,11066043.39868164,48637456086.963875,14320337563.827414,2.00636856165406
2017-07-05,20609817.786712646,49247901575.21131,14451856749.842323,3.7312382825525465
2017-07-06,9459900.952066422,48648301311.873215,14509724261.914148,1.6970315590210865
2017-07-07,13615375.708015442,48862868971.1835,14591727771.443752,2.351383422280232
2017-07-08,7988255.623935699,48412028831.767845,14630925119.77679,1.395694243647535
2017-07-09,9495933.83509636,47574787605.4286,14673267778.927198,1.6411687383661726
2017-07-10,7506020.708784103,44347431728.452324,14701795665.819643,1.232588235319999
2017-07-11,11675376.776067734,44084808771.0829,14751115303.328676,1.8423459656472574
2017-07-12,8263370.247594833,38387735975.6237,14798602916.335886,1.3395182639215915
2017-07-13,10768044.149980545,32224290500.435806,14860986149.721394,1.6965862427565837
2017-07-14,13631012.76614952,31608100656.086426,14938047958.062021,2.0291875507397408
2017-07-15,8706979.11131668,30938755561.98625,14982329944.50513,1.2123890489342524
2017-07-16,7840117.738115311,29154855160.401356,15018625199.82725,0.9886030160908998
2017-07-17,29641554.686206818,30743313558.068256,15187971474.366596,4.337476282111693
2017-07-18,9794940.532827377,29630828854.13225,15244624051.826138,1.5163096073646354
2017-07-19,10122899.097328186,29072756000.45953,15288657130.325886,1.494910749855209
2017-07-20,13801680.330543518,28884009586.38667,15386607437.60181,2.535691785926783
2017-07-21,10780164.670209885,28886656775.052383,15459829377.827547,1.8580857842204388
2017-07-22,8846244.653167725,28397939681.924057,15518952196.572058,1.6104843493735244
2017-07-23,6044400.936429977,28181376581.47967,15558276910.126995,1.0759448235895586
2017-07-24,14138840.645271301,28647894334.649574,15652519430.40813,2.4953340373991564
2017-07-25,90203595.97575378,35816798705.906136,16276112859.940123,14.223206161340551
2017-07-26,11350497.070196152,36006726514.9868,16346106563.623732,1.7503093983634215
2017-07-27,24338043.933208466,37368101506.74917,16513179091.837364,3.917803351096358
2017-07-28,61503045.239557266,41906245832.55595,16974103592.425657,10.095329552039942
2017-07-29,115279021.53425789,51534766104.35276,17826583323.526737,17.66053551016495
2017-07-30,58930854.8359642,55429403937.061295,18257951641.966652,8.809505091764063
2017-07-31,200770257.98786926,73933914895.25456,19824261722.101177,28.97843024114801
2017-08-01,33915578.82184219,76119401892.78471,20073052789.0238,4.655003595246621
2017-08-02,37971465.00114632,78090174825.44846,20332964007.22636,5.057069315027557
2017-08-03,51589386.40163994,81925443582.05891,20715280465.867603,6.941249867003844
2017-08-04,99821031.2619133,89611463344.78734,21465294430.320427,13.254135179201572
2017-08-05,57867777.75853729,95090553417.26137,21975930775.299316,8.600143679548365
2017-08-06,64882809.297691345,101004878736.00023,22549437937.589798,9.39005694653677
2017-08-07,31765949.37351036,103911456679.23853,22832991358.937138,4.713251740619462
2017-08-08,39489494.21992111,107626291886.39017,23197701493.74959,5.842232456500779
2017-08-09,29084284.901109695,110263014792.77888,23458406481.42981,4.144482177184257
2017-08-10,16155441.833604813,111210182304.56691,23602130161.35182,2.355367195311739
2017-08-11,15671678.38840866,112459270881.26913,23754116851.56373,2.4120305775228306
2017-08-12,23689087.5133667,114677890226.98145,24000783422.463074,3.8236887276308984
2017-08-13,22520957.78778267,116713881808.0012,24246736882.80882,3.769243210794391
2017-08-14,18044188.265590668,118709759828.42377,24454222832.026882,3.191299674537477
2017-08-15,16222019.737710953,120464260108.33737,24635123167.810104,2.7392786351347747
2017-08-16,12993339.382778168,120164427940.77936,24777600206.76547,2.2957227714563846
2017-08-17,20424316.37305832,122321394290.56953,25011284603.2103,3.5113974270988915
2017-08-18,26650055.688287735,125208791569.56044,25304198837.447044,4.326439930699928
2017-08-19,29658241.740837097,128020512169.54814,25629715699.877064,4.813448324478681
2017-08-20,35980182.13340759,131986265458.29488,25996982491.430458,5.681362746791998
2017-08-21,15773136.181037903,133266112762.54996,26165603838.24709,2.422586887379644
2017-08-22,26785073.977581024,136386601338.6236,26462180519.61991,4.170272540685506
2017-08-23,30697021.32789612,139321288122.32068,26804020102.90982,4.741783789472057
2017-08-24,14092608.477298737,133636355554.05876,26964178631.128204,2.260426045166235
2017-08-25,14394757.726062775,134808990524.98468,27104642077.262676,2.3534637679738855
2017-08-26,13414800.96244049,134597328592.80888,27256009798.123257,2.1406482772103486
2017-08-27,13884074.001483917,130897056778.54784,27418124564.75963,2.2011357868633765
2017-08-28,12427623.617134094,122216270308.17384,27562791367.11581,1.973799132831856
2017-08-29,27904101.709095,121132518501.6752,27905390818.925262,4.598787545849193
2017-08-30,21254242.343517303,105235905287.53014,28155624322.854794,3.4656517594110277
2017-08-31,20946171.780685425,105431092399.17328,28407333900.714455,3.4954264485650146
2017-09-01,18123850.024288177,104987973383.07257,28644949965.93088,3.125564470804403
2017-09-02,13686554.597930908,102288680708.9209,28811907510.617973,2.1800416210191145
2017-09-03,14709054.989795685,95073362993.02306,28992768701.093002,2.3469432417928897
2017-09-04,18767533.85169983,91587526225.99059,29215842531.032303,2.8895644224101673
2017-09-05,12118727.219509125,86322277100.69356,29357478584.014454,1.832004490220059
2017-09-06,13830252.353366852,84863120368.77707,29524053850.42343,2.1624040733704786
2017-09-07,15012341.5095253,82659567194.7276,29707875897.5,2.3367463093299974
2017-09-08,7023532.008945465,80437198028.86903,29778987834.500423,1.0259540304548667
2017-09-09,7285308.671985626,79636713608.00175,29856852687.320057,1.0576181899078116
2017-09-10,10396491.865055084,79213023051.85483,29972378906.8927,1.487534227500407
2017-09-11,11583841.300430298,77779849292.31367,30096218315.92182,1.620679107539026
2017-09-12,8099683.451488495,75858497677.84943,30182319311.45,1.118247395014276
2017-09-13,12460419.635124207,74863573912.9714,30289777557.536514,1.591066171649136
2017-09-14,14680301.095565796,74266181577.34254,30416661634.237072,1.6293930311814522
2017-09-15,26397208.764881134,75660976633.34937,30680391360.53396,3.2178974360775614
2017-09-16,11740586.193553925,74189323974.54501,30789377239.429943,1.4185080880456689
2017-09-17,7854331.550952911,71514545548.69933,30863211406.28217,0.9472035526212523
2017-09-18,7162800.462852478,68376423574.43143,30937370800.699547,0.9446068656791056
2017-09-19,10032697.021450043,64764223503.5663,31037115239.365723,1.267266156230142
2017-09-20,9002411.581165314,63844598881.15565,31114479538.385216,1.150580392721119
2017-09-21,11587724.538589478,61570995660.99373,31220288542.24745,1.3499685669382384
2017-09-22,19125537.918395996,59641550493.1735,31404822569.553745,2.2039772021879576
2017-09-23,5778925.11145401,58339422652.441696,31458437426.104473,0.6957337437301113
2017-09-24,3770440.642665863,56676683205.02146,31476351097.10445,0.4418431350961216
2017-09-25,89208550.53562927,66394006530.24455,32416843211.856968,10.792698964799419
2017-09-26,21245528.573352814,67152715868.09457,32636887795.663715,2.546575391747774
2017-09-27,7914043.150653839,66446411725.40381,32717152129.43536,1.0151950049537917
2017-09-28,10758754.585903168,63671144321.30869,32833814623.27409,1.372759825637948
2017-09-29,8732274.269378662,61628845414.467804,32926977145.463196,1.1027013383642423
2017-09-30,15393079.068389893,60542774028.8887,33104223173.61429,2.015259634171868
2017-10-01,9514146.931842804,58951571177.17647,33214101917.59784,1.2583676786988953
2017-10-02,18428485.394123077,59558038319.46236,33432056497.813293,2.4229790299611222
2017-10-03,11158819.046779633,58890684339.96132,33550303398.87944,1.431395794187292
2017-10-04,8372997.064071655,57253010466.53209,33625625475.783432,1.0495222749372382
2017-10-05,46149579.887031555,62158285056.06766,34168282325.292248,5.880929815566959
2017-10-06,10831433.297122955,61607063409.95498,34290329245.34618,1.379580947931692
2017-10-07,10480916.803237915,60837259506.91481,34410838652.474625,1.3462517649792913
2017-10-08,21393762.675712585,63104959963.35697,34673725390.54912,2.843158188932519
2017-10-09,28125606.17591095,66558794779.3046,35039747345.44396,3.8582525621867756
2017-10-10,14737565.360012054,67458774599.058334,35227254840.087166,2.032072451321575
2017-10-11,8319521.598388672,67177606758.88576,35321801038.46158,1.1421070231227293
2017-10-12,13235490.471725464,68439804725.45204,35496967389.08463,2.017559363804382
2017-10-13,25839693.486293793,71667546034.5604,35883988878.58726,4.041503863534068
2017-10-14,10243902.479129791,71996133557.40091,36038738058.46667,1.6487348166145341
2017-10-15,23280783.457733154,73123715026.61346,36396397501.82585,3.6419482660789604
2017-10-16,35446862.755470276,78466389749.55637,36948906162.222916,5.519925852008963
2017-10-17,18160081.142253876,80898859709.29825,37198415404.216774,2.7476396822538143
2017-10-18,10461933.022590637,81868742955.61028,37337029656.87167,1.5619922310297716
2017-10-19,38465977.29826355,87866894838.87628,37927569794.07523,5.781463020657261
2017-10-20,10090185.520843506,88694531063.89792,38082985380.348885,1.5920179637104315
2017-10-21,7986093.042324066,88893484546.6736,38191201482.2295,1.2598454826940764
2017-10-22,25117976.87972641,91611997693.94936,38595645715.55329,3.9064227221768917
2017-10-23,31271188.976730347,97064442494.68039,39096028957.11798,4.743705317686211
2017-10-24,19591893.827472687,100310254071.01085,39376120763.74342,2.8261279877653815
2017-10-25,22984674.043067932,93047491913.30054,39723559624.02837,3.3225211107095616
2017-10-26,8281054.841724396,91907072457.54256,39838285361.85481,1.2274552282250704
2017-10-27,8992418.947589874,92532468860.841,39960924003.39876,1.3006751673872403
2017-10-28,5818041.48651886,92151368002.10027,40041499936.93788,0.8401262671985862
2017-10-29,10332486.429115295,93072348808.96559,40202908180.51193,1.5903836032325818
2017-10-30,12920808.62948227,93484402639.69704,40411728403.44224,1.9567393607844208
2017-10-31,13126368.201480865,94907847397.96385,40629789622.015045,2.0797276053906892
2017-11-01,36226771.71442795,100369554595.54466,41287311262.64246,5.9305481578223285
2017-11-02,18808013.231884003,103202036904.49637,41640079073.607346,3.1939956745114175
2017-11-03,19208350.003570557,106691729439.146,42010474316.64667,3.3320647115272584
2017-11-04,10004772.844192505,102473536792.3425,42204009028.92248,1.7627588606199025
2017-11-05,38371572.067401886,110535446045.21275,42990049005.494415,6.726290599816146
2017-11-06,9245587.379470825,111183093626.94122,43163320322.828026,1.5234017964875892
2017-11-07,17582854.242221832,112075474813.83614,43497687994.83093,2.881861718872984
2017-11-08,16908978.79631424,111783822914.77927,43819112213.63438,2.885559100005857
2017-11-09,15332716.328609467,113081925742.45221,44104326287.29456,2.5060448312131816
2017-11-10,24458343.26717758,117155554819.72859,44528808597.60439,3.6504491018968617
2017-11-11,39678359.42228699,123204620493.05325,45206531132.33501,5.598509834814956
2017-11-12,186327932.25922012,156595619806.30478,48341893216.30884,23.721769727928155
2017-11-13,33208693.03683853,161838187611.02863,48929390726.16731,4.4287360441149515
2017-11-14,19826615.895629883,161768365471.69363,49270708376.31061,2.647803063776722
2017-11-15,19496812.464500427,159707070073.56207,49645844086.23078,2.8626033659034302
2017-11-16,35643574.81628418,165577594224.99084,50371555782.3971,5.525411365628588
2017-11-17,25368818.316425323,170254859253.39194,50887163718.63096,3.9035011305428187
2017-11-18,14777061.158016205,166789134934.9564,51185573478.6824,2.252687717229527
2017-11-19,11571786.94700241,167865556679.8628,51430718050.50585,1.8067305436641754
2017-11-20,31428387.55606079,174916587526.93698,52133140258.79206,4.980439252064496
2017-11-21,18492660.755443573,174985624815.9377,52536700631.15062,2.9092429527202546
2017-11-22,9623668.388137817,171450132273.86578,52716304803.42875,1.506085536499383
2017-11-23,12124411.272735596,171026449164.10898,52972063990.566505,1.8608197646384785
2017-11-24,25931014.843654633,173774903936.97366,53485592481.958885,4.009229377081988
2017-11-25,18133561.540164948,177461371566.16,53912002237.152695,2.958408775562187
2017-11-26,24826618.466831207,183497072824.9897,54534669395.17562,4.273377318806599
2017-11-27,19158685.43748474,188610859836.70895,55036919153.564285,3.398691807306875
2017-11-28,25554681.47493744,194959853057.4918,55718646213.07387,4.565937255961937
2017-11-29,25269773.90946579,201008391370.90002,56419505259.90843,4.617753519928954
2017-11-30,16313791.640007019,203635130012.17834,56851709516.93667,2.8724035865240136
2017-12-01,18148968.95921707,202049136095.21982,57373771982.24742,3.4384451888989793
2017-12-02,15486685.877708435,203274593455.44815,57816945013.02148,2.93619722065963
2017-12-03,13493173.504478455,203870877156.02737,58161164426.20025,2.7143564190967453
2017-12-04,15595176.875061035,207438837052.52887,58651837126.25988,3.0934118461436473
2017-12-05,15378060.639774323,203806060864.7741,59126098404.7522,3.0473899299969434
2017-12-06,21905286.109020233,211895105821.20212,59960025026.36965,5.143867573093289
2017-12-07,87497036.77788162,258436035733.84393,64115226622.52812,23.731994713661386
2017-12-08,34290200.81654358,271280255987.65717,65493283725.05133,7.814072169065394
2017-12-09,16118888.465877533,275762912179.488,66154641506.93541,3.7035512414597975
2017-12-10,19435873.355831146,280301571787.89154,66953344901.947815,4.461463994714904
2017-12-11,15936900.185943604,280832422008.80756,67679782314.83442,3.9748165045554837
2017-12-12,42324910.06374359,267540597274.9195,69715990916.50166,10.72925317763329
2017-12-13,21590092.5983696,272328426241.75665,70678687154.03249,5.09814542176477
2017-12-14,17379853.61040497,277689171160.361,71460551690.07954,4.07611574865316
2017-12-15,20169389.302761078,284875201203.95245,72422703016.2425,4.939021146613139
2017-12-16,11121656.89958191,282890960849.3199,72999332380.47285,2.9972377698621586
2017-12-17,42081248.538295746,303441286479.0636,75216648362.03166,10.83733306055658
2017-12-18,16163496.550930023,309823888207.7928,76030782948.02994,4.034986260056671
2017-12-19,14535149.444530487,315595128001.892,76748902003.94218,3.466611717699131
2017-12-20,48257377.582351685,333884110654.89545,78940450149.90224,10.239559264400448
2017-12-21,13400647.601669312,335814317540.88794,79450222277.20529,2.6525820395418784
2017-12-22,29780742.68888855,347257405688.4328,80551666666.07808,5.247413568495224
2017-12-23,16521771.213432312,352155485255.7558,81174743680.84848,3.0245103283886614
2017-12-24,13585847.853805542,351400950742.6563,81676414520.89392,2.348290805386122
2017-12-25,10750414.72821045,351165859003.44464,82075757405.49521,1.8573205191033069
2017-12-26,16169255.389312744,351886159444.7459,82758410768.26865,3.0771039481903233
2017-12-27,19102111.840682983,355482249396.4552,83539460532.48196,3.5305019076970314
2017-12-28,10741602.305923462,352096275222.4559,83890788063.40031,1.8217568448702195
2017-12-29,16947558.342967987,351698681717.4833,84517148629.93796,2.941457063890496
2017-12-30,27179476.93162155,357881715010.44574,85440644435.19081,4.082273201601536
2017-12-31,25143283.059883118,362969798347.214,86386119384.89125,4.050639996749217
2018-01-01,9793263.489528656,361655408854.5548,86722220497.52289,1.5028474562434775
2018-01-02,23364695.471500397,367841721345.33655,87617051285.93277,3.920007574838276
2018-01-03,12050192.256210327,367805439364.8125,88077573841.15657,2.0475794289473126
2018-01-04,14435981.253200531,368999469619.4361,88603912342.25212,2.437828971738914
2018-01-05,25612780.363658905,372945391083.52277,89642415235.88086,4.76118443723918
2018-01-06,14919520.145767212,330642438184.0255,90291971049.76085,2.7964128964132384
2018-01-07,89474815.23101807,361712294517.22504,94227079833.19978,15.323248244225919
2018-01-08,8567108.285312653,357824089047.9571,94558338572.37648,1.3574788066421928
2018-01-09,12455062.12682724,353938614234.6651,95032841170.23906,1.9166605035065745
2018-01-10,11236287.72712326,350468790212.97516,95464401828.2626,1.727554899633818
2018-01-11,19754398.944473267,334432485103.69293,96156828133.09857,2.7757920989740543
2018-01-12,20908684.782779694,331948868292.0236,96920764576.53998,2.949024620569105
2018-01-13,10122228.164989471,327036239156.85876,97293515828.16603,1.4790564907797572
2018-01-14,10943843.147354126,320086474042.0907,97694948431.56282,1.527246911375178
2018-01-15,7509996.933681488,316237508227.9619,97965056021.38054,1.0547371272779273
2018-01-16,17728824.498176575,295922284277.6811,98515768665.73544,2.0879007926902875
2018-01-17,26766622.839172363,295048213757.9425,99264132571.55745,2.82640911350577
2018-01-18,8505463.479167938,289443399495.53235,99519469833.24239,0.9838699432299104
2018-01-19,11279615.671901703,266779978393.8121,99861400939.64359,1.285910105490888
2018-01-20,8958316.463169098,263596809827.65192,100166618123.02264,1.1506146241631925
2018-01-21,8160367.765022278,252603392409.54803,100408909872.20605,0.9250711535817346
2018-01-22,16152437.000305176,250161777972.63092,100865151654.8599,1.7078784370341507
2018-01-23,11170050.762748718,247875285968.4565,101188653094.05478,1.2175793366531789
2018-01-24,8207808.988636017,245839453206.74597,101412598670.84674,0.9009334806161603
2018-01-25,9251745.298370361,240782409125.19913,101672398404.30183,1.0125158026195948
2018-01-26,16572905.716064453,237069973665.99222,102158658481.53786,1.7968438870492323
2018-01-27,7129097.909832001,234682783123.93463,102366568995.8857,0.7933537473312482
2018-01-28,17786140.911273956,233259663510.9678,102922821173.09927,2.000625061783943
2018-01-29,8153432.855045319,224671025627.85266,103093709937.254,0.8839813473329975
2018-01-30,9664075.51493454,216208708460.69687,103346863775.1319,0.9293901316513047
2018-01-31,14678685.477043152,216771064194.4719,103729908989.72624,1.4190790478985011
2018-02-01,22555459.41350937,212089954079.37292,104270051672.00546,1.9471190242767402
2018-02-02,15170395.814819336,210453980749.82846,104608663685.05139,1.2548351526372095
2018-02-03,8266530.973636627,205788323264.67245,104762034708.2168,0.725753944875551
2018-02-04,93975792.22305298,217409531179.1055,106868513566.61441,7.256022226670568
2018-02-05,39095498.26767349,218124846872.9382,107599288173.95422,2.546049400049999
2018-02-06,35769862.18304443,178941152047.9885,108299633349.13419,2.4778854975345
2018-02-07,9854364.527683258,177283222274.01596,108463421815.25156,0.724880757662629
2018-02-08,28737218.420333862,179074997189.9619,109091303766.25171,2.1623991330312298
2018-02-09,5532274.985164642,175173654355.0187,109183323426.2549,0.4385258532917788
2018-02-10,5724089.887962341,167905110560.30533,109281888918.26526,0.4470553212106322
2018-02-11,9167678.445526123,160871375764.4738,109479057340.13898,0.6833240888549768
2018-02-12,8624068.512241364,158596452219.44916,109671072843.85126,0.689834591601101
2018-02-13,4702563.41129303,154965838501.78204,109757177520.4796,0.36704566962403096
2018-02-14,6168298.254646301,153450623889.18164,109897227994.85135,0.5265914749579631
2018-02-15,10485940.647708893,150111582702.14188,110176785709.53645,0.9577327492260899
2018-02-16,7645429.421497345,143325581939.82428,110374019387.75304,0.6974560363207107
2018-02-17,3369522.158016205,141288331377.00446,110439615807.08481,0.3331838668724119
2018-02-18,6790157.820098877,139416150126.6933,110620711062.17406,0.653108684745516
2018-02-19,4369459.4806633,137195165241.70555,110734875841.76817,0.4390995045243647
2018-02-20,10567098.051158905,138120622448.93478,111049825066.59853,1.0864411738594622
2018-02-21,6523858.096797943,134666393692.07451,111204999413.88843,0.6172254414412088
2018-02-22,75283000.31646347,155458050515.70282,113202707647.65732,6.598383849128681
2018-02-23,7523591.263442993,154964954269.99557,113380484469.80357,0.6753641818141247
2018-02-24,6064832.764797211,153480129093.85553,113430742358.78757,0.5148529717425862
2018-02-25,4406669.723464966,148759122584.50546,113528237239.46999,0.36936155040219903
2018-02-26,4691542.229125977,147654418219.43396,113647707729.6506,0.4229893512374091
2018-02-27,6211635.636417389,142986876149.74234,113804032499.26823,0.5789224857044031
2018-02-28,16095197.085586548,145533485748.2973,114242756712.39972,1.466449247108873
2018-03-01,8237501.934474945,145330317558.12997,114460330971.82855,0.7859011839380275
2018-03-02,5135109.904258728,142300364419.76282,114575432055.68654,0.4913998169289876
2018-03-03,5388398.143733978,137588708416.6956,114643963267.88037,0.5379831560493806
2018-03-04,4725429.254249573,135010238817.86423,114768427616.75941,0.4697506240783592
2018-03-05,7814436.58681488,135477247764.27583,114992627148.29437,0.7830217518111656
2018-03-06,5755884.165180206,111688870265.98575,115123079230.75409,0.5367210921977386
2018-03-07,5914119.595775604,104498903748.91524,115242149606.19011,0.5054930664522993
2018-03-08,4127280.0068473816,96837826793.98811,115304655741.09236,0.33408696265315946
2018-03-09,10582054.873523712,97428521724.97748,115532130693.08466,0.833914294974294
2018-03-10,4258672.10218811,90837008696.47469,115587435716.62166,0.3300838849288469
2018-03-11,7439536.073719025,91621966245.89403,115757477314.83488,0.6170524635660563
2018-03-12,5174134.461288452,91554764828.62695,115866018987.57439,0.4042514608176072
2018-03-13,6816605.705493927,91133586551.96745,115952149717.78389,0.5362067797552125
2018-03-14,4891230.81155014,89959456950.87401,116038047319.47264,0.3484289217792177
2018-03-15,6760414.969165802,90472891003.85587,116149084471.07712,0.4794606738580938
2018-03-16,7648686.904880524,90697289990.65317,116266765326.25674,0.5556438489213765
2018-03-17,5141619.026802063,88524715640.37013,116302994358.68225,0.3468757239867691
2018-03-18,5695959.9868507385,87445806404.40483,116340513077.68257,0.38347560807316283
2018-03-19,5320413.73840332,87718573423.28342,116412605829.54753,0.3863817710834994
2018-03-20,3792523.791355133,86438241529.5212,116473958024.52872,0.29051464265889737
2018-03-21,5511674.650485992,86453028647.06425,116562612835.62804,0.4209518082026197
2018-03-22,5600876.753322601,84047936555.26875,116642663517.02151,0.4157684511491043
2018-03-23,3298573.5047721863,82724328738.31679,116696279300.1692,0.24791124891593075
2018-03-24,4891262.577735901,59254323898.269516,116568044720.49866,0.36763739772143694
2018-03-25,4950541.005115509,58112817216.69153,116602612682.42186,0.3630100278763262
2018-03-26,6052977.721271515,57788358552.09029,116676783250.18845,0.4171043586966002
2018-03-27,4284463.980312347,57510209155.38553,116732962360.42433,0.28773778323511556
2018-03-28,4258309.704750061,57032038967.431465,116788554303.29895,0.2887839885060445
2018-03-29,8541193.987052917,56895945836.46075,116930530542.20691,0.5285268027261043
2018-03-30,6563354.547431946,52810961946.064156,117022133393.65254,0.384386154586059
2018-03-31,4706191.700954437,50909370000.781075,117069473587.80936,0.2810873770737855
2018-04-01,5336096.633197784,50253241219.44436,117136491062.13596,0.3126137940840165
2018-04-02,3502620.6299934387,49013947645.89702,117170377734.07664,0.20907770759297248
2018-04-03,5725455.354736328,48637730133.18192,117256836299.79593,0.3635269077789893
2018-04-04,3741114.45746994,46487674676.18518,117308857486.588,0.2177164213541441
2018-04-05,5432398.633201599,45658746326.7418,117381271489.0969,0.31454024879961484
2018-04-06,4113631.5191497803,44623205930.74204,117429706932.39667,0.23152485362708913
2018-04-07,5094262.268199921,44517348349.96471,117459213367.80016,0.3009219437074768
2018-04-08,5638076.1315460205,42621144969.598595,117545682968.94249,0.3356805023051646
2018-04-09,4457038.902748108,42349891667.78012,117611066067.34871,0.25521366126010064
2018-04-10,5416442.140323639,41203331988.90202,117685081530.55869,0.3146672943193073
2018-04-11,12645017.49049759,42561875869.78125,117903149091.9829,0.7429430387214364
2018-04-12,10244672.63709259,43155879929.45603,118069733417.50076,0.6775186856164571
2018-04-13,9215505.404685974,44267897766.17895,118256932522.82954,0.6239934119746564
2018-04-14,4640176.33864212,43654402118.889046,118307230425.8204,0.31514598689877854
2018-04-15,4380698.776779175,42717401931.958374,118392571738.04953,0.3082364614930595
2018-04-16,4938801.766254425,42694269105.608154,118489497813.40366,0.33461784640128184
2018-04-17,6896121.2554626465,43020349346.248146,118603325378.88228,0.45863938503779234
2018-04-18,10308453.041934967,44316277872.39892,118801305354.33939,0.7058639999895087
2018-04-19,51999168.59966278,57517316427.59991,119953750953.98045,3.58361904927433
2018-04-20,15607109.154785156,60402741422.01909,120303632243.37993,1.1273973191446867
2018-04-21,11575228.93183136,62190610502.00527,120566206275.53838,0.8471064579618041
2018-04-22,6737686.528606415,63210616238.472885,120717141980.39223,0.49314033999284823
2018-04-23,11911061.194358826,65310813415.04479,120989516048.14912,0.8749575283328606
2018-04-24,9279419.260852814,66857239930.41481,121194997969.58562,0.7320492976423317
2018-04-25,9340788.90348816,68022685581.834145,121392704502.77077,0.6889191960709903
2018-04-26,27978133.59067917,75346683651.2753,122057636860.67682,2.0753181236208182
2018-04-27,4417571.502826691,75548419883.7066,122143467073.61984,0.32567236258755417
2018-04-28,2919947.655193329,74399826563.09343,122120479309.02711,0.223902821089918
2018-04-29,4595730.55072403,74334684813.4234,122206696379.98549,0.3520873785242882
2018-04-30,7134244.01650238,75442738231.51018,122335293554.33728,0.5407135740384548
2018-05-01,3206498.0123558044,75187535625.34883,122278370792.7439,0.23685631828438908
2018-05-02,18730696.840168,80080689034.7614,122668221428.84822,1.3963870533182545
2018-05-03,5222025.815811157,80345143662.51712,122760486392.5793,0.41185609013471525
2018-05-04,6602819.8908576965,81621567984.64523,122858066846.64223,0.519565348432884
2018-05-05,4808273.6238975525,81964617073.44627,122855707399.55927,0.38429315171397793
2018-05-06,4693378.43334198,82552281269.83083,122946303007.58986,0.3645316736182393
2018-05-07,3922751.213130951,82601556024.79294,123012934303.83641,0.29935305299602616
2018-05-08,4113685.4941215515,82550567531.99718,123036095054.21068,0.3082683915011633
2018-05-09,6469065.571624756,83553486039.8076,123084647434.79279,0.4883103397757671
2018-05-10,15348089.843574524,86958065662.84065,123411923277.0113,1.1276790052576995
2018-05-11,6632691.030334473,85917165623.5585,123384664890.73979,0.45685031225456496
2018-05-12,3022235.9121055603,84103998646.74287,123395941700.7586,0.20745772461238599
2018-05-13,3417297.206161499,82629848298.53145,123435035242.13144,0.2395352041682115
2018-05-14,40685192.023384094,93199063194.30962,124380488570.47447,2.849003889885584
2018-05-15,6037225.4582977295,93698996022.03215,124458621158.09552,0.41371896725312735
2018-05-16,6119233.858131409,94072278063.4077,124557640723.8424,0.4082219406635255
2018-05-17,52268939.7358551,106386487406.35019,125623893585.75679,3.373740650811474
2018-05-18,4798678.959648132,104907143393.32216,125687773079.84094,0.3140897737560397
2018-05-19,3990522.029121399,91678233097.67708,125680856231.44179,0.26257967259921666
2018-05-20,4174451.270980835,88342353106.93794,125711797693.22697,0.28281826689919143
2018-05-21,4910949.687717438,86310817459.81416,125760487962.01224,0.32749827232454015
2018-05-22,4519957.216884613,85546596262.86052,125671681301.93307,0.29126575017822415
2018-05-23,8237113.405231476,84095947788.46402,125682420430.23604,0.49602190561238446
2018-05-24,11162931.004535675,83956827036.39131,125661821962.80809,0.6728144575545075
2018-05-25,3428597.638397217,82017832425.10411,125354976238.85405,0.2031026355731139
2018-05-26,1835846.905845642,74028765966.87852,125272522906.0499,0.10885413528991132
2018-05-27,2658689.2325820923,73351806918.78128,125242327522.68555,0.15545846551004802
2018-05-28,4855690.488708496,73600027444.23038,125264722037.26706,0.2777297153404986
2018-05-29,3700432.8103637695,73085867547.42384,125273172962.6598,0.22033958116933774
2018-05-30,6049195.051277161,72360919489.90817,125290342345.57558,0.35437617339152616
2018-05-31,3356040.175983429,72235967530.88739,125164503777.08752,0.2014456589550649
2018-06-01,4140906.9372406006,67558379907.47623,125131693417.18091,0.24745679299049633
2018-06-02,2334805.4543685913,66468766988.096504,125118540415.15842,0.1428346774825911
2018-06-03,3447085.4402275085,65226492762.14054,125129373773.78352,0.21229681512122572
2018-06-04,5620426.249759674,65056798485.06836,125162304083.22198,0.33653725855393407
2018-06-05,4290225.815071106,64651904879.43215,125154252184.37236,0.26104597216014785
2018-06-06,6074939.858181,64962003676.06248,125163884495.20924,0.3685349134600262
2018-06-07,3264557.9213027954,64534255752.08393,125156273493.55087,0.20051492984794367
2018-06-08,5460516.502883911,63919643330.038864,125177423168.0641,0.3328486263275493
2018-06-09,3052988.441295624,60052739641.71591,125106089960.03575,0.1851382633384989
2018-06-10,4805050.704387665,59261413974.17805,124880573839.40991,0.26127804872663357
2018-06-11,5270558.319431305,59605651808.285385,124882960770.43974,0.287681971128973
2018-06-12,3685131.6004829407,59423419893.27132,124426426239.39064,0.19368939256878528
2018-06-13,9558943.72642517,49616839491.648476,124015595485.42741,0.48512514477693686
2018-06-14,3370339.5661888123,48646994273.93838,123943260524.88121,0.18069183903288188
2018-06-15,3237753.2769203186,47651920616.71073,123896000761.9461,0.16945625342877188
2018-06-16,1668184.5589103699,33885535958.987835,123738374533.32738,0.08753062105950224
2018-06-17,2544587.0758476257,33120071198.492214,123733688471.08693,0.13345841055678162
2018-06-18,4085555.2785987854,32933794327.914837,123654024966.80034,0.22169057554964258
2018-06-19,2771391.321079254,32371257006.115887,123596710198.5627,0.15111626408506873
2018-06-20,3790425.6902656555,31852096499.859417,123544473050.15602,0.2073061361163308
2018-06-21,14028177.023338318,33773716136.957886,123724215987.4439,0.76179464861661
2018-06-22,3890986.8128433228,32489913618.367546,123680853290.73422,0.19265033747836743
2018-06-23,3037651.6248435974,30295830126.66209,123668491223.08847,0.15140951137081732
2018-06-24,6329832.06685257,30747240638.247627,123706681660.05623,0.31527999038127896
2018-06-25,3906567.939968109,31106785197.085423,123728575882.92522,0.1973898814188794
2018-06-26,5067676.698829651,31492214388.14839,123750822310.63187,0.25076888545900605
2018-06-27,14129318.089939117,33222454222.59926,123922994343.4997,0.6996032583495305
2018-06-28,6641777.562572479,33625409471.281742,123935258606.73538,0.320258305578457
2018-06-29,3831070.5238571167,32916922323.096,123927515861.47952,0.18676479938190485
2018-06-30,3275066.9782218933,32770760799.150166,123864021662.16158,0.16816021265315487
2018-07-01,10448215.729434967,33944966452.50378,123992378375.87314,0.5338300468311175
2018-07-02,5699707.330726624,34606995841.094734,124019382828.06613,0.3042439590054246
2018-07-03,5541213.907798767,34928938920.18986,123998891977.43202,0.292122448237151
2018-07-04,6276086.327251434,34911113336.082634,124034111528.35506,0.33528688725067096
2018-07-05,2898287.3190727234,34451605916.556725,123938118294.61996,0.15238080991978642
2018-07-06,5712766.573951721,34167659078.074512,123973694722.56828,0.30336158223289617
2018-07-07,2655742.605278015,33919592046.19933,123928058951.77141,0.14245111714534406
2018-07-08,5820997.041584015,33836591146.40771,123979441988.44551,0.31598066362175564
2018-07-09,4205980.748817444,34001333509.61095,123990463595.99596,0.22666416681803406
2018-07-10,5270640.2993888855,34027169474.811207,124032333106.23395,0.26931390207761935
2018-07-11,5265714.874031067,33946531223.389774,124049677684.32802,0.2701129853596756
2018-07-12,3965075.892440796,33955691516.656395,124062148612.62627,0.19647320305502403
2018-07-13,7108440.581531525,33419398273.729374,124113823521.58858,0.35511182538816083
2018-07-14,1949747.9693107605,33079541301.437412,124064200851.89641,0.09833478495361588
2018-07-15,3005414.7620887756,33016282458.178165,124066756397.24959,0.15392670333866795
2018-07-16,6008541.282382965,33994220940.73988,124136130624.86209,0.32358871705158343
2018-07-17,4340176.979389191,34502654155.359634,124042675369.49448,0.2560916857012915
2018-07-18,5828316.911979675,35017545254.363655,124096768780.51802,0.3453729323915235
2018-07-19,6352426.696796417,35974575238.717636,124163983012.66612,0.38165957211760027
2018-07-20,4499092.2769088745,36221575583.01911,124147560666.31761,0.26598619818520064
2018-07-21,6960909.695316315,34801270803.91803,124210348647.35068,0.4157729435017534
2018-07-22,4162119.934574127,35042514919.25182,124226982762.29543,0.2500622722643686
2018-07-23,6157016.250076294,36005775275.77448,124311592485.63326,0.3830889426441673
2018-07-24,6320235.073547363,36460364251.58542,124348802475.14685,0.42332462903075807
2018-07-25,6022372.658000946,37285579858.82267,123849297621.5211,0.39708935038989795
2018-07-26,3963887.9195594788,37321019216.385056,123858846368.28105,0.25913398560899004
2018-07-27,3386170.035461426,35355541433.60122,123757578447.07658,0.22408807195178893
2018-07-28,3225077.6996154785,34912841245.682495,123360458229.73209,0.214090403556022
2018-07-29,6965071.465419769,36049758584.258125,122654775517.36218,0.46678017674845057
2018-07-30,4226363.863822937,36500912364.994484,122308255231.58078,0.28095907001379605
2018-07-31,4015019.5632133484,35332150627.206055,120819630627.81438,0.25764029288693285
2018-08-01,3228192.8930282593,34889769413.43695,120630645911.95537,0.20277361052845766
2018-08-02,5595655.524723053,35087966619.981575,120464463905.7498,0.3500515814561918
2018-08-03,3762285.5198669434,34630589791.35979,120146863271.58528,0.23193036879874618
2018-08-04,5051735.882030487,35179632569.15924,119464269189.77382,0.2959635916198996
2018-08-05,3061940.107143402,34642660807.83662,119005374782.06761,0.18066161621682714
2018-08-06,6701673.377861023,35602401587.622116,118552512884.7814,0.39177502616109616
2018-08-07,3208361.9241981506,35032098256.78235,118318124857.83266,0.1864972628351307
2018-08-08,5268252.323856354,35203343946.98826,118037892532.48347,0.28161775102344916
2018-08-09,9412556.828487396,36133950207.20484,117939533277.28264,0.5199428700040493
2018-08-10,7801170.407028198,36649287801.01071,117921384985.4056,0.4152559486343894
2018-08-11,4768504.333202362,36849801477.85241,117847671675.35912,0.25787779757566737
2018-08-12,1885068.150188446,35777243632.89289,117628838870.01962,0.10114484842460034
2018-08-13,16195165.179317474,38743700955.95724,117655692836.65988,0.860082022071211
2018-08-14,8650711.393363953,39883793866.9652,117587909879.86942,0.4532776727713042
2018-08-15,8518206.32880783,40355181426.95812,117551822788.03639,0.4620147672772782
2018-08-16,12893078.878665924,42030688340.68818,117620724169.48697,0.6974239091401049
2018-08-17,16407001.428958893,44180807295.078255,117674254780.8886,0.9123765751961186
2018-08-18,1607869.3361625671,42943135086.26779,117402422205.82014,0.08737644566424145
2018-08-19,11400966.93120575,44288587726.73458,117265484684.71648,0.6258032112936676
2018-08-20,9899199.097930908,44667072971.42801,117033428716.92325,0.5382894468867366
2018-08-21,15215507.326015472,46909895565.25833,117129211485.80568,0.8396638050697911
2018-08-22,17614335.889148712,49078619111.53293,117135593946.42029,0.961997110489875
2018-08-23,18389272.13318634,51291339743.99746,117113464252.27094,1.016292451188751
2018-08-24,4961218.569423676,50751295652.75693,117036826944.70174,0.2817738250639732
2018-08-25,21991130.791496277,54612506356.76626,117267354518.83842,1.261496502923664
2018-08-26,12249320.88023758,56426924356.91187,117332613715.359,0.7002753501027693
2018-08-27,21620269.22164154,60462082879.93698,117571282292.85992,1.254260760792669
2018-08-28,15086849.0940094,62114438656.421455,117714898943.2455,0.907476386154598
2018-08-29,21410092.83960724,65976348834.795845,117774871423.34409,1.2754921077870218
2018-08-30,17041933.983882904,68909524966.30385,117833900738.3985,1.0109424216647585
2018-08-31,4585024.928024292,69168287183.21492,117650141373.65742,0.2738932375519815
2018-09-01,2794682.553012848,68435061935.48715,117460115019.64691,0.17173504950401822
2018-09-02,3167508.113773346,68276964310.38292,117351379731.97942,0.1970388214290684
2018-09-03,3798377.7301826477,68021063536.940544,117240792522.1506,0.2360957340948621
2018-09-04,4213045.814491272,68337135231.39155,117094383741.41565,0.26458872911075115
2018-09-05,4842837.865196228,67885103961.466705,117037128791.14635,0.2809790028071967
2018-09-06,6627933.045055389,68579212257.6596,116979721451.43947,0.3666383778607466
2018-09-07,3989273.3167762756,68323038795.676895,116859547732.56151,0.218692973462051
2018-09-08,2530032.043800354,66800957071.097206,116818746349.24661,0.13404841406979098
2018-09-09,4402321.6637535095,66093993223.09478,116808284679.79678,0.2376427427422366
2018-09-10,7591881.143703461,66671942962.78797,116816897969.40842,0.4085777917536967
2018-09-11,8635894.642292023,68080979564.98486,116831671495.17067,0.46364695848775744
2018-09-12,5899219.2745399475,65950735421.46021,116841356212.84709,0.31911835933743293
2018-09-13,25302234.388771057,69622239500.36351,117157115270.61398,1.395093214150558
2018-09-14,3202662.179084778,68506186030.334335,117078398496.50145,0.17790706240469809
2018-09-15,2708609.283729553,66361182359.22168,116856357516.81892,0.15130879901206157
2018-09-16,2583080.763069153,63341644461.72127,116782664683.94414,0.14366084800458342
2018-09-17,4641728.479663849,63968040757.21334,116782161538.02673,0.24875456017330258
2018-09-18,3409852.362880707,62240363027.15276,116761150941.10452,0.18460579408522043
2018-09-19,4069208.2553596497,61008762044.85289,116724760651.82352,0.22317312964982833
2018-09-20,5756642.573596954,58969390792.33118,116728509451.10779,0.3184142588654619
2018-09-21,9303401.596992493,57306668242.34765,116785101281.87408,0.5377606023638675
2018-09-22,3119741.248577118,54037484611.825356,116652856097.63962,0.1795585760793199
2018-09-23,3189890.8067474365,53649463840.19045,116651350877.94142,0.18291508063921344
2018-09-24,3890225.827041626,49574804852.46913,116683638489.86156,0.2201901511943079
2018-09-25,11149918.291484833,49212137184.55256,115920405275.98712,0.6149487395319295
2018-09-26,3651347.381919861,45085007802.17548,115757498068.26392,0.20431647970443026
2018-09-27,4062601.792160034,42417000468.49201,115739878839.93773,0.23140918538635943
2018-09-28,11565647.757888794,39973276056.360794,115827101428.96486,0.6639999247441882
2018-09-29,3285596.823425293,36722449042.61136,115786799666.7391,0.18653662262333753
2018-09-30,5359119.771671295,36825728385.8049,115700795156.4177,0.30528708439153945
2018-10-01,6607122.08228302,37597684293.469574,115705001029.20529,0.3744928526179235
2018-10-02,8330286.730213165,38637110231.9073,115631851396.016,0.46964184221707606
2018-10-03,4993943.441696167,38787975738.18295,115588515102.82637,0.2786264373757208
2018-10-04,4627564.994380951,38766447342.86684,115574940197.00482,0.2624790656949913
2018-10-05,3231250.0261268616,38377529951.0303,115082546179.77339,0.1843672623554337
2018-10-06,4220066.23960495,37868728364.33574,115028625420.29266,0.2401594178299871
2018-10-07,2099452.1391716003,37477605895.69022,114939576202.8718,0.12026047396678581
2018-10-08,6646038.052253723,38419543128.69751,114789807979.27457,0.3825904533256612
2018-10-09,7030535.647136688,39039107497.39844,114546392574.43462,0.40460088847612224
2018-10-10,8741903.459884644,39351094110.72099,114506677655.29846,0.49855947077068025
2018-10-11,11024309.227462769,39817095697.38431,114582862366.82808,0.5947547070826629
2018-10-12,4869558.058666229,39580632676.35428,114469369469.0856,0.26375904232317343
2018-10-13,3968085.5508537292,34952006051.369514,114139399655.55717,0.21540587937329464
2018-10-14,4114906.4862937927,35110232655.552216,114046680614.1577,0.2242579260992993
2018-10-15,12168088.712478638,37127070843.31175,113897729227.7804,0.6864626825809428
2018-10-16,10166648.619758606,38751118690.83103,113518395829.80234,0.5769860610478525
2018-10-17,5545596.218334198,38972819069.802345,113336185595.05447,0.3150018364494583
2018-10-18,4840293.256732941,39286148491.44028,113261211670.07681,0.27330334172208837
2018-10-19,12033384.228061676,40978522978.197945,112870921868.75403,0.6806098813860305
2018-10-20,16659672.82231903,43301426966.76493,112997569388.32968,0.9456410616686256
2018-10-21,3139880.5077781677,41880720115.59893,112921038451.92267,0.1787197598796273
2018-10-22,6646459.51391983,42600079632.74158,112624479270.69096,0.3775982497423576
2018-10-23,5941271.362934113,43157703023.6422,112220659962.51353,0.33920663977779
2018-10-24,3981391.3032341003,43153292536.15365,111985806034.9417,0.22824565256379836
2018-10-25,4722788.298294067,41785711522.544106,111707108257.56866,0.27086617113430145
2018-10-26,9476113.58298111,43020140585.50361,111739394078.78114,0.543085425635116
2018-10-27,2400026.7682724,42640100201.57041,111639136210.40854,0.1377837565141952
2018-10-28,2928927.1358909607,40701033368.249016,111598306801.52492,0.1678984401246505
2018-10-29,4104770.519264221,40836247344.46946,111493421464.17767,0.2301023459850909
2018-10-30,3496316.2667121887,40388620256.999664,111336758248.25069,0.19663897292730542
2018-10-31,7856379.260032654,40595008164.6984,111240932051.12857,0.44518085398446383
2018-11-01,5660440.326892853,39978846634.440575,110668231563.5964,0.3236765356666666
2018-11-02,7499019.603263855,40493302653.79953,110434372561.67314,0.4313846825073755
2018-11-03,2088475.824558258,39922986436.51508,110087098306.37755,0.12014592087186064
2018-11-04,4027719.3963508606,40076732805.152695,109954041742.47008,0.23491492112389664
2018-11-05,4802354.815700531,40178355508.66637,109245850855.64499,0.28077852458363073
2018-11-06,4899773.344005585,40768059202.27775,109152039126.87204,0.28871470448124875
2018-11-07,6650364.575458527,40746315615.3156,108927137360.21811,0.3971937398851815
2018-11-08,4662725.476428986,40198500013.99602,108662667404.50723,0.27526569043640714
2018-11-09,6665356.017360687,39702890327.162445,108475524059.52124,0.3892131277776603
2018-11-10,3598682.869579315,38193588090.2458,108092837704.13086,0.2115739592180451
2018-11-11,2814195.309188843,37780174902.93026,107448182160.3084,0.16556758140864028
2018-11-12,6536152.894565582,38338774035.490486,104419658907.27109,0.3959433708500008
2018-11-13,8053653.10452652,39169502760.32726,103964322955.19595,0.4857217589913592
2018-11-14,15183052.46547699,39387785455.11853,103839051418.19891,0.8160226854158982
2018-11-15,44375712.41811752,45403867999.97244,104123612097.7265,2.3623941146130965
2018-11-16,8190400.385215759,45722370452.83566,103485071312.4116,0.4373208580771167
2018-11-17,3595120.3611679077,45349334830.480255,102995004183.2622,0.19188890881636164
2018-11-18,3293940.2035064697,43398364061.56324,102729214673.68068,0.17805978304826442
2018-11-19,13098405.797782898,41962798957.576065,102649397520.74454,0.6214180492374333
2018-11-20,19896773.47126007,44229853139.88753,102179663022.85017,0.8631154550500657
2018-11-21,6242099.94303894,43747909848.14116,101837817766.48857,0.27561968740067355
2018-11-22,7980908.768451691,43636057042.07597,101715393505.1062,0.3412503024513417
2018-11-23,6809472.119552612,43749182785.836395,101524660853.16592,0.28519224241503877
2018-11-24,9157391.616333008,43961440224.16752,101037508500.35179,0.36249310177733723
2018-11-25,10006961.727519989,43213842822.25878,100705350620.37836,0.37988164581675343
2018-11-26,8855688.121418,43813342081.01,100158281628.71164,0.33314306896057555
2018-11-27,11429842.964302063,44618360778.63346,99763306878.94344,0.4298949574042656
2018-11-28,15934454.614883423,46009432436.71178,99250921139.18213,0.6789563946581677
2018-11-29,45120420.0683136,51694431031.45753,99064377946.37877,1.9426064910792586
2018-11-30,105670016.45499802,64031226671.98731,99766638625.90747,4.206077383421775
2018-12-01,60076858.946640015,71218415462.69627,99915021648.59456,2.5165022173186626
2018-12-02,2661420.8115615845,69993308968.12834,99479746439.42776,0.10943435521329128
2018-12-03,146263997.1935234,88255324315.85747,100584450127.73354,5.5782675703995315
2018-12-04,397454100.736351,139049186713.88397,104332974591.34868,14.852885418570995
2018-12-05,61341362.49730301,145620048334.02905,104463438866.81671,2.180664736826369
2018-12-06,51287328.19113541,150589883013.30655,104113253690.60674,1.7347343656656855
2018-12-07,12415547.506072998,150512721261.0287,100056727951.49364,0.40927107385130446
2018-12-08,5052382.89515686,150088287850.221,98701683721.97832,0.17404061608432528
2018-12-09,2706683.764717102,149001019311.86496,98056738344.37424,0.09792332498481227
2018-12-10,8846089.003120422,149244410182.75717,97321016202.33911,0.3100189141080676
2018-12-11,16406211.03162384,150479753297.64215,96734264184.04831,0.5670196548890651
2018-12-12,5960082.007949829,149785573030.95038,94741163763.93124,0.21657812628443457
2018-12-13,7699420.613815308,148954982439.9422,93824039902.99213,0.27263818648552185
2018-12-14,7169569.202831268,146893964364.99496,93088760448.71686,0.24604989077622538
2018-12-15,3836739.7370147705,139099257079.08044,92142027649.10695,0.13175084317355726
2018-12-16,4019694.249759674,138018348892.66302,91577733343.37138,0.1400879244727625
2018-12-17,4915226.1747665405,137934802648.54828,89391731539.65828,0.1930515423024778
2018-12-18,15215742.592990875,139138536716.62955,88700281674.40704,0.6133460085239976
2018-12-19,13255374.891822815,138668478679.3552,88107481138.07033,0.563929947862732
2018-12-20,6617591.253410339,136622573934.90091,85966386032.16573,0.31193243372086205
2018-12-21,8255318.163585663,136756869642.35753,85476931637.84229,0.3755092526959032
2018-12-22,2551175.261707306,135932488451.09416,84346222225.32498,0.11830966220413806
2018-12-23,3788908.3803138733,135468009844.40846,83714731367.30182,0.17941510703379476
2018-12-24,6668940.627864838,135151209220.14403,83263557142.33714,0.3257293112982178
2018-12-25,2982116.5632781982,134248293834.7351,82876509647.60779,0.13476258618327952
2018-12-26,2971016.4119148254,133510797023.5022,82209621703.67798,0.13674960124668673
2018-12-27,6721925.776546478,132903017047.0254,81469123398.16846,0.30262192888014566
2018-12-28,8216771.638084412,131715517261.5397,81137434183.49046,0.39145992645960065
2018-12-29,13183077.196746826,126981681764.55316,80594487539.2887,0.6257008421225454
2018-12-30,4488477.576400757,113565815884.84375,79685879793.66628,0.2152228976773342
2018-12-31,5513898.939861298,105867603662.90459,78783334414.26782,0.2600804728092962
2019-01-01,3377844.5734710693,105925066563.34456,78460814196.31464,0.1607221267170051
2019-01-02,3549498.2674980164,87680195795.14844,77557475424.9784,0.17716993897529026
2019-01-03,5298495.649623871,36693559224.284004,77118299511.30527,0.2599463419847441
2019-01-04,3886777.383605957,29591477959.01951,76566891607.05649,0.19247613631988322
2019-01-05,2270973.298313141,23860056046.39491,75421308345.08942,0.1149036248479715
2019-01-06,3688635.4349975586,22992589279.642994,74770439000.44853,0.19962864591591511
2019-01-07,10752640.47372818,23857436497.62819,70932791282.01149,0.6079489838717982
2019-01-08,6015157.499717712,24339045569.225258,70647008743.38261,0.34042933213377674
2019-01-09,5031648.344871521,24004998384.720703,70203184762.61766,0.28702316420459434
2019-01-10,15845182.50195694,24088669178.80812,69908500811.37706,0.820506122295134
2019-01-11,56442407.91604996,30258696789.080486,69740578423.00421,2.9483508265590395
2019-01-12,2730731.289463043,29735944707.374588,68984621526.17168,0.143473333878699
2019-01-13,5199824.319091797,29580884839.880955,68640375162.389915,0.26591759256719744
2019-01-14,29153462.803676605,32747509795.450233,68525126478.150215,1.5634927508777594
2019-01-15,148910513.5575981,50218450822.04749,69713153282.6113,7.702379538236226
2019-01-16,27354998.101402283,52934272018.8678,69420114093.72841,1.4222368954064988
2019-01-17,5687933.842250824,51809959469.8301,68708096390.45259,0.3009046725924689
2019-01-18,3227953.1550216675,50541481990.72348,68471707096.579185,0.16988218002076094
2019-01-19,3700460.645992279,50103278944.95395,68157342241.84863,0.20055964904866422
2019-01-20,2076770.2124404907,49277506581.26246,67861646439.5089,0.1079285309979764
2019-01-21,12654291.982902527,50437112546.58582,67729815661.24591,0.6609666892241277
2019-01-22,7729035.543476105,50859046794.51235,67333684969.100296,0.411053025526036
2019-01-23,3291537.572467804,50345521392.19685,67028234026.4802,0.17478633034132846
2019-01-24,3259074.050601959,50360385434.196465,66809736953.973595,0.17384552856337357
2019-01-25,2980887.859035492,50338654841.35033,66556710392.676735,0.1591156645025523
2019-01-26,2889527.9997901917,49859445102.2945,66081956666.90564,0.1555349086750187
2019-01-27,2727156.3305358887,49122317151.036835,65885889035.03312,0.14643826807481636
2019-01-28,6437614.947738647,48176039925.9397,65382134915.86174,0.33709088880649213
2019-01-29,6218303.724235535,48308678789.67468,65190344437.103714,0.3241184265500563
2019-01-30,17940131.069885254,49683426544.701225,65096324941.72024,0.9483244955843518
2019-01-31,5301569.8034935,49865005461.68945,64742507999.099655,0.2789165416866054
2019-02-01,5226742.515991211,50006179495.35618,64235521349.57977,0.2798463189906121
2019-02-02,2542768.184337616,49630466171.50654,63899928450.07334,0.13732754254043705
2019-02-03,2642670.760749817,49440256969.87905,63716365610.22417,0.14173789310223717
2019-02-04,5009659.028511047,49721630393.3342,61638741157.21782,0.27754272884397724
2019-02-05,5205169.764286041,49818175792.05617,60937013980.10207,0.29247713810980047
2019-02-06,11499194.79719162,49671521294.46608,60307890124.18772,0.6421031041816481
2019-02-07,5744276.314342499,49512905363.22485,60145338860.303894,0.3207536349795955
2019-02-08,4663959.544799805,49404231909.57697,59545313643.68192,0.2836451029452587
2019-02-09,4649583.778232574,48052644552.59189,59460198635.835144,0.28275607200081143
2019-02-10,2395400.99369812,41488207297.00296,59350148017.80129,0.14636146093345417
2019-02-11,6062292.398525238,41884277960.43607,59204860062.826126,0.36786800131952013
2019-02-12,5989980.263832092,41993654484.848885,59056583567.76526,0.3646329968235789
2019-02-13,13414235.263671875,40022775327.615166,59077751422.739265,0.8126945022162435
2019-02-14,4812057.049102783,22696453774.240284,58966235190.97231,0.29114151061305454
2019-02-15,4373750.404354095,19925297713.016346,58719871491.882515,0.26561988836891853
2019-02-16,5391362.242774963,19880880742.68867,58561956566.030525,0.3302840149676667
2019-02-17,2698044.1713676453,19816802491.138382,58487745818.28886,0.16601384083031467
2019-02-18,6418735.249790192,20189885551.828007,58357923235.695366,0.42602791673018897
2019-02-19,8734260.972545624,21084037852.697674,58318266106.16584,0.5855588500392639
2019-02-20,23188590.899349213,22632438216.61538,58237636135.3019,1.5663266744717876
2019-02-21,11651432.967639923,23219345233.381462,58173653588.9338,0.7784438940235731
2019-02-22,6229277.905467987,23647770114.83433,56194512349.69653,0.43720221906093293
2019-02-23,7360940.196346283,24267632297.42073,56067491312.39214,0.5388227438822184
2019-02-24,4531991.0505867,24484689171.66271,55954345467.565025,0.305640630510233
2019-02-25,8249881.794857025,25196195490.120956,55926099645.44941,0.5654469174407051
2019-02-26,6568144.130653381,25705370964.698208,55862679671.63021,0.44615617912856187
2019-02-27,3512670.321624756,25415293514.03608,55718717164.9818,0.23937016373686748
2019-02-28,55190768.26098633,31710264484.25931,55835011182.52527,3.760696318041115
2019-03-01,4836755.984848022,30268887693.237354,55639221117.20854,0.33233994676417605
2019-03-02,12398097.664821625,31239993849.933105,55614258363.22327,0.8485403297817851
2019-03-03,1903272.9879837036,30881136055.1606,55465035950.00159,0.12999793890780623
2019-03-04,7620477.116928101,31529753830.777386,55394683108.668976,0.5096834538375296
2019-03-05,6578500.330089569,32070516679.67542,55217182233.40771,0.4573559870895907
2019-03-06,4095761.0866775513,32025734152.967445,55091086134.23002,0.28614263628118825
2019-03-07,5078916.304080963,32085683844.535664,54985242481.11198,0.356844369789656
2019-03-08,7138194.697978973,31714895142.704243,54955320399.42468,0.5022302153793471
2019-03-09,2100423.232826233,31345238681.222523,54713836144.378845,0.14990983634242838
2019-03-10,7399384.081073761,31742121461.451363,54688199624.36495,0.526552715632016
2019-03-11,5070077.838756561,31832195646.39203,54545970915.32813,0.35777083856789116
2019-03-12,8392142.022613525,32620960685.3836,54506273704.658005,0.5935009557896953
2019-03-13,5476252.872009277,32598709903.132145,54393774310.86706,0.38813357483730077
2019-03-14,5194285.749080658,32548024840.270775,54337835723.05814,0.3683147644053598
2019-03-15,7358224.511207581,31905215039.561806,54263969836.6329,0.5294096589279607
2019-03-16,8499649.287445068,32461379269.282413,54179721980.99663,0.6248176336555639
2019-03-17,3777501.757823944,32441080461.829205,54110257641.59147,0.27699371875831114
2019-03-18,6002861.105400085,32589628621.80257,54053229624.99471,0.44027938947032214
2019-03-19,6855855.551651001,33179108843.73174,54005050099.421585,0.5072522279350615
2019-03-20,6274987.8462677,33191953527.518196,53981516002.654015,0.46770537109695154
2019-03-21,11653817.662635803,33597451903.55527,53973972127.247284,0.8580752220595285
2019-03-22,4430128.705593109,31145601609.672962,53889499016.4858,0.3277754375677627
2019-03-23,2845841.2199440002,30013483984.93508,53841255390.025696,0.2102736387775433
2019-03-24,2603850.1661109924,29538769196.18392,53752137990.62099,0.19212113642068387
2019-03-25,4668905.51663208,29139123126.64704,53686091798.1419,0.33939996030889436
2019-03-26,10745030.77563858,29972023420.698,53668071347.17661,0.7842452540869458
2019-03-27,4776188.300689697,29557573581.516953,53628622748.96706,0.3578265577207868
2019-03-28,3663570.4585647583,29216442991.50354,53576466303.74572,0.27417937447561774
2019-03-29,17113618.83535385,31102863428.383865,53598737788.97547,1.3046951186186937
2019-03-30,2290492.3453407288,24416165940.3454,53501192332.74015,0.17527826805113375
2019-03-31,6016625.772071838,24621109290.12339,53478542154.68872,0.46073500295057385
2019-04-01,4998514.303180695,23736771553.574226,53434822500.27503,0.38665439630715925
2019-04-02,20282804.6608696,26760775261.87076,53636008082.82133,1.8258340824437502
2019-04-03,15312441.457862854,28401861161.341824,53731461001.39443,1.441731323724538
2019-04-04,6120913.692810059,28557582361.970905,53743476015.80105,0.5568219088534585
2019-04-05,13324834.498939514,30266315949.73084,53825954870.366104,1.245234133166149
2019-04-06,3268406.596446991,30168337905.501865,53797171136.57169,0.31008754775758346
2019-04-07,3673731.289627075,29880966613.461056,53752330119.71205,0.3530839239331841
2019-04-08,9304244.44076538,31236980086.07367,53778151359.431595,0.9089666558773547
2019-04-09,5030248.547969818,31150194588.45701,53767676576.74936,0.48714500540761163
2019-04-10,10421763.62026596,32363649263.63959,53819421650.23809,1.039004067597721
2019-04-11,6926213.124549866,32454133673.505634,53675500373.45729,0.6532600086122319
2019-04-12,10474986.159046173,33522507946.21865,53601990312.24483,0.9918153774490734
2019-04-13,5850181.617393494,33845479419.422085,53481198598.66719,0.5553834270176314
2019-04-14,22402711.64397049,36735385198.94566,53695283514.44579,2.149630946970289
2019-04-15,4324561.767536163,36331751038.44882,53654873962.35204,0.40524595921395856
2019-04-16,4400971.172744751,36596180057.12238,53609044843.08582,0.4275597917182038
2019-04-17,10492810.98197174,37630734888.23298,53610247614.746925,1.0228486215091814
2019-04-18,5580754.210224152,37700933681.90894,53461323179.65533,0.5518035102464812
2019-04-19,14069924.46062088,39340864759.88207,52487561071.0608,1.4183432377969047
2019-04-20,3677503.5942955017,38448971400.5789,52169552673.430305,0.37487243683781446
2019-04-21,4439525.404724121,38641998152.08764,51953996631.56109,0.4514466294485198
2019-04-22,11487297.24213028,40322445032.27097,51960035838.83105,1.1881208720525118
2019-04-23,6544775.380702972,41193047875.00579,51769855891.43973,0.7039812356107121
2019-04-24,23593033.624462128,44854429782.588425,51877641649.0055,2.4685492744515094
2019-04-25,6106316.129112244,44531678870.47708,51737303672.27057,0.6263643558226494
2019-04-26,14735597.987197876,46406370508.17833,51249966874.19197,1.4718154801889538
2019-04-27,4572145.646846771,46707661536.60994,51205993014.94327,0.4633889799539379
2019-04-28,3740349.0204086304,45019273684.9891,51183897826.39156,0.3766492359406455
2019-04-29,11128640.312389374,46617595242.537964,51223075381.70849,1.1191683168186046
2019-04-30,3628984.9033203125,46431654868.615715,51094069549.519325,0.37306139886335876
2019-05-01,28737795.25597,50824727834.431145,51432399942.117424,2.9641431895392625
2019-05-02,5683120.853485107,48583562842.97696,51047203190.34591,0.601316035782805
2019-05-03,5324141.575622559,47006963267.610405,50991336585.374725,0.5916366417202372
2019-05-04,4099295.371570587,46786963923.012085,50880357873.74904,0.45843947527780926
2019-05-05,4261845.22397995,45364254009.00236,50817705851.37075,0.47905780921615926
2019-05-06,8835795.931648254,46489384223.013885,50833097406.69636,0.992183082822263
2019-05-07,11617875.53042984,48114763536.17431,50917799230.23658,1.3303886667946592
2019-05-08,7561167.8273124695,47979098133.92393,50936660723.97354,0.8797707524601414
2019-05-09,12710855.153259277,49695979832.155106,50984867847.353294,1.5239640568707307
2019-05-10,17954539.19406891,51636210390.19702,50916255463.445496,2.241435740174303
2019-05-11,14151281.341308594,53825396672.91136,51037820733.6781,1.9738234287732048
2019-05-12,8970441.290981293,54145300457.07145,51139631556.9294,1.2272359003700999
2019-05-13,20167323.143680573,58445866602.759865,51493474075.72709,3.082323703698358
2019-05-14,43089694.17876816,65979193646.10914,51458033962.53893,6.635015529315198
2019-05-15,19870181.19940567,70687298023.95685,51763501524.15409,3.1486771064889325
2019-05-16,11610700.31765747,72955406352.58598,51873411551.78542,1.7535827928993133
2019-05-17,5753002.833869934,72518564884.39334,50826582749.92857,0.8210255651269267
2019-05-18,4749598.606582642,72687120718.55699,50813102137.89382,0.6800769755030138
2019-05-19,7047217.926288605,72116086605.06403,50879713414.13371,1.1264677031942765
2019-05-20,13167313.706604004,74935310180.82007,51067603939.77681,2.0391329645094047
2019-05-21,11710448.782203674,77274846770.57529,51211314109.15792,1.8285130148927269
2019-05-22,14395567.87751007,78956669433.64072,51418398017.25137,2.1818937833698024
2019-05-23,6888668.996765137,79541553451.57979,51395522110.32598,1.050510344852951
2019-05-24,6369785.568035126,76980247340.54176,51304224139.75762,0.9984232717803057
2019-05-25,7407219.180763245,77885027914.2658,51397621109.73594,1.1586104339588452
2019-05-26,6476070.970802307,77217962227.70132,51512092594.25963,1.0758352304609828
2019-05-27,9194900.964252472,79130718461.20923,51680972045.8278,1.5694553849342394
2019-05-28,9161463.488910675,81147892545.89558,51804270300.50108,1.5402899816271227
2019-05-29,38176256.8402977,90269553633.68486,52635433142.22314,6.28810396214625
2019-05-30,5323838.184440613,91132182419.93025,52636913078.01434,0.853775155479215
2019-05-31,7631976.0124435425,88213768108.10526,52745643825.17647,1.2304441456899762
2019-06-01,4309747.944465637,88416720213.91763,52761587325.12196,0.6971751021803524
2019-06-02,3968784.1539497375,88564069015.78656,52807388806.828735,0.654999384968496
2019-06-03,22962865.7963295,94173399590.9374,53259555695.29401,3.5975794262407637
2019-06-04,29644188.138160706,100904278143.74663,53764074042.49501,4.20859057741759
2019-06-05,33626746.94586182,107974167503.70328,54393831321.020035,4.826510906056111
2019-06-06,7725663.402996063,107699426435.57715,54430464114.58028,1.093105340145557
2019-06-07,4618562.724693298,107439530353.9856,54463121650.157265,0.6796470852875505
2019-06-08,3441835.055355072,105753906328.79869,54423300422.59385,0.49850679906211837
2019-06-09,6630506.2027282715,103651018673.36258,54499675657.82743,0.9364988776992422
2019-06-10,11949534.244110107,103479292113.81519,54672166882.14144,1.7483823119230044
2019-06-11,6955083.038631439,103219261837.07802,54724311833.26852,1.004297388767463
2019-06-12,7920681.952758789,100082949663.19423,54835353234.898834,1.1786226713270176
2019-06-13,4066079.8316688538,89819097707.7835,54762329158.38565,0.6119041374269507
2019-06-14,26809194.1133461,92030899017.83401,55329301914.063324,4.145011477978402
2019-06-15,3691664.8913841248,90088332003.93922,55361335775.39326,0.5904357442162763
2019-06-16,8309194.871837616,91178191467.84473,55535568134.218185,1.3401448881016915
2019-06-17,9405266.365699768,92947841223.86034,55730453098.88298,1.572682593174356
2019-06-18,7276884.973266602,93242329250.35478,55836579298.16988,1.1846892401913987
2019-06-19,17876783.317207336,95262479217.44211,56236745491.39268,2.9293681948565653
2019-06-20,6259170.602462769,94130772735.9009,56330109416.229836,1.0596350784811543
2019-06-21,13273867.064540863,94834707377.02705,56437109626.0242,2.3620543841066755
2019-06-22,13835778.050712585,97964004166.76361,56776954210.19417,2.6044093665306725
2019-06-23,7903012.429058075,99124130968.53043,56961344756.89751,1.5102721984869307
2019-06-24,10486886.780231476,100970601449.8732,57169404190.14355,2.0105847903607112
2019-06-25,18281981.078479767,106172090517.93114,57681843716.52096,3.666026992629657
2019-06-26,30126241.570159912,116901471421.17577,58700910980.04925,6.865181480918839
2019-06-27,22887170.57335663,122526939728.15785,59144364999.58811,4.202558396908286
2019-06-28,29958729.555789948,123791240658.174,60046323376.76225,6.143691784035979
2019-06-29,9048521.727115631,125889046341.36473,60278457517.87207,1.789598864749742
2019-06-30,33572602.40901184,136016058655.98552,61231558717.51913,6.021583409217829
2019-07-01,6300602.5520401,136951646239.13197,61227889773.338005,1.0591854915963943
2019-07-02,10982797.255771637,139745220569.28473,61448886729.693695,1.9267401477207844
2019-07-03,11138605.689613342,137675262191.38742,61704458977.85823,2.09882288295676
2019-07-04,19066444.491653442,137448780072.28162,62191827472.86756,3.529024966204806
2019-07-05,9887530.51512146,132342206896.1075,62439634141.25712,1.751054859810797
2019-07-06,2372440.1378097534,131256748494.94466,62410389272.13127,0.4315704367412285
2019-07-07,3615068.9439048767,131403930043.5727,62475532992.40716,0.6631579813663534
2019-07-08,9104604.516590118,134216512864.82236,62673704947.39508,1.7791810779201143
2019-07-09,9800508.010696411,136610272396.32014,62933287073.173416,1.9520936653224656
2019-07-10,15950516.929512024,139865034179.7164,63371169460.626816,3.0491894765044982
2019-07-11,13412969.997779846,143162007933.19086,63700926357.361786,2.4154860043522572
2019-07-12,8208716.080509186,144214843720.70886,63897749306.46481,1.5057692200855424
2019-07-13,3691757.566898346,144483698224.0135,63890901757.03916,0.6507175473026
2019-07-14,4431098.40953064,138360109701.91312,63982499316.84216,0.7132096483655449
2019-07-15,6178836.026481628,139510685100.75906,64114300376.15335,1.0481994353903215
2019-07-16,9068879.599262238,139925459461.36304,64242245272.89956,1.3522089427602957
2019-07-17,21854922.79807663,144127156230.4308,64740686146.14913,3.3008179136061924
2019-07-18,12030621.82654953,146182890603.08398,64973456998.06473,1.9672806679662806
2019-07-19,17398387.40884018,146757604948.85785,65342199988.11655,2.7850235227929443
2019-07-20,10188007.099300385,148455172583.81137,65554788621.77442,1.6873883859032537
2019-07-21,5992733.30739212,146110203762.55603,65585789047.28213,0.9599405373534822
2019-07-22,4862416.233486176,142836193789.6232,65636708637.89594,0.7564384806989146
2019-07-23,3706951.1828346252,141202616615.38882,65607660483.44117,0.5642606347331017
2019-07-24,47047246.084747314,152600126134.5836,66715138043.54068,6.848059278785576
2019-07-25,9682115.809352875,148738908781.80753,66842391299.23206,1.430629180186549
2019-07-26,6714405.501491547,137511360801.548,66935733576.09006,0.9884999241891952
2019-07-27,4373060.800060272,130602006368.8375,66972841569.607544,0.6163246744519876
2019-07-28,1958570.5974693298,118927765842.06027,66951659644.9577,0.2789906611295147
2019-07-29,262289370.5003128,198473316163.05612,73628338962.7048,33.87609721898168
2019-07-30,6147383.7889328,188149375661.76395,73695815974.78787,0.8004894480763715
2019-07-31,4398530.902687073,187460491853.16748,73731589052.18417,0.5992706632135161
2019-08-01,8609424.846626282,186484293514.76962,73908710628.4334,1.2056777365647922
2019-08-02,4054941.1150741577,183586902894.1703,73909851000.3943,0.5761750468822782
2019-08-03,2237553.56167984,177079141468.83008,73899927610.74185,0.3280607961234446
2019-08-04,7647766.859363556,176228551853.87625,74032696000.27498,1.1321691750754264
2019-08-05,30991895.812438965,187492544651.51892,74973393423.66684,4.866449899404861
2019-08-06,20558070.77809906,194052400419.5931,75498820567.63768,3.1553714295819497
2019-08-07,10413852.262599945,194453453999.47336,75776830076.93135,1.630306746752802
2019-08-08,10971119.444877625,194658329256.10785,76039176276.66272,1.6964666774288428
2019-08-09,4212902.474868774,189878383052.4698,76007698187.63493,0.6556219713556871
2019-08-10,4457889.939430237,186432664833.08676,76011888853.1489,0.6643322546101765
2019-08-11,6917911.7480278015,185890988429.9683,76147709877.87164,1.0501297041383615
2019-08-12,5259177.501621246,186505430341.8031,76279519842.70305,0.7866880699443292
2019-08-13,9868942.614189148,188561131707.32947,76296260748.46185,1.40641200174764
2019-08-14,9282442.897312164,189434253364.86578,76406118965.02193,1.2223919294157044
2019-08-15,3985944.793395996,187893390240.1951,76368673394.53552,0.5321952446512165
2019-08-16,4337657.706905365,182278466774.58392,76267900811.94884,0.5932969456390306
2019-08-17,2775174.440574646,178959664742.23132,76051171308.78969,0.37155200145335887
2019-08-18,2025539.968082428,173594663293.82733,76080681758.60094,0.2764107794479461
2019-08-19,7108025.619308472,172463139755.22128,76089683309.04733,1.00763571969587
2019-08-20,6626707.094924927,172737790188.02957,76112149366.4549,0.9354350278856622
2019-08-21,5906200.068367004,173071559860.013,76006160497.73882,0.7849787692065362
2019-08-22,3646217.430988312,173070624827.1099,75798784240.88588,0.48802589027138576
2019-08-23,17155652.04590988,163798098932.18283,75962268935.7203,2.3523973911038545
2019-08-24,2895672.7917022705,161587829272.22647,75952243377.54463,0.3860134258536707
2019-08-25,4760754.1707725525,160975066043.84274,75677861769.5484,0.631400909020253
2019-08-26,5664820.152095795,161550704590.8862,75613152273.76984,0.7742855499112224
2019-08-27,11723305.842567444,164899921247.991,75535591565.61969,1.5774734139428315
2019-08-28,5171953.8303489685,83429093032.19522,75380228363.45334,0.6648417414870745
2019-08-29,4811778.951358795,82984001863.73804,75093705264.83792,0.607773818597963
2019-08-30,3424825.252510071,82602378126.773,74857029037.97617,0.4373198693943621
2019-08-31,2093334.5128631592,80300929607.79588,74823722334.56334,0.26818541964369647
2019-09-01,3375497.534225464,79973030797.299,74858177208.21446,0.4374678728713948
2019-09-02,5397352.434387207,81008511850.90286,74946356175.7161,0.7379691757646998
2019-09-03,6730395.115653992,80605547767.64474,75067037169.92189,0.9555274400817573
2019-09-04,7616221.527107239,71149302691.44826,75204530475.17834,1.0792821933186512
2019-09-05,9247272.856758118,66459187239.24369,75381621932.93442,1.2937285683092052
2019-09-06,89994531.4029007,93304423154.55563,77809039191.74472,11.938157371307998
2019-09-07,2997542.8973236084,90053417886.55186,77825234832.0771,0.4043389108979997
2019-09-08,3082053.538002014,89457437744.76628,77869874681.36116,0.410337281280686
2019-09-09,7604737.378196716,90382683919.29753,78008219595.30255,1.0031575536642598
2019-09-10,3864287.2373428345,89010834865.77217,77983783184.96622,0.49766116561762674
2019-09-11,18562464.892421722,93270078773.1391,78349856763.9212,2.3967562063089325
2019-09-12,6515334.674575806,91938654991.64491,78432254137.79208,0.8588464541888093
2019-09-13,4513307.5798454285,90373830521.08473,78111729185.9031,0.594705680544547
2019-09-14,3225171.1193466187,90133926612.23955,78146295908.11676,0.42799120760455583
2019-09-15,4670476.501289368,90229049495.06888,78229643316.26503,0.6148973336416633
2019-09-16,3826532.964027405,90586007968.02528,78290434062.73245,0.4977072814556425
2019-09-17,6797615.867355347,92200336098.75543,78401144389.4126,0.8859483494619876
2019-09-18,14583614.700885773,94585937492.42918,78748223676.05635,1.882438964243299
2019-09-19,4385091.082683563,93698291698.89037,78798960022.95111,0.5655987940183719
2019-09-20,5940100.56003952,93722504839.45613,78862580830.37921,0.7657575481392244
2019-09-21,3478676.352291107,93648199337.95605,78785759399.42903,0.4412295366654337
2019-09-22,1499341.517211914,88192155210.98367,78769502135.65114,0.1905828912272871
2019-09-23,5964781.8606033325,89152504550.35863,78870301518.10641,0.7370209664450401
2019-09-24,33129764.169898987,96864660480.6089,79564699218.43661,3.5084371758276744
2019-09-25,10417747.4766922,97827019235.24112,79608896003.96342,1.09807996613131
2019-09-26,10368479.664615631,96645678207.01762,79773454886.56563,1.049411195410105
2019-09-27,7303494.287067413,96949882073.29747,79862383015.9031,0.7418015347156661
2019-09-28,5022086.269023895,96796297594.99588,79764090596.78053,0.5144226348653312
2019-09-29,3105502.2745246887,96533491350.66621,79773005118.09026,0.3115374529950101
2019-09-30,7184900.581653595,97845816023.93532,79839072003.45076,0.7444521846283768
2019-10-01,4033722.6909217834,97872335477.36398,79812258127.43866,0.42028169532062637
2019-10-02,3373811.726551056,96964784376.1025,79740411584.82802,0.3521623114002013
2019-10-03,3710275.297428131,95588191401.59213,79735548046.36649,0.38164689867675455
2019-10-04,4184976.9156570435,94024511918.83105,79746289207.44937,0.42956890479008897
2019-10-05,1987782.7671775818,91311507412.06499,79732359806.4441,0.20234221909778596
2019-10-06,2225702.4664726257,60933495094.56642,79704773443.5445,0.22026516729011972
2019-10-07,7063260.271121979,61821693255.58647,79826118724.67131,0.7280037718409543
2019-10-08,11684190.499324799,63941909022.65715,79967603384.97427,1.1949762358451927
2019-10-09,3283306.403026581,62274780763.08691,79918000959.6057,0.3533707876664067
2019-10-10,3753314.2615089417,62054630548.089,79849827275.70879,0.40331951975257896
2019-10-11,5386677.170978546,57286684607.98816,79785713386.71056,0.5608413506618098
2019-10-12,3179290.3828163147,55922983083.14567,79775461020.54205,0.3315583172649148
2019-10-13,1330575.5412254333,54745558227.99673,79738596488.09166,0.1395904104132041
2019-10-14,77893810.63787079,75297493537.8561,81449358446.38832,7.980467854503303
2019-10-15,14855761.474079132,77737633380.08105,81567497771.34196,1.4872025950056642
2019-10-16,6162821.732250214,78077007136.54135,81522698866.48949,0.6028619326703368
2019-10-17,8044268.393222809,77926492077.05138,81602816143.43307,0.7958538167222052
2019-10-18,9785879.89504242,75579990919.01602,81731279218.04889,0.9524344977400534
2019-10-19,2667347.2451934814,74802217857.68861,81578989739.07364,0.26030482832627333
2019-10-20,3523018.9543685913,73755167279.35204,81365627979.35898,0.35614669125218906
2019-10-21,34615871.0789032,82062527607.18588,82088373713.80603,3.4594839817480545
2019-10-22,3759051.0278778076,82576776702.84854,82055258059.22156,0.37096455543965834
2019-10-23,5855397.519302368,82099798386.83696,82071021684.94432,0.533924343437023
2019-10-24,9556357.45521164,75170537707.0912,82196253616.04791,0.8670702750279937
2019-10-25,12789274.24874878,75944676533.30632,82416482169.23155,1.342463251307544
2019-10-26,7853414.622440338,75540771659.15163,82446383467.96135,0.8684190551267424
2019-10-27,4954083.053050995,75157884667.5441,82535077629.54478,0.5786076648933334
2019-10-28,13977947.522483826,78133443275.01848,82840727027.47392,1.5728883189720275
2019-10-29,10499378.983005524,80567619755.27184,83038597371.03291,1.1786997413083975
2019-10-30,4957461.906730652,80104295449.80702,83103374074.09247,0.547951787939773
2019-10-31,13568402.285766602,83146072424.3548,83309605874.80768,1.4979898065673003
2019-11-01,36288584.49770355,93349787020.61322,84127064219.30797,3.972479114120427
2019-11-02,4712619.896694183,93797855045.88559,84116744133.38725,0.5215711311268485
2019-11-03,3819311.863998413,93824214952.90976,84176527167.70099,0.4163550636487932
2019-11-04,4867602.151390076,94802313583.99283,84230352747.17068,0.5399025418560681
2019-11-05,32186001.88847351,104240981728.58571,84970194776.68854,3.5390789721556666
2019-11-06,20751964.36682129,108748657104.79414,85413565127.61784,2.2636214343747247
2019-11-07,10707186.262130737,108849763386.73186,85565147037.41942,1.1522515598267238
2019-11-08,5237483.2043533325,109444198719.71971,85609428250.48708,0.5381854297945716
2019-11-09,2395836.059528351,109073471108.64638,85551518846.78966,0.24643823910036725
2019-11-10,1715495.337097168,108098875012.80865,85531353407.7431,0.1813281769347471
2019-11-11,5380788.527862549,108779609895.56693,85611031019.93684,0.5475026236611531
2019-11-12,5522941.8445625305,110022987961.42006,85630449687.48311,0.5655941964791371
2019-11-13,36930543.28629303,99133591916.40501,86377913719.49055,3.7431108437145895
2019-11-14,3931835.868976593,96222144924.7295,86238814988.02228,0.3938364019509182
2019-11-15,7775819.698886871,96778164649.90022,85745243796.6205,0.7677104948982616
2019-11-16,1535641.9724845886,95047240932.98276,85656915087.00679,0.15195738910613651
2019-11-17,1973594.1178970337,93012761548.24333,85648821140.05678,0.19625849026017628
2019-11-18,14568396.102779388,96263060528.3565,85924033284.2895,1.381969278951058
2019-11-19,5770298.367259979,96856281588.83345,85877421072.33902,0.544668556842347
2019-11-20,4392369.235771179,88574264885.24193,85733119884.65706,0.41434293876982314
2019-11-21,8612828.210597992,89741116307.39648,85835521603.81787,0.7624481539720916
2019-11-22,24555343.859336853,94213103837.56587,86228039229.7791,2.064054150635901
2019-11-23,13775911.386375427,95200989047.21103,86425169199.17458,1.167559004552759
2019-11-24,23989385.878601074,97077690304.37598,86782201353.90619,1.923690961103634
2019-11-25,13020892.121681213,97811581476.05373,86933868836.76639,1.0768501026449766
2019-11-26,8973650.05770111,98352223084.14839,87017725383.22736,0.7351913245274524
2019-11-27,11623710.201057434,96922879430.17627,87139728560.4774,1.0032037476089857
2019-11-28,2719257.1417427063,94343267717.74902,87011241366.73459,0.2354778709646673
2019-11-29,4552430.172252655,94001710901.75758,86580684748.3637,0.40759596705142237
2019-11-30,7455595.073322296,91709049278.49594,85584495404.10974,0.6545238296639184
2019-12-01,3133329.2665290833,81337810807.338,84958795343.52509,0.2713768635196101
2019-12-02,6373200.936130524,81426353519.00789,85056446425.24036,0.5470384514047542
2019-12-03,7497429.421970367,82090614863.00739,83669838719.52151,0.6570487584052305
2019-12-04,10282369.308494568,83089153319.63661,79630897947.64351,0.9472747035717637
2019-12-05,4699852.420246124,74222153156.23636,79101874625.08914,0.4387535043465868
2019-12-06,7221867.038524628,69582930220.54301,78755459418.62358,0.687790905396307
2019-12-07,1875927.2907562256,66765920303.97751,78681848328.62071,0.17897745087136632
2019-12-08,2206997.3309631348,65783910348.84536,78680301332.5658,0.21115130473725138
2019-12-09,4609736.305095673,66217640219.59399,78747405496.73997,0.43296743002961774
2019-12-10,3732625.8928756714,66598984660.44412,78738578707.279,0.3422664982292911
2019-12-11,7240528.066520691,66772377819.43968,78730972761.45444,0.6614176993010963
2019-12-12,5562135.486732483,66492105083.02571,78784411226.00984,0.5080180542049465
2019-12-13,4499836.396980286,56800491839.657646,78803572026.3165,0.4133531940525321
2019-12-14,3801467.7640151978,56564967504.163506,78814513876.17311,0.3412855477460621
2019-12-15,4081405.375152588,55338692748.23159,78860813851.61922,0.3682346079633049
2019-12-16,5883353.2124938965,56275178830.998566,78938298369.60968,0.5207964259126224
2019-12-17,7614175.060043335,57403879128.954765,79029841124.74771,0.6411542342368493
2019-12-18,14877819.465099335,56954840613.61033,79169208947.05502,1.329724273644383
2019-12-19,7271067.109134674,57127277850.867485,79175404565.88795,0.6561109274193668
2019-12-20,23677534.668807983,61615836619.54514,79568182571.06616,2.138790536672723
2019-12-21,3469034.4510421753,60260737070.185165,79548168241.7215,0.3116620917772448
2019-12-22,3016506.3942832947,55077787678.41542,79582447385.44931,0.2826108175763495
2019-12-23,6091286.008968353,53207623557.06944,79664041559.1193,0.5623812199493403
2019-12-24,6681680.321388245,49248972314.41591,79721743526.0381,0.6043846624333022
2019-12-25,14165498.344482422,49517257550.280685,79969674073.66052,1.271273189915685
2019-12-26,15624063.011440277,51174642604.68318,80250370225.51619,1.4167688958247981
2019-12-27,5437882.571762085,49573202786.17079,80290702730.81812,0.49041428662219955
2019-12-28,3711682.3092689514,49794659919.75944,80278020215.35538,0.33798710782731733
2019-12-29,3240698.100215912,49416682734.22676,80205479348.61081,0.2986157873067814
2019-12-30,10881899.860584259,50169816899.18027,80373865350.49353,0.9780681356750809
2019-12-31,5168728.427307129,50633494423.95505,80419005543.06345,0.4596696626915963
2020-01-01,2099992.8884277344,49586518009.37321,80425880790.66734,0.18799737284013956
2020-01-02,7275518.828155518,49440345646.926704,80526837337.47586,0.6282376713891926
2020-01-03,4224374.88142395,47959105326.100876,80556833243.68321,0.38476097403149934
2020-01-04,5062269.671413422,48036306207.92363,80617887905.82095,0.4592312216126864
2020-01-05,2980656.246635437,46964260973.74667,80654435166.07712,0.27284217746755807
2020-01-06,4882170.940673828,47740537667.8028,80715926278.33243,0.4629888943666829
2020-01-07,6451399.6329574585,48929550057.99948,80741022995.06201,0.647549635240433
2020-01-08,6212823.43706131,49458154056.346176,80811989755.95535,0.6181407224432697
2020-01-09,8505429.832447052,50777257062.874275,80939038324.66147,0.8218860661365921
2020-01-10,6442143.165473938,50785334665.9899,80925219239.8529,0.6464781615979015
2020-01-11,2185272.5463371277,50040442174.051094,80410308106.96628,0.2198365974551503
2020-01-12,3388737.2699394226,49874455728.324104,80458792110.2301,0.3429595958911806
2020-01-13,5025504.629981995,50336443840.54267,80520450232.39183,0.5061807005238298
2020-01-14,21954442.304641724,55802312264.75731,80755729123.06906,2.3901131931408646
2020-01-15,13786637.588722229,58466042452.12598,79616182613.17773,1.5200765134341625
2020-01-16,12191284.057762146,60310490659.52021,79636105670.5547,1.3311017985805293
2020-01-17,4230077.031887054,58057599210.455345,79682713583.27075,0.47295672669071104
2020-01-18,3485405.0799102783,57360021140.93059,79735832441.2474,0.3890409754691259
2020-01-19,5350121.304782867,53232116502.06169,79825347301.7873,0.5805491401368371
2020-01-20,4135634.04605484,53597383473.6995,79903226616.4423,0.44741819791593745
2020-01-21,5524876.302429199,54443957483.824936,79911777106.31824,0.5992618680019987
2020-01-22,6508729.567584991,54827880651.24668,79990247081.59056,0.7040765337719087
2020-01-23,12798277.601478577,56779205391.41397,80250539471.17918,1.3298644714148662
2020-01-24,14151253.148967743,57377966389.983246,80546461549.47856,1.4851817238393958
2020-01-25,4085307.032550812,54722222365.43922,80610663446.67412,0.42207700846082863
2020-01-26,3393826.559604645,54379949669.01394,80662251051.37033,0.36085686216261753
2020-01-27,5045759.906562805,54963123705.16349,80758086507.47531,0.5526153341318516
2020-01-28,5808382.714694977,55938975944.993706,80843528884.4234,0.6583852819315145
2020-01-29,19262368.426761627,59301651122.614716,81277397323.06389,2.208379917180904
2020-01-30,6451256.761650085,60107920855.56135,81275813294.64093,0.7524288796554534
2020-01-31,13099900.245182037,63672632462.74594,81560754242.80891,1.4965678486635563
2020-02-01,3788753.416191101,63170380794.6178,81608826485.36032,0.43527697014195144
2020-02-02,10788597.7122612,65511126304.9492,81862092980.67845,1.236439080021625
2020-02-03,59974536.770713806,82848246543.82227,83363750062.58336,6.683190930047655
2020-02-04,7719865.744415283,84471495286.81046,83510588444.99292,0.8466398730904084
2020-02-05,6437214.942966461,85294858998.26581,83631818048.70578,0.7421994434331082
2020-02-06,23704592.931770325,91250048587.13657,84158436197.19928,2.7441040743007536
2020-02-07,56510638.41988373,108036108640.23541,85622116052.6959,6.464859884823661
2020-02-08,10232846.02664566,109187699147.10794,85852747960.62286,1.177252742778455
2020-02-09,7650451.536907196,110025364996.99773,86018867495.55745,0.9003415728738863
2020-02-10,29655065.816890717,119173704330.90118,86795417452.21815,3.3656996777794066
2020-02-11,9178332.734607697,121397863425.15648,86994155299.11119,1.084197982397556
2020-02-12,6806541.503376007,122388364254.85933,87128234597.05019,0.8088413947801671
2020-02-13,11740783.18743515,119954119347.82149,87325428631.57913,1.374032607315843
2020-02-14,6592890.574493408,118197538260.0522,87465586817.49101,0.7811673039942912
2020-02-15,6076618.592147827,116669763656.51749,87587705611.11642,0.6869745584059036
2020-02-16,3336703.6835403442,116511317760.8902,87624941283.39688,0.37584160444509385
2020-02-17,4808885.824825287,117028739630.53096,87725854671.88237,0.5305523929757311
2020-02-18,8028278.780784607,118184742867.25468,87879719135.93193,0.9219719252125039
2020-02-19,12932246.969745636,121264314076.03857,88137221922.47029,1.45383858407325
2020-02-20,16044742.597953796,124794537860.44046,88308662008.5504,1.7415595577844603
2020-02-21,6753951.534778595,125104795960.13773,88364393716.6664,0.7426860088251225
2020-02-22,3138503.1532936096,122559457696.82707,88380267217.64432,0.343540411351191
2020-02-23,4258815.413406372,119983608652.80429,88413528099.2361,0.479006575158955
2020-02-24,4494168.146499634,120290292975.06306,88485096635.99469,0.4884939836048606
2020-02-25,22666129.51593399,126386022851.28542,88979223163.24686,2.3823474240399976
2020-02-26,6990227.19348526,126941779861.83087,89078887238.74649,0.6881638194608811
2020-02-27,5165150.184501648,126692283695.67227,89167665063.73598,0.5129808494980334
2020-02-28,8492513.103855133,123152337240.13158,88793184124.91641,0.8254347338153358
2020-02-29,5800350.748802185,122779196438.70726,88879400314.81656,0.5621105106546759
2020-03-01,5617040.323741913,120301855254.75543,88880907234.98611,0.5371341098911582
2020-03-02,15938935.734336853,123837491938.07634,89249074914.09314,1.586476312110841
2020-03-03,19979661.905475616,126282189241.4228,89649964384.29317,1.9471107571867798
2020-03-04,7619551.8917274475,109931667915.78018,89763296739.5235,0.7421766018360205
2020-03-05,8874082.280082703,110262065240.07039,89940971822.0151,0.8963135720949399
2020-03-06,6065908.306602478,110037225627.68073,90038794085.67664,0.614471806282883
2020-03-07,2678882.32037735,103133498947.048,90028458427.69331,0.2646686131549182
2020-03-08,4238939.9366874695,85835408571.37607,90100760153.2565,0.3839287481458814
2020-03-09,17225933.70796585,86999466292.31615,90394447535.76247,1.5044299550158842
2020-03-10,9604971.929954529,86952013427.96593,90549263477.60466,0.839573659768937
2020-03-11,37621940.51697159,87100360056.21199,91273176304.61505,3.2493413662875392
2020-03-12,38131984.563697815,90857847822.56296,91782577593.85896,2.2558041632081776
2020-03-13,33384644.623840332,94460186480.25508,92216905416.77496,1.9361209500584387
2020-03-14,14780488.726985931,93066771389.27554,92352405865.80222,0.8465998576349756
2020-03-15,7079812.899654388,92054181146.01546,92363625327.90746,0.41084950069873744
2020-03-16,16367521.098327637,92765879193.93683,92545908246.63216,0.8808759713543645
2020-03-17,17153267.34868622,94735913930.97957,92732855144.42516,0.9924652971086038
2020-03-18,5153028.902648926,94107597379.58133,92733675647.4317,0.2986365566415244
2020-03-19,8795322.717975616,93227674081.55424,92814161921.1952,0.5885409485726613
2020-03-20,7004341.459384918,90407271716.77608,92806522181.09122,0.46898883782800527
2020-03-21,3476998.684085846,86000227549.28656,92817261400.84746,0.23253723505427434
2020-03-22,4396616.965042114,84675275702.56609,92857143720.85527,0.27869092730079376
2020-03-23,8070016.908172607,85383341489.73148,92970232063.68935,0.5550611827545855
2020-03-24,5746270.824138641,85264305133.22441,93026556757.31097,0.41686559138689766
2020-03-25,12002913.593219757,86489925806.86533,93130403681.43312,0.8589360122203897
2020-03-26,7846769.92874527,81180706044.54454,93222220351.98888,0.5653462235443655
2020-03-27,7457332.812088013,80758219946.50987,93315197673.40456,0.5210971583073645
2020-03-28,3613281.306362152,79985302953.61821,93185399819.23471,0.24203142154406584
2020-03-29,5580188.553543091,78637707223.72234,93249749161.90631,0.35244176741781474
2020-03-30,5944536.492408752,78242383969.25017,93286628370.6352,0.40842238731259717
2020-03-31,4690418.372714996,77660914727.82251,93313028591.77364,0.32468016747904055
2020-04-01,7889508.145183563,74632534912.25487,93183740090.83704,0.5445171948724451
2020-04-02,6355552.625473022,70259307378.09027,93090302429.50536,0.4658013012898685
2020-04-03,3427868.0116882324,68810670429.07414,93071769731.34018,0.24885215076612996
2020-04-04,3283229.078853607,66868120357.29306,92949339307.56815,0.2403331938071061
2020-04-05,2300060.3831367493,65544787767.23055,92946447498.96938,0.16812178578053188
2020-04-06,5022912.862487793,65970405522.95564,92994713680.52847,0.39353032511081265
2020-04-07,10130236.44347763,67268348937.231026,93062242524.58449,0.7901225296765088
2020-04-08,4092749.3221969604,63736241468.83875,93072752758.80753,0.3226389001941608
2020-04-09,7585626.6926651,63043537040.69398,93070898089.41731,0.5935436835460444
2020-04-10,12456401.188732147,56015431607.71827,93209721340.30373,0.9198026040305144
2020-04-11,2350458.7049484253,49650088035.431435,93108132121.73944,0.17273693619554759
2020-04-12,1686966.2880058289,44095572625.88284,93059378831.0046,0.12795722892307426
2020-04-13,4100113.0420951843,42423668629.171425,92819936010.75226,0.30196545011242293
2020-04-14,3752946.2467422485,42021474473.294136,92831273829.40158,0.278803937560316
2020-04-15,5043428.296295166,40428456498.283676,92860889871.93304,0.3632414853856069
2020-04-16,7847482.653762817,39217057538.7582,92863237828.02994,0.5997224859853729
2020-04-17,6026815.815570831,39711041649.32669,92898890000.91806,0.4576285991866597
2020-04-18,2539426.6573677063,38503060902.22441,92745301330.15482,0.1982365922728512
2020-04-19,5847446.061786652,38445612931.14031,92806246142.5072,0.4504199403115357
2020-04-20,5385689.533130646,38951042992.938774,92842662346.67082,0.39579187257908705
2020-04-21,4758462.808494568,39178857720.20275,92763150243.15103,0.3526495728340433
2020-04-22,5989407.70565033,38879885481.59147,92780109127.24434,0.45952737297850177
2020-04-23,8680880.386497498,39760054595.46089,92607840988.50598,0.7038782387929359
2020-04-24,5453366.0658073425,38460737316.093124,92631422183.81252,0.4427605471951762
2020-04-25,4196729.024051666,37759916697.19718,92511552915.46988,0.3424243855087441
2020-04-26,4508558.27123642,37293637240.394745,92541442251.79784,0.374296096836065
2020-04-27,7805920.565639496,38558428201.78219,92654371423.35469,0.6529376077746044
2020-04-28,4320714.384731293,38578624564.17795,92589011845.87672,0.3615007505801939
2020-04-29,22756545.24087906,43941459430.6635,93081954772.99529,2.137744033667131
2020-04-30,11840487.019721985,46376560697.67117,92947425813.4098,1.1119181285219966
2020-05-01,5838952.629123688,46391811043.71106,93003596107.33574,0.5504911776109679
2020-05-02,2963471.0632095337,45828125711.21265,92993411671.44527,0.2844397636214567
2020-05-03,5954185.308292389,46821517553.41438,93074609755.75682,0.5690366629340607
2020-05-04,4544425.120674133,47419216733.724,93118240353.43568,0.43245863360916853
2020-05-05,5479902.598106384,48534686630.80874,93114554546.18541,0.5272045802858492
2020-05-06,14738950.19593811,51853357249.10085,93301995355.56354,1.4593081095229752
2020-05-07,26226174.33152008,58152447645.764206,93898408237.88643,2.7956095455394356
2020-05-08,16996196.17199707,62756306074.30205,94146204230.76482,1.7859949300997324
2020-05-09,9522116.203582764,63979301582.88417,94085398735.39162,0.9771070769327939
2020-05-10,6105762.681499481,62882525825.77796,93954142914.51195,0.5623091229160002
2020-05-11,13315708.229537964,66183999163.75671,94097614207.22043,1.2234891881895098
2020-05-12,4994759.268722534,67256309404.38421,93783524814.69975,0.46998582689690727
2020-05-13,5409816.120258331,67987617559.10256,92985011948.80652,0.5373732535083576
2020-05-14,6895285.611831665,69370130558.20995,92723013489.75114,0.7264336232239004
2020-05-15,7758499.2904930115,70655510927.54753,92671857371.24496,0.7800894543618972
2020-05-16,5413738.305168152,70490254184.82503,92696527359.57228,0.5473179094228808
2020-05-17,3397833.6419677734,70174238532.15845,92692351739.0223,0.3563694166496345
2020-05-18,7097602.801509857,71857683830.90057,92724062745.977,0.7429449207375399
2020-05-19,4387566.32012558,71885725046.60837,92555595309.5583,0.46072871312271635
2020-05-20,6346139.0645599365,72675116892.32487,92464602356.67763,0.6535271338086023
2020-05-21,8443478.98947525,74135928183.37003,92366924934.90959,0.8286215449228942
2020-05-22,5247390.566268921,74315988761.22876,92350610659.54424,0.5201570060511456
2020-05-23,3775199.8143692017,73298151296.12337,92305202957.45789,0.3753799238837467
2020-05-24,2929555.926376343,72809249740.16821,92214234936.62642,0.28570960343621415
2020-05-25,3935184.9958000183,72925313693.26102,92158732487.98163,0.3815170771463157
2020-05-26,4927955.217433929,73219304225.61044,92055572588.59793,0.47208023782683384
2020-05-27,5148120.891136169,72773061716.37466,91966029163.39406,0.512257066859456
2020-05-28,7823741.600292206,74136033982.42781,91262969134.81448,0.814790116564274
2020-05-29,7464710.633735657,69845830207.30096,91332391577.4367,0.7694891044723396
2020-05-30,4008450.357471466,67685816869.82405,91260196944.50998,0.42241337327505496
2020-05-31,8085022.303340912,68532356999.77848,91369264884.2558,0.8382891461241633
2020-06-01,22590182.557540894,75101267379.09795,91886880030.0736,2.4325380874898315
2020-06-02,10252846.439281464,76592981588.1705,91629643892.5157,1.06640479500394
2020-06-03,5869973.575618744,77132412350.97395,91164388370.46806,0.6192408119059786
2020-06-04,6442077.854839325,77601034368.35506,90618132644.64992,0.696870243586806
2020-06-05,5498279.436511993,74837001959.0335,90600974165.71062,0.5875807260089024
2020-06-06,6577199.25056839,68205810596.96926,90673718942.78918,0.7010581043772479
2020-06-07,5198634.781707764,64279184703.00533,90737323001.24754,0.5548528980149627
2020-06-08,15096188.666439056,66114480449.99296,91000203812.92287,1.6152752981982859
2020-06-09,6381810.75069809,66425276965.79409,90908607422.89377,0.6837104750871481
2020-06-10,7489958.831977844,65052686903.252266,90960635445.53613,0.8129858743674385
2020-06-11,5506568.665031433,65286699166.051796,90923559020.41408,0.561980809966503
2020-06-12,3757584.471824646,64803371254.15803,90928924843.02908,0.3900609305879147
2020-06-13,2675503.625022888,63402458385.3577,90369990972.01337,0.28028915693300127
2020-06-14,3906469.9274864197,62211914563.99343,90380644978.92065,0.40468868106706507
2020-06-15,6323874.890346527,62506291549.43347,90339932845.73027,0.6593515984799446
2020-06-16,5782906.391479492,63237742256.65454,90250425796.51224,0.6091521458048881
2020-06-17,4334534.593029022,62300655450.97886,90180911474.79543,0.4521607356829437
2020-06-18,13744868.21055603,65177640330.95518,90082868825.73744,1.431488232996044
2020-06-19,4948662.838207245,64697159655.35302,90045401281.5641,0.5110056219858041
2020-06-20,4173706.084690094,63443074011.13231,89786790685.65796,0.4334118016196846
2020-06-21,4805866.075653076,63333183109.03153,89504241805.48407,0.49986558382196283
2020-06-22,7628108.920951843,64626689850.09431,89469796838.13435,0.8210002133459527
2020-06-23,9674260.596099854,66856213558.96697,89410312644.22314,1.0427455290541534
2020-06-24,18464233.331287384,71397024545.68983,89300507887.52342,1.919187963296617
2020-06-25,4132199.7525253296,71223922045.87155,88301253461.86058,0.4333408655732124
2020-06-26,15346792.418197632,74336907362.6944,88005204585.41074,1.596494304132655
2020-06-27,5778051.890640259,73585106147.79977,87136437531.22206,0.5945403585492648
2020-06-28,7908118.728919983,73647506902.56006,87038566418.08289,0.8289578495637688
2020-06-29,6596229.319343567,74378163223.50615,86194068552.79933,0.7015473138783082
2020-06-30,11993268.28294754,75478773643.45537,86316700013.37825,1.2698837608864004
2020-07-01,5969923.937049866,69868394501.5542,86143579257.3834,0.6408714570795578
2020-07-02,4310861.9858055115,67915321685.44018,85895950152.30084,0.4554592743743422
2020-07-03,5032082.516876221,67556372662.30215,85419806939.51083,0.5348202110741213
2020-07-04,2620909.304168701,66248612295.46066,85185782403.50087,0.2807542349136335
2020-07-05,1942414.6956558228,65060424420.95152,85160180406.20433,0.2065489981142211
2020-07-06,5558829.214653015,64669137548.0259,85188667504.79904,0.6084018080007977
2020-07-07,8466969.568050385,65599930006.7991,85097603862.23192,0.9197631523829047
2020-07-08,14693802.232048035,65325847326.27851,85141209971.54958,1.6298558709792348
2020-07-09,5447947.012599945,64929124100.21094,84749491525.94812,0.5929648601278544
2020-07-10,5319935.970939636,64106789845.03296,84462946287.60535,0.5834473725030282
2020-07-11,2639449.4780311584,63214912556.65226,84266030431.58751,0.28885870815607134
2020-07-12,3397359.195838928,63077328483.4544,84237990343.80505,0.37204471186674415
2020-07-13,6506186.789615631,64235699577.8602,84277573701.54327,0.7128926329385084
2020-07-14,13855581.06030655,67292961521.65871,84444941671.0494,1.5192607133796963
2020-07-15,14945422.486545563,69884344151.12538,84583128847.62852,1.6233409650730013
2020-07-16,4187084.526046753,69325172665.43492,84102317558.29338,0.4542216798788971
2020-07-17,5433761.841251373,69625174707.5783,83888496469.68536,0.5933629834370732
2020-07-18,3324911.24835968,66342899122.27863,83473440949.58025,0.36519758635555377
2020-07-19,4111313.153541565,66068614493.769875,83273903356.3552,0.4537456022913869
2020-07-20,3393697.2447013855,65807803976.617805,83186593442.9781,0.3737421850249202
2020-07-21,8579989.069259644,66997775714.52843,83270947169.1749,0.9659940826485028
2020-07-22,11505584.333286285,68176224837.592354,83467627650.9182,1.303597562867214
2020-07-23,8428461.333507538,67768715083.868904,82437867900.32878,0.98264199708968
2020-07-24,6043009.7213897705,63984244300.86314,82334371080.87045,0.7026268082744528
2020-07-25,5012570.222164154,64328977666.13139,82286263067.16881,0.5907005708198658
2020-07-26,5893120.617160797,61592162228.106476,82333162601.24107,0.70925666971779
2020-07-27,15377926.582939148,65447860502.47292,82740828873.1738,2.0241165011801203
2020-07-28,23152263.738559723,71494331005.49371,76601937501.02296,3.309908681282186
2020-07-29,10256712.407043457,73298084996.11325,76754236443.2938,1.4928405556962137
2020-07-30,11964417.457050323,74082329110.21254,76997946911.21758,1.7291305080742845
2020-07-31,15014336.106601715,77912373709.8339,77219859821.3613,2.2029086758107677
2020-08-01,7226246.5496406555,79452963601.47487,77336996237.83273,1.1034796802147278
2020-08-02,8939056.986175537,81247669112.26393,77543247567.7383,1.2834825419715714
2020-08-03,17374256.645938873,87009311520.99196,77852694156.96243,2.527408249088299
2020-08-04,9130233.943317413,89835762973.24272,77133595610.72958,1.3273501993391983
2020-08-05,12957966.417850494,93164425183.53842,76896505156.63016,1.972635886780492
2020-08-06,15047400.411808014,96487365679.22786,77045596603.03368,2.3097732135964044
2020-08-07,15403239.871891022,97790499112.96501,77179470507.72963,2.3045235057515296
2020-08-08,7041260.131496429,98867512765.19168,77269146022.88416,1.0685232619361256
2020-08-09,7782100.472309113,100249917318.64226,77379432793.26743,1.1728157911333352
2020-08-10,6531847.700027466,102025735743.43788,77372995964.20143,1.0031346010136164
2020-08-11,17191599.07701111,107516167573.52208,77745722171.06961,2.521724003242654
2020-08-12,12792946.861309052,110448319462.44615,77857342558.12819,1.9014959054241274
2020-08-13,6853831.911231995,108836856168.75334,77820498065.88945,1.0273640686029575
2020-08-14,10278239.236545563,108300093864.88301,78041214077.05492,1.5530817956858123
2020-08-15,6134458.607284546,109449972152.23476,78116413890.70303,0.9306295689060142
2020-08-16,5652107.767932892,110026290401.3745,78222739674.54643,0.857370584238414
2020-08-17,18684092.790599823,116687939066.18706,78796175944.56871,2.9231591043960172
2020-08-18,6344697.99691391,117962263709.06146,78794379297.76672,0.9647249892349935
2020-08-19,7399076.136470795,119816221413.49179,78836875461.50925,1.0998542220689924
2020-08-20,8226322.04447937,120387385820.38681,78940741083.72618,1.2360433039933105
2020-08-21,14621876.549922943,122420121088.55411,79304572549.1191,2.140989460902778
2020-08-22,3949333.491783142,121252546741.95433,78940973199.76205,0.5824564720661403
2020-08-23,3992416.0214805603,120876037668.97585,78988196428.54848,0.5893926723164914
2020-08-24,6087108.708034515,121640125861.17897,79053254285.03206,0.9048228182055671
2020-08-25,9582567.638313293,123314500946.56972,79190460931.8452,1.3717131583449271
2020-08-26,11409080.89699173,122095306178.13823,79222641333.1859,1.6523210005083935
2020-08-27,5950380.737133026,115880798215.80276,79269200940.77151,0.8466110200574735
2020-08-28,13237578.858200073,117140578819.55984,79561626330.07365,1.9151852736720811
2020-08-29,4873886.650577545,114571314330.63869,79625530708.79556,0.7040651898530238
2020-08-30,5348422.006320953,110982729112.07198,79741651561.43877,0.7831633953586965
2020-08-31,11626928.096012115,112669013100.27628,80024337249.03635,1.6985873072639186
2020-09-01,18945574.601833344,116918052668.49762,80494716676.03374,2.8200185170065644
2020-09-02,11236264.536907196,114628045456.27579,80649063830.0006,1.5879331882803682
2020-09-03,13771881.75756073,115973268232.7876,80817757162.07253,1.7661957200662393
2020-09-04,15489017.98255539,116390019215.59123,81000409154.68611,2.0270432808619887
2020-09-05,7057307.5349731445,112821054878.56516,78649703320.07553,0.9013247622812659
2020-09-06,6363475.606021881,109070947588.23602,78742555140.74475,0.8300300278524595
2020-09-07,6028468.364086151,108378179220.37166,78824275459.23528,0.7837792172464808
2020-09-08,5378950.929843903,107156673605.58426,78758116877.0718,0.6869977900781201
2020-09-09,8159211.35660553,107360029326.34236,78881148933.56335,1.0612954069549534
2020-09-10,8203632.950496674,103644875942.09251,78598445226.05208,1.0763400214522816
2020-09-11,8608519.828910828,101685184776.70026,78658427197.99574,1.1347122781269001
2020-09-12,5930231.018180847,101085898278.19328,78700941991.13124,0.7874288031451367
2020-09-13,3519190.9211387634,98256315533.95358,78708807687.0588,0.46140841967135837
2020-09-14,6441074.615287781,98126656758.77588,78765532295.93921,0.8735760341177211
2020-09-15,7315551.739620209,98517602056.38689,78874651517.42546,0.9989804509807255
2020-09-16,15405406.98878479,96474204178.8758,79147452773.07175,2.1356571419078385
2020-09-17,9267667.980800629,97316183801.34177,79018783103.97871,1.2816483804936718
2020-09-18,11167006.882751465,98480913859.44664,79229967693.88373,1.5354161514268254
2020-09-19,10713869.990852356,99181604057.87605,79389434170.17165,1.4938370782122392
2020-09-20,9124928.948757172,96839747006.05609,79566891535.53828,1.2509542669516942
2020-09-21,6814793.722434998,97684326141.77812,79721151632.4301,0.894581342124656
2020-09-22,10068979.875076294,99659884227.90843,79851816676.01833,1.3252272917940058
2020-09-23,6542076.662719727,99512721750.65414,79270903156.54262,0.8466450026479388
2020-09-24,14457655.697307587,101047059297.41217,79455121758.87294,1.9464663857378304
2020-09-25,10834126.134399414,100550294164.04263,79543568672.11946,1.458298664818883
2020-09-26,6421341.885372162,100610090884.26067,79570040021.12466,0.8659550837960526
2020-09-27,6359047.041007996,97806512356.24635,79644657680.31342,0.8571560383918012
2020-09-28,5507393.063686371,97919927254.15033,79739484344.69838,0.7457285662358096
2020-09-29,19889014.030895233,102994134026.23494,80164800986.28532,2.6779452217143587
2020-09-30,12693368.812698364,103011253572.23799,80446714078.75201,1.6960532380470381
2020-10-01,6084229.698246002,97593537891.82199,80546395047.18877,0.8003476890227638
2020-10-02,9541330.70526123,96682039923.7584,80738969187.98686,1.2474816935423405
2020-10-03,2947994.5419769287,92962639318.69273,80730479962.06116,0.3859503705128196
2020-10-04,4047162.212703705,88929613577.87778,80804637058.72551,0.5346297498772695
2020-10-05,5617224.212882996,88581097417.28255,80922108990.43576,0.7468100014267374
2020-10-06,6064775.482906342,88543212961.2418,80938844431.62053,0.793465140334202
2020-10-07,12329735.387039185,90866390681.99414,81037246554.52324,1.6224164335787374
2020-10-08,9079679.80115509,92361658819.38786,81231010963.89107,1.2183117653314193
2020-10-09,10007351.08265686,93257688487.93132,81445783832.72849,1.3579228526054354
2020-10-10,4049637.1049461365,91967685637.21628,81448938461.3311,0.5635256587299159
2020-10-11,6212054.240123749,91343435905.33612,81569697292.9703,0.8646248975278497
2020-10-12,10862951.513237,93465365414.85307,81883391896.90025,1.5342460898805996
2020-10-13,4792917.346183777,94078146645.15207,80252423010.94615,0.6816036379438816
2020-10-14,12474269.575340271,96515492612.47394,80308917986.27287,1.7672764607807754
2020-10-15,9798423.925907135,97647252603.24776,80483164843.45612,1.4008772503707838
2020-10-16,5067059.004611969,93929583365.39987,80462775344.71683,0.7146378607603282
2020-10-17,2631206.814567566,91550003674.27841,80331386892.08246,0.3720451720857476
2020-10-18,3194598.0994377136,88716409349.7011,80373599871.3094,0.45591017940674844
2020-10-19,30773214.257068634,96784248901.97859,81282235399.42862,4.436763644329497
2020-10-20,9568366.391845703,97269519972.70367,80816781319.00548,1.4117448472225376
2020-10-21,11279039.084152222,99693155162.5886,81127977259.25804,1.7752952234880754
2020-10-22,34102134.31087494,110990249257.05452,82226374281.78963,5.408661557522463
2020-10-23,56659084.1583519,133179799841.72153,84038787715.55333,8.719792984558534
2020-10-24,13946553.346557617,134126183510.52652,84237163428.23349,2.173010418358296
2020-10-25,7425422.043243408,133488766467.11632,84306417560.44531,1.149091273125417
2020-10-26,6096728.036201477,133838167292.38414,84393076949.19371,0.9406708263519655
2020-10-27,14189925.53407669,138027264225.07297,84567437484.42749,2.293327230977124
2020-10-28,14715660.931419373,142537518244.65314,84832900658.89409,2.2959445027504093
2020-10-29,14815343.92917633,142039798583.51135,85255390284.94594,2.342905888402486
2020-10-30,7893298.062820435,141063819331.84714,85207076838.27193,1.2576717372547102
2020-10-31,8098757.038082123,142643591659.91696,84597940633.98085,1.3222342073454263
2020-11-01,10780220.304050446,144240613716.55923,84884949352.69977,1.7509705648664953
2020-11-02,22873066.945423126,153512160573.59775,85636338506.2273,3.611835463302759
2020-11-03,170491004.12453842,231037295168.7777,92002032805.42017,25.748937588860155
2020-11-04,13119363.797973633,235197176170.46722,91685631821.27534,2.020271515850591
2020-11-05,30327553.456626892,248495088294.354,92424852474.59805,5.0112010230075485
2020-11-06,19463319.056098938,254174861733.45367,92981775185.76067,3.24654334800492
2020-11-07,12423283.815299988,257080891104.2628,93365533625.63434,1.9937290589237315
2020-11-08,16246257.074504852,261798629324.29523,93998536562.78181,2.6822676919804973
2020-11-09,14360549.032001495,267604004858.31018,94558949133.5641,2.327223755510329
2020-11-10,10533550.564472198,270624812510.34268,94872042713.36284,1.6986186458657164
2020-11-11,14708057.971057892,274176677623.08307,95375475978.68079,2.4344332213670166
2020-11-12,19027404.50062561,282635811999.7686,95334797264.37329,3.235695502904422
2020-11-13,17361560.836250305,287336750024.26764,96016967720.48149,2.946939564959085
2020-11-14,11218256.292739868,289570883622.9182,96329141745.34802,1.8662165920858362
2020-11-15,7040862.418563843,291397704346.17786,96601169597.85617,1.1625777183495907
2020-11-16,12137743.294498444,297166744813.6961,97111166338.55804,2.0899565553370825
2020-11-17,21142047.05181122,308434290962.4769,97812331139.86728,3.830493787787949
2020-11-18,29110202.535442352,313668996856.4485,99102458572.10933,5.2235963792209485
2020-11-19,14730894.211540222,318648393177.6905,99726983644.41225,2.6419586214792656
2020-11-20,32029783.86626053,333742999239.37585,101182926541.33858,5.8988636993645285
2020-11-21,19578465.17685318,331171596124.90454,101702414743.7627,3.614393395519396
2020-11-22,10088800.888607025,312972434360.4538,101937810618.01164,1.8327446654651995
2020-11-23,11841548.760635376,314122111447.3253,102076430919.43483,2.1311339394335223
2020-11-24,26382117.1043396,327798025773.75446,103209412982.17415,4.913826983665161
2020-11-25,14314333.815559387,334169547190.696,103775322766.17023,2.6068986415007447
2020-11-26,42520152.53083038,351715012873.4733,105509256671.54779,6.826934436308613
2020-11-27,23164236.659038544,358330722308.5897,106530499666.36047,3.691364597042517
2020-11-28,6299003.494747162,355392928411.4728,106739599943.27872,1.0456432201587376
2020-11-29,9151502.008846283,357360446448.18475,107041438249.47926,1.5525583005304386
2020-11-30,25838786.83929062,370380258457.9813,108354854139.51323,4.637103296029408
2020-12-01,24363096.662101746,380743748691.31256,109486379092.88924,4.197195655971254
2020-12-02,18886000.27632141,382475433452.3571,110325501677.95471,3.274446086364031
2020-12-03,20488119.502212524,316770587139.3318,111208725996.0801,3.577140263060758
2020-12-04,16625121.508579254,321050414387.4289,111972886169.04465,2.8008984902891942
2020-12-05,6812638.865032196,309955850998.7278,112181530894.72289,1.1617118483905817
2020-12-06,7916000.460037231,304966582971.713,112559911843.38281,1.3520917030953055
2020-12-07,15937382.415893555,308888983327.2539,113346772500.57207,2.6804255776761594
2020-12-08,15992135.625240326,310385385246.1328,114067118345.78506,2.6039168832315727
2020-12-09,14455722.818164825,311896981537.1098,114720428328.90652,2.313517525301614
2020-12-10,17053243.325302124,316917036504.5929,115431877673.78642,2.7007536915392008
2020-12-11,33388671.066638947,329245611602.07745,116971654596.68507,5.146909156979567
2020-12-12,20185680.494182587,331593696255.929,117920540093.10796,3.21332410871759
2020-12-13,34726397.88368988,344355463773.9657,119670981112.52005,5.563664811922635
2020-12-14,13918781.466262817,347284109007.32074,120324655410.47865,2.2242357454854744
2020-12-15,15671418.849227905,353719915259.48224,121048682181.01923,2.5227912390582343
2020-12-16,26505916.518138885,365497313555.12317,122433914373.58562,4.543512885306742
2020-12-17,28206729.892333984,374622629321.56,123922012403.53438,5.232557051138812
2020-12-18,33074186.774086,382625523289.08575,125855739019.08617,6.020846317385821
2020-12-19,15431764.96049881,386112659241.3929,126397955366.7559,2.912140799545742
2020-12-20,23949475.50320816,385108800533.3736,127882767373.92938,4.431781879355297
2020-12-21,16987046.873664856,385813843039.1224,128886200115.8756,3.0161786985821144
2020-12-22,43871875.906879425,414143814159.3807,131603798886.69478,7.877622994148423
2020-12-23,29266084.497322083,429840402695.4143,133357918348.01006,5.1623196504396525
2020-12-24,17899157.07814789,426979974092.53107,134233745848.6605,3.1388555666813
2020-12-25,6959948.355815887,423652313179.7906,134389925827.13797,1.2701987854192542
2020-12-26,14808208.77696228,412519994219.6618,135340499803.06761,2.854542501901521
2020-12-27,24050275.53951645,420733384238.5045,137018613993.92856,4.6683045236997955
2020-12-28,61251151.12519455,472215497471.39606,141490187455.92276,11.704521463764364
2020-12-29,24714785.55935669,488919774585.51764,143103078607.2604,4.663186797748862
2020-12-30,15280441.059494019,486749171241.91675,144199978261.53745,3.0328336816382637
2020-12-31,19113095.576114655,489893413106.6364,145675986909.1026,3.8020199650604156
2021-01-01,24065893.776176453,501338186513.8756,147467789968.38882,4.777979717223271
2021-01-02,56594160.89468002,549626095128.2371,152441629267.4885,12.112481863829768
2021-01-03,36223318.257629395,579048481404.0768,155617722486.53662,7.687403831545534
2021-01-04,55583396.35113144,633250033632.1802,160369402620.07352,10.952021718351466
2021-01-05,21966938.70100403,652884637004.5522,162297783021.7457,4.5670951893189
2021-01-06,25092783.183006287,672713006437.4012,164616645627.64612,5.459160388772505
2021-01-07,39159761.971157074,714009710656.1102,168687794230.6971,9.105118890480655
2021-01-08,32513918.543888092,749164712516.1487,172122136996.29892,7.66930855197649
2021-01-09,28198936.227859497,776937971293.1459,175115656026.7033,6.538255111148374
2021-01-10,21950668.33431244,784804740840.1781,177363240788.4215,4.7250239837543955
2021-01-11,25352845.912719727,801230368073.3956,179675820559.82614,4.85143592874514
2021-01-12,15580178.406208038,796858321991.5825,181028943700.27673,2.95338321729807
2021-01-13,15462037.782459259,806781141508.7633,182048942745.6024,3.105291228923022
2021-01-14,15458190.522247314,816862183022.9817,183382611543.0073,3.3144462019498797
2021-01-15,18541494.07099533,820745092714.4674,184935388515.08807,3.6378508391573536
2021-01-16,10524779.507957458,811979978554.2927,185888235363.3018,2.073695380639912
2021-01-17,9630898.634185791,798198630723.9713,186746583642.34973,1.8437693540071542
2021-01-18,13661126.955860138,802417948549.5573,187974873069.28973,2.631565429428055
2021-01-19,13618599.202701569,800122856930.9636,189241025466.30722,2.6310139746121144
2021-01-20,10320876.027202606,799296818167.9695,190106983185.80524,1.9145148817870883
2021-01-21,10435011.59254837,775718927535.4607,190855117808.6849,1.725855701611462
2021-01-22,11546597.104934692,765319191512.3583,191594081590.82736,1.96480036654019
2021-01-23,6178304.156867981,757893143333.9332,191810335734.46457,1.0351835018717406
2021-01-24,5458477.503162384,758044506314.9315,192197236836.68524,0.9117863132292223
2021-01-25,10196018.630943298,756401203524.9875,193040876832.32565,1.7459313838015516
2021-01-26,7744458.610473633,743423038446.2606,193604360411.00497,1.2928410426591943
2021-01-27,38881046.92699814,727217517828.5164,196663766240.86978,5.948779176865163
2021-01-28,13587617.86082077,719871478412.5946,197396489069.45047,2.2641497146572602
2021-01-29,18093496.661354065,726274052505.9833,198953358945.13373,3.1636147140312163
2021-01-30,10226700.956424713,719506573309.015,199580146430.71375,1.7578834419336258
2021-01-31,19193185.375598907,717123347215.4376,201217348852.29178,3.146355571308732
2021-02-01,7478541.033882141,663961697099.0404,201629347414.94803,1.2478191767660711
2021-02-02,8419886.66821289,634026889436.5098,200920076696.89447,1.4844312779822901
2021-02-03,10725562.987167358,588861840388.1765,201826143313.3365,1.9889282053063781
2021-02-04,15685555.452220917,583510144818.6927,203246984596.02734,2.857009456476694
2021-02-05,19844901.337249756,578581112742.7426,204671253640.43567,3.668310500425908
2021-02-06,10045615.62097168,540734320167.2969,204252030794.56516,1.960904099812358
2021-02-07,26335001.83541107,530674902192.90497,206764920808.2822,4.924796885457171
2021-02-08,18374109.21868515,519922238591.15356,208805810020.7435,3.9384484795918993
2021-02-09,26190395.036640167,532838928837.02637,211363122254.67834,5.798297550038929
2021-02-10,16654543.160701752,528818155178.8849,213162419882.05035,3.5234283888409954
2021-02-11,13559891.19713974,532577992786.5344,214743159743.97598,3.014964356354739
2021-02-12,15281930.583286285,537881826149.9737,216399165222.49158,3.3476561025592773
2021-02-13,7545379.482608795,529451955279.97864,217184344448.7546,1.6341678546552076
2021-02-14,10319951.829914093,523850190902.0534,218402272946.22797,2.3109394428601457
2021-02-15,14239171.142608643,533900380770.7774,220194185747.67603,3.1198883327333915
2021-02-16,15603352.073799133,547848765307.16174,222156448766.45633,3.43347748045205
2021-02-17,16242962.277641296,559444519651.1069,224242799928.23642,3.7572702809555665
2021-02-18,20753655.59306717,578708785036.5149,226839201161.68878,4.742671190096383
2021-02-19,23361280.35187149,609814653839.6897,229971650252.59286,5.640428770726248
2021-02-20,20950198.930152893,638355848654.8171,233040135838.38458,5.087639661040677
2021-02-21,14319959.01517868,653255590558.9945,235212941826.07397,3.5008123807693905
2021-02-22,15012155.347873688,673120922298.0231,237273676582.01678,3.3485334684271906
2021-02-23,33724880.90557861,721146319629.8732,241582663685.02582,6.689241294444071
2021-02-24,31537871.067546844,762136509724.5825,245294341506.84323,6.387191071897191
2021-02-25,18223877.6823349,783077060733.5985,247533287605.94476,3.549083042302347
2021-02-26,20296347.016155243,775900215990.062,250023322319.8607,3.818059716566029
2021-02-27,10253283.182037354,776980540385.8396,251135793437.59085,1.90870815232235
2021-02-28,10804508.79624176,772003917810.8646,252314294948.32474,1.902837477416169
2021-03-01,8239012.620761871,773783255680.53,253290946465.7089,1.5958674262916333
2021-03-02,18218681.28264618,781892534572.7168,255304064685.27594,3.432689935631595
2021-03-03,7898349.39906311,786888819041.3746,255925782740.9715,1.5687575361224444
2021-03-04,10276198.125556946,793437682944.0701,257098653274.5622,1.9242339740146974
2021-03-05,16751602.045410156,807223391827.6027,259110635909.57205,3.145332003254794
2021-03-06,6867784.74181366,799015109079.205,259875303783.82394,1.2868867093946192
2021-03-07,4761500.229957581,782050095785.5555,260472617764.14868,0.9284941815805356
2021-03-08,22537883.483959198,807405607175.1189,263559170405.83176,4.405781003479993
2021-03-09,9557054.36801529,790754513646.4548,264607801412.73203,1.9604200231019426
2021-03-10,9939443.68328476,782069908458.8427,265938787694.51422,2.112639431985267
2021-03-11,38460813.184482574,814744812798.2675,271169515630.7377,8.134370852822327
2021-03-12,17501960.82025528,823178441758.5217,273353153630.2114,3.673165563007865
2021-03-13,10363885.30910492,822572808466.6465,274588032783.95343,2.2917021082922955
2021-03-14,19336030.75522995,836924056065.5099,277538120127.38763,4.161473074335128
2021-03-15,10852769.455059052,845439063123.3346,279106389542.78094,2.186857445173993
2021-03-16,16876720.399333954,860131320364.3108,281473405097.21765,3.35904610193802
2021-03-17,13892349.26738739,864178341796.3633,283436029133.8721,2.8521141665785157
2021-03-18,7028139.951908112,852332238398.1675,284476282274.8334,1.4320563344447017
2021-03-19,6618247.748008728,837144804360.9124,285386673649.82764,1.3557668331974404
2021-03-20,13304866.31262207,827298255178.5131,287405583364.0235,2.7154213899650066
2021-03-21,7197563.024345398,797859091650.9734,288480597986.9782,1.43497971648207
2021-03-22,13892430.702011108,783956951666.4263,290515342081.98975,2.645505854050059
2021-03-23,21555112.24080658,795934719853.9796,293614424979.3001,4.0283082977680476
2021-03-24,10805669.925323486,788717222733.4849,295091724603.9562,1.9586924518894613
2021-03-25,24362907.703407288,776854122129.8582,298324926396.5049,4.223957169975294
2021-03-26,11430054.000858307,745357382166.4724,299884205297.6868,2.0735991365085473
2021-03-27,12646520.230297089,739601959466.8792,301684827840.4959,2.3397050408945517
2021-03-28,7867998.325431824,722333360720.1199,302819053095.1898,1.4416068219177083
2021-03-29,7092362.3538246155,719984978992.9185,303849267829.5798,1.345711600291113
2021-03-30,11109935.293064117,725813226299.148,305539295687.76855,2.1436212131996846
2021-03-31,14882789.2288208,741535774997.5386,307856003474.1789,2.8451458536016054
2021-04-01,27904672.854034424,767013031102.138,312212050673.4857,5.255073828731936
2021-04-02,21413273.1222229,795729054349.4888,315553433176.97705,4.002384588460907
2021-04-03,4616910.307792664,788131091133.4274,316220879633.82434,0.8436478550417544
2021-04-04,5596357.917228699,771796164944.3948,317049927245.4985,1.0248896527501585
2021-04-05,8096748.340175629,776592488474.4177,318317580554.2779,1.502649585382917
2021-04-06,38365982.70031738,842876806888.4581,324327938424.3272,6.8769186931969095
2021-04-07,8844509.571617126,820683926164.9501,325483738397.15137,1.5220347627851192
2021-04-08,9672087.167545319,822053372480.5446,326935236838.3519,1.7123447048417544
2021-04-09,10577411.204891205,823854464715.9618,328471192708.9201,1.8749453532324443
2021-04-10,10666077.250614166,771575329101.6794,329982657890.5157,1.9316752576241076
2021-04-11,15552582.401111603,769138223405.3915,332489164756.5098,2.799965587592051
2021-04-12,18725902.56405258,785595762551.1575,335533253873.70233,3.346911625154461
2021-04-13,15074518.15196991,778826430696.0032,338064374543.83984,2.8156988136992847
2021-04-14,34269223.66674042,829554157298.8116,343835103199.6731,6.201221644356936
2021-04-15,25474825.4477005,851888512636.8655,348168752177.10144,4.640028130700517
2021-04-16,7157517.561306,839665002677.2792,349226271200.0521,1.2647576990875016
2021-04-17,9776674.322193146,845791056663.7332,350729434193.82605,1.6855376937022963
2021-04-18,32841887.446430206,894360569650.1292,355731126423.62836,5.183699258767965
2021-04-19,5291966.718418121,878182682299.8088,356425068517.613,0.8279177707104773
2021-04-20,14406185.961585999,891527078325.4199,358555340617.0454,2.271046042925835
2021-04-21,7945274.1561050415,880415787108.2162,359658103401.5527,1.2100973050153339
2021-04-22,12998066.111854553,863770684606.252,361413668742.97095,1.8909532442604247
2021-04-23,17544709.684410095,874367827853.494,363689623775.84955,2.463386834391083
2021-04-24,22047196.732501984,869392631929.7302,366620698556.53,3.029986682409497
2021-04-25,13811260.283714294,871345380835.2156,368398079062.4556,1.8469751472483749
2021-04-26,13001892.244049072,871170504540.1696,370222652550.0666,1.8923942627029915
2021-04-27,25338754.794418335,902976188893.2618,373867088220.517,3.7198153759958026
2021-04-28,10893989.848701477,909279257322.3801,375413703398.7472,1.5928708300150163
2021-04-29,15839910.062389374,915554714380.5436,377178741300.08765,2.2356091028375773
2021-04-30,20385150.81457901,925360619669.0437,380101268595.1138,3.07831750935905
2021-05-01,6136841.235023499,882504862882.6984,380933671372.5806,0.9319855386880768
2021-05-02,7084905.915466309,853809900689.1849,381962894134.07074,1.0527654339034154
2021-05-03,12181889.544849396,868192712175.8822,383730840835.67096,1.8196697714021772
2021-05-04,12300967.996421814,879469473280.0773,385437619564.3768,1.720755809239774
2021-05-05,10001506.489933014,882618898236.2949,386872447261.57806,1.4805978900307106
2021-05-06,10390745.144454956,827771594564.6964,388102040121.4993,1.5072266874587654
2021-05-07,25007678.277965546,859195510888.3146,391322894280.1007,3.675008733940559
2021-05-08,7185172.807518005,854639343178.3755,392021513860.60443,1.0793815527140345
2021-05-09,10328994.4036026,854010671716.9956,393405277925.42224,1.5175327482822558
2021-05-10,10902707.533088684,853114178148.0822,394933204656.7323,1.5458931318661893
2021-05-11,9794079.328472137,840578416704.5427,396138020992.7385,1.400737487577432
2021-05-12,20157437.353500366,838169653868.3615,398895994514.5769,2.6341133462847046
2021-05-13,20711019.143859863,840466053393.7657,401555752831.6201,2.5420615616164297
2021-05-14,10729036.238212585,787334764284.5352,402845895012.7955,1.3361412327597313
2021-05-15,7861765.021961212,745875201120.1456,403666260960.05444,0.9208743592215809
2021-05-16,9565411.208526611,745819403743.6711,404732776643.24475,1.0871684215422575
2021-05-17,9851120.529762268,740528768572.3894,405827066799.8722,1.0655982852405022
2021-05-18,13284815.187667847,698149328436.8038,407207152007.6749,1.4062129544436253
2021-05-19,30404267.876434326,727261043343.221,410291533035.14246,2.847833799302084
2021-05-20,18868844.712162018,725478169132.7515,412210386006.66925,1.845682416046327
2021-05-21,14053664.374774933,727999732305.487,413400333877.3429,1.235771127816243
2021-05-22,5966285.953449249,712655412007.8264,413879922708.4445,0.5390131974507801
2021-05-23,13912925.412445068,698482655501.796,415074651518.78125,1.1340743986912971
2021-05-24,27872494.44474411,697681318734.8036,417980046693.0752,2.6001617534394863
2021-05-25,10202800.517623901,687869180630.3928,418941410591.5348,0.9215082191205963
2021-05-26,10247273.155376434,677715793673.7017,419907295518.40265,0.9430786726836907
2021-05-27,4710571.7149887085,637457085044.2231,420279473699.5181,0.4353181535292099
2021-05-28,5215410.277145386,623728328533.9796,420585672813.9432,0.44253253036225015
2021-05-29,3099225.8663215637,599165499860.4904,420684467572.9524,0.2527770227793818
2021-05-30,21859400.889083862,586325572734.6954,422729193734.69214,1.8566841096020188
2021-05-31,3672223.2655677795,579021188217.9178,422891657500.0989,0.32134267726773685
2021-06-01,25156036.765449524,596076873102.5631,424782806933.2596,2.1511884746808696
2021-06-02,8294006.202381134,583251055528.1711,425373970200.60254,0.7369724199245414
2021-06-03,17189722.16715622,583407748628.9417,427049291039.27826,1.5640930215866609
2021-06-04,4945955.590484619,570388917377.2836,427375560933.54486,0.42641088596337295
2021-06-05,3252891.8814849854,554762601199.7935,427547979785.12354,0.2717081415330259
2021-06-06,4774001.062953949,512518571416.05554,427841751333.72424,0.3991993773999544
2021-06-07,8324554.479236603,508011126846.2084,428492632392.92255,0.6719309305853697
2021-06-08,11720637.203723907,501085251000.09906,429156300162.4173,0.9069635400163629
2021-06-09,7875988.854377747,490389651433.7946,429779591599.3077,0.6739653238482858
2021-06-10,10328717.8630867,484550563691.4142,430617298536.97107,0.8817870189561164
2021-06-11,12772275.568710327,465381510309.8126,431780499540.09155,1.1016376654086115
2021-06-12,2392992.4003601074,434196279232.3807,431916813761.3371,0.19731232746901528
2021-06-13,4426554.429855347,421913714426.025,432312573591.48047,0.3927298833190132
2021-06-14,6524453.258216858,418232538079.9089,432928230016.1571,0.6035425756544568
2021-06-15,7482197.346191406,413557971472.3751,433586339376.63727,0.6913863940792638
2021-06-16,4973972.624191284,405533052529.62,433960927918.1981,0.44174727693367144
2021-06-17,4913293.386962891,392652451911.85583,434359354456.5142,0.4286818088569694
2021-06-18,4682765.904266357,359230973021.7077,434460300105.6154,0.38161767277745673
2021-06-19,2363422.0114364624,336681405332.9168,434565255514.4143,0.19403859243333926
2021-06-20,3270260.569984436,323526085813.29565,434777019778.8907,0.2672832416618492
2021-06-21,7587521.242599487,324250058125.8762,435325145312.5689,0.5623518708100449
2021-06-22,7685325.263786316,316879364398.8759,435807748057.0375,0.572740446070464
2021-06-23,13211366.809921265,295358542843.72394,436761060058.9458,1.0101429014713057
2021-06-24,9583683.049545288,293574791607.2732,437202596925.3638,0.7606208618960308
2021-06-25,20380541.12020874,301917233828.2959,438868389637.5062,1.4726029415610997
2021-06-26,2740513.644973755,298735980110.8624,438723233103.4774,0.1994826494940982
2021-06-27,4181833.4633789062,297197892215.45483,438964805915.3944,0.31888707995696225
2021-06-28,4954336.079437256,299343906882.6589,439234856612.4128,0.38867545389137326
2021-06-29,3834188.4191589355,277798691274.84955,439448689190.96704,0.3152088328965348
2021-06-30,4366948.459968567,278345539098.39764,439565638222.42303,0.3464751538304976
2021-07-01,6143873.090675354,254681003299.4154,439972884368.7003,0.46332810905028626
2021-07-02,10108621.378982544,255525896546.2695,440794017449.4379,0.7686939209335745
2021-07-03,2490923.968307495,236143954731.77777,440905804634.0297,0.19615655009373786
2021-07-04,3814875.7592163086,234579099563.7633,441210943448.74786,0.3066377626058325
2021-07-05,5015331.093666077,236375372709.49417,441628660466.37366,0.38506663312103917
2021-07-06,4143638.950653076,235389114357.7394,441873530249.5912,0.31956295305972865
2021-07-07,6675716.601951599,233405992451.8134,442284911497.9923,0.5164630086097952
2021-07-08,4660958.521286011,225540936502.83612,442324663656.3811,0.34652700005303566
2021-07-09,6337489.847625732,222996388394.84167,442771421541.3323,0.4817838008902848
2021-07-10,2237596.8909683228,212835491773.43903,442841575407.79913,0.16910301449635237
2021-07-11,3120797.5367126465,200527706927.48544,443066482639.0644,0.24021703350195892
2021-07-12,13277421.721870422,212290058002.16043,444180873721.77893,0.9862942552337538
2021-07-13,4000011.3342056274,210962402723.5558,444372302617.15436,0.292440387171802
2021-07-14,5328946.892501831,208077179771.22125,444499535625.71045,0.39310261640987265
2021-07-15,6736946.549453735,205203327504.64105,444708447597.4744,0.4802250302641841
2021-07-16,5739729.220100403,204864201827.5816,445101122095.90906,0.4078338132173379
2021-07-17,79413210.16654968,282606392171.78503,451864660001.5177,5.573499959213469
2021-07-18,3252060.737701416,280518441351.487,452063769329.9341,0.22819613300235464
2021-07-19,5862209.950141907,283723384091.05524,452454688631.9996,0.3988702454010396
2021-07-20,9457630.21535492,289263211035.7014,453143217619.36346,0.6232100770913052
2021-07-21,5717724.438461304,287190546600.62537,453423181275.8099,0.40277159255739103
2021-07-22,6032754.956741333,285376676141.12524,453659839944.9992,0.43025322731192944
2021-07-23,6107173.949707031,277378133381.213,453989231425.8508,0.4432589756110235
2021-07-24,2068275.2578964233,268644831725.7874,454024015069.87805,0.15538025322939641
2021-07-25,3028741.0526885986,250616235039.20456,454179671065.43005,0.23211294484755302
2021-07-26,23001860.940460205,277277643470.9524,456450806904.2592,1.9440428463798471
2021-07-27,22840512.900230408,302017152474.3291,458408857310.34155,1.9244075702191576
2021-07-28,34665459.252090454,342792148922.3681,461533307400.10114,3.020301413461124
2021-07-29,148348108.74596405,535162796614.9488,477410172337.7208,12.378532929614094
2021-07-30,5367743.962875366,537410516069.76,477647407013.61884,0.46002585283538944
2021-07-31,3769216.274887085,535833100969.338,477610204417.4268,0.3277345209284584
2021-08-01,2677713.0412216187,528168075465.4427,477674711575.2436,0.22794783529849805
2021-08-02,4406173.009849548,531043370841.21606,477875314365.1765,0.3614863911855224
2021-08-03,3818876.4513015747,531403283749.092,477736475412.70135,0.30579478706625385
2021-08-04,3527682.2140197754,530411799026.25415,477840389457.03217,0.2936376304435941
2021-08-05,3595915.9030914307,530596996860.09564,477826892305.1986,0.3071454277357628
2021-08-06,7967099.919281006,534365734205.30396,478274914390.5465,0.7139950395399024
2021-08-07,3975643.3186569214,535127851471.95886,478270199466.70935,0.36828754319705803
2021-08-08,6134665.128456116,536960655227.60626,478779077086.1882,0.5603925148485571
2021-08-09,5786746.884094238,543373190966.83374,479262666392.5819,0.557652277683722
2021-08-10,4042617.742805481,545955481220.2978,479553858979.62805,0.38348314848079934
2021-08-11,6165325.418159485,540820128849.0755,479794897936.2079,0.5919872723148374
2021-08-12,4490274.636146545,543138258620.89185,479935859260.31415,0.41567283946597194
2021-08-13,4828408.857040405,544896937530.7257,480340090258.2012,0.4736108901927567
2021-08-14,14415964.440971375,560372056887.0509,481865047297.92645,1.406646346724779
2021-08-15,2507175.601524353,558224995622.3893,481986740463.3189,0.24298479630220596
2021-08-16,4774208.176254272,481604514864.71185,482405335984.80566,0.45574380082120236
2021-08-17,5408980.818222046,486295061751.42694,482442436947.89886,0.5055019872958432
2021-08-18,8910941.965904236,493630292604.75903,483331512924.7966,0.8286809934318902
2021-08-19,5383557.120552063,492584563747.7912,483781711509.85376,0.5188942614086735
2021-08-20,4843103.639877319,494409149064.6334,484164696063.0081,0.4902537055268325
2021-08-21,6466397.96736145,498472060206.38806,484568218502.6293,0.6543473805826329
2021-08-22,4516092.321784973,499190596557.7179,485052632780.57104,0.45931281915325345
2021-08-23,10983782.392936707,514934969799.56824,486412420450.4747,1.1160849124422565
2021-08-24,4116502.9342575073,518002144025.31226,486757371188.5095,0.40561523954148476
2021-08-25,30598759.6295166,538234022577.73883,490553781284.90326,3.046182374836212
2021-08-26,12677637.401130676,528748231824.51013,491832385445.6598,1.2150313203250833
2021-08-27,4035368.239212036,488834477024.8171,492187034425.4996,0.3993543977413949
2021-08-28,3929975.86517334,298240037667.2498,492295059366.29803,0.38961260089649974
2021-08-29,3159162.940635681,296059457719.14655,492564240716.7839,0.3132845313707667
2021-08-30,7095009.519996643,302136730810.8527,493321492228.2855,0.6868696167197825
2021-08-31,8125086.776054382,311300498247.93976,494000587066.83246,0.7769179827737726
2021-09-01,6794094.237968445,316520296485.89624,494280978240.5793,0.6662999072663284
2021-09-02,5760782.942504883,321133688390.50775,494709541955.2411,0.5750668963985635
2021-09-03,6036443.941429138,326573792981.1739,495150021628.1326,0.6129759550699102
2021-09-04,3937337.3734436035,328231759016.1639,495238542151.8212,0.3967811661358737
2021-09-05,3181228.1338043213,322286394477.76355,495491243672.6726,0.3292186942600637
2021-09-06,5449154.2378845215,325898706409.97174,496091659095.8933,0.5735035239873102
2021-09-07,6467139.174865723,327047886751.2159,496751929759.9565,0.6095187621089548
2021-09-08,5452182.914253235,326559936364.95795,497295811276.9143,0.5079942364408689
2021-09-09,13716210.381492615,341691386046.07324,498813970490.8391,1.2787218319355353
2021-09-10,11244017.242515564,349115239204.4065,499970544231.74084,1.0135558454318607
2021-09-11,3842780.3178482056,348267297251.6132,500202882203.45795,0.34797488976818614
2021-09-12,3511195.6907196045,346072340683.42535,500475962236.7137,0.3229837452620021
2021-09-13,4373988.924995422,330019124029.7299,500914045256.48364,0.39171832102383786
2021-09-14,12410621.262252808,345463407356.17456,502315788457.6259,1.155535945878688
2021-09-15,10840631.75616455,355515745451.9125,503528471058.41077,1.0355390294698863
2021-09-16,12049877.118354797,366517696461.2321,504637792477.95593,1.1373189829766275
2021-09-17,4990045.453613281,361051203356.45,505008363847.1346,0.4683741143257464
2021-09-18,3741563.8479385376,358689751861.6141,505168739290.8541,0.3566887556914076
2021-09-19,4127572.2065734863,357290089206.39685,505379092102.6129,0.38658832493604245
2021-09-20,6282735.855224609,355808555381.6162,505853326040.3469,0.5389505528834327
2021-09-21,3591278.9061279297,353334187638.45013,506064950163.8595,0.29355887985735163
2021-09-22,7173339.860160828,345642253826.222,506630149458.5555,0.6160698285643254
2021-09-23,4883732.526931763,346345641874.5498,507045008458.96686,0.43100286072677346
2021-09-24,4804723.03238678,303363165500.4373,507182502342.6864,0.4038822125956362
2021-09-25,1746394.4483184814,285931572824.0602,507069202869.77106,0.1472066770233954
2021-09-26,70067746.80954742,380354592809.94006,515179733213.91174,5.879982190657562
2021-09-27,9020871.025299072,386806918728.4889,516048517424.29065,0.7467788842183848
2021-09-28,6013552.0860824585,389939054631.30566,516565812829.97485,0.4806296279021826
2021-09-29,6253310.1795043945,387267816002.38684,516686452390.70905,0.5007106035427435
2021-09-30,10326292.276161194,389499564768.4075,517547571548.70953,0.870935209346684
2021-10-01,6598017.223609924,389081618864.0442,518238902704.04974,0.6113029940078153
2021-10-02,4468667.779022217,386761251778.9676,518551668957.0392,0.41438506753019244
2021-10-03,3820881.1683044434,382831960131.43805,518974897311.372,0.35769804849178705
2021-10-04,7025245.616600037,387836406469.6277,519806223759.3624,0.6668537246614218
2021-10-05,8598231.829353333,397084060854.3045,520847651626.4006,0.8458416015198309
2021-10-06,10967516.355316162,407784913057.42395,522330702939.4152,1.1592959736008976
2021-10-07,9998410.39868164,415670410750.2864,523448150587.4875,1.0303686267361285
2021-10-08,6460919.675086975,418921143035.7294,524136316828.94257,0.6680425745282249
2021-10-09,4846761.277313232,406517248147.77637,524561331558.77185,0.5065708269285994
2021-10-10,11499402.064842224,410714142519.5167,526168883153.5739,1.202379918421339
2021-10-11,7661149.979866028,419595080051.1633,527182469393.5261,0.8355478308157956
2021-10-12,18935391.48968506,449419093725.21185,529732433056.7434,1.9941501501478174
2021-10-13,6696761.814758301,455655246294.498,530632710981.08765,0.7223485811024067
2021-10-14,7782639.111335754,451242416759.2775,531471426058.7333,0.8430539098052157
2021-10-15,9383117.895629883,453051985313.518,532739818952.4058,1.0806596773441703
2021-10-16,10366069.755821228,454989175713.7047,534313923355.899,1.1829185527272896
2021-10-17,4130638.3494033813,455512653641.172,534923102200.57806,0.471539146337778
2021-10-18,13278008.496452332,476804232723.03656,537066368609.21063,1.5248308763188938
2021-10-19,28756416.087135315,531787526670.473,541132786165.777,3.4092786877111534
2021-10-20,15704574.918571472,557363641375.9742,543669281224.1775,1.9127683075468895
2021-10-21,12776941.6408844,579028236542.1194,545462354112.8622,1.4638915204115175
2021-10-22,14153387.489006042,597314326223.7958,546601991401.0276,1.5746416100069935
2021-10-23,5138056.620704651,600501868203.9257,545455041475.0387,0.5759670086050845
2021-10-24,17021169.801887512,628122967249.4653,547784977718.4898,1.8866434908575689
2021-10-25,13803246.35484314,654633585088.5978,549903023578.3861,1.5820289582847173
2021-10-26,9678079.601760864,573388099494.1226,551307124901.7261,1.0735995631414417
2021-10-27,5778533.12600708,571873860697.6941,551707141791.9036,0.6161728685398001
2021-10-28,7407761.708213806,578648272468.0802,552410532355.1882,0.8173435535235775
2021-10-29,8103330.579978943,586805822119.4028,553242563914.2072,0.9099749509451356
2021-10-30,4586229.93926239,581221693737.8063,553724931088.9254,0.511493225650449
2021-10-31,18901130.877586365,609187230874.9255,556584955242.2697,2.0765331438842165
2021-11-01,32453825.8854599,668170408292.6519,561614391798.9099,3.5333414169360604
2021-11-02,19387154.300727844,702910701105.0234,564130941738.6125,2.1765249900519885
2021-11-03,17041841.187561035,727125697425.9768,560580612985.9816,1.9142378119871875
2021-11-04,5907977.999069214,724524700236.0364,561066352234.5297,0.6461351579140274
2021-11-05,17048403.88959503,739002798131.7251,562646405117.8295,1.8481924139525665
2021-11-06,5652152.729423523,732587435160.8889,562769731965.085,0.6163864956845774
2021-11-07,3155293.100227356,727533197056.8279,562803629646.9617,0.3527309010086624
2021-11-08,16887944.183555603,756225519612.3318,565199158157.7886,1.9930977035410327
2021-11-09,12249383.59564972,762472616757.5573,566843015638.4436,1.4467282660881908
2021-11-10,23094562.973121643,798820403046.6752,570595805601.9918,2.68301964786484
2021-11-11,10743301.1354599,786826395906.2644,571868026340.2926,1.2180184319160883
2021-11-12,36988028.05921936,853011040062.4525,577512866712.2671,4.101797980770487
2021-11-13,7847635.228279114,854900093454.223,578120467984.483,0.8730544815362503
2021-11-14,4471806.560089111,845358844164.1573,578421021188.672,0.500453737937552
2021-11-15,10335965.554504395,846288361730.5005,579921374647.7611,1.1379738853552945
2021-11-16,22412034.36704254,883074307991.3517,583079888215.1799,2.3252655394164456
2021-11-17,17182306.825431824,890269819753.9475,584888466866.044,1.769227456151333
2021-11-18,7087612.206245422,842317948220.2454,584583384908.007,0.6950528180844733
2021-11-19,7484476.3991241455,822132036801.0408,585051498508.2886,0.7423893955381663
2021-11-20,6346379.968490601,808128469266.0504,584452940690.3972,0.6474271279956788
2021-11-21,5014151.72820282,789323435391.5703,584258306957.1921,0.5075686900932126
2021-11-22,10308394.77898407,798382352881.079,585351747106.8711,1.0009906627052818
2021-11-23,10312099.121780396,783697320545.4648,586380200384.0905,1.0111596403584988
2021-11-24,7578980.306266785,769097876240.86,586174244164.7236,0.7369467060545173
2021-11-25,41304126.02876282,830654650202.8114,592114119669.8452,4.118439716772035
2021-11-26,11379753.97895813,839779375736.0087,591822020931.2902,1.0369481304227781
2021-11-27,2931427.326324463,830095443437.4713,591185714913.7264,0.2723191959846494
2021-11-28,6223366.282539368,824857654263.7291,591828705765.0775,0.5851409307675365
2021-11-29,9605819.486244202,834085709816.1483,592907829447.9362,0.9446126191651167
2021-11-30,9523774.324523926,813792351564.4945,593029784812.6681,0.9223252750636382
2021-12-01,13087619.867790222,772680399783.63,593828363121.5662,1.264703547531226
2021-12-02,7131673.615600586,745208041225.5764,593944580733.6718,0.6796498338538732
2021-12-03,8365017.214103699,724589008643.3918,594099935301.3838,0.7650457466362335
2021-12-04,8500672.59449768,726415859947.1157,594384060088.7505,0.7021221853606078
2021-12-05,6288369.650680542,702098552406.5441,594877312082.8555,0.5217203365390265
2021-12-06,10515559.184165955,708020450086.4037,595897447070.4021,0.8802531306987211
2021-12-07,20858144.470611572,736760636819.6759,597971162810.7225,1.7738712154422729
2021-12-08,7347454.356330872,711579452597.0206,598174013008.5466,0.6203238680023586
2021-12-09,14343182.280036926,707105418812.725,599325900893.9738,1.1443636902842211
2021-12-10,7789488.551773071,668389874123.5305,599483984036.4253,0.6162857166858438
2021-12-11,6801900.733604431,656300627790.0374,598749260547.5223,0.5576097186255528
2021-12-12,2642113.721862793,581763041797.592,598074730729.3904,0.2219012507252041
2021-12-13,9631282.910263062,580052705406.9049,597492844009.1083,0.7588719735598397
2021-12-14,20093592.203437805,602156023501.657,599369397722.4531,1.5892911927398639
2021-12-15,8179244.651596069,593334248129.048,599615703376.7666,0.6592257616072619
2021-12-16,10812165.843711853,565356293889.3959,599506653722.1066,0.8615032717274786
2021-12-17,6186751.703315735,540462641322.5407,598519152783.9327,0.48117283468784083
2021-12-18,5380644.881210327,535312317707.5046,597132984449.2468,0.4216927002731792
2021-12-19,3214106.4594955444,525858788454.00714,596537481731.2432,0.25267507130298544
2021-12-20,7154592.848747253,524357004395.39514,595897998542.0701,0.5593862840569971
2021-12-21,6426084.519248962,524906337627.16785,595690566786.3464,0.5254929957683806
2021-12-22,9366556.113189697,520551353623.3549,594097572268.2935,0.7663423221871208
2021-12-23,10668347.658302307,518827385760.73914,593694198992.1992,0.9115887565921077
2021-12-24,3678611.4951705933,510700308605.57837,593055367549.3577,0.31728380527760375
2021-12-25,5702661.930427551,439070266589.0575,593381348717.1823,0.48819371798664946
2021-12-26,6611463.507545471,429744088737.5778,593237699932.7628,0.5628492636951195
2021-12-27,5685233.25617981,434079336980.2823,592282642536.3385,0.4914016466828923
2021-12-28,6050358.139305115,432152212183.0078,588535833001.6486,0.49018163321804525
2021-12-29,9051233.30845642,427650898570.86914,587872031419.335,0.7229954592464414
2021-12-30,16029072.389137268,434796632634.1543,588759713146.2767,1.2931224136045352
2021-12-31,19113049.457748413,439343389894.6705,589673566693.1855,1.5049335859779607
2022-01-01,5818956.198623657,435109689370.05804,588501142612.2622,0.4701151787872721
2022-01-02,2010577.3801498413,423119753484.30975,583702153796.4036,0.16243824250100117
2022-01-03,7396845.669181824,420664660919.13306,581366211829.714,0.5911548543147672
2022-01-04,7335347.74861145,421540948854.30115,577476565388.7832,0.5829643135175445
2022-01-05,8856607.020362854,417251355135.5463,576530328012.6757,0.686612243211861
2022-01-06,12710092.302886963,400205038026.7559,575573247598.8887,0.954412531163364
2022-01-07,7449112.1700668335,398144634753.31464,572212499920.6455,0.5404452355158317
2022-01-08,3340160.227706909,379901558847.9699,568975504702.0686,0.243515795187268
2022-01-09,3613345.3561782837,372636342003.7092,566253713135.9236,0.2675424600339696
2022-01-10,7366856.86517334,371760154309.6827,564800390421.7281,0.544586691327705
2022-01-11,5438314.909927368,375095860085.56476,563049976648.1987,0.4134352432411204
2022-01-12,9053038.541297913,373215040080.76404,562672848235.6165,0.705553813058371
2022-01-13,4045161.273513794,347206632923.62634,561596150441.4832,0.30684022700030217
2022-01-14,4527208.978538513,340533556192.67834,560465405281.1254,0.34808538575886805
2022-01-15,2419054.988761902,326805661206.77466,558908892228.3236,0.1872220955542265
2022-01-16,2975662.8594818115,321480622620.70197,558204137227.7473,0.2297367418570509
2022-01-17,6544484.721321106,322279024266.1149,558016304466.4094,0.49417672528522805
2022-01-18,5890842.87146759,325501843346.8937,557338897741.9833,0.4439215065682492
2022-01-19,9868399.863113403,328162449873.14655,557106732208.551,0.7416089933631855
2022-01-20,9454031.879966736,330517814772.40936,557160785685.3416,0.6886560887400605
2022-01-21,10200647.53919983,328063922240.9474,557304010189.2926,0.6848422588316199
2022-01-22,9120306.873626709,320596050188.1391,557141612034.0443,0.569278596716301
2022-01-23,9435165.183227539,325576550067.4167,557522496869.918,0.6055035662775403
2022-01-24,10265886.145431519,328386998507.34467,558067033006.9696,0.6701677001001836
2022-01-25,12435410.885742188,332676952100.7581,558411049130.7714,0.8284256035510708
2022-01-26,4926692.367706299,329115671061.5621,558229982203.3495,0.3299898617789851
2022-01-27,10199698.62285614,331968842723.2361,556049640527.242,0.6727539744897698
2022-01-28,5489869.463302612,324646737104.3929,555387806106.3322,0.3697698050099909
2022-01-29,7617382.215484619,308918512434.3242,554456518071.8939,0.5221178428949926
2022-01-30,4959828.67376709,285605587820.3162,554010471995.4844,0.3394011961226665
2022-01-31,4814260.480148315,282567625829.0472,552784234005.1616,0.3356182190533937
2022-02-01,198733541.03588104,535663078249.8342,573157061836.195,13.412866448860825
2022-02-02,3931263.2543792725,529084354999.4351,572740798040.3656,0.25546593021898795
2022-02-03,6129861.182060242,525404292063.4445,572260876485.3807,0.3953552492075795
2022-02-04,3911177.8012771606,517567291291.23706,571110367448.7753,0.2814565586478286
2022-02-05,3764256.070991516,504471234226.18585,569482024707.117,0.2747279130358882
2022-02-06,4846969.163551331,500943318652.56964,568942006645.4626,0.3575268651291319
2022-02-07,8281150.79296875,508452466730.8249,567149003157.2401,0.6415050767820649
2022-02-08,6892402.886665344,513407919441.65796,565718289644.1842,0.5305829743095907
2022-02-09,6243736.760917664,512359177479.6497,563117123186.8754,0.4903429600177251
2022-02-10,11973093.128501892,522299117799.8746,562514165356.7732,0.9439458530300731
2022-02-11,8564297.275489807,521216985049.2079,561739066777.7539,0.6489347325406446
2022-02-12,3247963.8154144287,520076678260.61005,560132713628.6587,0.2465685064728909
2022-02-13,3457476.491065979,518427763539.655,559559307329.8657,0.260244755588142
2022-02-14,4326670.912719727,521077849063.58923,558681028515.573,0.3296024929183233
2022-02-15,6429299.647491455,526289983718.9317,557578625141.2941,0.5104285325966014
2022-02-16,4400841.03490448,523545962102.64606,556018813792.0656,0.3478983385277031
2022-02-17,8996941.28024292,527557786437.7491,554718070354.5839,0.6629844471674007
2022-02-18,4985995.812919617,520450115813.4196,552318348436.7897,0.36197465592985273
2022-02-19,2669688.4765319824,511230602911.41614,549057986978.908,0.19507371343168803
2022-02-20,6444190.350776672,506788762808.50134,546490277106.03357,0.45455545050495555
2022-02-21,15036176.399543762,514993027737.9566,545777565774.7808,1.0320994820573162
2022-02-22,4990996.727775574,510071400875.46875,544121166342.03674,0.34906389607469346
2022-02-23,13046689.08441925,513969726880.0367,541038819904.24335,0.9074178452406457
2022-02-24,5457009.531082153,505359927725.1625,537306124582.8738,0.3802451273343149
2022-02-25,8791997.664344788,510625984382.03485,535836743051.16626,0.6386122990107488
2022-02-26,4315363.047973633,503767816600.955,533682594002.1099,0.31543013419929977
2022-02-27,7084697.843673706,505827212548.19073,533101231215.5665,0.5011196814848726
2022-02-28,53271904.61495209,571162038580.8031,537948966354.35455,4.18169113218694
2022-03-01,9074128.502372742,578239263126.0251,537938363018.40173,0.7442275560531454
2022-03-02,11074444.443908691,588219188991.0267,536865876834.0638,0.9032465221058055
2022-03-03,11592995.97566986,348342958319.70703,537112196571.40027,0.9148781346383671
2022-03-04,7921631.975769043,354002977239.3692,536622877023.5408,0.5890847033749275
2022-03-05,2875069.385848999,350238704434.14886,534700491220.1652,0.21192828347591017
2022-03-06,3703012.874557495,349643025244.9981,534175675626.78564,0.2674632887168857
2022-03-07,14122261.013160706,362317131209.09515,534983424878.9146,1.0031633918445568
2022-03-08,9994394.330696106,368456727887.1728,532864016567.0012,0.7273899913822062
2022-03-09,12475475.41570282,373800300419.666,532878793850.9288,0.9835935429224101
2022-03-10,8043188.424209595,374338634994.8599,532206130181.3912,0.5943383814251728
2022-03-11,39908917.28638458,416662943148.82306,530398065407.46893,2.9145086727483465
2022-03-12,5301799.2813797,405853467716.8998,528213482558.83167,0.39131649896589055
2022-03-13,3734157.766670227,398477642922.7089,526881929883.7317,0.2718962999223343
2022-03-14,6161878.777305603,401933606614.2845,524380073947.73596,0.46109684441860094
2022-03-15,6168843.641586304,405221942498.03,523377078237.375,0.46672363357630337
2022-03-16,14650052.649261475,419092705297.54333,522431279332.0032,1.1489846942124609
2022-03-17,21824226.64893341,439374411022.80493,522663233570.86475,1.708662775253092
2022-03-18,3455635.7229995728,437746564125.41864,521943278920.33276,0.2770466072212521
2022-03-19,5333553.823852539,432982140178.8189,521499221243.72687,0.43113532226106427
2022-03-20,2583602.861190796,429877363171.6077,519653617586.9071,0.2054867517687585
2022-03-21,6206601.167869568,434813796103.1259,519218647618.811,0.4915073245639763
2022-03-22,4977872.965263367,433585343783.615,517692610704.70667,0.4086528572103895
2022-03-23,5681779.187294006,422882152625.4211,515115710934.07745,0.4701875774078905
2022-03-24,5406106.535453796,424485221258.5048,514184289508.4768,0.46291790338461186
2022-03-25,58056589.10056305,494002607079.3798,517790750174.067,4.975890075110773
2022-03-26,5781443.088226318,495761399524.18085,516791386283.5074,0.49743826218211173
2022-03-27,2983504.4532089233,488917111686.9044,515232508987.05865,0.26563405233322035
2022-03-28,9941295.786445618,499038297473.45276,515329575105.12354,0.9158704810335903
2022-03-29,37046250.82584381,548935492519.9604,519042369313.67957,3.398688575103721
2022-03-30,4908800.565338135,481646803104.508,517880493215.06903,0.4458089129332835
2022-03-31,8411398.406784058,481077861285.2038,516530863261.22345,0.7420278746121169
2022-04-01,7513944.060974121,476519785923.48505,512989719696.0923,0.678727003422914
2022-04-02,3392514.4694747925,465346749762.25037,509957486605.32587,0.30630223843464965
2022-04-03,4973751.0732421875,462510213575.6412,509859517224.2706,0.4531056789819945
2022-04-04,11984920.698013306,477216711580.21313,510488481354.6161,1.0862401751822834
2022-04-05,8080708.790878296,484783259783.54254,510191355460.41235,0.7249609878666131
2022-04-06,6394187.172416687,476162617027.3694,504842532561.5649,0.5507786813961604
2022-04-07,4997334.502464294,470473666689.12775,504079611678.57745,0.4303515501230653
2022-04-08,5699967.220344543,461078809200.1994,503209651663.5032,0.4814900018774365
2022-04-09,2748273.3070526123,454439078246.74634,501843221704.46936,0.23337687215379285
2022-04-10,2661938.6804656982,406707617081.47754,500408938392.10986,0.227625683599789
2022-04-11,6246667.696029663,408098054232.5863,498538948106.27246,0.49827955504453864
2022-04-12,21316417.564994812,431526415523.53046,497780339717.07745,1.699761960146018
2022-04-13,7102931.970985413,433197982384.0958,495972256278.2642,0.5886155918900093
2022-04-14,37259642.2509079,474568875065.0419,494200205725.01044,3.005662917389401
2022-04-15,3039822.3005218506,458660062970.5736,490111132784.0888,0.2509658986882188
2022-04-16,1861432.5889205933,431392799508.6155,489106614132.34454,0.15341707752269645
2022-04-17,1728772.500579834,428881120666.08966,487676708838.33484,0.14200442230673974
2022-04-18,3494536.921546936,426117845498.31946,483013517888.78375,0.2938602637812392
2022-04-19,6936157.486877441,432147446129.06696,482993187216.7092,0.5955983654820607
2022-04-20,6293841.834075928,432312049097.7805,481474946586.4023,0.5402936523709088
2022-04-21,39054602.229652405,478508737932.2365,484659154608.05084,3.296042619574046
2022-04-22,8319163.938331604,481419861949.492,483689615921.19305,0.6812937840290368
2022-04-23,3555438.093513489,478198024713.90625,481622387880.5655,0.2935287057711605
2022-04-24,2377676.0436172485,395452744929.1198,478836786858.9485,0.19654183599604902
2022-04-25,5180865.098739624,393851318708.36334,477545298985.4099,0.43771559038474644
2022-04-26,7088257.201515198,398325561195.7745,476368541040.94403,0.5690774065096764
2022-04-27,4130572.7567443848,387966170777.0707,472999984575.0256,0.3407895106509975
2022-04-28,7366857.860939026,338950586533.73206,472166040207.7632,0.6218063525954142
2022-04-29,8389214.315986633,342025389127.27905,470741096618.9103,0.6864066465341039
2022-04-30,4379927.2080459595,334747907670.2175,467987352685.9774,0.3524793009441168
2022-05-01,4821755.768173218,329277480203.047,467518975914.20306,0.39371054588970106
2022-05-02,15033360.412849426,343374525514.11346,468003894125.183,1.237409530679697
2022-05-03,13015425.33242035,352018042702.22845,467434201925.06616,1.0489727888148608
2022-05-04,10494897.73867035,347438572741.9876,466759914187.1018,0.893669284635151
2022-05-05,8605838.68522644,345558670502.89294,466049418934.3792,0.6726148540202044
2022-05-06,9775669.42288971,348018945720.0155,465410807998.9883,0.7560304893293271
2022-05-07,2574458.442260742,343849430322.473,461722399577.27527,0.19892034787379656
2022-05-08,6690781.827453613,343433905646.4338,461192766386.905,0.49832671410596535
2022-05-09,19100526.16732788,358983172833.09674,461156030015.3816,1.2655079387629238
2022-05-10,12029029.92149353,367691377366.8435,460511173944.3367,0.8146426925542892
2022-05-11,26423163.221305847,385079701045.7808,461100697504.1822,1.6700505546207745
2022-05-12,19780663.060943604,375906296071.97925,459786091131.0733,1.2416772663591786
2022-05-13,29986526.781211853,395756071616.3447,459420750926.6952,1.9316286165376444
2022-05-14,48361625.306503296,394085017571.0105,461878308734.85754,3.107458357776591
2022-05-15,3145283.4971237183,393218140401.6213,461125620944.20996,0.2103436924974469
2022-05-16,8106695.403953552,398766971013.6191,460581756647.68243,0.5243417096128581
2022-05-17,10938422.614974976,407485741502.3944,460303309353.1295,0.718689953455253
2022-05-18,5558809.224761963,408133386854.3561,459176591183.3769,0.3514287170425644
2022-05-19,15151636.533363342,413784922136.35864,457228026569.5697,0.9999737215053511
2022-05-20,8781054.197357178,413673532836.1905,455847168260.6575,0.563338321023359
2022-05-21,3194281.5532226562,363556665692.43085,454704929954.9228,0.20662018168878857
2022-05-22,1898809.7869796753,354476021431.28876,454250213955.9981,0.12573555088687466
2022-05-23,6127958.581375122,355705352780.3177,453448910944.5535,0.39309816906289546
2022-05-24,7012149.274658203,359465215686.0726,451038203046.7238,0.45873575011321205
2022-05-25,6593011.887634277,358995566213.00446,450514590951.10394,0.43270416142853135
2022-05-26,5773556.5967178345,355597586368.43524,449893071947.3605,0.3759808476470471
2022-05-27,11412347.93687439,361154600610.81854,450290191333.9239,0.7282056479653274
2022-05-28,2176807.5107574463,353473916450.15955,449953348803.6137,0.14040415218426036
2022-05-29,4247256.029518127,346844925818.7941,450002419300.41473,0.2761098457385445
2022-05-30,6082224.844306946,347668808210.98395,448371728204.57654,0.42302472426315346
2022-05-31,13208559.459716797,355481473091.65247,449145848643.5512,0.9316508187813991
2022-06-01,13464724.947181702,349543056627.992,447740840716.3142,0.895518006430741
2022-06-02,20654612.31666565,354100568125.7757,448599915289.253,1.3977958576072869
2022-06-03,10895826.912490845,350952808281.33234,447654028679.0793,0.7208607151975162
2022-06-04,8060240.789985657,348491155319.36786,447811246710.44104,0.5350963710358853
2022-06-05,2458990.5959091187,339215193976.5195,447694582747.7604,0.16436634138734274
2022-06-06,5902886.273956299,342326913537.05646,447734044135.16595,0.41363298053170827
2022-06-07,13500641.021064758,348646225296.7381,448094281328.0446,0.9359727318779064
2022-06-08,8026900.444488525,337279674813.32434,447692558000.0304,0.541889960320563
2022-06-09,7775773.638450623,332576025492.75183,447540190990.2785,0.5229532180301077
2022-06-10,11227672.98777771,317764164400.0539,447392226329.55,0.7280091688093636
2022-06-11,7961204.499588013,306288188926.6332,446709927729.7162,0.5073240115677565
2022-06-12,7647490.028823853,283576155486.4822,447041014728.4023,0.4609627741693544
2022-06-13,29992257.500068665,258551696382.03568,448451293553.1599,1.5264396545648704
2022-06-14,23638847.161231995,272825255586.0081,449174337451.5607,1.169260124951802
2022-06-15,24182454.075920105,282547076477.76575,449813737881.0024,1.1852836130827915
2022-06-16,10515914.70892334,278739453451.88025,449881917648.11005,0.4814300479779357
2022-06-17,74413148.81026459,324174437063.57007,453548261195.8467,3.3610918156028124
2022-06-18,17705395.220100403,319851235952.7565,453991335851.5738,0.7214234107938785
2022-06-19,5877593.089134216,315272701876.1971,454087548798.4615,0.2630333212845742
2022-06-20,6510792.097389221,316550514374.8474,454131595316.1464,0.2912935183677158
2022-06-21,10594288.628608704,322024254827.89825,454067271219.1781,0.4874335335587928
2022-06-22,9509449.119148254,322433228621.2488,453905392935.4335,0.41973317220199374
2022-06-23,4695184.500335693,318819925589.3101,452966535875.1282,0.21747358721737758
2022-06-24,9746515.842308044,319212573360.36053,452621805889.71387,0.4567145655167525
2022-06-25,16735615.483322144,325483549225.71234,451830029377.28503,0.7907408345440513
2022-06-26,1663831.2947006226,315725995939.8783,451686630991.10315,0.07787979445073331
2022-06-27,7085104.804359436,318527088929.77954,451706433465.0649,0.32589331754483786
2022-06-28,9174825.27381897,320595306186.4733,451749109654.1527,0.4123895593694615
2022-06-29,14252878.455337524,323829238883.37555,452155060884.7292,0.6340530769184279
2022-06-30,15087772.552764893,319508708616.9324,452529122850.55396,0.6382598932602225
2022-07-01,7964404.332122803,311276346764.67456,452392512781.9518,0.3403883246458277
2022-07-02,3936360.565589905,292894633780.76556,451671318349.6224,0.1673777163297968
2022-07-03,7662537.330848694,287081740543.89154,451840696006.1021,0.3282338387829204
2022-07-04,3029502.432739258,281115140138.17035,451636126757.6524,0.1342323106156401
2022-07-05,4426134.675247192,281653813497.01526,451416098428.9264,0.19881019242086043
2022-07-06,9438399.398910522,281901174025.41034,451556953148.9469,0.4265649807178597
2022-07-07,4337408.907371521,271056731193.43332,451188862594.47894,0.20849526988150857
2022-07-08,6804124.268066406,267914770174.79755,451175338849.78046,0.3287885200231783
2022-07-09,4399376.808654785,263280171011.3768,450851186821.7744,0.21072276385313898
2022-07-10,2146988.551475525,253914002248.93155,450768542259.04236,0.09920962923559475
2022-07-11,19375257.593460083,259417218012.40872,451550161517.518,0.8675074860583366
2022-07-12,5818509.244857788,256314168813.83847,450659434795.1155,0.2506943861298355
2022-07-13,2738708.7816467285,235314605725.334,450452844484.81287,0.12109357424017865
2022-07-14,8103763.597991943,223367190413.47318,450431050655.0334,0.3702657317593733
2022-07-15,13817729.345596313,215252041174.56012,450639659552.5025,0.6428692396274248
2022-07-16,2438591.7689590454,209754944460.54233,450283896494.65454,0.11475820516671409
2022-07-17,1626180.4004745483,160074070237.27713,443477111447.8047,0.07664684627651143
2022-07-18,6764433.886474609,154101865756.56418,443600932378.0183,0.3344308650665833
2022-07-19,41134697.58042145,182257503320.49173,445747887365.2642,2.1629026415154398
2022-07-20,9609003.23249054,185354050116.16345,445591116336.4581,0.5053556631091
2022-07-21,35425558.39855957,205320701653.56674,447338242867.36487,1.8337961792573294
2022-07-22,9602206.605575562,206229587557.67862,447400152777.88983,0.48678062854363197
2022-07-23,5213373.498634338,206832777438.9091,447168287441.51404,0.26076078549814097
2022-07-24,2935579.6220550537,202160102181.88107,447157307571.03656,0.14880381597905082
2022-07-25,6775942.415710449,195138003804.95322,447270174755.2918,0.3278052315342478
2022-07-26,6159409.0034713745,198297405431.63147,445195104576.9125,0.2919154084175844
2022-07-27,4289816.116676331,196655473278.32132,443046569421.55756,0.22108317797574994
2022-07-28,3850971.2112960815,193502920250.91534,439478762092.1158,0.20870183809796541
2022-07-29,4617012.123352051,187611387749.87082,423589191662.9422,0.25955414994240866
2022-07-30,2475279.846687317,179948006583.17422,423148642618.77997,0.1392649029478939
2022-07-31,4770988.945915222,178576024474.42465,423028917453.60297,0.2667185660139955
2022-08-01,3387905.313270569,178675047441.13687,422945863991.4605,0.18576940806774736
2022-08-02,5948458.070198059,178300714583.93658,422848148916.463,0.3241812002811969
2022-08-03,4406926.998504639,179680438788.34662,422727399774.57764,0.24132783216531412
2022-08-04,10329781.319122314,184456736849.03183,422981435784.2234,0.5509344938012003
2022-08-05,3123990.8438339233,180438054426.0672,422776766099.575,0.17043961755241033
2022-08-06,3579035.4601516724,180055837829.97375,422067501248.5617,0.19571335283338376
2022-08-07,4015909.026359558,178204434899.9654,421839167624.6854,0.21998712104820037
2022-08-08,4495307.139968872,178613587253.50537,421398003152.67053,0.25457922908306735
2022-08-09,10077631.28112793,184885559544.23398,421303805429.7879,0.5527596610072816
2022-08-10,16017530.901924133,184522150751.44492,421843312437.88654,0.9027543413283327
2022-08-11,4473027.253433228,184341933515.77255,421359857096.4881,0.2552954949972276
2022-08-12,5229456.36730957,186759406533.91037,421161431984.51324,0.3017159831342967
2022-08-13,2309615.7637557983,183081788293.41074,420692819210.8707,0.134184927303561
2022-08-14,1951500.2025299072,175007213759.11182,418965836829.6584,0.11329119245779598
2022-08-15,3752111.4176864624,176299615621.15274,418892769371.2655,0.21591642122202978
2022-08-16,3359092.487045288,177844048699.75583,418510497790.4113,0.19192855321543145
2022-08-17,5527987.156074524,177191822734.82077,418195186705.4208,0.3079592226444975
2022-08-18,6133388.955436707,149819058728.03027,417489429786.3552,0.3423472611071429
2022-08-19,8163291.471710205,148050281396.85675,417273230115.83356,0.41248434290584646
2022-08-20,2897074.6670913696,122739803128.82039,416790077447.9832,0.14638739227755626
2022-08-21,1607583.581451416,116635124588.04283,416016295055.8342,0.08327888058269871
2022-08-22,5539812.492118835,116667873649.04022,415728063640.801,0.28284457075918434
2022-08-23,5141062.396179199,118138391448.93523,414543890172.3546,0.2669301136251988
2022-08-24,3939225.9746017456,116080798314.8892,414235543601.0106,0.20493101203890618
2022-08-25,3736697.4781723022,114439761005.83804,410362699516.2084,0.196723999529482
2022-08-26,5988482.5545578,115246669847.12971,409060139669.99207,0.2986294604413722
2022-08-27,3810356.0144729614,114731779204.45598,408730595147.97644,0.18661021973609954
2022-08-28,17678107.29499054,122713820816.29628,409162379319.0282,0.8539533412226077
2022-08-29,19099448.835716248,133603456560.25345,409796094578.32294,0.9410017129674006
2022-08-30,11159049.15348053,137238717081.63036,409475656051.2011,0.5418819864085886
2022-08-31,3790443.3070983887,137163355813.37114,408633222147.5233,0.18674341833878091
2022-09-01,5856924.4014053345,136493259933.90402,408051406186.1622,0.2866710965702211
2022-09-02,6234917.01335907,137233599583.6882,407612323982.2362,0.3047652614237893
2022-09-03,3316602.8032226562,131652039414.54495,406960469737.65094,0.1611661648097423
2022-09-04,17554531.23714447,140929598046.04932,407382067937.6475,0.8600885921243256
2022-09-05,3417103.650932312,140428788968.90042,407120300795.7782,0.16599509615413865
2022-09-06,11598014.07912445,144623323075.42438,406939821049.2429,0.5372666815037144
2022-09-07,7133583.229469299,145605812381.08984,406484955944.1667,0.33643030559905684
2022-09-08,4332184.489845276,140627300325.36435,406021670960.77997,0.20571411077895482
2022-09-09,4684981.598869324,131262528957.80093,404547789937.4803,0.24688737182857623
2022-09-10,3030724.7862854004,129862154767.67369,403339055635.93445,0.1625432664392631
2022-09-11,2978965.1869659424,127781756388.1716,403039332735.463,0.16042896777727625
2022-09-12,4366594.753829956,129156721487.15732,402864138181.0402,0.24251249757209253
2022-09-13,15856524.625839233,138262952447.73822,403205055603.7411,0.7952580544676141
2022-09-14,7235696.155754089,140101715709.13004,402013726222.1932,0.36219839269792775
2022-09-15,6784476.878448486,141893127005.6824,400952474356.4745,0.33436993613302846
2022-09-16,3283774.801498413,139755817773.22528,399557224073.5297,0.16184862578246803
2022-09-17,2340974.326690674,136557371039.29628,399037881924.6712,0.11771554265501712
2022-09-18,1630420.0501327515,131883239414.28563,398631598955.7791,0.08001052969649004
2022-09-19,12858818.02280426,138219365085.68402,398784264506.5546,0.629655192181225
2022-09-20,5843870.886360168,140757761037.8554,398340887301.55237,0.278146817094569
2022-09-21,7102217.987876892,141280765684.6956,398299015261.0402,0.3346143475421003
2022-09-22,4737606.773910522,140651549011.3303,397695339091.6784,0.23077400835271814
2022-09-23,4640268.385856628,140768540575.11237,397338795549.0019,0.22247879410809196
2022-09-24,1558911.8718566895,139065838223.69266,396858809603.0511,0.07470445469915651
2022-09-25,2602194.797317505,136630081031.5624,396788784180.1975,0.12370483993197579
2022-09-26,4669481.134803772,137076202699.57942,388735111029.3165,0.23063765960461488
2022-09-27,11332786.450080872,132624286798.03133,388270656146.6616,0.5559217531857492
2022-09-28,5997583.698112488,123671899036.40778,387911122885.59143,0.301737143410986
2022-09-29,6084241.943458557,120230456591.39888,387527379935.2293,0.30615697026761823
2022-09-30,8604216.908554077,123278204599.80347,386752014462.43225,0.4337197964848633
2022-10-01,2333611.873352051,120880165922.8157,386007451149.89655,0.11666972651594402
2022-10-02,2078259.1001815796,118068316384.08005,385527973127.86176,0.10341815145722592
2022-10-03,4417340.563446045,118762844363.80618,385256158852.63995,0.22432891867571592
2022-10-04,5426435.535110474,110742743639.33623,384607246335.1577,0.2854383233315941
2022-10-05,7507956.734283447,113540183575.45488,383815324581.07806,0.39472934470716475
2022-10-06,5138371.664535522,109677758303.56667,382437863124.26825,0.26870364830169685
2022-10-07,6666489.778785706,109453393593.68938,381316433986.09015,0.3409842982485759
2022-10-08,4772693.429222107,109761745885.82062,380611309551.1983,0.24375249351370115
2022-10-09,1727747.8923721313,107551065829.16011,379975227007.183,0.08831454408545869
2022-10-10,4601216.362838745,108306738685.04782,378483652581.0465,0.23311504383489948
2022-10-11,6628227.6457595825,110355838860.78021,377622408802.0067,0.3340166961926704
2022-10-12,9557360.441574097,113198945027.334,375229605411.35156,0.48768213032795665
2022-10-13,4852510.990951538,105643556774.58862,374436971533.61145,0.25101800205148617
2022-10-14,4864867.551704407,103904595122.9376,373465412115.0966,0.25019686669633573
2022-10-15,1872342.8156967163,100626676911.06647,371986010652.1632,0.09604906061972679
2022-10-16,3246663.111656189,100558266845.50879,370425916495.32166,0.16903646014686663
2022-10-17,23288537.629951477,114161040225.36111,370981584931.59076,1.2266273601967443
2022-10-18,55440353.50566101,148727928741.20786,371666423286.0396,2.8759697241711066
2022-10-19,7995619.8399887085,145465286134.47903,367031751585.7879,0.41744972701373134
2022-10-20,3290653.866630554,143859477880.4744,364354243726.5797,0.17187394789453286
2022-10-21,4619512.687042236,142371927886.32596,362409455645.4955,0.24461300309034262
2022-10-22,13683238.703453064,148068232001.51865,360771002580.25824,0.728070906704114
2022-10-23,2470118.7078094482,146729459482.53543,360042433188.33954,0.13397387660518809
2022-10-24,4484706.653785706,148632337593.20648,357448620864.1805,0.24264596146543946
2022-10-25,12205934.813529968,155207768559.6426,355740086931.2423,0.6924932867476145
2022-10-26,19296391.874038696,165577899266.92416,355216464435.30023,1.1282159402985201
2022-10-27,12449072.84841156,166876442014.48132,354983197076.80853,0.7177928093515216
2022-10-28,4720107.539001465,166215675046.41678,354012553234.4958,0.2746348517491951
2022-10-29,3498439.1657562256,164690390076.73154,352832960863.2289,0.2065727058714745
2022-10-30,2999868.299331665,161163578770.08298,352226689944.5372,0.17584603203423466
2022-10-31,6355072.531417847,163989985514.5291,349415896736.71326,0.3715560376750261
2022-11-01,6837680.3739852905,167324791493.39145,344362579966.2787,0.40630073597283944
2022-11-02,18257688.41067505,176741636848.3333,342009386447.9805,1.078711499729387
2022-11-03,8111228.79385376,178551141869.18817,339518926700.35315,0.48323314330436296
2022-11-04,38348527.56741333,200469881036.29764,340742325742.74335,2.374419863485277
2022-11-05,9191909.578094482,203576494386.95322,338430221720.5883,0.5790288130699249
2022-11-06,8998361.423706055,205564321960.45798,337999465777.8355,0.5611184722498916
2022-11-07,20884341.055595398,216846588478.7973,338637067750.2642,1.2734664700995766
2022-11-08,13906201.742462158,224388067519.24823,336262559711.861,0.7726156321805696
2022-11-09,26458267.957870483,235757119801.92685,335191967899.7617,1.2807639885659912
2022-11-10,16758468.326560974,241278267135.79,331797027768.2353,0.8793526915378583
2022-11-11,47377058.61818695,261938492044.12967,332088133861.03906,2.417429106079546
2022-11-12,31000185.494178772,276158074692.9967,327024399037.49176,1.5918625689299302
2022-11-13,4513830.717147827,275511002293.9154,325844390923.8384,0.22718728945534358
2022-11-14,14050823.402450562,282104192554.1751,325691107780.10986,0.7170125591892895
2022-11-15,14254159.099746704,287978477832.48987,324537432887.2659,0.7359522194268332
2022-11-16,35273272.005607605,292325370655.19226,322426877753.27625,1.8158006893436338
2022-11-17,18932517.764335632,267232258408.66797,320457856600.12616,0.9864261616788211
2022-11-18,75567840.20837402,304001046928.40344,322786526822.07477,3.8919869811957977
2022-11-19,4095900.6225891113,304187522379.29724,321783461719.31305,0.2119974266661746
2022-11-20,9319512.661605835,306325997333.3993,321165416856.5104,0.4757807220106495
2022-11-21,12878387.05556488,304378310960.43646,320912499202.3568,0.6364235742762075
2022-11-22,16431966.20400238,311611772121.7042,320033892304.0073,0.8287875807312333
2022-11-23,86631878.05121613,356435762438.61694,322331232526.6313,4.440938479870072
2022-11-24,8826635.779281616,353103159751.1687,321548740370.44574,0.45520172535841225
2022-11-25,6015347.510681152,343050247186.58856,315139390214.7887,0.31469725326114106
2022-11-26,4114668.947036743,336814154577.78766,313643589858.3245,0.21591899285718044
2022-11-27,3726166.2335739136,335621622608.24725,313370869330.72394,0.19608786904773726
2022-11-28,9739824.616897583,338448610923.76355,312854135383.2317,0.5040537780281554
2022-11-29,8501369.75832367,341033613882.1953,311701860141.7466,0.44750376046142293
2022-11-30,7222603.100288391,340798322094.0328,310539675136.40137,0.3953402488534149
2022-12-01,13948805.780815125,344013670016.945,309129698067.64703,0.7646473594958408
2022-12-02,9087071.087249756,336867088237.33215,308447116339.3577,0.5009999983868384
2022-12-03,3141516.670074463,333171014605.39185,307347584724.62714,0.17304378445068141
2022-12-04,5679146.493438721,309439255771.6525,306470276084.48615,0.316874389263085
2022-12-05,16828044.490898132,312449115723.3529,306404240623.3398,0.9342450599199404
2022-12-06,7716838.984840393,310508062284.13934,305327214725.59467,0.43044358427153784
2022-12-07,5344836.367218018,299128843742.2109,302667331332.9384,0.29691475012905755
2022-12-08,5971018.873374939,293901431941.53723,301932859384.0131,0.3410670714685375
2022-12-09,11559931.804885864,286199712865.75574,300596978369.87396,0.6595216976040144
2022-12-10,4498415.007759094,279046017788.19904,299796162863.9616,0.2573607225272196
2022-12-11,4771334.610900879,255012907959.81122,299105581546.2261,0.27350283904695194
2022-12-12,5748391.379867554,240938846918.12152,299011451513.15186,0.32893746445550387
2022-12-13,11125394.46861267,245046403856.01178,298309626412.8062,0.6612405186749074
2022-12-14,12893082.978385925,245022476342.10742,296337665547.81824,0.7856132255314472
2022-12-15,5526569.779518127,240257598274.84415,295517434269.11237,0.32450776462563297
2022-12-16,8184259.029876709,225307209994.48175,294477637981.0917,0.46506518938200503
2022-12-17,6021039.861633301,218131900037.047,293964918960.2227,0.343063774750922
2022-12-18,3996888.1407318115,178485731261.38248,293458314237.4622,0.22795706777234614
2022-12-19,14191581.218940735,184022932565.46204,293687363975.04926,0.797900535381979
2022-12-20,4218721.948020935,181301618177.06146,292969083742.6749,0.24290918808119313
2022-12-21,7036198.594596863,178433758921.77737,292435300952.5988,0.40419368567583236
2022-12-22,6464236.750495911,173192967137.3863,291483887935.2977,0.37057403957395946
2022-12-23,9507397.830177307,130804598064.27809,290438948606.3743,0.5502089246810873
2022-12-24,3897044.6837005615,128112986210.85146,290103207022.934,0.2261994497546675
2022-12-25,6194443.503562927,128276919213.62885,289594731526.39746,0.359438481596887
2022-12-26,2723286.2474823,127550700879.42719,288805777157.6547,0.15905172834266024
2022-12-27,4923798.980690002,128236452230.31418,288233097981.4116,0.2845640111761147
2022-12-28,17509412.48097229,132657280400.31145,288238113592.8732,1.0072233348766477
2022-12-29,13372807.105743408,135417153128.4454,287682648187.5749,0.7726706417668169
2022-12-30,11223381.161102295,137525017356.25308,286106391688.9028,0.6501244456075117
2022-12-31,19812680.963363647,140570367840.01022,284573011323.4285,1.151675348121478
2023-01-01,4207334.71006012,137747279613.93588,284006370332.0054,0.2459077165225927
2023-01-02,5244100.790298462,138892341456.80002,283986427571.68134,0.30824164815536903
2023-01-03,8293825.567329407,140259275473.03476,283423258102.6153,0.48732980833420253
2023-01-04,8260558.328010559,135374871719.28781,282883741132.79095,0.4939291843672194
2023-01-05,30827904.620132446,148288963515.5373,283220716784.22424,1.8319595418752805
2023-01-06,10882777.584892273,151423223109.22815,282219510928.75824,0.6515998212189337
2023-01-07,8102644.508178711,152565994060.61386,281748313573.65436,0.48718121124056196
2023-01-08,4265159.152557373,148372942331.27652,281567229067.13226,0.2573405926147067
2023-01-09,5715107.160095215,149091416689.0573,281422607358.64795,0.3507535828249394
2023-01-10,12110991.00831604,153399540640.57068,281158133847.39514,0.750644988942895
2023-01-11,10687145.495727539,156423371460.7386,281038370256.317,0.6727586455062862
2023-01-12,8243116.307151794,155023733656.98898,280376094377.9756,0.5537750225349847
2023-01-13,8014028.91708374,152495936282.6209,280334046645.818,0.5599493530115578
2023-01-14,5161980.101654053,152889756313.59387,280094656196.8591,0.38455679374353274
2023-01-15,5514310.76133728,152158182833.87323,280123050717.5658,0.41054848499695895
2023-01-16,16427849.083084106,160417279941.60446,280726836000.2972,1.2418535860049031
2023-01-17,6933829.126655579,163102214183.89584,280375288751.2527,0.5258805965119846
2023-01-18,10398307.53755951,162499954282.90054,280289948435.5432,0.7715778219228188
2023-01-19,7834334.37171936,165620341522.40536,279609458398.7787,0.5893094618243003
2023-01-20,6123025.1206588745,166178874603.27768,278927990801.7116,0.48383991205766214
2023-01-21,4824025.998672485,166278507498.97287,278186456586.6426,0.3990321817093546
2023-01-22,2837298.282234192,163104880116.19022,277494468874.43365,0.23277321662208403
2023-01-23,5444447.784889221,165089271815.75754,276912471824.16785,0.45195846890977676
2023-01-24,5928870.421875,166131091861.16046,276258629610.273,0.48992529982259886
2023-01-25,6112435.239608765,169266959089.16357,275374818827.93494,0.5084381914377162
2023-01-26,30091925.039901733,189620742351.40094,276767761375.0973,2.5025828909448644
2023-01-27,12921335.187088013,189902010433.50104,276561387651.25134,1.0802599705325067
2023-01-28,2873536.3848342896,184696255193.282,276179868852.41534,0.2393776181747261
2023-01-29,3466321.59173584,181240521429.88556,275612310236.48346,0.2987266653981317
2023-01-30,4751835.809371948,173953411259.2529,275396120099.2318,0.3962380324152261
2023-01-31,6662547.958015442,176767695994.65875,275310485688.08325,0.560341534696099
2023-02-01,10292890.750785828,181874788584.7678,254907938010.16922,0.9444555711800441
2023-02-02,4172889.1947250366,180577333226.74915,254778845354.1755,0.38934528167025106
2023-02-03,7870360.922767639,182069132222.5786,254664412926.69257,0.7243984476796697
2023-02-04,2887912.8918304443,167025070468.2779,254409027401.51544,0.2654270669178009
2023-02-05,4045179.9052734375,163982170148.9256,254234108401.86032,0.3642594373636248
2023-02-06,4393931.909545898,162759348939.12997,253952370857.4814,0.3960500468584904
2023-02-07,3911665.5215682983,163355397364.90353,253203086379.52243,0.35678921475235903
2023-02-08,5930314.081962585,164599744333.83176,252753442281.2925,0.5382336068658828
2023-02-09,6848190.819267273,162621780146.8671,252412594340.5912,0.6010437754125384
2023-02-10,6904107.654197693,161309337948.669,251367977391.8344,0.5955322110486686
2023-02-11,4016111.341026306,159047642629.30588,250608751165.38098,0.3488083237119487
2023-02-12,3871999.8971557617,156637364056.7988,250462322190.71027,0.3380329229989272
2023-02-13,4934912.684692383,156621627051.0079,250357165526.55933,0.42834880532572067
2023-02-14,3136930.537086487,155107952409.41357,250043333184.3459,0.27832717613664654
2023-02-15,6415994.276763916,148544638965.58008,249679273417.82996,0.6076684803783157
2023-02-16,6641981.568183899,149001883937.04807,249590843970.51862,0.6457018642030202
2023-02-17,4799982.8748168945,145705444514.48306,248904824441.85016,0.47155504320578795
2023-02-18,2307791.483100891,142111215726.9675,248513110446.46756,0.22916149462774046
2023-02-19,4650758.761711121,141397334794.90222,248530735888.02554,0.4568451711707705
2023-02-20,2965612.054260254,140150041419.96597,248051767157.4479,0.29665802541518044
2023-02-21,5162955.892547607,142224852569.42108,246855988723.59512,0.5138121835902159
2023-02-22,7653582.859817505,144169580138.76093,246838349571.8357,0.7433802899191171
2023-02-23,4039907.799232483,142874368529.53113,245757641252.6972,0.39262154035847513
2023-02-24,9370965.520011902,145441246410.63702,245792461459.61786,0.8829294844797143
2023-02-25,3395121.882888794,124965796023.36148,245069663701.7817,0.3197896940011692
2023-02-26,3509317.7960891724,117758788239.26534,244834618196.866,0.3371580520746072
2023-02-27,9392982.719650269,122875244839.33759,244704364657.16718,0.8974297516251293
2023-02-28,14408685.132156372,131326675692.98524,239461458492.27924,1.402629358828026
2023-03-01,14584547.420257568,139192036013.05582,239310046637.89188,1.441992223950301
2023-03-02,5206975.31300354,138117656185.7062,238315839156.13913,0.5120788684462805
2023-03-03,5661235.874031067,134306941008.23212,237315936587.30826,0.5327403152336795
2023-03-04,4078075.589744568,134035948956.24863,236699363577.48065,0.3847377465327617
2023-03-05,10126239.839866638,135455621298.09706,237011008833.31842,0.9580511756670873
2023-03-06,7647134.375213623,138931539028.5695,237090275109.75418,0.72463779366419
2023-03-07,25075514.9605484,154402169307.19254,237145207423.6217,2.3476168365034464
2023-03-08,5533937.617347717,155075341503.4929,236414174716.35696,0.5108535239557516
2023-03-09,8143342.624519348,157675499793.88217,235439404136.30722,0.7150242317825362
2023-03-10,5818113.2191848755,157027749098.76273,234892273577.50363,0.4964312970250602
2023-03-11,6746122.017608643,156592216865.7353,231036918207.7346,0.6000991215986451
2023-03-12,3647284.247871399,154227921488.3654,230686425647.02332,0.3414542742207983
2023-03-13,12592507.86643219,161504439224.96057,231131501546.38788,1.3226667436244783
2023-03-14,14185683.076927185,170341629454.66058,231427365163.89178,1.5114038804983918
2023-03-15,12020702.125938416,176514463578.63535,231559290546.88297,1.262852446069627
2023-03-16,9603868.952003479,182205321136.70618,230573137225.9208,1.0422705110858064
2023-03-17,9138152.83631897,185412247372.67322,228805670926.03815,1.0835833339940637
2023-03-18,4348438.687652588,183982610330.75995,228733532699.7246,0.5170739969186579
2023-03-19,4716910.120010376,184510012365.85507,228482457772.29132,0.582952352645832
2023-03-20,7858684.687149048,189909553923.9635,228789728864.4692,0.9569305565174544
2023-03-21,7435680.090744019,193122798138.39297,228665722356.67743,0.918097346848438
2023-03-22,9170545.880760193,198938193549.87836,228765700014.9488,1.0842902138477384
2023-03-23,11223236.794525146,205324166662.50528,228974510425.27307,1.3906211979045442
2023-03-24,9136606.27193451,207626096346.73776,229014311907.8546,1.1027810982243667
2023-03-25,3500364.990837097,207604914055.8972,222218104839.808,0.43135222941164725
2023-03-26,5146165.308769226,205163667840.84113,221907716389.75406,0.6479271075969477
2023-03-27,11213165.792274475,212677564358.7887,222365043373.44324,1.366166388807813
2023-03-28,5171764.785751343,214644290730.12833,221459768327.55148,0.63916690223623
2023-03-29,4624296.0235443115,211701844134.57632,216986530543.29984,0.6052522200362992
2023-03-30,91213768.50334167,285710487419.8863,223357103778.47458,11.444162407673055
2023-03-31,15126048.1746521,288570720319.1766,223487541900.958,1.9280278877230943
2023-04-01,4526256.463882446,288792932826.28827,222886234791.98584,0.5774375460259683
2023-04-02,2630964.320869446,287042256301.4807,222660772741.21747,0.3319285665516363
2023-04-03,7126617.510437012,290644815470.7673,222573440445.57312,0.8947336862316851
2023-04-04,9749023.735061646,292218500573.5638,221805676421.81293,1.2365744338350293
2023-04-05,12376757.360855103,298134074221.88477,221749246159.48087,1.575075403202059
2023-04-06,10060214.554115295,288983283101.33215,221760604635.18024,1.2725540160366677
2023-04-07,8053178.193367004,292453525623.78516,221782382300.0274,1.0139682314184553
2023-04-08,2215167.4347686768,288906133007.8206,221288225271.18018,0.2798300746417035
2023-04-09,1663833.6506729126,286586340991.7204,221096158186.67953,0.21264103336677348
2023-04-10,7768798.866279602,289583601912.6512,221410286823.99542,1.032304698123323
2023-04-11,20554568.369880676,307660010165.2384,222431243942.85776,2.792148722501688
2023-04-12,18744786.036697388,316154159417.8115,221648850359.6165,2.5289300042258054
2023-04-13,8517511.510429382,313120769614.3766,221558005210.21628,1.167994464536018
2023-04-14,12749764.401725769,316295303741.7499,218550503862.77686,1.7737833290097687
2023-04-15,3438022.4949188232,311760894586.44446,218499232975.1705,0.47728912133896784
2023-04-16,3357583.474456787,306902104618.2215,218573559017.2387,0.4674230183717576
2023-04-17,6650646.667701721,309506836330.2158,218921947685.8172,0.8971878581314409
2023-04-18,5851901.21484375,310970251694.05963,219018271980.1604,0.8085939388108062
2023-04-19,27228242.660247803,330035354354.6298,220396954198.07715,3.5884750098409497
2023-04-20,5152158.1982421875,327880242406.9621,220082286190.3088,0.6601350662778352
2023-04-21,6762747.205863953,325769141342.1848,216211760569.1912,0.8543262279565322
2023-04-22,2365454.1977386475,317342846987.7369,215488728373.62204,0.3045541074889594
2023-04-23,3201933.414123535,311862945132.5193,215342935503.9051,0.4093730705956518
2023-04-24,5372177.85684967,313583776938.54846,215489148566.61044,0.6843928341643186
2023-04-25,5099102.777694702,313544091074.1846,215307122337.62985,0.6622607155528363
2023-04-26,5835506.686592102,308897398306.33276,215014783409.92752,0.7645375013755685
2023-04-27,5154843.40864563,309258432488.2686,214990639153.12946,0.7087786712491049
2023-04-28,5748031.394210815,310499653366.44086,214648097680.2348,0.785323548152726
2023-04-29,10225754.734169006,235266073048.60144,214582365470.63806,1.3939988048742704
2023-04-30,2251079.8224868774,223105303330.36218,214311437434.6685,0.3082762291522277
2023-05-01,4596523.243904114,223097502270.80423,214159113318.10287,0.599875703088534
2023-05-02,5034773.523132324,225453231968.49622,212968611627.87906,0.6788763891021445
2023-05-03,14740981.009895325,232897564676.6558,212782716224.29315,1.985471111415815
2023-05-04,5301264.132965088,228858205957.6772,212059344905.29422,0.721960483475578
2023-05-05,4779134.4150009155,221918621633.1677,211587050361.96918,0.6667905872677681
2023-05-06,1756802.3154907227,214204341692.8203,210762144030.20526,0.24090640209809014
2023-05-07,26501993.299942017,232084366057.73553,212596212634.43253,3.58087762455599
2023-05-08,8757839.425094604,238063389450.58173,212627634898.91833,1.1348186349110247
2023-05-09,3217696.788421631,239454831149.3206,211271910924.99927,0.4201096403388584
2023-05-10,8016003.057121277,239229630261.68213,210851787061.92737,1.0519562378996803
2023-05-11,8320927.636856079,225996911278.42996,209355946153.7604,1.0703280620335125
2023-05-12,8320119.580505371,214700951680.36618,208399096026.0592,1.0636113321094265
2023-05-13,2458428.3547439575,208271154275.87347,206148285976.75284,0.3195981048895228
2023-05-14,7864220.292549133,202403446983.93887,202795854225.48322,1.0435618733365963
2023-05-15,32107030.04271698,228178200765.7524,204934306429.7566,4.282005954308813
2023-05-16,9820116.531646729,233610403453.57785,204999046615.0435,1.2933347627939809
2023-05-17,4365751.701942444,231049399198.24814,204420330510.13394,0.5849906679237193
2023-05-18,4483820.880645752,229148526625.36578,204307187577.77765,0.5876967494342054
2023-05-19,4632157.846305847,206932611696.23074,203395394435.8749,0.6116732134268273
2023-05-20,3230723.2408676147,205007617238.82532,202931662990.52542,0.43134816700705036
2023-05-21,3390963.3426361084,201884890693.3878,202923669473.37946,0.4486099710301855
2023-05-22,19153757.473625183,216843329717.78525,204176452342.3752,2.5192971186174655
2023-05-23,5960396.327629089,219312986295.10892,204132604011.97015,0.7948034408482425
2023-05-24,6272004.954711914,219901832617.12762,204018185574.6424,0.809460285682719
2023-05-25,36318713.19985199,247198698956.0842,206118338727.47205,4.664773862469943
2023-05-26,8723617.088722229,249496221060.0057,206294123247.5909,1.130970309341589
2023-05-27,2449957.2000198364,246605915649.59213,205575678745.35748,0.3194522700269901
2023-05-28,4986096.399894714,245609154966.46283,205782500845.95847,0.673844396926617
2023-05-29,6994526.549255371,242095795343.60196,205972847897.33472,0.9405451946942925
2023-05-30,10486607.523788452,249605684066.57428,206251454628.27878,1.4126629264789379
2023-05-31,10362278.839942932,254710954007.99265,205876604900.26788,1.367940505204524
2023-06-01,11403007.223892212,260074479877.93057,205615029977.1892,1.485714046225413
2023-06-02,5936746.21232605,251384676574.40482,204340314178.97513,0.7917176677356595
2023-06-03,3094159.872200012,249078926383.02527,203686149132.83075,0.4120356822948398
2023-06-04,2952457.4357910156,247050308221.49417,203249446490.91122,0.3947155089879547
2023-06-05,8954194.191139221,253025209278.4118,203678035698.85406,1.1293362130829843
2023-06-06,6174507.164863586,233219812525.6986,203628505701.9923,0.8207059111417683
2023-06-07,4868975.735786438,229465411881.60843,202831951604.52423,0.6343269984824997
2023-06-08,9810786.557136536,235179283801.56015,202880097965.12833,1.2824004262639683
2023-06-09,5027918.262428284,232216247361.91534,202603038174.46143,0.6560403075905059
2023-06-10,6120383.693321228,230012203510.12598,202143456217.60202,0.7814164827489036
2023-06-11,3616696.799758911,225757593349.65613,201780142964.9379,0.4659394821467523
2023-06-12,8143550.1005477905,230582719283.15088,201792661083.32843,1.043835679644736
2023-06-13,9010645.937477112,231305215435.25583,200556417435.33704,1.1632881614412078
2023-06-14,9219634.50465393,209891727965.87045,199761687721.25223,1.1770289837603738
2023-06-15,9659474.305000305,209257600788.25345,198975254092.6179,1.2368803302735945
2023-06-16,6319160.027572632,210820987970.57755,198837990881.53378,0.8372927146061532
2023-06-17,2816852.609451294,209306505635.20508,194865987734.35043,0.38301296615229563
2023-06-18,12857261.479171753,216512759897.92624,194901821061.5053,1.7475421242214044
2023-06-19,10723161.590377808,223153125497.12653,195360190959.36893,1.4677768660366477
2023-06-20,17450045.59237671,236505841913.02704,196344655298.4353,2.503837312065224
2023-06-21,21629514.93132019,241033327428.20474,197519663788.97574,3.291853079628945
2023-06-22,7174441.553024292,242814923031.8201,197588633689.55136,1.0916273883718413
2023-06-23,20001614.828781128,257790482554.3572,199002066969.02985,3.0874624259629044
2023-06-24,5520082.735298157,231366901632.097,198898146530.62848,0.8486153056124068
2023-06-25,5909183.295593262,229582488544.3927,198411844287.4824,0.9060957847509595
2023-06-26,5487046.934165955,232928601143.23752,198770413419.6061,0.8354110269537187
2023-06-27,10099220.14792633,238638504553.7048,199216315828.74673,1.5559091443146091
2023-06-28,7412411.9621658325,239612398689.22156,199316718513.99884,1.1185393681723743
2023-06-29,18062415.80821991,248269403253.68744,200041057179.2632,2.7548040796738276
2023-06-30,6862440.393783569,245846542836.9837,199822180315.6145,1.0456353448147462
2023-07-01,31970741.817886353,268271666228.55066,202080398700.24738,4.840839815197673
2023-07-02,4157311.167327881,267118788902.61096,202221751586.2499,0.6289803949883722
2023-07-03,6834279.199157715,271431953032.43295,202399865227.7792,1.0539576451127761
2023-07-04,4401441.879959106,273283619445.66653,202605759858.65048,0.6701472910489461
2023-07-05,5221707.959510803,270928958318.4076,202796540752.667,0.7859165009177322
2023-07-06,22020907.857681274,287473852740.26697,204086534089.5146,3.250905082602699
2023-07-07,4399692.112686157,287627540494.7278,204193935930.65787,0.652675678560448
2023-07-08,2037228.0916061401,281004767283.50323,203955988138.4465,0.3014882197647385
2023-07-09,3769703.6479034424,280370701086.9562,204007739276.5637,0.5582816318156082
2023-07-10,7264289.4764175415,282515933107.0611,204494299849.7769,1.0871461421405295
2023-07-11,12457410.00289917,292079286904.8034,204464696572.5318,1.8630010737219025
2023-07-12,6933229.161209106,292069356907.94525,204731443666.40552,1.027397041981616
2023-07-13,10780490.442268372,295631595681.78796,205513978253.6755,1.6552259472053015
2023-07-14,8354594.950668335,296209305874.28906,205748710909.81226,1.2270142590516517
2023-07-15,2402943.401145935,290431985016.7203,205154427559.09662,0.3548007865943652
2023-07-16,2670663.168243408,287576443481.13184,205234278472.26694,0.3937907238790135
2023-07-17,10298116.052528381,295390565158.5623,205987891426.51065,1.5003787268607818
2023-07-18,11454870.975479126,295414385269.1709,206516548692.67825,1.6527186216859453
2023-07-19,9573357.707427979,295426258300.3433,204661732464.56207,1.402809193064702
2023-07-20,7397391.988754272,286374876909.48694,204647736952.68094,1.0753777955824824
2023-07-21,9505470.15636444,274174089610.7558,203178846360.79935,1.3986795360794428
2023-07-22,7017965.665229797,273954110651.11566,203155032847.91592,1.029232662593259
2023-07-23,3683459.533355713,257167077055.24106,203139132690.91998,0.5454409256939171
2023-07-24,7196633.874465942,258532602494.62677,203531502720.71704,1.0305715419063333
2023-07-25,4635967.867424011,257054301596.40973,203500855064.86234,0.6655063378671051
2023-07-26,3757690.179801941,255195684212.8329,203446984278.33493,0.5421386514370073
2023-07-27,23108956.92137146,267345889523.92343,205026487027.01538,3.289665918815942
2023-07-28,61339501.49370575,319838692379.5712,209700480606.76508,8.57283529756621
2023-07-29,3108868.2581710815,304509218777.48816,209649098085.64273,0.4349635328264325
2023-07-30,3109051.689720154,300574043180.73224,209736649077.0576,0.4333332629905878
2023-07-31,7661468.911727905,275426554679.4113,210040716251.34216,1.0655752315742764
2023-08-01,3782507.943977356,274902142353.2077,210130827880.39273,0.5304369117381266
2023-08-02,10539843.156166077,278034854486.4123,210597191795.10596,1.459194430387902
2023-08-03,3340025.9339523315,276763468395.3892,210585186949.64023,0.46363241310436054
2023-08-04,5744832.248939514,277008759413.9607,210403556305.94876,0.7924765207924724
2023-08-05,1785971.469078064,256622353200.7418,210348257276.4741,0.24660895810334674
2023-08-06,3078167.460960388,255160717178.0504,210366939712.69156,0.4250826443207236
2023-08-07,4298541.064987183,257286365836.62982,210455872872.96683,0.5951831413476831
2023-08-08,8414640.719085693,261851055565.11984,210849175028.20322,1.1896393021574891
2023-08-09,5645119.952735901,259994627540.1042,210667647904.23193,0.7909251851365899
2023-08-10,6310953.9198150635,253484252597.1916,210132814532.45618,0.8832828008250153
2023-08-11,3743052.0348968506,250138872769.22476,210139411276.2783,0.5233624864395017
2023-08-12,5080702.381515503,243780582306.13986,210200650234.95465,0.7108605765933802
2023-08-13,3796523.9214935303,239080629157.2138,210351355364.3714,0.5298658875146592
2023-08-14,11649581.147445679,248056152486.9665,211158449920.29016,1.6198956389999417
2023-08-15,6785199.584663391,251959613525.91037,211452908437.0416,0.936015435851182
2023-08-16,7465327.1221084595,248846543145.96915,211823712887.8433,1.018147288368982
2023-08-17,10255165.597457886,246790553658.9528,212236992330.27817,1.3175557099162558
2023-08-18,11519408.386627197,247227370401.2197,212667895067.8379,1.4116181567607178
2023-08-19,2178961.997894287,241788586975.41586,212352255219.41177,0.26799870527487885
2023-08-20,2797773.6160964966,234753882643.9539,212385483033.27603,0.3443783613673826
2023-08-21,6612625.080924988,233539692986.7521,212763627510.82352,0.8115489836365248
2023-08-22,7475683.699249268,236305211309.5747,212972338526.03235,0.9098174326549371
2023-08-23,4895604.893753052,233644338538.80945,213025142207.5559,0.6099166986395081
2023-08-24,4768875.684364319,233277052483.87463,213133423900.66922,0.583730720794782
2023-08-25,4844663.236915588,233797047549.76956,213257172213.45248,0.5903497845616137
2023-08-26,2101539.495780945,213137411217.1325,213072301386.19357,0.2566244251011937
2023-08-27,6614389.609573364,158968777609.38538,213336398283.88242,0.8093727803545929
2023-08-28,6143844.985610962,161262410095.4195,212817475286.66638,0.7518117895286086
2023-08-29,13996635.029266357,171189638574.18323,212825924311.0791,1.826388031131181
2023-08-30,5532276.871391296,168759831995.03995,212631492819.5675,0.7097725058691932
2023-08-31,6442776.634605408,170637066499.41492,212882091772.39618,0.7881272733475443
2023-09-01,6333374.48475647,165820840785.3851,213007677892.48785,0.764364362415306
2023-09-02,2024249.7613220215,164310458031.3827,212810682164.51913,0.24586470583733408
2023-09-03,3571933.6395111084,161845483368.1525,212885209233.64246,0.43587170147155596
2023-09-04,5130142.502906799,164538371425.4287,212288704403.54633,0.6249056286664861
2023-09-05,6148947.534675598,166835250633.11862,212537333822.07928,0.7449501148535587
2023-09-06,6745113.238021851,168441076624.45834,212413496452.33942,0.8164950446578908
2023-09-07,4096803.307449341,163640993480.95914,212331518680.24722,0.50313760199181
2023-09-08,4032695.9203567505,161567893959.0578,212388792586.4533,0.4916896107943007
2023-09-09,2793946.1368255615,157791537301.0021,212313280971.62338,0.34060988032805034
2023-09-10,2052257.4933547974,155889304919.36533,212278629096.96527,0.24925784362030107
2023-09-11,5436460.134681702,155455217418.9733,212475181278.58218,0.6419607673412159
2023-09-12,5476859.251976013,156481020181.93094,212597188133.80484,0.6690215037052339
2023-09-13,3477765.5139312744,148115711444.56253,211968265728.24832,0.4297595667438322
2023-09-14,7219500.962516785,147913586212.6907,212094979985.27945,0.9045920337664686
2023-09-15,5850150.7784729,145894429100.7172,212152587032.64066,0.7310447056011646
2023-09-16,2622467.2772216797,138893717902.19998,212166134806.63223,0.3281047901831208
2023-09-17,2203890.1664505005,130834218327.75792,212197498954.56073,0.27531368226489594
2023-09-18,12556136.899345398,140167866505.33612,213033183473.47073,1.581535652309801
2023-09-19,29141878.944396973,164142576332.41635,214516157930.26773,3.6938115388734665
2023-09-20,7514555.744598389,165157086565.87555,214769051526.82513,0.9456828682769369
2023-09-21,3312724.251350403,161632386586.40997,214645074490.55685,0.41009534968004907
2023-09-22,2659875.418334961,159656665972.91177,214587206615.35718,0.32926461074703567
2023-09-23,2576318.755142212,157793359065.38788,214532724050.55493,0.319360695374079
2023-09-24,3070597.3877868652,156296092598.48212,214673357504.53113,0.3772164958269163
2023-09-25,5562270.945503235,159353780939.30664,214940002748.47397,0.6811677919455806
2023-09-26,5416732.342720032,158327326026.20667,215083065954.56418,0.6596289940688875
2023-09-27,4267639.4922943115,156731352042.1974,214798877909.4746,0.5219741765373792
2023-09-28,6832617.377174377,149937823948.69916,214984767454.55515,0.8600464128711978
2023-09-29,8612122.299583435,152639696676.59714,215295265977.25507,1.077479192444009
2023-09-30,3495577.394050598,150193857717.77206,215094337234.1471,0.4388912092352477
2023-10-01,3650733.4694976807,148118243151.82745,215246423966.10526,0.4671252561173811
2023-10-02,17731189.86729431,162786768180.858,216486171353.2954,2.2744103402189126
2023-10-03,7841117.4622039795,166842842621.98325,216836989912.3967,0.9890972554415243
2023-10-04,11417239.035240173,172971853606.05573,217403425770.6739,1.4559602024862102
2023-10-05,7657606.476341248,174699205225.62158,217564102724.83267,0.9659234092224902
2023-10-06,9350577.87626648,177633983762.58807,217998939640.75204,1.199445849652691
2023-10-07,10171709.87664032,183557020347.03223,218422227728.46713,1.302628727984084
2023-10-08,2842333.5037765503,182721616923.82428,218385494315.60425,0.3634273435440128
2023-10-09,15136704.55732727,194240098565.56622,219438406949.9581,1.9042721658627082
2023-10-10,6952395.256408691,198824502023.14267,219718445261.74014,0.8667648127393668
2023-10-11,13489996.423591614,206333863531.40976,220363786046.03116,1.6412931641455115
2023-10-12,6408531.983612061,207301937102.5629,220331680633.1387,0.7773475749434099
2023-10-13,5058683.37084198,208785866933.77576,220445715878.31848,0.6151776841698977
2023-10-14,23312413.36377716,223265517181.40732,221905466729.8112,2.822142896948098
2023-10-15,2469467.2029571533,220325543962.05502,221990850077.9274,0.3013359736482388
2023-10-16,6240889.440666199,223934363135.9741,222306635871.60202,0.8001439078273956
2023-10-17,7956584.472923279,229534091538.92786,221680215500.88135,1.0213483705869733
2023-10-18,7907225.561019897,225763637517.1361,219364885564.64294,1.0202451206286811
2023-10-19,18450283.95766449,216993386086.2646,220395179844.11313,2.4014804538186367
2023-10-20,9695118.60079956,219782095338.42084,221009266660.35498,1.2975233779241935
2023-10-21,3870257.150909424,220725207594.749,221085070083.02997,0.5261246927549895
2023-10-22,4233104.257301331,222593598848.3154,220712579232.9021,0.5740846811036803
2023-10-23,14045942.96988678,235333507259.20764,221815248525.34988,2.031918793935119
2023-10-24,21180027.70839691,256500866100.13785,223539263957.15558,3.2030126798234204
2023-10-25,9963648.369285583,263119097513.45956,223809427046.04794,1.5412985682753795
2023-10-26,14928103.784690857,275358521424.3423,224106130789.4204,2.2715029792811636
2023-10-27,9632897.696632385,282477557005.54724,224300339415.5896,1.4520287205212457
2023-10-28,8769682.259010315,286284336868.899,224853424590.64957,1.330201105526003
2023-10-29,6032952.63256073,285499947427.4286,225224818636.2165,0.9254951889416739
2023-10-30,7374879.07043457,290832091060.5607,225752023175.83023,1.1267554513307492
2023-10-31,10613736.912483215,299723362420.95703,226402591931.0172,1.6222657991800566
2023-11-01,29630521.46044922,317947727852.49664,228866138725.2767,4.540249402441477
2023-11-02,7002853.83833313,318956726927.1019,228525901425.72025,1.0709632576080792
2023-11-03,7771725.457687378,317381661898.7327,228814153444.33517,1.176844967418937
2023-11-04,4308785.2130355835,315392867015.3225,227009827599.8211,0.6629070420306978
2023-11-05,4256823.487007141,311655961044.2464,226882183475.5982,0.6583626001843791
2023-11-06,4899277.030464172,307888999862.9964,226832475227.306,0.7561273272709721
2023-11-07,7233232.316596985,313755028185.1719,226350571551.74472,1.1281089682362777
2023-11-08,6111297.853225708,307078011249.1242,226234840681.18088,0.9616553389370455
2023-11-09,21984254.73174286,327521873071.5234,227260753749.6523,3.5367306429867096
2023-11-10,9173202.78263855,326872663045.70465,227398941874.2434,1.5048674900046726
2023-11-11,4000974.5731430054,326104692715.2853,225605614934.87762,0.6570545141511015
2023-11-12,4163389.283126831,326734197278.0983,224602657460.6557,0.6878744161371008
2023-11-13,6890982.969802856,314276678673.92377,225091686706.2503,1.1218689694648736
2023-11-14,6509371.419761658,319748978769.573,225084942095.63138,1.0265583724411798
2023-11-15,15755794.02999115,333469849675.0631,226045652735.3752,2.6078954423294456
2023-11-16,8970682.781990051,336758089178.7916,225332219763.09503,1.4425807030472764
2023-11-17,6619310.406768799,337346441514.2184,225127695134.96216,1.0725314095746699
2023-11-18,4197053.892539978,324834026025.39386,222107479495.9206,0.6929179161189517
2023-11-19,7461687.14629364,324515258933.8977,222680039527.8564,1.24484295077616
2023-11-20,9067200.45451355,331991854630.69745,223194592600.61615,1.5260951508965996
2023-11-21,13272584.616737366,343847783752.84296,223956645489.81226,2.1539239582457532
2023-11-22,16051383.393287659,348767267718.8988,224869124875.80423,2.6606368996729177
2023-11-23,4261435.254043579,330199542652.4806,221382862330.89783,0.7180652703957354
2023-11-24,5341176.656852722,325421581308.3518,221534228817.87125,0.910100033862033
2023-11-25,3049900.214729309,312296984450.1449,221578465359.02783,0.5204469569291368
2023-11-26,6062938.60798645,308989293991.7254,222013364572.89963,1.020027877768382
2023-11-27,4487462.506858826,304560337746.68494,222300442273.26093,0.7477789289156545
2023-11-28,6912950.108665466,306371745139.1331,222588363914.19208,1.1805949926152886
2023-11-29,6715420.100486755,306365487412.464,222902588123.52356,1.14031691198391
2023-11-30,32581614.60447693,335096629485.3127,225933959661.80737,5.4406139110775795
2023-12-01,8422562.637313843,311333460282.62195,226180094089.57895,1.442276672573161
2023-12-02,4725030.052978516,309347274556.17456,226263998931.37854,0.8183240503118918
2023-12-03,4470548.619895935,306299001745.6474,226605494853.12332,0.7847585547501318
2023-12-04,19322329.35851288,328208811392.29175,228552530801.51746,3.5343327850826913
2023-12-05,13436252.012893677,342854556815.2579,229381260825.61777,2.5666573843844565
2023-12-06,21338734.7130661,368362941020.2606,231587670739.86392,4.0449724995688925
2023-12-07,10971881.49673462,375712898193.5989,232645151369.667,2.04537606793692
2023-12-08,10296171.744979858,383567592592.5027,233604662104.54785,1.9400330895747115
2023-12-09,5925241.816635132,365438318425.7757,233773515850.4758,1.1116821586371115
2023-12-10,4704091.295387268,360900829087.554,234126734583.77936,0.8802095801136216
2023-12-11,11816912.227218628,372146899758.4573,235233066315.58813,2.064409206766839
2023-12-12,19362531.09087372,393687501193.566,237157341373.7058,3.376308995027494
2023-12-13,6160538.991218567,394000685877.7898,237334504406.67035,1.1035855059581716
2023-12-14,4861253.060935974,393284779278.58826,237270884802.7393,0.8833179596262182
2023-12-15,14851651.975593567,394423938155.41595,238716858752.95633,2.612627348943263
2023-12-16,8321871.52154541,395332842005.1357,239306929243.42264,1.4722809264676755
2023-12-17,2781443.5823745728,391153695511.02826,239348664625.97424,0.48499175692321156
2023-12-18,17191547.657104492,410150172530.5178,241148392476.94534,3.0014571318389787
2023-12-19,10133506.325340271,415169795867.6739,241678411854.06555,1.7700810524102866
2023-12-20,11614872.443534851,420803918694.3691,242879713191.0797,2.098322101830097
2023-12-21,7967709.097633362,416329338302.51013,243509706808.77655,1.4297096289737763
2023-12-22,16497328.78565979,420587370484.45355,245202911452.2755,2.960960179468895
2023-12-23,6578550.39099884,424887690036.7756,245554075369.73322,1.1727638038043853
2023-12-24,20142027.695594788,447286348745.25574,247767655875.4935,3.525795436520308
2023-12-25,4663504.006629944,450223722429.6188,248039846445.27356,0.8201950269829388
2023-12-26,7916538.911819458,453829073184.31244,248830765036.31482,1.3447707870587842
2023-12-27,56035830.43206024,528982576678.8344,255238479899.16666,9.484607071835727
2023-12-28,9137046.774856567,533176795226.94104,255507776091.72324,1.5209449600282128
2023-12-29,31195695.82398224,568357324417.1749,258486711791.09033,5.066393771636787
2023-12-30,9240003.197647095,540403431458.9504,259047253971.61807,1.5078432571106548
2023-12-31,5824738.143310547,537772019013.9097,258826805144.9679,0.9553566139182769
2024-01-01,3817020.2833328247,537146137357.8683,259091302307.59207,0.6421706204808132
2024-01-02,11850927.12802124,549016905813.07886,260314363156.37903,2.0511878323630137
2024-01-03,10772285.956619263,537374501162.8138,261192138392.4581,1.75544549709431
2024-01-04,67832679.8687973,617541314397.2329,269011379401.88712,11.128702104075604
2024-01-05,8817181.777359009,599206207589.289,268649362033.5968,1.439469471344893
2024-01-06,3796324.963645935,588908795611.3992,268602869657.51657,0.6214545131599827
2024-01-07,4644601.247886658,580621018719.5443,268787266871.0352,0.7610757383988976
2024-01-08,8519968.16595459,585267275967.366,269682639163.03104,1.4805163780903474
2024-01-09,13119502.845298767,598671208486.8496,271078498293.1869,2.243625275170548
2024-01-10,10854426.983383179,599333297325.7722,271885155906.15265,1.8591672330211875
2024-01-11,11359761.769935608,590233729614.4434,272812987249.35278,1.9343999671637102
2024-01-12,12419398.54573822,599350911062.0704,273854546385.17017,1.9551779206276407
2024-01-13,4086605.765625,598196378486.0588,273903797860.55612,0.6387266548650938
2024-01-14,6076271.477073669,585996384989.5034,274314663849.60648,0.9393533153459431
2024-01-15,6497127.749588013,583520541702.4202,274761369698.3717,1.011975334048538
2024-01-16,104688541.69442749,729943438589.871,286159033829.94135,15.756165289113921
2024-01-17,25260823.46169281,741687626316.5044,288703357857.70764,3.7274322065932535
2024-01-18,21981141.88659668,757729456720.125,290601384657.12506,3.1281519555754094
2024-01-19,16627511.242843628,763641379438.2809,292032127266.3572,2.3524725113311686
2024-01-20,3178233.3479919434,756445201429.6619,292024747369.8492,0.4529165199379841
2024-01-21,2571983.576385498,735811342474.7634,292013829395.49115,0.36649047846336197
2024-01-22,26141988.238883972,760985548059.4038,294694952186.9836,3.539942205550838
2024-01-23,22404921.047698975,761372178428.987,296777209843.70404,2.982631253784014
2024-01-24,57749927.55895996,831428802009.1001,302721850019.0768,7.614712171606212
2024-01-25,26183164.249198914,855039993090.7386,305195671940.55383,3.4173357359885097
2024-01-26,16624632.867263794,797596166122.666,305209062674.8871,2.285390467441885
2024-01-27,4942923.903816223,791555494817.1179,304958747410.9247,0.6800694418147782
2024-01-28,3000679.9785461426,752103344082.7935,305122910877.8995,0.4130497584625971
2024-01-29,13755590.329360962,758819927893.0496,306519533954.89185,1.93168820871611
2024-01-30,21758336.818244934,781881997437.8699,308793538255.5392,3.0413006431566614
2024-01-31,19900307.432617188,804933769839.4177,310721390568.8052,2.7611037426163416
2024-02-01,10345869.132720947,801938908462.1644,311278537392.87744,1.426721600203248
2024-02-02,13241355.645309448,805645406369.6805,312567596459.0005,1.8226569449200187
2024-02-03,2108800.051338196,708878667772.851,312310793282.7315,0.2905610309247987
2024-02-04,6834907.252799988,705711412896.6099,312924951822.22687,0.932156119727153
2024-02-05,11560900.569465637,716576746938.362,314021601996.3744,1.569587836363702
2024-02-06,26870771.26173401,748383033406.2731,316920720388.88257,3.6562963135435
2024-02-07,9690567.942871094,749264127463.371,317839521088.9325,1.3393626583061689
2024-02-08,8418381.513648987,741679513266.2778,318509712178.04553,1.1951288449260582
2024-02-09,9831923.697921753,740378319422.4941,319371994750.72473,1.4605042563488757
2024-02-10,5878861.44506073,732107255101.565,319727884549.5908,0.8744858282942164
2024-02-11,6269920.637611389,724316520072.527,320315002065.43494,0.9419237617319113
2024-02-12,13913558.228309631,741623926130.6184,321984885154.2948,2.1559143621676893
2024-02-13,10759857.709869385,750767103615.8469,323148538635.7577,1.6462203905913815
2024-02-14,23809984.027526855,782490032743.131,326327020136.7595,3.7684271507376272
2024-02-15,14575119.300605774,657453505554.857,327987159850.97784,2.3100697621630424
2024-02-16,14483542.634422302,646719497122.0645,329611654831.81866,2.287849747398752
2024-02-17,5590980.581512451,626011866935.3475,330078624856.1003,0.8719631094927076
2024-02-18,5065946.1879348755,611887175462.1531,330643849984.3177,0.7961944782469847
2024-02-19,40958353.32371521,678282471268.448,336152292833.42834,6.318926723953419
2024-02-20,9223281.167198181,690675622866.519,337262507322.60516,1.419709649306479
2024-02-21,13202434.088249207,678454403709.1508,338768613924.49567,1.9971346118835995
2024-02-22,20106380.466575623,683430933422.0527,341100060798.4952,3.032754876841905
2024-02-23,15106090.46182251,632233276790.7888,342943130150.13904,2.242966805244758
2024-02-24,4575768.161430359,605322265905.964,342994111899.0738,0.6869673311361925
2024-02-25,4858860.926139832,590436336053.1033,343466915280.0713,0.7306205508137877
2024-02-26,11306366.11340332,603898115792.4791,344915404470.09283,1.7721635780478986
2024-02-27,18754894.20726013,635370393478.2405,347245799807.1243,3.081964636596891
2024-02-28,48440873.485961914,715476844420.3156,354531876590.01483,8.44858782954478
2024-02-29,30933378.89944458,747105182728.4501,358759002369.13324,5.262541492410143
2024-03-01,67343122.74351501,858611955043.0566,369940100063.9298,11.361669532776588
2024-03-02,6313011.796966553,856862746921.356,370666685824.0931,1.0565599345848184
2024-03-03,7484189.676971436,853554937673.4377,371706143476.8516,1.2657020371112315
2024-03-04,28035689.36895752,913618687776.1914,376269401486.41046,5.030060487701225
2024-03-05,45535434.34806061,1001048818843.7639,383783906327.5854,7.594374836540913
2024-03-06,69392562.91246796,1138800682230.5413,394931068811.9922,11.712019523726614
2024-03-07,33571741.93084717,1175521967390.1926,400793045804.2279,5.639804981888551
2024-03-08,29857001.920043945,1229535685411.3945,405937618536.9473,5.040463936037635
2024-03-09,10430909.94783783,1240653592706.4333,407574850008.8131,1.7523097002889114
2024-03-10,20426443.28378296,1272277730722.2976,411072173971.81226,3.4426273237969913
2024-03-11,27911671.322273254,1330131172550.8655,416377466828.7006,4.839841056132854
2024-03-12,20981960.778770447,1370081371285.9436,419650092371.8173,3.574926590050091
2024-03-13,32856681.470695496,1427104371246.6697,425280452972.8163,5.654766919843741
2024-03-14,37435046.73438263,1497089016850.7366,431688912877.3004,6.095855147342988
2024-03-15,16840719.86844635,1494860731093.8845,434216505886.6648,2.678136400233115
2024-03-16,7301868.393859863,1485700739402.8855,434860186593.1873,1.1104108504447459
2024-03-17,36949121.0046463,1544856542747.2166,441464306811.25366,5.728155147677134
2024-03-18,16637205.520072937,1572697515345.7388,444176227840.74854,2.528378359016806
2024-03-19,13189325.82761383,1591824388547.4373,445869726802.6856,1.8773712440118684
2024-03-20,14487198.315872192,1553301677593.7053,447947817172.2214,2.161949094885473
2024-03-21,25473211.106407166,1592926132667.6265,451836858482.96826,3.6905986240511663
2024-03-22,37354598.786590576,1649878142063.5334,457499077656.08734,5.213402436536942
2024-03-23,162961827.3846817,1966452970374.5127,485661173732.2853,21.68531950221857
2024-03-24,12049332.121185303,1967574824330.7085,487598191268.61707,1.6465723008744042
2024-03-25,70044740.3835144,2124341847844.9944,500734784228.1827,9.862778881414378
2024-03-26,25825042.62234497,2176115704521.8423,504845392553.7474,3.5736875363116214
2024-03-27,11935583.10710144,2183227650919.7354,506716776540.4719,1.627348742775426
2024-03-28,41066768.90940094,2244456399977.99,514321516725.7615,5.652226578943724
2024-03-29,8904716.323745728,2165319337897.3716,509020275259.3975,1.220347922308125
2024-03-30,5782729.728179932,2115842833650.6304,508945751410.075,0.7931867143453813
2024-03-31,8108315.253715515,1994973517796.176,510174120746.3867,1.1310994908381438
2024-04-01,72573996.31143951,2150376682823.4485,523817460606.7209,9.647877171355987
2024-04-02,27066831.08784485,2194048778168.6182,528150304794.4836,3.3714495044235435
2024-04-03,10021503.468017578,2153014100008.2014,529211505549.53174,1.250194860461798
2024-04-04,9591372.748405457,2077771815188.6145,530055501475.5361,1.2401159774139607
2024-04-05,6095175.604949951,1937332906807.3052,530411859801.5245,0.7772698317252146
2024-04-06,7294502.66003418,1878681891271.3413,531167979967.041,0.9429486890100767
2024-04-07,5303967.902297974,1822744528132.7522,532006527725.2981,0.6917077388734937
2024-04-08,9581385.497169495,1821812664069.846,533757835467.28937,1.285679377008617
2024-04-09,11873308.204948425,1801964312903.212,535377437888.8448,1.5311025552391
2024-04-10,7816146.768417358,1753096415602.1636,535180459056.39325,1.0261283469559963
2024-04-11,6542669.746742249,1718402294337.8645,534903363735.10944,0.8588366926694312
2024-04-12,9292796.493103027,1659025667982.7373,535902773386.6542,1.1635749569504883
2024-04-13,5148029.616897583,1582553663755.9412,535764942467.50793,0.6296659748889154
2024-04-14,6630599.238624573,1558162746123.8892,536660493684.263,0.8034194916706935
2024-04-15,9872602.853309631,1562917881284.2231,538094360017.7902,1.1624866768885038
2024-04-16,24558419.65925598,1530416233501.183,541813024386.94977,2.867643519355057
2024-04-17,8928164.439613342,1511152654288.3296,542821356821.09955,1.0042681239904305
2024-04-18,21010918.105010986,1527664406362.0813,544304991351.24335,2.4479209029106928
2024-04-19,11728972.389053345,1520441276880.806,545966532334.4552,1.3769094787528664
2024-04-20,2593973.714263916,1470467761662.8823,545921676591.51886,0.30836480560030066
2024-04-21,3501265.1686706543,1398533547852.3967,546364066768.2513,0.4156576276957251
2024-04-22,5699934.218193054,1060150490325.0742,547164259638.52277,0.6949028371089226
2024-04-23,8103668.629829407,1051337813698.8068,548235509358.50134,0.9822154306302221
2024-04-24,22411431.939918518,934746403851.4778,551792508566.0425,2.6112970678052903
2024-04-25,6892794.30846405,889443583257.804,552561517344.2793,0.8054760517210494
2024-04-26,7306610.0692977905,877505138804.3472,553421985278.7799,0.8428497386269873
2024-04-27,9006749.217834473,799627886832.6919,554523837284.6316,1.0292509526824658
2024-04-28,7068876.713119507,793841567677.072,554930589886.3953,0.8065734144310706
2024-04-29,8991221.421928406,799359145255.4272,556309080883.3682,1.0232015892816166
2024-04-30,15088463.757972717,810347507748.6372,558441244484.291,1.6236418279754052
2024-05-01,9743750.696922302,660643575408.0659,559586529930.5214,1.0054004516476855
2024-05-02,7969463.8092803955,617003012040.3578,559720615536.7057,0.8422330163366094
2024-05-03,9207597.230766296,614127926370.8469,560877509967.0526,1.0258299254747132
2024-05-04,3042554.4450912476,598676059786.8344,561021866255.2894,0.3453952696514488
2024-05-05,2532271.6546936035,590335115170.7961,561326717895.6047,0.2886817843614118
2024-05-06,9842385.435325623,594368683255.6792,560944773161.3925,1.1086139360846152
2024-05-07,4889598.6092300415,592329255061.2068,561124270104.2535,0.5467776085814836
2024-05-08,7262983.039100647,584400822518.2954,562109560785.2872,0.7976887360949666
2024-05-09,5228951.569740295,568018789361.6295,562401204390.2103,0.58367010224474
2024-05-10,4697295.518722534,559228273179.0325,562569338116.7167,0.5074011947617934
2024-05-11,4597932.415412903,553255074255.2806,562729729974.1434,0.49792760746502096
2024-05-12,8560839.594726562,549989976886.9337,563989251957.4263,0.9319506065024997
2024-05-13,7030366.977012634,553504163670.8586,564622535619.8575,0.7842027733479713
2024-05-14,9780966.158287048,559203450251.5005,563868048436.5162,1.0678776712467004
2024-05-15,41283879.294685364,629460825082.5095,570630011110.5791,4.789879109302818
2024-05-16,7522651.773574829,594035987396.4894,571647538485.4352,0.8588884661440748
2024-05-17,7968668.649627686,593655525652.5275,572780836193.195,0.9318124832964688
2024-05-18,3321765.019088745,556653139650.4961,573049144333.7855,0.3880016016512543
2024-05-19,4832620.918479919,542272152104.00433,573686905063.0999,0.5583478797082897
2024-05-20,9431382.47090149,558864002876.7698,575262425538.098,1.1579038110042208
2024-05-21,10902635.144554138,576646770430.1455,575936952306.2533,1.3206018738799634
2024-05-22,17456653.150138855,604382601609.7788,578813817061.6461,2.094457485363201
2024-05-23,12238582.990722656,613981007289.2576,580625578509.635,1.4233571132312555
2024-05-24,8848348.547477722,586239280982.7957,579658857773.717,1.0500009829905363
2024-05-25,2549753.5176696777,577283040113.6544,579502899732.25,0.3043778440638037
2024-05-26,6760738.934173584,577207768156.8523,580594740279.3762,0.7995136447760837
2024-05-27,10622053.728630066,582779001805.5623,582236427435.79,1.2673222809526379
2024-05-28,518269161.91025543,1747996838884.0728,678703278396.5704,52.16436769931938
2024-05-29,6540471.310249329,1743722658306.6055,679113215752.4113,0.6493628869805619
2024-05-30,8817858.8121109,1733642958892.1663,679997299680.2499,0.8887058534825368
2024-05-31,6287965.166427612,1729031494025.6453,680322722874.1686,0.6236225686246187
2024-06-01,4077038.6655273438,1722518118188.8674,680635692929.6748,0.40552370393312126
2024-06-02,4710442.696891785,1713973795234.7004,681279827954.8611,0.46828811383224905
2024-06-03,16424413.447921753,1745252364270.128,684161761272.985,1.6547714793821904
2024-06-04,9319827.496871948,1761750502226.39,685331536494.0682,0.9586439587774296
2024-06-05,10534087.689361572,1766041509616.8318,686930118127.7866,1.092689627089804
2024-06-06,19064843.847190857,1800843093989.9636,690278600140.5564,1.9569746439242315
2024-06-07,7615724.430282593,1803499459638.012,691012588936.228,0.7642110187082257
2024-06-08,5655501.103355408,1805638201307.4177,691723556769.2922,0.5673061365496513
2024-06-09,4484859.622695923,1806545165480.6467,692147389785.5262,0.45172066543590467
2024-06-10,6321263.017082214,1811869136756.7056,693095062308.969,0.6347149623482977
2024-06-11,46135977.71385956,1897938317538.0168,701032177841.3875,4.433014128440038
2024-06-12,10638404.853744507,1907236414256.0063,702370305385.9462,1.0275512138443221
2024-06-13,4404627.120315552,1896960690267.6594,702531250817.4847,0.4183022156842769
2024-06-14,6773887.305549622,1820700665223.9897,703077386269.6803,0.6335689736987933
2024-06-15,9887801.591560364,1826144502497.0598,704413854747.8855,0.9288525364553892
2024-06-16,2469436.56489563,1813839124086.687,704660229490.5767,0.2335352190453418
2024-06-17,10280090.429382324,1829254619251.0981,705603269760.0732,0.9705295739227303
2024-06-18,6101167.736160278,1831759142210.7131,705901098217.6409,0.560209577298195
2024-06-19,5150168.952140808,1820693555772.8176,705469634896.4366,0.4736291190907001
2024-06-20,5490889.290969849,1807222041938.5828,704664791855.0511,0.5058263269929679
2024-06-21,11161879.122177124,1790674199761.254,706035127477.7637,1.0139235833971871
2024-06-22,58310116.950149536,1888026474278.4614,714617577829.4242,5.2433719783287
2024-06-23,3528006.759376526,1875222557686.1274,714770281558.9795,0.3141217234183908
2024-06-24,18823425.5410614,1906806156967.5093,717356899876.6155,1.5667177967954256
2024-06-25,7128406.990524292,1906026929384.89,718109671367.731,0.61385691773293
2024-06-26,10327044.760162354,1902350957197.4802,718979916694.1823,0.8729062065252405
2024-06-27,45500155.24380493,815528455899.1967,726038844742.5956,3.8557886459314954
2024-06-28,9795792.224716187,820498670224.3364,726145758243.1494,0.8126431111427664
2024-06-29,2497212.045928955,805425950499.3353,725990127707.2924,0.20955655321177863
2024-06-30,3769724.5976486206,799112777414.7891,723953499136.051,0.32442610150566986
2024-07-01,8617031.638305664,808029551051.532,725094111736.4353,0.7495814785016258
2024-07-02,5863941.999946594,809501839158.785,725504750102.2323,0.5006223443628072
2024-07-03,25787873.76866913,823332726829.163,729371276948.3407,2.121084348731949
2024-07-04,15246433.353805542,830745583425.8661,731343861845.366,1.202409264640437
2024-07-05,46648613.382492065,893709470423.2532,736757703142.8263,3.5826134063829707
2024-07-06,3838699.9031677246,856109579868.9927,737003151322.0024,0.3023881250589109
2024-07-07,6416769.644508362,850458576187.4413,737817011585.8666,0.48595968709633697
2024-07-08,5681343.14226532,848097009987.2704,738385993117.2631,0.43550668016934996
2024-07-09,20558961.99573517,877367805460.3748,741039324499.497,1.6069068190018547
2024-07-10,16111940.668205261,893668861489.4044,742540780767.9772,1.2510417088302512
2024-07-11,4558060.035316467,798793956670.6311,742680775082.156,0.3520198893930433
2024-07-12,8078883.061141968,790317200202.7281,743029396168.489,0.6290717005824293
2024-07-13,3507707.238395691,787413201597.823,742904173753.6655,0.27830025454373114
2024-07-14,6462275.510406494,785565320153.427,743773276828.8616,0.5243688995935356
2024-07-15,10154841.52002716,785448740906.9327,745334865495.2114,0.8731635247864887
2024-07-16,8551421.265052795,798512647871.4948,746012729439.5847,0.7459392688936038
2024-07-17,9966877.334693909,797081538897.4562,746836186496.6447,0.859459655468171
2024-07-18,15567621.3852005,816999614327.6405,748770141178.7886,1.3261677571558825
2024-07-19,28177185.597572327,868808367546.4816,753340880702.2169,2.5066919991468235
2024-07-20,3470540.5268478394,864701621715.2346,753201301343.0903,0.3096590885756545
2024-07-21,3178344.6485061646,848005621615.3036,753217443447.4227,0.28542310766813755
2024-07-22,7420214.264083862,739898761314.5952,754294154617.8641,0.6679091581266555
2024-07-23,59577933.17411041,862975905892.1273,764450553071.1028,5.123731278997727
2024-07-24,8772799.19367218,844700467110.0477,765656584713.3529,0.7518157222455103
2024-07-25,17835394.54332733,868778817172.1261,768541161747.9468,1.5134740326424154
2024-07-26,6347527.642227173,862199352611.8042,767871982153.46,0.5602732028757822
2024-07-27,8393435.286262512,787936203424.1796,764512612773.6592,0.7476107638844088
2024-07-28,4792766.016998291,779156758245.5063,765157884774.7672,0.4269889904588959
2024-07-29,15989995.5440979,809834436960.8295,767847146374.1495,1.3967185465910816
2024-07-30,49687528.28578949,911410421049.7986,776226145687.0416,4.228341124943845
2024-07-31,7038366.094207764,908519726973.6437,777172269376.471,0.587767103952459
2024-08-01,13976573.81175232,926357413950.5162,778791535811.6105,1.1534980246190285
2024-08-02,8105263.531532288,891543504092.972,779901142896.087,0.6444928422042369
2024-08-03,7323013.745018005,876946935809.3333,780653848946.3553,0.5655228462749305
2024-08-04,6649901.2437057495,801978108573.5188,781581463858.397,0.49956815190248605
2024-08-05,35550304.073654175,858477861338.622,786590861800.9534,2.43818441985559
2024-08-06,5863393.16456604,857559252715.7617,787154509137.5758,0.42049059181717063
2024-08-07,17043717.873825073,878020982225.0552,789030096678.3534,1.1855364222008569
2024-08-08,6852611.354789734,852166849677.836,789711013990.2692,0.525707708155774
2024-08-09,9513552.80292511,840458109465.8583,790785207359.9221,0.7305236308319769
2024-08-10,16206795.121261597,864690014275.7285,793191827808.7177,1.2460990064981177
2024-08-11,2880772.9266204834,854808517374.4158,793250870283.6896,0.2155356712434691
2024-08-12,7301259.263328552,862341484368.0779,794131093360.0377,0.54492190783785
2024-08-13,7123978.700218201,863759510195.6171,794379032256.9695,0.5445163227874299
2024-08-14,5313029.90839386,852480770496.1259,794692768807.8315,0.39315448633820227
2024-08-15,7576004.545440674,848409135110.9894,795291846587.3942,0.5461279784183707
2024-08-16,5829911.670143127,838540632983.8092,795473179317.8654,0.4347355972689312
2024-08-17,2361199.932998657,810119965297.2213,795035285964.7611,0.1765642237933964
2024-08-18,3266998.4656677246,753623647524.0603,795409515815.804,0.24327597450625407
2024-08-19,7550911.739517212,760750542563.5048,796433903528.2588,0.5613051851394142
2024-08-20,7382564.365196228,768107725676.6764,797154542024.6765,0.5465705003036585
2024-08-21,8801001.208106995,769264916747.8757,798099061914.1627,0.6747479500039499
2024-08-22,6449041.098655701,651676508345.2289,798809361548.3427,0.48720880935063965
2024-08-23,9355491.113189697,652391367589.1464,800104336639.8134,0.7462507178168364
2024-08-24,3711043.2125701904,621558979293.3568,800412005452.8989,0.2975910416459661
2024-08-25,2537304.9089050293,612651250442.7919,800708736062.4181,0.20355245544622894
2024-08-26,5956233.0386657715,606127913556.3152,801265418467.9272,0.4690802113478782
2024-08-27,20207404.888893127,636123449808.0118,804187559271.6925,1.5252413024436542
2024-08-28,6807246.333000183,613786040278.2855,804224932815.5824,0.500287976632881
2024-08-29,40822417.08242035,585034904977.1945,810440535247.2185,2.9855551021943287
2024-08-30,5057106.568977356,579743951233.5385,810797492779.2754,0.36762284588740535
2024-08-31,7249581.502990723,564035724894.6902,811521526286.3477,0.5262801960875718
2024-09-01,2324569.4437942505,551765813409.2612,811746788543.5836,0.16574547821982322
2024-09-02,4032784.2309036255,544954316964.3957,812142246228.238,0.291984186719695
2024-09-03,8478672.119415283,548273961154.7956,813121375343.0022,0.6026683691180283
2024-09-04,9991919.731414795,503640696381.6741,814273501177.5469,0.7108860106746929
2024-09-05,6389691.296646118,504556668999.31976,814780448236.8794,0.43995931014776557
2024-09-06,12359433.278274536,495534982248.4937,816309054659.2466,0.8143647451975964
2024-09-07,1871008.3204727173,485080187802.3255,816301065539.0308,0.12435771331269681
2024-09-08,1874196.346031189,469247543944.4526,816384331193.6302,0.12580834936215735
2024-09-09,11793069.245552063,458731537707.55096,818082970229.6644,0.822551484354831
2024-09-10,10199853.440490723,472672034783.60736,819323485409.5498,0.7191161751920718
2024-09-11,6790972.086013794,471263053615.89026,820003589258.7192,0.47618083695045627
2024-09-12,6231472.601989746,468943573619.20026,820748445586.3917,0.4422401913706651
2024-09-13,15340964.414360046,489502538479.09174,822768573103.7,1.1293649313911684
2024-09-14,3043208.2255477905,481111899359.76117,822843967430.6033,0.22192780414941896
2024-09-15,4478263.910636902,478417824651.52625,823379270283.5634,0.3218422858567424
2024-09-16,12694002.402030945,498359835743.6592,825242870957.8486,0.8950518046419376
2024-09-17,7082126.936325073,506136193178.10455,825489104309.4558,0.5170204499331612
2024-09-18,11499519.293891907,514754619422.73474,825251331727.4626,0.8550065172668686
2024-09-19,8221815.335929871,517504475810.4951,826114601414.645,0.6272699303452667
2024-09-20,14088745.229858398,529239335311.9089,828313331672.4225,1.0751504979051378
2024-09-21,3979497.875076294,524674245540.4726,828810806444.306,0.30433274136125216
2024-09-22,3418675.7211151123,512011357747.9875,829218144750.7114,0.2619236001360845
2024-09-23,11252220.181144714,527822152167.4169,830948393910.6191,0.8574771673584669
2024-09-24,7019405.267494202,537442319918.9454,831784506389.5115,0.5429185785496389
2024-09-25,12281288.108169556,550765029093.6044,833520572144.6993,0.9304377756207551
2024-09-26,16197292.906318665,544947955359.5658,836095773242.9827,1.2583102342578572
2024-09-27,8429505.33379364,550019976690.0964,837108397424.464,0.6624049000320475
2024-09-28,4769154.365249634,479841632443.99524,837333845036.3193,0.3753157113048132
2024-09-29,3345876.023452759,477225574568.65344,837676811972.4982,0.2621368316935655
2024-09-30,8437762.851348877,480793454297.71185,838864694325.7351,0.6367225888369721
2024-10-01,5081099.801338196,486629849308.2206,838364028088.2981,0.36933265216767197
2024-10-02,6092358.600883484,491045433362.4028,838789034508.2722,0.4406354872149674
2024-10-03,7834183.065750122,490578873589.89813,839226061917.0162,0.5672437518329915
2024-10-04,8951981.532104492,489805400999.3461,840172640556.2089,0.6613539126503953
2024-10-05,3027973.1250457764,484123683063.3692,839971382425.9844,0.22383941855952982
2024-10-06,3303008.5934906006,468882008400.5711,839760423540.3591,0.24712176187254029
2024-10-07,6946722.934013367,479922973420.29095,840728574292.1647,0.5147229411598007
2024-10-08,83076091.86562347,648563363778.3982,853725969430.301,6.046342574468492
2024-10-09,11375925.648788452,649107424690.7084,855092525517.409,0.806038140071534
2024-10-10,8650697.733474731,646822301088.6185,855528014523.8406,0.6085540790850977
2024-10-11,29483803.174179077,695121112343.384,860098315990.8411,2.138632641036522
2024-10-12,7391216.550033569,698591502412.5018,861006443022.999,0.5424810180013471
2024-10-13,6385296.691505432,680999559628.1937,860390549195.2163,0.4665877489708962
2024-10-14,10019429.642791748,696985904145.1085,862021531281.2648,0.7681969258617527
2024-10-15,26440666.635612488,747238422937.2091,866390562869.9657,2.0459292912498848
2024-10-16,8359620.368789673,741495762019.7054,867321912367.2272,0.6529931797155
2024-10-17,10370875.781547546,750552456943.2811,868622431933.5221,0.8041417883687862
2024-10-18,12283250.412254333,755062193739.0973,869476165233.1744,0.9671195192097305
2024-10-19,10873207.891021729,762569321562.8789,870727250145.4219,0.8537813455084382
2024-10-20,19113886.969703674,776795328701.1559,874017725188.0171,1.507225388173899
2024-10-21,26251211.155326843,827373120675.5044,878518712347.9103,2.0142633266127863
2024-10-22,7694705.639892578,837425989355.9838,878705198073.7338,0.5903889761013092
2024-10-23,7924437.047660828,831269662737.3297,878189664867.1002,0.6010426876884304
2024-10-24,6167368.894958496,830228007038.0055,878396197583.3091,0.47853302649231066
2024-10-25,9770162.675483704,825957769330.0514,878775304849.2776,0.7367433885194071
2024-10-26,4663715.618659973,801306358408.3137,878739236371.9766,0.3556521977208678
2024-10-27,4557272.05153656,793142971848.8993,878768011258.4359,0.3523149495236462
2024-10-28,8875705.165138245,803353803015.9382,879897175632.6346,0.705297732333751
2024-10-29,16846096.95059967,836859313426.4456,882555761755.995,1.3877324367040589
2024-10-30,11329653.478286743,846456062663.2097,883801628592.2211,0.930103034848804
2024-10-31,10616643.888244629,860984697586.6744,882997203682.8875,0.8442770311960092
2024-11-01,13216828.361038208,879270534193.7085,884842224146.6229,1.037671223237194
2024-11-02,7046226.538269043,879657902929.5155,885440547481.1897,0.5507617687707109
2024-11-03,5135465.559394836,872900906570.1255,885995219149.7535,0.3983560686599031
2024-11-04,13033557.47592163,896133049175.9838,888010595149.1403,0.9965905686924701
2024-11-05,11099979.331436157,914864857268.9576,889648850176.4647,0.864922511901988
2024-11-06,59872405.51348114,1051392428959.2394,901356305862.6353,5.02417235640369
2024-11-07,13279845.19165039,913006560977.0138,903528315983.2776,1.1182202245975308
2024-11-08,19708298.365837097,940331293597.8336,905460423094.9133,1.6665324391804348
2024-11-09,4885741.536499023,935469940408.0431,905549708553.6212,0.41388613322506634
2024-11-10,13164594.997535706,909469368044.1932,908046097524.7233,1.1666997579208438
2024-11-11,28127787.75593567,976929581659.6956,914447159547.5132,2.723925635478429
2024-11-12,35379946.00034332,1067797455906.4689,922323763762.2742,3.390874267654809
2024-11-13,35637962.285850525,1153240701700.239,930527700289.264,3.466312354986672
2024-11-14,54913150.73195648,1253954885037.7305,942046867146.3486,5.088918075684368
2024-11-15,46921698.189315796,1377296879240.0442,952845648536.6444,4.477761037179079
2024-11-16,10230599.027618408,1384907117850.9932,954723309440.6536,0.9707553434551888
2024-11-17,9118139.622207642,1384169217289.0781,956544811090.463,0.8559456332148165
2024-11-18,16529097.855735779,1409260537878.226,959884396360.0237,1.5586775934143815
2024-11-19,36654904.681121826,1478100196548.6494,968218410825.1084,3.493562431174499
2024-11-20,32983006.818130493,1522663244926.5105,975407654362.1836,3.184780703194931
2024-11-21,52484909.694488525,1677599959410.151,987924323418.2195,5.230035514074044
2024-11-22,37393208.056121826,1783235072856.3271,997617242692.0731,3.7057126938595806
2024-11-23,18770070.904014587,1830315543484.7544,1002086112282.7386,1.8289403348447832
2024-11-24,11239922.75454712,1845369193260.9482,1004781239820.0277,1.093811613485638
2024-11-25,26855800.483779907,1918323386233.2964,1011013271350.7351,2.4739055368364298
2024-11-26,40504230.04962921,2032193302404.1477,1020765241230.2817,3.6499093446448345
2024-11-27,30194484.622520447,2108194703134.321,1027992213276.0741,2.8216473501504904
2024-11-28,26925654.581100464,2153223039774.948,1034352272909.0753,2.49006206537728
2024-11-29,13590401.170150757,2169973693339.72,1034613442059.7062,1.2802329160388644
2024-11-30,6781826.716445923,2166927803516.9307,1035511807236.3917,0.6316852771981578
2024-12-01,7392717.856758118,2160287795706.862,1036974321775.4459,0.6933393274088947
2024-12-02,30606794.569389343,2241537816133.8286,1044501271951.4506,2.800539830282762
2024-12-03,41937152.53717804,2363974284728.2637,1053318408739.011,3.822239881865179
2024-12-04,17180538.68609619,2391095539183.8096,1056359169042.4452,1.607995336690972
2024-12-05,60551822.76488495,2561364371987.648,1069895543132.6879,5.493566488846999
2024-12-06,46965880.938064575,2566998715444.203,1081461989472.2737,4.343749280706735
2024-12-07,8779933.485816956,2562593139773.075,1082626306162.5022,0.8111537298664098
2024-12-08,9061916.217704773,2542859525050.413,1084426549666.8009,0.84558122086148
2024-12-09,45314525.46670532,2677506552484.292,1095955658421.8457,4.027722523636669
2024-12-10,14679988.81238556,2689506556854.2754,1098514014546.2969,1.292124883676435
2024-12-11,33108042.641578674,2718345577112.239,1105514946609.3213,3.035740654808897
2024-12-12,11418677.786941528,2652180779754.4863,1107927607094.6052,1.0312406595333707
2024-12-13,19073499.822746277,2609175955431.882,1112655742164.877,1.7394013809934439
2024-12-14,9324789.706954956,2480900567842.586,1113538096983.65,0.8493087980068517
2024-12-15,10793045.268821716,2376303590730.6157,1115665162130.5193,1.0116886718488942
2024-12-16,29184067.34364319,2448624298931.516,1123830482324.529,2.7552411585981447
2024-12-17,29856504.40863037,2526905518617.905,1130524702549.6997,2.801519451521757
2024-12-18,32360945.104766846,2585292491873.8853,1138250645346.8352,2.853290276470041
2024-12-19,47897965.99359894,2628206790991.239,1149648783890.604,4.0620757436429855
2024-12-20,34737953.03011322,2637740027135.231,1157989354814.1877,2.9296094524335543
2024-12-21,6121074.391593933,2485313675267.294,1157627855318.1787,0.5131949252322152
2024-12-22,10341780.093315125,2394862064629.7886,1159532944713.4165,0.8480436586259145
2024-12-23,42727219.50879669,2468594375012.488,1168221018551.2783,3.4622943407049656
2024-12-24,43957637.198272705,2576356163084.356,1179531851380.6912,3.6725545191619915
2024-12-25,5597602.6019592285,2511486597004.3354,1180135807555.1208,0.47033938285376087
2024-12-26,12684635.6279068,2427751366427.2534,1176828429428.7822,1.0312834436976364
2024-12-27,28072517.571281433,2419239834351.295,1183011093204.1035,2.236061485376625
2024-12-28,7878148.287155151,2358369353393.2114,1181476549263.2703,0.6343646251231265
2024-12-29,25557695.37464142,2393986230877.1313,1186962713244.7622,2.0161143073120575
2024-12-30,38432185.53718567,2490828489906.2886,1196036996624.807,2.9759826359178736
2024-12-31,36314957.31555176,2579979715023.968,1204878451446.6326,2.8164764904344035
2025-01-01,24234763.889328003,2558721383072.317,1209682461863.169,1.8909238816345282
2025-01-02,11062616.272499084,2460232098120.791,1211361498899.941,0.884423916900251
2025-01-03,6275884.845718384,2424140824922.517,1204846800044.5237,0.5111707328434015
2025-01-04,5537567.734352112,2246358932249.7847,1205277958858.2085,0.45141912547205826
2025-01-05,4427835.698638916,2104301827482.598,1206014841406.893,0.36142722369633046
2025-01-06,9588023.579986572,2107717956049.2266,1208141122929.3257,0.811709993710261
2025-01-07,33087488.752677917,2184031851864.1853,1215831857274.7588,2.637196567161534
2025-01-08,9909213.683830261,2068278194912.5632,1216745273744.5073,0.7738641785608308
2025-01-09,7056767.309997559,2042710334598.425,1217147743637.2002,0.5359920250017574
2025-01-10,9755145.365905762,1961659328638.3728,1218234858857.8638,0.7589066118055554
2025-01-11,5185041.151420593,1939934450358.7275,1218112555529.947,0.40291321654802914
2025-01-12,4309409.3633880615,1888985546447.256,1218748002545.2495,0.33385721765121096
2025-01-13,6648990.755889893,1878387412508.846,1219762017053.7332,0.5146853859641547
2025-01-14,6829019.305633545,1862745435732.8782,1220806934242.612,0.5401726385458274
2025-01-15,19967219.101966858,1826288691066.368,1213941051021.2278,1.6497684615802848
2025-01-16,11638917.84551239,1759469183808.9814,1214177981247.7122,0.9575216688598908
2025-01-17,14352553.855407715,1701076472870.26,1215786016537.2578,1.230461734255673
2025-01-18,14070312.983413696,1594413560053.8137,1217931428872.7034,1.2070244838151272
2025-01-19,10137131.281219482,1515474764547.7092,1220375346303.3428,0.8393259480377385
2025-01-20,14485618.792129517,1544841720939.9978,1224123502863.267,1.205023373029849
2025-01-21,17533565.035110474,1574111334446.139,1226365201128.7651,1.517837398030367
2025-01-22,27573357.20262146,1534818638445.8486,1231791960470.473,2.326646246432194
2025-01-23,99334753.35772705,1735131280694.1323,1253808767436.9956,8.247888009167104
2025-01-24,8115801.337593079,1744947931430.347,1253278925774.815,0.6778729395535887
2025-01-25,5962024.128425598,1725307717167.9097,1253078693898.2544,0.49832245214136356
2025-01-26,4818684.528434753,1653625867078.6477,1253866192294.0923,0.39464341781460943
2025-01-27,12073868.441200256,1669659717681.7666,1256892141613.871,0.979004009666847
2025-01-28,9191283.461898804,1620922265504.936,1257820439623.8215,0.7401127488373397
2025-01-29,6304993.8567276,1524060107344.8113,1257037937165.1035,0.5198893126017159
2025-01-30,7401128.157829285,1436783573318.826,1256811312006.584,0.6168116121689076
2025-01-31,7346243.575302124,1385578256195.1328,1257652819211.0845,0.5973492295687588
2025-02-01,6029709.852478027,1370092196138.374,1257754385730.2449,0.4824274809299808
2025-02-02,6092202.985595703,1369326592214.9983,1259130191094.5635,0.47089197625076223
2025-02-03,13228556.196304321,1395936832876.754,1262008815294.9326,1.0636952180698305
2025-02-04,26065566.3254776,1466255037987.4343,1267632235191.7485,2.0080214738319966
2025-02-05,36167798.6911087,1550106956120.1633,1274036239864.714,2.7442059008048263
2025-02-06,23534337.41634369,1519007453471.852,1279098432015.1824,1.777347594132853
2025-02-07,7642645.270736694,1512176501126.633,1280073793294.674,0.575487925216754
2025-02-08,4985508.0328063965,1506462464513.1326,1280113563781.6367,0.3757169668701763
2025-02-09,39994453.87766266,1604098255290.8276,1289905352024.1052,2.9875061812892465
2025-02-10,7864321.094932556,1613279881400.7002,1291178037282.948,0.5934444430101286
2025-02-11,24076363.977149963,1676547023199.0166,1295590996824.8442,1.779035264019225
2025-02-12,7908055.705711365,1681367575274.336,1296249727053.0615,0.5958807401620981
2025-02-13,6088954.780105591,1678997371328.9692,1294492468920.9006,0.45449502302189826
2025-02-14,8330284.6851501465,1639315915298.316,1294642071000.1426,0.6274150960082284
2025-02-15,4325886.85231781,1614635064037.0916,1293732685377.7148,0.32632412694841784
2025-02-16,2815491.7572250366,1573787096789.8005,1293685350497.898,0.2091228387717129
2025-02-17,5102797.6254348755,1541076297290.2473,1294303137516.1086,0.3776156103651731
2025-02-18,8072914.228103638,1532628089251.9976,1290595534082.8127,0.5972796534572412
2025-02-19,5146425.553939819,1500032768416.1128,1290646007976.9326,0.3852627322097945
2025-02-20,6174484.261627197,1458221844091.8154,1290455675680.7651,0.4704502817325244
2025-02-21,7607321.297828674,1387066824252.8218,1289625047388.0708,0.5670590436540349
2025-02-22,5202350.613540649,1059111076829.474,1288894614015.518,0.3899479992905682
2025-02-23,3369176.251800537,1041564801659.2527,1289134476658.647,0.2506919334176476
2025-02-24,8339984.169784546,1046235607359.523,1290541647704.2617,0.5924345175823329
2025-02-25,27153947.91093445,1109967720424.5325,1295460954318.6448,1.8578664401547254
2025-02-26,26020694.34083557,1141730771885.0264,1298510802852.7852,1.681460012020467
2025-02-27,15087062.905418396,1153231492185.6733,1293800273686.728,0.9862036498858653
2025-02-28,15224576.809822083,1174304516711.1335,1292150211191.0776,0.9950169211718116
2025-03-01,4500882.946838379,1161374698878.0212,1281695921088.9102,0.3021943584157389
2025-03-02,6653903.006538391,1157189409796.5676,1282337202461.102,0.4879366121299845
2025-03-03,17312462.266197205,1186849854192.8015,1285148488457.8638,1.1645258312674451
2025-03-04,9814594.976615906,1195629384064.505,1282309152433.329,0.6677798396491906
2025-03-05,7013128.5642700195,1172090857646.2722,1276067065059.5227,0.49859209352334116
2025-03-06,16665955.629981995,1137240810681.0762,1267504026571.2446,1.1833740238982147
2025-03-07,12421976.157409668,1056614758054.2798,1264263044576.831,0.8522246957180389
2025-03-08,2358075.51852417,987610159532.8142,1259214142216.9429,0.1614217616707004
2025-03-09,4456419.515800476,975042893524.8666,1258242776923.5862,0.28583436979340937
2025-03-10,25782670.016296387,1026456948878.425,1259909115958.8525,1.6059746059542328
2025-03-11,17105626.763885498,945243590690.9297,1258270756254.7954,1.1263072433181933
2025-03-12,15890468.672241211,964000997209.8148,1257801568180.8005,1.0565773332998543
2025-03-13,10627143.295402527,915886181376.0193,1253573063410.8186,0.6872017445392709
2025-03-14,12056890.434715271,923917224878.8802,1249139716754.0051,0.8112315526323802
2025-03-15,1978898.22315979,909871568901.0529,1246411167918.7502,0.1339611754344801
2025-03-16,4044567.004196167,893928459957.1262,1246003253511.4504,0.26804481450094303
2025-03-17,7274867.644302368,900187802862.5719,1240746213606.3743,0.4916045437293553
2025-03-18,6396552.136955261,908795309829.12,1239118045934.8884,0.42672638309532757
2025-03-19,8086715.225975037,915920909189.8241,1238749426883.9763,0.5671179617487112
2025-03-20,15687130.53149414,934296259704.7351,1239718376448.103,1.0664575067328796
2025-03-21,4350097.257568359,929906671353.4476,1236151257731.9314,0.2957163652293929
2025-03-22,9986180.640579224,937576764976.6088,1231910357016.0864,0.6795933162783286
2025-03-23,2802183.6284179688,921202344367.6727,1203714037031.344,0.19943352024716865
2025-03-24,5869401.337112427,921570966520.927,1202921694195.536,0.4270107880736843
2025-03-25,8008749.343673706,934165070784.9165,1191311727859.1885,0.5884259559572199
2025-03-26,8601675.00717926,933589372573.4877,1188416195763.3008,0.6288120902414513
2025-03-27,6282990.613456726,871624777401.5104,1187657978413.037,0.46129069678137247
2025-03-28,28180804.582336426,878080640681.1644,1186205945924.2788,2.0039268027028676
2025-03-29,3014210.9315719604,843849330422.6102,1185186300469.624,0.2101030397312979
2025-03-30,4297630.052444458,812779847457.5768,1185049143832.7444,0.29840689537661724
2025-03-31,9639564.43082428,826343814759.0801,1185644164674.902,0.6698808287226752
2025-04-01,6316315.958206177,823419246061.1566,1173272207658.7217,0.45851440588788805
2025-04-02,16573118.907905579,819120601271.925,1172140693096.4917,1.1667791044210105
2025-04-03,37601933.58779907,894763213574.2014,1178891271356.5623,2.651286547964914
2025-04-04,10112546.56703186,901817243539.5942,1179413264650.0142,0.7188810519759584
2025-04-05,4939915.275100708,865544787102.2415,1179411852348.911,0.3491211711075858
2025-04-06,5160096.793556213,843140409471.3307,1179150046072.721,0.34372628054812826
2025-04-07,30874068.42111969,918351583828.6359,1184880475561.8105,2.075821018748963
2025-04-08,8130117.127937317,927026739700.6632,1184698728345.2976,0.5232585234692695
2025-04-09,14740445.556427002,900158256012.989,1185788070187.0537,1.0265978938529134
2025-04-10,24329569.808425903,917445900883.2675,1189587152305.297,1.6273114661520627
2025-04-11,18815493.04637146,925512745242.4806,1192632564145.5635,1.317228796809456
2025-04-12,3928071.8876419067,907962709695.6791,1191841861359.8274,0.28104108484420626
2025-04-13,7091105.043083191,893974167638.3817,1192544141730.644,0.4978308721525737
2025-04-14,6828903.731254578,907644562580.3954,1192943919956.2712,0.48374659004140264
2025-04-15,14948974.640106201,938212215077.4418,1194657582316.3723,1.0471739386952978
2025-04-16,12431340.181137085,952712543705.6359,1193263718554.6855,0.8757211996149511
2025-04-17,29733025.998207092,1019231677213.3605,1198686184805.439,2.1059209651368525
2025-04-18,3803464.1567077637,1006521688261.7723,1195915778820.9373,0.26859532019961513
2025-04-19,2209175.2820281982,968715854886.9442,1194371081489.7039,0.15734805578056466
2025-04-20,3502313.8721694946,966470197534.5366,1194726800406.3145,0.2495804364115648
2025-04-21,7595759.154464722,960695710157.7086,1195923685424.743,0.5551887897776121
2025-04-22,10631257.848449707,985861531067.7672,1197608095174.5796,0.8308523957770994
2025-04-23,13711053.833473206,1011579908700.4585,1199653921181.9736,1.0713188586453621
2025-04-24,21703784.637191772,1056149096055.1495,1201290031327.9841,1.6965714438638104
2025-04-25,31219138.075256348,1129781358610.1138,1208169985518.2861,2.4468894147502347
2025-04-26,8455350.3098526,1138208998288.0747,1209085692891.1528,0.6622233406999878
2025-04-27,4432783.957725525,1072829447422.2076,1208660868712.4592,0.34392059290375804
2025-04-28,21706204.62107086,1133292874533.4985,1213086407882.4822,1.7005499726241524
2025-04-29,25436319.797080994,1201122524720.9417,1218070791460.0479,1.9609010890410805
2025-04-30,15461754.990821838,1223188363278.9187,1219576289786.981,1.1940339153332395
2025-05-01,18917263.719161987,1265983401886.195,1223026165999.3909,1.4895947593803207
2025-05-02,18977556.477226257,1281641625941.9836,1226768524376.0784,1.4977364949550498
2025-05-03,4206232.524230957,1190901730133.1084,1226297337419.2144,0.32894281238804424
2025-05-04,2956685.0772018433,1171944916046.2944,1226531252835.7239,0.22759585225096052
2025-05-05,48840603.780159,1312489326084.0652,1238766992971.9197,3.7360455795969383
2025-05-06,33898050.76234436,1408171288380.8235,1246037931425.473,2.6289438273359664
2025-05-07,19571414.990371704,1389502174676.0046,1250401537447.9587,1.5191331167176945
2025-05-08,21971316.578842163,1444345765436.092,1255379134612.5144,1.8044042374909175
2025-05-09,22142086.64742279,1479780145041.577,1260727359694.995,1.808764524731318
2025-05-10,3447244.399154663,1427255185775.9736,1260931830052.9917,0.285566615405664
2025-05-11,5996225.8938446045,1395687601930.408,1261873593817.4927,0.49445716686303137
2025-05-12,12848443.334594727,1428562807189.9932,1264053326864.1892,1.045219105387325
2025-05-13,33172492.362434387,1523932030467.8958,1272305336261.9082,2.7153560470362708
2025-05-14,10753332.032470703,1541826980419.728,1273707497778.318,0.8745579765271303
2025-05-15,32155111.884147644,1611335864377.823,1275359640340.6453,2.6159529430601776
2025-05-16,11872505.176612854,1617455938448.4712,1277380426860.3284,0.9617875233996231
2025-05-17,3670374.2897872925,1545941681798.8533,1276956279831.1648,0.29672955425165076
2025-05-18,5973780.381629944,1556386230056.8054,1278085621868.0317,0.4964877301062849
2025-05-19,29882798.974372864,1655298944079.7217,1285852735624.6948,2.4538683947407876
2025-05-20,23824679.235069275,1730187997975.5854,1291000005482.93,1.9712254394313133
2025-05-21,27766750.829917908,1809492012789.6143,1297253431372.0967,2.3457898005168953
2025-05-22,14667659.316879272,1830764310362.6606,1298406591784.4058,1.2578528887663156
2025-05-23,15221092.997276306,1842347140742.3562,1300615521191.8174,1.255326231617513
2025-05-24,4070926.5444259644,1789039050430.7405,1300150286351.1033,0.33752379106298214
2025-05-25,8483960.283454895,1721304228903.786,1302199124322.9546,0.7097330091168131
2025-05-26,30837357.778884888,1807114146251.3862,1310173888350.9775,2.57598042303743
2025-05-27,24214878.5075531,1881246322522.9775,1315384210141.2878,2.006751054470522
2025-05-28,12198583.544548035,1856321048061.0322,1221989767540.8623,1.0762412736921345
2025-05-29,26119034.224113464,1868657607460.3274,1228339417417.888,2.2458068872208945
2025-05-30,10005506.098175049,1854828689410.6033,1229536760788.4963,0.8469432912135222
2025-05-31,3085875.017227173,1804873471429.0862,1229259753183.2354,0.2628873410809591
2025-06-01,3819308.0882873535,1757081203777.1704,1229609325931.2812,0.32824080929692134
2025-06-02,12730240.990600586,1788574100981.9424,1232428869398.44,1.0939119040564704
2025-06-03,11546451.274681091,1819864823826.9375,1232663783758.2017,0.9880026712866731
2025-06-04,25991082.12918091,1756362584760.6775,1238324150440.4917,2.19895798308295
2025-06-05,6673239.016166687,1669781114849.3274,1238126118156.9114,0.5478598837061337
2025-06-06,7125895.7230529785,1631264012412.7747,1236463530742.9846,0.6017268549669754
2025-06-07,6064412.150985718,1577109038259.5994,1236771702718.3984,0.5179308389327634
2025-06-08,4859686.672866821,1518226546321.8376,1237104483942.7559,0.4153926948868854
2025-06-09,6164550.213142395,1528846337321.9873,1238107268834.472,0.5481542529096634
2025-06-10,14081115.765678406,1559811559267.568,1241156532654.002,1.2511710325409835
2025-06-11,9380473.475112915,1549754696896.6985,1235435495030.6562,0.8252205966572665
2025-06-12,6644904.874351501,1458086414789.9937,1235388897949.633,0.5704386096262936
2025-06-13,22606614.394088745,1500922574427.2766,1241156419764.04,1.9328875900420395
2025-06-14,2829224.1965179443,1399661792613.8994,1240753705605.5696,0.24054520156545012
2025-06-15,4730315.581321716,1375355397240.5503,1240329267524.1775,0.4026162318861351
2025-06-16,15907329.753715515,1419391687965.8916,1244535942615.7576,1.3659705045563744
2025-06-17,7912090.162696838,1425860648326.4294,1244929953024.9084,0.665597801776317
2025-06-18,10342346.267356873,1356791020811.925,1246814259893.288,0.868793851377672
2025-06-19,7352980.096168518,1297619852885.7217,1248007646341.5251,0.6167566501569134
2025-06-20,7778104.276679993,1222977788122.433,1249233355715.975,0.6434521792278396
2025-06-21,6332910.918876648,1190128558567.4028,1249046676069.843,0.5185775744237415
2025-06-22,12437620.126785278,1177527943377.3542,1242218381665.6992,1.0100303970845275
2025-06-23,11833606.516647339,1204548244717.8042,1245026370216.7207,1.003545566345599
2025-06-24,14473540.877388,1224916143659.844,1246153369804.5166,1.2319917503228648
2025-06-25,14616052.774795532,1164681522042.277,1249241389117.3384,1.2551166270177638
2025-06-26,30648105.416114807,1186012405290.7153,1256507068888.6772,2.6100729788083776
2025-06-27,31097555.306610107,1253138050893.0342,1257957679458.1643,2.6462934693958435
2025-06-28,3587158.131454468,1174023645745.2937,1257396264720.9807,0.3063322039812625
2025-06-29,4588331.29271698,1155892153611.4436,1258342202140.177,0.39528448301959546
2025-06-30,37717149.203178406,1279866164121.0547,1268773730172.7915,3.1860504731209973
2025-07-01,15841503.910713196,1322136784815.7412,1271864715007.7917,1.3143902502972387
2025-07-02,10813068.775360107,1316431241775.6997,1274094299750.5151,0.9237952953459135
2025-07-03,13133472.592185974,1323827558603.9802,1273800345273.9402,1.1302906466791873
2025-07-04,419951017.91625977,2746042092126.58,1395745781292.605,32.51986098779263
2025-07-05,2700676.296646118,2733175687137.06,1389315122270.3748,0.21041121393946483
2025-07-06,3439142.8918304443,2720900555972.6895,1389734021929.5898,0.27038222478176854
2025-07-07,24264342.81642914,2787125305870.8247,1395949790089.6355,1.882091119002636
2025-07-08,32662193.6272583,2888630321092.9854,1404819550608.979,2.5334461074119026
2025-07-09,29927190.842826843,2977199312203.0356,1410696159799.622,2.364608051917644
2025-07-10,10188018.077041626,2964829169349.8364,1411388886724.7222,0.8373275615427251
2025-07-11,31453077.93119812,3054046670273.5493,1420798731765.1426,2.601376086154274
2025-07-12,18047559.838806152,3101204397066.9155,1425324831938.4705,1.4869910925586296
2025-07-13,7779910.48147583,3052025505683.226,1427288937908.046,0.6471353312007097
2025-07-14,20954807.71347046,3125793678709.7197,1433101241925.265,1.7524948465111625
2025-07-15,18581005.88257599,3181976171467.2285,1437304124830.503,1.5201038116909227
2025-07-16,38452535.47502899,3277453384105.5576,1448284496278.831,3.1515325755061583
2025-07-17,33920885.89691925,3385046413981.4478,1457639394812.6338,2.7828649189993873
2025-07-18,13072825.082046509,3400375488360.451,1459146523512.4229,1.0575338180986043
2025-07-19,17632352.130195618,3444045077847.1865,1459670937599.1172,1.4248449060380461
2025-07-20,5369056.078079224,3438240853409.7197,1460757128184.015,0.43107452965735316
2025-07-21,14955811.646141052,3475219763477.8994,1464982084990.0564,1.1993968497407659
2025-07-22,29881616.67050934,3552978038720.846,1473430377068.953,2.434744551503183
2025-07-23,25221610.049110413,3611126743517.166,1470901781528.368,2.035419274965508
2025-07-24,30869655.690315247,3681755814286.0234,1479336001079.2544,2.4701100977979578
2025-07-25,32814653.84626007,3757948189088.2363,1486707364891.2651,2.5921139382989296
2025-07-26,7181209.966712952,3676863244265.104,1487849306558.8115,0.5692960972325439
2025-07-27,5247759.958496094,3586798514008.6772,1488001157040.4517,0.4213594063869532
2025-07-28,18242644.071365356,3645710462340.4326,1493003418482.2073,1.4417511657077982
2025-07-29,23692159.619514465,3722163414924.9927,1497711707178.3271,1.8635039780985048
2025-07-30,20590306.25906372,3668104026056.7007,1495351286748.7012,1.6187470453947848
2025-07-31,9660166.103027344,3649633548171.066,1497161741407.58,0.7464873123751796
2025-08-01,9488095.813674927,3646228207269.25,1497645323858.9045,0.7176880104780786
2025-08-02,3557131.6064071655,3611597119929.0205,1497366395890.6018,0.26769132584584215
2025-08-03,9660206.048583984,2135399389725.0942,1499180229559.654,0.7360868653796818
2025-08-04,8542406.156082153,2158432903750.4663,1500804557490.398,0.6552038353527054
2025-08-05,18128616.815490723,2214887256148.725,1501219725612.612,1.3784723937114085
2025-08-06,5771384.988647461,2149440393893.1626,1502131801693.2576,0.44197109340607743
2025-08-07,22869147.61376953,2120329517476.7717,1506927101451.586,1.7822417069993937
2025-08-08,10768423.640480042,2051031817460.115,1509233006466.659,0.8327491463456516
2025-08-09,4164510.1845703125,2027809971267.6692,1508979450708.4329,0.3215016804294959
2025-08-10,6630784.355354309,1930979469557.2722,1508438960966.3655,0.5244605935088219
2025-08-11,8699662.926643372,1894742514288.51,1510798859082.0947,0.6833051698619064
2025-08-12,12925079.76638031,1915701960770.006,1513866511310.944,1.0254751541156542
2025-08-13,12694445.483535767,1884198794478.0642,1516972963921.0823,1.0325876528449542
2025-08-14,20204394.471427917,1891192232995.4495,1522677669693.461,1.5726602431344279
2025-08-15,10488895.773780823,1780069536374.9639,1524859323779.9797,0.8070481327799253
2025-08-16,57690014.280799866,1870899938734.9265,1542490844600.397,4.396347395456508
2025-08-17,4258448.515892029,1836136817401.3018,1543476675740.1555,0.32407561580209365
2025-08-18,7825420.856262207,1797141141411.788,1545439498740.5742,0.5887868279450597
2025-08-19,15600004.867553711,1834952753626.6501,1549047720874.1362,1.138792262271918
2025-08-20,14807111.088371277,1832782963054.947,1552489638747.1743,1.0898631065119702
2025-08-21,13328228.3747406,1763147618011.5105,1555119366213.909,0.9635056085326295
2025-08-22,17740368.349075317,1732469115559.0535,1559734050614.4353,1.329423284253743
2025-08-23,6812013.394920349,1636864705998.524,1560251617934.819,0.5037588158545739
2025-08-24,5573505.465934753,1529486673749.0256,1561331558956.1145,0.40502218224818437
2025-08-25,13239310.232757568,1549900012184.0906,1564883451359.4658,0.9326106396474322
2025-08-26,9668641.880584717,1565039809970.2202,1566815833458.0325,0.6900474163778075
2025-08-27,11365305.365760803,1535408730628.4097,1566917277179.774,0.8064286846223598
2025-08-28,12827624.901397705,1490507553580.4456,1569771009641.518,0.9198516242584605
2025-08-29,81362069.10923004,1703854185234.5188,1587309035810.9473,5.557200411429242
2025-08-30,8577782.951843262,1697694162112.988,1589048060110.0007,0.5870253860187161
2025-08-31,7658274.2404174805,1689466299557.4165,1590146466981.8684,0.5207106599346917
2025-09-01,7597472.488487244,1703769656354.2297,1592051643255.9421,0.5212975993668488
2025-09-02,7704615.393638611,1695529714840.9802,1593748070481.0178,0.5373048891973352
2025-09-03,10067818.00693512,1700243111299.9282,1595486953392.7383,0.7049476610004675
2025-09-04,17927178.199188232,1697438263321.2527,1599340073580.2493,1.241289793263045
2025-09-05,31018026.573776245,1789720335197.562,1607761692065.7168,2.134869245897791
2025-09-06,6948932.441917419,1725725577869.4934,1608038657256.0525,0.4762731333085852
2025-09-07,6172243.049057007,1706702123007.9111,1609640288812.3242,0.42624980046353517
2025-09-08,10275149.609107971,1728924999521.232,1612514584043.5117,0.7143040664151157
2025-09-09,11415304.410369873,1744990934743.9626,1614158911407.715,0.7887047801953386
2025-09-10,10224285.152824402,1749412223893.5154,1615736408871.951,0.7210181927708027
2025-09-11,14475065.68637085,1753402569739.9014,1619247841403.3293,1.0326664187117407
2025-09-12,11558717.32169342,1745959023485.038,1621933137882.6592,0.8280866413223209
2025-09-13,8495489.525520325,1698980277774.7842,1622086798950.642,0.6074226506036959
2025-09-14,3799048.762321472,1672566937878.7808,1622787135165.1055,0.27005062070818314
2025-09-15,17868561.644432068,1515275707933.1484,1627712040486.5586,1.2671705175744354
2025-09-16,14199400.972740173,1553827791406.324,1630227466616.5398,1.016278827518752
2025-09-17,24730062.297080994,1619489554562.2896,1636947994196.8096,1.7592417872361588
2025-09-18,11851150.967842102,1606966325693.69,1638818546047.0925,0.8471631564776846
2025-09-19,34983300.282310486,1685479663748.4011,1648487599399.6057,2.4552209695893863
2025-09-20,5847869.1778793335,1658098212671.814,1647902287640.7515,0.4107784205799816
2025-09-21,5109697.370857239,1608623863619.0999,1648825800045.5562,0.357415739450777
2025-09-22,8718113.545143127,1615181808763.2131,1650923161853.88,0.5952602062387246
2025-09-23,22288155.90700531,1677314397641.5356,1655810373652.6182,1.507631321371811
2025-09-24,21115409.88544464,1708429230456.6375,1661128950855.7153,1.4405094437529493
2025-09-25,24175857.820976257,1760294621721.9893,1666229224632.9692,1.582698776849872
2025-09-26,18116392.853019714,1784361197190.5237,1668786858700.1274,1.1898489567150692
2025-09-27,6464412.240982056,1759845321961.199,1669208709252.842,0.4244407257915479
2025-09-28,6631434.5383758545,1490612739330.8833,1670386113089.322,0.4454161478799957
2025-09-29,8629690.222091675,1492395697073.4924,1672486700315.8782,0.5897208527759066
2025-09-30,21788139.54535675,1547610036726.9873,1677830021702.0828,1.4807438022234463
2025-10-01,27861596.706840515,1629785820973.3494,1686009668324.3086,1.954440884294141
2025-10-02,17487731.27986908,1671592277497.8464,1690779317944.2043,1.248254165256373
2025-10-03,15820217.055152893,1698594494749.1833,1694775908556.5146,1.1416266325965247
2025-10-04,9603802.769302368,1671619128981.608,1696475448482.9006,0.6931921928584981
2025-10-05,9272472.42489624,1595386984867.64,1699098401803.0535,0.6741202666597639
2025-10-06,14544085.595161438,1630363447103.721,1703502885094.6672,1.0655452906698377
2025-10-07,56310396.780319214,1835801271978.5842,1721082340748.6218,3.979614127695361
2025-10-08,20171072.597473145,1880354081790.3054,1713757656756.8186,1.4520197818382123
2025-10-09,29593999.325317383,1957807322108.6592,1721723286537.9573,2.0890070356224397
2025-10-10,11492512.048461914,1962466402791.0273,1723871540518.7239,0.7568706457079084
2025-10-11,11170153.921073914,1948016746284.2812,1722225564740.9373,0.7192165762401949
2025-10-12,6394177.449707031,1927790114990.1938,1722963160834.25,0.42734647061141373
2025-10-13,5284540.743011475,1915236508811.0103,1723530931760.1885,0.3531610987281397
2025-10-14,46183263.242012024,2075292448640.046,1736072604575.648,3.0182567561916382
2025-10-15,55330014.31958771,2210862408322.6313,1748009902299.0588,3.5066663473822626
2025-10-16,12048079.83039856,2199068515386.565,1750027966893.2678,0.7445303131886388
2025-10-17,22417914.354026794,2182613998857.9363,1754651682573.3564,1.359900567595883
2025-10-18,7859932.946434021,2164403211194.157,1754654794057.0972,0.47987961238981214
2025-10-19,4625605.2450790405,2046236299466.7563,1753994474295.8152,0.2864284795045624
2025-10-20,6570625.884376526,2047887185660.8882,1752375590952.5103,0.41455113193872944
2025-10-21,15167357.605361938,2083108057930.145,1752036890778.8145,0.9394450934733762
2025-10-22,35504844.11899567,2177926441009.0132,1761101281167.8276,2.1732312588163687
2025-10-23,34502513.67362213,2221345283767.183,1770063164422.1956,2.146204124617341
2025-10-24,15651878.513237,2199489958064.0537,1773671029022.2405,0.9794444073785594
2025-10-25,7334987.025154114,2138879668673.8682,1774140613620.1326,0.4615362884916541
2025-10-26,13589692.079483032,2124598692007.879,1777550612146.6675,0.8760228778768522
2025-10-27,16809320.286064148,2164936827543.1675,1781958889172.9194,1.0766938753575945
2025-10-28,37896406.35253906,2282973401557.607,1791998682832.473,2.3912485033886988
2025-10-29,29071617.68486786,2356684885150.7734,1797403870594.59,1.7790352203391189
2025-10-30,28780539.50666809,2377784543581.0264,1803692636572.0405,1.7283577564812436
2025-10-31,15748197.293457031,2325454185570.9653,1806377023501.0996,0.9551137245105339
2025-11-01,14696680.944267273,2308989304589.0396,1808290449757.5195,0.8939802214363193
2025-11-02,3745882.387588501,2258305499355.695,1808089409632.6394,0.22912979539818337
2025-11-03,26608327.822303772,2313554635980.8306,1814885344050.9038,1.5612323083143913
2025-11-04,28066603.07207489,2370094854658.416,1820245947459.1438,1.5611094929225233
2025-11-05,17172763.456085205,2369053246049.9277,1823025218419.1304,0.9785444548854888
2025-11-06,16241146.4039917,2195559238841.5886,1815123448410.1846,0.9059567730009468
2025-11-07,81134383.9252243,2392245746293.524,1835338959659.5452,4.570820664103278
2025-11-08,11523404.711006165,2311690040966.8965,1834437704129.9348,0.6432602734436415
2025-11-09,2903358.0802841187,2278318389820.7275,1834242645949.9033,0.16551694088848395
2025-11-10,13284252.631233215,2284071209559.096,1835206538016.1345,0.7689803502241934
2025-11-11,15247650.782432556,2311842888306.6763,1832682062750.4402,0.8563692634433279
2025-11-12,12302966.903800964,2333177440034.1934,1827534766072.0562,0.6832814634009768
2025-11-13,27186772.567276,2249460196980.3164,1826172837064.4216,1.494051122110252
2025-11-14,21597863.352607727,2112914136464.8958,1818609292827.319,1.1180552589497383
2025-11-15,6424520.452354431,2089944646855.6968,1808601756012.363,0.3394136824003824
2025-11-16,7835426.339775085,2035026900605.194,1808086185265.483,0.4085089735039586
2025-11-17,28562565.742767334,2094623187362.566,1813048271049.4395,1.4505469640082667
2025-11-18,46955891.45664215,2223173706165.956,1820891447031.7932,2.393832724921109
2025-11-19,14928999.95526123,2244470612440.529,1815364940203.898,0.7521112933331122
2025-11-20,27238812.94088745,2268173441322.0483,1813311701441.4617,1.2998467528767488
2025-11-21,25109530.866973877,2211812243976.748,1805009140173.3018,1.1836197314831043
2025-11-22,340229102.2322998,3045514897512.0327,1873812191106.226,15.375071529108999
2025-11-23,253461209.26852417,3721003241372.7983,1929070017889.7502,11.405424521498949
2025-11-24,12893597.578338623,3731636559412.7153,1929176287550.4143,0.5898008505561811
2025-11-25,15560856.482429504,3725052503720.0845,1926048895775.7183,0.7059287721239105
2025-11-26,40550751.91732025,3783270621302.2065,1925883052370.0198,1.9031102356214031
2025-11-27,6724855.915534973,3660897729995.64,1919618109697.7866,0.3198174814558966
2025-11-28,7798780.658470154,3577947615981.8877,1914504520693.7905,0.3704046466769687
2025-11-29,2480347.1945266724,3481538818111.0347,1911492509840.9155,0.11779393402935733
2025-11-30,4481638.804702759,3437536426235.1167,1910810608929.9915,0.21206901856995275
2025-12-01,25778467.034500122,3457830868792.506,1914937825627.5723,1.16213129409972
2025-12-02,10093747.422019958,3474749394420.787,1909449265382.2524,0.48277948100110885
2025-12-03,22494223.404785156,3450540151377.522,1904192127611.1172,1.106600701245483
2025-12-04,7837398.008155823,3379899699378.764,1901517522269.6885,0.379901662545408
2025-12-05,22896733.048576355,3388635132636.363,1891020075458.751,1.081942091932618
2025-12-06,6364886.483909607,3352711150095.1494,1879702552628.0708,0.30148594781196614
2025-12-07,6321094.532943726,3092071432268.1904,1878857723426.267,0.3032766667386505
2025-12-08,31782325.077087402,3148780945448.648,1884239464710.6116,1.5291614195280632
2025-12-09,14173621.921638489,3182508121948.2505,1875749624262.0093,0.7012735119754773
2025-12-10,30732827.36995697,3229785674650.3926,1879613040848.6914,1.5053972737516363
2025-12-11,10255960.04371643,3209085780031.0474,1873016873949.2456,0.5063786465645748
2025-12-12,13911254.446281433,3209347391555.4194,1873329282110.488,0.6707678074051046
2025-12-13,7210549.486808777,3140098742489.5537,1869810326411.6265,0.3481294841582216
2025-12-14,3977504.6176223755,3084020336000.839,1868180780621.147,0.1878584196987239
2025-12-15,10329909.407569885,3093303482358.739,1867533253954.3994,0.4778274072771759
2025-12-16,26606838.76990509,3146462189576.012,1865442724222.5635,1.2508455058785777
2025-12-17,14064852.379272461,3099155451578.104,1860082512114.6597,0.6508902252177791
2025-12-18,6968936.249832153,2973676876674.895,1852813451262.0117,0.32089160780455867
2025-12-19,14165668.023132324,2969800291279.721,1843441118309.7993,0.6775691931719319
2025-12-20,19793987.578224182,2949538371772.7627,1838938962644.5452,0.9511842303606819
2025-12-21,4247295.241592407,2890853771291.9185,1838341202860.2559,0.20448131108972958
2025-12-22,8749992.161231995,1956316343336.6807,1837767337301.3123,0.42109445304102977
2025-12-23,20850387.632629395,1283658193196.2063,1831678002945.9458,0.9947807303376285
2025-12-24,6891164.3465271,1265854466855.4246,1821463819367.2144,0.331446619267093
2025-12-25,3757358.5225219727,1231452324458.7256,1820840599402.1062,0.17991089404100957
2025-12-26,9936023.697761536,1138183924300.2585,1819891207811.6362,0.47646570360864665
2025-12-27,3929560.199989319,1129218505695.659,1813588959397.3232,0.1902111662486781
2025-12-28,5424215.694923401,1121462473161.8315,1812840941496.6907,0.2628252615151421
2025-12-29,9769660.613685608,1142325554921.0837,1808616289899.3225,0.47055568399572195
2025-12-30,12803553.787208557,1166559277842.9536,1801966564102.8682,0.6283332003602549
2025-12-31,20573997.25743103,1152384386089.502,1797601223249.397,1.0014247862824095
2026-01-01,10979092.605949402,1154129944933.1772,1794003393754.3777,0.5430367044126301
2026-01-02,6192564.846549988,1102447001547.916,1792593352550.3325,0.3105512141784662
2026-01-03,3224482.740386963,1088104204694.6781,1791706293209.8657,0.16303216859780853
2026-01-04,4022745.13861084,1032157676725.998,1791222711991.0425,0.20521087344824546
2026-01-05,10900102.40548706,1047411575949.9786,1792834860721.28,0.5713414575121353
2026-01-06,7144317.0411987305,1050708529961.0391,1791980236350.5256,0.37317505762819747
2026-01-07,27629368.492347717,1038728597582.351,1790104950660.05,1.4088047308606955
2026-01-08,7897235.040054321,1018844594690.8619,1789494807805.4312,0.4017298271627062
2026-01-09,9861839.541618347,954295172446.6359,1790154260397.8599,0.49888531945642134
2026-01-10,20713007.501609802,985092901752.0618,1792751140232.5627,1.0444213849686437
2026-01-11,4401231.82283783,956538894588.7966,1792502250129.3982,0.22312315657188528
2026-01-12,11180582.49836731,968810813084.2136,1794179526409.1848,0.5679998262545611
2026-01-13,14067398.003974915,1001740386460.6367,1796127600398.0068,0.7454039958826032
2026-01-14,9056974.032112122,1001303393195.7367,1796729798403.4014,0.48936060145228805
2026-01-15,9242763.831336975,953004551354.8541,1793665945616.1377,0.49307698292582686
2026-01-16,6517530.751991272,933382644816.9924,1792184988361.8936,0.3470915854878824
2026-01-17,8294840.692733765,939860808785.507,1790247780241.3472,0.4406636975617196
2026-01-18,4081282.8434295654,911074487321.7231,1787276263016.751,0.21567413793600396
2026-01-19,8702505.459106445,879615044759.0698,1786676519922.192,0.4507735205580447
2026-01-20,10656837.252738953,898426127343.3895,1785211154071.4941,0.5266821769381991
2026-01-21,7727176.68939209,895644289118.9214,1782002922616.8838,0.3874395918327871
2026-01-22,18773749.18070984,890893296861.8712,1778752632404.7974,0.9442505850471764
2026-01-23,28149740.22052765,954734374982.0779,1757321607938.8264,1.4334031729156742
2026-01-24,3512433.3737335205,954262724438.4866,1755852774169.8987,0.17851129003970545
2026-01-25,3771249.3475112915,936220580431.2328,1755034730819.5808,0.18566665313305697
2026-01-26,7334571.953453064,946357633582.9886,1755457323767.5432,0.3697477898365116
2026-01-27,5656791.168251038,947318026949.5914,1753470391573.498,0.28815553314184666
2026-01-28,6816739.846366882,939214683958.6738,1752585529772.2324,0.34688999499548717
2026-01-29,6624920.947776794,920148427867.8083,1752329987707.4983,0.3197158864877441
2026-01-30,11854423.126106262,893377074794.0254,1752937675425.4412,0.5687719777932535
2026-01-31,10587138.584259033,888659897882.2284,1753160788961.5364,0.4749674921652673
2026-02-01,9516696.510482788,894608434850.6666,1753512495458.1921,0.41924317797564825
2026-02-02,20892958.016456604,939773443495.5347,1756400554958.9507,0.9377451044228795
2026-02-03,13485021.116371155,961515926368.2992,1755516884058.8403,0.5809416432914075
2026-02-04,15216364.295646667,964395106817.1589,1751586099255.2302,0.6341088778571158
2026-02-05,36847558.75545502,1020869028608.6191,1748481228609.8506,1.3514242778523768
2026-02-06,24972958.760055542,995569287092.6715,1747082635615.186,1.0090627894815287
2026-02-07,8358338.119094849,990892619723.9691,1746649557279.1848,0.3312590189462257
2026-02-08,5903717.78213501,974947371027.0231,1746468088330.5085,0.23746452737245297
2026-02-09,8967775.964866638,933523336906.0833,1737635393516.0085,0.36236980871085867
2026-02-10,19502558.572555542,964904577519.7263,1739211129262.4692,0.7712611517091654
2026-02-11,8469737.271820068,949849626365.9938,1734450973244.8271,0.32716123627083427
2026-02-12,8537895.609222412,924067219219.1653,1733883735516.7603,0.3260705804350543
2026-02-13,17081226.19215393,933949243733.7444,1735492965998.3152,0.6774498849985281
2026-02-14,3304479.2985839844,912152180884.6382,1733899063335.562,0.13293940359169057
2026-02-15,2259846.1895828247,896583653247.2241,1733167064187.3845,0.08942963617207043
2026-02-16,4058457.794456482,879608528652.8638,1733192007517.7642,0.1613459255229914
2026-02-17,5372575.624824524,878849441201.4044,1732846658406.7095,0.20930683160928087
2026-02-18,12872495.986488342,880507829800.7551,1733077594487.8433,0.49342171734494705
2026-02-19,8463392.544296265,868060422337.4314,1733268221517.0818,0.3270219034679461
2026-02-20,7998908.473693848,863163733900.6149,1733094036847.744,0.3136112757433557
2026-02-21,4765863.648529053,817989531907.5721,1731979156321.626,0.18727832423805454
2026-02-22,2226816.512313843,739044633980.8854,1731014777019.7642,0.08700297239026217
2026-02-23,8933788.37828064,747833719120.6152,1731710493413.2979,0.33326130448700986
2026-02-24,11398646.444458008,761316685008.4333,1731616737201.6829,0.4217679267863457
2026-02-25,6967042.995536804,755465255310.9481,1726320134854.0977,0.2743022948816115
2026-02-26,9068576.12349701,759014033421.4277,1722014221288.8188,0.3552441851431668
2026-02-27,6085121.145080566,752114264557.2642,1719616990515.1035,0.2331689684031558
2026-02-28,2470265.559326172,738945794179.3328,1716547079006.2544,0.09623599965382397
2026-03-01,2783397.428329468,711813868188.0393,1715987470163.251,0.10668146011801195
2026-03-02,5435536.693572998,696518308600.9631,1715297410781.076,0.2179374803072975
2026-03-03,4850049.454048157,683083148159.608,1712107012770.533,0.19396762906651321
2026-03-04,6538937.3751297,643964639765.0583,1711058247208.3115,0.2767297786352018
2026-03-05,6706717.649482727,625829080503.6486,1710618655800.5427,0.27813685066237126
2026-03-06,10831734.066261292,613422520802.5916,1708532541183.0261,0.43224198956479437
2026-03-07,2877682.2487945557,541111653348.269,1706111110414.8367,0.11348261956734648
2026-03-08,4080195.988418579,491320248633.9698,1706291684034.4592,0.1577537643992807
2026-03-09,8972288.456542969,492488673530.7687,1706987566594.7388,0.35949070614221806
2026-03-10,4331783.761184692,488748708898.7361,1702272890523.959,0.17771843861789985
2026-03-11,9339354.026916504,489617803437.2038,1700186698673.2366,0.3856867259480152
2026-03-12,15258146.07623291,480785406357.4368,1699494779329.397,0.6333729760865185
2026-03-13,7507333.098464966,479624680932.9539,1698593863619.3699,0.31356722364964046
2026-03-14,4090204.861503601,470478399631.0846,1696614790975.8455,0.17150624793469213
2026-03-15,2421189.913887024,437156886772.5703,1696639704453.5083,0.10377225289125011
2026-03-16,10642262.17111206,455936757019.34216,1697899745285.881,0.46757743911287697
2026-03-17,8335325.562088013,471314060268.4615,1697917167535.8137,0.36298331228002767
2026-03-18,4854603.664329529,473532392594.799,1697416973224.5317,0.20395309096885006
2026-03-19,5317195.753005981,473833594653.9583,1696510714746.227,0.21911603757022138
2026-03-20,14956727.592597961,480476106352.336,1695777307910.9336,0.6217877011307149
2026-03-21,1761556.428100586,465699403856.68945,1695114199531.0469,0.07286565010533926
2026-03-22,27103352.01598358,509007648463.6916,1697869177956.2715,1.0853399036945994
2026-03-23,8499209.607696533,518283035027.1651,1698862500759.3928,0.35472190989322916
2026-03-24,11017500.118728638,539163407147.03876,1699584018715.0613,0.45717927792463164
2026-03-25,5822520.189613342,533746262587.9797,1698799358493.002,0.24405340111781992
2026-03-26,7773841.732620239,527220777383.661,1698216578692.9302,0.31478661309500156
2026-03-27,5862084.079780579,524358689361.2394,1697777716659.0068,0.2283402180475349
2026-03-28,4364561.362930298,513614253207.7724,1692058079852.6494,0.1710357686231934
2026-03-29,2657341.8505325317,506083940195.84106,1691855451592.3547,0.10346742637159093
2026-03-30,6487211.868911743,514998979712.5028,1692071939191.5903,0.25568937087129423
2026-03-31,23942356.765930176,563286963971.9426,1694366359139.65,0.9630169814472449
2026-04-01,5125658.9822387695,562469575633.2609,1693849492663.714,0.20622017896849396
2026-04-02,6343751.475227356,565547633298.0964,1691265398964.4644,0.2509571047691237
2026-04-03,3881615.1711730957,558425571300.4454,1683414057432.3862,0.1543523465930168
2026-04-04,2477378.738471985,548122800578.6401,1681547879666.7659,0.09913661452657527
2026-04-05,14793683.547332764,557519292041.0306,1683215377205.392,0.6062172806447379
2026-04-06,5531273.7205581665,563759677204.6921,1683148310502.5095,0.22625784704556343
2026-04-07,7071088.785629272,571754172350.3423,1677804225556.7908,0.3033779406058012
2026-04-08,4299736.007850647,561494805517.5468,1676943845976.948,0.18239439647370675
2026-04-09,6405736.651824951,566741100033.4242,1674868740717.419,0.27459710991132447
2026-04-10,5693771.539978027,558717949130.0197,1670702209488.0376,0.2484254296501408
2026-04-11,4133180.975265503,532907104289.68634,1667225822538.7559,0.1811924437190878
2026-04-12,4771706.015449524,526406372942.0587,1667233068817.7021,0.20249203774132202
2026-04-13,6670191.556991577,533293138924.71216,1666969774917.1873,0.29849552400858165
2026-04-14,19616812.82257843,575947485785.4608,1669376931018.3076,0.8719987099680256
2026-04-15,6998758.925773621,566913790536.7278,1667382066556.5068,0.3135986453237201
2026-04-16,11078237.580169678,574104419545.4952,1666798691577.4453,0.4991811380202504
2026-04-17,8647509.772987366,584801108646.3986,1661710351150.5347,0.40145029542444094
2026-04-18,4576206.1443862915,583966049469.9778,1661780114297.5862,0.20862021830399052
2026-04-19,3426501.257598877,557263660238.853,1661959319309.7205,0.15243561863298422
2026-04-20,12128349.580718994,583828000231.512,1663664155917.0996,0.5532641877614956
2026-04-21,26812999.623893738,590638709613.7253,1667453534075.9438,1.2276722617580658
2026-04-22,14524526.64931488,608425624808.5333,1667840371477.8115,0.6812589659002104
2026-04-23,7519231.178497314,602142383875.4425,1665931619414.3748,0.3532662202921337
2026-04-24,37838194.739738464,686030344976.9702,1668378639226.302,1.756937259555277
2026-04-25,1778671.3475570679,672815004063.4363,1660657700237.0388,0.08316922727832249
2026-04-26,2909017.859741211,667500595459.2543,1659089354782.6655,0.13756864585669165
2026-04-27,5760816.556381226,672694190501.7826,1659170250516.7239,0.2683331052855353
2026-04-28,6562182.915596008,683551447117.2333,1654890402763.6206,0.30259987428548657
2026-04-29,8228075.278808594,689930071110.5212,1650056121086.6243,0.3781710945616654
2026-04-30,9054113.007583618,658570589797.5697,1647959418853.512,0.41925737330143376
2026-05-01,12253985.850448608,678843877646.4532,1645591449575.516,0.5818604497709936
2026-05-02,3624379.6236953735,674202325277.4071,1641338881101.6218,0.17375357406846118
2026-05-03,9051699.171073914,689246239614.88,1642182099307.5996,0.43305571317358243
2026-05-04,20820849.049476624,739073276165.347,1645969388717.646,1.0094440831387383
2026-05-05,5754486.322967529,720585777004.3269,1634565770431.714,0.2849498516999041
2026-05-06,5805859.915855408,723640815594.7003,1626885531917.348,0.2904178944581564
2026-05-07,8652244.960456848,729754573025.2506,1623578395284.1252,0.4264786447127297
2026-05-08,5574622.6416015625,734454842157.4559,1618596646803.3606,0.276086840755523
2026-05-09,3899195.326408386,729609903794.4597,1613210912669.7095,0.19499370003105146
2026-05-10,6664815.335800171,734058694555.587,1613727155415.1284,0.3399017208099319
2026-05-11,5276204.549163818,738350491278.0137,1613198114813.9006,0.2670735966858389
2026-05-12,5081234.316322327,740724466946.3647,1610698410715.4849,0.25381579122782083
2026-05-13,9278630.432540894,748652175515.868,1603248143003.3213,0.45870271346632885
2026-05-14,8172427.214492798,722215607002.3478,1602011612655.2341,0.41360341564224096
2026-05-15,4832491.8332901,717523546690.6708,1593918040445.2332,0.239740650562017
2026-05-16,3316300.362045288,698431895893.8114,1591262468901.7192,0.16294291411615328
2026-05-17,2062586.2883529663,681541458040.9185,1590663757417.0051,0.10082644747805107
2026-05-18,7263186.469055176,688606017026.3123,1590455713226.586,0.3512312195392886
2026-05-19,9518030.311714172,704516042285.2493,1583812779436.2014,0.4613187645891033
2026-05-20,5722169.935020447,688595284105.0566,1578053795872.9458,0.2806134072765562
2026-05-21,11692880.673149109,650579178838.3927,1572200424436.1167,0.5766461320481674
2026-05-22,11689845.114219666,642106823154.7421,1570142495816.8862,0.5617710103382519
2026-05-23,3623271.1476974487,631747982270.1134,1566430318718.0254,0.17731534981021124
2026-05-24,4343836.778213501,545190228157.68854,1566144489450.4343,0.21358436158559743
2026-05-25,4678122.73878479,552633943723.464,1564602608304.409,0.2310024812418406
2026-05-26,8620885.135543823,566816131381.7177,1557147052190.6372,0.41980897354598923
2026-05-27,7772997.220207214,571204550657.8098,1551495584336.0247,0.3718108447264227
2026-05-28,14542230.236946106,590112593374.3489,1550818474981.153,0.6886756422873299
2026-05-29,13983923.315612793,603515147795.3457,1546071809333.3376,0.663669149023455
2026-05-30,5769216.228569031,594666514527.2814,1544384445575.4302,0.2754884902090728
2026-05-31,3734569.9766159058,571900348898.4507,1544251192929.1624,0.1777687550972039
2026-06-01,9238166.35951233,584363321375.2101,1544951109945.2966,0.4266009888009028
2026-06-02,15245493.277549744,594544466135.4144,1544042677265.4194,0.6583954562597377
2026-06-03,12573515.742835999,566077761622.3705,1542918397303.5723,0.5233672282917982
2026-06-04,9594821.171142578,570815194913.6636,1537123519211.4119,0.39547392582276986
2026-06-05,15123625.47605133,585703549158.882,1537783266244.1611,0.5976962542356653
2026-06-06,7652503.331039429,578144539739.2666,1537020630406.8513,0.302957046772967
2026-06-07,9065859.815444946,582378554453.9846,1536837976901.5298,0.37342497045264816
2026-06-08,5956309.69026947,584420146203.7913,1536459701701.1038,0.24459718459914595
2026-06-09,9333357.324028015,585347461460.3958,1536179302604.5872,0.37516980847502257
2026-06-10,6755684.026252747,584819654884.6147,1533061793905.7134,0.2707056082582516
2026-06-11,9988716.640319824,592341737869.9749,1532006934631.0974,0.4141516378049101
2026-06-12,5779390.022949219,580066170491.2589,1531082095526.7136,0.23979592816523074
2026-06-13,1723714.7506637573,561679839909.7858,1524813579681.1946,0.07280074031853642
2026-06-14,5165638.850631714,560231952595.7202,1524923807019.0823,0.22210311556416615
2026-06-15,10828201.683311462,575522532893.1012,1525522781421.1074,0.47065986917552555
2026-06-16,11808848.688568115,595985644520.618,1522986548366.709,0.5083920967314547
2026-06-17,5174248.563110352,588477425969.5507,1521629694950.6787,0.2190882212367617
2026-06-18,5206515.949607849,575036647504.8492,1519558995328.7705,0.21546988423312738
2026-06-19,5090300.768280029,571056401414.4684,1518336251916.4045,0.21300661787267447
2026-06-20,1382545.972946167,543796087985.39355,1516377271000.1956,0.05855659563187858
2026-06-21,34318555.461997986,586721100678.1425,1520547362291.7415,1.4269933123044884
2026-06-22,4562010.485542297,587189367694.4945,1517909339894.7766,0.19223819416487617
2026-06-23,13633675.57307434,604512498714.4214,1516826482929.6082,0.5631480667967224
2026-06-24,7440899.32409668,607569500958.2865,1513861788356.3357,0.29932531191220235
2026-06-25,13567772.333221436,612794596666.1069,1511786482981.6372,0.5360923556324522
2026-06-26,9616945.498802185,612786645824.4565,1504381138352.4966,0.38329672172256996
2026-06-27,3807390.929473877,584792969525.998,1495886002540.0266,0.15255214634501846
2026-06-28,4876208.345962524,560257219589.3463,1495625253758.876,0.19390396304221108
2026-06-29,11163303.75479126,568470789349.0609,1496103237553.864,0.449078121843981
2026-06-30,13066722.422920227,584823607635.9679,1487124407464.6343,0.5144856455123402
2026-07-01,12813965.53616333,588485507851.2307,1484651004989.309,0.5179228485519632
2026-07-02,32901316.166885376,622038898742.5164,1486969334002.4177,1.3606147507262252
2026-07-03,6011641.640312195,607653953954.3756,1484054813359.7688,0.25333604800069526
2026-07-04,3086500.110473633,593887929039.1864,1360234135943.9548,0.14329262882828175
2026-07-05,3781384.54296875,571265828880.5941,1360092045017.602,0.176800014516326
2026-07-06,6908657.846481323,570488544212.6926,1360274437659.4539,0.32517900706950925
2026-07-07,8640586.147499084,569594686151.3989,1354575186239.6587,0.40387417386173746
2026-07-08,4190418.488143921,565752464364.4857,1345538234024.7883,0.19363780016817886
2026-07-09,3971787.0318222046,554905482495.8413,1337086659067.0093,0.1876607151680142
2026-07-10,10511622.007118225,563541683207.5256,1335695699154.2903,0.5046766619029102
2026-07-11,1780743.5979309082,546177691594.01373,1325880717205.3816,0.08565131932829861
2026-07-12,13750683.349388123,563166522729.7772,1322476242841.4688,0.6630078922121004
2026-07-13,21387843.71357727,603856697666.668,1323594225597.6414,1.0061337378182946
2026-07-14,13213669.234954834,621138390870.5189,1319061728566.5444,0.6498112302779866
2026-07-15,12116803.859649658,623346135263.8448,1315224422281.103,0.5962744237729067
2026-07-16,25028090.98879242,650728950950.1805,1307091389477.2256,1.2208471481449026
2026-07-17,16026676.785346985,673787489802.8993,1298786495703.1265,0.7892962486296643
2026-07-18,4515706.80531311,672625937906.4773,1295360402140.7727,0.22586196353749685
2026-07-19,6836849.654563904,676589783775.9694,1290874172951.6467,0.3426600788576754
2026-07-20,16460926.737922668,709381194366.1981,1292087436010.317,0.8300802085824377
2026-07-21,6267570.36995697,650950658428.1373,1288415655027.3772,0.32357169618671383
2026-07-22,9799468.301834106,662782529560.8566,1280359024073.4075,0.5051366626302346
2026-07-23,4545724.050575256,644171123589.8359,1272967116908.1836,0.2324142693613661
2026-07-24,5071370.792831421,639902034240.4573,1263846409174.508,0.2572025122282757
2026-07-25,30008647.31663513,677210660629.621,1258575179272.7095,1.5332544295565707
2026-07-26,3244189.6835403442,665054446958.4108,1256835209806.7407,0.1686282710428393
2026-07-27,9663254.263320923,678014385769.6804,1256807855013.5334,0.4909253091089226
2026-07-28,7544886.545547485,684400208204.3236,1252229890405.2231,0.3845798129074474
2026-07-29,9078039.877227783,681338676987.0553,1246172437175.4033,0.4654422439337747
2026-07-30,11472054.907608032,680587188262.7382,1241575078330.8838,0.5980786115651943
2026-07-31,63105687.045051575,787079525829.024,1249372592194.0725,3.1725562329147605
2026-08-01,48319442.632888794,820720316122.7557,1254735808702.7056,2.416776581572549
2026-08-02,22160346.42668152,855057864882.9797,1257489943082.0117,1.1181727949199094
2026-08-03,30137098.71472931,912302626234.6409,1259705634835.15,1.518016838879549
2026-08-04,23511392.13118744,954502310877.1666,1261138845603.358,1.1945194122203908
2026-08-05,19956940.03439331,982749613685.4596,1259002850607.6782,1.0244232366959356
2026-08-06,16400772.590522766,999641546109.7517,1260071171353.3508,0.8363304636777503
2026-08-07,15768335.938537598,1025061704470.7672,1255516221996.8972,0.8149252049343331
2026-08-08,7065048.983505249,1031983915910.3091,1253329297295.792,0.36589345103304843
2026-08-09,5741128.837799072,1021925332664.6191,1253020249406.094,0.2971515820059898
2026-08-10,9263385.670715332,1037874561599.4868,1252474834359.5361,0.47269636443383395
2026-08-11,9974119.900810242,1029780065496.6862,1251383438831.1816,0.5066211390611225
2026-08-12,17372759.981887817,1022078481331.1135,1250145720438.28,0.8804295872022129
2026-08-13,10456965.674720764,1015586732107.3967,1247668956316.9006,0.5309009610179705
2026-08-14,7924143.378639221,1006078086128.7427,1242475314319.4556,0.40159776167577577
2026-08-15,4168261.870529175,961641899366.1538,1239823364517.5972,0.21186339913231395
2026-08-16,6639969.6723098755,941384120351.06,1222387935288.014,0.341457835378738
2026-08-17,8261306.525047302,949383525503.9861,1222476569930.034,0.43563599630747746
2026-08-18,9447568.387420654,955011128524.949,1221658007508.8926,0.500270233380668
2026-08-19,18543830.138458252,961999160241.7168,1220337825595.1167,1.0506739470014819
2026-08-20,19110091.95478058,994641548989.871,1219527319624.768,1.1448423326546964
2026-08-21,20847561.506378174,1027502090895.722,1219895008146.0823,1.3382893861050824
2026-08-22,12024720.81716156,1048473401324.6034,1216748291080.6943,0.7602188900073484
2026-08-23,4914247.638343811,1050343711124.11,1215639204116.337,0.31355830266484924
2026-08-24,11596225.864311218,1016498387619.1565,1216411758494.9119,0.7516831837704208
2026-08-25,17966951.83255005,1056439635423.0634,1216276822675.6973,1.1594197605693324
2026-08-26,10910264.425888062,1064565051768.7155,1215672943380.533,0.7080533294497807
2026-08-27,16131632.586585999,1091684556649.6626,1215759410352.1753,1.0653156145609355
2026-08-28,20549589.486091614,1125572278869.117,1216177757062.1436,1.3128450613403113
2026-08-29,3243336.929244995,1109284411082.425,1192706329770.4377,0.21289688757684283
2026-08-30,4353177.321769714,988550784777.52,1191086835152.801,0.28687750159474307
2026-08-31,8216401.120941162,908978843818.2395,1190586154806.3347,0.541966565922087
2026-09-01,9327988.352592468,886178461622.7225,1190290666802.7095,0.6066413847583899
2026-09-02,11381737.494476318,851688200413.9528,1190348798032.9285,0.7372179741755337
2026-09-03,8287799.350463867,823923027445.9419,1189112537341.3862,0.5663884808110009
2026-09-04,10269939.014183044,808232222817.681,1185917422621.0833,0.6906278807936767
2026-09-05,11573327.754844666,803909610393.4454,1179045632328.355,0.7838182924717179
2026-09-06,10449992.64328003,797787554143.3043,1179247343334.4707,0.7118863839295997
2026-09-07,7827658.210510254,803148999654.1311,1179064657020.139,0.5253557075984925
2026-09-08,7416837.781448364,810133177064.7933,1177503113313.7842,0.49414924269620475
2026-09-09,10326903.292953491,817304324366.3354,1176226619807.9504,0.68624081975349
2026-09-10,10800766.368026733,823770647072.5886,1175303309229.462,0.7044709036965934
2026-09-11,825992.1710281372,789207678884.0526,1170896825299.4436,0.054467851952453655
