date,stablecoin_supply_usd,sumber
2017-12-01,820109970,onchain
2017-12-02,845109970,onchain
2017-12-03,845109970,onchain
2017-12-04,845109970,onchain
2017-12-05,845109970,onchain
2017-12-06,845109970,onchain
2017-12-07,845109970,onchain
2017-12-08,845109970,onchain
2017-12-09,845109970,onchain
2017-12-10,845109970,onchain
2017-12-11,870109970,onchain
2017-12-12,870109955,onchain
2017-12-13,920109955,onchain
2017-12-14,1050109955,onchain
2017-12-15,1050109955,onchain
2017-12-16,1150109955,onchain
2017-12-17,1150109955,onchain
2017-12-18,1150109955,onchain
2017-12-19,1200109955,onchain
2017-12-20,1200109955,onchain
2017-12-21,1250109955,onchain
2017-12-22,1249149802,onchain
2017-12-23,1249149802,onchain
2017-12-24,1249149802,onchain
2017-12-25,1249149802,onchain
2017-12-26,1249149802,onchain
2017-12-27,1249149802,onchain
2017-12-28,1299149802,onchain
2017-12-29,1399149802,onchain
2017-12-30,1399149802,onchain
2017-12-31,1399149802,onchain
2018-01-01,1399149802,onchain
2018-01-02,1399149802,onchain
2018-01-03,1399149802,onchain
2018-01-04,1499149802,onchain
2018-01-05,1499149802,onchain
2018-01-06,1499149802,onchain
2018-01-07,1499149802,onchain
2018-01-08,1499149802,onchain
2018-01-09,1499149802,onchain
2018-01-10,1529149802,onchain
2018-01-11,1529149802,onchain
2018-01-12,1529149802,onchain
2018-01-13,1529149802,onchain
2018-01-14,1579149802,onchain
2018-01-15,1679149802,onchain
2018-01-16,1779149802,onchain
2018-01-17,1879149802,onchain
2018-01-18,1979149802,onchain
2018-01-19,2079149802,onchain
2018-01-20,2079149802,onchain
2018-01-21,2179149802,onchain
2018-01-22,2179149802,onchain
2018-01-23,2279149802,onchain
2018-01-24,2279149802,onchain
2018-01-25,2279149802,onchain
2018-01-26,2279149802,onchain
2018-01-27,2279149802,onchain
2018-01-28,2309149802,onchain
2018-01-29,2309149802,onchain
2018-01-30,2109149802,onchain
2018-01-31,2279149817,onchain
2018-02-01,2279149817,onchain
2018-02-02,2279149817,onchain
2018-02-03,2279149817,onchain
2018-02-04,2279149817,onchain
2018-02-05,2279149817,onchain
2018-02-06,2279149817,onchain
2018-02-07,2279149817,onchain
2018-02-08,2279149817,onchain
2018-02-09,2279149817,onchain
2018-02-10,2279149817,onchain
2018-02-11,2279149817,onchain
2018-02-12,2279149817,onchain
2018-02-13,2279149817,onchain
2018-02-14,2279149817,onchain
2018-02-15,2279149817,onchain
2018-02-16,2279149817,onchain
2018-02-17,2279149817,onchain
2018-02-18,2279149817,onchain
2018-02-19,2279149817,onchain
2018-02-20,2279149817,onchain
2018-02-21,2279149817,onchain
2018-02-22,2279149817,onchain
2018-02-23,2279149817,onchain
2018-02-24,2279149817,onchain
2018-02-25,2279149817,onchain
2018-02-26,2279149817,onchain
2018-02-27,2279149817,onchain
2018-02-28,2279149817,onchain
2018-03-01,2279149817,onchain
2018-03-02,2279149817,onchain
2018-03-03,2279149817,onchain
2018-03-04,2279149817,onchain
2018-03-05,2283911742,onchain
2018-03-06,2283911742,onchain
2018-03-07,2283911742,onchain
2018-03-08,2283911742,onchain
2018-03-09,2285711742,onchain
2018-03-10,2285711742,onchain
2018-03-11,2285711742,onchain
2018-03-12,2285711742,onchain
2018-03-13,2285711742,onchain
2018-03-14,2285711742,onchain
2018-03-15,2285729367,onchain
2018-03-16,2285729367,onchain
2018-03-17,2285729367,onchain
2018-03-18,2285729367,onchain
2018-03-19,2285729367,onchain
2018-03-20,2285729367,onchain
2018-03-21,2285729367,onchain
2018-03-22,2355729367,onchain
2018-03-23,2357073931,onchain
2018-03-24,2357073931,onchain
2018-03-25,2357073931,onchain
2018-03-26,2357073931,onchain
2018-03-27,2357073931,onchain
2018-03-28,2357073931,onchain
2018-03-29,2357073931,onchain
2018-03-30,2358623931,onchain
2018-03-31,2358623931,onchain
2018-04-01,2358623931,onchain
2018-04-02,2358623931,onchain
2018-04-03,2358623931,onchain
2018-04-04,2358723931,onchain
2018-04-05,2358723931,onchain
2018-04-06,2358723931,onchain
2018-04-07,2358723931,onchain
2018-04-08,2358723931,onchain
2018-04-09,2358712931,onchain
2018-04-10,2358712931,onchain
2018-04-11,2358712931,onchain
2018-04-12,2358712931,onchain
2018-04-13,2358712931,onchain
2018-04-14,2358722931,onchain
2018-04-15,2358722931,onchain
2018-04-16,2358932931,onchain
2018-04-17,2358932931,onchain
2018-04-18,2358932931,onchain
2018-04-19,2358922931,onchain
2018-04-20,2358922931,onchain
2018-04-21,2358922931,onchain
2018-04-22,2358922931,onchain
2018-04-23,2358922931,onchain
2018-04-24,2361162931,onchain
2018-04-25,2491162931,onchain
2018-04-26,2491162931,onchain
2018-04-27,2491162931,onchain
2018-04-28,2491148324,onchain
2018-04-29,2491148324,onchain
2018-04-30,2491148324,onchain
2018-05-01,2491148324,onchain
2018-05-02,2391148324,onchain
2018-05-03,2391148324,onchain
2018-05-04,2341148324,onchain
2018-05-05,2341148324,onchain
2018-05-06,2271148324,onchain
2018-05-07,2231148324,onchain
2018-05-08,2181133524,onchain
2018-05-09,2181133524,onchain
2018-05-10,2181133524,onchain
2018-05-11,2182545524,onchain
2018-05-12,2282545524,onchain
2018-05-13,2282545524,onchain
2018-05-14,2282555599,onchain
2018-05-15,2282555599,onchain
2018-05-16,2385342835,onchain
2018-05-17,2385342835,onchain
2018-05-18,2585749783,onchain
2018-05-19,2585749783,onchain
2018-05-20,2585749783,onchain
2018-05-21,2602255076,onchain
2018-05-22,2602255076,onchain
2018-05-23,2602255076,onchain
2018-05-24,2602405076,onchain
2018-05-25,2602405076,onchain
2018-05-26,2607774273,onchain
2018-05-27,2607774273,onchain
2018-05-28,2607774273,onchain
2018-05-29,2607774273,onchain
2018-05-30,2607774273,onchain
2018-05-31,2610464803,onchain
2018-06-01,2612543772,onchain
2018-06-02,2612543772,onchain
2018-06-03,2612543772,onchain
2018-06-04,2612543772,onchain
2018-06-05,2612673719,onchain
2018-06-06,2612673719,onchain
2018-06-07,2613008719,onchain
2018-06-08,2613008719,onchain
2018-06-09,2613018251,onchain
2018-06-10,2613018251,onchain
2018-06-11,2613018251,onchain
2018-06-12,2613543326,onchain
2018-06-13,2617650028,onchain
2018-06-14,2617810028,onchain
2018-06-15,2718510028,onchain
2018-06-16,2718510028,onchain
2018-06-17,2718510028,onchain
2018-06-18,2731252180,onchain
2018-06-19,2731740184,onchain
2018-06-20,2731740184,onchain
2018-06-21,2731740184,onchain
2018-06-22,2736085943,onchain
2018-06-23,2742041393,onchain
2018-06-24,2742041393,onchain
2018-06-25,2842041393,onchain
2018-06-26,2849272976,onchain
2018-06-27,2849272976,onchain
2018-06-28,2849272976,onchain
2018-06-29,2852609993,onchain
2018-06-30,2852941860,onchain
2018-07-01,2852941860,onchain
2018-07-02,2858081194,onchain
2018-07-03,2857223139,onchain
2018-07-04,2857223139,onchain
2018-07-05,2857223139,onchain
2018-07-06,2754810507,onchain
2018-07-07,2754739064,onchain
2018-07-08,2754739064,onchain
2018-07-09,2750413781,onchain
2018-07-10,2749126836,onchain
2018-07-11,2748770687,onchain
2018-07-12,2848426562,onchain
2018-07-13,2848436562,onchain
2018-07-14,2848449059,onchain
2018-07-15,2848449059,onchain
2018-07-16,2848191007,onchain
2018-07-17,2850018818,onchain
2018-07-18,2848042683,onchain
2018-07-19,2847100846,onchain
2018-07-20,2796006681,onchain
2018-07-21,2795996681,onchain
2018-07-22,2795996681,onchain
2018-07-23,2741309851,onchain
2018-07-24,2639877424,onchain
2018-07-25,2638883915,onchain
2018-07-26,2636735408,onchain
2018-07-27,2631746157,onchain
2018-07-28,2601746157,onchain
2018-07-29,2601746157,onchain
2018-07-30,2586120805,onchain
2018-07-31,2539393946,onchain
2018-08-01,2516872187,onchain
2018-08-02,2539676304,onchain
2018-08-03,2558380983,onchain
2018-08-04,2558610983,onchain
2018-08-05,2558610983,onchain
2018-08-06,2558151006,onchain
2018-08-07,2558039013,onchain
2018-08-08,2527535013,onchain
2018-08-09,2528470013,onchain
2018-08-10,2528480013,onchain
2018-08-11,2579952722,onchain
2018-08-12,2579952722,onchain
2018-08-13,2629952722,onchain
2018-08-14,2667948722,onchain
2018-08-15,2749097142,onchain
2018-08-16,2803647142,onchain
2018-08-17,2828647142,onchain
2018-08-18,2849417142,onchain
2018-08-19,2849417142,onchain
2018-08-20,2849417142,onchain
2018-08-21,2949417142,onchain
2018-08-22,2950077760,onchain
2018-08-23,2922286781,onchain
2018-08-24,2922386781,onchain
2018-08-25,2926896781,onchain
2018-08-26,2926896781,onchain
2018-08-27,2946791892,onchain
2018-08-28,2946935198,onchain
2018-08-29,2916935198,onchain
2018-08-30,2916732908,onchain
2018-08-31,2877158221,onchain
2018-09-01,2877158221,onchain
2018-09-02,2977158221,onchain
2018-09-03,2937158221,onchain
2018-09-04,2902158221,onchain
2018-09-05,2891439621,onchain
2018-09-06,2895689621,onchain
2018-09-07,2895689621,onchain
2018-09-08,2895739621,onchain
2018-09-09,2896974621,onchain
2018-09-10,2896975120,onchain
2018-09-11,2900895884,onchain
2018-09-12,2900895733,onchain
2018-09-13,2900881154,onchain
2018-09-14,2903981154,onchain
2018-09-15,2903981154,onchain
2018-09-16,2903981154,onchain
2018-09-17,2903942539,onchain
2018-09-18,2911242529,onchain
2018-09-19,2913340898,onchain
2018-09-20,2919873884,onchain
2018-09-21,2973623345,onchain
2018-09-22,2974123445,onchain
2018-09-23,2974123445,onchain
2018-09-24,2975133845,onchain
2018-09-25,2982633844,onchain
2018-09-26,2982643370,onchain
2018-09-27,2983611934,onchain
2018-09-28,2994689380,onchain
2018-09-29,2994689380,onchain
2018-09-30,2994189384,onchain
2018-10-01,2997769383,onchain
2018-10-02,2997499338,onchain
2018-10-03,3011407922,onchain
2018-10-04,3009933706,onchain
2018-10-05,3015067882,onchain
2018-10-06,3015087882,onchain
2018-10-07,3015073084,onchain
2018-10-08,3012465883,onchain
2018-10-09,2915639995,onchain
2018-10-10,2915622026,onchain
2018-10-11,2921116751,onchain
2018-10-12,2936591547,onchain
2018-10-13,2941858361,onchain
2018-10-14,2741858361,onchain
2018-10-15,2790512196,onchain
2018-10-16,2561173233,onchain
2018-10-17,2523938835,onchain
2018-10-18,2443410845,onchain
2018-10-19,2412847347,onchain
2018-10-20,2420538450,onchain
2018-10-21,2420720841,onchain
2018-10-22,2430861159,onchain
2018-10-23,2450279799,onchain
2018-10-24,2488223970,onchain
2018-10-25,2387003505,onchain
2018-10-26,2399168840,onchain
2018-10-27,2399909915,onchain
2018-10-28,2402409915,onchain
2018-10-29,2400007695,onchain
2018-10-30,2303425103,onchain
2018-10-31,2248181779,onchain
2018-11-01,2254709242,onchain
2018-11-02,2277357000,onchain
2018-11-03,2282288063,onchain
2018-11-04,2282288063,onchain
2018-11-05,2280857217,onchain
2018-11-06,2272964177,onchain
2018-11-07,2269478211,onchain
2018-11-08,2269282330,onchain
2018-11-09,2267197909,onchain
2018-11-10,2267197909,onchain
2018-11-11,2196476879,onchain
2018-11-12,2192862460,onchain
2018-11-13,2197399454,onchain
2018-11-14,2199205572,onchain
2018-11-15,2200722666,onchain
2018-11-16,2204325358,onchain
2018-11-17,2256198660,onchain
2018-11-18,2256397750,onchain
2018-11-19,2257879002,onchain
2018-11-20,2325588191,onchain
2018-11-21,2339826270,onchain
2018-11-22,2351093247,onchain
2018-11-23,2356124192,onchain
2018-11-24,2358694510,onchain
2018-11-25,2408694510,onchain
2018-11-26,2405979515,onchain
2018-11-27,2417698261,onchain
2018-11-28,2424522885,onchain
2018-11-29,2431109557,onchain
2018-11-30,2455370812,onchain
2018-12-01,2457131598,onchain
2018-12-02,2457131598,onchain
2018-12-03,2475577823,onchain
2018-12-04,2466529637,onchain
2018-12-05,2457887386,onchain
2018-12-06,2467250551,onchain
2018-12-07,2475470726,onchain
2018-12-08,2483803919,onchain
2018-12-09,2483990148,onchain
2018-12-10,2486089386,onchain
2018-12-11,2482546620,onchain
2018-12-12,2487273733,onchain
2018-12-13,2486238555,onchain
2018-12-14,2486950986,onchain
2018-12-15,2487286586,onchain
2018-12-16,2487286586,onchain
2018-12-17,2494385831,onchain
2018-12-18,2495202805,onchain
2018-12-19,2502138279,onchain
2018-12-20,2503146610,onchain
2018-12-21,2511390307,onchain
2018-12-22,2511262925,onchain
2018-12-23,2511237425,onchain
2018-12-24,2508982609,onchain
2018-12-25,2508982609,onchain
2018-12-26,2508759315,onchain
2018-12-27,2512860996,onchain
2018-12-28,2513942572,onchain
2018-12-29,2518322556,onchain
2018-12-30,2519836060,onchain
2018-12-31,2519212543,onchain
2019-01-01,2532638730,onchain
2019-01-02,2550433227,onchain
2019-01-03,2345377899,onchain
2019-01-04,2558416320,onchain
2019-01-05,2559390972,onchain
2019-01-06,2569591477,onchain
2019-01-07,2586911038,onchain
2019-01-08,2606330958,onchain
2019-01-09,2631158065,onchain
2019-01-10,2658007075,onchain
2019-01-11,2685432283,onchain
2019-01-12,2687843124,onchain
2019-01-13,2694932833,onchain
2019-01-14,2720088595,onchain
2019-01-15,2754194506,onchain
2019-01-16,2753819900,onchain
2019-01-17,2776228699,onchain
2019-01-18,2769119950,onchain
2019-01-19,2774889592,onchain
2019-01-20,2774874555,onchain
2019-01-21,2773905925,onchain
2019-01-22,2770657618,onchain
2019-01-23,2772287141,onchain
2019-01-24,2766340547,onchain
2019-01-25,2767687973,onchain
2019-01-26,2758176873,onchain
2019-01-27,2764082152,onchain
2019-01-28,2759347602,onchain
2019-01-29,2745005293,onchain
2019-01-30,2743097045,onchain
2019-01-31,2725792758,onchain
2019-02-01,2721739698,onchain
2019-02-02,2720152025,onchain
2019-02-03,2720442731,onchain
2019-02-04,2712871439,onchain
2019-02-05,2705565575,onchain
2019-02-06,2701008998,onchain
2019-02-07,2697244409,onchain
2019-02-08,2697277256,onchain
2019-02-09,2697173751,onchain
2019-02-10,2696127582,onchain
2019-02-11,2667465806,onchain
2019-02-12,2666001442,onchain
2019-02-13,2663186843,onchain
2019-02-14,2654471284,onchain
2019-02-15,2654098477,onchain
2019-02-16,2650457741,onchain
2019-02-17,2649617873,onchain
2019-02-18,2648176332,onchain
2019-02-19,2649831442,onchain
2019-02-20,2649639798,onchain
2019-02-21,2677423314,onchain
2019-02-22,2637431616,onchain
2019-02-23,2636881186,onchain
2019-02-24,2635568048,onchain
2019-02-25,2631785887,onchain
2019-02-26,2634001242,onchain
2019-02-27,2634828424,onchain
2019-02-28,2631658799,onchain
2019-03-01,2636269974,onchain
2019-03-02,2641633599,onchain
2019-03-03,2642369697,onchain
2019-03-04,2642360899,onchain
2019-03-05,2645797987,onchain
2019-03-06,2617079829,onchain
2019-03-07,2616207411,onchain
2019-03-08,2605601182,onchain
2019-03-09,2611572322,onchain
2019-03-10,2612013658,onchain
2019-03-11,2614147006,onchain
2019-03-12,2615679685,onchain
2019-03-13,2617187522,onchain
2019-03-14,2619904551,onchain
2019-03-15,2620728911,onchain
2019-03-16,2621725178,onchain
2019-03-17,2621661495,onchain
2019-03-18,2620390077,onchain
2019-03-19,2634658606,onchain
2019-03-20,2635507446,onchain
2019-03-21,2635227982,onchain
2019-03-22,2641072072,onchain
2019-03-23,2651337709,onchain
2019-03-24,2651510650,onchain
2019-03-25,2651617551,onchain
2019-03-26,2651814813,onchain
2019-03-27,2658231035,onchain
2019-03-28,2658586144,onchain
2019-03-29,2656057098,onchain
2019-03-30,2655944684,onchain
2019-03-31,2655718482,onchain
2019-04-01,2665435378,onchain
2019-04-02,2670245466,onchain
2019-04-03,2699778777,onchain
2019-04-04,2706800783,onchain
2019-04-05,2708903625,onchain
2019-04-06,2712455058,onchain
2019-04-07,2713785309,onchain
2019-04-08,2772965631,onchain
2019-04-09,2827828785,onchain
2019-04-10,2904937044,onchain
2019-04-11,2944733359,onchain
2019-04-12,3041027992,onchain
2019-04-13,3049785516,onchain
2019-04-14,3050272904,onchain
2019-04-15,3092387711,onchain
2019-04-16,3107690576,onchain
2019-04-17,3160261190,onchain
2019-04-18,3179873887,onchain
2019-04-19,3190509328,onchain
2019-04-20,3194962427,onchain
2019-04-21,3212573670,onchain
2019-04-22,3236133419,onchain
2019-04-23,3298060906,onchain
2019-04-24,3448807928,onchain
2019-04-25,3531680054,onchain
2019-04-26,3477103479,onchain
2019-04-27,3507804676,onchain
2019-04-28,3540748987,onchain
2019-04-29,3530864201,onchain
2019-04-30,3550253540,onchain
2019-05-01,3519421127,onchain
2019-05-02,3513713874,onchain
2019-05-03,3526042683,onchain
2019-05-04,3539732291,onchain
2019-05-05,3546069887,onchain
2019-05-06,3545625195,onchain
2019-05-07,3551947199,onchain
2019-05-08,3556058044,onchain
2019-05-09,3565439966,onchain
2019-05-10,3580670474,onchain
2019-05-11,3594756915,onchain
2019-05-12,3595450686,onchain
2019-05-13,3620083632,onchain
2019-05-14,3638465944,onchain
2019-05-15,3670839443,onchain
2019-05-16,3685073861,onchain
2019-05-17,3684874244,onchain
2019-05-18,3687128632,onchain
2019-05-19,3691916245,onchain
2019-05-20,3734240225,onchain
2019-05-21,3771724605,onchain
2019-05-22,3789833019,onchain
2019-05-23,3824373087,onchain
2019-05-24,3876283981,onchain
2019-05-25,3904195332,onchain
2019-05-26,3914550991,onchain
2019-05-27,3939027181,onchain
2019-05-28,3950294823,onchain
2019-05-29,3947270079,onchain
2019-05-30,3952918871,onchain
2019-05-31,3933165442,onchain
2019-06-01,3938586557,onchain
2019-06-02,3940685281,onchain
2019-06-03,3956755918,onchain
2019-06-04,3969387129,onchain
2019-06-05,4001472233,onchain
2019-06-06,4043944809,onchain
2019-06-07,4064867892,onchain
2019-06-08,4073170244,onchain
2019-06-09,4075165771,onchain
2019-06-10,4119101495,onchain
2019-06-11,4162468098,onchain
2019-06-12,4214412270,onchain
2019-06-13,4255578338,onchain
2019-06-14,4258801850,onchain
2019-06-15,4269928080,onchain
2019-06-16,4301999001,onchain
2019-06-17,4353106893,onchain
2019-06-18,4337469889,onchain
2019-06-19,4341795605,onchain
2019-06-20,4348645968,onchain
2019-06-21,4362184165,onchain
2019-06-22,4361632451,onchain
2019-06-23,4359917797,onchain
2019-06-24,4365852719,onchain
2019-06-25,4352760661,onchain
2019-06-26,4354611960,onchain
2019-06-27,4359090381,onchain
2019-06-28,4388165495,onchain
2019-06-29,4407084874,onchain
2019-06-30,4409994989,onchain
2019-07-01,4414522796,onchain
2019-07-02,4404874775,onchain
2019-07-03,4450204032,onchain
2019-07-04,4471412090,onchain
2019-07-05,4500462781,onchain
2019-07-06,4513825802,onchain
2019-07-07,4526009361,onchain
2019-07-08,4604360993,onchain
2019-07-09,4647665098,onchain
2019-07-10,4637157229,onchain
2019-07-11,4670378636,onchain
2019-07-12,4716647995,onchain
2019-07-13,4733501331,onchain
2019-07-14,4746032970,onchain
2019-07-15,4766068333,onchain
2019-07-16,4790573921,onchain
2019-07-17,4833843708,onchain
2019-07-18,4880622073,onchain
2019-07-19,4930412924,onchain
2019-07-20,4874865556,onchain
2019-07-21,4874993648,onchain
2019-07-22,4884910484,onchain
2019-07-23,4884543469,onchain
2019-07-24,4885410262,onchain
2019-07-25,4907940126,onchain
2019-07-26,4913649517,onchain
2019-07-27,4926148973,onchain
2019-07-28,4932521751,onchain
2019-07-29,4938038274,onchain
2019-07-30,4961186513,onchain
2019-07-31,4966599373,onchain
2019-08-01,4975854898,onchain
2019-08-02,4973386140,onchain
2019-08-03,4957316734,onchain
2019-08-04,4972282855,onchain
2019-08-05,4981760936,onchain
2019-08-06,4973359583,onchain
2019-08-07,4976806631,onchain
2019-08-08,4958906723,onchain
2019-08-09,4952229455,onchain
2019-08-10,4927916263,onchain
2019-08-11,4932078923,onchain
2019-08-12,4936920338,onchain
2019-08-13,4931809764,onchain
2019-08-14,4914909253,onchain
2019-08-15,4917008500,onchain
2019-08-16,4907916243,onchain
2019-08-17,4915569668,onchain
2019-08-18,4915347232,onchain
2019-08-19,4916479231,onchain
2019-08-20,4919864294,onchain
2019-08-21,4914750845,onchain
2019-08-22,4937366926,onchain
2019-08-23,4944200913,onchain
2019-08-24,4946972904,onchain
2019-08-25,4947789930,onchain
2019-08-26,4952658864,onchain
2019-08-27,4943629772,onchain
2019-08-28,4887743731,onchain
2019-08-29,4889735088,onchain
2019-08-30,4916975642,onchain
2019-08-31,4925227609,onchain
2019-09-01,4924023172,onchain
2019-09-02,4933981905,onchain
2019-09-03,4940051548,onchain
2019-09-04,4963228462,onchain
2019-09-05,4953006188,onchain
2019-09-06,5016980891,onchain
2019-09-07,5017765399,onchain
2019-09-08,5018333586,onchain
2019-09-09,5020257328,onchain
2019-09-10,5022806374,onchain
2019-09-11,5018723298,onchain
2019-09-12,5022569400,onchain
2019-09-13,5038528170,onchain
2019-09-14,5034061465,onchain
2019-09-15,5034029399,onchain
2019-09-16,5033963413,onchain
2019-09-17,5023044440,onchain
2019-09-18,5008129555,onchain
2019-09-19,4998278042,onchain
2019-09-20,4992082786,onchain
2019-09-21,4982315085,onchain
2019-09-22,4982450591,onchain
2019-09-23,4984020297,onchain
2019-09-24,5000269818,onchain
2019-09-25,5015006288,onchain
2019-09-26,5052261627,onchain
2019-09-27,5053127013,onchain
2019-09-28,5063727381,onchain
2019-09-29,5068577972,onchain
2019-09-30,5080848129,onchain
2019-10-01,5102233036,onchain
2019-10-02,5114912644,onchain
2019-10-03,5143999165,onchain
2019-10-04,5171090186,onchain
2019-10-05,5174996671,onchain
2019-10-06,5177318252,onchain
2019-10-07,5209915541,onchain
2019-10-08,5204250119,onchain
2019-10-09,5204667115,onchain
2019-10-10,5223435063,onchain
2019-10-11,5206701263,onchain
2019-10-12,5229744290,onchain
2019-10-13,5229694219,onchain
2019-10-14,5230085162,onchain
2019-10-15,5229908306,onchain
2019-10-16,5231094039,onchain
2019-10-17,5231211084,onchain
2019-10-18,5228824652,onchain
2019-10-19,5230456282,onchain
2019-10-20,5235950502,onchain
2019-10-21,5243113890,onchain
2019-10-22,5252408230,onchain
2019-10-23,5241240979,onchain
2019-10-24,5267166168,onchain
2019-10-25,5300114038,onchain
2019-10-26,5331413967,onchain
2019-10-27,5350140049,onchain
2019-10-28,5374807305,onchain
2019-10-29,5375839661,onchain
2019-10-30,5369830376,onchain
2019-10-31,5370148304,onchain
2019-11-01,5369631436,onchain
2019-11-02,5359801389,onchain
2019-11-03,5368190935,onchain
2019-11-04,5378031641,onchain
2019-11-05,5368394085,onchain
2019-11-06,5386824167,onchain
2019-11-07,5374977033,onchain
2019-11-08,5370495147,onchain
2019-11-09,5355939929,onchain
2019-11-10,5355707106,onchain
2019-11-11,5355128630,onchain
2019-11-12,5354175295,onchain
2019-11-13,5348181189,onchain
2019-11-14,5346796250,onchain
2019-11-15,5337533457,onchain
2019-11-16,5331609779,onchain
2019-11-17,5334723079,onchain
2019-11-18,5334281473,onchain
2019-11-19,5334139528,onchain
2019-11-20,5316335681,onchain
2019-11-21,5328576870,onchain
2019-11-22,5342288052,onchain
2019-11-23,5333004247,onchain
2019-11-24,5343499549,onchain
2019-11-25,5374305472,onchain
2019-11-26,5388163516,onchain
2019-11-27,5397631937,onchain
2019-11-28,5410115160,onchain
2019-11-29,5404086540,onchain
2019-11-30,5418344947,onchain
2019-12-01,5421149311,onchain
2019-12-02,5427413424,onchain
2019-12-03,5463058956,onchain
2019-12-04,5469021101,onchain
2019-12-05,5485903476,onchain
2019-12-06,5486790752,onchain
2019-12-07,5503051046,onchain
2019-12-08,5516677457,onchain
2019-12-09,5523124856,onchain
2019-12-10,5560196551,onchain
2019-12-11,5582711612,onchain
2019-12-12,5582618490,onchain
2019-12-13,5581949222,onchain
2019-12-14,5576222371,onchain
2019-12-15,5576913316,onchain
2019-12-16,5590852776,onchain
2019-12-17,5598652381,onchain
2019-12-18,5605358691,onchain
2019-12-19,5639734572,onchain
2019-12-20,5688704150,onchain
2019-12-21,5699029268,onchain
2019-12-22,5699249918,onchain
2019-12-23,5714380413,onchain
2019-12-24,5714916742,onchain
2019-12-25,5709230309,onchain
2019-12-26,5709140197,onchain
2019-12-27,5706731390,onchain
2019-12-28,5701078586,onchain
2019-12-29,5702294473,onchain
2019-12-30,5707016447,onchain
2019-12-31,5708061967,onchain
2020-01-01,5708990067,onchain
2020-01-02,5708048908,onchain
2020-01-03,5701587350,onchain
2020-01-04,5706511185,onchain
2020-01-05,5707506528,onchain
2020-01-06,5710990817,onchain
2020-01-07,5701519157,onchain
2020-01-08,5686753978,onchain
2020-01-09,5663186477,onchain
2020-01-10,5648783909,onchain
2020-01-11,5633210967,onchain
2020-01-12,5623973737,onchain
2020-01-13,5626884462,onchain
2020-01-14,5617715034,onchain
2020-01-15,5606839236,onchain
2020-01-16,5621747695,onchain
2020-01-17,5627473511,onchain
2020-01-18,5617629971,onchain
2020-01-19,5616943646,onchain
2020-01-20,5556048075,onchain
2020-01-21,5551511541,onchain
2020-01-22,5549069166,onchain
2020-01-23,5514409805,onchain
2020-01-24,5505639743,onchain
2020-01-25,5506392401,onchain
2020-01-26,5508366858,onchain
2020-01-27,5508641225,onchain
2020-01-28,5507553424,onchain
2020-01-29,5525776206,onchain
2020-01-30,5533783482,onchain
2020-01-31,5537506909,onchain
2020-02-01,5538370350,onchain
2020-02-02,5538107359,onchain
2020-02-03,5538217651,onchain
2020-02-04,5539400229,onchain
2020-02-05,5435362456,onchain
2020-02-06,5451683234,onchain
2020-02-07,5468553854,onchain
2020-02-08,5456084764,onchain
2020-02-09,5474848785,onchain
2020-02-10,5465708164,onchain
2020-02-11,5477314113,onchain
2020-02-12,5515940488,onchain
2020-02-13,5549762026,onchain
2020-02-14,5566737765,onchain
2020-02-15,5576468221,onchain
2020-02-16,5581436832,onchain
2020-02-17,5599342829,onchain
2020-02-18,5616876821,onchain
2020-02-19,5637286775,onchain
2020-02-20,5650170301,onchain
2020-02-21,5660949063,onchain
2020-02-22,5668402569,onchain
2020-02-23,5685389523,onchain
2020-02-24,5704525083,onchain
2020-02-25,5694336073,onchain
2020-02-26,5698363353,onchain
2020-02-27,5706808883,onchain
2020-02-28,5740216243,onchain
2020-02-29,5740653765,onchain
2020-03-01,5739759779,onchain
2020-03-02,5736651352,onchain
2020-03-03,5753953731,onchain
2020-03-04,5767590134,onchain
2020-03-05,5781827059,onchain
2020-03-06,5795192301,onchain
2020-03-07,5814345693,onchain
2020-03-08,5834842929,onchain
2020-03-09,5872445216,onchain
2020-03-10,5875379411,onchain
2020-03-11,5935425510,onchain
2020-03-12,5998785388,onchain
2020-03-13,6065574325,onchain
2020-03-14,6145284157,onchain
2020-03-15,6141796133,onchain
2020-03-16,6296338161,onchain
2020-03-17,6453809588,onchain
2020-03-18,6581398733,onchain
2020-03-19,6726013834,onchain
2020-03-20,6810232349,onchain
2020-03-21,6803196403,onchain
2020-03-22,6827646741,onchain
2020-03-23,6868731737,onchain
2020-03-24,7011418818,onchain
2020-03-25,7161381620,onchain
2020-03-26,7237902262,onchain
2020-03-27,7289677055,onchain
2020-03-28,7310011504,onchain
2020-03-29,7311693669,onchain
2020-03-30,7406431865,onchain
2020-03-31,7327965166,onchain
2020-04-01,7554241553,onchain
2020-04-02,7642049729,onchain
2020-04-03,7655103262,onchain
2020-04-04,7670451707,onchain
2020-04-05,7669896651,onchain
2020-04-06,7722893192,onchain
2020-04-07,7730887348,onchain
2020-04-08,7742589981,onchain
2020-04-09,7769372046,onchain
2020-04-10,7786790382,onchain
2020-04-11,7809468923,onchain
2020-04-12,7843136519,onchain
2020-04-13,7914081554,onchain
2020-04-14,8051720933,onchain
2020-04-15,8116556585,onchain
2020-04-16,8158036334,onchain
2020-04-17,8421808493,onchain
2020-04-18,8417647934,onchain
2020-04-19,8435150516,onchain
2020-04-20,8493653303,onchain
2020-04-21,8592471034,onchain
2020-04-22,8674608845,onchain
2020-04-23,8764506108,onchain
2020-04-24,8769243873,onchain
2020-04-25,8781291216,onchain
2020-04-26,8809185264,onchain
2020-04-27,9005600460,onchain
2020-04-28,9086356628,onchain
2020-04-29,9296522371,onchain
2020-04-30,9235768186,onchain
2020-05-01,9234660080,onchain
2020-05-02,9218293309,onchain
2020-05-03,9230165403,onchain
2020-05-04,9292290914,onchain
2020-05-05,9376093463,onchain
2020-05-06,9490203647,onchain
2020-05-07,9623658531,onchain
2020-05-08,9806500876,onchain
2020-05-09,9900267697,onchain
2020-05-10,9928964496,onchain
2020-05-11,10011401000,onchain
2020-05-12,10096187993,onchain
2020-05-13,10272745968,onchain
2020-05-14,10375536467,onchain
2020-05-15,10352315272,onchain
2020-05-16,10371111033,onchain
2020-05-17,10409995484,onchain
2020-05-18,10411744545,onchain
2020-05-19,10413885578,onchain
2020-05-20,10402626876,onchain
2020-05-21,10408393025,onchain
2020-05-22,10360100455,onchain
2020-05-23,10437354779,onchain
2020-05-24,10444822702,onchain
2020-05-25,10467224324,onchain
2020-05-26,10477914382,onchain
2020-05-27,10498170434,onchain
2020-05-28,10539636492,onchain
2020-05-29,10577617240,onchain
2020-05-30,10562974779,onchain
2020-05-31,10575872695,onchain
2020-06-01,10652473821,onchain
2020-06-02,10677833974,onchain
2020-06-03,10701872338,onchain
2020-06-04,10734690775,onchain
2020-06-05,10752290736,onchain
2020-06-06,10774377513,onchain
2020-06-07,10801923476,onchain
2020-06-08,10836672287,onchain
2020-06-09,10890877959,onchain
2020-06-10,10915356467,onchain
2020-06-11,10962775617,onchain
2020-06-12,10949634458,onchain
2020-06-13,10982456484,onchain
2020-06-14,10993271747,onchain
2020-06-15,11034563179,onchain
2020-06-16,11042146558,onchain
2020-06-17,11078623168,onchain
2020-06-18,11131091324,onchain
2020-06-19,11181995929,onchain
2020-06-20,11235545234,onchain
2020-06-21,11270356887,onchain
2020-06-22,11299749727,onchain
2020-06-23,11310601597,onchain
2020-06-24,11312895781,onchain
2020-06-25,11316204941,onchain
2020-06-26,11323994746,onchain
2020-06-27,11324162307,onchain
2020-06-28,11357377062,onchain
2020-06-29,11369230051,onchain
2020-06-30,11352936010,onchain
2020-07-01,11389636497,onchain
2020-07-02,11449335243,onchain
2020-07-03,11480533901,onchain
2020-07-04,11537054962,onchain
2020-07-05,11541658294,onchain
2020-07-06,11584477414,onchain
2020-07-07,11612320908,onchain
2020-07-08,11661955549,onchain
2020-07-09,11712114499,onchain
2020-07-10,11730118616,onchain
2020-07-11,11735667912,onchain
2020-07-12,11784163113,onchain
2020-07-13,11777668087,onchain
2020-07-14,11792020216,onchain
2020-07-15,11797797983,onchain
2020-07-16,11824696854,onchain
2020-07-17,11820213736,onchain
2020-07-18,11869261767,onchain
2020-07-19,11910025105,onchain
2020-07-20,11962815784,onchain
2020-07-21,12017272336,onchain
2020-07-22,12112462629,onchain
2020-07-23,12227910964,onchain
2020-07-24,12345211332,onchain
2020-07-25,12469523441,onchain
2020-07-26,12488316118,onchain
2020-07-27,12708163422,onchain
2020-07-28,12817468580,onchain
2020-07-29,12902492128,onchain
2020-07-30,13006691098,onchain
2020-07-31,13151329111,onchain
2020-08-01,13271359053,onchain
2020-08-02,13339456843,onchain
2020-08-03,13416075768,onchain
2020-08-04,13459073845,onchain
2020-08-05,13567737162,onchain
2020-08-06,13724680608,onchain
2020-08-07,13832909152,onchain
2020-08-08,13908952631,onchain
2020-08-09,14034776981,onchain
2020-08-10,14182882796,onchain
2020-08-11,14219889096,onchain
2020-08-12,14317844470,onchain
2020-08-13,14422018041,onchain
2020-08-14,14639849261,onchain
2020-08-15,14817184597,onchain
2020-08-16,14849211498,onchain
2020-08-17,15030356970,onchain
2020-08-18,15142894896,onchain
2020-08-19,15258017778,onchain
2020-08-20,15369301130,onchain
2020-08-21,15490599663,onchain
2020-08-22,15533921299,onchain
2020-08-23,15650102690,onchain
2020-08-24,15670333737,onchain
2020-08-25,15694910980,onchain
2020-08-26,15849361863,onchain
2020-08-27,15981231460,onchain
2020-08-28,16170225882,onchain
2020-08-29,16203692065,onchain
2020-08-30,16242788656,onchain
2020-08-31,16365709924,onchain
2020-09-01,16534740946,onchain
2020-09-02,16655983988,onchain
2020-09-03,16835708122,onchain
2020-09-04,17129947169,onchain
2020-09-05,17142746662,onchain
2020-09-06,17225216693,onchain
2020-09-07,17334687358,onchain
2020-09-08,17540302346,onchain
2020-09-09,17631458734,onchain
2020-09-10,17866746618,onchain
2020-09-11,18076711416,onchain
2020-09-12,18199440184,onchain
2020-09-13,18289125914,onchain
2020-09-14,18515621286,onchain
2020-09-15,18747071707,onchain
2020-09-16,18990721871,onchain
2020-09-17,19059043377,onchain
2020-09-18,19225488190,onchain
2020-09-19,19350972981,onchain
2020-09-20,19492898718,onchain
2020-09-21,19592267202,onchain
2020-09-22,19647723511,onchain
2020-09-23,19689664883,onchain
2020-09-24,19798864166,onchain
2020-09-25,19896866589,onchain
2020-09-26,19987901850,onchain
2020-09-27,20123265499,onchain
2020-09-28,20243763694,onchain
2020-09-29,20196831354,onchain
2020-09-30,20204503881,onchain
2020-10-01,20261255417,onchain
2020-10-02,20298798036,onchain
2020-10-03,20375461502,onchain
2020-10-04,20457536836,onchain
2020-10-05,20470268269,onchain
2020-10-06,20494474194,onchain
2020-10-07,20530232673,onchain
2020-10-08,20549211186,onchain
2020-10-09,20774792911,onchain
2020-10-10,20870663902,onchain
2020-10-11,20929964046,onchain
2020-10-12,20972014439,onchain
2020-10-13,21000590848,onchain
2020-10-14,20975514254,onchain
2020-10-15,20983092824,onchain
2020-10-16,21008406130,onchain
2020-10-17,20993975297,onchain
2020-10-18,21002396027,onchain
2020-10-19,21066385647,onchain
2020-10-20,21089151746,onchain
2020-10-21,21282287692,onchain
2020-10-22,21448410727,onchain
2020-10-23,21503547668,onchain
2020-10-24,21520273963,onchain
2020-10-25,21610285476,onchain
2020-10-26,21688713399,onchain
2020-10-27,21691785228,onchain
2020-10-28,21776583935,onchain
2020-10-29,21812428328,onchain
2020-10-30,21970798162,onchain
2020-10-31,21971500038,onchain
2020-11-01,22036310223,onchain
2020-11-02,22081386455,onchain
2020-11-03,22123730191,onchain
2020-11-04,22191964163,onchain
2020-11-05,22293172510,onchain
2020-11-06,22420198485,onchain
2020-11-07,22452429118,onchain
2020-11-08,22551782899,onchain
2020-11-09,22617549489,onchain
2020-11-10,22674564090,onchain
2020-11-11,22788300439,onchain
2020-11-12,22982508501,onchain
2020-11-13,23089907664,onchain
2020-11-14,23156916695,onchain
2020-11-15,23220087171,onchain
2020-11-16,23285521529,onchain
2020-11-17,23340279371,onchain
2020-11-18,23380352267,onchain
2020-11-19,23462766035,onchain
2020-11-20,23631401122,onchain
2020-11-21,23755916579,onchain
2020-11-22,23839974311,onchain
2020-11-23,24059203579,onchain
2020-11-24,24200018589,onchain
2020-11-25,24345155094,onchain
2020-11-26,24409858846,onchain
2020-11-27,24413628501,onchain
2020-11-28,24473074101,onchain
2020-11-29,24636612578,onchain
2020-11-30,24800328431,onchain
2020-12-01,24965493744,onchain
2020-12-02,25003654671,onchain
2020-12-03,25143442952,onchain
2020-12-04,25347637483,onchain
2020-12-05,25430113701,onchain
2020-12-06,25481764008,onchain
2020-12-07,25561247574,onchain
2020-12-08,25492006802,onchain
2020-12-09,25525135925,onchain
2020-12-10,25538073430,onchain
2020-12-11,25590326066,onchain
2020-12-12,25654705404,onchain
2020-12-13,25777902760,onchain
2020-12-14,25760679871,onchain
2020-12-15,25843235654,onchain
2020-12-16,26027314944,onchain
2020-12-17,26264070503,onchain
2020-12-18,26362541561,onchain
2020-12-19,26610714943,onchain
2020-12-20,26758066878,onchain
2020-12-21,26841481372,onchain
2020-12-22,26894704240,onchain
2020-12-23,26945380706,onchain
2020-12-24,27138980403,onchain
2020-12-25,27272655109,onchain
2020-12-26,27346785086,onchain
2020-12-27,27438161736,onchain
2020-12-28,27492002614,onchain
2020-12-29,27585822311,onchain
2020-12-30,27680554878,onchain
2020-12-31,27999989550,onchain
2021-01-01,28471237432,onchain
2021-01-02,28952906024,onchain
2021-01-03,29382350590,onchain
2021-01-04,29813493907,onchain
2021-01-05,29996184855,onchain
2021-01-06,30859837273,onchain
2021-01-07,31697580200,onchain
2021-01-08,32132841130,onchain
2021-01-09,32670955718,onchain
2021-01-10,33085284095,onchain
2021-01-11,33042384165,onchain
2021-01-12,32908181059,onchain
2021-01-13,32963798110,onchain
2021-01-14,33043160811,onchain
2021-01-15,33227057747,onchain
2021-01-16,33342506623,onchain
2021-01-17,33558448438,onchain
2021-01-18,33629645469,onchain
2021-01-19,34129911524,onchain
2021-01-20,34322184364,onchain
2021-01-21,34393281841,onchain
2021-01-22,34428612303,onchain
2021-01-23,34742771216,onchain
2021-01-24,34936263425,onchain
2021-01-25,35127879113,onchain
2021-01-26,35263905625,onchain
2021-01-27,35520613002,onchain
2021-01-28,35777447293,onchain
2021-01-29,36975716697,onchain
2021-01-30,37277455679,onchain
2021-01-31,37488394656,onchain
2021-02-01,37712855856,onchain
2021-02-02,37992338743,onchain
2021-02-03,38453065126,onchain
2021-02-04,39051352952,onchain
2021-02-05,39584489135,onchain
2021-02-06,40293075048,onchain
2021-02-07,40638305601,onchain
2021-02-08,41653957166,onchain
2021-02-09,42411862728,onchain
2021-02-10,43294250071,onchain
2021-02-11,43880826461,onchain
2021-02-12,44562361185,onchain
2021-02-13,45019798654,onchain
2021-02-14,45668863023,onchain
2021-02-15,45943457652,onchain
2021-02-16,45778782256,defillama
2021-02-17,46681235565,defillama
2021-02-18,46840234398,defillama
2021-02-19,47471759076,defillama
2021-02-20,49109402708,defillama
2021-02-21,49566655523,defillama
2021-02-22,49555991966,defillama
2021-02-23,49998356144,defillama
2021-02-24,49999448699,defillama
2021-02-25,50562420978,defillama
2021-02-26,50336048106,defillama
2021-02-27,51066701418,defillama
2021-02-28,50754678543,defillama
2021-03-01,52105582169,defillama
2021-03-02,52516852234,defillama
2021-03-03,54029072554,defillama
2021-03-04,53444825224,defillama
2021-03-05,53892609327,defillama
2021-03-06,54054094234,defillama
2021-03-07,54357759822,defillama
2021-03-08,54355635147,defillama
2021-03-09,54101141780,defillama
2021-03-10,55427420786,defillama
2021-03-11,55698583027,defillama
2021-03-12,56023489973,defillama
2021-03-13,56422136775,defillama
2021-03-14,56458947299,defillama
2021-03-15,57499218523,defillama
2021-03-16,58209242175,defillama
2021-03-17,58347051686,defillama
2021-03-18,58668266552,defillama
2021-03-19,58962195777,defillama
2021-03-20,59207118625,defillama
2021-03-21,60280760071,defillama
2021-03-22,60481721213,defillama
2021-03-23,60713414482,defillama
2021-03-24,60538066683,defillama
2021-03-25,60604268208,defillama
2021-03-26,60788650682,defillama
2021-03-27,62237804352,defillama
2021-03-28,62382334411,defillama
2021-03-29,62853307642,defillama
2021-03-30,62475929792,defillama
2021-03-31,62756614847,defillama
2021-04-01,63839005507,defillama
2021-04-02,63976734696,defillama
2021-04-03,66361769333,defillama
2021-04-04,66701988845,defillama
2021-04-05,67160922257,defillama
2021-04-06,68255596889,defillama
2021-04-07,68301609274,defillama
2021-04-08,68730624080,defillama
2021-04-09,69324515525,defillama
2021-04-10,69590908069,defillama
2021-04-11,69839769482,defillama
2021-04-12,70820724092,defillama
2021-04-13,70668087878,defillama
2021-04-14,73247005131,defillama
2021-04-15,73646108667,defillama
2021-04-16,74259179696,defillama
2021-04-17,76389791626,defillama
2021-04-18,76976630064,defillama
2021-04-19,80001982827,defillama
2021-04-20,80222515351,defillama
2021-04-21,81117622475,defillama
2021-04-22,81467114707,defillama
2021-04-23,81838661523,defillama
2021-04-24,81969558368,defillama
2021-04-25,81910379244,defillama
2021-04-26,82661750821,defillama
2021-04-27,83025228288,defillama
2021-04-28,83081012479,defillama
2021-04-29,83896411610,defillama
2021-04-30,83557084261,defillama
2021-05-01,84911176660,defillama
2021-05-02,85388401447,defillama
2021-05-03,86631372130,defillama
2021-05-04,86753985494,defillama
2021-05-05,89046190495,defillama
2021-05-06,89599264423,defillama
2021-05-07,90157181884,defillama
2021-05-08,90325387449,defillama
2021-05-09,90643431396,defillama
2021-05-10,91978780612,defillama
2021-05-11,93602042339,defillama
2021-05-12,94481568010,defillama
2021-05-13,94525992235,defillama
2021-05-14,94057749920,defillama
2021-05-15,94695973939,defillama
2021-05-16,94711525005,defillama
2021-05-17,95201516932,defillama
2021-05-18,96805673841,defillama
2021-05-19,96359554909,defillama
2021-05-20,95190806599,defillama
2021-05-21,97007684922,defillama
2021-05-22,99100270831,defillama
2021-05-23,99805569542,defillama
2021-05-24,100951864953,defillama
2021-05-25,101575300669,defillama
2021-05-26,101860855193,defillama
2021-05-27,102916476566,defillama
2021-05-28,104040708564,defillama
2021-05-29,104784309319,defillama
2021-05-30,104335023551,defillama
2021-05-31,102350266106,defillama
2021-06-01,105707446119,defillama
2021-06-02,106345950326,defillama
2021-06-03,106332473404,defillama
2021-06-04,106967813792,defillama
2021-06-05,107179699301,defillama
2021-06-06,107489513559,defillama
2021-06-07,107957707483,defillama
2021-06-08,107416963070,defillama
2021-06-09,108121522882,defillama
2021-06-10,108422839999,defillama
2021-06-11,108050872917,defillama
2021-06-12,107848326042,defillama
2021-06-13,108151032611,defillama
2021-06-14,108259833778,defillama
2021-06-15,108346066674,defillama
2021-06-16,108489463314,defillama
2021-06-17,107812615186,defillama
2021-06-18,108128283541,defillama
2021-06-19,108300043137,defillama
2021-06-20,108613564826,defillama
2021-06-21,108934049122,defillama
2021-06-22,108735600177,defillama
2021-06-23,109513511902,defillama
2021-06-24,109690229073,defillama
2021-06-25,109839758153,defillama
2021-06-26,109981883594,defillama
2021-06-27,110333596798,defillama
2021-06-28,110493923380,defillama
2021-06-29,110005223288,defillama
2021-06-30,109620926186,defillama
2021-07-01,110117369949,defillama
2021-07-02,110328987665,defillama
2021-07-03,111052164600,defillama
2021-07-04,111039173339,defillama
2021-07-05,110519660446,defillama
2021-07-06,111191183702,defillama
2021-07-07,111547956542,defillama
2021-07-08,111403859088,defillama
2021-07-09,111894898754,defillama
2021-07-10,111876191965,defillama
2021-07-11,111987671768,defillama
2021-07-12,111785033408,defillama
2021-07-13,112124869750,defillama
2021-07-14,111915645613,defillama
2021-07-15,111874878412,defillama
2021-07-16,112647189273,defillama
2021-07-17,111854212971,defillama
2021-07-18,112318599424,defillama
2021-07-19,112698274707,defillama
2021-07-20,112449698155,defillama
2021-07-21,112547114480,defillama
2021-07-22,113015426044,defillama
2021-07-23,112904681262,defillama
2021-07-24,113222444248,defillama
2021-07-25,113453703630,defillama
2021-07-26,113951105151,defillama
2021-07-27,113677857718,defillama
2021-07-28,114263356795,defillama
2021-07-29,113864411550,defillama
2021-07-30,114086188070,defillama
2021-07-31,114664254169,defillama
2021-08-01,114087518678,defillama
2021-08-02,114041827687,defillama
2021-08-03,114206765922,defillama
2021-08-04,114569446648,defillama
2021-08-05,112672180971,defillama
2021-08-06,113221422090,defillama
2021-08-07,113618576750,defillama
2021-08-08,114881527345,defillama
2021-08-09,114928147283,defillama
2021-08-10,115005621682,defillama
2021-08-11,114538705870,defillama
2021-08-12,114605586658,defillama
2021-08-13,114793537848,defillama
2021-08-14,114607821685,defillama
2021-08-15,115632961456,defillama
2021-08-16,115792598962,defillama
2021-08-17,115650786821,defillama
2021-08-18,115585763625,defillama
2021-08-19,115799908806,defillama
2021-08-20,116422107244,defillama
2021-08-21,116537394180,defillama
2021-08-22,116545856390,defillama
2021-08-23,118127799293,defillama
2021-08-24,115740949966,defillama
2021-08-25,117742605523,defillama
2021-08-26,117628481785,defillama
2021-08-27,117576424380,defillama
2021-08-28,118035339948,defillama
2021-08-29,118096327305,defillama
2021-08-30,118131543242,defillama
2021-08-31,118044808424,defillama
2021-09-01,118462298510,defillama
2021-09-02,118561229842,defillama
2021-09-03,119630285058,defillama
2021-09-04,119786178879,defillama
2021-09-05,119863005188,defillama
2021-09-06,120999045509,defillama
2021-09-07,123078023288,defillama
2021-09-08,123611941629,defillama
2021-09-09,124015253020,defillama
2021-09-10,124346819079,defillama
2021-09-11,123492343794,defillama
2021-09-12,124004448107,defillama
2021-09-13,124564131458,defillama
2021-09-14,123983966147,defillama
2021-09-15,124282410800,defillama
2021-09-16,124187104932,defillama
2021-09-17,124440305071,defillama
2021-09-18,124932503717,defillama
2021-09-19,124849410109,defillama
2021-09-20,125090267495,defillama
2021-09-21,124133615603,defillama
2021-09-22,123914115583,defillama
2021-09-23,125141977906,defillama
2021-09-24,125792201787,defillama
2021-09-25,126522461588,defillama
2021-09-26,127197461002,defillama
2021-09-27,127671458775,defillama
2021-09-28,126299908074,defillama
2021-09-29,126308864603,defillama
2021-09-30,127365031050,defillama
2021-10-01,127126472526,defillama
2021-10-02,127213858690,defillama
2021-10-03,127295300467,defillama
2021-10-04,127673601281,defillama
2021-10-05,127636018533,defillama
2021-10-06,127875440099,defillama
2021-10-07,128307640967,defillama
2021-10-08,128500383443,defillama
2021-10-09,128712011414,defillama
2021-10-10,128950939683,defillama
2021-10-11,129000466654,defillama
2021-10-12,129619444823,defillama
2021-10-13,129150916259,defillama
2021-10-14,129280694684,defillama
2021-10-15,129545417019,defillama
2021-10-16,129760473173,defillama
2021-10-17,129767918195,defillama
2021-10-18,129644690225,defillama
2021-10-19,129449962362,defillama
2021-10-20,129392550662,defillama
2021-10-21,129879533369,defillama
2021-10-22,129571555181,defillama
2021-10-23,130175649476,defillama
2021-10-24,130401523894,defillama
2021-10-25,130325720237,defillama
2021-10-26,130379038072,defillama
2021-10-27,129851989316,defillama
2021-10-28,130532974537,defillama
2021-10-29,131020387743,defillama
2021-10-30,131490254956,defillama
2021-10-31,131867911789,defillama
2021-11-01,131653666044,defillama
2021-11-02,133172305764,defillama
2021-11-03,134291799367,defillama
2021-11-04,134220641041,defillama
2021-11-05,135559529763,defillama
2021-11-06,136992988877,defillama
2021-11-07,136832830695,defillama
2021-11-08,138124190100,defillama
2021-11-09,137053349049,defillama
2021-11-10,139553905414,defillama
2021-11-11,139719047373,defillama
2021-11-12,139448011689,defillama
2021-11-13,140555809113,defillama
2021-11-14,140962968933,defillama
2021-11-15,142182097325,defillama
2021-11-16,142011059169,defillama
2021-11-17,143000477617,defillama
2021-11-18,144346811131,defillama
2021-11-19,144032962241,defillama
2021-11-20,145948841562,defillama
2021-11-21,146593710830,defillama
2021-11-22,146477738499,defillama
2021-11-23,146073263732,defillama
2021-11-24,146532932562,defillama
2021-11-25,146936205770,defillama
2021-11-26,147755296884,defillama
2021-11-27,148414235620,defillama
2021-11-28,148785519438,defillama
2021-11-29,148950392158,defillama
2021-11-30,148383381279,defillama
2021-12-01,149077932307,defillama
2021-12-02,149796521755,defillama
2021-12-03,149674844232,defillama
2021-12-04,151428385148,defillama
2021-12-05,152628040752,defillama
2021-12-06,153451959695,defillama
2021-12-07,154200800435,defillama
2021-12-08,155033649078,defillama
2021-12-09,153107416018,defillama
2021-12-10,155456882274,defillama
2021-12-11,155559529761,defillama
2021-12-12,156248467348,defillama
2021-12-13,156342320990,defillama
2021-12-14,156217907370,defillama
2021-12-15,158120196514,defillama
2021-12-16,158180759526,defillama
2021-12-17,158040694294,defillama
2021-12-18,158501915801,defillama
2021-12-19,159098354014,defillama
2021-12-20,158802558654,defillama
2021-12-21,160356889734,defillama
2021-12-22,160739762243,defillama
2021-12-23,159336251374,defillama
2021-12-24,159950199063,defillama
2021-12-25,160292553534,defillama
2021-12-26,160179383799,defillama
2021-12-27,161408699190,defillama
2021-12-28,161357191387,defillama
2021-12-29,161386084121,defillama
2021-12-30,161265277003,defillama
2021-12-31,162533919428,defillama
2022-01-01,161894743362,defillama
2022-01-02,166987595403,defillama
2022-01-03,166080942224,defillama
2022-01-04,166332078829,defillama
2022-01-05,166333283414,defillama
2022-01-06,167283567567,defillama
2022-01-07,167108560575,defillama
2022-01-08,166919250273,defillama
2022-01-09,166346460737,defillama
2022-01-10,166260314932,defillama
2022-01-11,167500397800,defillama
2022-01-12,167719722167,defillama
2022-01-13,168618635217,defillama
2022-01-14,168856168877,defillama
2022-01-15,169138581565,defillama
2022-01-16,169278285205,defillama
2022-01-17,169659131618,defillama
2022-01-18,170236237095,defillama
2022-01-19,169757218620,defillama
2022-01-20,170333439008,defillama
2022-01-21,171065590048,defillama
2022-01-22,170276902283,defillama
2022-01-23,172442522123,defillama
2022-01-24,171824202644,defillama
2022-01-25,173012638344,defillama
2022-01-26,172881281051,defillama
2022-01-27,174010306137,defillama
2022-01-28,174261313570,defillama
2022-01-29,172832143375,defillama
2022-01-30,173648545159,defillama
2022-01-31,173207296275,defillama
2022-02-01,173678332432,defillama
2022-02-02,174201986706,defillama
2022-02-03,174825395209,defillama
2022-02-04,175776833285,defillama
2022-02-05,177275489393,defillama
2022-02-06,176170914216,defillama
2022-02-07,176667458603,defillama
2022-02-08,176894462623,defillama
2022-02-09,177661497092,defillama
2022-02-10,178219583732,defillama
2022-02-11,179183896185,defillama
2022-02-12,179781430738,defillama
2022-02-13,179765102930,defillama
2022-02-14,179968597850,defillama
2022-02-15,179787974604,defillama
2022-02-16,180400192308,defillama
2022-02-17,180332737691,defillama
2022-02-18,180633941521,defillama
2022-02-19,181045560108,defillama
2022-02-20,182048298273,defillama
2022-02-21,181619160509,defillama
2022-02-22,181936067990,defillama
2022-02-23,182243008686,defillama
2022-02-24,182628232789,defillama
2022-02-25,183135172500,defillama
2022-02-26,182601536593,defillama
2022-02-27,183359601774,defillama
2022-02-28,184075922014,defillama
2022-03-01,183440999761,defillama
2022-03-02,183563878698,defillama
2022-03-03,183790867201,defillama
2022-03-04,183571957441,defillama
2022-03-05,183521384113,defillama
2022-03-06,183751921664,defillama
2022-03-07,183944742776,defillama
2022-03-08,182926360712,defillama
2022-03-09,183521655865,defillama
2022-03-10,183874214120,defillama
2022-03-11,184318113320,defillama
2022-03-12,184287863476,defillama
2022-03-13,184539718857,defillama
2022-03-14,184771633265,defillama
2022-03-15,184558839140,defillama
2022-03-16,184479266367,defillama
2022-03-17,184699501176,defillama
2022-03-18,185427952276,defillama
2022-03-19,186033730246,defillama
2022-03-20,186236571910,defillama
2022-03-21,186495318153,defillama
2022-03-22,186460445884,defillama
2022-03-23,186233178424,defillama
2022-03-24,185599897164,defillama
2022-03-25,185879702771,defillama
2022-03-26,185461986125,defillama
2022-03-27,185691609319,defillama
2022-03-28,185597675271,defillama
2022-03-29,185430949275,defillama
2022-03-30,186285614394,defillama
2022-03-31,187096302148,defillama
2022-04-01,186622372566,defillama
2022-04-02,187391942652,defillama
2022-04-03,187056596134,defillama
2022-04-04,187011943815,defillama
2022-04-05,186796803621,defillama
2022-04-06,186882362226,defillama
2022-04-07,186004443848,defillama
2022-04-08,186109968175,defillama
2022-04-09,186415512678,defillama
2022-04-10,186820952888,defillama
2022-04-11,186823358795,defillama
2022-04-12,186028430149,defillama
2022-04-13,186322317740,defillama
2022-04-14,185838228053,defillama
2022-04-15,185898595642,defillama
2022-04-16,185872684306,defillama
2022-04-17,185876599678,defillama
2022-04-18,186014332758,defillama
2022-04-19,185805045771,defillama
2022-04-20,185990856370,defillama
2022-04-21,186135614099,defillama
2022-04-22,186550806481,defillama
2022-04-23,186884288700,defillama
2022-04-24,187119500222,defillama
2022-04-25,186963531157,defillama
2022-04-26,187015867133,defillama
2022-04-27,186538263699,defillama
2022-04-28,186459057703,defillama
2022-04-29,186357929000,defillama
2022-04-30,186793183826,defillama
2022-05-01,187059239551,defillama
2022-05-02,186861568501,defillama
2022-05-03,186591731522,defillama
2022-05-04,186657318211,defillama
2022-05-05,186220855767,defillama
2022-05-06,186443085966,defillama
2022-05-07,185659333778,defillama
2022-05-08,185444316534,defillama
2022-05-09,180003932412,defillama
2022-05-10,176977547082,defillama
2022-05-11,176021893184,defillama
2022-05-12,160111332612,defillama
2022-05-13,159859520640,defillama
2022-05-14,158564041612,defillama
2022-05-15,158008821059,defillama
2022-05-16,158064097460,defillama
2022-05-17,159413236718,defillama
2022-05-18,158263160172,defillama
2022-05-19,158499144778,defillama
2022-05-20,159156483288,defillama
2022-05-21,158417603244,defillama
2022-05-22,158475938087,defillama
2022-05-23,158578457825,defillama
2022-05-24,158670219361,defillama
2022-05-25,158827028632,defillama
2022-05-26,158969444065,defillama
2022-05-27,158594112075,defillama
2022-05-28,158141251758,defillama
2022-05-29,158317850025,defillama
2022-05-30,158210159072,defillama
2022-05-31,158731339487,defillama
2022-06-01,159296790757,defillama
2022-06-02,160264129409,defillama
2022-06-03,159387989292,defillama
2022-06-04,159378201658,defillama
2022-06-05,159318404528,defillama
2022-06-06,159329214489,defillama
2022-06-07,159224391538,defillama
2022-06-08,159107444347,defillama
2022-06-09,159078010669,defillama
2022-06-10,159146853848,defillama
2022-06-11,158697485989,defillama
2022-06-12,158416739423,defillama
2022-06-13,158139729196,defillama
2022-06-14,156870816044,defillama
2022-06-15,155935668777,defillama
2022-06-16,155143029661,defillama
2022-06-17,154643688106,defillama
2022-06-18,154095812453,defillama
2022-06-19,154180025567,defillama
2022-06-20,153950288992,defillama
2022-06-21,153296812292,defillama
2022-06-22,153414687876,defillama
2022-06-23,153383413427,defillama
2022-06-24,152987239268,defillama
2022-06-25,152990202603,defillama
2022-06-26,153199371691,defillama
2022-06-27,153193419304,defillama
2022-06-28,152962218106,defillama
2022-06-29,152893740186,defillama
2022-06-30,152787706050,defillama
2022-07-01,152663528744,defillama
2022-07-02,153384513551,defillama
2022-07-03,153348368239,defillama
2022-07-04,153224621112,defillama
2022-07-05,153260988596,defillama
2022-07-06,153295218999,defillama
2022-07-07,153046068807,defillama
2022-07-08,152802950055,defillama
2022-07-09,152953664677,defillama
2022-07-10,152973934393,defillama
2022-07-11,152865402930,defillama
2022-07-12,153033567872,defillama
2022-07-13,152730651477,defillama
2022-07-14,152735818223,defillama
2022-07-15,152809370833,defillama
2022-07-16,152258105635,defillama
2022-07-17,152317341745,defillama
2022-07-18,152412018425,defillama
2022-07-19,152660769584,defillama
2022-07-20,152570537599,defillama
2022-07-21,152764751593,defillama
2022-07-22,152712129660,defillama
2022-07-23,152843691759,defillama
2022-07-24,152948190147,defillama
2022-07-25,152932405690,defillama
2022-07-26,152907898899,defillama
2022-07-27,152829637494,defillama
2022-07-28,152905558958,defillama
2022-07-29,152712189988,defillama
2022-07-30,152828151594,defillama
2022-07-31,152833987943,defillama
2022-08-01,152833041936,defillama
2022-08-02,153097134125,defillama
2022-08-03,153030596754,defillama
2022-08-04,153020117328,defillama
2022-08-05,152940674070,defillama
2022-08-06,153105336268,defillama
2022-08-07,153138488098,defillama
2022-08-08,153056197389,defillama
2022-08-09,152821750179,defillama
2022-08-10,152750660561,defillama
2022-08-11,153033620298,defillama
2022-08-12,152981946072,defillama
2022-08-13,152815246311,defillama
2022-08-14,153052198595,defillama
2022-08-15,152536438261,defillama
2022-08-16,152841879383,defillama
2022-08-17,152724168260,defillama
2022-08-18,152690537523,defillama
2022-08-19,152470975082,defillama
2022-08-20,152367337262,defillama
2022-08-21,152282317340,defillama
2022-08-22,152234784913,defillama
2022-08-23,152034289031,defillama
2022-08-24,152158530460,defillama
2022-08-25,152194411557,defillama
2022-08-26,152204960264,defillama
2022-08-27,152292982406,defillama
2022-08-28,152361362480,defillama
2022-08-29,152140370272,defillama
2022-08-30,152275885173,defillama
2022-08-31,152599035949,defillama
2022-09-01,152389636805,defillama
2022-09-02,152314925267,defillama
2022-09-03,152120765301,defillama
2022-09-04,152142773500,defillama
2022-09-05,151999751305,defillama
2022-09-06,151896505206,defillama
2022-09-07,151910082825,defillama
2022-09-08,152011707374,defillama
2022-09-09,152163017507,defillama
2022-09-10,152272290976,defillama
2022-09-11,152395436852,defillama
2022-09-12,152385513269,defillama
2022-09-13,152330872619,defillama
2022-09-14,152345006191,defillama
2022-09-15,151977282591,defillama
2022-09-16,151746440370,defillama
2022-09-17,151593630116,defillama
2022-09-18,151672147751,defillama
2022-09-19,151612209732,defillama
2022-09-20,151760430439,defillama
2022-09-21,152015582173,defillama
2022-09-22,151863974857,defillama
2022-09-23,151864979297,defillama
2022-09-24,151661881491,defillama
2022-09-25,151620437493,defillama
2022-09-26,151340517326,defillama
2022-09-27,150597739297,defillama
2022-09-28,150487696958,defillama
2022-09-29,149988645060,defillama
2022-09-30,149499660119,defillama
2022-10-01,148247368029,defillama
2022-10-02,148255813414,defillama
2022-10-03,148285671461,defillama
2022-10-04,148065422909,defillama
2022-10-05,148028552799,defillama
2022-10-06,148098167043,defillama
2022-10-07,148139349891,defillama
2022-10-08,148305018403,defillama
2022-10-09,148316236619,defillama
2022-10-10,148300398649,defillama
2022-10-11,148102920497,defillama
2022-10-12,147995883556,defillama
2022-10-13,147485526756,defillama
2022-10-14,147060157172,defillama
2022-10-15,146643247363,defillama
2022-10-16,146628630690,defillama
2022-10-17,146555979156,defillama
2022-10-18,146361958944,defillama
2022-10-19,146267526538,defillama
2022-10-20,146178122653,defillama
2022-10-21,145772402320,defillama
2022-10-22,145572640625,defillama
2022-10-23,145632327322,defillama
2022-10-24,145665641345,defillama
2022-10-25,145340003450,defillama
2022-10-26,145220004099,defillama
2022-10-27,145406750198,defillama
2022-10-28,145329325883,defillama
2022-10-29,145440460393,defillama
2022-10-30,145544750521,defillama
2022-10-31,145639694887,defillama
2022-11-01,145218376181,defillama
2022-11-02,145240308198,defillama
2022-11-03,145105309553,defillama
2022-11-04,145239425891,defillama
2022-11-05,145414801244,defillama
2022-11-06,145461251733,defillama
2022-11-07,145820548890,defillama
2022-11-08,146804845954,defillama
2022-11-09,147100056756,defillama
2022-11-10,145340576354,defillama
2022-11-11,145762480474,defillama
2022-11-12,145596596170,defillama
2022-11-13,144925359847,defillama
2022-11-14,144756738409,defillama
2022-11-15,144582168711,defillama
2022-11-16,144629322669,defillama
2022-11-17,144210345085,defillama
2022-11-18,143848646324,defillama
2022-11-19,144038279532,defillama
2022-11-20,144068839763,defillama
2022-11-21,144102429484,defillama
2022-11-22,143250860856,defillama
2022-11-23,143249926867,defillama
2022-11-24,142611228750,defillama
2022-11-25,142860699045,defillama
2022-11-26,142561523105,defillama
2022-11-27,142738408946,defillama
2022-11-28,142732619105,defillama
2022-11-29,141689098658,defillama
2022-11-30,141060756851,defillama
2022-12-01,140911454436,defillama
2022-12-02,140745840430,defillama
2022-12-03,141006889555,defillama
2022-12-04,141176178083,defillama
2022-12-05,141280980585,defillama
2022-12-06,141031306910,defillama
2022-12-07,140892699531,defillama
2022-12-08,140728332181,defillama
2022-12-09,140665248584,defillama
2022-12-10,140587487802,defillama
2022-12-11,140634134203,defillama
2022-12-12,140748682010,defillama
2022-12-13,140396114017,defillama
2022-12-14,140008478227,defillama
2022-12-15,139796532354,defillama
2022-12-16,139827012912,defillama
2022-12-17,139367752776,defillama
2022-12-18,139538766142,defillama
2022-12-19,139561090303,defillama
2022-12-20,139197132905,defillama
2022-12-21,138935084247,defillama
2022-12-22,138709461547,defillama
2022-12-23,138566492407,defillama
2022-12-24,138066241077,defillama
2022-12-25,138112325948,defillama
2022-12-26,138119567624,defillama
2022-12-27,138102727108,defillama
2022-12-28,137634147686,defillama
2022-12-29,137674202313,defillama
2022-12-30,137585903468,defillama
2022-12-31,137457066907,defillama
2023-01-01,137354723242,defillama
2023-01-02,137454973923,defillama
2023-01-03,137442015493,defillama
2023-01-04,137110563314,defillama
2023-01-05,137062846905,defillama
2023-01-06,136772164881,defillama
2023-01-07,136459013265,defillama
2023-01-08,136596474461,defillama
2023-01-09,136575021783,defillama
2023-01-10,136326203322,defillama
2023-01-11,136506356344,defillama
2023-01-12,136572855908,defillama
2023-01-13,136671912282,defillama
2023-01-14,136420249118,defillama
2023-01-15,136612025328,defillama
2023-01-16,136787130533,defillama
2023-01-17,136710186110,defillama
2023-01-18,136254621761,defillama
2023-01-19,136136583497,defillama
2023-01-20,136088256279,defillama
2023-01-21,136280273037,defillama
2023-01-22,136562513589,defillama
2023-01-23,136658943316,defillama
2023-01-24,136496759260,defillama
2023-01-25,136518041461,defillama
2023-01-26,136806901696,defillama
2023-01-27,137016558937,defillama
2023-01-28,136844934538,defillama
2023-01-29,137001726301,defillama
2023-01-30,136954238448,defillama
2023-01-31,136622261802,defillama
2023-02-01,136701038486,defillama
2023-02-02,136648060543,defillama
2023-02-03,136920131292,defillama
2023-02-04,136640143005,defillama
2023-02-05,136664055095,defillama
2023-02-06,136708667208,defillama
2023-02-07,136596615395,defillama
2023-02-08,136440741078,defillama
2023-02-09,136312002815,defillama
2023-02-10,136174027423,defillama
2023-02-11,136181813978,defillama
2023-02-12,136176267826,defillama
2023-02-13,136121109034,defillama
2023-02-14,136233489369,defillama
2023-02-15,136088895947,defillama
2023-02-16,135703043005,defillama
2023-02-17,135833107481,defillama
2023-02-18,135770978035,defillama
2023-02-19,135788590695,defillama
2023-02-20,135838652785,defillama
2023-02-21,135504034616,defillama
2023-02-22,135272901820,defillama
2023-02-23,135012058601,defillama
2023-02-24,134871069073,defillama
2023-02-25,134855093502,defillama
2023-02-26,134976439527,defillama
2023-02-27,134897788649,defillama
2023-02-28,134598011067,defillama
2023-03-01,134455610391,defillama
2023-03-02,134286929536,defillama
2023-03-03,134462132798,defillama
2023-03-04,134487439968,defillama
2023-03-05,134578051700,defillama
2023-03-06,134646041124,defillama
2023-03-07,134442923214,defillama
2023-03-08,134466136644,defillama
2023-03-09,134364643505,defillama
2023-03-10,134371491348,defillama
2023-03-11,134015399006,defillama
2023-03-12,131234867571,defillama
2023-03-13,134768059720,defillama
2023-03-14,133438643231,defillama
2023-03-15,132321136166,defillama
2023-03-16,132679479135,defillama
2023-03-17,132774050347,defillama
2023-03-18,132755579538,defillama
2023-03-19,133136757166,defillama
2023-03-20,132866172521,defillama
2023-03-21,133171107299,defillama
2023-03-22,132992860397,defillama
2023-03-23,132823056549,defillama
2023-03-24,133009932398,defillama
2023-03-25,133314984725,defillama
2023-03-26,133441042456,defillama
2023-03-27,132584857852,defillama
2023-03-28,132169678294,defillama
2023-03-29,131798152588,defillama
2023-03-30,131744789169,defillama
2023-03-31,131727344888,defillama
2023-04-01,131215079685,defillama
2023-04-02,131142616209,defillama
2023-04-03,131367953551,defillama
2023-04-04,131919729431,defillama
2023-04-05,131285300974,defillama
2023-04-06,131221409261,defillama
2023-04-07,131432566779,defillama
2023-04-08,131444301689,defillama
2023-04-09,131634513804,defillama
2023-04-10,131322420932,defillama
2023-04-11,131428767130,defillama
2023-04-12,131367794570,defillama
2023-04-13,131292870912,defillama
2023-04-14,131408503342,defillama
2023-04-15,131357055451,defillama
2023-04-16,131247395572,defillama
2023-04-17,131166144989,defillama
2023-04-18,131050337662,defillama
2023-04-19,130782715221,defillama
2023-04-20,130815625349,defillama
2023-04-21,130642993399,defillama
2023-04-22,129430536024,defillama
2023-04-23,130306403993,defillama
2023-04-24,130340660576,defillama
2023-04-25,130271173682,defillama
2023-04-26,130106693959,defillama
2023-04-27,130269178722,defillama
2023-04-28,130073483667,defillama
2023-04-29,129957434267,defillama
2023-04-30,129898107897,defillama
2023-05-01,129933348723,defillama
2023-05-02,130274969492,defillama
2023-05-03,130297022520,defillama
2023-05-04,129882757831,defillama
2023-05-05,129762123803,defillama
2023-05-06,130260153565,defillama
2023-05-07,130181863824,defillama
2023-05-08,130015021695,defillama
2023-05-09,130102993575,defillama
2023-05-10,130230224084,defillama
2023-05-11,130081156232,defillama
2023-05-12,130004263179,defillama
2023-05-13,130044117826,defillama
2023-05-14,130017558582,defillama
2023-05-15,130013225266,defillama
2023-05-16,129924836362,defillama
2023-05-17,129746997186,defillama
2023-05-18,129478180511,defillama
2023-05-19,129604708095,defillama
2023-05-20,129477882174,defillama
2023-05-21,129602545343,defillama
2023-05-22,129496286275,defillama
2023-05-23,129379033068,defillama
2023-05-24,129309993488,defillama
2023-05-25,128914199572,defillama
2023-05-26,128888069148,defillama
2023-05-27,128880297082,defillama
2023-05-28,128912215482,defillama
2023-05-29,128960826208,defillama
2023-05-30,128945183621,defillama
2023-05-31,128901070051,defillama
2023-06-01,128850909985,defillama
2023-06-02,128776525845,defillama
2023-06-03,128812123354,defillama
2023-06-04,128726003080,defillama
2023-06-05,128768606277,defillama
2023-06-06,128634295777,defillama
2023-06-07,128487699325,defillama
2023-06-08,128360181677,defillama
2023-06-09,128279669325,defillama
2023-06-10,127790754993,defillama
2023-06-11,127926193259,defillama
2023-06-12,127984088696,defillama
2023-06-13,127697723276,defillama
2023-06-14,127559408969,defillama
2023-06-15,127336855690,defillama
2023-06-16,128136945268,defillama
2023-06-17,128325882394,defillama
2023-06-18,127988897513,defillama
2023-06-19,127985635138,defillama
2023-06-20,128099603715,defillama
2023-06-21,128647589491,defillama
2023-06-22,128164024627,defillama
2023-06-23,128152201330,defillama
2023-06-24,128206046421,defillama
2023-06-25,128488626473,defillama
2023-06-26,128266719969,defillama
2023-06-27,128199350198,defillama
2023-06-28,128253857345,defillama
2023-06-29,127762528299,defillama
2023-06-30,127696126803,defillama
2023-07-01,127088380083,defillama
2023-07-02,127066828482,defillama
2023-07-03,127110699448,defillama
2023-07-04,127297876207,defillama
2023-07-05,127420692365,defillama
2023-07-06,127253062727,defillama
2023-07-07,126793981553,defillama
2023-07-08,126790389101,defillama
2023-07-09,126812683815,defillama
2023-07-10,126706340037,defillama
2023-07-11,126613586102,defillama
2023-07-12,126462339306,defillama
2023-07-13,126329651268,defillama
2023-07-14,126598324525,defillama
2023-07-15,126614821831,defillama
2023-07-16,126662902641,defillama
2023-07-17,126581288602,defillama
2023-07-18,126421281412,defillama
2023-07-19,126361242382,defillama
2023-07-20,126087049767,defillama
2023-07-21,126046063882,defillama
2023-07-22,125893021769,defillama
2023-07-23,125891829858,defillama
2023-07-24,125792659517,defillama
2023-07-25,125599210218,defillama
2023-07-26,125513024946,defillama
2023-07-27,125490996957,defillama
2023-07-28,125320416785,defillama
2023-07-29,125158144769,defillama
2023-07-30,125400346941,defillama
2023-07-31,125275869934,defillama
2023-08-01,125210740962,defillama
2023-08-02,124991322409,defillama
2023-08-03,124819044906,defillama
2023-08-04,124567396680,defillama
2023-08-05,124313963282,defillama
2023-08-06,124348346873,defillama
2023-08-07,124301871611,defillama
2023-08-08,124162214646,defillama
2023-08-09,124384601724,defillama
2023-08-10,124285507588,defillama
2023-08-11,124030372626,defillama
2023-08-12,123931009927,defillama
2023-08-13,124042323821,defillama
2023-08-14,124075359010,defillama
2023-08-15,123627747939,defillama
2023-08-16,123335304802,defillama
2023-08-17,123030572214,defillama
2023-08-18,123012242741,defillama
2023-08-19,122660540921,defillama
2023-08-20,122877645464,defillama
2023-08-21,122997339160,defillama
2023-08-22,124056504405,defillama
2023-08-23,123951660114,defillama
2023-08-24,123991720072,defillama
2023-08-25,124056023295,defillama
2023-08-26,124100056074,defillama
2023-08-27,124112326374,defillama
2023-08-28,124224026630,defillama
2023-08-29,124282763061,defillama
2023-08-30,124716260826,defillama
2023-08-31,124842345255,defillama
2023-09-01,124857422696,defillama
2023-09-02,124851396659,defillama
2023-09-03,124844882378,defillama
2023-09-04,124881384157,defillama
2023-09-05,124621537377,defillama
2023-09-06,124164753687,defillama
2023-09-07,123979226402,defillama
2023-09-08,123755131754,defillama
2023-09-09,123879024531,defillama
2023-09-10,123949683291,defillama
2023-09-11,124118973773,defillama
2023-09-12,123888598516,defillama
2023-09-13,124031159518,defillama
2023-09-14,124045053187,defillama
2023-09-15,124016889579,defillama
2023-09-16,123888049181,defillama
2023-09-17,123985604359,defillama
2023-09-18,124011406235,defillama
2023-09-19,123952475546,defillama
2023-09-20,124073751114,defillama
2023-09-21,124062274685,defillama
2023-09-22,123992125119,defillama
2023-09-23,124071821734,defillama
2023-09-24,124084379622,defillama
2023-09-25,124129856904,defillama
2023-09-26,123913314418,defillama
2023-09-27,123780062851,defillama
2023-09-28,123702780585,defillama
2023-09-29,123888758903,defillama
2023-09-30,123444764341,defillama
2023-10-01,123559096211,defillama
2023-10-02,123590096529,defillama
2023-10-03,123766591747,defillama
2023-10-04,123613379470,defillama
2023-10-05,123479583561,defillama
2023-10-06,123655656671,defillama
2023-10-07,123915345838,defillama
2023-10-08,123903415258,defillama
2023-10-09,123968708195,defillama
2023-10-10,124019782417,defillama
2023-10-11,123715682819,defillama
2023-10-12,123492177938,defillama
2023-10-13,123279382689,defillama
2023-10-14,123274463607,defillama
2023-10-15,123326762798,defillama
2023-10-16,123394960965,defillama
2023-10-17,123454281528,defillama
2023-10-18,123648473815,defillama
2023-10-19,123867559182,defillama
2023-10-20,124462550355,defillama
2023-10-21,124375033968,defillama
2023-10-22,124346542758,defillama
2023-10-23,124309587906,defillama
2023-10-24,124601884858,defillama
2023-10-25,123833880750,defillama
2023-10-26,124233627337,defillama
2023-10-27,124227611046,defillama
2023-10-28,124055967622,defillama
2023-10-29,124068582062,defillama
2023-10-30,124190150653,defillama
2023-10-31,124008468597,defillama
2023-11-01,123905832203,defillama
2023-11-02,124171216171,defillama
2023-11-03,124056198829,defillama
2023-11-04,124431862326,defillama
2023-11-05,124583648486,defillama
2023-11-06,124649601746,defillama
2023-11-07,124690345432,defillama
2023-11-08,125025863698,defillama
2023-11-09,124978127264,defillama
2023-11-10,125113811720,defillama
2023-11-11,125405350270,defillama
2023-11-12,125469906734,defillama
2023-11-13,125482870660,defillama
2023-11-14,125642666933,defillama
2023-11-15,125494252603,defillama
2023-11-16,125824738001,defillama
2023-11-17,126149974871,defillama
2023-11-18,126338101585,defillama
2023-11-19,126498683249,defillama
2023-11-20,126486272743,defillama
2023-11-21,126953745063,defillama
2023-11-22,127042938163,defillama
2023-11-23,127068895756,defillama
2023-11-24,127059418511,defillama
2023-11-25,127689655425,defillama
2023-11-26,127670199178,defillama
2023-11-27,127640205277,defillama
2023-11-28,127485552663,defillama
2023-11-29,127772474167,defillama
2023-11-30,127852719134,defillama
2023-12-01,127948093173,defillama
2023-12-02,128110223308,defillama
2023-12-03,128174740983,defillama
2023-12-04,128296081082,defillama
2023-12-05,128103483042,defillama
2023-12-06,128382059184,defillama
2023-12-07,128409230273,defillama
2023-12-08,128393716769,defillama
2023-12-09,128575863142,defillama
2023-12-10,128899947357,defillama
2023-12-11,128869596763,defillama
2023-12-12,128669914738,defillama
2023-12-13,128030693760,defillama
2023-12-14,128451763108,defillama
2023-12-15,128634831991,defillama
2023-12-16,128882935843,defillama
2023-12-17,129041436012,defillama
2023-12-18,128992830308,defillama
2023-12-19,128948737697,defillama
2023-12-20,129400463250,defillama
2023-12-21,129746203152,defillama
2023-12-22,129728001569,defillama
2023-12-23,130073496579,defillama
2023-12-24,130241787760,defillama
2023-12-25,130182219084,defillama
2023-12-26,130142144288,defillama
2023-12-27,129831928513,defillama
2023-12-28,130283545191,defillama
2023-12-29,130102946794,defillama
2023-12-30,130198905763,defillama
2023-12-31,130100873955,defillama
2024-01-01,129835465344,defillama
2024-01-02,130359543289,defillama
2024-01-03,130495587520,defillama
2024-01-04,131034400020,defillama
2024-01-05,131721601505,defillama
2024-01-06,132136850036,defillama
2024-01-07,132515556695,defillama
2024-01-08,132442642373,defillama
2024-01-09,132722037672,defillama
2024-01-10,132693055518,defillama
2024-01-11,133148676456,defillama
2024-01-12,133467506552,defillama
2024-01-13,132822771248,defillama
2024-01-14,133458626347,defillama
2024-01-15,133618377331,defillama
2024-01-16,133303795971,defillama
2024-01-17,133278138346,defillama
2024-01-18,133813139215,defillama
2024-01-19,133187146307,defillama
2024-01-20,133357755233,defillama
2024-01-21,133576068810,defillama
2024-01-22,133298151343,defillama
2024-01-23,133445247758,defillama
2024-01-24,134239664029,defillama
2024-01-25,134071787725,defillama
2024-01-26,134259049797,defillama
2024-01-27,134480470305,defillama
2024-01-28,134553192201,defillama
2024-01-29,134614894664,defillama
2024-01-30,134937258573,defillama
2024-01-31,134750117737,defillama
2024-02-01,134786519351,defillama
2024-02-02,135157723114,defillama
2024-02-03,135132492095,defillama
2024-02-04,135090414698,defillama
2024-02-05,135168564024,defillama
2024-02-06,135012752422,defillama
2024-02-07,135351706897,defillama
2024-02-08,135667630993,defillama
2024-02-09,135966774702,defillama
2024-02-10,136192593198,defillama
2024-02-11,136463514053,defillama
2024-02-12,136688944067,defillama
2024-02-13,136284379153,defillama
2024-02-14,136470963551,defillama
2024-02-15,137431095301,defillama
2024-02-16,137262657542,defillama
2024-02-17,137619179089,defillama
2024-02-18,137810375209,defillama
2024-02-19,137706207623,defillama
2024-02-20,137709750897,defillama
2024-02-21,137807503911,defillama
2024-02-22,137841062988,defillama
2024-02-23,138199151984,defillama
2024-02-24,138821066421,defillama
2024-02-25,138581467409,defillama
2024-02-26,138693603544,defillama
2024-02-27,139148005602,defillama
2024-02-28,139722158180,defillama
2024-02-29,140197045346,defillama
2024-03-01,140749449279,defillama
2024-03-02,141304851068,defillama
2024-03-03,141394227581,defillama
2024-03-04,141792254627,defillama
2024-03-05,141999585537,defillama
2024-03-06,142164715866,defillama
2024-03-07,142487669141,defillama
2024-03-08,143005261947,defillama
2024-03-09,144209742982,defillama
2024-03-10,144508363687,defillama
2024-03-11,144736914503,defillama
2024-03-12,145477904658,defillama
2024-03-13,145732944341,defillama
2024-03-14,146536570116,defillama
2024-03-15,146807368620,defillama
2024-03-16,146722849744,defillama
2024-03-17,146855193193,defillama
2024-03-18,146529001543,defillama
2024-03-19,147234672494,defillama
2024-03-20,147623147605,defillama
2024-03-21,147143684059,defillama
2024-03-22,147707634309,defillama
2024-03-23,147752673617,defillama
2024-03-24,148085040442,defillama
2024-03-25,147906937959,defillama
2024-03-26,149232929479,defillama
2024-03-27,149528490726,defillama
2024-03-28,149487016829,defillama
2024-03-29,149732467337,defillama
2024-03-30,149939286818,defillama
2024-03-31,150171409389,defillama
2024-04-01,149906995726,defillama
2024-04-02,150330438571,defillama
2024-04-03,150981523184,defillama
2024-04-04,152363668724,defillama
2024-04-05,153239216598,defillama
2024-04-06,154339943470,defillama
2024-04-07,154367571366,defillama
2024-04-08,154143542854,defillama
2024-04-09,154172233337,defillama
2024-04-10,153966643269,defillama
2024-04-11,153675918103,defillama
2024-04-12,154273055264,defillama
2024-04-13,154479368835,defillama
2024-04-14,155090997992,defillama
2024-04-15,155118347030,defillama
2024-04-16,155664848712,defillama
2024-04-17,156656885689,defillama
2024-04-18,154364386476,defillama
2024-04-19,157600994660,defillama
2024-04-20,156276857598,defillama
2024-04-21,156392908286,defillama
2024-04-22,158570394751,defillama
2024-04-23,159115199780,defillama
2024-04-24,159058333668,defillama
2024-04-25,159599142810,defillama
2024-04-26,159639918567,defillama
2024-04-27,159431076344,defillama
2024-04-28,159606156862,defillama
2024-04-29,159599684201,defillama
2024-04-30,159322079673,defillama
2024-05-01,159481996837,defillama
2024-05-02,159118521542,defillama
2024-05-03,159253694523,defillama
2024-05-04,159894414081,defillama
2024-05-05,160193853222,defillama
2024-05-06,160178998468,defillama
2024-05-07,160125836168,defillama
2024-05-08,159868427948,defillama
2024-05-09,159760675591,defillama
2024-05-10,159805642752,defillama
2024-05-11,159596976793,defillama
2024-05-12,159728264899,defillama
2024-05-13,159685207983,defillama
2024-05-14,159776738180,defillama
2024-05-15,159556754306,defillama
2024-05-16,160123997700,defillama
2024-05-17,160267110601,defillama
2024-05-18,160515760602,defillama
2024-05-19,160852464994,defillama
2024-05-20,160806872161,defillama
2024-05-21,160510917895,defillama
2024-05-22,160585011241,defillama
2024-05-23,160635544091,defillama
2024-05-24,160450160582,defillama
2024-05-25,160809224456,defillama
2024-05-26,160811334981,defillama
2024-05-27,160514814670,defillama
2024-05-28,160429560300,defillama
2024-05-29,160175004615,defillama
2024-05-30,159839802866,defillama
2024-05-31,160250795420,defillama
2024-06-01,160372577740,defillama
2024-06-02,160426735664,defillama
2024-06-03,160203799385,defillama
2024-06-04,160531048086,defillama
2024-06-05,160815349817,defillama
2024-06-06,161005142656,defillama
2024-06-07,161153566834,defillama
2024-06-08,161477742937,defillama
2024-06-09,161523651297,defillama
2024-06-10,161576828310,defillama
2024-06-11,161250169068,defillama
2024-06-12,161073600343,defillama
2024-06-13,161333446753,defillama
2024-06-14,161424314240,defillama
2024-06-15,161481659849,defillama
2024-06-16,161212016131,defillama
2024-06-17,161304990194,defillama
2024-06-18,161141160511,defillama
2024-06-19,161592233764,defillama
2024-06-20,161381854536,defillama
2024-06-21,161482664543,defillama
2024-06-22,161757170763,defillama
2024-06-23,161774637166,defillama
2024-06-24,161488233084,defillama
2024-06-25,161432664723,defillama
2024-06-26,161465725681,defillama
2024-06-27,161507329624,defillama
2024-06-28,161412052205,defillama
2024-06-29,161167254158,defillama
2024-06-30,161147631713,defillama
2024-07-01,160905446788,defillama
2024-07-02,161112492538,defillama
2024-07-03,161026570735,defillama
2024-07-04,161090270584,defillama
2024-07-05,161415870498,defillama
2024-07-06,161779801103,defillama
2024-07-07,161851930267,defillama
2024-07-08,161873243872,defillama
2024-07-09,161879435498,defillama
2024-07-10,162179907624,defillama
2024-07-11,162633783935,defillama
2024-07-12,162603731811,defillama
2024-07-13,162313576440,defillama
2024-07-14,162592443578,defillama
2024-07-15,162991620866,defillama
2024-07-16,163064180600,defillama
2024-07-17,163354265917,defillama
2024-07-18,163529411754,defillama
2024-07-19,163517374761,defillama
2024-07-20,164468586672,defillama
2024-07-21,164471674175,defillama
2024-07-22,164465012235,defillama
2024-07-23,164575424323,defillama
2024-07-24,164796617241,defillama
2024-07-25,164626176495,defillama
2024-07-26,164178626579,defillama
2024-07-27,164415149910,defillama
2024-07-28,164588217961,defillama
2024-07-29,164566860746,defillama
2024-07-30,164208015692,defillama
2024-07-31,164163362146,defillama
2024-08-01,164108992062,defillama
2024-08-02,163709173025,defillama
2024-08-03,163822506911,defillama
2024-08-04,163897142054,defillama
2024-08-05,164045588294,defillama
2024-08-06,164126075018,defillama
2024-08-07,164601428022,defillama
2024-08-08,166228704460,defillama
2024-08-09,165860812891,defillama
2024-08-10,166082299605,defillama
2024-08-11,165692723038,defillama
2024-08-12,166114676907,defillama
2024-08-13,166487848664,defillama
2024-08-14,166823263759,defillama
2024-08-15,167459384766,defillama
2024-08-16,167688170143,defillama
2024-08-17,168291537169,defillama
2024-08-18,168382824524,defillama
2024-08-19,168365949349,defillama
2024-08-20,168339020717,defillama
2024-08-21,168771402996,defillama
2024-08-22,169040404983,defillama
2024-08-23,169179827729,defillama
2024-08-24,169800572303,defillama
2024-08-25,170148425092,defillama
2024-08-26,170130298173,defillama
2024-08-27,169872384957,defillama
2024-08-28,169807824692,defillama
2024-08-29,170032321228,defillama
2024-08-30,170251464361,defillama
2024-08-31,170165471856,defillama
2024-09-01,169863936454,defillama
2024-09-02,170335396321,defillama
2024-09-03,170200840563,defillama
2024-09-04,169827202522,defillama
2024-09-05,170149879405,defillama
2024-09-06,169858900924,defillama
2024-09-07,169820696964,defillama
2024-09-08,170079277104,defillama
2024-09-09,170049383071,defillama
2024-09-10,170722758216,defillama
2024-09-11,170590192916,defillama
2024-09-12,170602842542,defillama
2024-09-13,170378188843,defillama
2024-09-14,171143202979,defillama
2024-09-15,171819568976,defillama
2024-09-16,171471077591,defillama
2024-09-17,171108278936,defillama
2024-09-18,171707600001,defillama
2024-09-19,171934453671,defillama
2024-09-20,171833561719,defillama
2024-09-21,172411757099,defillama
2024-09-22,172654301570,defillama
2024-09-23,172565164894,defillama
2024-09-24,172461031973,defillama
2024-09-25,172495602488,defillama
2024-09-26,172720449683,defillama
2024-09-27,173169186920,defillama
2024-09-28,172912060600,defillama
2024-09-29,172937944389,defillama
2024-09-30,172926930198,defillama
2024-10-01,172281427438,defillama
2024-10-02,172692608334,defillama
2024-10-03,172817960872,defillama
2024-10-04,172682863016,defillama
2024-10-05,172718255123,defillama
2024-10-06,173500936072,defillama
2024-10-07,172279339721,defillama
2024-10-08,172857718495,defillama
2024-10-09,172942056895,defillama
2024-10-10,172980464366,defillama
2024-10-11,172600657818,defillama
2024-10-12,172973055450,defillama
2024-10-13,173251667975,defillama
2024-10-14,173567076503,defillama
2024-10-15,172852412587,defillama
2024-10-16,172908244767,defillama
2024-10-17,172607601669,defillama
2024-10-18,172579900005,defillama
2024-10-19,172897687156,defillama
2024-10-20,172920661244,defillama
2024-10-21,172817499000,defillama
2024-10-22,173001297573,defillama
2024-10-23,172871920072,defillama
2024-10-24,172361485076,defillama
2024-10-25,171725392035,defillama
2024-10-26,172599578242,defillama
2024-10-27,172680321525,defillama
2024-10-28,173105011910,defillama
2024-10-29,172343685396,defillama
2024-10-30,172948091484,defillama
2024-10-31,173202208899,defillama
2024-11-01,172636179461,defillama
2024-11-02,173089998581,defillama
2024-11-03,173160241207,defillama
2024-11-04,173458241896,defillama
2024-11-05,174869397970,defillama
2024-11-06,175000636319,defillama
2024-11-07,176754463620,defillama
2024-11-08,177479975720,defillama
2024-11-09,178645604575,defillama
2024-11-10,178670422065,defillama
2024-11-11,179934895110,defillama
2024-11-12,180569772804,defillama
2024-11-13,180742247482,defillama
2024-11-14,181789143969,defillama
2024-11-15,184036870280,defillama
2024-11-16,184237476029,defillama
2024-11-17,184590711112,defillama
2024-11-18,185024535468,defillama
2024-11-19,185259480100,defillama
2024-11-20,185933886061,defillama
2024-11-21,187741918906,defillama
2024-11-22,188568706281,defillama
2024-11-23,190480624744,defillama
2024-11-24,192269568126,defillama
2024-11-25,192612295864,defillama
2024-11-26,191519827622,defillama
2024-11-27,191886661162,defillama
2024-11-28,193474933969,defillama
2024-11-29,194398042816,defillama
2024-11-30,195154129939,defillama
2024-12-01,193265087597,defillama
2024-12-02,193542496596,defillama
2024-12-03,194477674913,defillama
2024-12-04,194821667164,defillama
2024-12-05,196137286466,defillama
2024-12-06,196715735174,defillama
2024-12-07,197857993288,defillama
2024-12-08,198295483599,defillama
2024-12-09,199187733827,defillama
2024-12-10,199255992786,defillama
2024-12-11,199651989667,defillama
2024-12-12,201892168163,defillama
2024-12-13,202376017948,defillama
2024-12-14,203278264733,defillama
2024-12-15,203557283090,defillama
2024-12-16,203653164332,defillama
2024-12-17,204158819598,defillama
2024-12-18,204355380712,defillama
2024-12-19,204583181774,defillama
2024-12-20,205087706086,defillama
2024-12-21,205146553619,defillama
2024-12-22,205190869774,defillama
2024-12-23,205861726099,defillama
2024-12-24,205368947774,defillama
2024-12-25,205794504859,defillama
2024-12-26,206064401148,defillama
2024-12-27,206560580408,defillama
2024-12-28,206827582570,defillama
2024-12-29,206597761977,defillama
2024-12-30,206134398972,defillama
2024-12-31,205447255733,defillama
2025-01-01,204800406636,defillama
2025-01-02,204352561153,defillama
2025-01-03,206270875763,defillama
2025-01-04,208007693412,defillama
2025-01-05,207963449513,defillama
2025-01-06,207907894945,defillama
2025-01-07,208177840586,defillama
2025-01-08,207642943556,defillama
2025-01-09,207745342194,defillama
2025-01-10,207487191379,defillama
2025-01-11,207665839146,defillama
2025-01-12,207559154130,defillama
2025-01-13,207860983944,defillama
2025-01-14,207778990015,defillama
2025-01-15,208076643451,defillama
2025-01-16,208933118522,defillama
2025-01-17,209149391728,defillama
2025-01-18,210867448569,defillama
2025-01-19,210843748728,defillama
2025-01-20,211215049079,defillama
2025-01-21,211268321809,defillama
2025-01-22,213986101041,defillama
2025-01-23,215291338885,defillama
2025-01-24,216040458922,defillama
2025-01-25,216654789862,defillama
2025-01-26,216693307807,defillama
2025-01-27,216655464886,defillama
2025-01-28,216867338887,defillama
2025-01-29,217324321254,defillama
2025-01-30,217535343706,defillama
2025-01-31,218194949323,defillama
2025-02-01,218393686940,defillama
2025-02-02,218476699606,defillama
2025-02-03,218525962937,defillama
2025-02-04,219305561477,defillama
2025-02-05,221982517199,defillama
2025-02-06,223305049009,defillama
2025-02-07,223749514581,defillama
2025-02-08,224881193886,defillama
2025-02-09,224962817849,defillama
2025-02-10,225101861821,defillama
2025-02-11,225271231196,defillama
2025-02-12,225312403473,defillama
2025-02-13,225551977618,defillama
2025-02-14,225733095533,defillama
2025-02-15,226056014823,defillama
2025-02-16,226199099626,defillama
2025-02-17,226418840003,defillama
2025-02-18,226142253227,defillama
2025-02-19,226051735441,defillama
2025-02-20,226862830706,defillama
2025-02-21,226777388215,defillama
2025-02-22,227473664329,defillama
2025-02-23,227252173331,defillama
2025-02-24,227402691238,defillama
2025-02-25,226800563389,defillama
2025-02-26,225685967900,defillama
2025-02-27,225104028555,defillama
2025-02-28,225087960049,defillama
2025-03-01,225961151181,defillama
2025-03-02,225250448643,defillama
2025-03-03,225230480255,defillama
2025-03-04,225367026341,defillama
2025-03-05,225911855807,defillama
2025-03-06,226907418964,defillama
2025-03-07,226989277442,defillama
2025-03-08,228084307529,defillama
2025-03-09,228169797106,defillama
2025-03-10,228057375637,defillama
2025-03-11,227667014275,defillama
2025-03-12,228444740249,defillama
2025-03-13,228835317944,defillama
2025-03-14,229026333322,defillama
2025-03-15,229809301113,defillama
2025-03-16,229953205178,defillama
2025-03-17,229914463996,defillama
2025-03-18,230102891031,defillama
2025-03-19,230430172081,defillama
2025-03-20,231014403224,defillama
2025-03-21,230895047724,defillama
2025-03-22,231680910254,defillama
2025-03-23,232627392625,defillama
2025-03-24,232978695846,defillama
2025-03-25,233992652045,defillama
2025-03-26,235096513651,defillama
2025-03-27,235228467200,defillama
2025-03-28,234591849581,defillama
2025-03-29,234013830536,defillama
2025-03-30,234254597807,defillama
2025-03-31,234203740057,defillama
2025-04-01,234402971596,defillama
2025-04-02,234612712906,defillama
2025-04-03,235008076385,defillama
2025-04-04,235139130641,defillama
2025-04-05,234650242948,defillama
2025-04-06,234349556721,defillama
2025-04-07,233895396193,defillama
2025-04-08,233512923224,defillama
2025-04-09,233134605158,defillama
2025-04-10,233253831825,defillama
2025-04-11,233097212169,defillama
2025-04-12,232966746113,defillama
2025-04-13,233328272061,defillama
2025-04-14,233126476930,defillama
2025-04-15,233086671939,defillama
2025-04-16,233533617271,defillama
2025-04-17,233709218722,defillama
2025-04-18,234224403912,defillama
2025-04-19,233690402739,defillama
2025-04-20,233740482710,defillama
2025-04-21,233918325438,defillama
2025-04-22,234087232697,defillama
2025-04-23,235288586554,defillama
2025-04-24,235810579235,defillama
2025-04-25,236865313104,defillama
2025-04-26,237491058483,defillama
2025-04-27,238124002235,defillama
2025-04-28,238843525984,defillama
2025-04-29,239542721662,defillama
2025-04-30,241010780299,defillama
2025-05-01,241273396701,defillama
2025-05-02,241425541566,defillama
2025-05-03,241840435914,defillama
2025-05-04,242214669627,defillama
2025-05-05,242180305178,defillama
2025-05-06,242060987388,defillama
2025-05-07,241286543589,defillama
2025-05-08,241424538250,defillama
2025-05-09,242061740178,defillama
2025-05-10,241944045692,defillama
2025-05-11,242163036475,defillama
2025-05-12,242170780308,defillama
2025-05-13,241631142006,defillama
2025-05-14,241484511028,defillama
2025-05-15,241897505693,defillama
2025-05-16,242457414694,defillama
2025-05-17,243000049798,defillama
2025-05-18,243057813733,defillama
2025-05-19,243205062616,defillama
2025-05-20,243143209035,defillama
2025-05-21,243463816614,defillama
2025-05-22,244488565383,defillama
2025-05-23,245009525715,defillama
2025-05-24,245332588188,defillama
2025-05-25,245626842516,defillama
2025-05-26,245636295101,defillama
2025-05-27,245875808011,defillama
2025-05-28,245650015592,defillama
2025-05-29,245646159870,defillama
2025-05-30,245823345399,defillama
2025-05-31,245978576263,defillama
2025-06-01,246104995024,defillama
2025-06-02,246357402802,defillama
2025-06-03,246989681504,defillama
2025-06-04,247676937900,defillama
2025-06-05,248083355185,defillama
2025-06-06,247871631646,defillama
2025-06-07,248537191481,defillama
2025-06-08,248874175747,defillama
2025-06-09,248887838274,defillama
2025-06-10,249238260288,defillama
2025-06-11,248979557794,defillama
2025-06-12,249541879869,defillama
2025-06-13,249494625283,defillama
2025-06-14,250301253003,defillama
2025-06-15,250221802501,defillama
2025-06-16,250168777492,defillama
2025-06-17,250078565049,defillama
2025-06-18,250258514482,defillama
2025-06-19,250293562584,defillama
2025-06-20,250182938865,defillama
2025-06-21,249967251300,defillama
2025-06-22,249956106810,defillama
2025-06-23,250134293383,defillama
2025-06-24,249584459697,defillama
2025-06-25,251352320182,defillama
2025-06-26,251175614458,defillama
2025-06-27,251341851775,defillama
2025-06-28,251658172384,defillama
2025-06-29,251986039955,defillama
2025-06-30,251981259025,defillama
2025-07-01,252254042408,defillama
2025-07-02,252518088474,defillama
2025-07-03,252916010780,defillama
2025-07-04,253221792568,defillama
2025-07-05,253373538411,defillama
2025-07-06,253601986924,defillama
2025-07-07,253632602362,defillama
2025-07-08,253809559807,defillama
2025-07-09,253740783483,defillama
2025-07-10,254206638802,defillama
2025-07-11,255356000389,defillama
2025-07-12,256309638099,defillama
2025-07-13,256581578591,defillama
2025-07-14,256738779975,defillama
2025-07-15,256379446769,defillama
2025-07-16,255354974941,defillama
2025-07-17,258049040472,defillama
2025-07-18,258850271641,defillama
2025-07-19,259312630117,defillama
2025-07-20,259666837715,defillama
2025-07-21,260043573930,defillama
2025-07-22,260496616024,defillama
2025-07-23,260984141949,defillama
2025-07-24,261993148918,defillama
2025-07-25,263136953970,defillama
2025-07-26,262937049456,defillama
2025-07-27,263546934062,defillama
2025-07-28,263901390163,defillama
2025-07-29,263861729558,defillama
2025-07-30,263916095124,defillama
2025-07-31,264557735385,defillama
2025-08-01,265092823697,defillama
2025-08-02,265357445884,defillama
2025-08-03,265363956566,defillama
2025-08-04,265919480359,defillama
2025-08-05,266412938714,defillama
2025-08-06,266565155662,defillama
2025-08-07,266689116530,defillama
2025-08-08,267619840150,defillama
2025-08-09,268214485385,defillama
2025-08-10,268937137462,defillama
2025-08-11,268316344514,defillama
2025-08-12,269050046931,defillama
2025-08-13,269916103592,defillama
2025-08-14,271559868004,defillama
2025-08-15,273207826642,defillama
2025-08-16,274727941421,defillama
2025-08-17,274685300022,defillama
2025-08-18,275503550108,defillama
2025-08-19,275525087430,defillama
2025-08-20,275483238732,defillama
2025-08-21,275885123200,defillama
2025-08-22,274766842070,defillama
2025-08-23,274670593540,defillama
2025-08-24,276010436080,defillama
2025-08-25,276081252682,defillama
2025-08-26,277936584490,defillama
2025-08-27,278214605075,defillama
2025-08-28,278755409692,defillama
2025-08-29,281126969967,defillama
2025-08-30,281300169945,defillama
2025-08-31,281662424982,defillama
2025-09-01,282404371290,defillama
2025-09-02,282402323614,defillama
2025-09-03,281554437284,defillama
2025-09-04,283410271970,defillama
2025-09-05,286035823015,defillama
2025-09-06,284482437157,defillama
2025-09-07,284542897470,defillama
2025-09-08,284309600540,defillama
2025-09-09,284470258148,defillama
2025-09-10,284971387102,defillama
2025-09-11,285084724014,defillama
2025-09-12,285878810507,defillama
2025-09-13,287259893129,defillama
2025-09-14,287971736677,defillama
2025-09-15,288000383920,defillama
2025-09-16,288305619800,defillama
2025-09-17,289103098543,defillama
2025-09-18,289298179453,defillama
2025-09-19,290415323496,defillama
2025-09-20,291204137091,defillama
2025-09-21,291413558874,defillama
2025-09-22,291409284716,defillama
2025-09-23,292284020132,defillama
2025-09-24,293110655644,defillama
2025-09-25,293909164554,defillama
2025-09-26,294064775768,defillama
2025-09-27,294802355221,defillama
2025-09-28,294999808376,defillama
2025-09-29,295239000684,defillama
2025-09-30,296051526810,defillama
2025-10-01,297474600277,defillama
2025-10-02,298375317178,defillama
2025-10-03,299559077393,defillama
2025-10-04,301086295007,defillama
2025-10-05,301613369081,defillama
2025-10-06,301147574971,defillama
2025-10-07,301821009761,defillama
2025-10-08,302614528563,defillama
2025-10-09,302630848537,defillama
2025-10-10,302852872878,defillama
2025-10-11,303181026137,defillama
2025-10-12,302742651305,defillama
2025-10-13,302799233388,defillama
2025-10-14,303686185891,defillama
2025-10-15,304918955407,defillama
2025-10-16,305734378424,defillama
2025-10-17,305803381780,defillama
2025-10-18,306073880586,defillama
2025-10-19,306099678921,defillama
2025-10-20,306375318223,defillama
2025-10-21,306334300116,defillama
2025-10-22,307367893746,defillama
2025-10-23,306771663388,defillama
2025-10-24,306966910881,defillama
2025-10-25,307591238218,defillama
2025-10-26,307350558383,defillama
2025-10-27,307209247509,defillama
2025-10-28,306858277797,defillama
2025-10-29,307040344040,defillama
2025-10-30,306317157048,defillama
2025-10-31,305936039561,defillama
2025-11-01,305964396563,defillama
2025-11-02,306116686148,defillama
2025-11-03,305863505596,defillama
2025-11-04,305813544622,defillama
2025-11-05,304641129901,defillama
2025-11-06,304479245789,defillama
2025-11-07,303828988078,defillama
2025-11-08,304175330888,defillama
2025-11-09,303638435833,defillama
2025-11-10,303579849048,defillama
2025-11-11,303791032165,defillama
2025-11-12,304155849035,defillama
2025-11-13,304195559172,defillama
2025-11-14,303652705002,defillama
2025-11-15,302970474279,defillama
2025-11-16,302850126150,defillama
2025-11-17,302507858977,defillama
2025-11-18,302135471451,defillama
2025-11-19,301995870151,defillama
2025-11-20,301775269883,defillama
2025-11-21,301718482604,defillama
2025-11-22,301437081161,defillama
2025-11-23,301617941012,defillama
2025-11-24,301376576419,defillama
2025-11-25,302689862302,defillama
2025-11-26,303253921090,defillama
2025-11-27,304078270709,defillama
2025-11-28,304503947715,defillama
2025-11-29,305061523517,defillama
2025-11-30,305225435426,defillama
2025-12-01,304917299321,defillama
2025-12-02,305766657819,defillama
2025-12-03,306550227147,defillama
2025-12-04,306501594456,defillama
2025-12-05,307013395553,defillama
2025-12-06,307216461767,defillama
2025-12-07,307170872366,defillama
2025-12-08,307365432754,defillama
2025-12-09,307718314850,defillama
2025-12-10,307878596200,defillama
2025-12-11,307979598889,defillama
2025-12-12,308951664862,defillama
2025-12-13,309028089667,defillama
2025-12-14,308909328506,defillama
2025-12-15,308609460040,defillama
2025-12-16,308395860733,defillama
2025-12-17,308385407794,defillama
2025-12-18,308316552736,defillama
2025-12-19,307768212358,defillama
2025-12-20,308259874261,defillama
2025-12-21,309331698393,defillama
2025-12-22,308100482946,defillama
2025-12-23,308189565734,defillama
2025-12-24,307797505219,defillama
2025-12-25,307292227985,defillama
2025-12-26,307461816754,defillama
2025-12-27,307392668935,defillama
2025-12-28,307271905089,defillama
2025-12-29,307116507825,defillama
2025-12-30,306997859490,defillama
2025-12-31,306661529478,defillama
2026-01-01,305918486001,defillama
2026-01-02,305947738296,defillama
2026-01-03,306728661822,defillama
2026-01-04,306625769142,defillama
2026-01-05,306966275955,defillama
2026-01-06,307516239089,defillama
2026-01-07,307093052478,defillama
2026-01-08,306835741530,defillama
2026-01-09,306478333516,defillama
2026-01-10,306796599653,defillama
2026-01-11,306657570177,defillama
2026-01-12,306657725856,defillama
2026-01-13,306118860970,defillama
2026-01-14,307633929751,defillama
2026-01-15,308538235246,defillama
2026-01-16,309403751027,defillama
2026-01-17,309974702522,defillama
2026-01-18,310256575678,defillama
2026-01-19,310072150521,defillama
2026-01-20,309868486136,defillama
2026-01-21,308173391931,defillama
2026-01-22,307646494550,defillama
2026-01-23,307354091568,defillama
2026-01-24,307765264261,defillama
2026-01-25,307740915590,defillama
2026-01-26,307686134442,defillama
2026-01-27,307124760223,defillama
2026-01-28,307059338862,defillama
2026-01-29,306746948022,defillama
2026-01-30,305422453438,defillama
2026-01-31,304364181496,defillama
2026-02-01,303754017728,defillama
2026-02-02,304080869681,defillama
2026-02-03,304321740691,defillama
2026-02-04,304546421053,defillama
2026-02-05,304611706598,defillama
2026-02-06,303897405142,defillama
2026-02-07,304238765262,defillama
2026-02-08,304780699505,defillama
2026-02-09,305978440965,defillama
2026-02-10,305696913148,defillama
2026-02-11,305274802454,defillama
2026-02-12,305171069519,defillama
2026-02-13,304960208545,defillama
2026-02-14,305831313145,defillama
2026-02-15,305940642927,defillama
2026-02-16,306080924594,defillama
2026-02-17,306313886193,defillama
2026-02-18,305928354091,defillama
2026-02-19,306185981662,defillama
2026-02-20,306194378869,defillama
2026-02-21,305746368463,defillama
2026-02-22,305676667628,defillama
2026-02-23,306838139296,defillama
2026-02-24,306646051361,defillama
2026-02-25,306889263532,defillama
2026-02-26,307519496151,defillama
2026-02-27,307024006277,defillama
2026-02-28,307311314610,defillama
2026-03-01,307603172429,defillama
2026-03-02,307221371341,defillama
2026-03-03,308327969928,defillama
2026-03-04,308582242430,defillama
2026-03-05,309533011261,defillama
2026-03-06,310568025020,defillama
2026-03-07,310751427889,defillama
2026-03-08,310772525571,defillama
2026-03-09,310931795185,defillama
2026-03-10,311967750925,defillama
2026-03-11,312282784885,defillama
2026-03-12,312592954483,defillama
2026-03-13,313216665638,defillama
2026-03-14,313674688795,defillama
2026-03-15,313630124596,defillama
2026-03-16,313599619287,defillama
2026-03-17,313665530287,defillama
2026-03-18,313799968208,defillama
2026-03-19,313333859587,defillama
2026-03-20,313677792409,defillama
2026-03-21,313842589982,defillama
2026-03-22,313841743583,defillama
2026-03-23,313806377050,defillama
2026-03-24,313242913604,defillama
2026-03-25,313364079656,defillama
2026-03-26,313476621299,defillama
2026-03-27,312983328639,defillama
2026-03-28,312842356158,defillama
2026-03-29,312768581170,defillama
2026-03-30,312894474600,defillama
2026-03-31,313170485799,defillama
2026-04-01,313936912652,defillama
2026-04-02,314163658962,defillama
2026-04-03,314436464431,defillama
2026-04-04,314835669426,defillama
2026-04-05,314762562027,defillama
2026-04-06,314778032679,defillama
2026-04-07,314297465901,defillama
2026-04-08,315000454667,defillama
2026-04-09,315025048716,defillama
2026-04-10,315441105957,defillama
2026-04-11,316150489820,defillama
2026-04-12,316231256277,defillama
2026-04-13,316326120350,defillama
2026-04-14,316465721743,defillama
2026-04-15,317511375242,defillama
2026-04-16,317557894914,defillama
2026-04-17,318060241864,defillama
2026-04-18,318903438024,defillama
2026-04-19,319068967627,defillama
2026-04-20,318145348571,defillama
2026-04-21,318203061257,defillama
2026-04-22,318925512394,defillama
2026-04-23,318532544321,defillama
2026-04-24,318264839250,defillama
2026-04-25,318090708254,defillama
2026-04-26,318197287628,defillama
2026-04-27,318179043089,defillama
2026-04-28,317963997628,defillama
2026-04-29,318094222624,defillama
2026-04-30,317297326439,defillama
2026-05-01,317984250383,defillama
2026-05-02,318213568649,defillama
2026-05-03,318282689565,defillama
2026-05-04,318625653870,defillama
2026-05-05,319158807111,defillama
2026-05-06,320048955023,defillama
2026-05-07,320318535922,defillama
2026-05-08,320580511551,defillama
2026-05-09,319224960721,defillama
2026-05-10,319962236474,defillama
2026-05-11,320244557993,defillama
2026-05-12,320452357591,defillama
2026-05-13,320207244206,defillama
2026-05-14,319777082017,defillama
2026-05-15,319893061516,defillama
2026-05-16,320573242931,defillama
2026-05-17,320869531836,defillama
2026-05-18,320771166041,defillama
2026-05-19,320526923818,defillama
2026-05-20,320016587314,defillama
2026-05-21,319515611314,defillama
2026-05-22,320278677461,defillama
2026-05-23,320342139219,defillama
2026-05-24,320278897788,defillama
2026-05-25,320015527739,defillama
2026-05-26,320169136872,defillama
2026-05-27,319828193570,defillama
2026-05-28,319212213859,defillama
2026-05-29,318262731668,defillama
2026-05-30,317829817201,defillama
2026-05-31,317595249365,defillama
2026-06-01,317385185706,defillama
2026-06-02,317385503661,defillama
2026-06-03,316700365315,defillama
2026-06-04,315966148155,defillama
2026-06-05,314653438925,defillama
2026-06-06,314085491653,defillama
2026-06-07,313614178479,defillama
2026-06-08,313741131602,defillama
2026-06-09,314197547302,defillama
2026-06-10,313220496690,defillama
2026-06-11,313127388561,defillama
2026-06-12,312983506664,defillama
2026-06-13,312589097831,defillama
2026-06-14,312647643357,defillama
2026-06-15,312549837466,defillama
2026-06-16,313001115638,defillama
2026-06-17,312879379112,defillama
2026-06-18,312533566610,defillama
2026-06-19,312708910963,defillama
2026-06-20,312737430016,defillama
2026-06-21,312796350957,defillama
2026-06-22,312864922392,defillama
2026-06-23,312899232529,defillama
2026-06-24,312266306496,defillama
2026-06-25,311901110370,defillama
2026-06-26,312009003058,defillama
2026-06-27,310598993822,defillama
2026-06-28,310593069864,defillama
2026-06-29,310252129042,defillama
2026-06-30,309582693182,defillama
2026-07-01,308836886461,defillama
2026-07-02,308981113751,defillama
2026-07-03,308769351269,defillama
2026-07-04,308612218184,defillama
2026-07-05,308517464362,defillama
2026-07-06,309508945312,defillama
2026-07-07,309044994131,defillama
2026-07-08,308343758088,defillama
2026-07-09,308347570022,defillama
2026-07-10,309233489619,defillama
2026-07-11,309607715758,defillama
2026-07-12,309535444717,defillama
2026-07-13,309277318391,defillama
2026-07-14,308016832196,defillama
2026-07-15,308292430608,defillama
2026-07-16,307582837211,defillama
2026-07-17,307810254260,defillama
2026-07-18,308064542359,defillama
2026-07-19,308110717673,defillama
2026-07-20,307939739858,defillama
2026-07-21,307693005547,defillama
2026-07-22,307878873214,defillama
2026-07-23,307512780542,defillama
2026-07-24,308352893456,defillama
2026-07-25,308389063212,defillama
2026-07-26,308223755032,defillama
2026-07-27,307824354205,defillama
2026-07-28,306725454476,defillama
2026-07-29,306392609446,defillama
2026-07-30,306126746930,defillama
2026-07-31,305374331907,defillama
2026-08-01,305400766678,defillama
2026-08-02,305311820510,defillama
2026-08-03,305201591093,defillama
2026-08-04,305460774720,defillama
2026-08-05,305659303403,defillama
2026-08-06,305826696016,defillama
2026-08-07,305971430710,defillama
2026-08-08,306008417583,defillama
2026-08-09,306005150228,defillama
2026-08-10,306077939952,defillama
2026-08-11,305161605824,defillama
2026-08-12,306101952541,defillama
2026-08-13,306202522199,defillama
2026-08-14,306104250965,defillama
2026-08-15,306260299664,defillama
2026-08-16,306162961450,defillama
2026-08-17,306163526363,defillama
2026-08-18,306271746868,defillama
2026-08-19,306249000253,defillama
2026-08-20,306942863690,defillama
2026-08-21,307915493988,defillama
2026-08-22,308186279650,defillama
2026-08-23,308304463016,defillama
2026-08-24,308386900230,defillama
2026-08-25,308519546397,defillama
2026-08-26,308799470975,defillama
2026-08-27,309124252100,defillama
2026-08-28,309180274228,defillama
2026-08-29,308809445182,defillama
2026-08-30,308719080122,defillama
2026-08-31,308837981914,defillama
2026-09-01,308793547553,defillama
2026-09-02,308765851777,defillama
2026-09-03,309130301385,defillama
2026-09-04,310176119112,defillama
2026-09-05,310363903537,defillama
2026-09-06,310429008257,defillama
2026-09-07,310455695432,defillama
2026-09-08,310320407526,defillama
2026-09-09,310558010979,defillama
2026-09-10,310403478758,defillama
2026-09-11,310047720998,defillama
2026-09-12,310233106315,defillama
2026-09-13,310213510596,defillama
2026-09-14,310099755482,defillama
2026-09-15,310286070987,defillama
2026-09-16,309519343577,defillama
2026-09-17,309507143418,defillama
2026-09-18,309519353146,defillama
2026-09-19,310016997435,defillama
2026-09-20,309993889506,defillama
2026-09-21,310176316366,defillama
2026-09-22,311848976661,defillama
2026-09-23,311720059313,defillama
2026-09-24,310964409739,defillama
2026-09-25,312317650053,defillama
2026-09-26,311596289877,defillama
