date,lth_pl_price,lth_pl_flow_btc
2010-07-17,0.0495,0.0
2010-07-18,0.0499,0.005
2010-07-19,0.0502,0.0032
2010-07-20,0.0503,0.0012
2010-07-21,0.0505,0.0027
2010-07-22,0.0504,-0.0024
2010-07-23,0.0504,0.001
2010-07-24,0.0505,0.0005
2010-07-25,0.0504,-0.0004
2010-07-26,0.0506,0.0024
2010-07-27,0.0506,0.0011
2010-07-28,0.0507,0.001
2010-07-29,0.0508,0.0011
2010-07-30,0.0508,0.0006
2010-07-31,0.0509,0.0014
2010-08-01,0.051,0.0011
2010-08-02,0.051,0.0002
2010-08-03,0.051,0.0003
2010-08-04,0.051,0.0005
2010-08-05,0.0511,0.0005
2010-08-06,0.0511,0.0006
2010-08-07,0.0511,0.0006
2010-08-08,0.0512,0.0008
2010-08-09,0.0514,0.0029
2010-08-10,0.0515,0.0013
2010-08-11,0.0515,0.0007
2010-08-12,0.0516,0.001
2010-08-13,0.0517,0.0008
2010-08-14,0.0517,0.001
2010-08-15,0.0518,0.0006
2010-08-16,0.0518,0.0009
2010-08-17,0.0519,0.0009
2010-08-18,0.0519,0.0009
2010-08-19,0.052,0.0004
2010-08-20,0.052,0.0006
2010-08-21,0.0521,0.0009
2010-08-22,0.0521,0.0009
2010-08-23,0.0522,0.0005
2010-08-24,0.0522,0.0006
2010-08-25,0.0522,0.0006
2010-08-26,0.0523,0.0005
2010-08-27,0.0523,0.0008
2010-08-28,0.0523,0.0003
2010-08-29,0.0524,0.0003
2010-08-30,0.0524,0.0005
2010-08-31,0.0524,0.0001
2010-09-01,0.0524,0.0003
2010-09-02,0.0524,0.0003
2010-09-03,0.0524,0.0002
2010-09-04,0.0525,0.0003
2010-09-05,0.0525,0.0007
2010-09-06,0.0525,-0.0
2010-09-07,0.0525,0.0001
2010-09-08,0.0525,0.0003
2010-09-09,0.0526,0.0006
2010-09-10,0.0526,0.0005
2010-09-11,0.0526,0.0003
2010-09-12,0.0526,0.0003
2010-09-13,0.0527,0.0005
2010-09-14,0.0527,0.0003
2010-09-15,0.0527,-0.0003
2010-09-16,0.0527,0.0008
2010-09-17,0.0529,0.0031
2010-09-18,0.0529,0.0003
2010-09-19,0.053,0.0006
2010-09-20,0.053,0.0003
2010-09-21,0.053,0.0003
2010-09-22,0.053,0.0005
2010-09-23,0.0531,0.0005
2010-09-24,0.0531,0.0004
2010-09-25,0.0531,0.0006
2010-09-26,0.0532,0.0003
2010-09-27,0.0533,0.0024
2010-09-28,0.0537,0.0071
2010-09-29,0.0538,0.0003
2010-09-30,0.0538,0.0001
2010-10-01,0.054,0.0036
2010-10-02,0.0543,0.0043
2010-10-03,0.0543,0.0001
2010-10-04,0.0543,0.0002
2010-10-05,0.0545,0.0034
2010-10-06,0.0545,0.0006
2010-10-07,0.0547,0.0021
2010-10-08,0.0553,0.0071
2010-10-09,0.0561,0.0087
2010-10-10,0.0565,0.0045
2010-10-11,0.0568,0.0034
2010-10-12,0.057,0.0017
2010-10-13,0.0578,0.0073
2010-10-14,0.0581,0.003
2010-10-15,0.0588,0.0068
2010-10-16,0.0595,0.0072
2010-10-17,0.0597,0.0018
2010-10-18,0.0599,0.002
2010-10-19,0.06,0.001
2010-10-20,0.0602,0.0021
2010-10-21,0.0609,0.0066
2010-10-22,0.061,0.0008
2010-10-23,0.0612,0.0016
2010-10-24,0.0617,0.0048
2010-10-25,0.0623,0.004
2010-10-26,0.0631,0.0054
2010-10-27,0.0648,0.009
2010-10-28,0.0668,0.012
2010-10-29,0.0675,0.0037
2010-10-30,0.0683,0.0038
2010-10-31,0.0691,0.0042
2010-11-01,0.0696,0.0029
2010-11-02,0.0703,0.0035
2010-11-03,0.0708,0.0026
2010-11-04,0.0736,0.0121
2010-11-05,0.0748,0.0047
2010-11-06,0.0814,0.0168
2010-11-07,0.0829,0.0045
2010-11-08,0.0852,0.0095
2010-11-09,0.0858,0.0027
2010-11-10,0.0862,0.0016
2010-11-11,0.0865,0.0017
2010-11-12,0.087,0.0017
2010-11-13,0.0879,0.0034
2010-11-14,0.0891,0.0041
2010-11-15,0.0942,0.019
2010-11-16,0.0945,0.0012
2010-11-17,0.0949,0.0018
2010-11-18,0.0956,0.0026
2010-11-19,0.0964,0.003
2010-11-20,0.0972,0.0028
2010-11-21,0.0975,0.0012
2010-11-22,0.098,0.0017
2010-11-23,0.0986,0.0021
2010-11-24,0.0995,0.0031
2010-11-25,0.1005,0.0037
2010-11-26,0.1015,0.0035
2010-11-27,0.1021,0.0019
2010-11-28,0.1024,0.0013
2010-11-29,0.1025,0.0004
2010-11-30,0.1028,0.0011
2010-12-01,0.1028,0.0004
2010-12-02,0.1043,0.0058
2010-12-03,0.1046,0.0012
2010-12-04,0.1046,-0.0002
2010-12-05,0.1049,0.0017
2010-12-06,0.106,0.0054
2010-12-07,0.1073,0.0055
2010-12-08,0.1077,0.0016
2010-12-09,0.1078,0.0007
2010-12-10,0.1081,0.0012
2010-12-11,0.1084,0.0013
2010-12-12,0.1086,0.001
2010-12-13,0.1091,0.0024
2010-12-14,0.1093,0.0008
2010-12-15,0.1099,0.0024
2010-12-16,0.1102,0.0013
2010-12-17,0.1104,0.0006
2010-12-18,0.1107,0.0012
2010-12-19,0.1109,0.0008
2010-12-20,0.1121,0.0046
2010-12-21,0.1152,0.013
2010-12-22,0.1155,0.001
2010-12-23,0.1157,0.001
2010-12-24,0.1159,0.0008
2010-12-25,0.1163,0.0014
2010-12-26,0.1166,0.0012
2010-12-27,0.117,0.0016
2010-12-28,0.1174,0.0016
2010-12-29,0.119,0.005
2010-12-30,0.1195,0.0017
2010-12-31,0.1199,0.0013
2011-01-01,0.1202,0.0012
2011-01-02,0.121,0.0025
2011-01-03,0.1215,0.0016
2011-01-04,0.1217,0.001
2011-01-05,0.1222,0.0014
2011-01-06,0.1226,0.0016
2011-01-07,0.1232,0.0019
2011-01-08,0.124,0.0024
2011-01-09,0.1245,0.0015
2011-01-10,0.1258,0.0041
2011-01-11,0.1304,0.014
2011-01-12,0.1307,0.0012
2011-01-13,0.1321,0.0042
2011-01-14,0.1339,0.0045
2011-01-15,0.1345,0.0016
2011-01-16,0.1357,0.0033
2011-01-17,0.1366,0.0024
2011-01-18,0.1369,0.0009
2011-01-19,0.1385,0.0053
2011-01-20,0.1395,0.0026
2011-01-21,0.1406,0.0026
2011-01-22,0.1419,0.0029
2011-01-23,0.144,0.0048
2011-01-24,0.1453,0.003
2011-01-25,0.146,0.0018
2011-01-26,0.1485,0.0058
2011-01-27,0.1647,0.0385
2011-01-28,0.1666,0.0042
2011-01-29,0.1697,0.007
2011-01-30,0.1706,0.002
2011-01-31,0.1737,0.0058
2011-02-01,0.179,0.0076
2011-02-02,0.1851,0.0085
2011-02-03,0.1868,0.0025
2011-02-04,0.1901,0.004
2011-02-05,0.1944,0.0048
2011-02-06,0.1996,0.0058
2011-02-07,0.2088,0.0103
2011-02-08,0.2109,0.0022
2011-02-09,0.2188,0.0073
2011-02-10,0.2228,0.0041
2011-02-11,0.2313,0.0079
2011-02-12,0.2345,0.003
2011-02-13,0.2377,0.003
2011-02-14,0.2543,0.0154
2011-02-15,0.2569,0.0025
2011-02-16,0.2593,0.0024
2011-02-17,0.2615,0.0021
2011-02-18,0.2641,0.0029
2011-02-19,0.2661,0.002
2011-02-20,0.2676,0.0018
2011-02-21,0.2691,0.0018
2011-02-22,0.2711,0.0023
2011-02-23,0.2731,0.0022
2011-02-24,0.2766,0.0035
2011-02-25,0.2782,0.0018
2011-02-26,0.287,0.0092
2011-02-27,0.2913,0.0048
2011-02-28,0.2942,0.0033
2011-03-01,0.3266,0.0352
2011-03-02,0.3289,0.0025
2011-03-03,0.3304,0.0016
2011-03-04,0.332,0.0018
2011-03-05,0.3358,0.0042
2011-03-06,0.3371,0.0014
2011-03-07,0.338,0.001
2011-03-08,0.3395,0.0017
2011-03-09,0.3402,0.0008
2011-03-10,0.3415,0.0014
2011-03-11,0.3425,0.0011
2011-03-12,0.3455,0.0032
2011-03-13,0.3468,0.0015
2011-03-14,0.3496,0.0031
2011-03-15,0.3513,0.002
2011-03-16,0.3571,0.0067
2011-03-17,0.3589,0.0022
2011-03-18,0.3592,0.0004
2011-03-19,0.3596,0.0006
2011-03-20,0.3599,0.0004
2011-03-21,0.3611,0.0016
2011-03-22,0.3615,0.0005
2011-03-23,0.3635,0.0023
2011-03-24,0.368,0.0052
2011-03-25,0.3691,0.0013
2011-03-26,0.372,0.0034
2011-03-27,0.3733,0.0015
2011-03-28,0.3743,0.0012
2011-03-29,0.3748,0.0007
2011-03-30,0.3751,0.0003
2011-03-31,0.3757,0.0008
2011-04-01,0.3764,0.001
2011-04-02,0.3769,0.0005
2011-04-03,0.3775,0.0009
2011-04-04,0.3813,0.0056
2011-04-05,0.3825,0.0017
2011-04-06,0.3832,0.0009
2011-04-07,0.384,0.0011
2011-04-08,0.3849,0.0011
2011-04-09,0.3853,0.0006
2011-04-10,0.3857,0.0005
2011-04-11,0.3865,0.001
2011-04-12,0.3879,0.0016
2011-04-13,0.3905,0.0028
2011-04-14,0.3934,0.0029
2011-04-15,0.3981,0.0048
2011-04-16,0.4034,0.005
2011-04-17,0.4061,0.0024
2011-04-18,0.4126,0.0056
2011-04-19,0.4183,0.0048
2011-04-20,0.4218,0.0031
2011-04-21,0.4246,0.0023
2011-04-22,0.4319,0.0052
2011-04-23,0.4455,0.008
2011-04-24,0.4538,0.0051
2011-04-25,0.4601,0.004
2011-04-26,0.4667,0.0037
2011-04-27,0.4774,0.0056
2011-04-28,0.4935,0.0073
2011-04-29,0.5997,0.0369
2011-04-30,0.6958,0.0275
2011-05-01,0.7151,0.0064
2011-05-02,0.7321,0.0053
2011-05-03,0.7609,0.0084
2011-05-04,0.8167,0.0164
2011-05-05,0.8309,0.0042
2011-05-06,0.8625,0.0092
2011-05-07,0.8776,0.0041
2011-05-08,0.8913,0.0035
2011-05-09,0.9118,0.0054
2011-05-10,0.988,0.0132
2011-05-11,1.0531,0.0118
2011-05-12,1.2047,0.0241
2011-05-13,1.3986,0.0237
2011-05-14,1.5245,0.0178
2011-05-15,1.5929,0.0098
2011-05-16,1.8144,0.0278
2011-05-17,1.8683,0.0075
2011-05-18,1.9081,0.0058
2011-05-19,1.9546,0.0068
2011-05-20,1.9948,0.0072
2011-05-21,1.926,-0.0112
2011-05-22,1.9796,0.008
2011-05-23,2.0206,0.0057
2011-05-24,2.0778,0.0077
2011-05-25,2.1295,0.0062
2011-05-26,2.1841,0.0062
2011-05-27,2.312,0.0151
2011-05-28,2.3353,0.0028
2011-05-29,2.3566,0.0025
2011-05-30,2.412,0.0063
2011-05-31,2.4523,0.0046
2011-06-01,2.4938,0.0043
2011-06-02,2.6286,0.0127
2011-06-03,3.0009,0.0261
2011-06-04,3.1565,0.0083
2011-06-05,3.4771,0.0193
2011-06-06,4.0761,0.0325
2011-06-07,4.2511,0.0073
2011-06-08,5.3458,0.037
2011-06-09,5.9893,0.0222
2011-06-10,6.5172,0.022
2011-06-11,6.7609,0.0166
2011-06-12,7.337,0.0311
2011-06-13,7.7424,0.0204
2011-06-14,8.7288,0.051
2011-06-15,9.7546,0.0526
2011-06-16,10.213,0.027
2011-06-17,10.2453,0.0021
2011-06-18,10.2941,0.0029
2011-06-19,10.0847,-0.012
2011-06-20,10.1223,0.0021
2011-06-21,10.1747,0.003
2011-06-22,10.239,0.0037
2011-06-23,10.3687,0.0074
2011-06-24,10.4284,0.0034
2011-06-25,10.4522,0.0014
2011-06-26,10.6559,0.0124
2011-06-27,10.8665,0.0126
2011-06-28,11.0062,0.0082
2011-06-29,11.0933,0.0052
2011-06-30,11.1591,0.0041
2011-07-01,11.1704,0.0007
2011-07-02,11.1687,-0.0001
2011-07-03,11.1898,0.0014
2011-07-04,11.192,0.0002
2011-07-05,11.2482,0.0043
2011-07-06,11.2513,0.0002
2011-07-07,11.2785,0.0018
2011-07-08,11.2752,-0.0002
2011-07-09,11.2742,-0.0001
2011-07-10,11.4058,0.0088
2011-07-11,11.4482,0.003
2011-07-12,11.457,0.0006
2011-07-13,11.4661,0.0007
2011-07-14,11.477,0.0008
2011-07-15,11.4823,0.0004
2011-07-16,11.4784,-0.0003
2011-07-17,11.4826,0.0003
2011-07-18,11.2896,-0.0143
2011-07-19,11.3138,0.0017
2011-07-20,11.3251,0.0008
2011-07-21,11.3245,-0.0
2011-07-22,11.3241,-0.0
2011-07-23,11.3229,-0.0001
2011-07-24,11.3335,0.0008
2011-07-25,11.3333,-0.0
2011-07-26,11.3468,0.001
2011-07-27,11.3605,0.001
2011-07-28,11.3611,0.0
2011-07-29,11.3742,0.001
2011-07-30,11.3919,0.0013
2011-07-31,11.3841,-0.0006
2011-08-01,11.3708,-0.001
2011-08-02,11.336,-0.0029
2011-08-03,11.05,-0.0309
2011-08-04,10.8858,-0.0153
2011-08-05,10.8814,-0.0005
2011-08-06,10.8128,-0.0105
2011-08-07,10.7563,-0.0071
2011-08-08,10.6419,-0.0146
2011-08-09,10.6545,0.0013
2011-08-10,10.6494,-0.0005
2011-08-11,10.6411,-0.0009
2011-08-12,10.6373,-0.0004
2011-08-13,10.643,0.0006
2011-08-14,10.6244,-0.0017
2011-08-15,10.6388,0.0013
2011-08-16,10.6346,-0.0004
2011-08-17,10.6406,0.0005
2011-08-18,10.6471,0.0006
2011-08-19,10.6476,0.0
2011-08-20,10.6475,-0.0
2011-08-21,10.6491,0.0001
2011-08-22,10.6539,0.0004
2011-08-23,10.6467,-0.0007
2011-08-24,10.6487,0.0002
2011-08-25,10.8469,0.0202
2011-08-26,10.8988,0.0063
2011-08-27,10.531,-0.0428
2011-08-28,10.5395,0.0009
2011-08-29,10.5814,0.0047
2011-08-30,10.5774,-0.0005
2011-08-31,10.572,-0.0007
2011-09-01,10.5561,-0.0019
2011-09-02,10.5626,0.0008
2011-09-03,10.5612,-0.0002
2011-09-04,10.5338,-0.0033
2011-09-05,10.5265,-0.001
2011-09-06,10.514,-0.0018
2011-09-07,10.5071,-0.001
2011-09-08,10.4939,-0.002
2011-09-09,10.5189,0.005
2011-09-10,10.5051,-0.0029
2011-09-11,10.2703,-0.048
2011-09-12,10.2562,-0.0023
2011-09-13,10.234,-0.0038
2011-09-14,10.2514,0.0031
2011-09-15,10.2382,-0.0027
2011-09-16,10.2197,-0.0038
2011-09-17,10.2107,-0.0019
2011-09-18,10.203,-0.0015
2011-09-19,10.1944,-0.0016
2011-09-20,10.1954,0.0002
2011-09-21,10.1914,-0.0007
2011-09-22,10.1751,-0.003
2011-09-23,10.171,-0.0007
2011-09-24,10.1623,-0.0016
2011-09-25,10.1217,-0.0076
2011-09-26,10.103,-0.0039
2011-09-27,10.0937,-0.0019
2011-09-28,10.0841,-0.002
2011-09-29,10.0687,-0.0032
2011-09-30,10.0618,-0.0013
2011-10-01,10.0459,-0.0032
2011-10-02,10.0301,-0.0032
2011-10-03,10.0164,-0.0027
2011-10-04,10.0078,-0.0017
2011-10-05,9.9942,-0.0028
2011-10-06,9.9091,-0.018
2011-10-07,9.8896,-0.0046
2011-10-08,9.8755,-0.0035
2011-10-09,9.8643,-0.0027
2011-10-10,9.857,-0.0018
2011-10-11,9.8261,-0.0078
2011-10-12,9.8021,-0.0058
2011-10-13,9.7879,-0.0035
2011-10-14,9.7725,-0.0039
2011-10-15,9.7599,-0.0033
2011-10-16,9.7515,-0.0023
2011-10-17,9.7378,-0.0054
2011-10-18,9.7148,-0.0095
2011-10-19,9.6671,-0.021
2011-10-20,9.6551,-0.0051
2011-10-21,9.6417,-0.0052
2011-10-22,9.624,-0.0056
2011-10-23,9.6135,-0.0033
2011-10-24,9.6003,-0.0052
2011-10-25,9.5866,-0.0049
2011-10-26,9.557,-0.0107
2011-10-27,9.55,-0.0023
2011-10-28,9.5416,-0.0026
2011-10-29,9.532,-0.0027
2011-10-30,9.5312,-0.0003
2011-10-31,9.5116,-0.006
2011-11-01,9.4959,-0.005
2011-11-02,9.4729,-0.0071
2011-11-03,9.4553,-0.0056
2011-11-04,9.4438,-0.0037
2011-11-05,9.3683,-0.0254
2011-11-06,9.3461,-0.0075
2011-11-07,9.3214,-0.0082
2011-11-08,9.3037,-0.0058
2011-11-09,9.134,-0.0575
2011-11-10,9.0806,-0.0187
2011-11-11,9.0409,-0.0129
2011-11-12,9.0263,-0.0048
2011-11-13,9.0086,-0.0059
2011-11-14,8.9801,-0.0129
2011-11-15,8.9679,-0.0052
2011-11-16,8.4495,-0.2025
2011-11-17,8.4127,-0.0164
2011-11-18,8.3192,-0.0456
2011-11-19,8.2928,-0.012
2011-11-20,8.2844,-0.0038
2011-11-21,8.2208,-0.0277
2011-11-22,8.2149,-0.0025
2011-11-23,8.1853,-0.0127
2011-11-24,8.1748,-0.0043
2011-11-25,8.1753,0.0002
2011-11-26,8.1307,-0.018
2011-11-27,8.118,-0.0051
2011-11-28,8.0594,-0.023
2011-11-29,8.0472,-0.0044
2011-11-30,8.0564,0.0031
2011-12-01,8.0505,-0.0019
2011-12-02,8.037,-0.0043
2011-12-03,7.9841,-0.0189
2011-12-04,7.9577,-0.0093
2011-12-05,7.9536,-0.0014
2011-12-06,7.9513,-0.0008
2011-12-07,7.9093,-0.014
2011-12-08,7.9061,-0.0011
2011-12-09,7.9034,-0.0009
2011-12-10,7.8966,-0.0022
2011-12-11,7.9108,0.0044
2011-12-12,7.8997,-0.0035
2011-12-13,7.8891,-0.0033
2011-12-14,7.8744,-0.0047
2011-12-15,7.8669,-0.0023
2011-12-16,7.8651,-0.0006
2011-12-17,7.8566,-0.0027
2011-12-18,7.8506,-0.0019
2011-12-19,7.8602,0.0027
2011-12-20,7.881,0.0053
2011-12-21,7.881,0.0
2011-12-22,7.8811,0.0
2011-12-23,7.88,-0.0003
2011-12-24,7.8714,-0.0022
2011-12-25,7.8561,-0.0036
2011-12-26,7.8558,-0.0001
2011-12-27,7.8506,-0.0013
2011-12-28,7.8504,-0.0
2011-12-29,7.8458,-0.0011
2011-12-30,7.8387,-0.0017
2011-12-31,7.8407,0.0004
2012-01-01,7.8431,0.0005
2012-01-02,7.8168,-0.005
2012-01-03,7.8182,0.0003
2012-01-04,7.8241,0.0011
2012-01-05,7.8707,0.0067
2012-01-06,7.9041,0.005
2012-01-07,7.9135,0.0014
2012-01-08,7.9279,0.002
2012-01-09,7.9422,0.0023
2012-01-10,7.8997,-0.0066
2012-01-11,7.9099,0.0015
2012-01-12,7.9733,0.0093
2012-01-13,7.9824,0.0014
2012-01-14,7.9859,0.0005
2012-01-15,7.9843,-0.0002
2012-01-16,7.9867,0.0004
2012-01-17,7.9842,-0.0004
2012-01-18,7.9736,-0.0018
2012-01-19,7.9834,0.0015
2012-01-20,7.9821,-0.0002
2012-01-21,7.9627,-0.0031
2012-01-22,7.9623,-0.0001
2012-01-23,7.963,0.0001
2012-01-24,7.964,0.0002
2012-01-25,7.9614,-0.0005
2012-01-26,7.9403,-0.004
2012-01-27,7.8962,-0.0083
2012-01-28,7.8896,-0.0012
2012-01-29,7.8828,-0.0013
2012-01-30,7.8785,-0.0008
2012-01-31,7.8651,-0.0024
2012-02-01,7.8659,0.0001
2012-02-02,7.8682,0.0004
2012-02-03,7.866,-0.0004
2012-02-04,7.8615,-0.0008
2012-02-05,7.8577,-0.0007
2012-02-06,7.843,-0.0027
2012-02-07,7.8404,-0.0005
2012-02-08,7.8366,-0.0007
2012-02-09,7.8228,-0.0024
2012-02-10,7.814,-0.0015
2012-02-11,7.8474,0.006
2012-02-12,7.8452,-0.0004
2012-02-13,7.7621,-0.0158
2012-02-14,7.6765,-0.0192
2012-02-15,7.6598,-0.0039
2012-02-16,7.635,-0.0058
2012-02-17,7.6229,-0.0028
2012-02-18,7.594,-0.0068
2012-02-19,7.5853,-0.002
2012-02-20,7.5778,-0.0017
2012-02-21,7.5682,-0.0022
2012-02-22,7.5603,-0.0018
2012-02-23,7.5618,0.0003
2012-02-24,7.5631,0.0003
2012-02-25,7.5647,0.0003
2012-02-26,7.5617,-0.0006
2012-02-27,7.5614,-0.0001
2012-02-28,7.5614,-0.0
2012-02-29,7.4724,-0.0183
2012-03-01,7.4712,-0.0002
2012-03-02,7.4628,-0.0018
2012-03-03,7.4583,-0.001
2012-03-04,7.4548,-0.0007
2012-03-05,7.4536,-0.0003
2012-03-06,7.4532,-0.0001
2012-03-07,7.4517,-0.0003
2012-03-08,7.4467,-0.001
2012-03-09,7.444,-0.0006
2012-03-10,7.4373,-0.0014
2012-03-11,7.4262,-0.0023
2012-03-12,7.422,-0.0009
2012-03-13,7.4253,0.0006
2012-03-14,7.4309,0.0011
2012-03-15,7.4332,0.0004
2012-03-16,7.4413,0.0015
2012-03-17,7.4387,-0.0005
2012-03-18,7.4258,-0.0025
2012-03-19,7.416,-0.0021
2012-03-20,7.3987,-0.0036
2012-03-21,7.3751,-0.0049
2012-03-22,7.3653,-0.0021
2012-03-23,7.3708,0.0012
2012-03-24,7.3571,-0.003
2012-03-25,7.3479,-0.002
2012-03-26,7.3373,-0.0023
2012-03-27,7.3315,-0.0012
2012-03-28,7.3296,-0.0004
2012-03-29,7.3149,-0.0031
2012-03-30,7.1544,-0.033
2012-03-31,7.1504,-0.0008
2012-04-01,7.1397,-0.0022
2012-04-02,7.1393,-0.0001
2012-04-03,7.1016,-0.0076
2012-04-04,7.102,0.0001
2012-04-05,7.1032,0.0002
2012-04-06,7.1075,0.0009
2012-04-07,7.103,-0.001
2012-04-08,7.1008,-0.0004
2012-04-09,7.1044,0.0007
2012-04-10,7.1007,-0.0008
2012-04-11,7.1016,0.0002
2012-04-12,7.0657,-0.0073
2012-04-13,7.067,0.0003
2012-04-14,7.0676,0.0001
2012-04-15,7.0706,0.0006
2012-04-16,7.0757,0.001
2012-04-17,7.0728,-0.0006
2012-04-18,7.0754,0.0005
2012-04-19,6.9979,-0.0151
2012-04-20,7.0021,0.0008
2012-04-21,6.9976,-0.0009
2012-04-22,7.0001,0.0005
2012-04-23,6.9873,-0.0026
2012-04-24,6.9812,-0.0012
2012-04-25,7.039,0.0113
2012-04-26,7.0222,-0.0033
2012-04-27,7.0193,-0.0006
2012-04-28,7.0153,-0.0008
2012-04-29,7.0013,-0.0029
2012-04-30,6.9696,-0.0064
2012-05-01,6.9654,-0.0008
2012-05-02,6.9633,-0.0004
2012-05-03,6.9624,-0.0002
2012-05-04,6.9611,-0.0003
2012-05-05,6.9593,-0.0004
2012-05-06,6.9331,-0.0052
2012-05-07,6.9314,-0.0003
2012-05-08,6.925,-0.0013
2012-05-09,6.9258,0.0002
2012-05-10,6.9245,-0.0003
2012-05-11,6.9144,-0.002
2012-05-12,6.9573,0.0087
2012-05-13,6.9445,-0.0026
2012-05-14,6.9412,-0.0007
2012-05-15,6.9374,-0.0008
2012-05-16,6.9247,-0.0025
2012-05-17,6.9048,-0.0039
2012-05-18,6.8817,-0.0045
2012-05-19,6.877,-0.0009
2012-05-20,6.8315,-0.009
2012-05-21,6.7953,-0.0071
2012-05-22,6.788,-0.0014
2012-05-23,6.7793,-0.0017
2012-05-24,6.7401,-0.0077
2012-05-25,6.7348,-0.001
2012-05-26,6.6996,-0.0069
2012-05-27,6.7029,0.0006
2012-05-28,6.7008,-0.0004
2012-05-29,6.6988,-0.0004
2012-05-30,6.6968,-0.0004
2012-05-31,6.645,-0.01
2012-06-01,6.6465,0.0003
2012-06-02,6.647,0.0001
2012-06-03,6.6462,-0.0002
2012-06-04,6.627,-0.0037
2012-06-05,6.6322,0.001
2012-06-06,6.6337,0.0003
2012-06-07,6.636,0.0004
2012-06-08,6.6396,0.0006
2012-06-09,6.6401,0.0001
2012-06-10,6.6386,-0.0003
2012-06-11,6.6394,0.0001
2012-06-12,6.6301,-0.0016
2012-06-13,6.6351,0.0008
2012-06-14,6.6337,-0.0002
2012-06-15,6.6483,0.0022
2012-06-16,6.6504,0.0003
2012-06-17,6.6567,0.001
2012-06-18,6.6586,0.0003
2012-06-19,6.6593,0.0001
2012-06-20,6.6453,-0.0021
2012-06-21,6.6528,0.0011
2012-06-22,6.6496,-0.0005
2012-06-23,6.6501,0.0001
2012-06-24,6.6527,0.0004
2012-06-25,6.6483,-0.0007
2012-06-26,6.6543,0.0009
2012-06-27,6.6583,0.0006
2012-06-28,6.662,0.0006
2012-06-29,6.6615,-0.0001
2012-06-30,6.6625,0.0001
2012-07-01,6.665,0.0004
2012-07-02,6.6704,0.0008
2012-07-03,6.6676,-0.0004
2012-07-04,6.6705,0.0004
2012-07-05,6.6719,0.0002
2012-07-06,6.6752,0.0005
2012-07-07,6.658,-0.0025
2012-07-08,6.6624,0.0006
2012-07-09,6.6698,0.001
2012-07-10,6.5502,-0.0166
2012-07-11,6.5674,0.0024
2012-07-12,6.5748,0.001
2012-07-13,6.6003,0.0033
2012-07-14,6.5088,-0.0121
2012-07-15,6.5135,0.0006
2012-07-16,6.5418,0.0033
2012-07-17,6.6223,0.0091
2012-07-18,6.6564,0.0037
2012-07-19,6.6862,0.0034
2012-07-20,6.6877,0.0002
2012-07-21,6.7098,0.0025
2012-07-22,6.7187,0.0011
2012-07-23,6.7319,0.0016
2012-07-24,6.742,0.0012
2012-07-25,6.7489,0.0008
2012-07-26,6.7697,0.0023
2012-07-27,6.7874,0.002
2012-07-28,6.8,0.0014
2012-07-29,6.8054,0.0006
2012-07-30,6.8193,0.0015
2012-07-31,6.8447,0.0027
2012-08-01,6.8666,0.0023
2012-08-02,6.9155,0.0046
2012-08-03,6.9572,0.0038
2012-08-04,6.9901,0.003
2012-08-05,7.0149,0.0023
2012-08-06,7.0448,0.0028
2012-08-07,7.0574,0.0011
2012-08-08,7.1099,0.0047
2012-08-09,7.1382,0.0025
2012-08-10,7.1579,0.0017
2012-08-11,7.1755,0.0015
2012-08-12,7.1933,0.0015
2012-08-13,7.2205,0.0023
2012-08-14,7.26,0.0033
2012-08-15,7.3151,0.0042
2012-08-16,7.3779,0.0047
2012-08-17,7.5157,0.0118
2012-08-18,7.5448,0.0025
2012-08-19,7.5077,-0.0047
2012-08-20,7.5465,0.0038
2012-08-21,7.5558,0.0009
2012-08-22,7.5686,0.0013
2012-08-23,7.5769,0.0008
2012-08-24,7.59,0.0012
2012-08-25,7.6058,0.0015
2012-08-26,7.6173,0.0011
2012-08-27,7.7279,0.0101
2012-08-28,7.7659,0.0035
2012-08-29,7.7728,0.0006
2012-08-30,7.7736,0.0001
2012-08-31,7.8765,0.0101
2012-09-01,7.8441,-0.0032
2012-09-02,7.846,0.0002
2012-09-03,7.8542,0.0008
2012-09-04,7.8628,0.0008
2012-09-05,7.8806,0.0016
2012-09-06,7.9049,0.0022
2012-09-07,7.918,0.0012
2012-09-08,7.9275,0.0009
2012-09-09,7.9455,0.0016
2012-09-10,8.0758,0.0117
2012-09-11,8.0839,0.0007
2012-09-12,8.103,0.0017
2012-09-13,8.1155,0.0011
2012-09-14,8.13,0.0012
2012-09-15,8.1524,0.0019
2012-09-16,8.171,0.0016
2012-09-17,8.2005,0.0025
2012-09-18,8.2359,0.0029
2012-09-19,8.2773,0.0033
2012-09-20,8.3384,0.005
2012-09-21,8.3655,0.0022
2012-09-22,8.3881,0.0019
2012-09-23,8.3956,0.0006
2012-09-24,8.4188,0.0019
2012-09-25,8.436,0.0014
2012-09-26,8.453,0.0014
2012-09-27,8.4736,0.0017
2012-09-28,8.5257,0.0042
2012-09-29,8.548,0.0018
2012-09-30,8.56,0.001
2012-10-01,8.5751,0.0012
2012-10-02,8.5988,0.0018
2012-10-03,8.6337,0.0027
2012-10-04,8.6621,0.0022
2012-10-05,8.6742,0.001
2012-10-06,8.6804,0.0005
2012-10-07,8.6746,-0.0005
2012-10-08,8.6853,0.0009
2012-10-09,8.6934,0.0007
2012-10-10,8.7051,0.001
2012-10-11,8.7129,0.0007
2012-10-12,8.7265,0.0011
2012-10-13,8.7301,0.0003
2012-10-14,8.7417,0.001
2012-10-15,8.7527,0.0009
2012-10-16,8.7602,0.0006
2012-10-17,8.8039,0.0037
2012-10-18,8.8172,0.0011
2012-10-19,8.8261,0.0008
2012-10-20,8.8171,-0.0008
2012-10-21,8.8427,0.0022
2012-10-22,8.8466,0.0003
2012-10-23,8.8541,0.0006
2012-10-24,8.8629,0.0007
2012-10-25,8.8732,0.001
2012-10-26,8.872,-0.0001
2012-10-27,8.8628,-0.0009
2012-10-28,8.8611,-0.0002
2012-10-29,8.8613,0.0
2012-10-30,8.8681,0.0006
2012-10-31,8.8846,0.0015
2012-11-01,8.8856,0.0001
2012-11-02,8.8777,-0.0008
2012-11-03,8.8762,-0.0001
2012-11-04,8.8978,0.002
2012-11-05,8.9006,0.0003
2012-11-06,8.903,0.0002
2012-11-07,8.9171,0.0013
2012-11-08,8.9232,0.0006
2012-11-09,8.9234,0.0
2012-11-10,8.9262,0.0003
2012-11-11,8.9354,0.0009
2012-11-12,8.9597,0.0022
2012-11-13,8.9653,0.0005
2012-11-14,8.9705,0.0005
2012-11-15,8.9683,-0.0002
2012-11-16,8.9958,0.0023
2012-11-17,9.0073,0.001
2012-11-18,9.0178,0.0009
2012-11-19,9.0328,0.0013
2012-11-20,9.0389,0.0005
2012-11-21,9.0476,0.0007
2012-11-22,9.0636,0.0013
2012-11-23,9.0847,0.0017
2012-11-24,9.0988,0.0011
2012-11-25,9.1228,0.0019
2012-11-26,9.1476,0.002
2012-11-27,9.1546,0.0006
2012-11-28,9.1706,0.0013
2012-11-29,9.1819,0.0009
2012-11-30,9.2064,0.0019
2012-12-01,9.2121,0.0005
2012-12-02,9.2172,0.0004
2012-12-03,9.231,0.0011
2012-12-04,9.3437,0.0084
2012-12-05,9.374,0.0023
2012-12-06,9.3939,0.0015
2012-12-07,9.4448,0.0038
2012-12-08,9.4535,0.0006
2012-12-09,9.4651,0.0009
2012-12-10,9.4836,0.0014
2012-12-11,9.5027,0.0014
2012-12-12,9.5412,0.0028
2012-12-13,9.5792,0.0028
2012-12-14,9.595,0.0012
2012-12-15,9.5924,-0.0002
2012-12-16,9.5866,-0.0004
2012-12-17,9.5859,-0.0001
2012-12-18,9.5947,0.0007
2012-12-19,9.6053,0.0008
2012-12-20,9.6386,0.0025
2012-12-21,9.6561,0.0013
2012-12-22,9.6571,0.0001
2012-12-23,9.6551,-0.0001
2012-12-24,9.6541,-0.0001
2012-12-25,9.6521,-0.0001
2012-12-26,9.6533,0.0001
2012-12-27,9.655,0.0001
2012-12-28,9.6583,0.0002
2012-12-29,9.6604,0.0002
2012-12-30,9.6654,0.0004
2012-12-31,9.7127,0.0035
2013-01-01,9.7145,0.0001
2013-01-02,9.7151,0.0
2013-01-03,9.7221,0.0005
2013-01-04,9.7328,0.0008
2013-01-05,9.7362,0.0003
2013-01-06,9.7386,0.0002
2013-01-07,9.746,0.0005
2013-01-08,9.7709,0.0018
2013-01-09,9.7792,0.0006
2013-01-10,9.7986,0.0014
2013-01-11,9.8169,0.0013
2013-01-12,9.8268,0.0007
2013-01-13,9.8438,0.0012
2013-01-14,9.8574,0.001
2013-01-15,9.8716,0.001
2013-01-16,9.8966,0.0017
2013-01-17,9.95,0.0034
2013-01-18,9.9927,0.0027
2013-01-19,10.0032,0.0007
2013-01-20,10.0149,0.0007
2013-01-21,10.0778,0.0037
2013-01-22,10.2305,0.0088
2013-01-23,10.2696,0.0022
2013-01-24,10.359,0.0053
2013-01-25,10.3737,0.0008
2013-01-26,10.3969,0.0013
2013-01-27,10.4937,0.0054
2013-01-28,10.5603,0.0035
2013-01-29,10.7145,0.0079
2013-01-30,10.8728,0.008
2013-01-31,11.0457,0.0084
2013-02-01,11.3992,0.0172
2013-02-02,11.4289,0.0015
2013-02-03,11.4764,0.0023
2013-02-04,11.5341,0.0028
2013-02-05,11.6095,0.0037
2013-02-06,11.6705,0.0029
2013-02-07,11.7422,0.0032
2013-02-08,11.8583,0.0051
2013-02-09,11.9712,0.0048
2013-02-10,12.0246,0.0022
2013-02-11,12.1198,0.0039
2013-02-12,12.2411,0.0048
2013-02-13,12.3857,0.006
2013-02-14,12.5279,0.0052
2013-02-15,12.7783,0.0092
2013-02-16,12.8823,0.0038
2013-02-17,12.9674,0.0032
2013-02-18,13.0732,0.0039
2013-02-19,13.2297,0.0053
2013-02-20,13.3917,0.0054
2013-02-21,13.4902,0.0033
2013-02-22,13.6438,0.0051
2013-02-23,13.7066,0.0021
2013-02-24,13.7974,0.003
2013-02-25,14.4156,0.0203
2013-02-26,14.5798,0.0053
2013-02-27,14.64,0.0019
2013-02-28,15.1029,0.0139
2013-03-01,15.2789,0.0051
2013-03-02,15.3818,0.003
2013-03-03,15.4641,0.0024
2013-03-04,15.5888,0.0034
2013-03-05,15.998,0.0101
2013-03-06,16.8357,0.0203
2013-03-07,17.1892,0.0084
2013-03-08,17.3245,0.0031
2013-03-09,17.6135,0.0062
2013-03-10,17.7923,0.0039
2013-03-11,18.0319,0.0049
2013-03-12,18.2645,0.0053
2013-03-13,18.532,0.0057
2013-03-14,18.7568,0.0048
2013-03-15,18.9891,0.0049
2013-03-16,19.102,0.0024
2013-03-17,19.2648,0.0034
2013-03-18,19.4072,0.0028
2013-03-19,19.9521,0.0091
2013-03-20,20.5625,0.0095
2013-03-21,21.7014,0.0161
2013-03-22,22.622,0.0131
2013-03-23,22.9072,0.0044
2013-03-24,23.4353,0.0074
2013-03-25,24.2994,0.0117
2013-03-26,24.9776,0.0086
2013-03-27,26.008,0.0116
2013-03-28,27.1488,0.0131
2013-03-29,27.8167,0.0074
2013-03-30,28.9799,0.0126
2013-03-31,29.336,0.0038
2013-04-01,31.1753,0.0177
2013-04-02,32.641,0.0124
2013-04-03,36.9906,0.0323
2013-04-04,38.3876,0.0105
2013-04-05,42.0907,0.026
2013-04-06,43.4635,0.0095
2013-04-07,44.9931,0.0093
2013-04-08,48.6743,0.0197
2013-04-09,58.3601,0.042
2013-04-10,64.2255,0.0356
2013-04-11,63.1073,-0.0112
2013-04-12,60.5127,-0.0224
2013-04-13,61.0752,0.006
2013-04-14,61.2693,0.0022
2013-04-15,61.2798,0.0001
2013-04-16,60.985,-0.0043
2013-04-17,61.3574,0.004
2013-04-18,61.7349,0.0034
2013-04-19,62.6517,0.0077
2013-04-20,63.3196,0.0053
2013-04-21,64.1176,0.0067
2013-04-22,64.7045,0.0046
2013-04-23,66.0089,0.0091
2013-04-24,68.0881,0.0134
2013-04-25,70.0411,0.0137
2013-04-26,70.292,0.0018
2013-04-27,70.9061,0.0048
2013-04-28,71.1053,0.0015
2013-04-29,71.7555,0.0045
2013-04-30,72.131,0.0027
2013-05-01,72.3023,0.0015
2013-05-02,72.0369,-0.0025
2013-05-03,72.4452,0.0042
2013-05-04,72.4941,0.0004
2013-05-05,72.9271,0.0037
2013-05-06,73.1878,0.0023
2013-05-07,73.2667,0.0007
2013-05-08,73.2075,-0.0005
2013-05-09,73.3235,0.001
2013-05-10,73.4051,0.0007
2013-05-11,73.8875,0.0042
2013-05-12,73.9742,0.0008
2013-05-13,74.1198,0.0012
2013-05-14,74.2161,0.0009
2013-05-15,74.4979,0.0025
2013-05-16,74.5481,0.0004
2013-05-17,74.6442,0.0008
2013-05-18,75.2343,0.0048
2013-05-19,75.3238,0.0007
2013-05-20,75.4166,0.0008
2013-05-21,75.4545,0.0003
2013-05-22,75.3727,-0.0007
2013-05-23,75.5227,0.0012
2013-05-24,75.7173,0.0015
2013-05-25,77.1089,0.0106
2013-05-26,77.183,0.0006
2013-05-27,77.3639,0.0014
2013-05-28,77.5449,0.0014
2013-05-29,77.9904,0.0034
2013-05-30,78.251,0.002
2013-05-31,78.6495,0.0031
2013-06-01,78.8285,0.0014
2013-06-02,79.0113,0.0015
2013-06-03,79.1243,0.0009
2013-06-04,79.3616,0.002
2013-06-05,79.8162,0.0037
2013-06-06,80.5953,0.0065
2013-06-07,80.6658,0.0006
2013-06-08,80.4515,-0.002
2013-06-09,80.6252,0.0017
2013-06-10,80.6187,-0.0001
2013-06-11,80.9097,0.0027
2013-06-12,80.9428,0.0003
2013-06-13,80.9359,-0.0001
2013-06-14,81.0298,0.0009
2013-06-15,81.0307,0.0
2013-06-16,81.0859,0.0006
2013-06-17,81.0425,-0.0004
2013-06-18,81.023,-0.0002
2013-06-19,81.0409,0.0002
2013-06-20,81.0519,0.0001
2013-06-21,80.9879,-0.0006
2013-06-22,80.9448,-0.0004
2013-06-23,80.9473,0.0
2013-06-24,81.0024,0.0005
2013-06-25,81.1065,0.001
2013-06-26,81.0776,-0.0003
2013-06-27,81.1282,0.0005
2013-06-28,81.1561,0.0002
2013-06-29,81.197,0.0004
2013-06-30,81.1217,-0.0008
2013-07-01,81.5088,0.0037
2013-07-02,81.6641,0.0017
2013-07-03,81.4922,-0.0022
2013-07-04,81.2878,-0.0025
2013-07-05,80.9636,-0.0047
2013-07-06,80.3276,-0.0092
2013-07-07,80.2206,-0.0014
2013-07-08,80.2617,0.0005
2013-07-09,80.1811,-0.0011
2013-07-10,80.7184,0.0061
2013-07-11,80.8453,0.0014
2013-07-12,81.2483,0.0038
2013-07-13,81.2953,0.0005
2013-07-14,81.3057,0.0001
2013-07-15,81.3538,0.0005
2013-07-16,81.352,-0.0
2013-07-17,81.3181,-0.0003
2013-07-18,81.1331,-0.0021
2013-07-19,81.0594,-0.0008
2013-07-20,81.0554,-0.0
2013-07-21,81.0661,0.0001
2013-07-22,81.066,-0.0
2013-07-23,81.0873,0.0002
2013-07-24,81.1207,0.0004
2013-07-25,81.1972,0.0008
2013-07-26,81.2351,0.0004
2013-07-27,81.257,0.0002
2013-07-28,81.2877,0.0003
2013-07-29,81.2667,-0.0002
2013-07-30,81.0158,-0.0023
2013-07-31,81.1701,0.0015
2013-08-01,81.2388,0.0007
2013-08-02,81.5742,0.0033
2013-08-03,82.7406,0.0112
2013-08-04,82.8169,0.0007
2013-08-05,82.9724,0.0015
2013-08-06,82.9844,0.0001
2013-08-07,82.9121,-0.0007
2013-08-08,82.9244,0.0001
2013-08-09,82.9107,-0.0001
2013-08-10,82.9422,0.0003
2013-08-11,82.9328,-0.0001
2013-08-12,82.9479,0.0001
2013-08-13,83.7247,0.0071
2013-08-14,83.8173,0.0009
2013-08-15,84.1195,0.0027
2013-08-16,84.1785,0.0005
2013-08-17,84.2407,0.0006
2013-08-18,84.302,0.0005
2013-08-19,84.414,0.0011
2013-08-20,84.5124,0.0008
2013-08-21,84.6016,0.0007
2013-08-22,84.6586,0.0005
2013-08-23,84.7311,0.0006
2013-08-24,84.6503,-0.0007
2013-08-25,84.6995,0.0004
2013-08-26,84.8025,0.0009
2013-08-27,84.9228,0.0009
2013-08-28,85.0824,0.0013
2013-08-29,85.2474,0.0013
2013-08-30,85.4977,0.0018
2013-08-31,85.7445,0.0018
2013-09-01,85.7837,0.0003
2013-09-02,86.0355,0.0018
2013-09-03,86.4601,0.003
2013-09-04,86.4539,-0.0
2013-09-05,86.2919,-0.0013
2013-09-06,86.2605,-0.0003
2013-09-07,86.3035,0.0003
2013-09-08,86.2629,-0.0003
2013-09-09,86.5573,0.0023
2013-09-10,86.5698,0.0001
2013-09-11,86.283,-0.002
2013-09-12,86.7656,0.0036
2013-09-13,86.6822,-0.0006
2013-09-14,87.1697,0.0036
2013-09-15,87.1899,0.0001
2013-09-16,87.3208,0.0009
2013-09-17,87.3167,-0.0
2013-09-18,87.49,0.0013
2013-09-19,88.2757,0.0058
2013-09-20,88.1741,-0.0008
2013-09-21,88.1428,-0.0002
2013-09-22,88.3348,0.0014
2013-09-23,88.3219,-0.0001
2013-09-24,88.4284,0.0008
2013-09-25,88.4746,0.0003
2013-09-26,88.3426,-0.001
2013-09-27,88.2206,-0.0009
2013-09-28,88.1579,-0.0004
2013-09-29,88.2536,0.0007
2013-09-30,88.3719,0.0008
2013-10-01,88.3755,0.0
2013-10-02,88.4092,0.0003
2013-10-03,87.9032,-0.0039
2013-10-04,87.9911,0.0007
2013-10-05,87.9264,-0.0005
2013-10-06,88.027,0.0007
2013-10-07,89.4006,0.0104
2013-10-08,89.4034,0.0
2013-10-09,89.5861,0.0013
2013-10-10,89.6888,0.0007
2013-10-11,89.7628,0.0005
2013-10-12,89.8275,0.0005
2013-10-13,89.9029,0.0005
2013-10-14,90.2067,0.002
2013-10-15,90.486,0.0018
2013-10-16,91.1566,0.0045
2013-10-17,91.2326,0.0005
2013-10-18,91.5781,0.0021
2013-10-19,92.2437,0.0037
2013-10-20,92.7479,0.0028
2013-10-21,95.2851,0.0134
2013-10-22,97.6913,0.012
2013-10-23,99.0895,0.0065
2013-10-24,99.9172,0.0042
2013-10-25,104.7555,0.0255
2013-10-26,105.0433,0.0016
2013-10-27,105.4556,0.0021
2013-10-28,105.8514,0.002
2013-10-29,106.88,0.005
2013-10-30,107.327,0.0022
2013-10-31,107.8992,0.0028
2013-11-01,108.4506,0.0027
2013-11-02,108.7573,0.0015
2013-11-03,109.3862,0.0029
2013-11-04,111.3628,0.0086
2013-11-05,113.4394,0.0085
2013-11-06,114.9926,0.0059
2013-11-07,119.1062,0.0139
2013-11-08,122.5275,0.0101
2013-11-09,125.8608,0.0096
2013-11-10,127.3835,0.0047
2013-11-11,130.1298,0.0079
2013-11-12,133.4638,0.0093
2013-11-13,137.9745,0.011
2013-11-14,143.6397,0.0134
2013-11-15,148.0385,0.0105
2013-11-16,151.1346,0.007
2013-11-17,155.8425,0.0093
2013-11-18,166.1123,0.0149
2013-11-19,178.2714,0.0187
2013-11-20,186.069,0.0128
2013-11-21,193.2063,0.0097
2013-11-22,207.8518,0.0183
2013-11-23,219.4909,0.0138
2013-11-24,225.5655,0.0074
2013-11-25,238.5019,0.0158
2013-11-26,275.0742,0.0381
2013-11-27,291.4961,0.0164
2013-11-28,309.2042,0.0157
2013-11-29,325.9175,0.0145
2013-11-30,335.67,0.0086
2013-12-01,341.704,0.0062
2013-12-02,349.1745,0.0071
2013-12-03,356.2893,0.0066
2013-12-04,363.5237,0.0063
2013-12-05,371.1672,0.0073
2013-12-06,375.0659,0.0047
2013-12-07,376.8335,0.0026
2013-12-08,377.9847,0.0015
2013-12-09,380.5762,0.0028
2013-12-10,384.0783,0.0035
2013-12-11,389.1336,0.0057
2013-12-12,390.4935,0.0016
2013-12-13,393.6078,0.0035
2013-12-14,394.4487,0.001
2013-12-15,396.994,0.0029
2013-12-16,400.1723,0.0045
2013-12-17,400.5073,0.0005
2013-12-18,401.9192,0.0027
2013-12-19,400.3377,-0.0023
2013-12-20,402.48,0.0035
2013-12-21,420.2491,0.0296
2013-12-22,417.2502,-0.0049
2013-12-23,417.8579,0.0009
2013-12-24,419.6404,0.0027
2013-12-25,433.9639,0.021
2013-12-26,435.2962,0.0018
2013-12-27,438.9051,0.0049
2013-12-28,439.2166,0.0004
2013-12-29,439.7608,0.0007
2013-12-30,440.0381,0.0004
2013-12-31,439.9386,-0.0001
2014-01-01,439.7264,-0.0003
2014-01-02,441.1119,0.0017
2014-01-03,443.5667,0.003
2014-01-04,451.5649,0.0095
2014-01-05,454.9812,0.0037
2014-01-06,458.0686,0.0033
2014-01-07,459.893,0.0023
2014-01-08,462.4434,0.0031
2014-01-09,463.4728,0.0012
2014-01-10,464.2045,0.0009
2014-01-11,469.4367,0.0058
2014-01-12,471.8363,0.0028
2014-01-13,472.8876,0.0013
2014-01-14,475.1938,0.0028
2014-01-15,477.4966,0.0027
2014-01-16,479.2824,0.0022
2014-01-17,479.7033,0.0005
2014-01-18,480.3395,0.0008
2014-01-19,481.7567,0.0017
2014-01-20,483.0316,0.0015
2014-01-21,483.6684,0.0008
2014-01-22,485.6828,0.0025
2014-01-23,486.137,0.0006
2014-01-24,487.7999,0.0021
2014-01-25,489.0442,0.0015
2014-01-26,489.3662,0.0004
2014-01-27,490.6465,0.0017
2014-01-28,491.2204,0.0007
2014-01-29,492.723,0.0019
2014-01-30,493.6656,0.0012
2014-01-31,494.1786,0.0006
2014-02-01,495.9809,0.0022
2014-02-02,496.423,0.0005
2014-02-03,496.8839,0.0006
2014-02-04,497.3884,0.0006
2014-02-05,528.7751,0.0402
2014-02-06,530.532,0.0023
2014-02-07,530.4229,-0.0002
2014-02-08,530.5117,0.0001
2014-02-09,531.1485,0.0009
2014-02-10,531.3029,0.0002
2014-02-11,531.4818,0.0003
2014-02-12,531.9209,0.0007
2014-02-13,532.0503,0.0002
2014-02-14,532.6735,0.0009
2014-02-15,532.6974,0.0
2014-02-16,533.3105,0.001
2014-02-17,533.3444,0.0001
2014-02-18,535.0469,0.0027
2014-02-19,534.5109,-0.0009
2014-02-20,534.8397,0.0006
2014-02-21,534.5081,-0.0006
2014-02-22,534.2791,-0.0004
2014-02-23,534.7908,0.0008
2014-02-24,533.7556,-0.0019
2014-02-25,531.1486,-0.0049
2014-02-26,531.4332,0.0005
2014-02-27,531.3535,-0.0001
2014-02-28,534.3641,0.0054
2014-03-01,535.0218,0.0012
2014-03-02,535.3382,0.0006
2014-03-03,536.4756,0.0017
2014-03-04,537.1859,0.0011
2014-03-05,539.0918,0.0028
2014-03-06,539.0125,-0.0001
2014-03-07,575.6517,0.0581
2014-03-08,575.8965,0.0004
2014-03-09,597.3753,0.0336
2014-03-10,600.5609,0.0051
2014-03-11,599.4597,-0.0017
2014-03-12,601.2561,0.0028
2014-03-13,601.6051,0.0005
2014-03-14,601.5398,-0.0001
2014-03-15,601.214,-0.0005
2014-03-16,601.573,0.0006
2014-03-17,601.8497,0.0004
2014-03-18,602.6466,0.0013
2014-03-19,602.7638,0.0002
2014-03-20,602.9204,0.0003
2014-03-21,608.4338,0.0097
2014-03-22,608.3584,-0.0001
2014-03-23,608.0436,-0.0006
2014-03-24,608.462,0.0007
2014-03-25,609.5652,0.0019
2014-03-26,609.3596,-0.0004
2014-03-27,606.0167,-0.007
2014-03-28,604.9577,-0.0021
2014-03-29,598.9768,-0.0121
2014-03-30,595.6254,-0.0073
2014-03-31,594.8864,-0.0016
2014-04-01,594.8549,-0.0001
2014-04-02,593.6198,-0.0028
2014-04-03,594.3178,0.0016
2014-04-04,593.7855,-0.0012
2014-04-05,592.4243,-0.0029
2014-04-06,592.98,0.0012
2014-04-07,592.8221,-0.0004
2014-04-08,592.0782,-0.0016
2014-04-09,593.0806,0.0023
2014-04-10,592.1465,-0.0026
2014-04-11,590.3171,-0.0043
2014-04-12,589.1817,-0.0027
2014-04-13,588.1252,-0.0025
2014-04-14,587.6825,-0.001
2014-04-15,586.9599,-0.0014
2014-04-16,590.8878,0.0074
2014-04-17,591.4518,0.0011
2014-04-18,589.7518,-0.0035
2014-04-19,588.8603,-0.0018
2014-04-20,587.8513,-0.002
2014-04-21,587.1589,-0.0014
2014-04-22,585.9504,-0.0025
2014-04-23,586.0145,0.0001
2014-04-24,584.9139,-0.0022
2014-04-25,583.7817,-0.0024
2014-04-26,582.5227,-0.0027
2014-04-27,580.2201,-0.0054
2014-04-28,579.3297,-0.002
2014-04-29,577.791,-0.0035
2014-04-30,571.964,-0.013
2014-05-01,570.7012,-0.0028
2014-05-02,569.5396,-0.0026
2014-05-03,568.1429,-0.0032
2014-05-04,567.5862,-0.0013
2014-05-05,566.8851,-0.0016
2014-05-06,565.9254,-0.0022
2014-05-07,564.8959,-0.0023
2014-05-08,564.2959,-0.0014
2014-05-09,563.378,-0.002
2014-05-10,562.6554,-0.0016
2014-05-11,561.998,-0.0015
2014-05-12,561.3125,-0.0016
2014-05-13,560.5344,-0.0018
2014-05-14,560.8996,0.0008
2014-05-15,560.5021,-0.0009
2014-05-16,559.7581,-0.0017
2014-05-17,559.337,-0.0009
2014-05-18,559.29,-0.0001
2014-05-19,558.9736,-0.0007
2014-05-20,558.5099,-0.0009
2014-05-21,558.658,0.0003
2014-05-22,558.5216,-0.0003
2014-05-23,557.0851,-0.0027
2014-05-24,556.6821,-0.0008
2014-05-25,554.8472,-0.0032
2014-05-26,555.2201,0.0006
2014-05-27,562.5426,0.0127
2014-05-28,562.6158,0.0001
2014-05-29,559.8601,-0.0048
2014-05-30,561.313,0.0023
2014-05-31,562.2242,0.0015
2014-06-01,563.2705,0.0017
2014-06-02,564.6554,0.0021
2014-06-03,565.011,0.0005
2014-06-04,565.339,0.0005
2014-06-05,566.1124,0.0012
2014-06-06,566.958,0.0013
2014-06-07,566.6849,-0.0004
2014-06-08,567.0883,0.0006
2014-06-09,567.6869,0.0009
2014-06-10,568.2339,0.0008
2014-06-11,568.8837,0.001
2014-06-12,587.7692,0.0317
2014-06-13,587.9506,0.0003
2014-06-14,587.7223,-0.0004
2014-06-15,587.0563,-0.0011
2014-06-16,587.4604,0.0007
2014-06-17,587.3888,-0.0001
2014-06-18,586.8091,-0.001
2014-06-19,586.1708,-0.0011
2014-06-20,585.9465,-0.0004
2014-06-21,585.9588,0.0
2014-06-22,586.2457,0.0005
2014-06-23,586.4318,0.0003
2014-06-24,586.8149,0.0007
2014-06-25,586.5158,-0.0005
2014-06-26,587.3613,0.0015
2014-06-27,587.6675,0.0005
2014-06-28,587.478,-0.0003
2014-06-29,589.3343,0.0031
2014-06-30,590.5614,0.0019
2014-07-01,590.8144,0.0004
2014-07-02,591.8746,0.0016
2014-07-03,593.1932,0.002
2014-07-04,593.371,0.0003
2014-07-05,593.5208,0.0002
2014-07-06,593.6605,0.0002
2014-07-07,593.8027,0.0002
2014-07-08,593.7304,-0.0001
2014-07-09,595.061,0.0021
2014-07-10,593.1157,-0.0032
2014-07-11,592.1444,-0.0015
2014-07-12,591.9923,-0.0002
2014-07-13,591.8415,-0.0002
2014-07-14,591.7833,-0.0001
2014-07-15,591.824,0.0001
2014-07-16,591.4611,-0.0006
2014-07-17,591.58,0.0002
2014-07-18,591.814,0.0004
2014-07-19,591.776,-0.0001
2014-07-20,591.6674,-0.0002
2014-07-21,591.9166,0.0004
2014-07-22,591.7493,-0.0003
2014-07-23,591.5874,-0.0003
2014-07-24,591.8721,0.0005
2014-07-25,591.7793,-0.0002
2014-07-26,591.6441,-0.0002
2014-07-27,591.7187,0.0001
2014-07-28,591.842,0.0002
2014-07-29,591.6502,-0.0003
2014-07-30,589.9606,-0.003
2014-07-31,590.1011,0.0002
2014-08-01,590.3869,0.0005
2014-08-02,590.0427,-0.0006
2014-08-03,589.5945,-0.0008
2014-08-04,590.0951,0.0009
2014-08-05,596.0012,0.0101
2014-08-06,594.4081,-0.0027
2014-08-07,593.5692,-0.0014
2014-08-08,592.6918,-0.0015
2014-08-09,592.5793,-0.0002
2014-08-10,592.7067,0.0002
2014-08-11,592.7008,-0.0
2014-08-12,592.3683,-0.0006
2014-08-13,592.3398,-0.0001
2014-08-14,590.1128,-0.0044
2014-08-15,589.5563,-0.0011
2014-08-16,589.3994,-0.0003
2014-08-17,587.1648,-0.0045
2014-08-18,586.1563,-0.0022
2014-08-19,585.8966,-0.0005
2014-08-20,585.8208,-0.0001
2014-08-21,585.6912,-0.0003
2014-08-22,585.4312,-0.0005
2014-08-23,584.5592,-0.0017
2014-08-24,584.4329,-0.0002
2014-08-25,584.7188,0.0006
2014-08-26,584.8971,0.0003
2014-08-27,584.6203,-0.0005
2014-08-28,583.1293,-0.0029
2014-08-29,582.945,-0.0004
2014-08-30,582.504,-0.0009
2014-08-31,582.5132,0.0
2014-09-01,583.0271,0.0011
2014-09-02,582.4145,-0.0013
2014-09-03,582.2779,-0.0003
2014-09-04,582.5055,0.0005
2014-09-05,582.7677,0.0005
2014-09-06,583.4936,0.0015
2014-09-07,583.1021,-0.0008
2014-09-08,582.7571,-0.0007
2014-09-09,582.7115,-0.0001
2014-09-10,582.5718,-0.0003
2014-09-11,582.3033,-0.0006
2014-09-12,581.3886,-0.0019
2014-09-13,581.2593,-0.0003
2014-09-14,581.2961,0.0001
2014-09-15,581.279,-0.0
2014-09-16,581.0361,-0.0005
2014-09-17,580.9546,-0.0002
2014-09-18,579.5674,-0.0033
2014-09-19,578.2842,-0.0033
2014-09-20,577.3662,-0.0022
2014-09-21,577.2287,-0.0003
2014-09-22,576.8526,-0.0009
2014-09-23,576.586,-0.0006
2014-09-24,576.3264,-0.0006
2014-09-25,575.476,-0.0021
2014-09-26,574.605,-0.0022
2014-09-27,574.2327,-0.0009
2014-09-28,574.3836,0.0004
2014-09-29,573.2063,-0.0031
2014-09-30,572.8519,-0.0009
2014-10-01,571.9993,-0.0022
2014-10-02,571.6724,-0.0009
2014-10-03,570.4882,-0.0033
2014-10-04,569.9986,-0.0015
2014-10-05,571.2592,0.0039
2014-10-06,568.0797,-0.0097
2014-10-07,567.4919,-0.0018
2014-10-08,567.6565,0.0005
2014-10-09,567.2322,-0.0012
2014-10-10,566.8553,-0.001
2014-10-11,566.7304,-0.0003
2014-10-12,566.0696,-0.0017
2014-10-13,566.678,0.0016
2014-10-14,566.8659,0.0005
2014-10-15,566.0784,-0.002
2014-10-16,566.0214,-0.0001
2014-10-17,565.4188,-0.0016
2014-10-18,565.2924,-0.0003
2014-10-19,565.2991,0.0
2014-10-20,565.1051,-0.0005
2014-10-21,564.7611,-0.0009
2014-10-22,564.4335,-0.0009
2014-10-23,563.9496,-0.0014
2014-10-24,563.287,-0.0019
2014-10-25,562.8521,-0.0013
2014-10-26,562.63,-0.0006
2014-10-27,562.195,-0.0012
2014-10-28,561.9002,-0.0008
2014-10-29,559.874,-0.0061
2014-10-30,559.3079,-0.0016
2014-10-31,558.7134,-0.0018
2014-11-01,558.2217,-0.0015
2014-11-02,557.913,-0.001
2014-11-03,557.3985,-0.0016
2014-11-04,556.7714,-0.0019
2014-11-05,556.3097,-0.0014
2014-11-06,555.9289,-0.0011
2014-11-07,557.0081,0.0032
2014-11-08,557.0294,0.0001
2014-11-09,556.6295,-0.0011
2014-11-10,556.5939,-0.0001
2014-11-11,555.89,-0.0019
2014-11-12,554.6139,-0.003
2014-11-13,554.0568,-0.0013
2014-11-14,549.3553,-0.0118
2014-11-15,549.1396,-0.0006
2014-11-16,549.1182,-0.0001
2014-11-17,548.8853,-0.0006
2014-11-18,548.6817,-0.0005
2014-11-19,548.3264,-0.0009
2014-11-20,547.8028,-0.0015
2014-11-21,547.3323,-0.0013
2014-11-22,547.1908,-0.0004
2014-11-23,547.046,-0.0004
2014-11-24,547.0967,0.0001
2014-11-25,546.7905,-0.0008
2014-11-26,545.8435,-0.0026
2014-11-27,545.6277,-0.0006
2014-11-28,541.5559,-0.0108
2014-11-29,541.4905,-0.0002
2014-11-30,541.5369,0.0001
2014-12-01,541.1886,-0.0009
2014-12-02,540.618,-0.0015
2014-12-03,540.2649,-0.0009
2014-12-04,539.2125,-0.0028
2014-12-05,538.8777,-0.0009
2014-12-06,538.6794,-0.0005
2014-12-07,538.6168,-0.0002
2014-12-08,538.8223,0.0006
2014-12-09,540.055,0.0035
2014-12-10,539.2852,-0.0022
2014-12-11,538.9727,-0.0009
2014-12-12,538.6632,-0.0009
2014-12-13,538.454,-0.0006
2014-12-14,538.3445,-0.0003
2014-12-15,537.8792,-0.0013
2014-12-16,537.6424,-0.0007
2014-12-17,537.2153,-0.0013
2014-12-18,536.6492,-0.0018
2014-12-19,536.1019,-0.0017
2014-12-20,535.6226,-0.0015
2014-12-21,534.3643,-0.0039
2014-12-22,534.1236,-0.0007
2014-12-23,533.5222,-0.0018
2014-12-24,530.8334,-0.0083
2014-12-25,530.5138,-0.001
2014-12-26,530.2213,-0.0009
2014-12-27,529.954,-0.0008
2014-12-28,529.6883,-0.0008
2014-12-29,529.189,-0.0016
2014-12-30,527.8553,-0.0043
2014-12-31,526.8577,-0.0031
2015-01-01,526.6568,-0.0006
2015-01-02,526.3789,-0.0009
2015-01-03,525.6187,-0.0027
2015-01-04,525.0151,-0.0023
2015-01-05,524.0662,-0.0035
2015-01-06,524.0897,0.0001
2015-01-07,522.096,-0.0067
2015-01-08,521.5717,-0.0018
2015-01-09,520.6395,-0.0032
2015-01-10,520.2714,-0.0013
2015-01-11,520.1364,-0.0005
2015-01-12,519.464,-0.0025
2015-01-13,518.5882,-0.0038
2015-01-14,516.3087,-0.0128
2015-01-15,515.7205,-0.0028
2015-01-16,514.8689,-0.0041
2015-01-17,514.2034,-0.0033
2015-01-18,513.9324,-0.0013
2015-01-19,513.502,-0.002
2015-01-20,512.8657,-0.003
2015-01-21,510.6357,-0.0098
2015-01-22,510.4166,-0.0009
2015-01-23,509.7386,-0.0029
2015-01-24,509.587,-0.0006
2015-01-25,509.2856,-0.0012
2015-01-26,508.6523,-0.0023
2015-01-27,508.3406,-0.0012
2015-01-28,508.3885,0.0002
2015-01-29,507.7191,-0.0029
2015-01-30,507.0931,-0.0028
2015-01-31,506.3857,-0.0033
2015-02-01,505.7906,-0.0026
2015-02-02,505.3042,-0.002
2015-02-03,505.059,-0.0011
2015-02-04,504.5903,-0.0021
2015-02-05,504.1151,-0.0022
2015-02-06,503.8238,-0.0013
2015-02-07,503.501,-0.0014
2015-02-08,503.0319,-0.0021
2015-02-09,502.5943,-0.002
2015-02-10,502.2552,-0.0015
2015-02-11,501.681,-0.0026
2015-02-12,501.3393,-0.0015
2015-02-13,501.1562,-0.0008
2015-02-14,500.9783,-0.0007
2015-02-15,501.0091,0.0001
2015-02-16,500.6689,-0.0015
2015-02-17,500.2794,-0.0016
2015-02-18,500.0622,-0.0009
2015-02-19,498.9454,-0.0046
2015-02-20,500.2078,0.0052
2015-02-21,499.8343,-0.0015
2015-02-22,499.0684,-0.0032
2015-02-23,498.665,-0.0017
2015-02-24,498.3168,-0.0015
2015-02-25,497.5448,-0.0032
2015-02-26,497.2702,-0.0012
2015-02-27,497.1285,-0.0006
2015-02-28,496.9204,-0.0008
2015-03-01,497.3834,0.0018
2015-03-02,497.22,-0.0006
2015-03-03,496.1674,-0.0037
2015-03-04,496.2787,0.0004
2015-03-05,496.0585,-0.0008
2015-03-06,496.2837,0.0008
2015-03-07,495.4724,-0.0029
2015-03-08,494.6508,-0.003
2015-03-09,493.9749,-0.0023
2015-03-10,495.8172,0.0063
2015-03-11,495.6746,-0.0005
2015-03-12,495.8658,0.0006
2015-03-13,494.951,-0.0032
2015-03-14,494.5549,-0.0014
2015-03-15,494.4495,-0.0004
2015-03-16,494.0084,-0.0015
2015-03-17,493.8895,-0.0004
2015-03-18,493.4344,-0.0018
2015-03-19,492.4001,-0.0039
2015-03-20,492.0988,-0.0011
2015-03-21,491.9655,-0.0005
2015-03-22,491.7438,-0.0008
2015-03-23,491.5557,-0.0007
2015-03-24,491.1372,-0.0017
2015-03-25,490.7202,-0.0017
2015-03-26,490.4521,-0.0011
2015-03-27,490.185,-0.0011
2015-03-28,490.0332,-0.0006
2015-03-29,489.6341,-0.0016
2015-03-30,489.3711,-0.0011
2015-03-31,489.0208,-0.0014
2015-04-01,487.6315,-0.0056
2015-04-02,487.8101,0.0007
2015-04-03,487.3915,-0.0016
2015-04-04,487.3044,-0.0003
2015-04-05,487.2004,-0.0004
2015-04-06,487.1095,-0.0004
2015-04-07,486.9042,-0.0008
2015-04-08,486.5984,-0.0012
2015-04-09,486.0765,-0.0021
2015-04-10,485.5517,-0.0022
2015-04-11,485.3559,-0.0008
2015-04-12,485.0037,-0.0015
2015-04-13,484.3265,-0.003
2015-04-14,483.7005,-0.0029
2015-04-15,481.9774,-0.0077
2015-04-16,481.5718,-0.0018
2015-04-17,481.181,-0.0018
2015-04-18,480.8301,-0.0016
2015-04-19,480.6479,-0.0008
2015-04-20,480.4577,-0.0008
2015-04-21,480.1374,-0.0014
2015-04-22,479.9038,-0.001
2015-04-23,481.1204,0.0052
2015-04-24,480.5615,-0.0024
2015-04-25,480.3437,-0.001
2015-04-26,480.0405,-0.0014
2015-04-27,479.7733,-0.0012
2015-04-28,479.5855,-0.0008
2015-04-29,479.3075,-0.0012
2015-04-30,479.1959,-0.0005
2015-05-01,479.0002,-0.0008
2015-05-02,477.3796,-0.0069
2015-05-03,477.3249,-0.0002
2015-05-04,477.161,-0.0007
2015-05-05,476.8544,-0.0013
2015-05-06,476.5409,-0.0014
2015-05-07,476.1485,-0.0017
2015-05-08,474.9322,-0.005
2015-05-09,474.3672,-0.0023
2015-05-10,473.592,-0.0032
2015-05-11,473.1011,-0.002
2015-05-12,471.9569,-0.0047
2015-05-13,471.4133,-0.0023
2015-05-14,471.1273,-0.0012
2015-05-15,470.93,-0.0008
2015-05-16,470.7051,-0.001
2015-05-17,470.5372,-0.0007
2015-05-18,470.2943,-0.001
2015-05-19,470.0364,-0.0011
2015-05-20,469.8026,-0.001
2015-05-21,469.54,-0.0011
2015-05-22,469.2244,-0.0013
2015-05-23,468.5926,-0.0026
2015-05-24,468.3396,-0.0011
2015-05-25,467.9743,-0.0015
2015-05-26,467.6603,-0.0013
2015-05-27,467.4036,-0.0011
2015-05-28,466.0577,-0.0057
2015-05-29,466.0078,-0.0002
2015-05-30,464.4907,-0.0065
2015-05-31,464.199,-0.0013
2015-06-01,463.7416,-0.0021
2015-06-02,463.1505,-0.0026
2015-06-03,462.2697,-0.0039
2015-06-04,461.6649,-0.0027
2015-06-05,461.5222,-0.0006
2015-06-06,461.3356,-0.0008
2015-06-07,460.884,-0.002
2015-06-08,460.6757,-0.0009
2015-06-09,460.4422,-0.001
2015-06-10,459.9051,-0.0023
2015-06-11,459.3694,-0.0023
2015-06-12,456.9635,-0.0105
2015-06-13,456.5742,-0.0017
2015-06-14,456.166,-0.0018
2015-06-15,455.9933,-0.0007
2015-06-16,455.9854,-0.0
2015-06-17,455.6794,-0.0012
2015-06-18,455.1649,-0.0021
2015-06-19,454.4656,-0.0029
2015-06-20,454.4594,-0.0
2015-06-21,454.4277,-0.0001
2015-06-22,454.2835,-0.0006
2015-06-23,454.1299,-0.0006
2015-06-24,453.8199,-0.0013
2015-06-25,453.4727,-0.0014
2015-06-26,453.1154,-0.0015
2015-06-27,453.0656,-0.0002
2015-06-28,452.9692,-0.0004
2015-06-29,452.9153,-0.0002
2015-06-30,452.9206,0.0
2015-07-01,452.8071,-0.0004
2015-07-02,452.5949,-0.0008
2015-07-03,451.6694,-0.0036
2015-07-04,451.5105,-0.0006
2015-07-05,450.8552,-0.0024
2015-07-06,450.9133,0.0002
2015-07-07,451.11,0.0007
2015-07-08,451.0457,-0.0002
2015-07-09,450.3262,-0.0027
2015-07-10,450.4877,0.0006
2015-07-11,450.5577,0.0002
2015-07-12,451.1604,0.0019
2015-07-13,450.9925,-0.0006
2015-07-14,450.9261,-0.0002
2015-07-15,450.7855,-0.0005
2015-07-16,450.5482,-0.0009
2015-07-17,450.5551,0.0
2015-07-18,450.2928,-0.0009
2015-07-19,450.0992,-0.0007
2015-07-20,449.6456,-0.0016
2015-07-21,449.4453,-0.0007
2015-07-22,449.2691,-0.0006
2015-07-23,449.1965,-0.0003
2015-07-24,449.1393,-0.0002
2015-07-25,448.882,-0.0009
2015-07-26,448.9456,0.0002
2015-07-27,448.8933,-0.0002
2015-07-28,448.8941,0.0
2015-07-29,448.7183,-0.0006
2015-07-30,448.1724,-0.0019
2015-07-31,448.2518,0.0003
2015-08-01,448.1435,-0.0004
2015-08-02,447.9916,-0.0005
2015-08-03,447.9987,0.0
2015-08-04,447.6842,-0.0011
2015-08-05,447.0831,-0.0021
2015-08-06,446.9349,-0.0005
2015-08-07,446.703,-0.0008
2015-08-08,446.4673,-0.0009
2015-08-09,444.7771,-0.0064
2015-08-10,443.3281,-0.0055
2015-08-11,442.2339,-0.004
2015-08-12,441.4928,-0.0028
2015-08-13,441.0241,-0.0018
2015-08-14,438.586,-0.0092
2015-08-15,438.378,-0.0008
2015-08-16,437.8255,-0.0021
2015-08-17,437.6008,-0.0009
2015-08-18,437.2192,-0.0017
2015-08-19,436.2888,-0.0041
2015-08-20,435.5143,-0.0033
2015-08-21,434.9483,-0.0024
2015-08-22,434.5842,-0.0016
2015-08-23,434.722,0.0006
2015-08-24,434.089,-0.003
2015-08-25,431.3145,-0.0125
2015-08-26,430.7757,-0.0024
2015-08-27,430.5455,-0.001
2015-08-28,430.1845,-0.0016
2015-08-29,429.841,-0.0015
2015-08-30,429.8089,-0.0001
2015-08-31,429.7018,-0.0005
2015-09-01,429.524,-0.0008
2015-09-02,429.1981,-0.0014
2015-09-03,428.7456,-0.002
2015-09-04,428.4179,-0.0014
2015-09-05,428.2955,-0.0005
2015-09-06,428.3053,0.0
2015-09-07,428.2473,-0.0002
2015-09-08,428.1905,-0.0002
2015-09-09,428.1466,-0.0002
2015-09-10,427.7569,-0.0016
2015-09-11,427.598,-0.0007
2015-09-12,426.939,-0.0028
2015-09-13,426.744,-0.0008
2015-09-14,426.5167,-0.001
2015-09-15,426.31,-0.0009
2015-09-16,426.1081,-0.0009
2015-09-17,425.7335,-0.0016
2015-09-18,425.6428,-0.0004
2015-09-19,425.4453,-0.0009
2015-09-20,425.2459,-0.0009
2015-09-21,425.3487,0.0005
2015-09-22,425.2584,-0.0004
2015-09-23,424.7631,-0.0022
2015-09-24,424.5808,-0.0008
2015-09-25,423.5877,-0.0042
2015-09-26,423.4218,-0.0007
2015-09-27,423.2963,-0.0005
2015-09-28,423.1029,-0.0008
2015-09-29,422.963,-0.0006
2015-09-30,422.8705,-0.0004
2015-10-01,422.7432,-0.0005
2015-10-02,422.6586,-0.0004
2015-10-03,422.6918,0.0001
2015-10-04,422.6234,-0.0003
2015-10-05,422.5516,-0.0003
2015-10-06,422.3851,-0.0007
2015-10-07,422.4714,0.0004
2015-10-08,422.2613,-0.0009
2015-10-09,422.1989,-0.0003
2015-10-10,422.0849,-0.0005
2015-10-11,421.9834,-0.0004
2015-10-12,421.3996,-0.0024
2015-10-13,421.4108,0.0
2015-10-14,420.8818,-0.0021
2015-10-15,420.8287,-0.0002
2015-10-16,420.8456,0.0001
2015-10-17,420.9742,0.0005
2015-10-18,421.0075,0.0001
2015-10-19,420.9589,-0.0002
2015-10-20,421.1255,0.0006
2015-10-21,421.2067,0.0003
2015-10-22,421.2164,0.0
2015-10-23,421.3319,0.0004
2015-10-24,421.3337,0.0
2015-10-25,421.6597,0.0011
2015-10-26,421.7067,0.0002
2015-10-27,422.0593,0.0012
2015-10-28,424.6311,0.0084
2015-10-29,425.2698,0.002
2015-10-30,426.7718,0.0046
2015-10-31,427.4763,0.0022
2015-11-01,427.9182,0.0013
2015-11-02,428.8448,0.0025
2015-11-03,431.3173,0.0061
2015-11-04,436.069,0.0116
2015-11-05,437.4161,0.0035
2015-11-06,437.3337,-0.0002
2015-11-07,438.6981,0.0035
2015-11-08,438.8079,0.0003
2015-11-09,440.3129,0.004
2015-11-10,439.5725,-0.0022
2015-11-11,438.6556,-0.0029
2015-11-12,438.6199,-0.0001
2015-11-13,439.2503,0.0019
2015-11-14,439.3191,0.0002
2015-11-15,439.2667,-0.0002
2015-11-16,439.0774,-0.0006
2015-11-17,439.654,0.0017
2015-11-18,439.6332,-0.0001
2015-11-19,439.554,-0.0002
2015-11-20,439.4194,-0.0004
2015-11-21,439.1301,-0.0009
2015-11-22,439.3516,0.0007
2015-11-23,439.2091,-0.0004
2015-11-24,439.0888,-0.0004
2015-11-25,439.034,-0.0002
2015-11-26,439.4148,0.0011
2015-11-27,439.8035,0.0011
2015-11-28,439.8297,0.0001
2015-11-29,439.9373,0.0003
2015-11-30,440.5455,0.0016
2015-12-01,440.7019,0.0004
2015-12-02,440.6172,-0.0002
2015-12-03,440.6882,0.0002
2015-12-04,440.9689,0.0008
2015-12-05,441.1436,0.0004
2015-12-06,442.2642,0.0029
2015-12-07,442.7571,0.0012
2015-12-08,443.0987,0.0008
2015-12-09,445.3881,0.0055
2015-12-10,445.7667,0.0009
2015-12-11,446.8648,0.0024
2015-12-12,447.2479,0.0009
2015-12-13,447.7765,0.0012
2015-12-14,449.0603,0.0029
2015-12-15,450.1952,0.0024
2015-12-16,450.6329,0.001
2015-12-17,451.0255,0.0009
2015-12-18,451.5684,0.0012
2015-12-19,453.2429,0.0036
2015-12-20,453.3677,0.0003
2015-12-21,453.4439,0.0002
2015-12-22,453.7682,0.0007
2015-12-23,454.128,0.0008
2015-12-24,454.8153,0.0015
2015-12-25,456.1858,0.003
2015-12-26,455.9858,-0.0005
2015-12-27,455.826,-0.0004
2015-12-28,455.829,0.0
2015-12-29,455.6867,-0.0003
2015-12-30,455.7913,0.0002
2015-12-31,455.9748,0.0004
2016-01-01,456.0241,0.0001
2016-01-02,456.0866,0.0001
2016-01-03,456.1842,0.0002
2016-01-04,456.3861,0.0005
2016-01-05,456.5627,0.0004
2016-01-06,456.6473,0.0002
2016-01-07,459.0293,0.0052
2016-01-08,459.9783,0.0021
2016-01-09,460.1209,0.0003
2016-01-10,461.0352,0.002
2016-01-11,460.1202,-0.002
2016-01-12,459.8622,-0.0006
2016-01-13,459.8694,0.0
2016-01-14,459.8884,0.0
2016-01-15,459.5928,-0.0008
2016-01-16,459.2542,-0.0009
2016-01-17,459.3148,0.0002
2016-01-18,459.1567,-0.0004
2016-01-19,459.1884,0.0001
2016-01-20,459.4983,0.0007
2016-01-21,459.7246,0.0006
2016-01-22,457.1841,-0.0066
2016-01-23,457.4515,0.0007
2016-01-24,457.6755,0.0006
2016-01-25,458.0647,0.001
2016-01-26,458.0446,-0.0001
2016-01-27,457.9952,-0.0001
2016-01-28,457.5494,-0.0012
2016-01-29,457.0201,-0.0014
2016-01-30,457.4307,0.0011
2016-01-31,457.6205,0.0005
2016-02-01,456.6114,-0.0027
2016-02-02,456.0954,-0.0014
2016-02-03,455.8101,-0.0008
2016-02-04,456.0478,0.0006
2016-02-05,456.1215,0.0002
2016-02-06,455.9526,-0.0005
2016-02-07,456.0152,0.0002
2016-02-08,455.8397,-0.0005
2016-02-09,455.5306,-0.0008
2016-02-10,455.729,0.0005
2016-02-11,455.9235,0.0005
2016-02-12,455.8886,-0.0001
2016-02-13,456.0723,0.0005
2016-02-14,456.4325,0.0009
2016-02-15,456.7255,0.0007
2016-02-16,457.2473,0.0013
2016-02-17,458.2437,0.0024
2016-02-18,458.4747,0.0005
2016-02-19,459.2039,0.0017
2016-02-20,459.7574,0.0013
2016-02-21,460.01,0.0006
2016-02-22,460.3349,0.0007
2016-02-23,460.341,0.0
2016-02-24,460.735,0.0009
2016-02-25,460.9601,0.0005
2016-02-26,461.1627,0.0005
2016-02-27,461.3116,0.0003
2016-02-28,461.841,0.0012
2016-02-29,462.9269,0.0025
2016-03-01,465.2215,0.0053
2016-03-02,465.5564,0.0008
2016-03-03,465.7744,0.0005
2016-03-04,465.7508,-0.0001
2016-03-05,466.518,0.0019
2016-03-06,466.7471,0.0006
2016-03-07,467.2154,0.0011
2016-03-08,467.3865,0.0004
2016-03-09,467.1859,-0.0005
2016-03-10,467.0171,-0.0004
2016-03-11,467.2508,0.0006
2016-03-12,467.3957,0.0004
2016-03-13,467.6531,0.0006
2016-03-14,467.9734,0.0008
2016-03-15,468.1453,0.0004
2016-03-16,468.508,0.0009
2016-03-17,468.6058,0.0002
2016-03-18,468.6781,0.0002
2016-03-19,468.5553,-0.0003
2016-03-20,468.5281,-0.0001
2016-03-21,469.0439,0.0012
2016-03-22,469.5192,0.0011
2016-03-23,469.4151,-0.0002
2016-03-24,469.5839,0.0004
2016-03-25,470.194,0.0015
2016-03-26,470.409,0.0005
2016-03-27,470.5898,0.0004
2016-03-28,471.0163,0.001
2016-03-29,471.0357,0.0
2016-03-30,471.1266,0.0002
2016-03-31,471.5025,0.0009
2016-04-01,471.6576,0.0004
2016-04-02,471.5238,-0.0003
2016-04-03,471.5479,0.0001
2016-04-04,471.4441,-0.0002
2016-04-05,471.6733,0.0005
2016-04-06,471.9587,0.0007
2016-04-07,473.7915,0.0043
2016-04-08,472.3801,-0.0034
2016-04-09,472.0348,-0.0008
2016-04-10,473.1777,0.0027
2016-04-11,473.3593,0.0004
2016-04-12,473.5683,0.0005
2016-04-13,473.4809,-0.0002
2016-04-14,473.4895,0.0
2016-04-15,473.5679,0.0002
2016-04-16,473.4769,-0.0002
2016-04-17,473.5414,0.0002
2016-04-18,473.623,0.0002
2016-04-19,473.7662,0.0003
2016-04-20,473.8525,0.0002
2016-04-21,474.1918,0.0008
2016-04-22,474.7928,0.0013
2016-04-23,475.0129,0.0005
2016-04-24,475.8668,0.0018
2016-04-25,476.9139,0.0023
2016-04-26,477.6331,0.0015
2016-04-27,477.8375,0.0005
2016-04-28,477.8905,0.0001
2016-04-29,478.1563,0.0006
2016-04-30,478.2326,0.0002
2016-05-01,479.0426,0.0018
2016-05-02,479.0886,0.0001
2016-05-03,479.2256,0.0003
2016-05-04,477.9197,-0.0029
2016-05-05,478.0406,0.0003
2016-05-06,478.5404,0.0011
2016-05-07,478.8096,0.0006
2016-05-08,479.0189,0.0005
2016-05-09,479.2606,0.0005
2016-05-10,479.6724,0.0009
2016-05-11,480.021,0.0008
2016-05-12,480.1173,0.0002
2016-05-13,479.8058,-0.0007
2016-05-14,480.1325,0.0007
2016-05-15,480.2325,0.0002
2016-05-16,480.2987,0.0001
2016-05-17,484.0624,0.0083
2016-05-18,484.2503,0.0004
2016-05-19,484.6431,0.0009
2016-05-20,485.1082,0.001
2016-05-21,485.1336,0.0001
2016-05-22,485.098,-0.0001
2016-05-23,485.5292,0.001
2016-05-24,485.6421,0.0003
2016-05-25,486.2623,0.0014
2016-05-26,486.6288,0.0008
2016-05-27,489.4676,0.006
2016-05-28,490.4783,0.0019
2016-05-29,492.1281,0.0031
2016-05-30,493.5478,0.0027
2016-05-31,494.756,0.0023
2016-06-01,495.5802,0.0015
2016-06-02,497.4438,0.0034
2016-06-03,498.3789,0.0016
2016-06-04,499.2078,0.0014
2016-06-05,500.0217,0.0014
2016-06-06,501.4289,0.0024
2016-06-07,502.1896,0.0013
2016-06-08,503.1078,0.0016
2016-06-09,503.6818,0.001
2016-06-10,504.4103,0.0013
2016-06-11,505.2753,0.0014
2016-06-12,509.6182,0.0064
2016-06-13,514.375,0.0067
2016-06-14,515.8813,0.0022
2016-06-15,518.5014,0.0037
2016-06-16,524.0274,0.0072
2016-06-17,526.5177,0.0033
2016-06-18,528.1641,0.0022
2016-06-19,529.198,0.0013
2016-06-20,530.8217,0.0022
2016-06-21,531.6794,0.0013
2016-06-22,531.1791,-0.0008
2016-06-23,530.6745,-0.0008
2016-06-24,531.9695,0.0019
2016-06-25,534.195,0.0033
2016-06-26,533.3363,-0.0014
2016-06-27,533.8237,0.0007
2016-06-28,533.9839,0.0002
2016-06-29,533.8165,-0.0003
2016-06-30,535.865,0.003
2016-07-01,536.5911,0.0011
2016-07-02,537.3476,0.0011
2016-07-03,537.5044,0.0002
2016-07-04,537.824,0.0005
2016-07-05,538.9187,0.0016
2016-07-06,539.5017,0.0009
2016-07-07,539.3768,-0.0002
2016-07-08,539.9408,0.0008
2016-07-09,540.6033,0.001
2016-07-10,541.4914,0.0014
2016-07-11,542.7121,0.0019
2016-07-12,543.1667,0.0007
2016-07-13,543.5134,0.0005
2016-07-14,543.6696,0.0002
2016-07-15,543.825,0.0002
2016-07-16,543.9945,0.0003
2016-07-17,544.7872,0.0012
2016-07-18,545.1409,0.0005
2016-07-19,545.8108,0.001
2016-07-20,545.9411,0.0002
2016-07-21,545.6858,-0.0004
2016-07-22,545.9151,0.0004
2016-07-23,545.7022,-0.0003
2016-07-24,546.8431,0.0017
2016-07-25,547.6123,0.0012
2016-07-26,547.8399,0.0003
2016-07-27,548.2893,0.0007
2016-07-28,548.406,0.0002
2016-07-29,548.7445,0.0005
2016-07-30,549.3342,0.0009
2016-07-31,549.2312,-0.0002
2016-08-01,548.9061,-0.0005
2016-08-02,548.5291,-0.0007
2016-08-03,547.4097,-0.002
2016-08-04,549.4449,0.0035
2016-08-05,549.5026,0.0001
2016-08-06,549.4304,-0.0001
2016-08-07,549.5253,0.0002
2016-08-08,549.4672,-0.0001
2016-08-09,549.2467,-0.0004
2016-08-10,548.8942,-0.0006
2016-08-11,548.6737,-0.0004
2016-08-12,548.5599,-0.0002
2016-08-13,548.3174,-0.0004
2016-08-14,548.3564,0.0001
2016-08-15,548.0683,-0.0005
2016-08-16,548.5276,0.0008
2016-08-17,548.4536,-0.0001
2016-08-18,548.4975,0.0001
2016-08-19,548.8096,0.0005
2016-08-20,550.524,0.0029
2016-08-21,550.7116,0.0003
2016-08-22,550.8157,0.0002
2016-08-23,550.7316,-0.0001
2016-08-24,550.521,-0.0004
2016-08-25,552.5103,0.0034
2016-08-26,552.8093,0.0005
2016-08-27,552.416,-0.0007
2016-08-28,552.3849,-0.0001
2016-08-29,552.205,-0.0003
2016-08-30,553.011,0.0014
2016-08-31,553.649,0.0011
2016-09-01,553.6216,-0.0
2016-09-02,553.6657,0.0001
2016-09-03,553.6733,0.0
2016-09-04,554.1338,0.0008
2016-09-05,554.3375,0.0003
2016-09-06,554.3349,-0.0
2016-09-07,554.5434,0.0003
2016-09-08,554.8259,0.0005
2016-09-09,554.4115,-0.0007
2016-09-10,554.3673,-0.0001
2016-09-11,554.6174,0.0004
2016-09-12,554.3994,-0.0004
2016-09-13,555.1994,0.0013
2016-09-14,555.414,0.0004
2016-09-15,555.453,0.0001
2016-09-16,556.0427,0.001
2016-09-17,555.9738,-0.0001
2016-09-18,556.0584,0.0001
2016-09-19,556.1714,0.0002
2016-09-20,556.9424,0.0013
2016-09-21,556.8784,-0.0001
2016-09-22,556.7049,-0.0003
2016-09-23,556.3273,-0.0006
2016-09-24,556.1277,-0.0003
2016-09-25,556.9166,0.0013
2016-09-26,557.1305,0.0004
2016-09-27,557.3425,0.0003
2016-09-28,557.4117,0.0001
2016-09-29,557.2401,-0.0003
2016-09-30,557.1971,-0.0001
2016-10-01,557.2698,0.0001
2016-10-02,557.323,0.0001
2016-10-03,558.2826,0.0016
2016-10-04,559.0118,0.0012
2016-10-05,559.2184,0.0003
2016-10-06,559.1445,-0.0001
2016-10-07,559.36,0.0003
2016-10-08,559.6632,0.0005
2016-10-09,559.6503,-0.0
2016-10-10,559.9614,0.0005
2016-10-11,560.9954,0.0016
2016-10-12,562.7437,0.0027
2016-10-13,562.8163,0.0001
2016-10-14,563.0161,0.0003
2016-10-15,563.1344,0.0002
2016-10-16,563.1926,0.0001
2016-10-17,564.7864,0.0025
2016-10-18,565.8018,0.0016
2016-10-19,564.6445,-0.0018
2016-10-20,564.8447,0.0003
2016-10-21,565.8413,0.0016
2016-10-22,566.2713,0.0007
2016-10-23,566.7063,0.0007
2016-10-24,567.3296,0.0009
2016-10-25,568.2077,0.0013
2016-10-26,569.4384,0.0018
2016-10-27,571.0325,0.0023
2016-10-28,571.5347,0.0007
2016-10-29,572.6804,0.0016
2016-10-30,572.9136,0.0003
2016-10-31,573.6518,0.001
2016-11-01,574.62,0.0013
2016-11-02,575.3996,0.001
2016-11-03,576.2013,0.0012
2016-11-04,576.6069,0.0006
2016-11-05,576.8085,0.0003
2016-11-06,577.1673,0.0005
2016-11-07,577.4915,0.0005
2016-11-08,578.6692,0.0017
2016-11-09,579.856,0.0016
2016-11-10,580.5554,0.001
2016-11-11,581.2126,0.0009
2016-11-12,581.096,-0.0002
2016-11-13,581.0218,-0.0001
2016-11-14,581.3015,0.0004
2016-11-15,581.8656,0.0008
2016-11-16,583.6799,0.0024
2016-11-17,585.2554,0.0021
2016-11-18,585.7688,0.0007
2016-11-19,585.648,-0.0002
2016-11-20,585.8407,0.0003
2016-11-21,586.6679,0.0011
2016-11-22,587.5248,0.0011
2016-11-23,587.6518,0.0002
2016-11-24,592.1718,0.006
2016-11-25,592.4432,0.0004
2016-11-26,593.0378,0.0008
2016-11-27,593.3933,0.0005
2016-11-28,594.3518,0.0013
2016-11-29,594.7415,0.0005
2016-11-30,595.5551,0.0011
2016-12-01,596.7929,0.0016
2016-12-02,598.4122,0.002
2016-12-03,606.3531,0.01
2016-12-04,606.6554,0.0004
2016-12-05,607.5719,0.0012
2016-12-06,608.0307,0.0006
2016-12-07,608.6496,0.0008
2016-12-08,610.0765,0.0018
2016-12-09,610.4599,0.0005
2016-12-10,611.7815,0.0017
2016-12-11,612.1431,0.0005
2016-12-12,612.8217,0.0009
2016-12-13,613.5329,0.0009
2016-12-14,614.4106,0.0011
2016-12-15,615.5447,0.0014
2016-12-16,616.5805,0.0013
2016-12-17,617.383,0.001
2016-12-18,618.6354,0.0016
2016-12-19,619.2164,0.0007
2016-12-20,620.2839,0.0013
2016-12-21,623.8153,0.0042
2016-12-22,627.3336,0.004
2016-12-23,632.0698,0.0051
2016-12-24,633.5335,0.0016
2016-12-25,634.5503,0.0011
2016-12-26,635.4377,0.001
2016-12-27,637.7159,0.0024
2016-12-28,642.0066,0.0043
2016-12-29,645.3358,0.0034
2016-12-30,647.8561,0.0026
2016-12-31,648.82,0.001
2017-01-01,651.0204,0.0022
2017-01-02,654.9887,0.0039
2017-01-03,658.2025,0.0031
2017-01-04,663.0597,0.0042
2017-01-05,677.2445,0.014
2017-01-06,677.9554,0.0008
2017-01-07,677.8293,-0.0001
2017-01-08,679.1858,0.0015
2017-01-09,680.705,0.0017
2017-01-10,681.6839,0.0011
2017-01-11,682.2086,0.0007
2017-01-12,681.4728,-0.0009
2017-01-13,681.8388,0.0004
2017-01-14,681.9726,0.0002
2017-01-15,682.0707,0.0001
2017-01-16,682.5232,0.0005
2017-01-17,684.2625,0.0019
2017-01-18,684.8556,0.0007
2017-01-19,685.3986,0.0006
2017-01-20,685.9264,0.0006
2017-01-21,686.8361,0.001
2017-01-22,688.1533,0.0014
2017-01-23,688.9605,0.0009
2017-01-24,690.9014,0.0022
2017-01-25,691.8063,0.001
2017-01-26,692.3693,0.0006
2017-01-27,692.652,0.0003
2017-01-28,692.9027,0.0003
2017-01-29,696.3349,0.0037
2017-01-30,696.844,0.0006
2017-01-31,698.1085,0.0013
2017-02-01,699.5626,0.0015
2017-02-02,701.3934,0.0018
2017-02-03,704.5737,0.0031
2017-02-04,705.8373,0.0012
2017-02-05,707.1983,0.0013
2017-02-06,709.0279,0.0018
2017-02-07,711.8404,0.0026
2017-02-08,713.4404,0.0015
2017-02-09,716.045,0.0026
2017-02-10,717.737,0.0017
2017-02-11,718.2563,0.0005
2017-02-12,719.473,0.0012
2017-02-13,720.9627,0.0015
2017-02-14,722.3728,0.0014
2017-02-15,722.7233,0.0003
2017-02-16,723.8444,0.0011
2017-02-17,726.3022,0.0023
2017-02-18,727.2242,0.0009
2017-02-19,728.2761,0.001
2017-02-20,729.3951,0.001
2017-02-21,731.8742,0.0022
2017-02-22,736.0751,0.0037
2017-02-23,739.13,0.0026
2017-02-24,745.5249,0.0053
2017-02-25,747.0167,0.0013
2017-02-26,747.9065,0.0007
2017-02-27,749.938,0.0017
2017-02-28,751.801,0.0015
2017-03-01,754.7986,0.0024
2017-03-02,758.3129,0.0028
2017-03-03,763.7127,0.0042
2017-03-04,765.7705,0.0016
2017-03-05,767.4917,0.0013
2017-03-06,771.5105,0.0031
2017-03-07,773.8255,0.0019
2017-03-08,775.5963,0.0015
2017-03-09,776.722,0.0009
2017-03-10,779.3564,0.0023
2017-03-11,780.3337,0.0008
2017-03-12,781.6222,0.001
2017-03-13,789.791,0.0065
2017-03-14,791.8055,0.0016
2017-03-15,794.9246,0.0025
2017-03-16,798.5178,0.003
2017-03-17,801.1998,0.0025
2017-03-18,803.4201,0.0023
2017-03-19,804.9539,0.0015
2017-03-20,805.1157,0.0002
2017-03-21,808.4402,0.003
2017-03-22,810.017,0.0015
2017-03-23,810.6436,0.0006
2017-03-24,815.0907,0.0047
2017-03-25,816.1816,0.0011
2017-03-26,818.4841,0.0024
2017-03-27,819.9965,0.0014
2017-03-28,822.0094,0.0019
2017-03-29,822.7902,0.0007
2017-03-30,824.3557,0.0015
2017-03-31,826.4957,0.002
2017-04-01,828.0714,0.0014
2017-04-02,829.3847,0.0012
2017-04-03,831.9087,0.0022
2017-04-04,833.247,0.0012
2017-04-05,834.8091,0.0014
2017-04-06,837.1739,0.002
2017-04-07,840.676,0.0029
2017-04-08,841.7352,0.0009
2017-04-09,842.9296,0.001
2017-04-10,844.8229,0.0016
2017-04-11,846.928,0.0017
2017-04-12,848.9507,0.0017
2017-04-13,849.5904,0.0005
2017-04-14,851.3058,0.0014
2017-04-15,851.9078,0.0005
2017-04-16,852.3086,0.0003
2017-04-17,854.1679,0.0015
2017-04-18,855.9673,0.0015
2017-04-19,857.16,0.001
2017-04-20,859.0977,0.0015
2017-04-21,860.33,0.001
2017-04-22,860.954,0.0005
2017-04-23,862.2973,0.0011
2017-04-24,865.0304,0.0021
2017-04-25,867.5947,0.002
2017-04-26,870.1482,0.0019
2017-04-27,872.6233,0.0018
2017-04-28,878.2734,0.0042
2017-04-29,880.4026,0.0016
2017-04-30,882.8409,0.0018
2017-05-01,890.4098,0.0052
2017-05-02,895.3672,0.0033
2017-05-03,898.4363,0.002
2017-05-04,907.2785,0.0056
2017-05-05,916.0742,0.0057
2017-05-06,919.4498,0.0021
2017-05-07,920.1493,0.0004
2017-05-08,928.1625,0.0047
2017-05-09,937.7997,0.0055
2017-05-10,943.8541,0.0033
2017-05-11,955.1332,0.0061
2017-05-12,960.7526,0.0033
2017-05-13,963.4529,0.0015
2017-05-14,966.146,0.0015
2017-05-15,970.8306,0.0026
2017-05-16,974.0451,0.0018
2017-05-17,984.0611,0.0053
2017-05-18,988.4485,0.0022
2017-05-19,997.276,0.0044
2017-05-20,1004.2089,0.0033
2017-05-21,1011.5927,0.0036
2017-05-22,1034.1274,0.0107
2017-05-23,1050.8551,0.0074
2017-05-24,1069.7402,0.0076
2017-05-25,1100.8897,0.0133
2017-05-26,1112.023,0.0049
2017-05-27,1115.0835,0.0015
2017-05-28,1120.7326,0.0027
2017-05-29,1126.2393,0.0024
2017-05-30,1134.7546,0.0039
2017-05-31,1144.7399,0.0043
2017-06-01,1156.8905,0.005
2017-06-02,1163.2738,0.0026
2017-06-03,1172.3692,0.0035
2017-06-04,1179.9821,0.0029
2017-06-05,1190.6623,0.0039
2017-06-06,1205.451,0.0051
2017-06-07,1213.8414,0.0031
2017-06-08,1224.4414,0.0037
2017-06-09,1235.9018,0.004
2017-06-10,1253.7361,0.0062
2017-06-11,1263.6545,0.0033
2017-06-12,1286.4797,0.0084
2017-06-13,1307.2129,0.0075
2017-06-14,1318.1643,0.0043
2017-06-15,1318.4649,0.0001
2017-06-16,1330.5378,0.0048
2017-06-17,1334.1759,0.0013
2017-06-18,1350.1602,0.0062
2017-06-19,1359.2275,0.0034
2017-06-20,1370.8921,0.0042
2017-06-21,1379.2961,0.003
2017-06-22,1387.8213,0.003
2017-06-23,1393.9165,0.0022
2017-06-24,1398.7009,0.0018
2017-06-25,1401.5914,0.0011
2017-06-26,1403.2713,0.0007
2017-06-27,1407.4898,0.0016
2017-06-28,1415.0239,0.0029
2017-06-29,1420.9849,0.0023
2017-06-30,1429.9445,0.0036
2017-07-01,1433.0328,0.0013
2017-07-02,1437.1041,0.0016
2017-07-03,1445.1376,0.0031
2017-07-04,1450.5562,0.0021
2017-07-05,1460.194,0.0037
2017-07-06,1465.4237,0.002
2017-07-07,1473.3088,0.0031
2017-07-08,1476.1501,0.0011
2017-07-09,1478.9398,0.0011
2017-07-10,1481.3083,0.001
2017-07-11,1483.6955,0.001
2017-07-12,1484.5505,0.0004
2017-07-13,1489.1341,0.0019
2017-07-14,1491.5889,0.0011
2017-07-15,1489.8376,-0.0009
2017-07-16,1487.6962,-0.0011
2017-07-17,1498.4557,0.0048
2017-07-18,1504.6662,0.0027
2017-07-19,1509.6681,0.0022
2017-07-20,1522.091,0.0043
2017-07-21,1531.2205,0.0034
2017-07-22,1538.3701,0.0025
2017-07-23,1542.9855,0.0017
2017-07-24,1549.5374,0.0024
2017-07-25,1575.3372,0.01
2017-07-26,1579.206,0.0015
2017-07-27,1594.2209,0.0056
2017-07-28,1635.4012,0.0147
2017-07-29,1677.9088,0.0156
2017-07-30,1734.8918,0.0207
2017-07-31,1813.0917,0.0271
2017-08-01,1837.0894,0.0088
2017-08-02,1858.0399,0.0077
2017-08-03,1888.5832,0.0109
2017-08-04,1945.2042,0.0198
2017-08-05,1987.8339,0.0131
2017-08-06,2031.7371,0.0137
2017-08-07,2074.567,0.0126
2017-08-08,2119.0806,0.0129
2017-08-09,2153.1484,0.0101
2017-08-10,2170.205,0.005
2017-08-11,2186.4008,0.0044
2017-08-12,2211.5981,0.0065
2017-08-13,2238.2648,0.0065
2017-08-14,2269.6404,0.0072
2017-08-15,2291.9923,0.0053
2017-08-16,2311.0787,0.0044
2017-08-17,2343.8077,0.0076
2017-08-18,2368.2769,0.0059
2017-08-19,2393.4335,0.006
2017-08-20,2433.5351,0.0098
2017-08-21,2446.8326,0.0033
2017-08-22,2469.1652,0.0055
2017-08-23,2497.8234,0.0069
2017-08-24,2512.1029,0.0033
2017-08-25,2528.3019,0.0037
2017-08-26,2543.5206,0.0035
2017-08-27,2555.6226,0.0028
2017-08-28,2570.44,0.0034
2017-08-29,2603.541,0.0072
2017-08-30,2624.9999,0.0047
2017-08-31,2652.5789,0.0059
2017-09-01,2680.6523,0.0057
2017-09-02,2701.4017,0.0045
2017-09-03,2715.1483,0.003
2017-09-04,2735.8865,0.0048
2017-09-05,2746.3322,0.0024
2017-09-06,2763.3502,0.0037
2017-09-07,2784.2975,0.0046
2017-09-08,2790.6786,0.0015
2017-09-09,2794.7825,0.0009
2017-09-10,2808.7377,0.0033
2017-09-11,2818.5187,0.0023
2017-09-12,2828.1105,0.0023
2017-09-13,2830.5013,0.0006
2017-09-14,2829.9095,-0.0002
2017-09-15,2839.6336,0.0026
2017-09-16,2848.36,0.0024
2017-09-17,2850.6722,0.0006
2017-09-18,2859.1598,0.0021
2017-09-19,2866.5441,0.0019
2017-09-20,2872.2769,0.0015
2017-09-21,2877.7251,0.0015
2017-09-22,2885.6897,0.0022
2017-09-23,2890.6266,0.0013
2017-09-24,2892.9514,0.0006
2017-09-25,2942.3926,0.0127
2017-09-26,2953.4574,0.0029
2017-09-27,2962.297,0.0021
2017-09-28,2975.4882,0.0032
2017-09-29,2981.2305,0.0014
2017-09-30,2998.2059,0.0039
2017-10-01,3005.5225,0.0017
2017-10-02,3022.0659,0.0038
2017-10-03,3032.6379,0.0024
2017-10-04,3041.6668,0.0021
2017-10-05,3073.1874,0.0073
2017-10-06,3080.9292,0.0018
2017-10-07,3088.2346,0.0017
2017-10-08,3104.1829,0.0035
2017-10-09,3131.5759,0.0057
2017-10-10,3154.3644,0.0048
2017-10-11,3163.7118,0.0019
2017-10-12,3185.3063,0.0039
2017-10-13,3224.2254,0.0069
2017-10-14,3241.5056,0.003
2017-10-15,3262.6714,0.0037
2017-10-16,3296.0205,0.0058
2017-10-17,3322.0803,0.0046
2017-10-18,3337.0055,0.0027
2017-10-19,3366.9584,0.0053
2017-10-20,3383.7195,0.0028
2017-10-21,3400.0141,0.0027
2017-10-22,3434.2323,0.0057
2017-10-23,3490.5583,0.0095
2017-10-24,3512.9608,0.0041
2017-10-25,3528.243,0.0027
2017-10-26,3541.6569,0.0023
2017-10-27,3551.7489,0.0017
2017-10-28,3558.9371,0.0013
2017-10-29,3577.1729,0.003
2017-10-30,3604.9575,0.0046
2017-10-31,3626.9202,0.0034
2017-11-01,3666.0438,0.0058
2017-11-02,3716.3112,0.0071
2017-11-03,3749.4881,0.0046
2017-11-04,3773.1499,0.0032
2017-11-05,3815.7673,0.0057
2017-11-06,3835.2752,0.0028
2017-11-07,3870.7349,0.0049
2017-11-08,3899.2405,0.0038
2017-11-09,3933.2092,0.0047
2017-11-10,3972.5525,0.006
2017-11-11,4007.7612,0.0055
2017-11-12,4154.0822,0.0249
2017-11-13,4214.9293,0.0093
2017-11-14,4236.8615,0.0033
2017-11-15,4269.843,0.0045
2017-11-16,4335.3826,0.0083
2017-11-17,4404.8154,0.009
2017-11-18,4434.0345,0.0038
2017-11-19,4465.4159,0.0039
2017-11-20,4524.5101,0.0072
2017-11-21,4574.4169,0.0062
2017-11-22,4598.2503,0.0029
2017-11-23,4623.8593,0.0032
2017-11-24,4688.7407,0.0079
2017-11-25,4743.3359,0.0062
2017-11-26,4801.7473,0.0063
2017-11-27,4874.6678,0.0074
2017-11-28,4971.362,0.0095
2017-11-29,5076.7369,0.0106
2017-11-30,5120.896,0.0043
2017-12-01,5179.1679,0.0053
2017-12-02,5238.3485,0.0053
2017-12-03,5280.7596,0.0037
2017-12-04,5352.9449,0.0062
2017-12-05,5416.6802,0.0054
2017-12-06,5525.3993,0.0079
2017-12-07,5959.6571,0.0238
2017-12-08,6164.6701,0.0125
2017-12-09,6251.5791,0.0057
2017-12-10,6332.0628,0.0053
2017-12-11,6458.4649,0.0075
2017-12-12,6737.4342,0.0163
2017-12-13,6895.3473,0.0096
2017-12-14,6989.0011,0.0056
2017-12-15,7114.447,0.0071
2017-12-16,7209.1475,0.0048
2017-12-17,7369.5053,0.0083
2017-12-18,7464.5311,0.005
2017-12-19,7555.6717,0.0052
2017-12-20,7752.2648,0.0119
2017-12-21,7810.1263,0.0037
2017-12-22,7871.9369,0.0045
2017-12-23,7920.0885,0.0033
2017-12-24,7975.823,0.004
2017-12-25,7998.3114,0.0016
2017-12-26,8099.152,0.0063
2017-12-27,8197.3868,0.0063
2017-12-28,8221.4144,0.0016
2017-12-29,8278.883,0.0039
2017-12-30,8333.4245,0.0042
2017-12-31,8351.4397,0.0013
2018-01-01,8318.6564,-0.0024
2018-01-02,8356.1843,0.0025
2018-01-03,8394.1638,0.0025
2018-01-04,8426.9359,0.0021
2018-01-05,8530.9936,0.006
2018-01-06,8602.9404,0.0041
2018-01-07,8776.3064,0.0104
2018-01-08,8793.2713,0.0011
2018-01-09,8816.8815,0.0016
2018-01-10,8818.1514,0.0001
2018-01-11,8853.2758,0.0025
2018-01-12,8894.5721,0.0029
2018-01-13,8924.6745,0.002
2018-01-14,8938.1123,0.0009
2018-01-15,8949.538,0.0008
2018-01-16,8957.3808,0.0007
2018-01-17,8955.4444,-0.0002
2018-01-18,8953.1411,-0.0002
2018-01-19,8966.8382,0.0011
2018-01-20,8975.0961,0.0006
2018-01-21,8973.0855,-0.0002
2018-01-22,8977.61,0.0004
2018-01-23,8972.0844,-0.0005
2018-01-24,8971.5785,-0.0
2018-01-25,8972.4263,0.0001
2018-01-26,8993.5483,0.0019
2018-01-27,8999.1233,0.0005
2018-01-28,9040.0031,0.0034
2018-01-29,9037.7929,-0.0002
2018-01-30,9019.9337,-0.0017
2018-01-31,9014.1264,-0.0006
2018-02-01,9021.1843,0.0008
2018-02-02,8982.9207,-0.0043
2018-02-03,8975.8488,-0.0008
2018-02-04,9037.9146,0.0075
2018-02-05,9035.8382,-0.0003
2018-02-06,9033.9972,-0.0002
2018-02-07,9022.0443,-0.0016
2018-02-08,9025.4361,0.0004
2018-02-09,9011.6688,-0.0016
2018-02-10,9012.6945,0.0001
2018-02-11,9012.4126,-0.0
2018-02-12,9018.5371,0.0007
2018-02-13,9010.8121,-0.0009
2018-02-14,9019.9659,0.001
2018-02-15,9061.8779,0.0041
2018-02-16,9071.5991,0.0009
2018-02-17,9075.5389,0.0004
2018-02-18,9085.5088,0.0009
2018-02-19,9096.9224,0.001
2018-02-20,9136.0931,0.0035
2018-02-21,9145.887,0.0009
2018-02-22,9380.2539,0.0234
2018-02-23,9385.8343,0.0005
2018-02-24,9387.6819,0.0002
2018-02-25,9384.442,-0.0003
2018-02-26,9389.755,0.0005
2018-02-27,9384.3115,-0.0005
2018-02-28,9423.0697,0.0037
2018-03-01,9435.4323,0.0011
2018-03-02,9447.1736,0.001
2018-03-03,9455.7095,0.0007
2018-03-04,9477.2367,0.0019
2018-03-05,9506.3746,0.0025
2018-03-06,9513.8265,0.0007
2018-03-07,9503.4037,-0.001
2018-03-08,9494.9108,-0.0009
2018-03-09,9470.9377,-0.0026
2018-03-10,9465.1397,-0.0006
2018-03-11,9470.2594,0.0005
2018-03-12,9471.4847,0.0001
2018-03-13,9466.3403,-0.0006
2018-03-14,9447.4597,-0.0022
2018-03-15,9439.4006,-0.001
2018-03-16,9436.2225,-0.0004
2018-03-17,9423.8614,-0.0015
2018-03-18,9419.4764,-0.0005
2018-03-19,9418.1,-0.0002
2018-03-20,9409.4394,-0.001
2018-03-21,9410.1254,0.0001
2018-03-22,9399.9931,-0.0011
2018-03-23,9389.9929,-0.0011
2018-03-24,9398.123,0.0009
2018-03-25,9390.1274,-0.0009
2018-03-26,9373.1038,-0.0021
2018-03-27,9346.4523,-0.0034
2018-03-28,9324.9369,-0.0027
2018-03-29,9308.4355,-0.0023
2018-03-30,9294.3063,-0.002
2018-03-31,9293.2461,-0.0002
2018-04-01,9289.1411,-0.0006
2018-04-02,9284.247,-0.0007
2018-04-03,9277.2281,-0.0009
2018-04-04,9265.979,-0.0016
2018-04-05,9252.9555,-0.0019
2018-04-06,9231.396,-0.0032
2018-04-07,9226.1003,-0.0008
2018-04-08,9227.2411,0.0002
2018-04-09,9210.5574,-0.0024
2018-04-10,9203.701,-0.001
2018-04-11,9209.6852,0.0009
2018-04-12,9214.1388,0.0006
2018-04-13,9221.8309,0.001
2018-04-14,9216.0391,-0.0007
2018-04-15,9217.0694,0.0001
2018-04-16,9203.1886,-0.0017
2018-04-17,9195.0609,-0.001
2018-04-18,9192.4815,-0.0003
2018-04-19,9236.423,0.0053
2018-04-20,9242.6412,0.0007
2018-04-21,9245.5444,0.0003
2018-04-22,9240.0418,-0.0006
2018-04-23,9248.0315,0.0009
2018-04-24,9260.1092,0.0013
2018-04-25,9259.4785,-0.0001
2018-04-26,9285.8744,0.0028
2018-04-27,9285.0721,-0.0001
2018-04-28,9277.1035,-0.0009
2018-04-29,9278.2333,0.0001
2018-04-30,9285.2011,0.0008
2018-05-01,9279.7755,-0.0006
2018-05-02,9304.5126,0.0027
2018-05-03,9300.5132,-0.0004
2018-05-04,9308.0843,0.0008
2018-05-05,9311.6953,0.0004
2018-05-06,9308.3216,-0.0004
2018-05-07,9307.8967,-0.0
2018-05-08,9304.4062,-0.0004
2018-05-09,9313.6605,0.001
2018-05-10,9319.008,0.0006
2018-05-11,9298.6206,-0.0024
2018-05-12,9282.0116,-0.0019
2018-05-13,9274.3413,-0.0009
2018-05-14,9371.1798,0.0111
2018-05-15,9374.1132,0.0003
2018-05-16,9353.4979,-0.0025
2018-05-17,9423.5921,0.0087
2018-05-18,9408.9526,-0.0018
2018-05-19,9410.1235,0.0001
2018-05-20,9396.2977,-0.0016
2018-05-21,9376.5473,-0.0023
2018-05-22,9369.9777,-0.0008
2018-05-23,9366.4459,-0.0005
2018-05-24,9367.266,0.0001
2018-05-25,9356.3043,-0.0015
2018-05-26,9344.6244,-0.0016
2018-05-27,9336.2072,-0.0011
2018-05-28,9321.9358,-0.002
2018-05-29,9314.213,-0.001
2018-05-30,9311.7414,-0.0003
2018-05-31,9297.241,-0.0019
2018-06-01,9287.8852,-0.0012
2018-06-02,9279.1493,-0.0011
2018-06-03,9243.7866,-0.0046
2018-06-04,9217.5556,-0.0035
2018-06-05,9203.2275,-0.0019
2018-06-06,9192.6594,-0.0014
2018-06-07,9186.1136,-0.0009
2018-06-08,9172.698,-0.0018
2018-06-09,9160.2919,-0.0016
2018-06-10,9140.885,-0.0028
2018-06-11,9095.3071,-0.0066
2018-06-12,9071.9177,-0.0035
2018-06-13,9051.0208,-0.0033
2018-06-14,9039.0182,-0.0018
2018-06-15,9023.1845,-0.0024
2018-06-16,9008.9581,-0.0022
2018-06-17,8998.8073,-0.0015
2018-06-18,8986.9289,-0.0018
2018-06-19,8974.8355,-0.0018
2018-06-20,8959.556,-0.0023
2018-06-21,8955.294,-0.0006
2018-06-22,8937.061,-0.003
2018-06-23,8925.8423,-0.0018
2018-06-24,8911.6004,-0.0023
2018-06-25,8902.0312,-0.0015
2018-06-26,8892.7219,-0.0015
2018-06-27,8802.4174,-0.0147
2018-06-28,8792.0243,-0.0018
2018-06-29,8781.0696,-0.0018
2018-06-30,8763.9381,-0.0027
2018-07-01,8746.3167,-0.0028
2018-07-02,8744.0369,-0.0003
2018-07-03,8737.2371,-0.001
2018-07-04,8735.1538,-0.0003
2018-07-05,8725.6911,-0.0014
2018-07-06,8714.0882,-0.0017
2018-07-07,8702.4126,-0.0017
2018-07-08,8693.0927,-0.0014
2018-07-09,8678.4822,-0.0022
2018-07-10,8664.3098,-0.0022
2018-07-11,8648.0595,-0.0025
2018-07-12,8632.3623,-0.0025
2018-07-13,8614.9906,-0.0028
2018-07-14,8602.1957,-0.002
2018-07-15,8597.8733,-0.0007
2018-07-16,8594.8092,-0.0005
2018-07-17,8592.1275,-0.0004
2018-07-18,8590.8758,-0.0002
2018-07-19,8588.6535,-0.0003
2018-07-20,8583.1166,-0.0008
2018-07-21,8583.6878,0.0001
2018-07-22,8584.6068,0.0001
2018-07-23,8589.0228,0.0006
2018-07-24,8595.268,0.0007
2018-07-25,8596.4856,0.0001
2018-07-26,8594.9641,-0.0002
2018-07-27,8561.2093,-0.0041
2018-07-28,8561.9225,0.0001
2018-07-29,8552.6778,-0.0011
2018-07-30,8553.5218,0.0001
2018-07-31,8550.6356,-0.0004
2018-08-01,8544.9346,-0.0007
2018-08-02,8536.8459,-0.0011
2018-08-03,8524.5053,-0.0017
2018-08-04,8517.8216,-0.001
2018-08-05,8512.0298,-0.0008
2018-08-06,8508.0769,-0.0006
2018-08-07,8488.8753,-0.0028
2018-08-08,8477.3922,-0.0018
2018-08-09,8465.1569,-0.0019
2018-08-10,8462.586,-0.0004
2018-08-11,8434.1952,-0.0045
2018-08-12,8429.8365,-0.0007
2018-08-13,8429.7927,-0.0
2018-08-14,8416.2379,-0.0022
2018-08-15,8405.2291,-0.0018
2018-08-16,8404.6606,-0.0001
2018-08-17,8407.8664,0.0005
2018-08-18,8400.0061,-0.0012
2018-08-19,8403.0323,0.0005
2018-08-20,8400.9566,-0.0003
2018-08-21,8399.4891,-0.0002
2018-08-22,8402.3031,0.0004
2018-08-23,8406.0818,0.0006
2018-08-24,8402.3445,-0.0006
2018-08-25,8413.0863,0.0016
2018-08-26,8418.6067,0.0008
2018-08-27,8427.7668,0.0013
2018-08-28,8433.6125,0.0008
2018-08-29,8439.0683,0.0008
2018-08-30,8443.8482,0.0007
2018-08-31,8439.4382,-0.0006
2018-09-01,8433.9916,-0.0008
2018-09-02,8434.0753,0.0
2018-09-03,8431.4476,-0.0004
2018-09-04,8430.1973,-0.0002
2018-09-05,8423.193,-0.001
2018-09-06,8412.7082,-0.0016
2018-09-07,8405.8283,-0.0011
2018-09-08,8402.1908,-0.0006
2018-09-09,8397.8739,-0.0007
2018-09-10,8392.7156,-0.0008
2018-09-11,8384.3643,-0.0013
2018-09-12,8374.66,-0.0015
2018-09-13,8374.822,0.0
2018-09-14,8369.9445,-0.0007
2018-09-15,8366.2811,-0.0006
2018-09-16,8364.2369,-0.0003
2018-09-17,8361.616,-0.0004
2018-09-18,8356.3555,-0.0008
2018-09-19,8351.8936,-0.0007
2018-09-20,8348.4055,-0.0005
2018-09-21,8332.5841,-0.0023
2018-09-22,8323.7884,-0.0013
2018-09-23,8321.3538,-0.0004
2018-09-24,8318.0015,-0.0005
2018-09-25,8310.0408,-0.0012
2018-09-26,8301.9363,-0.0013
2018-09-27,8298.7202,-0.0005
2018-09-28,8304.8786,0.0009
2018-09-29,8299.9759,-0.0007
2018-09-30,8293.816,-0.0009
2018-10-01,8287.4177,-0.001
2018-10-02,8283.6932,-0.0006
2018-10-03,8279.696,-0.0006
2018-10-04,8268.6825,-0.0017
2018-10-05,8265.6003,-0.0005
2018-10-06,8262.2715,-0.0005
2018-10-07,8259.8094,-0.0004
2018-10-08,8259.4093,-0.0001
2018-10-09,8257.3154,-0.0003
2018-10-10,8257.2566,-0.0
2018-10-11,8212.9013,-0.0071
2018-10-12,8210.5203,-0.0004
2018-10-13,8206.1497,-0.0007
2018-10-14,8203.3026,-0.0004
2018-10-15,8201.5949,-0.0003
2018-10-16,8187.297,-0.0022
2018-10-17,8179.4211,-0.0012
2018-10-18,8171.2035,-0.0013
2018-10-19,8156.7426,-0.0022
2018-10-20,8094.7584,-0.0095
2018-10-21,8092.9656,-0.0003
2018-10-22,8092.4772,-0.0001
2018-10-23,8090.191,-0.0004
2018-10-24,8085.9181,-0.0007
2018-10-25,8080.5338,-0.0008
2018-10-26,8078.5103,-0.0003
2018-10-27,8076.6354,-0.0003
2018-10-28,8075.4943,-0.0002
2018-10-29,8073.6546,-0.0003
2018-10-30,8070.3132,-0.0005
2018-10-31,8063.051,-0.0011
2018-11-01,8056.0043,-0.0011
2018-11-02,8055.3421,-0.0001
2018-11-03,8051.8233,-0.0005
2018-11-04,8051.8109,-0.0
2018-11-05,8051.053,-0.0001
2018-11-06,8048.5528,-0.0004
2018-11-07,8047.062,-0.0002
2018-11-08,8045.7415,-0.0002
2018-11-09,8044.6361,-0.0002
2018-11-10,8040.32,-0.0007
2018-11-11,8039.0707,-0.0002
2018-11-12,8036.1167,-0.0005
2018-11-13,8030.7918,-0.0008
2018-11-14,8029.5443,-0.0002
2018-11-15,7986.2976,-0.0075
2018-11-16,7977.7623,-0.0015
2018-11-17,7972.4144,-0.0009
2018-11-18,7970.6233,-0.0003
2018-11-19,7953.1435,-0.0036
2018-11-20,7911.3661,-0.0093
2018-11-21,7895.4863,-0.0034
2018-11-22,7883.2713,-0.0028
2018-11-23,7867.8805,-0.0035
2018-11-24,7858.0136,-0.0025
2018-11-25,7838.4902,-0.0048
2018-11-26,7819.5316,-0.005
2018-11-27,7797.4215,-0.0057
2018-11-28,7796.1588,-0.0003
2018-11-29,7803.9635,0.0018
2018-11-30,7811.711,0.0019
2018-12-01,7841.7573,0.0071
2018-12-02,7836.9866,-0.0011
2018-12-03,7871.6499,0.0089
2018-12-04,8026.267,0.0386
2018-12-05,7940.652,-0.0227
2018-12-06,7902.4584,-0.0109
2018-12-07,7884.2888,-0.0053
2018-12-08,7871.1342,-0.0037
2018-12-09,7867.7038,-0.0009
2018-12-10,7856.1428,-0.0033
2018-12-11,7824.5635,-0.0092
2018-12-12,7812.6218,-0.0034
2018-12-13,7803.2407,-0.0028
2018-12-14,7785.148,-0.0055
2018-12-15,7776.9975,-0.0025
2018-12-16,7769.9542,-0.0021
2018-12-17,7763.3689,-0.0018
2018-12-18,7750.11,-0.0035
2018-12-19,7745.3901,-0.0013
2018-12-20,7742.2957,-0.0007
2018-12-21,7731.5049,-0.0028
2018-12-22,7726.4972,-0.0012
2018-12-23,7719.9302,-0.0016
2018-12-24,7715.4742,-0.0011
2018-12-25,7706.2094,-0.0024
2018-12-26,7699.7924,-0.0016
2018-12-27,7692.9444,-0.0018
2018-12-28,7679.3387,-0.0034
2018-12-29,7671.1012,-0.0022
2018-12-30,7665.0245,-0.0016
2018-12-31,7647.7972,-0.0045
2019-01-01,7640.0594,-0.002
2019-01-02,7635.0271,-0.0013
2019-01-03,7628.5451,-0.0017
2019-01-04,7624.3425,-0.0011
2019-01-05,7620.8054,-0.0009
2019-01-06,7616.775,-0.001
2019-01-07,7616.734,-0.0
2019-01-08,7608.4664,-0.002
2019-01-09,7606.387,-0.0005
2019-01-10,7574.7079,-0.0086
2019-01-11,7531.3571,-0.0117
2019-01-12,7525.2518,-0.0016
2019-01-13,7520.744,-0.0013
2019-01-14,7522.8109,0.0006
2019-01-15,7554.8232,0.0089
2019-01-16,7557.8703,0.0008
2019-01-17,7549.9218,-0.0021
2019-01-18,7544.9502,-0.0013
2019-01-19,7533.5072,-0.003
2019-01-20,7530.0814,-0.0009
2019-01-21,7530.383,0.0001
2019-01-22,7511.712,-0.0051
2019-01-23,7504.7639,-0.0019
2019-01-24,7497.2101,-0.0021
2019-01-25,7487.6083,-0.0026
2019-01-26,7482.1583,-0.0015
2019-01-27,7473.7273,-0.0023
2019-01-28,7464.6824,-0.0026
2019-01-29,7452.5761,-0.0035
2019-01-30,7441.6189,-0.0031
2019-01-31,7435.3663,-0.0018
2019-02-01,7425.4749,-0.0028
2019-02-02,7421.8118,-0.001
2019-02-03,7418.2153,-0.001
2019-02-04,7410.5214,-0.0022
2019-02-05,7405.1132,-0.0015
2019-02-06,7399.0202,-0.0018
2019-02-07,7393.0919,-0.0017
2019-02-08,7387.7664,-0.0015
2019-02-09,7384.2436,-0.001
2019-02-10,7382.3218,-0.0005
2019-02-11,7377.0041,-0.0015
2019-02-12,7370.6484,-0.0017
2019-02-13,7351.5387,-0.0052
2019-02-14,7348.3219,-0.0009
2019-02-15,7331.0728,-0.0047
2019-02-16,7323.977,-0.002
2019-02-17,7319.5939,-0.0012
2019-02-18,7315.7771,-0.001
2019-02-19,7312.0817,-0.001
2019-02-20,7322.5863,0.0026
2019-02-21,7317.5158,-0.0013
2019-02-22,7313.8383,-0.0009
2019-02-23,7311.044,-0.0007
2019-02-24,7307.4109,-0.0009
2019-02-25,7302.5805,-0.0012
2019-02-26,7300.426,-0.0006
2019-02-27,7295.8231,-0.0012
2019-02-28,7309.7923,0.0037
2019-03-01,7307.5083,-0.0006
2019-03-02,7302.0083,-0.0014
2019-03-03,7299.5826,-0.0006
2019-03-04,7292.9953,-0.0017
2019-03-05,7289.9714,-0.0008
2019-03-06,7286.0765,-0.001
2019-03-07,7284.3527,-0.0004
2019-03-08,7280.476,-0.001
2019-03-09,7278.5674,-0.0005
2019-03-10,7276.6943,-0.0005
2019-03-11,7274.0028,-0.0007
2019-03-12,7269.8149,-0.0011
2019-03-13,7267.3277,-0.0006
2019-03-14,7261.5838,-0.0015
2019-03-15,7257.7169,-0.001
2019-03-16,7251.2381,-0.0016
2019-03-17,7249.8924,-0.0003
2019-03-18,7247.6228,-0.0006
2019-03-19,7242.8972,-0.0012
2019-03-20,7240.9869,-0.0005
2019-03-21,7238.4632,-0.0006
2019-03-22,7233.8872,-0.0012
2019-03-23,7231.1073,-0.0007
2019-03-24,7228.5132,-0.0006
2019-03-25,7225.3036,-0.0008
2019-03-26,7218.7568,-0.0017
2019-03-27,7215.781,-0.0007
2019-03-28,7213.6843,-0.0005
2019-03-29,7220.07,0.0016
2019-03-30,7210.8058,-0.0022
2019-03-31,7201.067,-0.0024
2019-04-01,7200.9508,-0.0
2019-04-02,7212.8681,0.0024
2019-04-03,7223.7382,0.0022
2019-04-04,7216.7077,-0.0014
2019-04-05,7216.0828,-0.0001
2019-04-06,7214.0036,-0.0004
2019-04-07,7212.7228,-0.0002
2019-04-08,7216.5952,0.0007
2019-04-09,7217.0384,0.0001
2019-04-10,7222.1191,0.001
2019-04-11,7222.4704,0.0001
2019-04-12,7226.2224,0.0007
2019-04-13,7223.5464,-0.0005
2019-04-14,7219.6773,-0.0007
2019-04-15,7217.8529,-0.0004
2019-04-16,7216.7102,-0.0002
2019-04-17,7219.6254,0.0006
2019-04-18,7218.9847,-0.0001
2019-04-19,7224.3876,0.001
2019-04-20,7222.5679,-0.0003
2019-04-21,7219.4271,-0.0006
2019-04-22,7222.5191,0.0006
2019-04-23,7224.115,0.0003
2019-04-24,7214.9325,-0.0017
2019-04-25,7213.4022,-0.0003
2019-04-26,7203.7649,-0.0018
2019-04-27,7198.1721,-0.001
2019-04-28,7196.4545,-0.0003
2019-04-29,7192.0387,-0.0008
2019-04-30,7191.3038,-0.0001
2019-05-01,7158.7823,-0.006
2019-05-02,7155.6227,-0.0006
2019-05-03,7158.496,0.0005
2019-05-04,7139.0414,-0.0034
2019-05-05,7130.0092,-0.0016
2019-05-06,7135.1664,0.0009
2019-05-07,7118.9582,-0.0028
2019-05-08,7062.2055,-0.0096
2019-05-09,7033.7568,-0.0046
2019-05-10,7016.2312,-0.0027
2019-05-11,7032.9885,0.0023
2019-05-12,7049.6126,0.0024
2019-05-13,7082.9081,0.0043
2019-05-14,7136.0252,0.0067
2019-05-15,7173.451,0.0046
2019-05-16,7205.9018,0.0041
2019-05-17,7201.2233,-0.0006
2019-05-18,7202.4976,0.0002
2019-05-19,7212.9805,0.0013
2019-05-20,7221.4107,0.0011
2019-05-21,7229.3574,0.001
2019-05-22,7234.0452,0.0006
2019-05-23,7236.3267,0.0003
2019-05-24,7246.1714,0.0012
2019-05-25,7253.2824,0.0009
2019-05-26,7261.1636,0.0009
2019-05-27,7278.4882,0.002
2019-05-28,7294.062,0.0018
2019-05-29,7368.0519,0.0085
2019-05-30,7376.5059,0.001
2019-05-31,7383.7357,0.0008
2019-06-01,7388.6176,0.0006
2019-06-02,7395.4929,0.0008
2019-06-03,7426.7619,0.0038
2019-06-04,7391.9308,-0.0045
2019-06-05,7393.3119,0.0002
2019-06-06,7392.832,-0.0001
2019-06-07,7397.7514,0.0006
2019-06-08,7398.9849,0.0002
2019-06-09,7404.8437,0.0008
2019-06-10,7415.9413,0.0014
2019-06-11,7418.7924,0.0004
2019-06-12,7428.2782,0.0012
2019-06-13,7433.9432,0.0007
2019-06-14,7456.4766,0.0026
2019-06-15,7463.0847,0.0008
2019-06-16,7478.3111,0.0017
2019-06-17,7496.1928,0.0019
2019-06-18,7501.7021,0.0006
2019-06-19,7509.6453,0.0009
2019-06-20,7519.4443,0.001
2019-06-21,7541.4883,0.0022
2019-06-22,7577.8959,0.0035
2019-06-23,7595.9374,0.0017
2019-06-24,7623.162,0.0025
2019-06-25,7659.9974,0.0032
2019-06-26,7762.4955,0.008
2019-06-27,7803.0072,0.0036
2019-06-28,7868.5135,0.0053
2019-06-29,7888.2448,0.0017
2019-06-30,7935.4553,0.0044
2019-07-01,7941.4943,0.0006
2019-07-02,7959.0048,0.0016
2019-07-03,7986.2919,0.0023
2019-07-04,8021.7946,0.0032
2019-07-05,8027.4922,0.0005
2019-07-06,8025.8611,-0.0001
2019-07-07,8031.9516,0.0005
2019-07-08,8057.2865,0.0021
2019-07-09,8091.0328,0.0027
2019-07-10,8146.3378,0.0046
2019-07-11,8160.9232,0.0013
2019-07-12,8180.5963,0.0017
2019-07-13,8183.9649,0.0003
2019-07-14,8184.0478,0.0
2019-07-15,8189.0557,0.0005
2019-07-16,8196.2998,0.0008
2019-07-17,8223.9763,0.0029
2019-07-18,8237.9755,0.0013
2019-07-19,8254.1427,0.0015
2019-07-20,8264.8184,0.001
2019-07-21,8270.5465,0.0005
2019-07-22,8273.8238,0.0003
2019-07-23,8272.942,-0.0001
2019-07-24,8319.1069,0.0047
2019-07-25,8324.5265,0.0005
2019-07-26,8323.4975,-0.0001
2019-07-27,8324.3762,0.0001
2019-07-28,8324.618,0.0
2019-07-29,8602.9308,0.0289
2019-07-30,8603.5943,0.0001
2019-07-31,8608.1458,0.0004
2019-08-01,8616.9001,0.0008
2019-08-02,8607.1975,-0.0009
2019-08-03,8612.2133,0.0005
2019-08-04,8621.6889,0.0009
2019-08-05,8683.2856,0.0052
2019-08-06,8730.7358,0.0041
2019-08-07,8755.9957,0.0021
2019-08-08,8779.1167,0.0019
2019-08-09,8787.7828,0.0007
2019-08-10,8791.2779,0.0003
2019-08-11,8801.1592,0.0009
2019-08-12,8809.0252,0.0007
2019-08-13,8823.8418,0.0014
2019-08-14,8829.8803,0.0006
2019-08-15,8826.5744,-0.0003
2019-08-16,8829.2225,0.0003
2019-08-17,8825.3692,-0.0004
2019-08-18,8826.814,0.0001
2019-08-19,8831.6302,0.0004
2019-08-20,8844.9041,0.0012
2019-08-21,8846.0156,0.0001
2019-08-22,8844.1253,-0.0002
2019-08-23,8868.4774,0.0023
2019-08-24,8862.7958,-0.0006
2019-08-25,8865.9597,0.0003
2019-08-26,8873.8473,0.0008
2019-08-27,8888.3881,0.0014
2019-08-28,8888.8485,0.0
2019-08-29,8885.1022,-0.0004
2019-08-30,8886.1334,0.0001
2019-08-31,8885.2754,-0.0001
2019-09-01,8890.8689,0.0006
2019-09-02,8895.4424,0.0004
2019-09-03,8907.1852,0.0011
2019-09-04,8914.3837,0.0007
2019-09-05,8921.4077,0.0007
2019-09-06,9059.0526,0.0132
2019-09-07,9061.8249,0.0003
2019-09-08,9066.3524,0.0004
2019-09-09,9070.2543,0.0004
2019-09-10,9071.4728,0.0001
2019-09-11,9087.3695,0.0016
2019-09-12,9091.2864,0.0004
2019-09-13,9096.0742,0.0005
2019-09-14,9097.6531,0.0002
2019-09-15,9100.9309,0.0003
2019-09-16,9096.6702,-0.0004
2019-09-17,9098.9946,0.0002
2019-09-18,9117.0667,0.0018
2019-09-19,9115.5099,-0.0002
2019-09-20,9119.1977,0.0004
2019-09-21,9118.7564,-0.0
2019-09-22,9118.6501,-0.0
2019-09-23,9118.5736,-0.0
2019-09-24,9151.3308,0.0037
2019-09-25,9134.9412,-0.0019
2019-09-26,9104.8204,-0.0037
2019-09-27,9106.5984,0.0002
2019-09-28,9101.1912,-0.0006
2019-09-29,9099.9675,-0.0001
2019-09-30,9097.9913,-0.0002
2019-10-01,9091.8226,-0.0007
2019-10-02,9089.1655,-0.0003
2019-10-03,9071.3615,-0.0021
2019-10-04,9068.5243,-0.0003
2019-10-05,9065.4466,-0.0004
2019-10-06,9063.5256,-0.0002
2019-10-07,9064.4191,0.0001
2019-10-08,9071.8151,0.0009
2019-10-09,9071.1334,-0.0001
2019-10-10,9068.9251,-0.0003
2019-10-11,9061.3122,-0.0009
2019-10-12,9061.709,0.0
2019-10-13,9045.7612,-0.0019
2019-10-14,9135.43,0.0107
2019-10-15,9124.423,-0.0013
2019-10-16,9116.8365,-0.0009
2019-10-17,9113.5251,-0.0004
2019-10-18,9114.1613,0.0001
2019-10-19,9110.012,-0.0005
2019-10-20,9108.5912,-0.0002
2019-10-21,9107.3626,-0.0001
2019-10-22,9103.0061,-0.0005
2019-10-23,9090.8361,-0.0016
2019-10-24,9076.5193,-0.0019
2019-10-25,9085.4677,0.001
2019-10-26,9096.257,0.0012
2019-10-27,9100.5546,0.0005
2019-10-28,9127.161,0.0029
2019-10-29,9141.4023,0.0015
2019-10-30,9142.0023,0.0001
2019-10-31,9141.0404,-0.0001
2019-11-01,9173.4873,0.0035
2019-11-02,9174.9105,0.0002
2019-11-03,9174.3445,-0.0001
2019-11-04,9177.1359,0.0003
2019-11-05,9162.8834,-0.0015
2019-11-06,9167.4812,0.0005
2019-11-07,9141.5134,-0.0028
2019-11-08,9136.6707,-0.0005
2019-11-09,9134.7601,-0.0002
2019-11-10,9135.0612,0.0
2019-11-11,9138.2923,0.0004
2019-11-12,9135.8381,-0.0003
2019-11-13,9173.8638,0.0043
2019-11-14,9166.923,-0.0008
2019-11-15,9168.3422,0.0002
2019-11-16,9165.8369,-0.0003
2019-11-17,9163.3436,-0.0003
2019-11-18,9164.1019,0.0001
2019-11-19,9158.7332,-0.0007
2019-11-20,9153.9259,-0.0006
2019-11-21,9141.4524,-0.0016
2019-11-22,9145.417,0.0005
2019-11-23,9133.3343,-0.0017
2019-11-24,9136.3561,0.0004
2019-11-25,9130.3605,-0.0008
2019-11-26,9123.8524,-0.0009
2019-11-27,9116.109,-0.001
2019-11-28,9102.8081,-0.0017
2019-11-29,9093.0222,-0.0013
2019-11-30,9083.2677,-0.0013
2019-12-01,9076.0096,-0.001
2019-12-02,9063.4075,-0.0017
2019-12-03,9057.8359,-0.0007
2019-12-04,9055.2672,-0.0004
2019-12-05,9048.4155,-0.0009
2019-12-06,9037.5438,-0.0014
2019-12-07,9035.8245,-0.0002
2019-12-08,9034.3951,-0.0002
2019-12-09,9033.4553,-0.0001
2019-12-10,9025.9639,-0.001
2019-12-11,9019.1801,-0.0009
2019-12-12,9011.0449,-0.0011
2019-12-13,9000.8973,-0.0014
2019-12-14,8991.7852,-0.0013
2019-12-15,8991.7242,-0.0
2019-12-16,8987.9503,-0.0005
2019-12-17,8983.4025,-0.0007
2019-12-18,8970.2431,-0.0018
2019-12-19,8974.7429,0.0006
2019-12-20,8990.693,0.0022
2019-12-21,8967.8283,-0.0031
2019-12-22,8965.5155,-0.0003
2019-12-23,8967.0602,0.0002
2019-12-24,8969.9881,0.0004
2019-12-25,8959.9528,-0.0014
2019-12-26,8955.8582,-0.0006
2019-12-27,8954.8286,-0.0001
2019-12-28,8954.0794,-0.0001
2019-12-29,8954.1073,0.0
2019-12-30,8948.7813,-0.0007
2019-12-31,8918.3115,-0.0041
2020-01-01,8915.6507,-0.0004
2020-01-02,8916.8748,0.0002
2020-01-03,8915.8489,-0.0001
2020-01-04,8913.9521,-0.0003
2020-01-05,8914.2115,0.0
2020-01-06,8913.627,-0.0001
2020-01-07,8905.4363,-0.001
2020-01-08,8899.9379,-0.0007
2020-01-09,8897.6954,-0.0003
2020-01-10,8896.8391,-0.0001
2020-01-11,8896.1579,-0.0001
2020-01-12,8897.0001,0.0001
2020-01-13,8900.1615,0.0004
2020-01-14,8918.6496,0.0021
2020-01-15,8934.5108,0.0018
2020-01-16,8943.2158,0.001
2020-01-17,8948.0677,0.0005
2020-01-18,8949.3392,0.0001
2020-01-19,8951.2483,0.0002
2020-01-20,8952.7387,0.0002
2020-01-21,8954.1859,0.0002
2020-01-22,8954.2011,0.0
2020-01-23,8958.0667,0.0005
2020-01-24,8961.2614,0.0004
2020-01-25,8961.9181,0.0001
2020-01-26,8962.4434,0.0001
2020-01-27,8965.7538,0.0004
2020-01-28,8970.1371,0.0005
2020-01-29,8995.9294,0.0028
2020-01-30,9005.6359,0.001
2020-01-31,9021.0937,0.0017
2020-02-01,9022.4647,0.0001
2020-02-02,9022.5593,0.0
2020-02-03,9051.332,0.0031
2020-02-04,9052.3874,0.0001
2020-02-05,9056.2545,0.0004
2020-02-06,9077.5516,0.0022
2020-02-07,9143.43,0.0067
2020-02-08,9127.8352,-0.0016
2020-02-09,9138.5195,0.0011
2020-02-10,9173.6573,0.0036
2020-02-11,9184.5043,0.0011
2020-02-12,9194.8753,0.001
2020-02-13,9206.503,0.0011
2020-02-14,9214.7493,0.0008
2020-02-15,9217.1287,0.0002
2020-02-16,9219.3582,0.0002
2020-02-17,9220.8306,0.0002
2020-02-18,9228.467,0.0008
2020-02-19,9241.4089,0.0013
2020-02-20,9244.762,0.0003
2020-02-21,9246.6598,0.0002
2020-02-22,9245.7862,-0.0001
2020-02-23,9249.7498,0.0004
2020-02-24,9253.5012,0.0004
2020-02-25,9266.3952,0.0014
2020-02-26,9260.0474,-0.0007
2020-02-27,9234.8363,-0.0029
2020-02-28,9227.3112,-0.0009
2020-02-29,9222.3967,-0.0006
2020-03-01,9216.3701,-0.0007
2020-03-02,9223.8877,0.0008
2020-03-03,9234.9195,0.0013
2020-03-04,9224.0221,-0.0012
2020-03-05,9227.9569,0.0004
2020-03-06,9230.9816,0.0003
2020-03-07,9231.1592,0.0
2020-03-08,9230.6248,-0.0001
2020-03-09,9220.9967,-0.0012
2020-03-10,9215.6693,-0.0007
2020-03-11,9201.0153,-0.0018
2020-03-12,9133.041,-0.0141
2020-03-13,9060.7047,-0.0128
2020-03-14,9046.6823,-0.0027
2020-03-15,9037.7259,-0.0017
2020-03-16,9013.9876,-0.0046
2020-03-17,9002.6446,-0.0021
2020-03-18,8994.7557,-0.0014
2020-03-19,8992.1496,-0.0004
2020-03-20,8990.5178,-0.0003
2020-03-21,8985.7637,-0.0007
2020-03-22,8987.8686,0.0004
2020-03-23,8986.8876,-0.0002
2020-03-24,8989.0723,0.0003
2020-03-25,8988.8163,-0.0
2020-03-26,8993.4364,0.0007
2020-03-27,8987.6221,-0.0009
2020-03-28,8982.6491,-0.0008
2020-03-29,8976.0237,-0.0011
2020-03-30,8971.9451,-0.0006
2020-03-31,8963.7366,-0.0013
2020-04-01,8938.9595,-0.0037
2020-04-02,8940.3985,0.0002
2020-04-03,8940.7176,0.0
2020-04-04,8929.7117,-0.0016
2020-04-05,8929.3573,-0.0001
2020-04-06,8936.7688,0.001
2020-04-07,8939.9654,0.0004
2020-04-08,8936.0766,-0.0005
2020-04-09,8935.5443,-0.0001
2020-04-10,8913.3189,-0.0032
2020-04-11,8910.3084,-0.0004
2020-04-12,8910.4599,0.0
2020-04-13,8907.4236,-0.0004
2020-04-14,8906.6495,-0.0001
2020-04-15,8903.4869,-0.0005
2020-04-16,8898.9715,-0.0006
2020-04-17,8898.2922,-0.0001
2020-04-18,8895.5932,-0.0004
2020-04-19,8895.7393,0.0
2020-04-20,8893.6806,-0.0003
2020-04-21,8886.7033,-0.001
2020-04-22,8882.2385,-0.0006
2020-04-23,8883.6843,0.0002
2020-04-24,8880.778,-0.0004
2020-04-25,8876.3213,-0.0006
2020-04-26,8874.2891,-0.0003
2020-04-27,8871.4447,-0.0004
2020-04-28,8871.4557,0.0
2020-04-29,8900.2559,0.0033
2020-04-30,8923.0034,0.0026
2020-05-01,8930.2609,0.0008
2020-05-02,8930.9371,0.0001
2020-05-03,8940.2963,0.001
2020-05-04,8944.1895,0.0004
2020-05-05,8947.6091,0.0004
2020-05-06,8967.918,0.0022
2020-05-07,9017.4411,0.005
2020-05-08,9040.6596,0.0024
2020-05-09,9049.2217,0.0009
2020-05-10,9048.0731,-0.0001
2020-05-11,9053.8341,0.0007
2020-05-12,9051.5225,-0.0003
2020-05-13,9052.6766,0.0001
2020-05-14,9062.0824,0.001
2020-05-15,9067.9756,0.0006
2020-05-16,9070.4508,0.0003
2020-05-17,9074.3732,0.0004
2020-05-18,9086.7168,0.0013
2020-05-19,9093.2905,0.0007
2020-05-20,9099.3032,0.0006
2020-05-21,9098.2467,-0.0001
2020-05-22,9096.7906,-0.0002
2020-05-23,9094.5813,-0.0002
2020-05-24,9095.2008,0.0001
2020-05-25,9087.8259,-0.0008
2020-05-26,9087.1212,-0.0001
2020-05-27,9089.6375,0.0003
2020-05-28,9094.7792,0.0005
2020-05-29,9097.573,0.0003
2020-05-30,9099.5398,0.0002
2020-05-31,9101.0726,0.0002
2020-06-01,9130.1896,0.0029
2020-06-02,9143.9739,0.0014
2020-06-03,9148.2272,0.0004
2020-06-04,9155.2417,0.0007
2020-06-05,9157.7435,0.0003
2020-06-06,9161.2069,0.0004
2020-06-07,9163.3212,0.0002
2020-06-08,9188.5837,0.0026
2020-06-09,9191.5887,0.0003
2020-06-10,9194.7919,0.0003
2020-06-11,9195.4225,0.0001
2020-06-12,9194.9923,-0.0
2020-06-13,9195.6667,0.0001
2020-06-14,9198.4084,0.0003
2020-06-15,9197.703,-0.0001
2020-06-16,9203.5128,0.0006
2020-06-17,9203.6083,0.0
2020-06-18,9217.707,0.0015
2020-06-19,9215.4474,-0.0002
2020-06-20,9215.2688,-0.0
2020-06-21,9214.5907,-0.0001
2020-06-22,9220.8723,0.0006
2020-06-23,9227.9308,0.0007
2020-06-24,9230.4919,0.0003
2020-06-25,9225.8534,-0.0005
2020-06-26,9243.8929,0.002
2020-06-27,9244.8315,0.0001
2020-06-28,9244.0907,-0.0001
2020-06-29,9248.6112,0.0005
2020-06-30,9253.3051,0.0005
2020-07-01,9254.1407,0.0001
2020-07-02,9253.4297,-0.0001
2020-07-03,9252.5263,-0.0001
2020-07-04,9249.8512,-0.0003
2020-07-05,9249.0315,-0.0001
2020-07-06,9250.6762,0.0002
2020-07-07,9252.4049,0.0002
2020-07-08,9271.9132,0.0021
2020-07-09,9274.9085,0.0003
2020-07-10,9262.5787,-0.0013
2020-07-11,9246.1443,-0.0018
2020-07-12,9220.7777,-0.0027
2020-07-13,9221.0842,0.0
2020-07-14,9230.7503,0.001
2020-07-15,9230.7744,0.0
2020-07-16,9229.2429,-0.0002
2020-07-17,9225.7097,-0.0004
2020-07-18,9225.969,0.0
2020-07-19,9228.224,0.0002
2020-07-20,9228.853,0.0001
2020-07-21,9232.3797,0.0004
2020-07-22,9240.1386,0.0008
2020-07-23,9246.8531,0.0007
2020-07-24,9250.8897,0.0004
2020-07-25,9253.1017,0.0002
2020-07-26,9258.6533,0.0006
2020-07-27,9278.0704,0.0018
2020-07-28,9318.7556,0.0037
2020-07-29,9333.8155,0.0014
2020-07-30,9349.8717,0.0014
2020-07-31,9366.3064,0.0014
2020-08-01,9378.0661,0.001
2020-08-02,9390.2286,0.0011
2020-08-03,9415.9474,0.0023
2020-08-04,9423.4012,0.0007
2020-08-05,9441.7236,0.0016
2020-08-06,9473.6771,0.0027
2020-08-07,9501.316,0.0024
2020-08-08,9514.1217,0.0011
2020-08-09,9526.6788,0.0011
2020-08-10,9538.3737,0.001
2020-08-11,9565.8614,0.0024
2020-08-12,9574.2421,0.0007
2020-08-13,9581.3496,0.0006
2020-08-14,9592.8494,0.001
2020-08-15,9586.6519,-0.0005
2020-08-16,9588.1408,0.0001
2020-08-17,9622.6887,0.0028
2020-08-18,9627.5539,0.0004
2020-08-19,9622.4188,-0.0004
2020-08-20,9629.0431,0.0006
2020-08-21,9641.543,0.0011
2020-08-22,9634.5335,-0.0006
2020-08-23,9636.3939,0.0002
2020-08-24,9645.2344,0.0008
2020-08-25,9648.8843,0.0003
2020-08-26,9651.4258,0.0002
2020-08-27,9654.5076,0.0003
2020-08-28,9667.6409,0.0011
2020-08-29,9666.4943,-0.0001
2020-08-30,9671.6604,0.0004
2020-08-31,9689.7899,0.0016
2020-09-01,9710.9083,0.0018
2020-09-02,9719.711,0.0008
2020-09-03,9721.1706,0.0001
2020-09-04,9724.7864,0.0003
2020-09-05,9722.9933,-0.0002
2020-09-06,9723.7037,0.0001
2020-09-07,9723.2176,-0.0
2020-09-08,9722.2008,-0.0001
2020-09-09,9719.6592,-0.0002
2020-09-10,9720.338,0.0001
2020-09-11,9721.2582,0.0001
2020-09-12,9720.4494,-0.0001
2020-09-13,9722.6204,0.0002
2020-09-14,9726.5984,0.0004
2020-09-15,9736.3861,0.0009
2020-09-16,9753.1379,0.0015
2020-09-17,9760.4087,0.0007
2020-09-18,9771.763,0.001
2020-09-19,9784.0924,0.0011
2020-09-20,9789.9292,0.0005
2020-09-21,9790.78,0.0001
2020-09-22,9811.0593,0.0019
2020-09-23,9812.764,0.0002
2020-09-24,9814.7667,0.0002
2020-09-25,9823.2176,0.0008
2020-09-26,9825.9595,0.0003
2020-09-27,9830.1277,0.0004
2020-09-28,9834.465,0.0004
2020-09-29,9858.3539,0.0022
2020-09-30,9866.7427,0.0008
2020-10-01,9849.4129,-0.0016
2020-10-02,9848.1602,-0.0001
2020-10-03,9841.6831,-0.0006
2020-10-04,9843.3318,0.0002
2020-10-05,9847.1132,0.0004
2020-10-06,9849.7261,0.0002
2020-10-07,9856.5407,0.0006
2020-10-08,9855.9884,-0.0001
2020-10-09,9853.7676,-0.0002
2020-10-10,9852.578,-0.0001
2020-10-11,9855.0013,0.0002
2020-10-12,9863.545,0.0007
2020-10-13,9865.8446,0.0002
2020-10-14,9874.897,0.0008
2020-10-15,9883.3444,0.0007
2020-10-16,9884.594,0.0001
2020-10-17,9884.4831,-0.0
2020-10-18,9887.507,0.0003
2020-10-19,9934.112,0.004
2020-10-20,9948.9972,0.0012
2020-10-21,9975.1462,0.002
2020-10-22,10049.5691,0.0057
2020-10-23,10140.7755,0.007
2020-10-24,10157.2441,0.0013
2020-10-25,10169.6101,0.0009
2020-10-26,10179.9591,0.0008
2020-10-27,10213.1036,0.0024
2020-10-28,10240.2509,0.002
2020-10-29,10262.5442,0.0017
2020-10-30,10277.873,0.0011
2020-10-31,10295.3336,0.0013
2020-11-01,10317.7846,0.0016
2020-11-02,10364.3322,0.0034
2020-11-03,10610.8238,0.0176
2020-11-04,10636.455,0.0018
2020-11-05,10736.7881,0.0064
2020-11-06,10788.4958,0.0033
2020-11-07,10804.7236,0.0011
2020-11-08,10839.2931,0.0022
2020-11-09,10873.8507,0.0023
2020-11-10,10899.622,0.0017
2020-11-11,10928.9766,0.0019
2020-11-12,10973.0154,0.0027
2020-11-13,11013.5377,0.0025
2020-11-14,11035.9277,0.0014
2020-11-15,11050.3459,0.0009
2020-11-16,11083.6346,0.002
2020-11-17,11150.5911,0.0038
2020-11-18,11255.1945,0.0059
2020-11-19,11294.9364,0.0022
2020-11-20,11410.0177,0.0062
2020-11-21,11468.8323,0.0031
2020-11-22,11495.711,0.0015
2020-11-23,11532.5478,0.002
2020-11-24,11626.3288,0.0049
2020-11-25,11666.1325,0.0021
2020-11-26,11725.4801,0.0035
2020-11-27,11759.8859,0.002
2020-11-28,11771.7202,0.0007
2020-11-29,11794.1906,0.0012
2020-11-30,11876.58,0.0042
2020-12-01,11946.6591,0.0037
2020-12-02,12005.423,0.0031
2020-12-03,12072.6088,0.0035
2020-12-04,12120.2099,0.0025
2020-12-05,12134.4197,0.0007
2020-12-06,12154.6136,0.001
2020-12-07,12197.0342,0.0022
2020-12-08,12239.0384,0.0023
2020-12-09,12270.1052,0.0017
2020-12-10,12340.9384,0.0039
2020-12-11,12376.8185,0.002
2020-12-12,12424.3854,0.0025
2020-12-13,12571.882,0.0077
2020-12-14,12610.956,0.002
2020-12-15,12660.1326,0.0025
2020-12-16,12765.1247,0.0049
2020-12-17,12959.2407,0.0085
2020-12-18,13145.1837,0.008
2020-12-19,13215.4038,0.0029
2020-12-20,13318.9148,0.0044
2020-12-21,13391.3457,0.0032
2020-12-22,13599.6417,0.0087
2020-12-23,13787.3803,0.0081
2020-12-24,13908.2866,0.0051
2020-12-25,13940.7652,0.0013
2020-12-26,14016.3096,0.0029
2020-12-27,14168.4529,0.0058
2020-12-28,14661.0661,0.0182
2020-12-29,14840.7415,0.0066
2020-12-30,14965.7148,0.0043
2020-12-31,15086.7096,0.0042
2021-01-01,15237.9167,0.0051
2021-01-02,15576.8488,0.0105
2021-01-03,15842.0559,0.008
2021-01-04,16096.7842,0.0079
2021-01-05,16264.0457,0.0049
2021-01-06,16494.2131,0.0062
2021-01-07,16925.7243,0.0109
2021-01-08,17331.8043,0.01
2021-01-09,17617.9074,0.0071
2021-01-10,17778.5017,0.0042
2021-01-11,17920.749,0.004
2021-01-12,18034.0859,0.0033
2021-01-13,18120.3337,0.0023
2021-01-14,18300.2458,0.0046
2021-01-15,18454.6735,0.0042
2021-01-16,18530.7015,0.0021
2021-01-17,18588.4243,0.0016
2021-01-18,18708.6405,0.0033
2021-01-19,18789.1791,0.0022
2021-01-20,18824.3201,0.001
2021-01-21,18864.4144,0.0013
2021-01-22,18891.3592,0.0008
2021-01-23,18920.2668,0.0009
2021-01-24,18943.4815,0.0007
2021-01-25,18989.2312,0.0014
2021-01-26,19009.841,0.0006
2021-01-27,19198.9064,0.0062
2021-01-28,19270.9909,0.0022
2021-01-29,19445.4478,0.0051
2021-01-30,19504.7536,0.0017
2021-01-31,19601.1031,0.0029
2021-02-01,19636.2773,0.001
2021-02-02,19695.2911,0.0017
2021-02-03,19772.8335,0.0021
2021-02-04,19899.7867,0.0034
2021-02-05,20058.753,0.0042
2021-02-06,20146.0318,0.0022
2021-02-07,20246.112,0.0026
2021-02-08,20446.6329,0.0043
2021-02-09,20810.6732,0.0078
2021-02-10,21029.9263,0.0049
2021-02-11,21193.1093,0.0034
2021-02-12,21369.9053,0.0037
2021-02-13,21448.3947,0.0017
2021-02-14,21537.0596,0.0018
2021-02-15,21721.1512,0.0038
2021-02-16,21856.4556,0.0028
2021-02-17,22072.6666,0.0041
2021-02-18,22329.4477,0.005
2021-02-19,22684.0042,0.0063
2021-02-20,22990.5464,0.0055
2021-02-21,23183.6992,0.0034
2021-02-22,23393.5594,0.0039
2021-02-23,23688.2212,0.006
2021-02-24,23933.4289,0.0049
2021-02-25,24117.8495,0.0039
2021-02-26,24312.9551,0.0042
2021-02-27,24337.492,0.0005
2021-02-28,24376.8098,0.0009
2021-03-01,24471.1007,0.0019
2021-03-02,24644.1175,0.0036
2021-03-03,24716.817,0.0014
2021-03-04,24801.9757,0.0018
2021-03-05,24914.433,0.0023
2021-03-06,24968.0547,0.0011
2021-03-07,25022.3137,0.0011
2021-03-08,25206.7899,0.0035
2021-03-09,25343.2211,0.0025
2021-03-10,25491.8546,0.0027
2021-03-11,25756.6609,0.0046
2021-03-12,25954.6777,0.0035
2021-03-13,26068.6628,0.0019
2021-03-14,26260.4357,0.0032
2021-03-15,26366.6704,0.0019
2021-03-16,26512.255,0.0026
2021-03-17,26639.2919,0.0022
2021-03-18,26729.777,0.0016
2021-03-19,26806.2428,0.0013
2021-03-20,26911.3049,0.0018
2021-03-21,26978.5803,0.0012
2021-03-22,27128.7637,0.0028
2021-03-23,27284.491,0.0029
2021-03-24,27407.4432,0.0023
2021-03-25,27566.6737,0.0031
2021-03-26,27668.1522,0.0018
2021-03-27,27806.8879,0.0025
2021-03-28,27878.1973,0.0013
2021-03-29,27979.7012,0.0018
2021-03-30,28099.4406,0.002
2021-03-31,28249.1568,0.0025
2021-04-01,28484.9184,0.004
2021-04-02,28617.6476,0.0022
2021-04-03,28654.7133,0.0006
2021-04-04,28706.7593,0.0009
2021-04-05,28783.5847,0.0013
2021-04-06,29493.8076,0.0122
2021-04-07,29459.3078,-0.0006
2021-04-08,29523.0446,0.0011
2021-04-09,29580.5469,0.001
2021-04-10,29673.6169,0.0016
2021-04-11,29829.7558,0.0026
2021-04-12,30003.4153,0.0029
2021-04-13,30193.4133,0.003
2021-04-14,30475.7247,0.0045
2021-04-15,30700.4961,0.0036
2021-04-16,30764.4036,0.001
2021-04-17,30868.0399,0.0017
2021-04-18,31537.3236,0.0119
2021-04-19,31568.4117,0.0006
2021-04-20,31666.7655,0.0017
2021-04-21,31716.1397,0.0009
2021-04-22,31801.0201,0.0016
2021-04-23,31860.2227,0.0012
2021-04-24,31959.0235,0.002
2021-04-25,32005.9314,0.001
2021-04-26,32113.1472,0.002
2021-04-27,32319.8054,0.0037
2021-04-28,32381.255,0.0011
2021-04-29,32549.9925,0.0031
2021-04-30,32734.1649,0.0032
2021-05-01,32777.2678,0.0007
2021-05-02,32845.7255,0.0012
2021-05-03,32958.0714,0.002
2021-05-04,33056.975,0.0019
2021-05-05,33146.0839,0.0015
2021-05-06,33275.6717,0.0023
2021-05-07,33506.7665,0.004
2021-05-08,33562.1147,0.0009
2021-05-09,33652.9452,0.0016
2021-05-10,33754.0008,0.0018
2021-05-11,33798.4114,0.0008
2021-05-12,33980.0872,0.0037
2021-05-13,34049.5976,0.0014
2021-05-14,34075.0165,0.0005
2021-05-15,34107.9271,0.0007
2021-05-16,34120.4423,0.0003
2021-05-17,33976.2231,-0.0033
2021-05-18,33997.3168,0.0005
2021-05-19,33970.4691,-0.0007
2021-05-20,33934.8263,-0.0009
2021-05-21,33933.4697,-0.0
2021-05-22,33870.6669,-0.0017
2021-05-23,33887.548,0.0005
2021-05-24,34020.398,0.0034
2021-05-25,33981.1842,-0.001
2021-05-26,33948.8048,-0.0008
2021-05-27,33843.7312,-0.0027
2021-05-28,33783.6493,-0.0017
2021-05-29,33762.6817,-0.0006
2021-05-30,33822.1314,0.0017
2021-05-31,33790.5182,-0.0008
2021-06-01,33737.8677,-0.0014
2021-06-02,33742.3494,0.0001
2021-06-03,33798.0391,0.0014
2021-06-04,33752.9214,-0.0012
2021-06-05,33731.2957,-0.0006
2021-06-06,33690.9556,-0.0011
2021-06-07,33673.7266,-0.0005
2021-06-08,33584.6047,-0.0027
2021-06-09,33612.4603,0.0007
2021-06-10,33633.2203,0.0006
2021-06-11,33638.0907,0.0001
2021-06-12,33555.1441,-0.0023
2021-06-13,33489.8946,-0.0017
2021-06-14,33519.2106,0.0007
2021-06-15,33535.2066,0.0004
2021-06-16,33521.428,-0.0004
2021-06-17,33499.3581,-0.0006
2021-06-18,33445.4449,-0.0015
2021-06-19,33409.8983,-0.001
2021-06-20,33403.5392,-0.0002
2021-06-21,33375.8916,-0.0009
2021-06-22,33347.4571,-0.0009
2021-06-23,33344.5888,-0.0001
2021-06-24,33363.0281,0.0005
2021-06-25,33186.7155,-0.0056
2021-06-26,33147.0415,-0.0012
2021-06-27,33161.5116,0.0004
2021-06-28,33173.0913,0.0003
2021-06-29,33179.0361,0.0002
2021-06-30,33165.7366,-0.0004
2021-07-01,33134.2459,-0.0009
2021-07-02,33078.7729,-0.0016
2021-07-03,33068.3008,-0.0003
2021-07-04,33069.3692,0.0
2021-07-05,33059.7467,-0.0003
2021-07-06,33055.8669,-0.0001
2021-07-07,33068.3554,0.0004
2021-07-08,33041.7026,-0.0008
2021-07-09,33035.4351,-0.0002
2021-07-10,33008.6596,-0.0008
2021-07-11,33006.2363,-0.0001
2021-07-12,33057.1187,0.0015
2021-07-13,33040.0679,-0.0005
2021-07-14,32944.5466,-0.0029
2021-07-15,32878.8824,-0.0021
2021-07-16,32849.2465,-0.0009
2021-07-17,33032.2469,0.0058
2021-07-18,33006.3665,-0.0008
2021-07-19,33002.9868,-0.0001
2021-07-20,33018.6604,0.0005
2021-07-21,33029.5706,0.0003
2021-07-22,33054.2717,0.0008
2021-07-23,32948.8443,-0.0031
2021-07-24,32931.9987,-0.0005
2021-07-25,32884.0228,-0.0014
2021-07-26,33124.4303,0.0064
2021-07-27,33394.5572,0.0068
2021-07-28,33523.1964,0.0032
2021-07-29,34139.5758,0.0154
2021-07-30,34121.2244,-0.0004
2021-07-31,34123.7022,0.0001
2021-08-01,34132.5205,0.0002
2021-08-02,34140.5093,0.0002
2021-08-03,34126.4187,-0.0004
2021-08-04,34132.3822,0.0002
2021-08-05,34144.9644,0.0003
2021-08-06,34200.7298,0.0013
2021-08-07,34190.2712,-0.0002
2021-08-08,34215.6456,0.0006
2021-08-09,34270.6533,0.0012
2021-08-10,34298.9716,0.0006
2021-08-11,34333.5616,0.0008
2021-08-12,34339.3715,0.0001
2021-08-13,34329.7382,-0.0002
2021-08-14,34404.8626,0.0016
2021-08-15,34407.1007,0.0
2021-08-16,34429.1828,0.0005
2021-08-17,34440.4425,0.0003
2021-08-18,34421.892,-0.0004
2021-08-19,34440.8579,0.0004
2021-08-20,34489.1233,0.001
2021-08-21,34523.8322,0.0007
2021-08-22,34555.2376,0.0006
2021-08-23,34647.5967,0.0019
2021-08-24,34668.494,0.0004
2021-08-25,34863.2069,0.004
2021-08-26,34929.6672,0.0014
2021-08-27,34948.5402,0.0004
2021-08-28,34957.9779,0.0002
2021-08-29,34943.1875,-0.0003
2021-08-30,34985.5397,0.0009
2021-08-31,35032.342,0.001
2021-09-01,35071.7823,0.0008
2021-09-02,35117.0546,0.0009
2021-09-03,35144.0919,0.0005
2021-09-04,35165.4793,0.0004
2021-09-05,35183.059,0.0003
2021-09-06,35235.3913,0.001
2021-09-07,35246.1809,0.0002
2021-09-08,35163.0291,-0.0018
2021-09-09,35235.0378,0.0016
2021-09-10,35244.7905,0.0002
2021-09-11,35250.0222,0.0001
2021-09-12,35235.8194,-0.0003
2021-09-13,35226.2534,-0.0002
2021-09-14,35259.4252,0.0007
2021-09-15,35327.3874,0.0014
2021-09-16,35355.8089,0.0006
2021-09-17,35368.9992,0.0003
2021-09-18,35372.1852,0.0001
2021-09-19,35379.2347,0.0001
2021-09-20,35293.2976,-0.002
2021-09-21,35251.7548,-0.001
2021-09-22,35265.6761,0.0003
2021-09-23,35273.7742,0.0002
2021-09-24,35222.4674,-0.0012
2021-09-25,35190.2846,-0.0008
2021-09-26,35590.0845,0.0093
2021-09-27,35594.4873,0.0001
2021-09-28,35569.239,-0.0006
2021-09-29,35559.3439,-0.0002
2021-09-30,35594.7187,0.0008
2021-10-01,35608.2438,0.0003
2021-10-02,35638.2205,0.0006
2021-10-03,35659.3034,0.0004
2021-10-04,35700.6589,0.0008
2021-10-05,35765.8575,0.0013
2021-10-06,35907.2226,0.0026
2021-10-07,36022.6589,0.0021
2021-10-08,36071.3226,0.0009
2021-10-09,36032.1222,-0.0007
2021-10-10,36093.7816,0.0011
2021-10-11,36166.4572,0.0013
2021-10-12,36280.9848,0.002
2021-10-13,36340.7729,0.001
2021-10-14,36386.9943,0.0008
2021-10-15,36511.3052,0.002
2021-10-16,36578.3212,0.0011
2021-10-17,36609.6566,0.0005
2021-10-18,36753.2773,0.0023
2021-10-19,37079.8868,0.0051
2021-10-20,37302.772,0.0034
2021-10-21,37398.1463,0.0015
2021-10-22,37424.2164,0.0004
2021-10-23,37440.5572,0.0003
2021-10-24,37570.6125,0.0021
2021-10-25,37697.6121,0.002
2021-10-26,37773.7328,0.0013
2021-10-27,37759.9509,-0.0002
2021-10-28,37820.251,0.001
2021-10-29,37885.8117,0.0011
2021-10-30,37917.046,0.0005
2021-10-31,37999.5273,0.0013
2021-11-01,38237.9135,0.0039
2021-11-02,38541.0743,0.0048
2021-11-03,38704.9966,0.0026
2021-11-04,38735.1193,0.0005
2021-11-05,38856.7287,0.002
2021-11-06,38896.2293,0.0006
2021-11-07,38924.885,0.0005
2021-11-08,39120.3625,0.0029
2021-11-09,39252.366,0.002
2021-11-10,39407.6752,0.0024
2021-11-11,39471.3366,0.001
2021-11-12,39804.2378,0.0052
2021-11-13,39841.009,0.0006
2021-11-14,39871.9683,0.0005
2021-11-15,39981.8485,0.0017
2021-11-16,40133.9511,0.0025
2021-11-17,40223.3583,0.0015
2021-11-18,40222.8273,-0.0
2021-11-19,40240.3579,0.0003
2021-11-20,40254.757,0.0002
2021-11-21,40270.0488,0.0003
2021-11-22,40284.8489,0.0003
2021-11-23,40306.0185,0.0004
2021-11-24,40334.9796,0.0005
2021-11-25,40790.7144,0.0077
2021-11-26,40768.1108,-0.0004
2021-11-27,40760.9561,-0.0001
2021-11-28,40791.5304,0.0005
2021-11-29,40878.0693,0.0015
2021-11-30,40910.7202,0.0006
2021-12-01,41001.8548,0.0016
2021-12-02,41007.2437,0.0001
2021-12-03,41007.1276,-0.0
2021-12-04,40835.7359,-0.0035
2021-12-05,40836.3344,0.0
2021-12-06,40832.9482,-0.0001
2021-12-07,41033.2194,0.004
2021-12-08,41034.9515,0.0
2021-12-09,41038.2883,0.0001
2021-12-10,41046.3588,0.0002
2021-12-11,41065.9691,0.0004
2021-12-12,41076.0603,0.0002
2021-12-13,41076.367,0.0
2021-12-14,41143.0554,0.0014
2021-12-15,41162.761,0.0004
2021-12-16,41214.5338,0.0011
2021-12-17,41203.6847,-0.0002
2021-12-18,41204.6559,0.0
2021-12-19,41183.7428,-0.0004
2021-12-20,41174.2862,-0.0002
2021-12-21,41204.0684,0.0006
2021-12-22,41233.6388,0.0006
2021-12-23,41299.8592,0.0013
2021-12-24,41318.113,0.0004
2021-12-25,41325.0597,0.0001
2021-12-26,41346.0862,0.0004
2021-12-27,41367.3336,0.0004
2021-12-28,41322.2533,-0.0009
2021-12-29,41246.1276,-0.0016
2021-12-30,41244.8576,-0.0
2021-12-31,41178.7914,-0.0014
2022-01-01,41186.1734,0.0002
2022-01-02,41175.6325,-0.0002
2022-01-03,41180.677,0.0001
2022-01-04,41176.7102,-0.0001
2022-01-05,41193.9192,0.0004
2022-01-06,41181.3289,-0.0003
2022-01-07,41144.574,-0.0009
2022-01-08,41132.9228,-0.0003
2022-01-09,41130.3555,-0.0001
2022-01-10,41127.1876,-0.0001
2022-01-11,41112.7037,-0.0003
2022-01-12,41144.2966,0.0007
2022-01-13,41120.3532,-0.0006
2022-01-14,41118.6675,-0.0
2022-01-15,41119.3988,0.0
2022-01-16,41113.116,-0.0001
2022-01-17,41097.3312,-0.0004
2022-01-18,41082.652,-0.0003
2022-01-19,41071.0743,-0.0003
2022-01-20,41068.2227,-0.0001
2022-01-21,40956.9921,-0.003
2022-01-22,40916.6271,-0.0012
2022-01-23,40921.8653,0.0001
2022-01-24,40883.9468,-0.001
2022-01-25,40908.2604,0.0007
2022-01-26,40905.6521,-0.0001
2022-01-27,40898.0862,-0.0002
2022-01-28,40858.1988,-0.0011
2022-01-29,40823.767,-0.0009
2022-01-30,40807.7297,-0.0004
2022-01-31,40800.8839,-0.0002
2022-02-01,41289.5443,0.0126
2022-02-02,41268.247,-0.0006
2022-02-03,41239.7307,-0.0008
2022-02-04,41258.2744,0.0004
2022-02-05,41271.6186,0.0003
2022-02-06,41270.9403,-0.0
2022-02-07,41328.4601,0.0013
2022-02-08,41355.1399,0.0006
2022-02-09,41375.6967,0.0005
2022-02-10,41421.8539,0.0011
2022-02-11,41446.7248,0.0006
2022-02-12,41452.4355,0.0001
2022-02-13,41457.362,0.0001
2022-02-14,41454.7874,-0.0001
2022-02-15,41496.8726,0.0009
2022-02-16,41509.8735,0.0003
2022-02-17,41504.0659,-0.0001
2022-02-18,41472.1939,-0.0008
2022-02-19,41465.998,-0.0002
2022-02-20,41455.346,-0.0003
2022-02-21,41463.1628,0.0002
2022-02-22,41442.6909,-0.0005
2022-02-23,41482.141,0.0011
2022-02-24,41439.7551,-0.0011
2022-02-25,41454.5025,0.0004
2022-02-26,41450.4779,-0.0001
2022-02-27,41461.3898,0.0003
2022-02-28,41764.4416,0.007
2022-03-01,41813.8561,0.0011
2022-03-02,41841.0087,0.0006
2022-03-03,41898.1843,0.0013
2022-03-04,41887.5172,-0.0003
2022-03-05,41873.7131,-0.0004
2022-03-06,41873.3591,-0.0
2022-03-07,41883.4756,0.0003
2022-03-08,41908.1994,0.0006
2022-03-09,41938.7307,0.0007
2022-03-10,41911.9903,-0.0007
2022-03-11,42030.233,0.0031
2022-03-12,42032.4281,0.0001
2022-03-13,42033.0585,0.0
2022-03-14,42028.7524,-0.0001
2022-03-15,42017.2173,-0.0003
2022-03-16,42041.059,0.0006
2022-03-17,42092.3313,0.0012
2022-03-18,42096.3719,0.0001
2022-03-19,42103.5286,0.0002
2022-03-20,42100.4288,-0.0001
2022-03-21,42118.7092,0.0004
2022-03-22,42141.369,0.0005
2022-03-23,42145.0883,0.0001
2022-03-24,42155.8263,0.0002
2022-03-25,42480.726,0.0073
2022-03-26,42467.9637,-0.0003
2022-03-27,42484.4003,0.0004
2022-03-28,42532.9521,0.001
2022-03-29,42631.6064,0.0021
2022-03-30,42641.831,0.0002
2022-03-31,42656.3965,0.0003
2022-04-01,42684.9498,0.0006
2022-04-02,42684.8511,-0.0
2022-04-03,42695.8236,0.0002
2022-04-04,42718.5821,0.0005
2022-04-05,42737.3417,0.0004
2022-04-06,42713.0365,-0.0006
2022-04-07,42646.5174,-0.0015
2022-04-08,42640.0071,-0.0002
2022-04-09,42615.3737,-0.0006
2022-04-10,42610.842,-0.0001
2022-04-11,42587.9663,-0.0006
2022-04-12,42675.851,0.0022
2022-04-13,42671.8788,-0.0001
2022-04-14,42791.6535,0.003
2022-04-15,42787.1953,-0.0001
2022-04-16,42557.921,-0.0057
2022-04-17,42550.7052,-0.0002
2022-04-18,42539.2287,-0.0003
2022-04-19,42542.3686,0.0001
2022-04-20,42540.4846,-0.0
2022-04-21,42699.7789,0.0039
2022-04-22,42660.286,-0.001
2022-04-23,42653.5134,-0.0002
2022-04-24,42647.4878,-0.0002
2022-04-25,42635.5094,-0.0003
2022-04-26,42616.1459,-0.0005
2022-04-27,42603.5602,-0.0003
2022-04-28,42603.2172,-0.0
2022-04-29,42535.0316,-0.0018
2022-04-30,42522.1161,-0.0003
2022-05-01,42512.8987,-0.0002
2022-05-02,42481.7073,-0.0008
2022-05-03,42450.4748,-0.0008
2022-05-04,42463.872,0.0003
2022-05-05,42423.9024,-0.0011
2022-05-06,42395.74,-0.0008
2022-05-07,42372.5807,-0.0007
2022-05-08,42343.2613,-0.0009
2022-05-09,42230.6137,-0.0037
2022-05-10,42158.8006,-0.0023
2022-05-11,42030.0316,-0.0044
2022-05-12,41954.2153,-0.0026
2022-05-13,41933.2873,-0.0007
2022-05-14,42052.3181,0.004
2022-05-15,42040.3255,-0.0004
2022-05-16,42028.5477,-0.0004
2022-05-17,42004.0482,-0.0008
2022-05-18,41966.9804,-0.0013
2022-05-19,41921.4232,-0.0015
2022-05-20,41889.2932,-0.0011
2022-05-21,41874.5048,-0.0005
2022-05-22,41866.6967,-0.0003
2022-05-23,41843.4726,-0.0008
2022-05-24,41824.4425,-0.0006
2022-05-25,41810.9835,-0.0005
2022-05-26,41756.8011,-0.0019
2022-05-27,41686.9341,-0.0024
2022-05-28,41681.5908,-0.0002
2022-05-29,41675.7501,-0.0002
2022-05-30,41684.0165,0.0003
2022-05-31,41702.8241,0.0006
2022-06-01,41679.0529,-0.0008
2022-06-02,41584.2505,-0.0031
2022-06-03,41548.1235,-0.0012
2022-06-04,41494.5795,-0.0018
2022-06-05,41484.5197,-0.0003
2022-06-06,41474.351,-0.0003
2022-06-07,41423.9798,-0.0016
2022-06-08,41358.3936,-0.0022
2022-06-09,41315.7108,-0.0014
2022-06-10,41299.4042,-0.0006
2022-06-11,41256.7234,-0.0015
2022-06-12,41237.6734,-0.0007
2022-06-13,41045.04,-0.0086
2022-06-14,40867.3647,-0.008
2022-06-15,40708.2572,-0.007
2022-06-16,40619.6243,-0.0043
2022-06-17,40614.2649,-0.0003
2022-06-18,40504.518,-0.0058
2022-06-19,40495.2924,-0.0004
2022-06-20,40471.4004,-0.0012
2022-06-21,40424.0759,-0.0023
2022-06-22,40372.2225,-0.0026
2022-06-23,40345.1192,-0.0013
2022-06-24,40322.2932,-0.0011
2022-06-25,40319.496,-0.0001
2022-06-26,40300.1545,-0.0009
2022-06-27,40258.043,-0.002
2022-06-28,40231.3625,-0.0013
2022-06-29,40205.4439,-0.0013
2022-06-30,40108.2637,-0.0049
2022-07-01,40062.6859,-0.0024
2022-07-02,40043.6183,-0.001
2022-07-03,40016.9899,-0.0014
2022-07-04,40006.9496,-0.0005
2022-07-05,39990.6828,-0.0008
2022-07-06,39822.1077,-0.0082
2022-07-07,39808.1083,-0.0006
2022-07-08,39795.3605,-0.0006
2022-07-09,39754.0112,-0.0019
2022-07-10,39740.3458,-0.0007
2022-07-11,39642.1433,-0.0049
2022-07-12,39613.2183,-0.0015
2022-07-13,39583.6425,-0.0015
2022-07-14,39552.0908,-0.0015
2022-07-15,39440.161,-0.0054
2022-07-16,39425.2636,-0.0007
2022-07-17,39418.4398,-0.0003
2022-07-18,39415.9985,-0.0001
2022-07-19,39410.1301,-0.0003
2022-07-20,39422.7788,0.0005
2022-07-21,39405.4933,-0.0007
2022-07-22,39334.7037,-0.0031
2022-07-23,39306.7931,-0.0012
2022-07-24,39295.8529,-0.0005
2022-07-25,39259.835,-0.0017
2022-07-26,39230.1583,-0.0014
2022-07-27,39226.8831,-0.0001
2022-07-28,39226.2443,-0.0
2022-07-29,39214.6616,-0.0005
2022-07-30,39209.8076,-0.0002
2022-07-31,39199.3612,-0.0004
2022-08-01,39189.7313,-0.0004
2022-08-02,38910.5193,-0.0121
2022-08-03,38896.2723,-0.0006
2022-08-04,38856.199,-0.0018
2022-08-05,38828.1743,-0.0012
2022-08-06,38823.8732,-0.0002
2022-08-07,38822.0402,-0.0001
2022-08-08,38820.4845,-0.0001
2022-08-09,38763.3866,-0.0025
2022-08-10,38792.86,0.0012
2022-08-11,38779.979,-0.0005
2022-08-12,38771.9874,-0.0003
2022-08-13,38755.4244,-0.0007
2022-08-14,38747.3607,-0.0003
2022-08-15,38736.5433,-0.0004
2022-08-16,38728.4789,-0.0003
2022-08-17,38700.6189,-0.0012
2022-08-18,38686.9721,-0.0006
2022-08-19,38653.0661,-0.0016
2022-08-20,38601.9764,-0.0024
2022-08-21,38593.1547,-0.0004
2022-08-22,38573.0274,-0.0009
2022-08-23,38546.0325,-0.0013
2022-08-24,38522.8156,-0.0011
2022-08-25,38502.2082,-0.001
2022-08-26,38485.2292,-0.0008
2022-08-27,38393.833,-0.0046
2022-08-28,38398.7143,0.0002
2022-08-29,38399.2986,0.0
2022-08-30,38354.9901,-0.0022
2022-08-31,38338.1407,-0.0008
2022-09-01,38313.4611,-0.0012
2022-09-02,38279.219,-0.0017
2022-09-03,38266.3636,-0.0006
2022-09-04,38270.1595,0.0002
2022-09-05,38255.4836,-0.0007
2022-09-06,38221.1627,-0.0018
2022-09-07,38185.5953,-0.0018
2022-09-08,38159.3005,-0.0014
2022-09-09,38161.9057,0.0001
2022-09-10,38156.9159,-0.0002
2022-09-11,38148.0773,-0.0004
2022-09-12,38146.964,-0.0
2022-09-13,38079.9538,-0.0033
2022-09-14,38039.4583,-0.002
2022-09-15,37996.0051,-0.0022
2022-09-16,37969.3858,-0.0013
2022-09-17,37961.0046,-0.0004
2022-09-18,37953.0138,-0.0004
2022-09-19,37932.5636,-0.001
2022-09-20,37912.1908,-0.0011
2022-09-21,37889.0433,-0.0013
2022-09-22,37866.8889,-0.0011
2022-09-23,37812.8509,-0.0028
2022-09-24,37790.508,-0.0012
2022-09-25,37744.2353,-0.0025
2022-09-26,37736.3673,-0.0004
2022-09-27,37725.3027,-0.0006
2022-09-28,37694.5857,-0.0016
2022-09-29,37676.914,-0.0009
2022-09-30,37653.9819,-0.0012
2022-10-01,37640.616,-0.0007
2022-10-02,37628.2422,-0.0006
2022-10-03,37614.6671,-0.0007
2022-10-04,37599.1077,-0.0008
2022-10-05,37589.0022,-0.0005
2022-10-06,37574.3382,-0.0007
2022-10-07,37562.9418,-0.0006
2022-10-08,37537.1066,-0.0013
2022-10-09,37526.9267,-0.0005
2022-10-10,37508.5624,-0.001
2022-10-11,37480.2922,-0.0015
2022-10-12,37435.1109,-0.0024
2022-10-13,37398.7955,-0.0019
2022-10-14,37361.7026,-0.0019
2022-10-15,37330.7523,-0.0016
2022-10-16,37304.0722,-0.0014
2022-10-17,37277.0673,-0.0014
2022-10-18,37346.7706,0.0036
2022-10-19,37318.6288,-0.0015
2022-10-20,37299.9533,-0.001
2022-10-21,37275.119,-0.0013
2022-10-22,37248.408,-0.0014
2022-10-23,37236.8342,-0.0006
2022-10-24,37228.8358,-0.0004
2022-10-25,37230.2866,0.0001
2022-10-26,37230.9008,0.0
2022-10-27,37234.3882,0.0002
2022-10-28,37221.2962,-0.0006
2022-10-29,37209.1556,-0.0006
2022-10-30,37197.9251,-0.0005
2022-10-31,37184.8102,-0.0006
2022-11-01,37165.4113,-0.0009
2022-11-02,37149.9776,-0.0008
2022-11-03,37140.2695,-0.0005
2022-11-04,37220.6845,0.0038
2022-11-05,37206.4465,-0.0007
2022-11-06,37180.1749,-0.0013
2022-11-07,37091.7679,-0.0043
2022-11-08,37039.7535,-0.0028
2022-11-09,36917.0987,-0.0077
2022-11-10,36854.2572,-0.0036
2022-11-11,36838.1861,-0.0009
2022-11-12,36765.8851,-0.0043
2022-11-13,36746.8,-0.0012
2022-11-14,36704.4084,-0.0026
2022-11-15,36612.817,-0.0054
2022-11-16,36547.1989,-0.0039
2022-11-17,36381.6184,-0.0099
2022-11-18,36005.798,-0.0225
2022-11-19,35935.8701,-0.0042
2022-11-20,35894.1483,-0.0026
2022-11-21,35828.0425,-0.0042
2022-11-22,35785.8035,-0.0026
2022-11-23,35854.6975,0.0041
2022-11-24,35829.9396,-0.0015
2022-11-25,35803.3695,-0.0016
2022-11-26,35770.5589,-0.002
2022-11-27,35750.9047,-0.0012
2022-11-28,35711.5762,-0.0024
2022-11-29,35693.6341,-0.0011
2022-11-30,35660.3571,-0.0019
2022-12-01,35644.5721,-0.0009
2022-12-02,35606.4539,-0.0022
2022-12-03,35578.5777,-0.0017
2022-12-04,35552.7152,-0.0015
2022-12-05,35451.8387,-0.0059
2022-12-06,35388.6221,-0.0037
2022-12-07,35378.1175,-0.0006
2022-12-08,35353.0346,-0.0015
2022-12-09,35316.6342,-0.0021
2022-12-10,35305.3334,-0.0007
2022-12-11,35294.8967,-0.0006
2022-12-12,35284.721,-0.0006
2022-12-13,35258.3388,-0.0015
2022-12-14,35229.2477,-0.0016
2022-12-15,35213.9553,-0.0009
2022-12-16,35193.3389,-0.0012
2022-12-17,35173.0189,-0.0012
2022-12-18,35165.7553,-0.0004
2022-12-19,35132.9195,-0.002
2022-12-20,35117.2035,-0.0009
2022-12-21,35043.965,-0.0044
2022-12-22,35027.8072,-0.001
2022-12-23,34997.5118,-0.0018
2022-12-24,34935.7318,-0.0037
2022-12-25,34915.723,-0.0012
2022-12-26,34905.4774,-0.0006
2022-12-27,34880.1105,-0.0015
2022-12-28,34855.738,-0.0015
2022-12-29,34827.236,-0.0017
2022-12-30,34814.4926,-0.0008
2022-12-31,34743.3163,-0.0043
2023-01-01,34732.8449,-0.0006
2023-01-02,34729.5455,-0.0002
2023-01-03,34715.4116,-0.0008
2023-01-04,34699.296,-0.001
2023-01-05,34708.6807,0.0006
2023-01-06,34685.1308,-0.0014
2023-01-07,34675.4033,-0.0006
2023-01-08,34669.6097,-0.0003
2023-01-09,34665.9119,-0.0002
2023-01-10,34647.1175,-0.0011
2023-01-11,34602.9384,-0.0025
2023-01-12,34600.1808,-0.0001
2023-01-13,34600.6904,0.0
2023-01-14,34607.2589,0.0003
2023-01-15,34606.0412,-0.0001
2023-01-16,34623.1511,0.0008
2023-01-17,34629.4981,0.0003
2023-01-18,34624.0003,-0.0003
2023-01-19,34608.6275,-0.0007
2023-01-20,34607.9782,-0.0
2023-01-21,34599.4007,-0.0004
2023-01-22,34603.2543,0.0002
2023-01-23,34604.7622,0.0001
2023-01-24,34605.7767,0.0
2023-01-25,34606.5378,0.0
2023-01-26,34621.1256,0.0006
2023-01-27,34608.3091,-0.0006
2023-01-28,34604.4892,-0.0002
2023-01-29,34607.7816,0.0001
2023-01-30,34610.8851,0.0001
2023-01-31,34610.5031,-0.0
2023-02-01,34620.4946,0.0004
2023-02-02,34625.6962,0.0002
2023-02-03,34629.1088,0.0001
2023-02-04,34633.4663,0.0002
2023-02-05,34631.2549,-0.0001
2023-02-06,34630.3065,-0.0
2023-02-07,34627.8298,-0.0001
2023-02-08,34624.8674,-0.0001
2023-02-09,34621.3365,-0.0002
2023-02-10,34616.4475,-0.0002
2023-02-11,34603.9463,-0.0006
2023-02-12,34599.4682,-0.0002
2023-02-13,34590.8381,-0.0004
2023-02-14,34582.9392,-0.0004
2023-02-15,34586.813,0.0002
2023-02-16,34606.5833,0.0008
2023-02-17,34607.701,0.0
2023-02-18,34608.1983,0.0
2023-02-19,34613.9781,0.0002
2023-02-20,34615.9026,0.0001
2023-02-21,34610.0104,-0.0002
2023-02-22,34597.2408,-0.0005
2023-02-23,34600.4716,0.0001
2023-02-24,34595.5145,-0.0002
2023-02-25,34586.3339,-0.0004
2023-02-26,34586.6026,0.0
2023-02-27,34593.9228,0.0003
2023-02-28,34571.2184,-0.001
2023-03-01,34560.093,-0.0005
2023-03-02,34551.842,-0.0004
2023-03-03,34541.6503,-0.0005
2023-03-04,34536.3494,-0.0002
2023-03-05,34518.0005,-0.0008
2023-03-06,34516.3602,-0.0001
2023-03-07,34417.8254,-0.0044
2023-03-08,34407.5944,-0.0005
2023-03-09,34380.7535,-0.0013
2023-03-10,34346.4406,-0.0017
2023-03-11,34331.0578,-0.0007
2023-03-12,34323.0,-0.0004
2023-03-13,34359.6927,0.0015
2023-03-14,34397.3123,0.0015
2023-03-15,34421.2409,0.001
2023-03-16,34436.9298,0.0006
2023-03-17,34474.4316,0.0014
2023-03-18,34491.359,0.0006
2023-03-19,34506.1911,0.0005
2023-03-20,34532.663,0.001
2023-03-21,34543.006,0.0004
2023-03-22,34560.7358,0.0006
2023-03-23,34596.2447,0.0013
2023-03-24,34609.6725,0.0005
2023-03-25,34611.0827,0.0001
2023-03-26,34612.4769,0.0
2023-03-27,34640.5658,0.001
2023-03-28,34644.7397,0.0002
2023-03-29,34656.0507,0.0004
2023-03-30,34104.1441,-0.0197
2023-03-31,34130.552,0.0009
2023-04-01,34139.3118,0.0003
2023-04-02,34138.4081,-0.0
2023-04-03,34151.321,0.0005
2023-04-04,34156.5134,0.0002
2023-04-05,34178.5278,0.0008
2023-04-06,34178.3957,-0.0
2023-04-07,34174.9382,-0.0001
2023-04-08,34074.6108,-0.0036
2023-04-09,34068.7079,-0.0002
2023-04-10,34085.2345,0.0006
2023-04-11,34141.3465,0.0019
2023-04-12,34148.4317,0.0002
2023-04-13,34122.7477,-0.0008
2023-04-14,34114.9403,-0.0003
2023-04-15,34080.4403,-0.0011
2023-04-16,34040.7515,-0.0013
2023-04-17,34024.9047,-0.0005
2023-04-18,34012.0741,-0.0004
2023-04-19,34025.1484,0.0005
2023-04-20,33993.243,-0.0011
2023-04-21,33953.2536,-0.0015
2023-04-22,33871.1609,-0.0029
2023-04-23,33866.2651,-0.0002
2023-04-24,33853.9686,-0.0004
2023-04-25,33839.3332,-0.0005
2023-04-26,33821.0986,-0.0006
2023-04-27,33812.2276,-0.0003
2023-04-28,33825.3771,0.0004
2023-04-29,33838.3295,0.0004
2023-04-30,33835.7942,-0.0001
2023-05-01,33828.329,-0.0003
2023-05-02,33712.2582,-0.004
2023-05-03,33737.8783,0.0009
2023-05-04,33733.5841,-0.0001
2023-05-05,33730.0779,-0.0001
2023-05-06,33722.6434,-0.0003
2023-05-07,33931.8328,0.0073
2023-05-08,33954.3495,0.0008
2023-05-09,33944.3117,-0.0004
2023-05-10,33943.7819,-0.0
2023-05-11,33941.7246,-0.0001
2023-05-12,33952.3999,0.0004
2023-05-13,33942.1996,-0.0004
2023-05-14,33947.4651,0.0002
2023-05-15,34013.0692,0.0024
2023-05-16,34015.2091,0.0001
2023-05-17,33997.7587,-0.0006
2023-05-18,33980.7362,-0.0006
2023-05-19,33966.3398,-0.0005
2023-05-20,33960.067,-0.0002
2023-05-21,33956.595,-0.0001
2023-05-22,33995.5514,0.0014
2023-05-23,33997.3075,0.0001
2023-05-24,33994.1913,-0.0001
2023-05-25,34057.5022,0.0024
2023-05-26,34066.3279,0.0003
2023-05-27,34040.7314,-0.001
2023-05-28,34045.777,0.0002
2023-05-29,34051.2417,0.0002
2023-05-30,34068.7915,0.0006
2023-05-31,34072.2821,0.0001
2023-06-01,34072.2747,-0.0
2023-06-02,34069.5266,-0.0001
2023-06-03,34056.9435,-0.0005
2023-06-04,34034.4598,-0.0008
2023-06-05,34041.1454,0.0003
2023-06-06,34039.106,-0.0001
2023-06-07,34036.3446,-0.0001
2023-06-08,34034.2449,-0.0001
2023-06-09,34017.1565,-0.0006
2023-06-10,33997.1142,-0.0008
2023-06-11,33993.1398,-0.0002
2023-06-12,33991.4908,-0.0001
2023-06-13,33995.5829,0.0002
2023-06-14,34012.2893,0.0007
2023-06-15,34006.1262,-0.0002
2023-06-16,33998.2032,-0.0003
2023-06-17,33988.8736,-0.0004
2023-06-18,34009.1562,0.0008
2023-06-19,33997.7411,-0.0004
2023-06-20,33997.716,-0.0
2023-06-21,34035.9265,0.0013
2023-06-22,34061.4987,0.0009
2023-06-23,34094.0771,0.0011
2023-06-24,34104.8713,0.0004
2023-06-25,34111.0697,0.0002
2023-06-26,34125.9884,0.0005
2023-06-27,34158.6737,0.0011
2023-06-28,34203.447,0.0015
2023-06-29,34208.3057,0.0002
2023-06-30,34220.6825,0.0004
2023-07-01,34290.3775,0.0023
2023-07-02,34297.6045,0.0002
2023-07-03,34310.7553,0.0004
2023-07-04,34320.7846,0.0003
2023-07-05,34318.7202,-0.0001
2023-07-06,34275.938,-0.0014
2023-07-07,34274.4941,-0.0
2023-07-08,34270.359,-0.0001
2023-07-09,34276.3668,0.0002
2023-07-10,34283.3866,0.0002
2023-07-11,34308.2294,0.0008
2023-07-12,34317.7009,0.0003
2023-07-13,34319.9379,0.0001
2023-07-14,34335.8819,0.0005
2023-07-15,34334.1136,-0.0001
2023-07-16,34335.585,0.0
2023-07-17,34327.5634,-0.0003
2023-07-18,34346.4531,0.0006
2023-07-19,34358.3576,0.0004
2023-07-20,34365.2199,0.0002
2023-07-21,34349.4145,-0.0005
2023-07-22,34351.1118,0.0001
2023-07-23,34354.4778,0.0001
2023-07-24,34360.154,0.0002
2023-07-25,34358.4232,-0.0001
2023-07-26,34355.7999,-0.0001
2023-07-27,34340.6517,-0.0005
2023-07-28,34287.9776,-0.0018
2023-07-29,34285.1355,-0.0001
2023-07-30,34284.5176,-0.0
2023-07-31,34282.1216,-0.0001
2023-08-01,34268.4332,-0.0005
2023-08-02,34245.3596,-0.0008
2023-08-03,34223.8485,-0.0007
2023-08-04,34228.711,0.0002
2023-08-05,34221.578,-0.0002
2023-08-06,34225.0398,0.0001
2023-08-07,34209.5327,-0.0005
2023-08-08,34211.3308,0.0001
2023-08-09,34190.4703,-0.0007
2023-08-10,34192.5197,0.0001
2023-08-11,34196.3098,0.0001
2023-08-12,34195.9995,-0.0
2023-08-13,34190.7424,-0.0002
2023-08-14,34195.5543,0.0002
2023-08-15,34189.8633,-0.0002
2023-08-16,34185.0531,-0.0002
2023-08-17,34184.4898,-0.0
2023-08-18,34171.7878,-0.0005
2023-08-19,34157.7007,-0.0005
2023-08-20,34152.7608,-0.0002
2023-08-21,34142.2631,-0.0004
2023-08-22,34135.9489,-0.0002
2023-08-23,34122.8004,-0.0005
2023-08-24,34108.2348,-0.0006
2023-08-25,34090.9162,-0.0007
2023-08-26,34082.7216,-0.0003
2023-08-27,34088.4042,0.0002
2023-08-28,34083.3079,-0.0002
2023-08-29,34065.7826,-0.0006
2023-08-30,34064.9857,-0.0
2023-08-31,34059.3586,-0.0002
2023-09-01,33892.7504,-0.0064
2023-09-02,33877.2037,-0.0006
2023-09-03,33870.2139,-0.0003
2023-09-04,33869.288,-0.0
2023-09-05,33860.5286,-0.0003
2023-09-06,33853.7939,-0.0003
2023-09-07,33846.0989,-0.0003
2023-09-08,33818.9608,-0.001
2023-09-09,33812.468,-0.0003
2023-09-10,33810.5427,-0.0001
2023-09-11,33805.9725,-0.0002
2023-09-12,33775.6514,-0.0012
2023-09-13,33754.073,-0.0008
2023-09-14,33759.846,0.0002
2023-09-15,33754.5277,-0.0002
2023-09-16,33749.1693,-0.0002
2023-09-17,33749.0872,-0.0
2023-09-18,33763.6114,0.0005
2023-09-19,33788.4044,0.0009
2023-09-20,33783.7275,-0.0002
2023-09-21,33776.2216,-0.0003
2023-09-22,33767.0933,-0.0003
2023-09-23,33760.5182,-0.0002
2023-09-24,33759.2165,-0.0
2023-09-25,33753.4682,-0.0002
2023-09-26,33753.6895,0.0
2023-09-27,33750.3444,-0.0001
2023-09-28,33751.5693,0.0
2023-09-29,33761.7497,0.0004
2023-09-30,33764.8815,0.0001
2023-10-01,33765.5443,0.0
2023-10-02,33778.7502,0.0005
2023-10-03,33786.0457,0.0003
2023-10-04,33797.0928,0.0004
2023-10-05,33793.3466,-0.0001
2023-10-06,33811.994,0.0007
2023-10-07,33826.1279,0.0005
2023-10-08,33824.9495,-0.0
2023-10-09,33795.067,-0.0011
2023-10-10,33794.569,-0.0
2023-10-11,33797.8881,0.0001
2023-10-12,33787.3778,-0.0004
2023-10-13,33778.6575,-0.0003
2023-10-14,33794.8454,0.0006
2023-10-15,33795.9359,0.0
2023-10-16,33804.8228,0.0003
2023-10-17,33801.8705,-0.0001
2023-10-18,33797.1087,-0.0002
2023-10-19,33786.3479,-0.0004
2023-10-20,33809.8312,0.0008
2023-10-21,33815.6998,0.0002
2023-10-22,33821.4075,0.0002
2023-10-23,33867.8141,0.0014
2023-10-24,33977.3755,0.0032
2023-10-25,33999.8804,0.0007
2023-10-26,34065.941,0.0019
2023-10-27,34081.6481,0.0005
2023-10-28,34096.3386,0.0004
2023-10-29,34112.7887,0.0005
2023-10-30,34139.4653,0.0008
2023-10-31,34163.7241,0.0007
2023-11-01,34242.4452,0.0022
2023-11-02,34261.033,0.0005
2023-11-03,34297.9343,0.0011
2023-11-04,34289.7492,-0.0002
2023-11-05,34299.2179,0.0003
2023-11-06,34312.7703,0.0004
2023-11-07,34336.3762,0.0007
2023-11-08,34349.8323,0.0004
2023-11-09,34494.0269,0.0039
2023-11-10,34527.228,0.0009
2023-11-11,34538.7676,0.0003
2023-11-12,34541.5092,0.0001
2023-11-13,34550.6923,0.0003
2023-11-14,34556.5082,0.0002
2023-11-15,34582.7977,0.0007
2023-11-16,34613.7125,0.0009
2023-11-17,34607.9096,-0.0002
2023-11-18,34607.0697,-0.0
2023-11-19,34619.6528,0.0003
2023-11-20,34643.2064,0.0006
2023-11-21,34617.0929,-0.0007
2023-11-22,34651.3748,0.0009
2023-11-23,34645.6431,-0.0002
2023-11-24,34656.7134,0.0003
2023-11-25,34645.04,-0.0003
2023-11-26,34653.2846,0.0002
2023-11-27,34660.6901,0.0002
2023-11-28,34684.3083,0.0006
2023-11-29,34679.4178,-0.0001
2023-11-30,34685.6499,0.0002
2023-12-01,34709.4782,0.0006
2023-12-02,34724.7149,0.0004
2023-12-03,34739.7884,0.0004
2023-12-04,34837.7034,0.0023
2023-12-05,34907.669,0.0016
2023-12-06,35039.8396,0.003
2023-12-07,35095.2255,0.0013
2023-12-08,35120.9419,0.0006
2023-12-09,35156.4988,0.0008
2023-12-10,35175.5385,0.0004
2023-12-11,35228.7006,0.0013
2023-12-12,35337.8193,0.0026
2023-12-13,35361.7676,0.0006
2023-12-14,35380.1409,0.0004
2023-12-15,35431.9513,0.0012
2023-12-16,35460.0446,0.0007
2023-12-17,35466.759,0.0002
2023-12-18,35520.4499,0.0013
2023-12-19,35559.415,0.0009
2023-12-20,35629.9534,0.0016
2023-12-21,35660.1137,0.0007
2023-12-22,35714.1836,0.0012
2023-12-23,35724.8094,0.0002
2023-12-24,35788.6995,0.0015
2023-12-25,35804.9489,0.0004
2023-12-26,35841.1645,0.0009
2023-12-27,36014.645,0.004
2023-12-28,36045.7382,0.0007
2023-12-29,36069.1613,0.0006
2023-12-30,35997.027,-0.0017
2023-12-31,36018.2738,0.0005
2024-01-01,36033.888,0.0004
2024-01-02,36106.8609,0.0016
2024-01-03,36170.0067,0.0015
2024-01-04,36703.1214,0.012
2024-01-05,36771.7098,0.0015
2024-01-06,36787.7578,0.0004
2024-01-07,36806.4467,0.0004
2024-01-08,36853.4179,0.001
2024-01-09,36947.5795,0.002
2024-01-10,36996.8384,0.0011
2024-01-11,37070.9034,0.0016
2024-01-12,37095.9152,0.0006
2024-01-13,37102.8441,0.0002
2024-01-14,37114.0587,0.0003
2024-01-15,37131.5556,0.0004
2024-01-16,37419.0813,0.0067
2024-01-17,37461.6706,0.001
2024-01-18,37538.8073,0.0019
2024-01-19,37573.1566,0.0008
2024-01-20,37561.3246,-0.0003
2024-01-21,37566.2314,0.0001
2024-01-22,37598.3712,0.0008
2024-01-23,37633.2079,0.0009
2024-01-24,37773.851,0.0035
2024-01-25,37817.1235,0.0011
2024-01-26,37849.9444,0.0008
2024-01-27,37856.4248,0.0002
2024-01-28,37865.7348,0.0002
2024-01-29,37895.7472,0.0007
2024-01-30,38024.4485,0.003
2024-01-31,38068.2232,0.001
2024-02-01,38083.7682,0.0004
2024-02-02,38112.3776,0.0007
2024-02-03,38114.4204,0.0
2024-02-04,38126.4446,0.0003
2024-02-05,38158.733,0.0008
2024-02-06,38230.7453,0.0017
2024-02-07,38261.7329,0.0007
2024-02-08,38300.3517,0.0009
2024-02-09,38359.0012,0.0012
2024-02-10,38391.3934,0.0007
2024-02-11,38424.4815,0.0007
2024-02-12,38504.604,0.0016
2024-02-13,38561.1161,0.0011
2024-02-14,38791.6264,0.0044
2024-02-15,38873.0183,0.0016
2024-02-16,38948.2307,0.0014
2024-02-17,38974.4682,0.0005
2024-02-18,39000.4189,0.0005
2024-02-19,39174.0451,0.0034
2024-02-20,39212.7191,0.0007
2024-02-21,39254.3745,0.0008
2024-02-22,39333.6891,0.0015
2024-02-23,39449.0453,0.0023
2024-02-24,39472.229,0.0004
2024-02-25,39479.1561,0.0001
2024-02-26,39558.8062,0.0015
2024-02-27,39739.5151,0.0032
2024-02-28,40289.0966,0.0088
2024-02-29,40514.7967,0.0037
2024-03-01,40855.0355,0.0055
2024-03-02,40882.8729,0.0004
2024-03-03,40940.6264,0.0009
2024-03-04,41214.77,0.004
2024-03-05,41641.4307,0.0067
2024-03-06,42549.627,0.0137
2024-03-07,42907.2954,0.0053
2024-03-08,43185.6949,0.0041
2024-03-09,43271.0364,0.0012
2024-03-10,43377.1513,0.0015
2024-03-11,43720.6249,0.0048
2024-03-12,43935.5404,0.003
2024-03-13,44479.0216,0.0074
2024-03-14,44723.8854,0.0034
2024-03-15,44842.9993,0.0017
2024-03-16,44888.9956,0.0007
2024-03-17,45070.8941,0.0027
2024-03-18,45168.5432,0.0014
2024-03-19,45191.4548,0.0004
2024-03-20,45258.3278,0.001
2024-03-21,45403.8337,0.0022
2024-03-22,45501.0402,0.0015
2024-03-23,46235.7854,0.0115
2024-03-24,46289.4821,0.0008
2024-03-25,46971.1358,0.0098
2024-03-26,47070.3165,0.0014
2024-03-27,47136.605,0.001
2024-03-28,47376.885,0.0034
2024-03-29,47423.7331,0.0007
2024-03-30,47447.9841,0.0003
2024-03-31,47489.6678,0.0006
2024-04-01,47920.8106,0.0062
2024-04-02,48178.7398,0.0039
2024-04-03,48266.8356,0.0013
2024-04-04,48305.7431,0.0006
2024-04-05,48334.34,0.0004
2024-04-06,48377.151,0.0006
2024-04-07,48413.0708,0.0005
2024-04-08,48504.7116,0.0013
2024-04-09,48568.7414,0.0009
2024-04-10,48608.4312,0.0006
2024-04-11,48664.7702,0.0008
2024-04-12,48712.4312,0.0007
2024-04-13,48716.6357,0.0001
2024-04-14,48735.2772,0.0003
2024-04-15,48777.7278,0.0007
2024-04-16,48858.8124,0.0013
2024-04-17,48877.0453,0.0003
2024-04-18,48976.8347,0.0016
2024-04-19,49058.846,0.0013
2024-04-20,49060.3251,0.0
2024-04-21,49078.2776,0.0003
2024-04-22,49131.2384,0.0008
2024-04-23,49159.7046,0.0004
2024-04-24,49546.6828,0.006
2024-04-25,49561.2254,0.0002
2024-04-26,49568.6617,0.0001
2024-04-27,49600.7703,0.0005
2024-04-28,49675.9734,0.0012
2024-04-29,49719.5719,0.0007
2024-04-30,49760.8481,0.0007
2024-05-01,49750.2626,-0.0002
2024-05-02,49753.2664,0.0001
2024-05-03,49761.3078,0.0001
2024-05-04,49776.2391,0.0002
2024-05-05,49787.0547,0.0002
2024-05-06,49834.1203,0.0007
2024-05-07,49844.5393,0.0002
2024-05-08,49870.6996,0.0004
2024-05-09,49858.0602,-0.0002
2024-05-10,49857.3119,-0.0
2024-05-11,49866.6515,0.0002
2024-05-12,49892.913,0.0004
2024-05-13,49929.5467,0.0006
2024-05-14,49948.3328,0.0003
2024-05-15,50095.3482,0.0022
2024-05-16,50148.0258,0.0008
2024-05-17,50208.3207,0.0009
2024-05-18,50220.8032,0.0002
2024-05-19,50252.902,0.0005
2024-05-20,50341.731,0.0012
2024-05-21,50458.9803,0.0017
2024-05-22,50535.4755,0.0011
2024-05-23,50606.6142,0.001
2024-05-24,50645.2846,0.0006
2024-05-25,50645.6787,0.0
2024-05-26,50693.0903,0.0007
2024-05-27,50763.8892,0.001
2024-05-28,52146.7089,0.0202
2024-05-29,52168.86,0.0003
2024-05-30,52188.4807,0.0003
2024-05-31,52216.1863,0.0004
2024-06-01,52213.7799,-0.0
2024-06-02,52224.6498,0.0002
2024-06-03,52334.7229,0.0016
2024-06-04,52405.7474,0.001
2024-06-05,52483.126,0.0011
2024-06-06,52661.6466,0.0025
2024-06-07,52727.2266,0.0009
2024-06-08,52747.6705,0.0003
2024-06-09,52755.5762,0.0001
2024-06-10,52789.2776,0.0005
2024-06-11,52975.1302,0.0028
2024-06-12,53025.8456,0.0007
2024-06-13,53029.0267,0.0
2024-06-14,53044.7933,0.0002
2024-06-15,53078.1128,0.0005
2024-06-16,53087.0338,0.0001
2024-06-17,53122.9675,0.0005
2024-06-18,53130.2623,0.0001
2024-06-19,53089.7264,-0.0006
2024-06-20,53094.0896,0.0001
2024-06-21,53070.3196,-0.0004
2024-06-22,53334.1628,0.0041
2024-06-23,53342.3647,0.0001
2024-06-24,53378.0928,0.0006
2024-06-25,53374.7196,-0.0001
2024-06-26,53370.8193,-0.0001
2024-06-27,53533.2546,0.0026
2024-06-28,53564.5749,0.0005
2024-06-29,53566.2606,0.0
2024-06-30,53577.3869,0.0002
2024-07-01,53635.1573,0.0009
2024-07-02,53639.7422,0.0001
2024-07-03,53720.2756,0.0013
2024-07-04,53793.6709,0.0013
2024-07-05,53938.5527,0.0026
2024-07-06,53934.9701,-0.0001
2024-07-07,53957.8441,0.0004
2024-07-08,53934.902,-0.0004
2024-07-09,53996.4035,0.0011
2024-07-10,54002.5948,0.0001
2024-07-11,53991.8432,-0.0002
2024-07-12,54004.0551,0.0002
2024-07-13,54012.264,0.0001
2024-07-14,54028.8239,0.0003
2024-07-15,54119.8117,0.0014
2024-07-16,54155.5591,0.0005
2024-07-17,54220.2498,0.001
2024-07-18,54263.3056,0.0007
2024-07-19,54394.4924,0.002
2024-07-20,54411.6946,0.0003
2024-07-21,54430.9428,0.0003
2024-07-22,54491.0192,0.0009
2024-07-23,54757.1522,0.004
2024-07-24,54767.7497,0.0002
2024-07-25,54780.5955,0.0002
2024-07-26,54807.8923,0.0004
2024-07-27,54848.0587,0.0006
2024-07-28,54864.7152,0.0002
2024-07-29,54948.3081,0.0013
2024-07-30,55037.3406,0.0013
2024-07-31,54986.8772,-0.0008
2024-08-01,54827.9997,-0.0024
2024-08-02,54791.7918,-0.0006
2024-08-03,54751.741,-0.0007
2024-08-04,54758.461,0.0001
2024-08-05,54779.9831,0.0004
2024-08-06,54717.0271,-0.0011
2024-08-07,54656.4202,-0.0011
2024-08-08,54530.3687,-0.002
2024-08-09,54503.8281,-0.0004
2024-08-10,54570.8022,0.0011
2024-08-11,54564.6302,-0.0001
2024-08-12,54568.951,0.0001
2024-08-13,54459.7301,-0.0018
2024-08-14,54428.9535,-0.0005
2024-08-15,54311.2824,-0.002
2024-08-16,54229.9591,-0.0014
2024-08-17,54202.6564,-0.0005
2024-08-18,54202.7008,0.0
2024-08-19,54200.0946,-0.0
2024-08-20,54176.8527,-0.0004
2024-08-21,54181.8181,0.0001
2024-08-22,54194.9029,0.0002
2024-08-23,54233.2149,0.0006
2024-08-24,54237.2284,0.0001
2024-08-25,54106.6821,-0.002
2024-08-26,54125.7501,0.0003
2024-08-27,54134.6099,0.0001
2024-08-28,54099.1845,-0.0006
2024-08-29,54223.2538,0.0021
2024-08-30,54205.4498,-0.0003
2024-08-31,54217.9637,0.0002
2024-09-01,54204.656,-0.0002
2024-09-02,54203.3205,-0.0
2024-09-03,53897.9759,-0.0053
2024-09-04,53900.3739,0.0
2024-09-05,53886.8375,-0.0002
2024-09-06,53883.0988,-0.0001
2024-09-07,53867.5829,-0.0003
2024-09-08,53858.5704,-0.0002
2024-09-09,53917.352,0.001
2024-09-10,53914.0548,-0.0001
2024-09-11,53911.8384,-0.0
2024-09-12,53925.791,0.0002
2024-09-13,54012.6641,0.0014
2024-09-14,54016.9403,0.0001
2024-09-15,54021.9098,0.0001
2024-09-16,54052.5346,0.0005
2024-09-17,54085.2266,0.0005
2024-09-18,54123.0883,0.0006
2024-09-19,54179.851,0.0009
2024-09-20,54252.9031,0.0012
2024-09-21,54261.5653,0.0001
2024-09-22,54278.9682,0.0003
2024-09-23,54400.2878,0.0019
2024-09-24,54429.5577,0.0005
2024-09-25,54525.7739,0.0015
2024-09-26,54593.3866,0.001
2024-09-27,54639.7792,0.0007
2024-09-28,54668.0776,0.0004
2024-09-29,54682.0135,0.0002
2024-09-30,54707.8097,0.0004
2024-10-01,54708.5584,0.0
2024-10-02,54700.7866,-0.0001
2024-10-03,54704.2079,0.0001
2024-10-04,54721.872,0.0003
2024-10-05,54722.4123,0.0
2024-10-06,54735.3147,0.0002
2024-10-07,54768.5527,0.0005
2024-10-08,55646.213,0.0141
2024-10-09,55701.691,0.0009
2024-10-10,55681.6378,-0.0003
2024-10-11,55951.3431,0.0043
2024-10-12,56013.9295,0.001
2024-10-13,56034.2748,0.0003
2024-10-14,56105.6415,0.0011
2024-10-15,56262.187,0.0023
2024-10-16,56327.5179,0.001
2024-10-17,56366.5385,0.0006
2024-10-18,56430.729,0.0009
2024-10-19,56468.4318,0.0006
2024-10-20,56694.5147,0.0033
2024-10-21,56934.0946,0.0036
2024-10-22,56967.0546,0.0005
2024-10-23,56987.0811,0.0003
2024-10-24,57022.0462,0.0005
2024-10-25,57054.9737,0.0005
2024-10-26,57065.4362,0.0002
2024-10-27,57085.8885,0.0003
2024-10-28,57149.4994,0.0009
2024-10-29,57305.4555,0.0021
2024-10-30,57389.3581,0.0012
2024-10-31,57448.4388,0.0008
2024-11-01,57469.5343,0.0003
2024-11-02,57467.4726,-0.0
2024-11-03,57482.3684,0.0002
2024-11-04,57540.2147,0.0009
2024-11-05,57591.3256,0.0007
2024-11-06,58198.1873,0.008
2024-11-07,58294.8826,0.0013
2024-11-08,58382.9682,0.0012
2024-11-09,58405.5338,0.0003
2024-11-10,58547.8946,0.0018
2024-11-11,58910.1343,0.0041
2024-11-12,59354.863,0.0051
2024-11-13,59769.6834,0.0046
2024-11-14,60356.1971,0.0067
2024-11-15,60673.545,0.0035
2024-11-16,60773.3086,0.0011
2024-11-17,60841.3824,0.0008
2024-11-18,61060.6641,0.0024
2024-11-19,61625.5411,0.0061
2024-11-20,62056.0294,0.0046
2024-11-21,62960.6247,0.0092
2024-11-22,63575.2326,0.0062
2024-11-23,63851.1338,0.0028
2024-11-24,63912.1743,0.0006
2024-11-25,64251.1907,0.0036
2024-11-26,64484.1396,0.0025
2024-11-27,64715.002,0.0024
2024-11-28,64917.868,0.0021
2024-11-29,64990.6764,0.0007
2024-11-30,65049.2044,0.0006
2024-12-01,65123.2538,0.0008
2024-12-02,65373.2552,0.0026
2024-12-03,65650.5188,0.0029
2024-12-04,65892.9588,0.0025
2024-12-05,66938.2699,0.0108
2024-12-06,67776.3794,0.0084
2024-12-07,67776.9406,0.0
2024-12-08,67836.6515,0.0006
2024-12-09,68345.6995,0.0052
2024-12-10,68558.3991,0.0022
2024-12-11,68874.8626,0.0031
2024-12-12,69010.2728,0.0014
2024-12-13,69216.6937,0.002
2024-12-14,69282.92,0.0007
2024-12-15,69465.0549,0.0017
2024-12-16,69809.8225,0.0033
2024-12-17,70360.9036,0.0052
2024-12-18,70643.4201,0.0028
2024-12-19,71339.5224,0.0071
2024-12-20,71598.5178,0.0026
2024-12-21,71607.1935,0.0001
2024-12-22,71677.0245,0.0007
2024-12-23,72452.1061,0.0082
2024-12-24,72798.8938,0.0035
2024-12-25,72792.4097,-0.0001
2024-12-26,72917.7526,0.0013
2024-12-27,73067.4881,0.0016
2024-12-28,73108.5376,0.0004
2024-12-29,73248.9927,0.0015
2024-12-30,73659.6336,0.0044
2024-12-31,73882.1207,0.0024
2025-01-01,74037.7149,0.0016
2025-01-02,74132.5033,0.001
2025-01-03,74184.3247,0.0005
2025-01-04,74197.8938,0.0001
2025-01-05,74234.1897,0.0004
2025-01-06,74360.9106,0.0012
2025-01-07,74607.0551,0.0025
2025-01-08,74658.8142,0.0005
2025-01-09,74671.6318,0.0001
2025-01-10,74723.0632,0.0005
2025-01-11,74708.1486,-0.0002
2025-01-12,74741.9018,0.0004
2025-01-13,74771.7273,0.0003
2025-01-14,74849.2659,0.0008
2025-01-15,75028.9,0.0018
2025-01-16,75174.3371,0.0015
2025-01-17,75361.7512,0.0018
2025-01-18,75496.7479,0.0013
2025-01-19,75607.5351,0.0011
2025-01-20,75794.7832,0.0018
2025-01-21,76024.3858,0.0022
2025-01-22,76258.7191,0.0023
2025-01-23,76871.2343,0.0059
2025-01-24,76960.1883,0.0008
2025-01-25,76990.8887,0.0003
2025-01-26,77024.8805,0.0003
2025-01-27,77190.6476,0.0016
2025-01-28,77286.809,0.0009
2025-01-29,77214.3387,-0.0007
2025-01-30,77313.4143,0.0009
2025-01-31,77380.3837,0.0007
2025-02-01,77408.6103,0.0003
2025-02-02,77442.3325,0.0003
2025-02-03,77578.5392,0.0013
2025-02-04,77951.1835,0.0038
2025-02-05,78196.1812,0.0025
2025-02-06,78364.1609,0.0017
2025-02-07,78425.6872,0.0006
2025-02-08,78426.8544,0.0
2025-02-09,78632.5315,0.0021
2025-02-10,78693.7112,0.0006
2025-02-11,78812.6263,0.0012
2025-02-12,78854.6437,0.0004
2025-02-13,78897.8567,0.0004
2025-02-14,78941.8878,0.0005
2025-02-15,78959.9978,0.0002
2025-02-16,78975.502,0.0002
2025-02-17,79001.0713,0.0003
2025-02-18,79039.497,0.0004
2025-02-19,79067.0795,0.0003
2025-02-20,79105.865,0.0004
2025-02-21,79167.7759,0.0006
2025-02-22,79192.9071,0.0003
2025-02-23,79206.934,0.0001
2025-02-24,79255.8203,0.0005
2025-02-25,79379.3313,0.0014
2025-02-26,79446.2588,0.0008
2025-02-27,79503.0876,0.0007
2025-02-28,79538.6463,0.0004
2025-03-01,79543.9775,0.0001
2025-03-02,79599.9338,0.0006
2025-03-03,79707.8768,0.0013
2025-03-04,79716.9146,0.0001
2025-03-05,79764.6606,0.0005
2025-03-06,79941.9692,0.002
2025-03-07,80014.7633,0.0008
2025-03-08,80008.8456,-0.0001
2025-03-09,80025.8531,0.0002
2025-03-10,80142.814,0.0015
2025-03-11,80220.6587,0.0009
2025-03-12,80022.2349,-0.0024
2025-03-13,79900.3228,-0.0015
2025-03-14,79887.2244,-0.0002
2025-03-15,79742.1632,-0.0017
2025-03-16,79740.1207,-0.0
2025-03-17,79767.8916,0.0003
2025-03-18,79761.6461,-0.0001
2025-03-19,79787.1134,0.0003
2025-03-20,79864.4026,0.0009
2025-03-21,79858.2283,-0.0001
2025-03-22,79886.1113,0.0003
2025-03-23,79897.1006,0.0001
2025-03-24,79864.6582,-0.0004
2025-03-25,79805.071,-0.0007
2025-03-26,79847.7812,0.0005
2025-03-27,79871.8602,0.0003
2025-03-28,80044.6561,0.002
2025-03-29,80036.8287,-0.0001
2025-03-30,80037.6147,0.0
2025-03-31,80071.7402,0.0004
2025-04-01,80074.5836,0.0
2025-04-02,80205.9405,0.0016
2025-04-03,80399.0935,0.0023
2025-04-04,80451.3641,0.0006
2025-04-05,80448.9037,-0.0
2025-04-06,80458.3851,0.0001
2025-04-07,80584.6911,0.0016
2025-04-08,80598.5459,0.0002
2025-04-09,80635.7851,0.0005
2025-04-10,80705.7398,0.0009
2025-04-11,80754.1289,0.0006
2025-04-12,80751.8241,-0.0
2025-04-13,80793.4593,0.0005
2025-04-14,80834.2355,0.0005
2025-04-15,80778.9973,-0.0007
2025-04-16,80752.9801,-0.0003
2025-04-17,80600.1716,-0.0018
2025-04-18,80519.5899,-0.001
2025-04-19,80482.8148,-0.0004
2025-04-20,80478.6172,-0.0
2025-04-21,80533.7486,0.0006
2025-04-22,80605.1072,0.0008
2025-04-23,80784.2455,0.0019
2025-04-24,80834.4364,0.0005
2025-04-25,81150.7643,0.0033
2025-04-26,81026.295,-0.0013
2025-04-27,80978.5896,-0.0005
2025-04-28,81089.722,0.0012
2025-04-29,81105.8762,0.0002
2025-04-30,81100.65,-0.0001
2025-05-01,81202.7708,0.0011
2025-05-02,81332.2396,0.0013
2025-05-03,81351.2151,0.0002
2025-05-04,81353.2761,0.0
2025-05-05,81607.3603,0.0027
2025-05-06,81765.4249,0.0016
2025-05-07,81870.1794,0.0011
2025-05-08,82001.424,0.0013
2025-05-09,81850.3578,-0.0015
2025-05-10,81466.4889,-0.0037
2025-05-11,81500.3448,0.0003
2025-05-12,81631.2339,0.0013
2025-05-13,81603.4988,-0.0003
2025-05-14,81509.3676,-0.0009
2025-05-15,81632.3885,0.0012
2025-05-16,81650.2475,0.0002
2025-05-17,81604.2571,-0.0004
2025-05-18,81648.7913,0.0004
2025-05-19,81861.2606,0.002
2025-05-20,81910.6015,0.0005
2025-05-21,82023.1438,0.001
2025-05-22,82233.0986,0.0019
2025-05-23,82374.8447,0.0013
2025-05-24,82345.7553,-0.0003
2025-05-25,82376.0719,0.0003
2025-05-26,82649.2371,0.0025
2025-05-27,82931.5928,0.0026
2025-05-28,83045.0383,0.0011
2025-05-29,83260.9932,0.002
2025-05-30,83335.3604,0.0007
2025-05-31,83333.4391,-0.0
2025-06-01,83346.8239,0.0001
2025-06-02,83490.5034,0.0014
2025-06-03,83552.5685,0.0006
2025-06-04,83526.8762,-0.0002
2025-06-05,83550.2422,0.0002
2025-06-06,83594.4615,0.0004
2025-06-07,83628.7421,0.0003
2025-06-08,83678.1435,0.0005
2025-06-09,83751.0467,0.0007
2025-06-10,83882.2466,0.0012
2025-06-11,83932.8231,0.0005
2025-06-12,83945.296,0.0001
2025-06-13,84122.5717,0.0017
2025-06-14,84031.3461,-0.0009
2025-06-15,84043.8279,0.0001
2025-06-16,84265.4452,0.0021
2025-06-17,84317.6049,0.0005
2025-06-18,84398.419,0.0008
2025-06-19,84433.231,0.0003
2025-06-20,84489.4909,0.0005
2025-06-21,84504.4306,0.0001
2025-06-22,84558.8703,0.0005
2025-06-23,84658.2151,0.0009
2025-06-24,84766.2267,0.001
2025-06-25,84896.6401,0.0012
2025-06-26,85138.8774,0.0023
2025-06-27,85397.5704,0.0024
2025-06-28,85383.5861,-0.0001
2025-06-29,85421.634,0.0004
2025-06-30,85720.2302,0.0028
2025-07-01,85781.4733,0.0006
2025-07-02,85877.024,0.0009
2025-07-03,86047.0539,0.0016
2025-07-04,87253.4722,0.0112
2025-07-05,87247.5376,-0.0001
2025-07-06,87273.6769,0.0002
2025-07-07,87489.3455,0.002
2025-07-08,87605.8475,0.0011
2025-07-09,87845.8558,0.0022
2025-07-10,87909.0932,0.0005
2025-07-11,88245.6765,0.0029
2025-07-12,88418.476,0.0015
2025-07-13,88500.2779,0.0007
2025-07-14,88853.1041,0.0029
2025-07-15,89036.5116,0.0016
2025-07-16,89813.4276,0.0065
2025-07-17,90244.9484,0.0036
2025-07-18,90433.3462,0.0016
2025-07-19,90562.9559,0.0011
2025-07-20,90614.5724,0.0004
2025-07-21,90772.3627,0.0013
2025-07-22,91069.3763,0.0025
2025-07-23,91312.3138,0.002
2025-07-24,91473.982,0.0014
2025-07-25,91732.7447,0.0022
2025-07-26,91774.1231,0.0004
2025-07-27,91833.074,0.0005
2025-07-28,91983.6347,0.0013
2025-07-29,92203.4811,0.0019
2025-07-30,92307.4308,0.0009
2025-07-31,92368.0761,0.0005
2025-08-01,92390.2679,0.0002
2025-08-02,92360.2147,-0.0003
2025-08-03,92448.2734,0.0008
2025-08-04,92530.5289,0.0007
2025-08-05,92623.6003,0.0008
2025-08-06,92649.6401,0.0002
2025-08-07,92817.5093,0.0014
2025-08-08,92938.1633,0.001
2025-08-09,92959.6317,0.0002
2025-08-10,93013.4228,0.0005
2025-08-11,93108.973,0.0008
2025-08-12,93187.4031,0.0007
2025-08-13,93290.7166,0.0008
2025-08-14,93389.1493,0.0008
2025-08-15,93388.6269,-0.0
2025-08-16,93834.719,0.0038
2025-08-17,93870.3439,0.0003
2025-08-18,93905.784,0.0003
2025-08-19,94094.3116,0.0017
2025-08-20,94183.1786,0.0008
2025-08-21,94279.4978,0.0009
2025-08-22,94504.1889,0.0019
2025-08-23,94553.984,0.0004
2025-08-24,94586.0354,0.0003
2025-08-25,94660.346,0.0007
2025-08-26,94733.2048,0.0007
2025-08-27,94746.6925,0.0001
2025-08-28,94919.1707,0.0015
2025-08-29,95700.0368,0.0072
2025-08-30,95721.989,0.0002
2025-08-31,95711.4168,-0.0001
2025-09-01,95756.9883,0.0004
2025-09-02,95800.3477,0.0004
2025-09-03,95873.3917,0.0007
2025-09-04,95941.6114,0.0006
2025-09-05,96235.7437,0.0027
2025-09-06,96255.0252,0.0002
2025-09-07,96301.6443,0.0004
2025-09-08,96376.5847,0.0007
2025-09-09,96422.565,0.0004
2025-09-10,96509.3246,0.0008
2025-09-11,96612.6585,0.0009
2025-09-12,96696.9521,0.0007
2025-09-13,96754.1476,0.0005
2025-09-14,96786.7934,0.0003
2025-09-15,96919.68,0.0012
2025-09-16,97036.6866,0.001
2025-09-17,97239.1479,0.0017
2025-09-18,97360.6684,0.001
2025-09-19,97607.1253,0.0021
2025-09-20,97676.9946,0.0006
2025-09-21,97720.3729,0.0004
2025-09-22,97744.9078,0.0002
2025-09-23,97901.4203,0.0014
2025-09-24,98023.1404,0.0011
2025-09-25,98147.5945,0.0011
2025-09-26,98241.5642,0.0009
2025-09-27,98234.935,-0.0001
2025-09-28,98259.2883,0.0002
2025-09-29,98355.3046,0.0008
2025-09-30,98517.883,0.0014
2025-10-01,99012.2734,0.0042
2025-10-02,99298.5763,0.0024
2025-10-03,99521.3718,0.0018
2025-10-04,99609.4892,0.0007
2025-10-05,99675.4826,0.0005
2025-10-06,99839.1831,0.0013
2025-10-07,100383.2761,0.0045
2025-10-08,100574.4605,0.0015
2025-10-09,100844.0404,0.0022
2025-10-10,100911.2734,0.0006
2025-10-11,100969.4015,0.0005
2025-10-12,101003.5432,0.0003
2025-10-13,101037.1636,0.0003
2025-10-14,101486.0954,0.004
2025-10-15,102106.3003,0.0056
2025-10-16,102118.6492,0.0001
2025-10-17,102281.0384,0.0015
2025-10-18,102311.3822,0.0003
2025-10-19,102331.6849,0.0002
2025-10-20,102368.321,0.0003
2025-10-21,102473.2707,0.001
2025-10-22,102739.9559,0.0025
2025-10-23,102856.9522,0.0011
2025-10-24,102901.2522,0.0004
2025-10-25,102874.2355,-0.0002
2025-10-26,102976.5888,0.0009
2025-10-27,103144.085,0.0015
2025-10-28,103473.3417,0.0029
2025-10-29,103697.4509,0.002
2025-10-30,104036.6478,0.0031
2025-10-31,104138.954,0.0009
2025-11-01,104199.0062,0.0005
2025-11-02,104222.7224,0.0002
2025-11-03,104375.7431,0.0014
2025-11-04,104485.1702,0.0011
2025-11-05,104187.5658,-0.0029
2025-11-06,104280.2116,0.0009
2025-11-07,104920.6082,0.0062
2025-11-08,104997.1919,0.0007
2025-11-09,104996.4759,-0.0
2025-11-10,105155.4734,0.0015
2025-11-11,105286.1473,0.0013
2025-11-12,105380.4185,0.0009
2025-11-13,105441.6588,0.0006
2025-11-14,105488.4049,0.0005
2025-11-15,105480.1467,-0.0001
2025-11-16,105498.8495,0.0002
2025-11-17,105643.1094,0.0016
2025-11-18,106032.9143,0.0042
2025-11-19,106062.6094,0.0003
2025-11-20,106137.3696,0.0009
2025-11-21,106078.8647,-0.0007
2025-11-22,108544.4525,0.0291
2025-11-23,110045.6616,0.0173
2025-11-24,110098.5724,0.0006
2025-11-25,110111.1761,0.0001
2025-11-26,110452.7692,0.0038
2025-11-27,110403.0344,-0.0005
2025-11-28,110367.526,-0.0004
2025-11-29,110296.0223,-0.0008
2025-11-30,110303.6751,0.0001
2025-12-01,110388.9156,0.001
2025-12-02,110276.3974,-0.0012
2025-12-03,110471.5233,0.0021
2025-12-04,110494.3074,0.0002
2025-12-05,110439.4689,-0.0006
2025-12-06,110431.4721,-0.0001
2025-12-07,110442.3936,0.0001
2025-12-08,110577.5842,0.0015
2025-12-09,110664.273,0.0009
2025-12-10,111007.3888,0.0037
2025-12-11,110988.0782,-0.0002
2025-12-12,111027.0776,0.0004
2025-12-13,110950.4057,-0.0008
2025-12-14,110944.9497,-0.0001
2025-12-15,110923.7164,-0.0002
2025-12-16,110946.2842,0.0003
2025-12-17,110914.9822,-0.0004
2025-12-18,110856.1385,-0.0007
2025-12-19,110793.3655,-0.0007
2025-12-20,110767.0115,-0.0003
2025-12-21,110774.9401,0.0001
2025-12-22,110816.6791,0.0005
2025-12-23,110826.7181,0.0001
2025-12-24,110685.5084,-0.0016
2025-12-25,110657.9038,-0.0003
2025-12-26,110617.3706,-0.0005
2025-12-27,110544.7947,-0.0008
2025-12-28,110545.316,0.0
2025-12-29,110582.858,0.0004
2025-12-30,110590.3952,0.0001
2025-12-31,110628.179,0.0004
2026-01-01,110645.1978,0.0002
2026-01-02,110623.6163,-0.0002
2026-01-03,110582.821,-0.0005
2026-01-04,110597.5343,0.0002
2026-01-05,110663.4886,0.0007
2026-01-06,110640.3088,-0.0002
2026-01-07,110846.6934,0.0023
2026-01-08,110731.677,-0.0013
2026-01-09,110708.7366,-0.0003
2026-01-10,110730.599,0.0002
2026-01-11,110717.3951,-0.0001
2026-01-12,110763.486,0.0005
2026-01-13,110859.8545,0.001
2026-01-14,110921.7312,0.0006
2026-01-15,110929.7025,0.0001
2026-01-16,110839.5642,-0.0009
2026-01-17,110797.8203,-0.0004
2026-01-18,110811.8057,0.0001
2026-01-19,110800.3786,-0.0001
2026-01-20,110767.7007,-0.0004
2026-01-21,110677.3569,-0.001
2026-01-22,110674.7442,-0.0
2026-01-23,110393.5897,-0.0031
2026-01-24,110316.3236,-0.0009
2026-01-25,110274.836,-0.0005
2026-01-26,110247.9273,-0.0003
2026-01-27,110229.3249,-0.0002
2026-01-28,110196.3175,-0.0004
2026-01-29,110126.8159,-0.0008
2026-01-30,110069.2483,-0.0007
2026-01-31,109932.9828,-0.0017
2026-02-01,109866.5703,-0.0009
2026-02-02,109904.4998,0.0005
2026-02-03,109760.6476,-0.0019
2026-02-04,109631.5323,-0.0018
2026-02-05,109451.5841,-0.0029
2026-02-06,109399.9827,-0.0007
2026-02-07,109288.193,-0.0016
2026-02-08,109272.4793,-0.0002
2026-02-09,109242.6086,-0.0004
2026-02-10,109248.3874,0.0001
2026-02-11,109163.6049,-0.0013
2026-02-12,109067.1427,-0.0015
2026-02-13,109001.5814,-0.001
2026-02-14,108941.1916,-0.0009
2026-02-15,108895.8069,-0.0007
2026-02-16,108868.6897,-0.0004
2026-02-17,108800.2122,-0.001
2026-02-18,108700.4505,-0.0015
2026-02-19,108560.3691,-0.0021
2026-02-20,108432.5159,-0.0019
2026-02-21,108380.923,-0.0008
2026-02-22,108306.5159,-0.0011
2026-02-23,108258.9616,-0.0007
2026-02-24,108094.9645,-0.0026
2026-02-25,108029.4164,-0.001
2026-02-26,107970.5307,-0.0009
2026-02-27,107866.2103,-0.0016
2026-02-28,107763.7128,-0.0015
2026-03-01,107716.7368,-0.0007
2026-03-02,107715.754,-0.0
2026-03-03,107662.7258,-0.0008
2026-03-04,107629.2844,-0.0005
2026-03-05,107595.9489,-0.0005
2026-03-06,107511.2167,-0.0012
2026-03-07,107385.024,-0.0019
2026-03-08,107335.2102,-0.0008
2026-03-09,107331.6586,-0.0001
2026-03-10,107306.4589,-0.0004
2026-03-11,107196.8408,-0.0016
2026-03-12,107167.7515,-0.0004
2026-03-13,107085.871,-0.0012
2026-03-14,107012.8997,-0.001
2026-03-15,106963.5271,-0.0007
2026-03-16,107019.0307,0.0007
2026-03-17,107013.3116,-0.0001
2026-03-18,106900.2438,-0.0016
2026-03-19,106720.1477,-0.0026
2026-03-20,106652.7501,-0.001
2026-03-21,106568.7311,-0.0012
2026-03-22,106646.9429,0.0012
2026-03-23,106638.1679,-0.0001
2026-03-24,106592.5756,-0.0006
2026-03-25,106550.6104,-0.0006
2026-03-26,106432.2218,-0.0017
2026-03-27,106282.7312,-0.0023
2026-03-28,106232.3862,-0.0008
2026-03-29,106181.1685,-0.0008
2026-03-30,106128.043,-0.0008
2026-03-31,106146.7474,0.0003
2026-04-01,106037.7364,-0.0016
2026-04-02,105889.3741,-0.0022
2026-04-03,105755.9688,-0.002
2026-04-04,105719.6096,-0.0005
2026-04-05,105710.9671,-0.0001
2026-04-06,105711.3697,0.0
2026-04-07,105681.8098,-0.0004
2026-04-08,105573.0163,-0.0015
2026-04-09,105461.1139,-0.0016
2026-04-10,105376.4221,-0.0012
2026-04-11,105281.8365,-0.0013
2026-04-12,105255.3944,-0.0004
2026-04-13,105282.9967,0.0004
2026-04-14,105278.1887,-0.0001
2026-04-15,105210.5612,-0.0009
2026-04-16,105186.7914,-0.0003
2026-04-17,105158.448,-0.0004
2026-04-18,105059.5295,-0.0013
2026-04-19,105044.9582,-0.0002
2026-04-20,105077.493,0.0004
2026-04-21,105100.9295,0.0003
2026-04-22,104949.1948,-0.0019
2026-04-23,104862.2137,-0.0011
2026-04-24,104810.1712,-0.0007
2026-04-25,104559.1518,-0.0032
2026-04-26,102666.0958,-0.0241
2026-04-27,102056.0818,-0.0079
2026-04-28,102030.5917,-0.0003
2026-04-29,102020.0752,-0.0001
2026-04-30,101997.9555,-0.0003
2026-05-01,102048.1595,0.0006
2026-05-02,102024.1075,-0.0003
2026-05-03,102046.1062,0.0003
2026-05-04,102190.0389,0.0018
2026-05-05,102182.5672,-0.0001
2026-05-06,102181.3612,-0.0
2026-05-07,102144.9404,-0.0005
2026-05-08,102091.2804,-0.0007
2026-05-09,101957.2291,-0.0017
2026-05-10,101971.5549,0.0002
2026-05-11,101991.841,0.0002
2026-05-12,101891.2115,-0.0013
2026-05-13,101848.2273,-0.0005
2026-05-14,101753.9124,-0.0012
2026-05-15,101736.3587,-0.0002
2026-05-16,101660.6903,-0.001
2026-05-17,101640.7397,-0.0003
2026-05-18,101633.4562,-0.0001
2026-05-19,101530.5941,-0.0013
2026-05-20,101498.5103,-0.0004
2026-05-21,101485.0434,-0.0002
2026-05-22,101476.5959,-0.0001
2026-05-23,101454.5227,-0.0003
2026-05-24,101415.2743,-0.0005
2026-05-25,101422.8613,0.0001
2026-05-26,101402.9183,-0.0003
2026-05-27,101336.2539,-0.0009
2026-05-28,101140.4911,-0.0027
2026-05-29,101160.6379,0.0003
2026-05-30,101135.4894,-0.0003
2026-05-31,101111.5461,-0.0003
2026-06-01,101072.0328,-0.0006
2026-06-02,100961.9103,-0.0017
2026-06-03,100752.2098,-0.0033
2026-06-04,100564.0464,-0.0029
2026-06-05,100434.1664,-0.0021
2026-06-06,100382.4857,-0.0008
2026-06-07,100400.7044,0.0003
2026-06-08,100385.167,-0.0002
2026-06-09,100322.496,-0.001
2026-06-10,100209.8078,-0.0018
2026-06-11,99912.8762,-0.0047
2026-06-12,99890.5208,-0.0004
2026-06-13,99806.032,-0.0013
2026-06-14,99684.7952,-0.0018
2026-06-15,99642.6382,-0.0006
2026-06-16,99593.4502,-0.0007
2026-06-17,99530.52,-0.001
2026-06-18,99452.3701,-0.0012
2026-06-19,99378.778,-0.0012
2026-06-20,99297.3445,-0.0013
2026-06-21,99371.7052,0.0012
2026-06-22,99364.2692,-0.0001
2026-06-23,99342.9545,-0.0003
2026-06-24,99255.309,-0.0014
2026-06-25,99145.3064,-0.0018
2026-06-26,99062.4574,-0.0014
2026-06-27,99024.7571,-0.0006
2026-06-28,99017.3084,-0.0001
2026-06-29,98973.0635,-0.0007
2026-06-30,98838.0397,-0.0023
2026-07-01,98826.3519,-0.0002
2026-07-02,98862.0557,0.0006
2026-07-03,98846.6054,-0.0002
2026-07-04,98776.8958,-0.0011
2026-07-05,98763.7348,-0.0002
2026-07-06,98753.8242,-0.0002
2026-07-07,98709.8181,-0.0007
2026-07-08,98652.6119,-0.0009
2026-07-09,98614.1997,-0.0006
2026-07-10,98462.3508,-0.0024
2026-07-11,98349.1948,-0.0018
2026-07-12,98350.3605,0.0
2026-07-13,98259.5527,-0.0015
2026-07-14,98223.2178,-0.0006
2026-07-15,98170.1236,-0.0008
2026-07-16,98182.102,0.0002
2026-07-17,98118.4579,-0.001
2026-07-18,98063.6866,-0.0008
2026-07-19,98051.6915,-0.0002
2026-07-20,98118.5717,0.001
2026-07-21,98105.3814,-0.0002
2026-07-22,98064.7633,-0.0006
2026-07-23,98003.0837,-0.0009
2026-07-24,97971.7435,-0.0005
2026-07-25,98002.12,0.0005
2026-07-26,97997.0784,-0.0001
2026-07-27,98011.7339,0.0002
2026-07-28,97995.5869,-0.0003
2026-07-29,97966.3805,-0.0005
2026-07-30,97984.6217,0.0003
2026-07-31,98111.5061,0.002
2026-08-01,98145.1069,0.0005
2026-08-02,98194.3505,0.0008
2026-08-03,98236.391,0.0007
2026-08-04,98290.757,0.0008
2026-08-05,98290.8675,0.0
2026-08-06,98293.7554,0.0
2026-08-07,98272.6551,-0.0003
2026-08-08,98267.1121,-0.0001
2026-08-09,98268.3799,0.0
2026-08-10,98272.1879,0.0001
2026-08-11,98264.5633,-0.0001
2026-08-12,98221.2383,-0.0007
2026-08-13,98208.4164,-0.0002
2026-08-14,98166.3544,-0.0007
2026-08-15,98147.9155,-0.0003
2026-08-16,98138.0923,-0.0002
2026-08-17,98139.9126,0.0
2026-08-18,98106.7766,-0.0005
2026-08-19,98062.3425,-0.0006
2026-08-20,98130.9935,0.0009
2026-08-21,98252.0,0.0015
2026-08-22,98301.3619,0.0006
2026-08-23,98323.809,0.0003
2026-08-24,98393.9182,0.0009
2026-08-25,98455.2991,0.0008
2026-08-26,98469.475,0.0002
2026-08-27,98540.8176,0.0009
2026-08-28,98590.7928,0.0006
2026-08-29,98583.3953,-0.0001
2026-08-30,98599.4234,0.0002
2026-08-31,98637.946,0.0005
2026-09-01,98659.7698,0.0003
2026-09-02,98639.3959,-0.0003
2026-09-03,98685.7133,0.0006
2026-09-04,98742.0076,0.0007
2026-09-05,98800.1384,0.0007
2026-09-06,98833.6104,0.0004
2026-09-07,98846.4366,0.0002
2026-09-08,98861.6635,0.0002
2026-09-09,98876.3856,0.0002
2026-09-10,98902.1651,0.0003
2026-09-11,98893.0763,-0.0001
2026-09-12,98882.0914,-0.0001
2026-09-13,98883.9699,0.0
