,USDT,USDC,DAI,BUSD,TUSD,USDP,GUSD,HUSD,SUSD
2017-01-01,9951589.72,,,,,,,,
2017-01-02,9951589.72,,,,,,,,
2017-01-03,9951589.72,,,,,,,,
2017-01-04,9951589.72,,,,,,,,
2017-01-05,14951589.72,,,,,,,,
2017-01-06,14951590.83,,,,,,,,
2017-01-07,14951590.83,,,,,,,,
2017-01-08,14951590.83,,,,,,,,
2017-01-09,14951590.83,,,,,,,,
2017-01-10,14951570.83,,,,,,,,
2017-01-11,14951570.83,,,,,,,,
2017-01-12,14951570.83,,,,,,,,
2017-01-13,14951570.83,,,,,,,,
2017-01-14,14951570.83,,,,,,,,
2017-01-15,14951570.83,,,,,,,,
2017-01-16,14951570.83,,,,,,,,
2017-01-17,14951570.83,,,,,,,,
2017-01-18,14951570.83,,,,,,,,
2017-01-19,14951570.83,,,,,,,,
2017-01-20,14951570.83,,,,,,,,
2017-01-21,14951590.83,,,,,,,,
2017-01-22,14951590.83,,,,,,,,
2017-01-23,14951590.83,,,,,,,,
2017-01-24,14951590.83,,,,,,,,
2017-01-25,14951590.83,,,,,,,,
2017-01-26,14951590.83,,,,,,,,
2017-01-27,14951590.83,,,,,,,,
2017-01-28,14951590.83,,,,,,,,
2017-01-29,14951590.83,,,,,,,,
2017-01-30,14951590.83,,,,,,,,
2017-01-31,24951590.83,,,,,,,,
2017-02-01,24951590.83,,,,,,,,
2017-02-02,24951590.83,,,,,,,,
2017-02-03,24951590.83,,,,,,,,
2017-02-04,24951590.83,,,,,,,,
2017-02-05,24951590.83,,,,,,,,
2017-02-06,24951590.83,,,,,,,,
2017-02-07,24951021.66,,,,,,,,
2017-02-08,24950996.0,,,,,,,,
2017-02-09,24950996.0,,,,,,,,
2017-02-10,24950996.0,,,,,,,,
2017-02-11,24950996.0,,,,,,,,
2017-02-12,24950996.0,,,,,,,,
2017-02-13,24950996.0,,,,,,,,
2017-02-14,24950996.0,,,,,,,,
2017-02-15,24950996.0,,,,,,,,
2017-02-16,24950996.0,,,,,,,,
2017-02-17,24950996.0,,,,,,,,
2017-02-18,24950996.0,,,,,,,,
2017-02-19,24950996.0,,,,,,,,
2017-02-20,24950996.0,,,,,,,,
2017-02-21,24950996.0,,,,,,,,
2017-02-22,24950996.0,,,,,,,,
2017-02-23,24950996.0,,,,,,,,
2017-02-24,24950996.0,,,,,,,,
2017-02-25,24950996.0,,,,,,,,
2017-02-26,24950986.05,,,,,,,,
2017-02-27,24950994.44,,,,,,,,
2017-02-28,24950994.44,,,,,,,,
2017-03-01,24950994.44,,,,,,,,
2017-03-02,24950994.44,,,,,,,,
2017-03-03,24950994.44,,,,,,,,
2017-03-04,24950994.44,,,,,,,,
2017-03-05,24950994.44,,,,,,,,
2017-03-06,24950377.54,,,,,,,,
2017-03-07,34950377.54,,,,,,,,
2017-03-08,34950377.54,,,,,,,,
2017-03-09,34950377.54,,,,,,,,
2017-03-10,34950377.54,,,,,,,,
2017-03-11,34950377.54,,,,,,,,
2017-03-12,34950377.54,,,,,,,,
2017-03-13,34950377.54,,,,,,,,
2017-03-14,34950362.56,,,,,,,,
2017-03-15,34950362.56,,,,,,,,
2017-03-16,34950362.56,,,,,,,,
2017-03-17,44950862.56,,,,,,,,
2017-03-18,44950862.56,,,,,,,,
2017-03-19,44950862.56,,,,,,,,
2017-03-20,44950862.56,,,,,,,,
2017-03-21,44950862.56,,,,,,,,
2017-03-22,44950862.56,,,,,,,,
2017-03-23,44950862.56,,,,,,,,
2017-03-24,44950862.56,,,,,,,,
2017-03-25,44950862.56,,,,,,,,
2017-03-26,44950852.56,,,,,,,,
2017-03-27,44950852.56,,,,,,,,
2017-03-28,44950852.56,,,,,,,,
2017-03-29,54950852.56,,,,,,,,
2017-03-30,54950852.56,,,,,,,,
2017-03-31,54950855.56,,,,,,,,
2017-04-01,54950867.54,,,,,,,,
2017-04-02,54950867.54,,,,,,,,
2017-04-03,54950867.54,,,,,,,,
2017-04-04,54950867.54,,,,,,,,
2017-04-05,54950867.54,,,,,,,,
2017-04-06,54950867.54,,,,,,,,
2017-04-07,54950867.54,,,,,,,,
2017-04-08,54950867.54,,,,,,,,
2017-04-09,54950867.54,,,,,,,,
2017-04-10,54950867.54,,,,,,,,
2017-04-11,54950871.34,,,,,,,,
2017-04-12,50743773.34,,,,,,,,
2017-04-13,50743773.34,,,,,,,,
2017-04-14,50743773.34,,,,,,,,
2017-04-15,50743773.34,,,,,,,,
2017-04-16,50743773.34,,,,,,,,
2017-04-17,50743773.34,,,,,,,,
2017-04-18,60743773.34,,,,,,,,
2017-04-19,54824773.36,,,,,,,,
2017-04-20,54783280.11,,,,,,,,
2017-04-21,54742221.81,,,,,,,,
2017-04-22,54732214.51,,,,,,,,
2017-04-23,54730044.63,,,,,,,,
2017-04-24,54724426.62,,,,,,,,
2017-04-25,64753590.39,,,,,,,,
2017-04-26,62187457.39,,,,,,,,
2017-04-27,62152583.08,,,,,,,,
2017-04-28,62131987.84,,,,,,,,
2017-04-29,63013640.9,,,,,,,,
2017-04-30,63012950.9,,,,,,,,
2017-05-01,63019199.32,,,,,,,,
2017-05-02,63061259.33,,,,,,,,
2017-05-03,61437483.8,,,,,,,,
2017-05-04,62403251.73,,,,,,,,
2017-05-05,62403251.73,,,,,,,,
2017-05-06,62403251.73,,,,,,,,
2017-05-07,62403251.73,,,,,,,,
2017-05-08,62403868.63,,,,,,,,
2017-05-09,62399948.63,,,,,,,,
2017-05-10,62396153.63,,,,,,,,
2017-05-11,62396158.05,,,,,,,,
2017-05-12,62396158.05,,,,,,,,
2017-05-13,62396158.05,,,,,,,,
2017-05-14,62396158.05,,,,,,,,
2017-05-15,62393612.52,,,,,,,,
2017-05-16,62396257.93,,,,,,,,
2017-05-17,62396252.93,,,,,,,,
2017-05-18,62396252.93,,,,,,,,
2017-05-19,62394263.93,,,,,,,,
2017-05-20,62393243.93,,,,,,,,
2017-05-21,62394263.93,,,,,,,,
2017-05-22,62394331.93,,,,,,,,
2017-05-23,64394321.93,,,,,,,,
2017-05-24,68394321.93,,,,,,,,
2017-05-25,68394321.93,,,,,,,,
2017-05-26,94993689.8,,,,,,,,
2017-05-27,104993689.8,,,,,,,,
2017-05-28,104993689.8,,,,,,,,
2017-05-29,104993689.8,,,,,,,,
2017-05-30,104993689.8,,,,,,,,
2017-05-31,104993689.8,,,,,,,,
2017-06-01,104993689.8,,,,,,,,
2017-06-02,104993689.8,,,,,,,,
2017-06-03,104993689.8,,,,,,,,
2017-06-04,104993689.8,,,,,,,,
2017-06-05,104993689.8,,,,,,,,
2017-06-06,104993689.8,,,,,,,,
2017-06-07,104993689.8,,,,,,,,
2017-06-08,127493815.43,,,,,,,,
2017-06-09,127493815.43,,,,,,,,
2017-06-10,127493815.43,,,,,,,,
2017-06-11,127493815.43,,,,,,,,
2017-06-12,127493815.43,,,,,,,,
2017-06-13,127493815.43,,,,,,,,
2017-06-14,127493815.43,,,,,,,,
2017-06-15,127493815.43,,,,,,,,
2017-06-16,127493815.43,,,,,,,,
2017-06-17,127493815.43,,,,,,,,
2017-06-18,127493815.43,,,,,,,,
2017-06-19,127493815.43,,,,,,,,
2017-06-20,144693825.0,,,,,,,,
2017-06-21,144693825.0,,,,,,,,
2017-06-22,144693825.0,,,,,,,,
2017-06-23,144693825.0,,,,,,,,
2017-06-24,144693825.0,,,,,,,,
2017-06-25,144693825.0,,,,,,,,
2017-06-26,144693825.0,,,,,,,,
2017-06-27,144693825.0,,,,,,,,
2017-06-28,144693825.0,,,,,,,,
2017-06-29,214980591.31,,,,,,,,
2017-06-30,214980591.31,,,,,,,,
2017-07-01,214980591.31,,,,,,,,
2017-07-02,219980591.31,,,,,,,,
2017-07-03,219980581.3,,,,,,,,
2017-07-04,219980581.3,,,,,,,,
2017-07-05,219980581.3,,,,,,,,
2017-07-06,219981353.08,,,,,,,,
2017-07-07,219981353.08,,,,,,,,
2017-07-08,219981353.08,,,,,,,,
2017-07-09,219981353.08,,,,,,,,
2017-07-10,234981353.08,,,,,,,,
2017-07-11,258981253.08,,,,,,,,
2017-07-12,268981303.08,,,,,,,,
2017-07-13,289481328.08,,,,,,,,
2017-07-14,289481328.08,,,,,,,,
2017-07-15,294481328.08,,,,,,,,
2017-07-16,294481328.08,,,,,,,,
2017-07-17,294501318.09,,,,,,,,
2017-07-18,309501318.09,,,,,,,,
2017-07-19,309501318.09,,,,,,,,
2017-07-20,319501303.13,,,,,,,,
2017-07-21,319501318.09,,,,,,,,
2017-07-22,319501312.89,,,,,,,,
2017-07-23,319501312.89,,,,,,,,
2017-07-24,319501312.89,,,,,,,,
2017-07-25,319501312.89,,,,,,,,
2017-07-26,319501312.89,,,,,,,,
2017-07-27,319501212.89,,,,,,,,
2017-07-28,319501212.89,,,,,,,,
2017-07-29,319501212.89,,,,,,,,
2017-07-30,319501212.89,,,,,,,,
2017-07-31,319501212.89,,,,,,,,
2017-08-01,319501212.89,,,,,,,,
2017-08-02,319501212.89,,,,,,,,
2017-08-03,319501196.8,,,,,,,,
2017-08-04,319501196.8,,,,,,,,
2017-08-05,319501202.0,,,,,,,,
2017-08-06,319501202.01,,,,,,,,
2017-08-07,319501202.01,,,,,,,,
2017-08-08,319501202.01,,,,,,,,
2017-08-09,319501202.01,,,,,,,,
2017-08-10,319501202.01,,,,,,,,
2017-08-11,319501202.01,,,,,,,,
2017-08-12,319501202.01,,,,,,,,
2017-08-13,319501202.01,,,,,,,,
2017-08-14,319501302.01,,,,,,,,
2017-08-15,319501302.01,,,,,,,,
2017-08-16,319501302.01,,,,,,,,
2017-08-17,319501318.1,,,,,,,,
2017-08-18,319501318.1,,,,,,,,
2017-08-19,319501318.1,,,,,,,,
2017-08-20,319501318.1,,,,,,,,
2017-08-21,319501318.1,,,,,,,,
2017-08-22,319501318.1,,,,,,,,
2017-08-23,319501318.1,,,,,,,,
2017-08-24,319501318.1,,,,,,,,
2017-08-25,319501268.1,,,,,,,,
2017-08-26,319501268.1,,,,,,,,
2017-08-27,319501268.1,,,,,,,,
2017-08-28,319498558.4,,,,,,,,
2017-08-29,319498507.4,,,,,,,,
2017-08-30,319498507.4,,,,,,,,
2017-08-31,319498508.39,,,,,,,,
2017-09-01,319498282.82,,,,,,,,
2017-09-02,343998282.82,,,,,,,,
2017-09-03,363998282.82,,,,,,,,
2017-09-04,370198282.82,,,,,,,,
2017-09-05,385198282.82,,,,,,,,
2017-09-06,385198281.82,,,,,,,,
2017-09-07,393697781.82,,,,,,,,
2017-09-08,393697781.82,,,,,,,,
2017-09-09,403697781.82,,,,,,,,
2017-09-10,403697781.82,,,,,,,,
2017-09-11,403700491.52,,,,,,,,
2017-09-12,403700491.52,,,,,,,,
2017-09-13,413700491.52,,,,,,,,
2017-09-14,418700491.52,,,,,,,,
2017-09-15,442481242.49,,,,,,,,
2017-09-16,442481242.49,,,,,,,,
2017-09-17,442481242.49,,,,,,,,
2017-09-18,442481242.49,,,,,,,,
2017-09-19,442481242.49,,,,,,,,
2017-09-20,442481242.49,,,,,,,,
2017-09-21,442481242.11,,,,,,,,
2017-09-22,442481242.11,,,,,,,,
2017-09-23,442481237.11,,,,,,,,
2017-09-24,442481237.11,,,,,,,,
2017-09-25,442481237.11,,,,,,,,
2017-09-26,427061672.11,,,,,,,,
2017-09-27,427061672.11,,,,,,,,
2017-09-28,427061672.11,,,,,,,,
2017-09-29,437061672.11,,,,,,,,
2017-09-30,437061572.12,,,,,,,,
2017-10-01,437061572.12,,,,,,,,
2017-10-02,437061572.12,,,,,,,,
2017-10-03,437061572.12,,,,,,,,
2017-10-04,437061572.12,,,,,,,,
2017-10-05,437061572.12,,,,,,,,
2017-10-06,437061572.12,,,,,,,,
2017-10-07,437061577.12,,,,,,,,
2017-10-08,437061577.12,,,,,,,,
2017-10-09,437061577.12,,,,,,,,
2017-10-10,437061577.12,,,,,,,,
2017-10-11,437061577.12,,,,,,,,
2017-10-12,437061577.12,,,,,,,,
2017-10-13,437061577.12,,,,,,,,
2017-10-14,437061677.12,,,,,,,,
2017-10-15,437061677.12,,,,,,,,
2017-10-16,437061677.12,,,,,,,,
2017-10-17,437061677.12,,,,,,,,
2017-10-18,437061677.12,,,,,,,,
2017-10-19,437061677.12,,,,,,,,
2017-10-20,437061572.28,,,,,,,,
2017-10-21,437061167.28,,,,,,,,
2017-10-22,437061167.28,,,,,,,,
2017-10-23,437061167.28,,,,,,,,
2017-10-24,437061167.28,,,,,,,,
2017-10-25,437061667.28,,,,,,,,
2017-10-26,437061667.28,,,,,,,,
2017-10-27,437061667.28,,,,,,,,
2017-10-28,437061667.28,,,,,,,,
2017-10-29,452061667.28,,,,,,,,
2017-10-30,452061667.28,,,,,,,,
2017-10-31,452061667.28,,,,,,,,
2017-11-01,452061667.28,,,,,,,,
2017-11-02,452061667.28,,,,,,,,
2017-11-03,487061667.28,,,,,,,,
2017-11-04,494061667.28,,,,,,,,
2017-11-05,494061667.28,,,,,,,,
2017-11-06,494061667.28,,,,,,,,
2017-11-07,514061667.28,,,,,,,,
2017-11-08,494061667.28,,,,,,,,
2017-11-09,534061667.28,,,,,,,,
2017-11-10,564061667.28,,,,,,,,
2017-11-11,594061667.28,,,,,,,,
2017-11-12,594061667.28,,,,,,,,
2017-11-13,594018131.72,,,,,,,,
2017-11-14,594018131.72,,,,,,,,
2017-11-15,594018131.72,,,,,,,,
2017-11-16,614018131.72,,,,,,,,
2017-11-17,644018131.72,,,,,,,,
2017-11-18,644016819.51,,,,,,,,
2017-11-19,674966829.51,,,,,,,,
2017-11-20,674966829.51,,,,,,,,
2017-11-21,674966829.51,,,,,,,,
2017-11-22,674966829.51,,,,,,,,
2017-11-23,674966829.51,,,,,,,,
2017-11-24,674966829.51,,,,,,,,
2017-11-25,674966829.51,,,,,,,,
2017-11-26,674967839.35,,,,,,,,
2017-11-27,674967839.35,,,,,,,,
2017-11-28,674967839.35,,,,,,,,
2017-11-29,739018347.72,,,,,,,,
2017-11-30,764017347.72,,,,,,,,
2017-12-01,764017347.72,,,,,,,,
2017-12-02,814017347.72,,,,,,,,
2017-12-03,814017347.72,,,,,,,,
2017-12-04,814017347.72,,,,,,,,
2017-12-05,814017347.72,,,,,,,,
2017-12-06,814017347.72,,,,,,,,
2017-12-07,814017347.72,,,,,,,,
2017-12-08,814017347.72,,,,,,,,
2017-12-09,814017347.72,,,,,,,,
2017-12-10,814017347.72,,,,,,,,
2017-12-11,839017347.72,,,,,,,,
2017-12-12,839017347.72,,,,,,,,
2017-12-13,889017347.72,,,,,,,,
2017-12-14,1019017347.72,,,,,,,,
2017-12-15,1019017347.72,,,,,,,,
2017-12-16,1119017347.72,,,,,,,,
2017-12-17,1119017347.72,,,,,,,,
2017-12-18,1119017347.72,,,,,,,,
2017-12-19,1169049990.0,,,,,,,,
2017-12-20,1169049990.0,,,,,,,,
2017-12-21,1218089836.52,,,,,,,,
2017-12-22,1218089836.52,,,,,,,,
2017-12-23,1218089836.52,,,,,,,,
2017-12-24,1218089836.52,,,,,,,,
2017-12-25,1218089836.52,,,,,,,,
2017-12-26,1218089836.52,,,,,,,,
2017-12-27,1218089836.52,,,,,,,,
2017-12-28,1268089836.52,,,,,,,,
2017-12-29,1368089836.52,,,,,,,,
2017-12-30,1368089836.52,,,,,,,,
2017-12-31,1368089836.52,,,,,,,,
2018-01-01,1368089836.52,,,,,,,,
2018-01-02,1368089836.52,,,,,,,,
2018-01-03,1368089836.52,,,,,,,,
2018-01-04,1468089836.52,,,,,,,,
2018-01-05,1468089836.52,,,,,,,,
2018-01-06,1468089836.52,,,,,,,,
2018-01-07,1468089836.52,,,,,,,,
2018-01-08,1468089836.52,,,,,,,,
2018-01-09,1468089836.52,,,,,,,,
2018-01-10,1468089836.52,,,,,,,,
2018-01-11,1468089836.52,,,,,,,,
2018-01-12,1468089836.52,,,,,,,,
2018-01-13,1468089836.52,,,,,,,,
2018-01-14,1468089836.52,,,,,,,,
2018-01-15,1468089836.52,,,,,,,,
2018-01-16,1618090823.0,,,,,,,,
2018-01-17,1618090823.0,,,,,,,,
2018-01-18,1618090823.0,,,,,,,,
2018-01-19,1618090823.0,,,,,,,,
2018-01-20,1618090823.0,,,,,,,,
2018-01-21,1618090823.0,,,,,,,,
2018-01-22,1618090823.0,,,,,,,,
2018-01-23,1618090823.0,,,,,,,,
2018-01-24,1618090823.0,,,,,,,,
2018-01-25,1618090823.0,,,,,,,,
2018-01-26,1618090823.0,,,,,,,,
2018-01-27,1618090823.0,,,,,,,,
2018-01-28,2278090823.52,,,,,,,,
2018-01-29,2278090823.52,,,,,,,,
2018-01-30,2247140813.52,,,,,,,,
2018-01-31,2217140813.52,,,,,,,,
2018-02-01,2217140813.52,,,,,,,,
2018-02-02,2217140813.52,,,,,,,,
2018-02-03,2217140813.52,,,,,,,,
2018-02-04,2217140813.52,,,,,,,,
2018-02-05,2217140813.52,,,,,,,,
2018-02-06,2217140813.52,,,,,,,,
2018-02-07,2217140813.52,,,,,,,,
2018-02-08,2217140813.52,,,,,,,,
2018-02-09,2217140813.52,,,,,,,,
2018-02-10,2217140813.52,,,,,,,,
2018-02-11,2217140813.52,,,,,,,,
2018-02-12,2217140813.52,,,,,,,,
2018-02-13,2217140813.52,,,,,,,,
2018-02-14,2217140813.52,,,,,,,,
2018-02-15,2217140813.52,,,,,,,,
2018-02-16,2217140813.52,,,,,,,,
2018-02-17,2217140813.52,,,,,,,,
2018-02-18,2217140813.52,,,,,,,,
2018-02-19,2217140813.52,,,,,,,,
2018-02-20,2217140813.52,,,,,,,,
2018-02-21,2217140813.52,,,,,,,,
2018-02-22,2217140813.52,,,,,,,,
2018-02-23,2217140813.52,,,,,,,,
2018-02-24,2217140813.52,,,,,,,,
2018-02-25,2217140813.52,,,,,,,,
2018-02-26,2217140813.52,,,,,,,,
2018-02-27,2217140813.52,,,,,,,,
2018-02-28,2217140813.52,,,,,,,,
2018-03-01,2217140813.52,,,,,,,,
2018-03-02,2217140813.52,,,,,,,,
2018-03-03,2217140813.52,,,,,,,,
2018-03-04,2217140813.52,,,,,,,,
2018-03-05,2217140813.52,,,,,,,,
2018-03-06,2217140813.52,,,,0.0,,,,
2018-03-07,2217140813.52,,,,0.0,,,,
2018-03-08,2217140813.52,,,,0.0,,,,
2018-03-09,2217140813.52,,,,0.0,,,,
2018-03-10,2217140813.52,,,,0.0,,,,
2018-03-11,2217140813.52,,,,0.0,,,,
2018-03-12,2217140813.52,,,,6561925.0,,,,
2018-03-13,2217140813.52,,,,6561925.0,,,,
2018-03-14,2217140813.52,,,,6561925.0,,,,
2018-03-15,2217140813.52,,,,6579550.0,,,,
2018-03-16,2217140813.52,,,,6579550.0,,,,
2018-03-17,2217140813.52,,,,6579550.0,,,,
2018-03-18,2217140813.52,,,,6579550.0,,,,
2018-03-19,2217140813.52,,,,6579550.0,,,,
2018-03-20,2217140813.52,,,,6579550.0,,,,
2018-03-21,2217140813.52,,,,6579550.0,,,,
2018-03-22,2287140813.52,,,,6579550.0,,,,
2018-03-23,2287140813.52,,,,6579550.0,,,,
2018-03-24,2287140813.52,,,,7924114.75,,,,
2018-03-25,2287140813.52,,,,7924114.75,,,,
2018-03-26,2287140813.52,,,,7924114.75,,,,
2018-03-27,2287140813.52,,,,7924114.75,,,,
2018-03-28,2287140813.52,,,,7924114.75,,,,
2018-03-29,2287140813.52,,,,7924114.75,,,,
2018-03-30,2287140813.52,,,,9474114.75,,,,
2018-03-31,2287140813.52,,,,9474114.75,,,,
2018-04-01,2287140813.52,,,,9474114.75,,,,
2018-04-02,2287140813.52,,,,9474114.75,,,,
2018-04-03,2287140813.52,,,,9474114.75,,,,
2018-04-04,2287140813.52,,,,9574114.75,,,,
2018-04-05,2287140813.52,,,,9574114.75,,,,
2018-04-06,2287140813.52,,,,9574114.75,,,,
2018-04-07,2287140813.52,,,,9574114.75,,,,
2018-04-08,2287140813.52,,,,9574114.75,,,,
2018-04-09,2287140813.52,,,,9563114.75,,,,
2018-04-10,2287140813.52,,,,9563114.75,,,,
2018-04-11,2287140813.52,,,,9563114.75,,,,
2018-04-12,2287140813.52,,,,9563114.75,,,,
2018-04-13,2287140813.52,,,,9563114.75,,,,
2018-04-14,2287140813.52,,,,9573114.75,,,,
2018-04-15,2287140813.52,,,,9573114.75,,,,
2018-04-16,2287140813.52,,,,9783114.75,,,,
2018-04-17,2287140813.52,,,,9783114.75,,,,
2018-04-18,2287140813.52,,,,9783114.75,,,,
2018-04-19,2287140813.52,,,,9773114.75,,,,
2018-04-20,2287140813.52,,,,9773114.75,,,,
2018-04-21,2287140813.52,,,,9773114.75,,,,
2018-04-22,2287140813.52,,,,9773114.75,,,,
2018-04-23,2287140813.52,,,,9773114.75,,,,
2018-04-24,2287140813.52,,,,12013114.75,,,,
2018-04-25,2417140813.52,,,,12013114.75,,,,
2018-04-26,2417140813.52,,,,12013114.75,,,,
2018-04-27,2417140813.52,,,,12013114.75,,,,
2018-04-28,2417140813.52,,,,11998507.75,,,,
2018-04-29,2417140813.52,,,,11998507.75,,,,
2018-04-30,2417140813.52,,,,11998507.75,,,,
2018-05-01,2417140813.52,,,,11998507.75,,,,
2018-05-02,2317140813.52,,,,11998507.75,,,,
2018-05-03,2317140813.52,,,,11998507.75,,,,
2018-05-04,2267140813.52,,,,11998507.75,,,,
2018-05-05,2267140813.52,,,,11998507.75,,,,
2018-05-06,2197140813.52,,,,11998507.75,,,,
2018-05-07,2157140813.52,,,,11998507.75,,,,
2018-05-08,2107140813.52,,,,11983707.75,,,,
2018-05-09,2107140813.52,,,,11983707.75,,,,
2018-05-10,2107140813.52,,,,11983707.75,,,,
2018-05-11,2107140813.52,,,,13395707.75,,,,
2018-05-12,2207140813.52,,,,13395707.75,,,,
2018-05-13,2207140813.52,,,,13395707.75,,,,
2018-05-14,2207140813.52,,,,13405782.75,,,,
2018-05-15,2207140813.52,,,,13405782.75,,,,
2018-05-16,2307140813.52,,,,16193018.28,,,,
2018-05-17,2307140813.52,,,,16193018.28,,,,
2018-05-18,2507140813.52,,,,16599966.78,,,,
2018-05-19,2507140813.52,,,,16599966.78,,,,
2018-05-20,2507140813.52,,,,16599966.78,,,,
2018-05-21,2507140813.52,,,,18562191.78,,,,
2018-05-22,2507140813.52,,,,18562191.78,,,,
2018-05-23,2507140813.52,,,,33105259.88,,,,
2018-05-24,2507140813.52,,,,33255259.88,,,,
2018-05-25,2507140813.52,,,,33255259.88,,,,
2018-05-26,2507140813.52,,,,38624456.77,,,,
2018-05-27,2507140813.52,,,,38624456.77,,,,
2018-05-28,2507140813.52,,,,38624456.77,,,,
2018-05-29,2507140813.52,,,,38624456.77,,,,
2018-05-30,2507140813.52,,,,38624456.77,,,,
2018-05-31,2507140813.52,,,,41314986.77,,,,
2018-06-01,2507140813.52,,,,43393955.82,,,,
2018-06-02,2507140813.52,,,,43393955.82,,,,
2018-06-03,0.0,,,,0.0,,,,
2018-06-04,2507140813.52,,,,43393955.82,,,,
2018-06-05,2507140813.52,,,,43523902.82,,,,
2018-06-06,2507140813.52,,,,43523902.82,,,,
2018-06-07,2507140813.52,,,,43858902.82,,,,
2018-06-08,2507140813.52,,,,43858902.82,,,,
2018-06-09,2507140345.62,,,,43868902.82,,,,
2018-06-10,2507140345.62,,,,43868902.82,,,,
2018-06-11,2507140345.62,,,,43868902.82,,,,
2018-06-12,2507140345.62,,,,44393977.82,,,,
2018-06-13,2507140345.62,,,,48500679.77,,,,
2018-06-14,2507140345.62,,,,48660679.77,,,,
2018-06-15,2607140345.62,,,,49360679.77,,,,
2018-06-16,2607140345.62,,,,49360679.77,,,,
2018-06-17,2607140345.62,,,,49360679.77,,,,
2018-06-18,2607140345.62,,,,62102831.74,,,,
2018-06-19,2607140345.62,,,,62102831.74,,,,
2018-06-20,2607140345.62,,,,62590835.74,,,,
2018-06-21,2607140345.62,,,,62590835.74,,,,
2018-06-22,2607140345.62,,,,66936594.73,,,,
2018-06-23,2607140345.62,,,,72892044.66,,,,
2018-06-24,2607140345.62,,,,72892044.66,,,,
2018-06-25,2707140345.62,,,,72892044.66,,,,
2018-06-26,2707140345.62,,,,80123627.46,,,,
2018-06-27,2707140345.62,,,,80123627.46,,,,
2018-06-28,2707140345.62,,,,80123627.46,,,,
2018-06-29,2707140345.62,,,,83460644.36,,,,
2018-06-30,2707140345.62,,,,83792510.88,,,,
2018-07-01,2707140345.62,,,,83792510.88,,,,
2018-07-02,2707140345.62,,,,88931845.66,,,,
2018-07-03,2707140345.62,,,,88073790.35,,,,
2018-07-04,2707140345.62,,,,88073790.35,,,,
2018-07-05,2707140345.62,,,,88073790.35,,,,
2018-07-06,2607140345.62,,,,85661158.45,,,,
2018-07-07,2607140345.62,,,,85589715.45,,,,
2018-07-08,2607140345.62,,,,85589715.45,,,,
2018-07-09,2607140345.62,,,,81264432.2,,,,
2018-07-10,2607140345.62,,,,79977487.83,,,,
2018-07-11,2607140345.62,,,,79621338.83,,,,
2018-07-12,2707140345.62,,,,79277213.83,,,,
2018-07-13,2707140345.62,,,,79287213.83,,,,0.0
2018-07-14,2707140345.62,,,,79299710.66,,,,0.0
2018-07-15,2707140345.62,,,,79299710.66,,,,0.0
2018-07-16,2707140345.62,,,,79041658.66,,,,0.0
2018-07-17,2707140345.62,,,,80869469.66,,,,0.0
2018-07-18,2707140345.62,,,,78893334.66,,,,0.0
2018-07-19,2707140345.62,,,,77951497.66,,,,0.0
2018-07-20,2657140345.62,,,,76857332.66,,,,0.0
2018-07-21,2657140345.62,,,,76847332.66,,,,0.0
2018-07-22,2657140345.62,,,,76847332.66,,,,0.0
2018-07-23,2607140345.62,,,,72160502.55,,,,0.0
2018-07-24,2507140345.62,,,,70728075.55,,,,0.0
2018-07-25,2507140345.62,,,,69734566.44,,,,0.0
2018-07-26,2507140345.62,,,,67586059.02,,,,0.0
2018-07-27,2507140345.62,,,,62596808.02,,,,0.0
2018-07-28,2507140345.62,,,,62596808.02,,,,0.0
2018-07-29,2507140345.62,,,,62596808.02,,,,0.0
2018-07-30,2507140345.62,,,,61971456.02,,,,0.0
2018-07-31,2462140345.62,,,,60244597.02,,,,0.0
2018-08-01,2397140345.62,,,,57722838.02,,,,0.0
2018-08-02,2417140345.62,,,,60526955.02,,,,0.0
2018-08-03,2437140345.62,,,,59231634.02,,,,0.0
2018-08-04,2437140345.62,,,,59461634.02,,,,0.0
2018-08-05,2437140345.62,,,,59461634.02,,,,0.0
2018-08-06,2437140345.62,,,,59001657.02,,,,1154465.4
2018-08-07,2437140345.62,,,,58889664.02,,,,1154465.4
2018-08-08,2407140345.62,,,,58385664.02,,,,1154465.4
2018-08-09,2407140345.62,,,,59320664.02,,,,1154465.4
2018-08-10,2407140345.62,,,,59330664.02,,,,1154465.4
2018-08-11,2407140345.62,,,,60803383.02,,,,1154465.4
2018-08-12,2407140345.62,,,,60803383.02,,,,1154465.4
2018-08-13,2407140345.62,,,,60803383.02,,,,1154465.4
2018-08-14,2407140345.62,,,,58799383.02,,,,1154465.4
2018-08-15,2407140345.62,,,,59947803.02,,,,1154465.4
2018-08-16,2407140345.62,,,,64497803.02,,,,1154465.4
2018-08-17,2702140335.62,,,,64497803.02,,,,1154465.4
2018-08-18,2722140335.62,,,,65267803.02,,,,1154465.4
2018-08-19,2722140335.62,,,,65267803.02,,,,1154465.4
2018-08-20,2722140335.62,,,,65267803.02,,,,1154465.4
2018-08-21,2822140335.62,,,,65267803.02,,,,1154465.4
2018-08-22,2822140335.62,,,,65928421.02,,,,1154465.4
2018-08-23,2792140335.62,,,,68137442.02,,,,1154465.4
2018-08-24,2792140335.62,,,,68237442.02,,,,1154465.4
2018-08-25,2792140335.62,,,,72237442.02,,,,1154465.4
2018-08-26,2792140335.62,,,,72747442.02,,,,1154465.4
2018-08-27,2812140335.62,,,,72642553.02,,,,1154465.4
2018-08-28,2812140335.62,,,,72785859.02,,,,1154465.4
2018-08-29,2782140335.62,,,,72785859.02,,,,1154465.4
2018-08-30,2782140335.62,,,,72583569.02,,,,1154465.4
2018-08-31,2742140335.62,,,,73008882.02,,,,1154465.4
2018-09-01,2742140335.62,,,,73008882.02,,,,1154465.4
2018-09-02,2842140335.62,,,,73008882.02,,,,1154465.4
2018-09-03,2802140335.62,,,,73008882.02,,,,1154465.4
2018-09-04,2767140335.62,,,,73008882.02,,,,1154465.4
2018-09-05,2756421735.62,,,,73008882.02,,,,1154465.4
2018-09-06,2756421735.62,,,,77258882.02,,,,1154465.4
2018-09-07,2756421735.62,,,,77258882.02,,,,1154465.4
2018-09-08,2756421735.62,,,,77308882.02,,,,1154465.4
2018-09-09,2756421735.62,,,,78543882.02,,,,1154465.4
2018-09-10,2756421735.62,,,,78543882.02,,,,1154465.4
2018-09-11,2756421735.62,,,,82213882.02,,,,1154465.4
2018-09-12,2756421735.62,,,,82213882.02,,,,1154465.4
2018-09-13,2756421735.62,,,,82213882.02,,,,1154465.4
2018-09-14,2756421735.62,,,,85298925.02,,,,978898.85
2018-09-15,2756421735.62,,,,85298925.02,,,,978898.85
2018-09-16,2756421735.62,,,,85298925.02,,,,978898.85
2018-09-17,2756421735.62,,,,85259614.02,,,,978898.85
2018-09-18,2756421735.62,,,,91259614.02,,,,979265.89
2018-09-19,2756421735.62,,,,93357508.02,,,,979410.03
2018-09-20,2756421735.62,,,,93357508.02,,,,979410.12
2018-09-21,2806421735.62,,,,93536599.02,,,,979491.93
2018-09-22,2806421735.62,,,,93536599.02,,,,979475.35
2018-09-23,2806421735.62,,,,93536599.02,,,,979475.35
2018-09-24,2806421735.62,,,,93536599.02,,,,979475.41
2018-09-25,2806421735.62,,,,93536599.02,,,,980433.39
2018-09-26,2806421735.62,,,,93536599.02,,,,980178.76
2018-09-27,2806421735.62,,,,93526534.02,0.0,,,980821.12
2018-09-28,2806421735.62,,,,103676534.02,0.0,,,980901.67
2018-09-29,2806421735.62,,,,103666534.02,0.0,,,980873.67
2018-09-30,2806421735.62,,,,103166538.02,0.0,,,980908.44
2018-10-01,2806421735.62,,,,106736868.02,0.0,,,980908.44
2018-10-02,2806421735.62,,,,106466868.02,0.0,,,980908.44
2018-10-03,2806421735.62,,,,117956868.02,0.0,,,980908.44
2018-10-04,2806421735.62,,,,117316868.02,0.0,,,980908.44
2018-10-05,2806421735.62,,,,118270021.02,0.0,,,983000.53
2018-10-06,2806421735.62,,,,118290021.02,0.0,0.0,,983000.53
2018-10-07,2806421735.62,,,,118275222.49,0.0,0.0,,982042.19
2018-10-08,2806421735.62,0.0,,,116666582.49,0.0,0.0,,990947.91
2018-10-09,2706421735.62,0.0,,,118467112.49,13289119.55,0.0,,990947.91
2018-10-10,2706421735.62,0.0,,,118647112.49,13289119.55,0.0,,992139.08
2018-10-11,2706421735.62,0.0,,,123557112.49,13289119.55,0.0,,994213.41
2018-10-12,2706421735.62,0.0,,,132742112.49,21078626.68,0.0,,974524.54
2018-10-13,2706421735.62,0.0,,,135342112.49,23745441.19,0.0,,976145.67
2018-10-14,2506421735.62,0.0,,,135342112.49,23745441.19,0.0,,975760.52
2018-10-15,2506421735.62,0.0,,,152442112.49,35588693.03,0.0,,976842.39
2018-10-16,2256421735.62,23813003.57,,,158642112.49,50015410.53,0.0,,1050717.77
2018-10-17,2206421735.62,23817092.43,,,158479569.49,63194807.91,0.0,,1052666.56
2018-10-18,2126421735.62,23832917.13,,,158213199.49,41531643.13,0.0,,1052857.05
2018-10-19,2076421735.62,23835732.32,,,164112199.49,41531643.13,0.0,,1284486.11
2018-10-20,2076421735.62,23841601.92,,,166587199.49,41531643.13,0.0,,1284629.89
2018-10-21,2076421735.62,23841601.92,,,166769590.49,41531643.13,0.0,,1284573.42
2018-10-22,2076421735.62,0.0,,,166446898.49,41531643.13,0.0,,1284763.8
2018-10-23,2026421735.62,0.0,,,175042430.49,78491265.44,0.0,,1284851.09
2018-10-24,2026421735.62,84747909.72,,,174865482.49,78491265.44,0.0,,1302251.0
2018-10-25,1926421735.62,84747909.72,,,174624341.49,96146404.32,0.0,,1301675.9
2018-10-26,1926421735.62,124260005.52,,,174555415.49,96146404.32,0.0,,1457675.9
2018-10-27,1926421735.62,124235275.02,,,175155415.49,96146404.32,0.0,,1457755.17
2018-10-28,1926421735.62,124210463.94,,,177655415.49,96146404.32,0.0,,1457755.67
2018-10-29,1926421735.62,125220033.54,,,177281534.49,106592783.51,0.0,,1458155.45
2018-10-30,1826421735.62,127365040.13,,,175332393.83,111542233.61,0.0,,1458204.78
2018-10-31,1776421735.62,127363004.76,,,173035201.01,108596228.49,0.0,,1496341.71
2018-11-01,1776421735.62,127282935.74,,,172850110.01,111854141.76,0.0,,1499553.52
2018-11-02,1776421735.62,132268016.15,,,172618286.01,132424132.23,0.0,,1499367.19
2018-11-03,1776421735.62,132258908.38,,,175618286.01,133048930.69,0.0,,1499610.88
2018-11-04,1776421735.62,132233908.4,,,175618286.01,133048930.69,0.0,,1499610.88
2018-11-05,1776421735.62,134211906.37,,,169834749.01,133965548.45,0.0,,1499609.88
2018-11-06,1776421735.62,134225425.91,,,162610707.5,136828956.4,0.0,,1499602.67
2018-11-07,1776421735.62,134268695.59,,,159383505.15,135878516.16,0.0,,1499711.68
2018-11-08,1776421735.62,134067567.84,,,158671505.15,134601603.72,0.0,,1499711.68
2018-11-09,1776421735.62,134074067.44,,,157911504.15,134891184.6,0.0,,1499755.7
2018-11-10,1776421735.62,134074067.44,,,157911504.15,134891184.6,0.0,,1499997.27
2018-11-11,1706421735.62,134099067.34,,,157911504.15,135307555.13,0.0,,1502583.14
2018-11-12,1706421735.62,134099072.2,,,157901104.15,131703135.85,0.0,,1504438.59
2018-11-13,1706421735.62,133820145.2,,,157673302.15,131710689.48,0.0,,1511277.31
2018-11-14,1706421735.62,142647577.89,,,157683302.15,129785589.53,14345039.47,,1516483.92
2018-11-15,1706421735.62,142676236.09,,,158145216.15,130426135.73,17126801.44,,1516483.92
2018-11-16,1706421735.62,142718306.29,,,158485071.01,133254893.04,24964668.81,,1516483.92
2018-11-17,1756421735.62,142775893.28,,,159393111.01,134220155.3,25037252.81,,1516483.92
2018-11-18,1756421735.62,142776001.18,,,159393111.01,135158370.7,25137252.81,,1516517.33
2018-11-19,1756421735.62,142555759.53,,,159393111.01,134358316.22,23352777.81,,1516505.31
2018-11-20,1806421735.62,153642333.0,,,163637216.01,134041940.97,25900275.51,,1516402.0
2018-11-21,1806421735.62,162691431.38,,,170549405.1,137081279.89,27727988.62,,1516390.22
2018-11-22,1806421735.62,163000511.78,,,180167595.1,138739982.42,29646310.62,,1516370.6
2018-11-23,1806421735.62,166009711.61,,,180167595.1,140963334.99,30046310.62,,1516370.6
2018-11-24,1806421735.62,166137218.88,,,183758358.1,139842890.51,29605228.92,,1516370.6
2018-11-25,1856421735.62,166081570.92,,,183758358.1,139842890.51,29105436.34,,1516370.6
2018-11-26,1856421735.62,165839943.06,,,183658357.89,136403461.96,30194106.86,,1516107.6
2018-11-27,1856421735.62,168670379.28,,,191102347.89,135674176.82,32160973.45,,1516106.81
2018-11-28,1856421735.62,171691928.11,,,191516737.89,133799421.06,35594627.07,,1516107.1
2018-11-29,1856421735.62,176637390.88,,,192170837.89,142774160.72,41471767.61,,1516107.1
2018-11-30,1856421735.62,176515563.31,,,194850837.89,161662230.51,44776968.43,,1516107.1
2018-12-01,1856421735.62,176515608.09,,,195050842.89,165689836.53,44776968.43,,1516099.55
2018-12-02,1856421735.62,176516607.89,,,195050842.89,165689836.53,44776968.43,,1516086.01
2018-12-03,1856421735.62,176426842.04,,,195040841.89,184494138.56,49765490.5,,1516231.86
2018-12-04,1856421735.62,176594225.95,,,195689751.89,174162263.86,59160117.81,,1242348.95
2018-12-05,1856421735.62,178070906.63,,,198685401.89,160920816.56,62012825.7,,1241935.06
2018-12-06,1856421735.62,178122217.76,,,199487702.54,165422765.07,62869426.92,,1241935.06
2018-12-07,1856421735.62,184893943.76,,,200681587.54,169706273.83,82091263.85,,1193104.17
2018-12-08,1856421735.62,185011238.58,,,205244587.65,173488466.73,82960271.58,,1176191.94
2018-12-09,1856421735.62,184987241.58,,,205244587.65,173674695.49,84508352.79,,1176288.37
2018-12-10,1856421735.62,189969149.06,,,205206087.65,170509277.02,87078562.45,,1176401.76
2018-12-11,1856421735.62,189406402.79,,,207990066.75,165191245.3,85936568.76,,1176420.29
2018-12-12,1856421735.62,191549715.26,,,209047636.45,159027942.6,86774026.22,,1176990.07
2018-12-13,1856421735.62,192920550.2,,,211056400.57,155644742.28,88971949.0,,1177051.05
2018-12-14,1856421735.62,201572432.45,,,211556399.57,153920441.95,85826685.63,,1186001.22
2018-12-15,1856421735.62,201824264.32,,,211841999.57,153920441.95,86733356.75,,1186058.68
2018-12-16,1856421735.62,201808705.49,,,211841999.57,153920441.95,88372033.55,,1186072.15
2018-12-17,1856421735.62,211487981.13,,,211772299.57,151618356.99,86751409.0,,1157839.76
2018-12-18,1856421735.62,214004445.05,,,212214845.57,149331808.38,89509013.0,,1162543.01
2018-12-19,1856421735.62,222892827.0,,,211318895.98,148699220.85,96342406.8,,1162784.03
2018-12-20,1856421735.62,226182364.5,,,209559676.22,148987773.94,93274032.01,,1163154.29
2018-12-21,1856421735.62,228014132.0,,,208076754.07,156089998.31,88661535.64,,1149136.34
2018-12-22,1856421735.62,227987032.05,,,208011834.63,156089998.31,89792756.29,,1149287.13
2018-12-23,1856421735.62,227963219.06,,,207933872.63,156089998.31,89236759.28,,1149296.23
2018-12-24,1856421735.62,227586495.7,,,206717796.05,155451842.32,90219575.89,,1149323.63
2018-12-25,1856421735.62,227631899.57,,,206717796.05,155451842.32,90399342.58,,1149872.96
2018-12-26,1856421735.62,227631737.17,,,206111048.58,153084912.63,88838028.09,,1150140.88
2018-12-27,1856421735.62,237046589.12,,,206868548.06,149505238.21,91112850.9,,1150152.5
2018-12-28,1858164807.56,241551053.39,,,206073424.75,145216340.1,91346294.31,,1151201.02
2018-12-29,1858164807.56,246085207.65,,,205941170.75,145216340.1,90946294.31,,1151139.91
2018-12-30,1858164807.56,246142145.13,,,204937826.15,145216340.1,92337763.24,,1150887.03
2018-12-31,1858694255.56,250087487.04,,,204971766.15,141267592.56,90995076.75,,1150913.97
2019-01-01,1858694255.56,257922894.85,,,206855713.74,141267592.56,92072358.99,,1151232.34
2019-01-02,1863694255.56,283661581.99,,,206371310.74,136978753.03,91898720.32,,1151186.63
2019-01-03,1863963963.56,286864670.32,,,205253622.82,131128471.58,90588850.6,,1151085.58
2019-01-04,1866343583.56,291244898.55,,,207167827.44,130262543.57,90236967.36,,1151366.26
2019-01-05,1866343583.56,291214025.13,,,207016279.44,131395176.07,90093278.92,,1151381.9
2019-01-06,1866343583.56,302341372.83,,,206081431.44,131395176.07,90093278.92,,1151384.94
2019-01-07,1873643583.56,314873963.5,,,205250631.67,129651320.26,86089748.81,,1151403.17
2019-01-08,1885043151.56,324564645.51,,,202500353.36,130753266.08,85125947.26,,1151355.19
2019-01-09,1892216376.56,337168109.06,,,201973963.36,130888342.84,90380212.71,,1151317.56
2019-01-10,1906799778.56,342043547.42,,,201988013.36,131294603.06,87385547.89,,1151723.99
2019-01-11,1928363198.56,351581975.41,,,202991074.25,132609829.31,87162709.27,,1151773.37
2019-01-12,1928363198.56,361028960.31,,,202991074.25,132965699.43,86850927.46,,1152242.49
2019-01-13,1928363198.56,368307845.99,,,202924867.13,132965699.43,86850927.46,,1152244.13
2019-01-14,1953377856.56,362989450.33,,,206256046.13,137018952.37,87194878.89,,1151560.73
2019-01-15,1989730343.56,356447480.17,,,206517824.13,138956627.8,86456954.44,,1152535.33
2019-01-16,1997465582.56,317569444.94,,,207760601.04,133470842.33,85736018.72,,1152322.12
2019-01-17,2004840656.56,313461185.4,,,207938603.04,137437958.83,87611971.04,,1152309.53
2019-01-18,2015153116.56,322154669.67,,,207931254.04,135785480.26,92319921.86,,1152308.12
2019-01-19,2016152116.56,322151552.45,,,207931254.04,140560286.3,92319921.86,,1152310.42
2019-01-20,2016152116.56,322108798.35,,,207921254.04,140560286.3,92319921.86,,1152316.38
2019-01-21,2016646866.56,324721060.33,,,207836793.22,139436736.5,91148180.25,,1152470.87
2019-01-22,2017146366.56,329708866.37,,,207628267.0,137649947.33,92848114.54,,1152471.23
2019-01-23,2017146366.56,312692332.38,,,207688123.35,135776354.18,92676807.99,,1152364.29
2019-01-24,2017251166.56,320099673.17,,,207631749.49,139295468.61,92576741.85,,1154421.69
2019-01-25,2017251166.56,322907950.46,,,209651617.36,136045543.78,92180360.71,,1154454.78
2019-01-26,2017251166.56,322713059.88,,,209017629.53,135019302.03,95180360.71,,1154099.56
2019-01-27,2017251166.56,328998263.51,,,208984721.02,134662183.43,95180360.71,,1154363.59
2019-01-28,2020851166.56,314405272.24,,,209424591.82,133456026.23,92225577.38,,1154401.77
2019-01-29,2020851166.56,314110428.84,,,207745245.01,130825059.34,90773258.7,,1153308.36
2019-01-30,2020855916.56,314029964.46,,,207680568.75,129008563.87,90160835.2,,1153066.01
2019-01-31,2020855916.56,294118009.04,,,207460601.54,127667469.29,89406957.33,,1085274.13
2019-02-01,2020855916.56,298350242.4,,,206964070.8,123896471.5,89066659.86,,1085297.02
2019-02-02,2020855916.56,298298640.37,,,206255039.31,122823568.14,89066659.86,,1085297.01
2019-02-03,2020855916.56,298283047.19,,,206999033.31,122375448.71,89066659.86,,1085308.1
2019-02-04,2020855916.56,288510038.39,,,205854387.47,121797446.63,87524420.68,,1085442.34
2019-02-05,2020855916.56,288524014.93,,,205897823.39,121297780.75,87268346.91,,1085480.8
2019-02-06,2021103316.56,288135386.71,,,204979720.41,120582971.91,86507251.0,,1085482.36
2019-02-07,2021103316.56,273075215.4,,,204863918.89,122093925.64,83290431.15,,1085482.36
2019-02-08,2021402716.56,272852860.88,,,204863918.89,121053531.6,83141431.15,,1085474.92
2019-02-09,2021402716.56,258545051.9,,,204866595.89,121014416.74,84531431.15,,1085474.78
2019-02-10,2021402716.56,258289270.62,,,204075030.05,120764516.74,84217737.62,,1085474.76
2019-02-11,2021459016.56,258008758.22,,,206382925.71,119068436.91,82483569.55,,1085482.92
2019-02-12,2021459016.56,258268826.69,,,206053285.43,117699345.47,81980555.88,,1085654.74
2019-02-13,2021459016.56,244021075.03,,,206075381.82,116254289.89,81441231.88,,1085692.38
2019-02-14,2021459016.56,243796118.1,,,207187881.82,115996353.69,81071408.35,,1085692.38
2019-02-15,2021459016.56,244412166.99,,,207591837.11,114610479.35,78353234.24,,1086839.65
2019-02-16,2021459016.56,244320393.97,,,207591837.11,114250267.02,78353234.24,,1086598.43
2019-02-17,2021459016.56,244305945.76,,,207591837.11,113695027.82,78242261.23,,1086904.68
2019-02-18,2021459016.56,244427040.43,,,205470175.12,114247545.87,76061093.92,,1087339.85
2019-02-19,2021459016.56,244416749.19,,,205723725.53,113740073.6,77385856.95,,1087587.57
2019-02-20,2021459016.56,244394872.73,,,207602207.8,113014808.53,77247566.82,,1087303.89
2019-02-21,2021459016.56,230442529.53,,,207233444.86,113189248.82,76784394.54,,1087571.17
2019-02-22,2021459016.56,230363178.13,,,205477702.28,112755292.77,76646165.05,,1087999.23
2019-02-23,2021459016.56,230029934.75,,,204547625.31,116437062.92,75684672.86,,1088063.16
2019-02-24,2021459016.56,230031332.5,,,204410577.31,116437062.92,75684672.86,,1088220.18
2019-02-25,2021459016.56,230305841.03,,,203632775.76,115829606.44,75499633.79,,1088441.83
2019-02-26,2021459016.56,230345974.33,,,203032775.76,115829640.44,75393061.7,,1063764.01
2019-02-27,2021459016.56,230651142.82,,,202986401.0,115260140.51,73317646.57,,1029641.17
2019-02-28,2021459016.56,230960481.79,,,202809831.18,114518660.21,70203025.08,,1060586.49
2019-03-01,2021459016.56,231194747.34,,,203002879.72,113883161.22,69963201.1,,1060509.04
2019-03-02,2023457816.56,236602350.33,,,202619764.58,111631318.13,71213675.13,,1060490.85
2019-03-03,2022657816.56,236602350.33,,,202619764.58,111631318.13,71213675.13,,1060508.42
2019-03-04,2022657816.56,236602350.33,,,202619764.58,111631318.13,71213675.13,,1003607.63
2019-03-05,2022657816.56,236602350.33,,,202619764.58,111631318.13,71213675.13,,982328.0
2019-03-06,1994259165.85,236602350.33,,,202619764.58,111631318.13,71213675.13,,985233.67
2019-03-07,1994259165.85,236602350.33,,,202619764.58,111631318.13,71213675.13,,1008472.08
2019-03-08,1994259165.85,236602350.33,,,202619764.58,111631318.13,71213675.13,,1028434.51
2019-03-09,1994259165.85,236602350.33,,,202619764.58,111631318.13,71213675.13,,1028554.86
2019-03-10,1994259165.85,236602350.33,,,202619764.58,111631318.13,71213675.13,,1029624.34
2019-03-11,1996357065.85,236602350.33,,,202619764.58,111631318.13,71213675.13,,1061972.46
2019-03-12,1996357065.85,236602350.33,,,202619764.58,111631318.13,71213675.13,,1228933.77
2019-03-13,1996357065.85,240422496.79,,,198508067.82,117362816.24,66069436.09,,1230221.58
2019-03-14,1999786492.85,240513624.96,,,198365386.89,118236936.01,65877556.5,,1204882.55
2019-03-15,1999786492.85,239345063.64,,,198908612.32,117962869.32,65877556.5,,1197832.0
2019-03-16,2001684592.85,239344534.1,,,198896502.65,117911991.79,65877556.5,,1210787.62
2019-03-17,2001684592.85,239327276.62,,,198896502.65,116660797.16,65877556.5,,1211432.47
2019-03-18,2001684592.85,239721136.92,,,200502352.65,119412974.16,64719352.69,,1213835.24
2019-03-19,2011187462.57,239918625.25,,,200982592.65,119580541.65,64719352.69,,1217875.17
2019-03-20,2011187462.57,240475814.4,,,202639801.2,117084380.95,64603944.04,,1204770.66
2019-03-21,2011187462.57,243585990.12,,,203120643.65,119320191.29,61618570.92,,1203787.34
2019-03-22,2011187462.57,244405810.41,,,203095205.24,119149034.59,61621381.04,,1200788.2
2019-03-23,2020708392.11,244872922.93,,,203078205.24,118871035.49,62287062.04,,1201122.8
2019-03-24,2020708392.11,245251045.65,,,203070364.06,118607053.39,62287062.04,,1202437.64
2019-03-25,2020708392.11,246145167.86,,,201703999.33,119177221.93,61588696.9,,1199266.74
2019-03-26,2020708392.11,245379677.5,,,201519724.56,119111477.71,61588696.9,,1196383.8
2019-03-27,2028143499.56,245682151.94,,,200819626.16,119959869.45,61225737.88,,1197290.21
2019-03-28,2028143499.56,246138898.67,,,198917007.92,118540267.91,61119521.11,,1249521.2
2019-03-29,2028498144.56,246303027.19,,,198897280.61,117933732.31,60780498.0,,1249793.34
2019-03-30,2028852789.56,245988548.86,,,198982290.61,117933732.31,60673182.34,,1249892.01
2019-03-31,2028852789.56,245902627.6,,,198982290.61,117968020.31,60441178.74,,1249868.97
2019-04-01,2038621523.25,252624787.42,,,196578867.29,115029274.48,57937868.98,,1251612.77
2019-04-02,2041945174.25,256659242.24,,,199493600.09,111322432.01,58448111.72,,1266338.94
2019-04-03,2068220447.26,256254857.89,,,198928637.26,111891104.15,61602878.5,,1106897.8
2019-04-04,2074935984.36,257098013.15,,,198839694.52,110649376.17,62959038.7,,1056330.03
2019-04-05,2077326323.63,260432905.6,,,200305448.73,107393205.96,65619951.99,,1064512.29
2019-04-06,2079324323.63,260445582.35,,,200305448.73,107591397.37,65562595.84,,1071491.57
2019-04-07,2080443203.63,260638631.31,,,200305448.73,107513553.7,65002600.5,,1072409.23
2019-04-08,2139507866.37,260973618.69,,,200441681.24,106295475.61,63763486.92,,1104167.39
2019-04-09,2195136487.71,266158129.84,,,200303352.31,110575281.11,63679829.25,,1117630.19
2019-04-10,2262895036.12,262734805.23,,,200871518.31,110075816.46,63259018.27,,1180762.41
2019-04-11,2306056259.92,259043710.07,,,201478741.55,107119143.51,62654744.09,,1178725.49
2019-04-12,2408483348.46,259247872.93,,,199757903.01,107408507.25,62527803.08,,1171228.96
2019-04-13,2418473348.46,259435352.33,,,199757903.01,107551158.88,62527803.08,,1171484.76
2019-04-14,2418629655.77,259446296.67,,,199757903.01,110032465.11,63294752.38,,1246852.52
2019-04-15,2458246406.03,259384911.08,,,199053394.14,108839787.38,62206021.14,,1247179.21
2019-04-16,2475513474.18,259299481.79,,,197810257.2,109132351.09,62126709.78,,1227452.33
2019-04-17,2525581744.26,255904006.74,,,198545527.11,110086398.92,62007761.66,,1234396.75
2019-04-18,2549003431.38,252011054.22,,,198326268.66,107969145.14,62007761.66,,1348408.12
2019-04-19,2567332911.0,251997680.19,,,201508973.64,107742943.07,62007761.66,,1347860.72
2019-04-20,2567332911.0,251980939.67,,,201508973.64,108386485.91,61904577.77,,1348571.4
2019-04-21,2583816411.0,251351720.12,,,199732733.96,107386485.91,61904577.77,,1335425.77
2019-04-22,2611788411.0,251735513.43,,,199735069.55,104056777.24,60783375.31,,1335788.66
2019-04-23,2676665947.51,251760339.0,,,200186536.06,104462006.93,60413937.1,,1338004.24
2019-04-24,2827783839.99,252145266.45,,,198299134.14,112522800.47,59855891.79,,1266667.05
2019-04-25,2863424787.04,256155522.5,,,197703618.31,111775749.97,57611947.24,,1262123.62
2019-04-26,2846831290.59,261800526.49,,,205752686.69,128644451.31,53731249.27,,1295150.79
2019-04-27,2846831290.59,291843495.16,,,205752686.69,131490387.31,53521360.0,,1294694.68
2019-04-28,2846831190.59,291622029.2,,,205752686.69,133938888.31,52715563.65,,1253883.43
2019-04-29,2834714505.59,291583035.61,,,206995293.61,152433406.34,51472134.12,,1259031.88
2019-04-30,2834358182.0,291684313.46,,,208021787.61,160669653.98,47831688.1,,1259439.74
2019-05-01,2794138380.0,293581231.91,,,213169998.31,162448909.12,48600376.21,,1301282.03
2019-05-02,2779576881.93,292898324.19,,,219958543.26,167883512.51,47813886.48,,1256658.41
2019-05-03,2780329381.93,295462174.78,,,221995271.62,176935343.12,47175303.35,,1268482.9
2019-05-04,2780329381.93,298679129.3,,,221995271.62,180038174.57,46767966.93,,1311240.89
2019-05-05,2780329381.93,299452302.95,,,221995271.62,182546017.57,45612882.41,,1321153.81
2019-05-06,2776595294.93,301725125.86,,,228348623.21,180215746.25,43634043.18,,1335676.57
2019-05-07,2776595294.93,306390030.2,,,229447249.1,178573187.27,36797566.45,,1428668.68
2019-05-08,2776595294.93,313302492.76,,,230611998.18,179847072.19,34506436.93,,1349649.73
2019-05-09,2776595294.93,324230335.78,,,233022266.07,181700819.15,33108173.42,,1305056.98
2019-05-10,2776595294.93,326417357.15,,,234148207.07,190934501.96,31752148.59,,1294389.71
2019-05-11,2778093794.93,327108850.75,,,234148207.07,190934501.96,31752148.59,,1489831.79
2019-05-12,2778093794.93,327104229.18,,,234148207.07,193384586.48,31145271.02,,1289125.84
2019-05-13,2800275594.93,337193309.86,,,233661992.07,193143233.97,30410066.08,,1068718.52
2019-05-14,2801452915.43,347497235.8,,,236018122.07,197003454.23,28825987.33,,1298653.0
2019-05-15,2823871814.1,351623869.87,,,236473546.45,194631572.43,27882691.78,,1227391.92
2019-05-16,2837081399.97,356246055.71,,,241307958.11,183318994.14,26252516.11,,1206008.05
2019-05-17,2838730567.14,358499846.57,,,241036263.0,183584275.21,24515554.76,,1224344.98
2019-05-18,2838730567.14,358387824.87,,,243675255.47,184335057.17,23486880.41,,1222285.77
2019-05-19,2840229067.14,357670903.51,,,243245256.88,189952644.89,23078089.16,,1199932.07
2019-05-20,2865716914.78,357843173.95,,,243204076.02,184475957.77,22903778.79,,1187933.15
2019-05-21,2920915605.11,358435329.22,,,242629693.66,180183024.94,22903778.79,,1305622.67
2019-05-22,2926909605.11,359622478.32,,,241716538.72,178191382.66,22469143.67,,1332588.41
2019-05-23,2972829994.48,359550366.69,,,241904590.46,177994343.59,22226553.67,,1399870.18
2019-05-24,3031566089.93,359751442.58,,,242380930.42,177270531.58,22226553.67,,1421908.71
2019-05-25,3057550089.93,361589566.38,,,242380930.42,176792060.75,22121072.24,,1465572.06
2019-05-26,3062545089.93,362106781.06,,,242380930.42,176897976.59,22121072.24,,1748263.52
2019-05-27,3084523089.93,361517167.28,,,234086117.77,170715268.49,22210581.07,,1666292.38
2019-05-28,3118777590.91,360258046.75,,,233682142.25,172548340.74,22100684.68,,1573384.61
2019-05-29,3115579437.55,358843358.65,,,233836950.25,175898506.49,21520863.01,,3277523.99
2019-05-30,3118933755.44,329728607.78,,,242542754.25,165228118.33,21520863.01,,2690542.7
2019-05-31,3130547872.17,332877232.57,,,243290346.85,165284161.08,21526280.03,,2653195.81
2019-06-01,3131993375.22,333752964.53,,,243070512.78,166731602.28,21526280.03,,3027056.68
2019-06-02,3131993375.22,333715420.68,,,242954014.37,166731602.28,21526280.03,,3028798.5
2019-06-03,3136118221.24,334367196.7,,,242272647.89,164541400.08,21380148.22,,3013389.98
2019-06-04,3163087175.13,335078175.86,,,242809534.39,165217512.38,21380148.22,,2653029.04
2019-06-05,3193242375.85,336232230.08,,,247331395.84,165841128.29,20553476.97,,3190953.38
2019-06-06,3229393060.7,337533435.78,,,252276134.6,169956677.05,20553476.97,,3194777.39
2019-06-07,3238933771.74,337495870.0,,,253419875.87,178117968.95,20697600.25,,3225997.58
2019-06-08,3238933771.74,337493404.31,,,253419875.87,178117968.95,20697600.25,,3219386.59
2019-06-09,3238933771.74,337510132.01,,,253413783.15,178117968.95,20697600.25,,3191012.33
2019-06-10,3276289279.62,340120878.67,,,249333444.86,175381790.59,20697600.25,,3228515.14
2019-06-11,3309129263.56,340012660.74,,,249256430.46,170075865.33,20697600.25,,3322946.12
2019-06-12,3354430819.05,341186658.0,,,248101363.45,178601004.18,20697600.25,,3906615.57
2019-06-13,3422493432.76,343470940.45,,,245197641.23,172824059.3,20697600.25,,4216499.37
2019-06-14,3432130224.69,343664635.38,,,245102624.46,175852161.66,20631088.32,,3818250.09
2019-06-15,3437125224.69,344152824.42,,,244185813.05,179374356.83,20631088.32,,3857681.98
2019-06-16,3469093224.69,343676002.51,,,242391454.62,179374356.83,20512792.97,,4245733.32
2019-06-17,3522480655.34,342163562.34,,,232400668.49,168005747.2,20424037.99,,4097526.86
2019-06-18,3529784845.34,341838638.51,,,232320738.71,167855924.46,20255804.76,,4097526.86
2019-06-19,3534666959.33,346208476.28,,,227480642.3,161158687.95,20068358.08,,4097526.86
2019-06-20,3547705309.33,346879376.91,,,227826612.16,158647981.29,19832856.25,,4097526.86
2019-06-21,3563062339.33,343306400.56,,,224090924.89,159431988.7,20070446.44,,3693336.18
2019-06-22,3532324467.23,342598962.28,,,223089825.84,159431988.7,19852361.5,,3771715.29
2019-06-23,3532324467.23,344079010.01,,,223089825.84,159431988.7,19748890.93,,3890802.24
2019-06-24,3570876477.83,346116868.49,,,217202245.39,149468295.38,19143855.96,,4034559.43
2019-06-25,3537003651.73,344985306.89,,,213280824.82,151877370.11,19143855.96,,3976934.75
2019-06-26,3574945622.33,353933898.31,,,212243410.82,142028744.15,17780348.76,,4258452.89
2019-06-27,3585197610.9,360296755.99,,,212906622.23,151521032.24,16308742.72,,3921997.03
2019-06-28,3598378340.86,363288295.05,,,211210972.23,164099473.8,15706221.82,,4155018.69
2019-06-29,3600378340.86,365988769.29,,,214411972.23,164099473.8,15491129.46,,3976568.42
2019-06-30,3600378340.86,365817341.46,,,214411972.23,164099473.8,15274819.96,,3371650.75
2019-07-01,3600578140.86,367304917.0,,,214409917.23,148682940.56,14107305.19,,3359339.77
2019-07-02,3609392086.59,369480936.78,,,214357035.43,154311796.44,13397181.2,,3196818.32
2019-07-03,3633375165.14,366531958.18,,,216141087.85,159640445.95,12344511.76,,2916940.99
2019-07-04,3663984234.43,366625413.89,,,215829564.1,158581496.58,12226869.44,,3271094.49
2019-07-05,3687991972.21,367096484.68,,,217251476.33,163056875.18,11435186.29,,3221433.96
2019-07-06,3698266727.76,369287726.45,,,217246595.33,163056875.18,11325204.29,,3219480.82
2019-07-07,3701263727.76,369269681.01,,,217045592.33,163056875.18,11221880.29,,3146859.43
2019-07-08,3760753327.5,375624614.38,,,209242948.71,153610615.51,10726342.84,,3569032.27
2019-07-09,3838668472.76,375118553.4,,,209229982.47,142355926.15,10623454.76,,3174372.89
2019-07-10,3845376325.48,377355793.93,,,205434878.4,145354394.51,10401283.76,,2898743.63
2019-07-11,3866680130.4,377162322.09,,,211849526.14,150655446.69,10269216.92,,2749196.94
2019-07-12,3886999504.16,381241205.02,,,216479852.21,158906979.52,9719269.88,,2437113.46
2019-07-13,3911710738.59,381732327.42,,,217604696.09,164802979.52,9392547.4,,1888449.64
2019-07-14,3916710738.59,381897452.89,,,217604696.09,164802979.52,9178103.31,,1829946.21
2019-07-15,3936580432.52,382649286.49,,,216812807.16,172288019.2,8825893.9,,1723598.38
2019-07-16,3952580481.5,402729439.69,,,221656365.53,171810691.52,8552810.95,,1717300.61
2019-07-17,3970445511.37,423473726.16,,,223687000.89,181436627.3,8179560.1,,1526912.72
2019-07-18,3972364301.37,422363494.43,,,223804875.89,192999726.03,7959999.36,,1488173.41
2019-07-19,4018746638.17,404521211.34,,,208131896.72,169982595.15,7959999.36,,1462420.27
2019-07-20,4026989838.17,404655585.47,,,208125196.72,169982595.15,7959999.36,,1469439.86
2019-07-21,4026989838.17,404216327.87,,,207974196.72,176999888.81,7828938.74,,1402541.46
2019-07-22,4026990838.17,404970068.71,,,207501198.97,175261625.43,7743548.52,,1421461.2
2019-07-23,4024496014.77,403366210.51,,,207420713.91,161671053.46,7459546.33,,1383773.58
2019-07-24,4023792514.77,421092446.52,,,207491147.72,163826570.94,7459546.33,,1619513.47
2019-07-25,4024566514.77,420165331.01,,,207204979.31,162706296.68,7459546.33,,1621114.0
2019-07-26,4024567414.77,423072340.15,,,207611649.26,169924011.28,7459546.33,,1459616.21
2019-07-27,4027564414.77,423020197.66,,,208211791.56,175942352.57,7351936.39,,1467571.89
2019-07-28,4027564414.77,423005441.56,,,208211791.56,181479342.69,7248290.09,,1402272.52
2019-07-29,4027564414.77,436283752.45,,,206386697.06,188879223.12,7248290.09,,1160668.47
2019-07-30,4022816272.54,436404604.75,,,204258858.42,188389719.18,7248290.09,,1188864.36
2019-07-31,4026461172.54,435311473.11,,,207701005.37,184734543.64,7176884.05,,1536150.25
2019-08-01,4026461172.54,428326984.54,,,207229893.37,189384401.2,7176884.05,,1539956.67
2019-08-02,4026461172.54,421822767.31,,,206258710.46,192363825.74,7176884.05,,1287380.16
2019-08-03,4026461172.54,422934749.91,,,206595471.08,199373099.03,7019757.96,,1257606.69
2019-08-04,4026461172.54,421973022.34,,,206595471.08,202175467.83,7019757.96,,1482198.04
2019-08-05,4039892172.54,429731223.56,,,204256072.45,194981624.07,7019757.96,,1455185.43
2019-08-06,4039892172.54,432496414.2,,,200154620.53,207374934.34,6904607.02,,1492063.85
2019-08-07,4039892172.54,431972381.09,,,198640579.85,203561212.7,6904607.02,,1492425.5
2019-08-08,4042922672.54,431845773.24,,,198334916.1,196692983.87,6904607.02,,1373834.88
2019-08-09,4043425265.44,421157155.2,,,195281511.97,191742132.14,6874150.63,,1372334.23
2019-08-10,4043425265.44,423186166.35,,,197400463.24,191742132.14,6874150.63,,1356687.25
2019-08-11,4043425265.44,422866515.0,,,198000463.24,199028058.65,6874150.63,,1359653.16
2019-08-12,4042756265.44,422260002.1,,,195422593.72,198522788.07,6874150.63,,1377160.81
2019-08-13,4042756265.44,421214437.47,,,193810693.74,191744540.0,6874150.63,,1363211.5
2019-08-14,4042555316.59,418415908.21,,,194103770.88,184511654.77,6874150.63,,1984287.53
2019-08-15,4042555316.59,418460075.0,,,195076574.68,179627754.53,6771288.41,,1719557.08
2019-08-16,4043607701.6,420045322.06,,,194806985.49,185565679.55,6760362.13,,1486889.91
2019-08-17,4043607701.6,419038831.47,,,195591387.62,185565679.55,6760362.13,,1486312.73
2019-08-18,4043607701.6,419868418.89,,,195591387.62,185565679.55,6760362.13,,1581560.46
2019-08-19,4043607701.6,417508185.95,,,195324010.57,191646486.22,7005362.13,,1574104.53
2019-08-20,4043607701.6,416023534.05,,,193394454.81,189970834.91,6966986.26,,1516947.35
2019-08-21,4043907381.6,438219467.12,,,192889908.36,190579407.76,6966986.26,,2029084.42
2019-08-22,4043907381.6,438713125.35,,,194225559.72,190579407.76,6966986.26,,2119422.9
2019-08-23,4049107371.68,437941226.45,,,195047274.99,194366960.85,6966986.26,,2092336.52
2019-08-24,4049107371.68,436859996.71,,,194951455.1,194366960.85,6966986.26,,2064131.98
2019-08-25,4049107371.68,436195300.32,,,195485255.1,194366960.85,6966986.26,,2069860.41
2019-08-26,4056105371.68,428519797.23,,,193848671.58,195339163.27,6997052.73,,2076820.89
2019-08-27,4055445371.68,424369801.46,,,193772435.95,193458038.83,6997052.73,,2212531.26
2019-08-28,4005685017.99,424983983.92,,,194345455.53,197436915.9,6654203.64,,2819094.84
2019-08-29,4005685017.99,448452593.31,,,196360797.37,198448344.58,9929203.64,,2815103.21
2019-08-30,4008269411.01,452419487.29,,,199756110.71,200065036.51,9947652.64,,2831436.22
2019-08-31,4007869727.73,452428071.83,,,199743109.71,200065036.51,9947652.64,,2831777.16
2019-09-01,4007869727.73,452413945.67,,,199718109.71,200065036.51,9947652.64,,2770195.28
2019-09-02,4006669727.73,443452758.01,,,202815454.51,201032650.03,9947652.64,,2752135.74
2019-09-03,4025760606.75,442172010.77,,,200608588.57,219918477.21,9763882.98,,2800084.65
2019-09-04,4025760606.75,428450819.02,,,195506055.77,223580798.0,9963882.98,,4067650.38
2019-09-05,4035396599.62,451791009.74,,,196912904.07,233898310.3,9780687.27,,3106402.65
2019-09-06,4052825419.35,445232029.41,,,198513127.07,237557038.69,9208294.05,,4049682.55
2019-09-07,4052825419.35,445509315.67,,,198802021.53,237557038.69,9208294.05,,4053997.24
2019-09-08,4071193567.81,442376631.99,,,198868513.17,237557038.69,9208294.05,,3971042.33
2019-09-09,4076193567.81,438697810.99,,,194411177.25,236367562.13,8508171.83,,4046382.9
2019-09-10,4088193567.81,437711127.63,,,194207062.21,234107661.6,8446293.41,,3890499.74
2019-09-11,4088193567.81,434972426.14,,,190356989.86,240277772.79,8446293.41,,3867321.94
2019-09-12,4091844467.81,433836611.15,,,195061927.87,239452790.87,8318086.68,,3634938.85
2019-09-13,4091844467.81,426869923.58,,,197464787.25,237071806.09,8318086.68,,3539624.42
2019-09-14,4105046956.1,426401678.37,,,197900859.69,237071806.09,8306556.67,,3064136.46
2019-09-15,4107544456.1,425847566.95,,,197890848.11,237071806.09,8306556.67,,3067501.86
2019-09-16,4108044456.1,421413661.58,,,194226072.17,234286458.03,8306556.67,,3256640.23
2019-09-17,4108044456.1,412914020.19,,,193198524.27,230584451.61,8377556.67,,3256690.83
2019-09-18,4108044456.1,402992022.63,,,191201838.72,227703513.16,8462192.51,,3293284.21
2019-09-19,4108044456.1,399942463.24,,,187078740.12,228704266.7,8547479.33,,3197327.97
2019-09-20,4108044456.1,393164781.85,,0.0,185034033.82,227813413.23,8540209.15,,2710742.07
2019-09-21,4108044456.1,392550202.25,,0.0,185332037.82,227813413.23,8540209.15,,2665995.27
2019-09-22,4108044456.1,392163804.7,,0.0,187282037.82,227813413.23,8540209.15,,2625934.64
2019-09-23,4108044456.1,388697809.09,,0.0,185512302.18,239068821.58,8540209.15,,2507128.34
2019-09-24,4108044456.1,387621672.41,,0.0,186390743.53,249225169.67,8540209.15,,2447851.81
2019-09-25,4108044456.1,415433471.16,,0.0,188418989.28,257061914.15,8481795.76,,2720845.72
2019-09-26,4108044456.1,417581960.09,,0.0,188006508.24,253572926.04,9510433.22,,2715998.58
2019-09-27,4108044456.1,424357614.79,,0.0,189712599.29,253666152.56,9510433.22,,2833958.73
2019-09-28,4108044456.1,428465344.12,,0.0,190437599.29,253666152.56,9510433.22,,2801716.98
2019-09-29,4108044456.1,427689979.3,,0.0,190236599.29,253666152.56,9590433.22,,2816925.19
2019-09-30,4108044456.1,426783476.08,,0.0,190309989.7,255103537.77,9602095.67,,2726178.17
2019-10-01,4108044456.1,425078740.45,,0.0,194332306.97,259451850.3,9602121.0,,2729672.97
2019-10-02,4108044456.1,455726852.19,,0.0,192429847.55,257705041.06,9618118.89,,2808692.15
2019-10-03,4108044456.1,473561866.79,,0.0,192374276.79,258921325.55,9618118.89,,3148812.66
2019-10-04,4108044456.1,474228188.57,,0.0,192692605.0,257916262.07,9613717.72,,3031366.53
2019-10-05,4108044456.1,474032948.36,,0.0,191715265.57,257916262.07,9613717.72,,3008618.81
2019-10-06,4108044456.1,473614438.68,,0.0,192857521.7,257916262.07,9613717.72,,2985322.77
2019-10-07,4108044456.1,469359931.4,,10021255.62,190615456.93,257023730.83,9282793.61,,2998246.42
2019-10-08,4108044456.1,465782851.54,,10021255.62,188718624.89,258534462.76,9417151.2,,2969528.24
2019-10-09,4108044456.1,461220658.68,,10021255.62,186567333.74,264143934.36,9286731.01,,3190887.97
2019-10-10,4108044456.1,451796280.04,,10021255.62,183021403.0,257080247.17,9286731.01,,3206982.02
2019-10-11,4108044456.1,467081703.42,,10021255.62,188950045.79,256341264.15,9286731.01,,3439388.1
2019-10-12,4108044456.1,467067507.63,,10021255.62,188914353.29,256341264.15,9244327.71,,3425242.67
2019-10-13,4108044456.1,467061347.79,,10021255.62,188814354.37,256341264.15,9244327.71,,3486023.89
2019-10-14,4108044456.1,466935012.1,,10191243.2,188086289.63,255475563.27,9244327.71,,3576044.81
2019-10-15,4108044456.1,469045027.83,,10883898.92,188061366.74,254428871.34,9244327.71,0.0,3603250.41
2019-10-16,4108044456.1,473380865.75,,10447358.28,187358402.82,250514359.59,9469433.66,0.0,3718094.6
2019-10-17,4108044456.1,473099659.23,,10477807.79,186476050.83,249018469.39,9919433.66,0.0,4378516.86
2019-10-18,4108044456.1,473920653.74,,11635954.69,185973081.95,248449987.86,9919433.66,0.0,4354231.92
2019-10-19,4108044456.1,474269372.59,,11635954.69,186121872.3,248449987.86,9818375.59,0.0,4332827.85
2019-10-20,4108044456.1,474220641.48,,11007453.5,186434873.33,248449987.86,9818375.59,0.0,4357475.85
2019-10-21,4108044456.1,476325470.78,,11666435.7,185721471.64,248500894.21,9691500.54,0.0,4672092.28
2019-10-22,4108044456.1,460925875.23,,15136777.64,181859021.79,256642085.73,8751046.08,0.0,5012729.29
2019-10-23,4108044456.1,462962812.31,,15136777.64,181866882.13,258063946.32,8718101.51,0.0,5793952.79
2019-10-24,4108044456.1,477414570.36,,22795763.93,181784280.87,257865192.1,8417296.97,0.0,5975490.44
2019-10-25,4108044456.1,481488568.49,,22660951.76,182566764.24,259110365.31,8280659.05,0.0,6641813.41
2019-10-26,4108044456.1,480945150.72,,20708996.75,183849203.35,259110365.31,8147423.78,0.0,6884383.89
2019-10-27,4108044456.1,475181266.45,,21738790.02,181442152.79,264204720.38,7999277.49,0.0,6988076.23
2019-10-28,4108044456.1,473190303.45,,20398880.08,180488511.38,261394272.45,8088526.49,0.0,6938317.14
2019-10-29,4108044456.1,470717130.04,,20661357.28,180557512.69,254593726.35,7843661.08,0.0,6782411.37
2019-10-30,4108044456.1,466272090.48,,18136342.82,180527400.34,252692068.7,7843661.08,0.0,6529541.25
2019-10-31,4108044456.1,462015843.05,,17617894.06,180808490.2,247877218.2,7872329.51,0.0,6516792.1
2019-11-01,4108044456.1,454633565.35,,17366542.51,180126445.3,242166320.01,4989330.91,0.0,6498353.08
2019-11-02,4108044456.1,468605752.16,,17366542.51,180376446.39,242166320.01,4882453.55,0.0,6491859.19
2019-11-03,4108044456.1,467034517.1,,17366542.51,179920447.49,242166320.01,4882453.55,0.0,6489744.26
2019-11-04,4108044456.1,446446123.47,,18027821.23,178753306.35,249797487.93,4696375.83,0.0,6205226.06
2019-11-05,4108044456.1,468005307.92,,15085846.96,180949593.91,243204726.22,4701960.92,0.0,6214924.84
2019-11-06,4108044456.1,458302373.03,,21603821.52,175499260.75,243977218.6,4701831.54,0.0,6622558.03
2019-11-07,4108044456.1,455935455.92,,21101401.3,174484476.9,241564091.74,4701831.54,0.0,6752324.42
2019-11-08,4108044456.1,452704893.17,,22280138.98,173267882.8,231494688.46,4701831.54,0.0,6672876.42
2019-11-09,4108044456.1,452172599.2,,22280138.98,173567970.89,231494688.46,4532087.96,0.0,6642540.29
2019-11-10,4108044456.1,451662056.9,,22280138.98,173501968.89,231494688.46,4532087.96,0.0,6622243.86
2019-11-11,4108044456.1,450385896.15,,20838241.25,172767305.26,232372081.43,4527980.47,0.0,6752324.67
2019-11-12,4108044456.1,449566267.81,,19219005.36,172137974.51,227670168.91,4442946.98,0.0,6720854.64
2019-11-13,4108044456.1,447205866.15,,17879483.17,170797188.05,229855258.16,4848548.5,0.0,7054746.84
2019-11-14,4108044456.1,439137902.57,,16621416.53,167510838.47,231923930.92,4713885.85,0.0,7059047.22
2019-11-15,4108044456.1,438712842.2,,17785299.98,167499089.74,226451233.79,4705815.89,0.0,7058215.45
2019-11-16,4108044456.1,441438236.2,,17785299.98,167706235.59,226451233.79,4705815.89,0.0,7198861.6
2019-11-17,4108044456.1,441387718.19,,17785299.98,166845370.86,226451233.79,4705815.89,0.0,8802046.24
2019-11-18,4108044456.1,441757795.46,,17886015.12,166722480.09,218245226.5,4705815.89,0.0,9301586.59
2019-11-19,4108044456.1,439684403.48,,17549199.0,167237868.48,219517920.16,4705815.89,0.0,10543506.75
2019-11-20,4108044456.1,430637524.04,,19810321.06,167394768.49,220829255.34,4690708.78,0.0,11326947.96
2019-11-21,4108044456.1,441812625.35,,19644242.03,166663740.63,219307726.89,4533891.03,0.0,10997121.39
2019-11-22,4108044456.1,441423130.32,0.0,19340843.77,166111703.01,208843018.36,5181827.17,0.0,10904462.26
2019-11-23,4108044456.1,443513860.54,0.0,19340843.77,167016703.01,208843018.36,5279180.32,0.0,10910867.14
2019-11-24,4108044456.1,443480963.43,0.0,19340843.77,168411268.79,208843018.36,5279180.32,0.0,11544242.67
2019-11-25,4108044456.1,457785767.07,0.0,20438129.88,168345197.99,206599798.42,5279180.32,0.0,13567899.24
2019-11-26,4108044456.1,458893970.51,0.0,20469531.0,167510158.18,206362755.81,5279180.32,0.0,14173309.95
2019-11-27,4108044456.1,464478710.25,0.0,20287620.15,163029696.63,210286850.16,5191431.87,0.0,14658400.34
2019-11-28,4108044456.1,455201600.38,0.0,19423379.27,163000297.77,208098011.13,5070924.57,0.0,14203911.72
2019-11-29,4108044456.1,452854019.63,0.0,17981168.17,162860965.84,218729494.03,5071805.2,0.0,14025883.22
2019-11-30,4108044456.1,455125431.66,0.0,17981168.17,162714528.33,218729494.03,5071805.2,0.0,13879248.22
2019-12-01,4108044456.1,456348132.62,0.0,17981168.17,162177079.96,218729494.03,5171805.2,0.0,13701172.4
2019-12-02,4108044456.1,457076080.45,0.0,19151692.59,162061393.25,236706086.66,5154143.62,0.0,13574468.71
2019-12-03,4108044456.1,445070648.96,0.0,18694201.96,157879330.85,241733052.68,4119123.89,0.0,13577097.45
2019-12-04,4108044456.1,462753667.38,0.0,18034069.74,157932570.67,240126716.12,4126699.39,0.0,13247184.31
2019-12-05,4108044456.1,463201009.34,0.0,18314378.78,158476681.58,234353871.01,4120542.33,0.0,12987594.96
2019-12-06,4108044456.1,463430731.64,0.0,18397214.17,161192711.72,235668846.66,4120149.15,0.0,12879790.69
2019-12-07,4108044456.1,462910608.43,0.0,18397214.17,160365453.01,235668846.66,4120149.15,0.0,12881922.66
2019-12-08,4108044456.1,462227349.96,0.0,18397214.17,160789430.48,235668846.66,4120149.15,0.0,12854088.43
2019-12-09,4108044456.1,482937759.79,0.0,18276098.61,160726523.38,236658766.43,4120149.15,0.0,12516698.81
2019-12-10,4108044456.1,478938905.55,0.0,19880907.31,160856570.96,237515358.91,4120149.15,0.0,12486612.89
2019-12-11,4108044456.1,474730687.7,0.0,18243196.03,159793573.56,234018377.45,4016320.91,0.0,11019687.38
2019-12-12,4108044456.1,474137899.26,0.0,17831995.27,159657699.66,233437252.2,4016320.91,0.0,11063170.08
2019-12-13,4108044456.1,472241784.04,0.0,17490827.1,159629692.78,228917823.26,4029623.68,0.0,11131202.72
2019-12-14,4108044456.1,472322412.55,0.0,17490827.1,159754039.91,228917823.26,4029623.68,0.0,11162948.66
2019-12-15,4108044456.1,473533013.69,0.0,17490827.1,159819880.03,228917823.26,4029623.68,0.0,11468610.0
2019-12-16,4108044456.1,465329801.52,0.0,16839019.31,154627386.62,237175053.93,4029623.68,0.0,11288528.41
2019-12-17,4108044456.1,460191065.43,0.0,17910802.7,153102144.26,239404557.33,3973055.33,0.0,11332067.89
2019-12-18,4108044456.1,472237266.15,0.0,17619913.18,156090510.0,241035025.07,3774261.42,0.0,11487084.62
2019-12-19,4108044456.1,508292307.12,0.0,18136483.79,157023821.04,236933931.09,3767310.68,0.0,11078564.25
2019-12-20,4108044456.1,521004342.5,0.0,17512495.69,157252250.95,236795902.19,3764006.32,0.0,11529886.91
2019-12-21,4108044456.1,520869964.24,0.0,17512495.69,157696390.43,236795902.19,3764006.32,0.0,11513828.93
2019-12-22,4108044456.1,521290092.01,0.0,17512495.69,157941392.71,236795902.19,3764006.32,0.0,11508063.0
2019-12-23,4108044456.1,520036651.91,0.0,17176835.86,156659589.29,236388084.87,3738684.35,0.0,11501622.41
2019-12-24,4108044456.1,516567080.36,0.0,17008196.03,155806110.45,231869488.11,3738684.35,0.0,11283634.62
2019-12-25,4108044456.1,515962434.79,0.0,17008196.03,156156110.45,231869488.11,3738684.35,0.0,12001611.53
2019-12-26,4108044456.1,515683190.81,0.0,17008196.03,155746575.2,225386920.67,3899808.92,0.0,11669913.16
2019-12-27,4108044456.1,517886404.08,0.0,17008196.03,154027623.39,222612177.45,3903374.66,0.0,11549674.88
2019-12-28,4108044456.1,517423577.32,0.0,17008196.03,154011650.31,222612177.45,3903374.66,0.0,11527469.22
2019-12-29,4108044456.1,518201964.12,0.0,17008196.03,153911651.84,222612177.45,3903374.66,0.0,11533537.68
2019-12-30,4108044456.1,516519167.92,0.0,17008196.03,153771261.47,224514139.29,3746264.17,0.0,11260936.16
2019-12-31,4108044456.1,516597712.16,0.0,17008196.03,154057617.1,223522070.08,3846135.19,0.0,11396799.32
2020-01-01,4108044456.1,514892050.37,0.0,17008196.03,153642618.64,223522070.08,3746106.42,0.0,11263464.35
2020-01-02,4108044456.1,514873589.18,0.0,17008196.03,152895619.89,220343909.73,3746807.92,0.0,10746315.91
2020-01-03,4108044456.1,514343809.4,0.0,17008196.03,153052701.78,252336306.8,3746331.38,0.0,10678983.26
2020-01-04,4108044456.1,514089906.23,0.0,17008196.03,152844073.68,252336306.8,3745536.03,0.0,9847145.01
2020-01-05,4108044456.1,513906091.31,0.0,17008196.03,153152914.87,252336306.8,3745536.03,0.0,9742667.48
2020-01-06,4625593625.76,509833691.1,0.0,26679835.25,152189956.4,258310473.95,3987240.26,0.0,9337544.2
2020-01-07,4625593625.76,478579691.51,0.0,26923631.74,152540459.32,263962810.44,3987240.26,0.0,9528956.98
2020-01-08,4611062758.45,461084630.47,0.0,24872655.31,147285786.14,265343335.62,4001144.6,0.0,8556846.18
2020-01-09,4611062758.45,456826963.72,0.0,24716699.16,147481146.98,258635526.03,4094473.55,0.0,8933538.06
2020-01-10,4626062758.45,444136989.39,0.0,23959322.08,148919972.57,243447360.92,4051602.8,0.0,8913045.75
2020-01-11,4626062758.45,446116400.74,0.0,23959322.08,149038463.33,243447360.92,3936711.54,0.0,8473559.41
2020-01-12,4626141489.19,445555955.93,0.0,23959322.08,149423768.33,243447360.92,4706711.54,0.0,8362720.85
2020-01-13,4626681489.19,442753014.98,0.0,23264578.55,146810505.53,231606688.21,4762786.0,0.0,8379998.27
2020-01-14,4626681489.19,427631063.24,0.0,22643246.56,148591105.01,232261344.85,4909520.28,0.0,7088351.46
2020-01-15,4633024246.29,446173217.45,0.0,20055525.84,147747327.34,223871003.68,4244097.86,0.0,8131953.03
2020-01-16,4637028246.29,444008047.62,0.0,18693528.85,147889020.5,231765439.99,4219688.04,0.0,8074485.56
2020-01-17,4637028246.29,436540583.94,0.0,25484627.36,145475357.33,222720000.05,4119247.68,0.0,6717961.82
2020-01-18,4637207582.95,438216878.57,0.0,25484627.36,144003798.74,222720000.05,4119247.68,0.0,6980739.51
2020-01-19,4637207582.95,437963995.44,0.0,25484627.36,143273062.92,222720000.05,4119247.68,0.0,6692434.35
2020-01-20,4637207582.95,438280367.83,0.0,34390601.81,142294251.46,218523600.35,4119247.68,0.0,6483794.07
2020-01-21,4642367414.0,439863087.69,97051966.56,26881814.13,139236278.07,213791046.34,4119247.68,0.0,7078036.38
2020-01-22,4642367414.0,452226286.7,97051966.56,25643402.87,139044782.42,210262959.3,4098009.48,0.0,6915762.57
2020-01-23,4642367414.0,443637388.69,99441190.33,25168405.14,138865256.14,210047506.41,4098009.48,0.0,6624180.65
2020-01-24,4642367414.0,443636554.11,100099233.99,23605815.76,139198485.31,209453968.83,4098009.48,0.0,6915278.19
2020-01-25,4642367414.0,443759897.64,100512789.37,23605815.76,139439522.16,209453968.83,4098009.48,0.0,7130039.92
2020-01-26,4642367414.0,443206794.18,100960380.72,23605815.76,139013217.16,209453968.83,4098009.48,0.0,6501680.55
2020-01-27,4642367414.0,441031723.69,102304551.11,21788499.92,140881100.9,208648436.12,4198009.48,0.0,6567528.2
2020-01-28,4642367414.0,441352939.73,104081654.04,20780944.44,141139203.14,214720044.04,4198009.48,0.0,6986961.72
2020-01-29,4642367414.0,440938233.19,104574782.46,18719648.82,140117602.02,218390395.59,4198009.48,0.0,8271252.05
2020-01-30,4642367414.0,434105143.02,106086330.22,17949301.66,135592227.36,227843747.28,4308358.22,0.0,7850210.76
2020-01-31,4642367414.0,436794233.43,106420989.03,16651765.1,135679205.58,226306939.41,4612448.85,0.0,7781002.69
2020-02-01,4642367414.0,434976028.51,106759170.08,16651765.1,136899655.86,226306939.41,4612448.85,0.0,7795958.72
2020-02-02,4642367414.0,433546564.19,105665943.01,16651765.1,135954916.21,226306939.41,4612448.85,0.0,7983451.81
2020-02-03,4642367414.0,431796983.69,106592384.32,22519545.38,138186393.03,223774868.76,4612448.85,0.0,7376007.01
2020-02-04,4642367414.0,430502418.69,109052541.15,21265381.75,137308174.3,221570886.16,4712954.06,0.0,7379595.01
2020-02-05,4642367414.0,422461592.45,110574311.36,19633209.56,138760334.63,220004272.79,4752954.06,0.0,6502072.32
2020-02-06,4642367414.0,421414395.3,110746474.54,16402103.62,139034358.94,226048097.86,5138109.94,0.0,6137564.57
2020-02-07,4642367414.0,419764942.68,111736231.74,32949400.08,139027166.13,214203289.53,4885134.79,0.0,6093433.4
2020-02-08,4642367414.0,418317988.32,112787078.41,29962205.09,139536310.77,220361274.15,4885134.79,0.0,6069732.29
2020-02-09,4642367414.0,422195769.82,113834703.89,29962205.09,139520603.78,220361274.15,4710784.17,0.0,5885621.59
2020-02-10,4642367414.0,417774417.16,114269271.98,22047350.77,138580665.77,217022101.97,4775574.99,0.0,5748725.0
2020-02-11,4642367414.0,418696065.18,115776392.1,19776512.52,140638924.97,219329674.3,4775574.99,0.0,5405371.89
2020-02-12,4642367414.0,426593734.63,118654653.26,17556416.2,140486551.32,214267960.17,4764305.9,0.0,5294476.84
2020-02-13,4642367414.0,425294911.96,121593617.67,17556416.2,143258992.56,215284532.7,4964305.9,0.0,5038759.95
2020-02-14,4642367414.0,426325701.35,124023932.82,17556416.2,142390139.24,208848528.4,5090633.5,0.0,5606609.94
2020-02-15,4642367414.0,425656373.26,125459377.66,17556416.2,142626241.9,208848528.4,5090633.5,0.0,5745775.43
2020-02-16,4642367414.0,425627483.22,126715190.99,17556416.2,142846608.14,208848528.4,5090633.5,0.0,5905036.17
2020-02-17,4642367414.0,425766375.02,125822292.53,17556416.2,142823861.42,210164888.16,4664432.99,0.0,5470029.12
2020-02-18,4642367414.0,429856392.1,121616634.01,17556416.2,142377029.92,209405987.09,4562583.36,0.0,5629641.34
2020-02-19,4642367414.0,431163708.49,120151349.77,17556416.2,142286892.12,212342375.3,4530405.64,0.0,5682499.45
2020-02-20,4642367414.0,420428944.09,120024980.9,17556416.2,138073250.39,218349006.05,4530405.64,0.0,5556217.35
2020-02-21,4642367414.0,420528693.2,120275948.53,59640879.69,141602749.44,222862799.62,4077408.09,0.0,5556217.35
2020-02-22,4642367414.0,421940694.54,120077872.53,59640879.69,141117634.38,222862799.62,4177408.09,0.0,5556217.35
2020-02-23,4642367414.0,421463516.04,120987977.51,59640879.69,141512745.7,222862799.62,4177408.09,0.0,5556217.35
2020-02-24,4642367414.0,422317311.5,120588886.0,59640879.69,140964130.52,203848424.44,4089102.22,0.0,5556217.35
2020-02-25,4642367414.0,423435422.5,123503403.88,59640879.69,142534965.66,201592707.45,4141546.87,0.0,5556217.35
2020-02-26,4642367414.0,425245097.43,121993648.48,63550970.78,141705626.43,199042579.37,4136559.75,0.0,5556217.35
2020-02-27,4642367414.0,438367206.91,121759181.42,69889998.54,141528349.29,201856857.6,3943520.25,0.0,5556217.35
2020-02-28,4642367414.0,439327963.78,119404188.47,70338972.78,142564277.5,199687395.41,3968720.25,0.0,5556217.35
2020-02-29,4642367414.0,439085403.94,118998401.13,68276678.82,142831353.77,199687395.41,3968720.25,0.0,5556217.35
2020-03-01,4642367414.0,438814179.06,116712930.41,68276678.82,142198297.86,199000157.9,3968720.25,0.0,5556217.35
2020-03-02,4642367414.0,451395554.29,117205798.49,73480816.96,141442098.1,191106257.39,3833231.93,0.0,5556217.35
2020-03-03,4642367414.0,451891629.58,117252582.47,78158832.89,141086959.0,189550642.88,3933231.93,0.0,5556217.35
2020-03-04,4642367414.0,462837758.81,117525196.11,86104684.42,135708237.64,190959493.49,3900374.62,0.0,5390973.6
2020-03-05,4642367414.0,457965760.83,117437503.41,83904309.45,137359276.13,188531175.14,3962410.91,0.0,4612110.69
2020-03-06,4642367414.0,459852907.3,121005315.62,90704218.33,137753856.75,192349504.64,4153254.58,0.0,4474605.93
2020-03-07,4642367414.0,459648242.74,121620490.44,90704218.33,137788791.91,192272973.63,4153254.58,0.0,4405724.94
2020-03-08,4642367414.0,460681051.31,121356272.66,90704218.33,138992163.27,192272973.63,4153254.58,0.0,4405710.04
2020-03-09,4642367414.0,454365123.95,119013655.77,97678590.47,129297782.24,200359024.08,4467589.46,0.0,4263078.9
2020-03-10,4642367414.0,451867087.04,118685524.35,114290281.82,128395370.89,205016677.08,4189864.88,0.0,2860052.65
2020-03-11,4642367414.0,462829794.19,116732280.61,113423051.36,129074595.68,209207829.03,4307191.71,0.0,4110414.14
2020-03-12,4642367414.0,494056715.33,105881818.85,107214746.73,129386282.44,193346999.36,4509840.28,0.0,3705303.54
2020-03-13,4642367414.0,462863561.52,96855344.56,107326328.13,128823986.16,214306403.44,4417754.7,0.0,4003709.59
2020-03-14,4642367414.0,556880607.4,94327305.73,133125064.77,133900378.06,221965106.73,4599897.62,0.0,4303658.88
2020-03-15,4642367414.0,577243722.2,95994479.61,126147223.26,132894283.87,222852532.43,4599897.62,0.0,4532027.49
2020-03-16,4642367414.0,598790368.84,90824947.82,136758309.16,135563678.8,215968685.79,4473767.22,0.0,4320921.23
2020-03-17,4642367414.0,622920167.43,91321559.48,156909763.05,136805873.5,219690408.93,4596557.02,0.0,4180180.09
2020-03-18,4642367414.0,624885305.74,93199135.72,156578666.02,136460466.39,224132016.95,4516304.64,0.0,4550422.76
2020-03-19,4642367414.0,638739498.19,80972283.33,161795903.89,137950387.25,230253434.73,6013825.33,0.0,4417701.69
2020-03-20,4642367414.0,641408094.02,83209265.47,171138408.31,137940483.29,226578576.63,4454653.68,0.0,3951636.72
2020-03-21,4642367414.0,665662329.57,83225254.51,171138408.31,138853285.71,226578576.63,4454653.68,0.0,3967678.7
2020-03-22,4642367414.0,665525754.15,80889806.83,173231872.23,139188966.79,227100247.94,4454653.68,0.0,3953003.37
2020-03-23,4642367414.0,668374764.99,80471990.15,178957881.91,141013936.2,241875962.57,5891464.51,0.0,4210517.35
2020-03-24,4642367414.0,686224330.48,80308081.79,183581872.89,134181335.8,260365469.96,5854135.27,0.0,4135627.82
2020-03-25,4642367414.0,684993953.4,80853573.02,183016397.29,140479782.08,262758462.79,5723215.24,0.0,4083690.99
2020-03-26,4642367414.0,681486069.88,81451849.77,192149979.89,140303013.12,254891271.79,5827461.57,0.0,4083690.99
2020-03-27,4642367414.0,683169653.79,80914726.42,185346233.17,139149871.08,250023279.58,6016539.42,0.0,4079220.49
2020-03-28,4642367414.0,682530863.96,81518089.79,185346233.17,138810700.62,250023279.58,6016539.42,0.0,4079220.49
2020-03-29,4642367414.0,690191184.99,81169194.66,181488950.77,137136672.74,246981003.87,6016539.42,0.0,3820707.2
2020-03-30,4642367414.0,688139018.73,81781130.62,180489487.84,136389747.37,239883190.57,6016539.42,0.0,4095974.48
2020-03-31,6166094189.58,686922507.0,83109720.54,187790574.09,136869146.16,243237235.68,5843189.38,0.0,4653432.82
2020-04-01,6166094189.58,687926025.93,82784826.51,206686860.31,136218153.4,244951954.49,5843189.38,0.0,4792874.96
2020-04-02,6166094189.58,689239210.64,85793872.3,203695621.4,136465462.8,244951954.49,5619840.51,0.0,4730510.94
2020-04-03,6166094189.58,698594036.51,85978976.01,198095220.9,135557852.86,244951954.49,5732758.44,0.0,4814001.25
2020-04-04,6166094189.58,697829374.05,86810592.06,198095220.9,135627577.91,244951954.49,5732758.44,0.0,4767626.22
2020-04-05,6166094189.58,695473725.73,86133246.95,198095220.9,136038732.47,244951954.49,5732758.44,0.0,4784088.87
2020-04-06,6361032509.0,681777048.25,86726735.05,187887849.67,136590922.31,244951954.49,5592533.77,0.0,5104992.26
2020-04-07,6361032509.0,690565941.7,79713927.14,178278549.51,136356391.13,244951954.49,5738065.9,0.0,5881156.21
2020-04-08,6361032509.0,709773774.14,78903500.5,180104380.72,137036318.84,244951954.49,6121545.9,0.0,6392861.34
2020-04-09,6361032509.0,707847274.05,79633212.08,181500366.75,136125891.28,244951954.49,6292212.26,0.0,5731732.03
2020-04-10,6361032509.0,705742286.16,79630905.57,186610640.9,135759730.7,244951954.49,6358064.7,0.0,4660255.78
2020-04-11,6361032509.0,705793954.36,79649696.89,186610640.9,136459255.3,244951954.49,6358064.7,0.0,4660255.78
2020-04-12,6361032509.0,702570723.83,79758437.19,188455684.71,136738846.03,244951954.49,6366328.46,0.0,4660255.78
2020-04-13,6361032509.0,720848437.69,79706561.72,188562401.4,137531257.27,244951954.49,6466228.46,0.0,5553600.77
2020-04-14,6361032509.0,731834357.54,80008797.85,197590879.66,137618843.51,244951954.49,6466228.46,0.0,5620601.85
2020-04-15,6361032509.0,729249179.7,80440192.32,198560550.11,137491148.84,244951954.49,6466228.46,0.0,5237702.69
2020-04-16,6361032509.0,728295938.2,80956120.54,199410006.74,137188419.75,244951954.49,6516237.41,0.0,5199393.92
2020-04-17,6361032509.0,725301333.88,80993662.99,205405408.42,137171587.35,244951954.49,6516237.41,0.0,5392927.51
2020-04-18,6361032509.0,725093213.79,82698466.95,206006841.84,137729318.55,244951954.49,6516237.41,0.0,5435111.49
2020-04-19,6361032509.0,723257420.47,86769814.72,204498053.95,137582339.03,244951954.49,6598181.96,0.0,5328981.1
2020-04-20,6361032509.0,732605902.11,87919992.03,197298823.3,134513377.46,244951954.49,6494012.91,0.0,5310671.77
2020-04-21,6361032509.0,722910852.04,89048167.26,196973924.0,132641773.77,244951954.49,6144414.23,0.0,6005239.44
2020-04-22,6361032509.0,721974530.84,89164088.89,193223818.78,131841629.66,244951954.49,5750906.35,0.0,6117199.9
2020-04-23,6361032509.0,731499281.35,92927561.23,186565777.29,131842580.56,244951954.49,5770999.35,0.0,6140545.71
2020-04-24,6361032509.0,750158951.07,95001702.37,180220082.66,130985198.91,244951954.49,5767637.52,0.0,5659556.4
2020-04-25,6361032509.0,751388190.96,95558217.21,190748647.59,131716094.05,244951954.49,5884964.1,0.0,4872547.1
2020-04-26,6361032509.0,750290102.68,96616302.36,195255128.41,131549591.03,244951954.49,5884964.1,0.0,4801754.93
2020-04-27,6361032509.0,748958606.54,96419992.38,192738442.86,131962016.83,244951954.49,5425836.03,0.0,4165507.03
2020-04-28,6361032509.0,728395436.39,96875712.85,193771489.45,134374620.21,244951954.49,5555110.04,0.0,4451173.17
2020-04-29,6361032509.0,722011498.34,99412718.99,190177306.11,135583627.79,244951954.49,5887375.06,148204508.24,5209593.41
2020-04-30,6361032509.0,722876808.73,99428809.95,176405207.58,137377115.16,244951954.49,5947742.64,148204508.24,5167362.38
2020-05-01,6361032509.0,707929826.64,98499420.29,168989602.74,133430760.56,244951954.49,5682442.36,148204508.24,4938588.44
2020-05-02,6361032509.0,706931675.03,108253470.99,178167162.27,133097978.15,244951954.49,5682442.36,148204508.24,4783920.13
2020-05-03,6361032509.0,706331998.94,110835435.13,180765483.1,133637570.0,244951954.49,5682442.36,148204508.24,4918690.5
2020-05-04,6361032509.0,706239390.0,110976631.08,178041177.65,137381003.68,244951954.49,5682442.36,148204508.24,5116936.47
2020-05-05,6361032509.0,706239390.0,111409193.02,178041177.65,137381003.68,244951954.49,5682442.36,133606068.48,5024614.68
2020-05-06,6361032509.0,706239390.0,111205304.31,178041177.65,137381003.68,244951954.49,5682442.36,133606068.48,7532890.74
2020-05-07,6361032509.0,706239390.0,111540569.33,178041177.65,137381003.68,244951954.49,5682442.36,133606068.48,6652773.89
2020-05-08,6361032509.0,706239390.0,111188533.71,178041177.65,137381003.68,244951954.49,5682442.36,133606068.48,6851213.61
2020-05-09,6361032509.0,706239390.0,112031252.62,178041177.65,137381003.68,244951954.49,5682442.36,133606068.48,6978778.43
2020-05-10,6361032509.0,706239390.0,109226103.48,178041177.65,137381003.68,244951954.49,5682442.36,133606068.48,6829571.29
2020-05-11,6361032509.0,706239390.0,108557637.67,178041177.65,137381003.68,244951954.49,5682442.36,133606068.48,6953321.69
2020-05-12,6361032509.0,706239390.0,108228895.34,178041177.65,137381003.68,244951954.49,5682442.36,133606068.48,6895896.54
2020-05-13,6361032509.0,706239390.0,107346543.69,178041177.65,137381003.68,244951954.49,5682442.36,133606068.48,7269645.14
2020-05-14,8798069379.47,706239390.0,109133171.72,178041177.65,137381003.68,244951954.49,5682442.36,133606068.48,6606921.62
2020-05-15,8798069379.47,706239390.0,109303696.63,178041177.65,137381003.68,244951954.49,5682442.36,133606068.48,6596978.4
2020-05-16,8798069379.47,706239390.0,109732712.5,178041177.65,137381003.68,244951954.49,5682442.36,133606068.48,6657593.34
2020-05-17,8798069379.47,706239390.0,110257312.07,178041177.65,137381003.68,244951954.49,5682442.36,133606068.48,6658371.87
2020-05-18,8798069379.47,706239390.0,113844419.98,178041177.65,137381003.68,244951954.49,5682442.36,133606068.48,6729600.72
2020-05-19,8798069379.47,706239390.0,114190806.46,178041177.65,137381003.68,244951954.49,5682442.36,133606068.48,7558192.3
2020-05-20,8798069379.47,706239390.0,119766609.46,178041177.65,137381003.68,244951954.49,5682442.36,133606068.48,6769570.25
2020-05-21,8798069379.47,706239390.0,118833803.5,178041177.65,137381003.68,244951954.49,5682442.36,133606068.48,6942519.5
2020-05-22,8798069379.47,706239390.0,123712216.5,178041177.65,137381003.68,244951954.49,5682442.36,133606068.48,6985824.73
2020-05-23,8798069379.47,706239390.0,120651048.77,178041177.65,137381003.68,244951954.49,5682442.36,133606068.48,6963090.07
2020-05-24,8798069379.47,706239390.0,120597692.21,178041177.65,137381003.68,244951954.49,5682442.36,133606068.48,6675758.11
2020-05-25,8798069379.47,706239390.0,120527403.53,178041177.65,137381003.68,244951954.49,5682442.36,133606068.48,7946991.39
2020-05-26,8798069379.47,746199597.98,119435030.91,188515279.11,138480221.75,244951954.49,7333886.48,127322491.64,8067731.37
2020-05-27,8798069379.47,734935281.6,119901943.87,189793247.94,139350830.43,244951954.49,9092066.93,122483091.12,7910159.33
2020-05-28,8798069379.47,739186167.68,119995436.23,183702199.55,137101296.71,244951954.49,9218175.73,121477177.36,7454663.41
2020-05-29,8798069379.47,741783810.97,121512193.99,171665940.83,136597687.06,244951954.49,10036783.4,116616367.31,7683223.6
2020-05-30,8798069379.47,741759632.9,124926231.74,171665940.83,136840795.06,244951954.49,9857558.9,120870482.63,7460073.93
2020-05-31,8798069379.47,726753588.68,129743799.56,171665940.83,137095854.25,244951954.49,9857558.9,121653570.37,7438847.77
2020-06-01,8798069379.47,725273102.16,124210022.06,168809508.34,137552589.59,244951954.49,9297281.84,118441840.61,7462798.28
2020-06-02,9187991662.61,734205913.5,121178540.21,165890469.54,137945061.32,244951954.49,9898567.19,115859655.42,7546430.49
2020-06-03,9187991662.61,732044240.07,131704668.37,173769899.14,137985392.93,244951954.49,9894829.53,114019439.52,7368012.68
2020-06-04,9187991662.61,735089741.75,131525087.82,169567686.96,137972648.12,244951954.49,9944829.53,117417565.39,7393650.87
2020-06-05,9187991662.61,734995503.92,131777191.22,167116131.28,136786816.28,244951954.49,10128499.04,114936080.07,7905170.14
2020-06-06,9187991662.61,734332440.31,131885383.73,167116131.28,136726144.39,244951954.49,10223212.07,115897005.41,8073955.57
2020-06-07,9187991662.61,734331761.73,134851792.73,167116131.28,137039690.39,244951954.49,10309029.75,121982503.35,7724693.84
2020-06-08,9187991662.61,736582414.58,122868622.91,169613586.56,137350961.36,244951954.49,10495029.75,118634563.93,8105574.56
2020-06-09,9187991662.61,740194913.66,120647574.64,168088991.21,137933522.27,244951954.49,10729987.58,120141436.21,8796236.1
2020-06-10,9187991662.61,730444557.0,120899957.48,178506549.92,138625859.6,244951954.49,9966885.06,121905961.17,9057961.51
2020-06-11,9187991662.61,732244557.91,125484799.35,163464820.68,137709056.14,244951954.49,9836276.16,118903716.29,9257124.59
2020-06-12,9187991662.61,732244557.91,125484799.35,163464820.68,137709056.14,244951954.49,9836276.16,118903716.29,9274404.49
2020-06-13,9187991662.61,732244557.91,125484799.35,163464820.68,137709056.14,244951954.49,9836276.16,118903716.29,9180278.26
2020-06-14,9187991662.61,732244557.91,125484799.35,163464820.68,137709056.14,244951954.49,9836276.16,118903716.29,9326844.3
2020-06-15,9187991662.61,732244557.91,125484799.35,163464820.68,137709056.14,244951954.49,9836276.16,118903716.29,10383342.27
2020-06-16,9187991662.61,732244557.91,125484799.35,163464820.68,137709056.14,244951954.49,9836276.16,118903716.29,11420287.42
2020-06-17,9187991662.61,732244557.91,125484799.35,163464820.68,137709056.14,244951954.49,9836276.16,118903716.29,13687460.52
2020-06-18,9187991662.61,732244557.91,125484799.35,163464820.68,137709056.14,244951954.49,9836276.16,118903716.29,13414000.82
2020-06-19,9187991662.61,732244557.91,125484799.35,163464820.68,137709056.14,244951954.49,9836276.16,118903716.29,12703347.74
2020-06-20,9187991662.61,732244557.91,125484799.35,163464820.68,137709056.14,244951954.49,9836276.16,118903716.29,12794119.86
2020-06-21,9187991662.61,732244557.91,125484799.35,163464820.68,137709056.14,244951954.49,9836276.16,118903716.29,13084760.22
2020-06-22,9187991662.61,926919889.2,127422185.85,165795673.2,144318530.54,244951954.49,10036580.25,118432479.36,12784250.93
2020-06-23,9187991662.61,926919889.2,127422185.85,165795673.2,144318530.54,244951954.49,10036580.25,118432479.36,13853616.84
2020-06-24,9187991662.61,926919889.2,127422185.85,165795673.2,144318530.54,244951954.49,10036580.25,118432479.36,20351021.92
2020-06-25,9187991662.61,926919889.2,127422185.85,165795673.2,144318530.54,244951954.49,10036580.25,118432479.36,20767697.33
2020-06-26,9187991662.61,926919889.2,127422185.85,165795673.2,144318530.54,244951954.49,10036580.25,118432479.36,21155128.93
2020-06-27,9187991662.61,926919889.2,127422185.85,165795673.2,144318530.54,244951954.49,10036580.25,118432479.36,21102329.7
2020-06-28,9187991662.61,926919889.2,127422185.85,165795673.2,144318530.54,244951954.49,10036580.25,118432479.36,20968391.48
2020-06-29,9187991662.61,926919889.2,127422185.85,165795673.2,144318530.54,244951954.49,10036580.25,118432479.36,20239814.36
2020-06-30,9187991662.61,926919889.2,127422185.85,165795673.2,144318530.54,244951954.49,10036580.25,118432479.36,21057502.08
2020-07-01,9187991662.61,926919889.2,127422185.85,165795673.2,144318530.54,244951954.49,10036580.25,118432479.36,22510653.08
2020-07-02,9187991662.61,991528436.41,150213693.88,177692659.1,140943983.95,244951954.49,10005270.21,117753114.3,22510653.08
2020-07-03,9187991662.61,1031803666.25,161652283.61,168685985.88,141520937.34,244951954.49,10089402.97,116954180.17,22510653.08
2020-07-04,9187991662.61,1031926192.88,170258090.86,168685985.88,141384192.88,244951954.49,10089402.97,120464882.14,22510653.08
2020-07-05,9187991662.61,1031791330.92,173703132.94,174093733.28,140804699.27,244951954.49,10136651.07,121261160.13,22510653.08
2020-07-06,9187991662.61,1040480053.97,178447641.62,174242580.3,140556494.2,244951954.49,10217358.43,122454009.39,22510653.08
2020-07-07,9187991662.61,1038654232.02,184080560.29,172952472.46,140647644.84,244951954.49,10255326.41,128272148.94,22510653.08
2020-07-08,9187991662.61,1062612703.27,185334123.51,178717339.89,140047356.05,244951954.49,10341397.18,128388796.64,22510653.08
2020-07-09,9187991662.61,1092234883.93,185783368.8,167162164.88,137898485.16,244951954.49,10341397.18,118186591.04,22510653.08
2020-07-10,9187991662.61,1093375998.74,188497145.99,165838377.69,137143699.06,244951954.49,10341397.18,115359862.1,22510653.08
2020-07-11,9187991662.61,1101964145.31,197315644.79,173496178.45,137013225.85,244951954.49,10341397.18,117485402.1,22510653.08
2020-07-12,9187991662.61,1101959713.32,190260526.35,173496178.45,137916837.0,244951954.49,10428793.87,121555480.87,22510653.08
2020-07-13,9187991662.61,1100928857.57,195183503.12,165721200.1,135929724.01,244951954.49,10327424.8,115878905.68,22510653.08
2020-07-14,9187991662.61,1096423786.85,196104686.91,162637310.43,138237842.93,244951954.49,10977424.8,118603335.35,22510653.08
2020-07-15,9187991662.61,1102038403.86,197770293.93,163183290.38,136736248.69,244951954.49,10835648.42,113294845.01,22510653.08
2020-07-16,9187991662.61,1099198778.7,198580163.15,166701958.98,134314620.6,244951954.49,11247856.63,108504996.89,22510653.08
2020-07-17,9187991662.61,1100758448.52,207343444.11,172004271.44,133540543.89,244951954.49,11247856.63,106873534.46,22510653.08
2020-07-18,9187991662.61,1119984182.01,209331542.28,174565506.78,143578617.17,244951954.49,11341467.23,116063214.02,22510653.08
2020-07-19,9187991662.61,1119902316.16,218482969.23,184946769.3,172145700.63,244951954.49,11341467.23,116764511.2,22510653.08
2020-07-20,9187991662.61,1119902316.16,218080870.44,184946769.3,163949737.63,244951954.49,11341467.23,116854536.2,22510653.08
2020-07-21,9187991662.61,1113230680.56,220262305.81,183203833.4,174570080.6,244951954.49,11687545.9,116200716.29,22510653.08
2020-07-22,9998221723.19,1113313963.92,217226283.56,185474403.66,189057639.72,244951954.49,11768575.59,117966591.42,22510653.08
2020-07-23,9998221723.19,1108295856.26,256066890.16,176753077.57,222439807.99,244951954.49,11768575.59,119838202.93,22510653.08
2020-07-24,9998221723.19,1104682185.23,276604976.75,178080603.84,240203376.93,244951954.49,11733059.44,124005979.44,22510653.08
2020-07-25,9998221723.19,1103989994.38,250915350.72,178080603.84,239543667.1,244951954.49,11803059.44,131341456.88,22510653.08
2020-07-26,9998221723.19,1162915599.71,274490893.17,171922175.46,227129551.59,244951954.49,11803059.44,130387824.6,22510653.08
2020-07-27,9998221723.19,1167866299.12,283407927.3,169295142.85,184547920.62,244951954.49,10493795.61,132500804.35,22510653.08
2020-07-28,9998221723.19,1164969679.74,295546798.43,148411197.55,184700501.04,244951954.49,10586691.84,131460690.94,22510653.08
2020-07-29,9998221723.19,1161121811.93,320606261.51,151547934.36,186288493.37,244951954.49,10586691.84,133513879.84,22510653.08
2020-07-30,9998221723.19,1142254948.29,336911384.45,147007845.24,196026403.97,244951954.49,10854552.7,131005541.57,22510653.08
2020-07-31,9998221723.19,1075831756.61,363616325.26,159231367.05,206484507.97,244951954.49,11039915.24,134854728.36,22510653.08
2020-08-01,9998221723.19,1082156118.29,362491461.81,152158483.6,217312890.0,244951954.49,11039915.24,137786545.15,22510653.08
2020-08-02,9998221723.19,1090560419.59,363013055.79,161639983.3,218683335.46,244951954.49,10921710.87,127011996.56,22510653.08
2020-08-03,9998221723.19,1077402753.19,380851404.54,157565919.72,205585820.22,244951954.49,10871505.65,129673632.55,22510653.08
2020-08-04,9998221723.19,1076259224.96,380650246.79,159511593.67,204084089.64,244951954.49,10867066.64,127276162.68,22510653.08
2020-08-05,9998221723.19,1075469534.25,384440917.75,163227641.78,198313898.2,244951954.49,10867066.64,136174023.95,22510653.08
2020-08-06,9998221723.19,1090188610.22,374876375.84,163329539.45,199327978.64,244951954.49,10867066.64,139752616.55,22510653.08
2020-08-07,9998221723.19,1106495505.12,377531324.93,165545914.61,203703533.29,244951954.49,11875538.78,138767397.65,22510653.08
2020-08-08,9998221723.19,1144719350.99,376378403.99,178996750.76,209296093.59,244951954.49,11875538.78,138043780.61,22510653.08
2020-08-09,9998221723.19,1143129786.88,376319781.93,180166092.07,209582479.21,244951954.49,12056333.41,139325516.61,22510653.08
2020-08-10,9998221723.19,1119346425.32,416911787.71,169711745.63,200401676.73,244951954.49,12244678.6,135624340.08,22510653.08
2020-08-11,9998221723.19,1128899085.03,418712846.01,160701989.7,193555058.99,244951954.49,12400985.9,131032999.35,22510653.08
2020-08-12,9998221723.19,1147869181.26,419888389.61,173459248.11,195452436.68,244951954.49,12584384.22,131349677.34,22510653.08
2020-08-13,9998221723.19,1174567139.33,429001885.43,179073439.41,192508530.92,244951954.49,9494448.27,131709934.99,22510653.08
2020-08-14,9998221723.19,1202080828.05,412108042.3,192755725.01,252992339.81,244951954.49,9577182.18,135898289.08,22510653.08
2020-08-15,9998221723.19,1199104552.14,412656781.86,188740770.86,273764168.35,244951954.49,9577182.18,134131932.38,22510653.08
2020-08-16,9998221723.19,1199069838.34,420559952.03,188740770.86,289495678.39,244951954.49,9577182.18,133536905.12,22510653.08
2020-08-17,9998221723.19,1217806748.61,426980227.86,200899646.53,282224853.52,244951954.49,9536207.05,133164250.56,22510653.08
2020-08-18,9998221723.19,1245243279.97,426589672.05,209579417.81,294137666.8,244951954.49,9910589.89,136606160.11,22510653.08
2020-08-19,9998221723.19,1271139921.22,419524507.77,195563314.63,301855156.98,244951954.49,9807323.49,130319082.31,22510653.08
2020-08-20,9998221723.19,1302606014.6,431096258.32,201312634.42,318606013.83,244951954.49,9837323.49,132998643.98,22510653.08
2020-08-21,9998221723.19,1331937324.97,433155237.04,197095954.99,331772337.66,244951954.49,9722050.38,134614780.4,22510653.08
2020-08-22,9998221723.19,1331257704.54,441385441.96,203516909.52,366592961.35,244951954.49,9811538.32,136781147.34,22510653.08
2020-08-23,9998221723.19,1350367011.07,442386671.07,213025939.96,382248564.4,244951954.49,9811538.32,137365389.75,22510653.08
2020-08-24,9998221723.19,1356730863.29,441781858.26,204202491.73,335057250.41,244951954.49,9909805.06,141778720.63,22510653.08
2020-08-25,9998221723.19,1375129697.59,444145488.43,197139083.3,376388068.81,244951954.49,9949580.3,142985118.95,22510653.08
2020-08-26,9998221723.19,1394714188.61,446717057.66,196158527.89,381319220.97,244951954.49,10918467.9,138326280.84,22510653.08
2020-08-27,9998221723.19,1419054330.17,444255883.09,199642374.5,349402235.51,244951954.49,10918467.9,135092166.24,22510653.08
2020-08-28,9998221723.19,1419239387.06,443726290.57,196111719.55,362143427.96,244951954.49,11001299.51,135855774.18,22510653.08
2020-08-29,9998221723.19,1459078194.41,437842868.41,187590837.51,383798103.04,244951954.49,11076299.51,134033015.1,22510653.08
2020-08-30,9998221723.19,1466969580.7,441436139.81,187590837.51,382241069.47,244951954.49,11076299.51,133301949.1,22510653.08
2020-08-31,13325642918.47,1471521438.74,443278720.76,190041130.72,337568439.27,244951954.49,11167055.57,132826716.57,22510653.08
2020-09-01,13430692319.07,1516401911.28,460467847.64,185158024.41,313857276.99,244951954.49,11374814.46,133408019.4,22510653.08
2020-09-02,13623762123.68,1517053955.47,487620076.43,184213303.17,314884080.43,244951954.49,11411222.91,133978822.13,22510653.08
2020-09-03,13751463499.83,1580859770.8,510957223.33,186541393.25,312081167.79,244951954.49,11743459.57,136572417.24,22510653.08
2020-09-04,13930974072.19,1645723755.22,457815833.32,193417058.67,309837587.68,244951954.49,11647257.77,141709930.08,22510653.08
2020-09-05,14090559427.01,1685507750.67,436593993.73,191981186.41,365530604.64,244951954.49,11647257.77,143824694.83,22510653.08
2020-09-06,14127559419.59,1725497788.39,423745079.07,197908990.38,379464256.63,244951954.49,11642745.79,145932672.36,22510653.08
2020-09-07,14145559419.59,1766576902.59,427188439.14,200821285.91,395324472.28,244951954.49,11642745.79,139529256.84,22510653.08
2020-09-08,14200158820.19,1786731177.15,427826065.86,215982043.24,374514513.46,244951954.49,11527611.65,140299947.49,22510653.08
2020-09-09,14332063126.07,1830127063.42,428236544.54,255508380.64,391245866.45,244951954.49,11612672.89,144171022.81,22510653.08
2020-09-10,14431925923.02,1844299609.18,446450570.23,288197293.57,420278007.45,244951954.49,12266012.41,143849984.38,22510653.08
2020-09-11,14572328845.1,1911276262.42,448527444.64,296548853.38,428922608.56,244951954.49,12348671.81,145312919.76,22510653.08
2020-09-12,14683231640.51,1951297350.59,459484661.2,299231526.82,444093783.47,244951954.49,12348671.81,147451910.34,22510653.08
2020-09-13,14709331640.51,1992118688.48,462630097.29,307993625.02,474059823.31,244951954.49,12348671.81,151663272.66,22510653.08
2020-09-14,14709331640.51,2012542483.14,523106874.8,352578425.44,488840379.46,244951954.49,12212182.16,146294393.87,22510653.08
2020-09-15,14908193415.89,2053604931.23,591397809.86,363906279.5,497339201.54,244951954.49,13464060.22,135487391.62,22510653.08
2020-09-16,14948443415.89,2075025874.92,569673233.14,384628942.75,514284505.12,244951954.49,13631305.79,131182922.92,22510653.08
2020-09-17,15044943415.89,2104162233.12,625874721.76,392858372.42,506691431.41,244951954.49,13693804.04,138539887.15,22510653.08
2020-09-18,15110798985.12,2175182354.15,633397368.69,395272032.49,506691431.41,244951954.49,13693804.04,142157188.79,22510653.08
2020-09-19,15197997786.32,2279870218.76,753644057.64,390522275.03,506691431.41,244951954.49,13733804.04,143689781.68,22510653.08
2020-09-20,15198406769.7,2319972011.74,801767724.99,404206595.37,506691431.41,244951954.49,13831361.73,147802690.48,22510653.08
2020-09-21,15194297786.31,2388053921.59,810616150.15,409876930.38,506691431.41,244951954.49,13897348.09,147617321.55,22510653.08
2020-09-22,15211973023.98,2390804776.76,836634601.36,414784040.76,506691431.41,244951954.49,14062882.74,149119257.18,22510653.08
2020-09-23,15204746688.31,2411645849.19,855046814.48,426158038.87,506691431.41,244951954.49,14062882.74,149076574.37,22510653.08
2020-09-24,15220640370.97,2458418500.99,891694217.11,438550769.89,506691431.41,244951954.49,14172882.74,136340838.55,22510653.08
2020-09-25,15220640370.97,2505147522.62,891303078.73,443227233.9,506691431.41,244951954.49,14264113.39,137882031.01,22510653.08
2020-09-26,15272639838.5,2506403383.9,901946968.19,463660135.25,506691431.41,244951954.49,14264113.39,140252259.23,22510653.08
2020-09-27,15339639837.5,2531982977.4,920569404.84,465773141.47,506691431.41,244951954.49,14361237.4,138315843.83,22510653.08
2020-09-28,15388139837.49,2597182322.29,911729773.39,490169060.97,506691431.41,244951954.49,14453733.55,128988591.13,22510653.08
2020-09-29,15460539837.49,2537190080.41,906338556.34,484290028.64,506691431.41,244951954.49,14453733.55,129382541.12,22510653.08
2020-09-30,15501380493.82,2524743834.05,899885204.57,499521091.58,506691431.41,244951954.49,14645848.15,125152420.97,22510653.08
2020-10-01,15501377993.2,2510985209.17,891291021.91,503349908.47,506691431.41,244951954.49,14729567.08,126678666.02,22510653.08
2020-10-02,15539787975.49,2540713800.47,873265277.54,518106717.88,506691431.41,244951954.49,10764132.1,124693002.73,22510653.08
2020-10-03,15579920741.64,2629267886.95,865588910.6,545844333.87,506691431.41,244951954.49,10764132.1,125588296.34,22510653.08
2020-10-04,15574921181.64,2639196875.91,865580235.84,555632812.63,506691431.41,244951954.49,10848069.53,127395161.34,22510653.08
2020-10-05,15610921181.64,2639651164.03,859373250.84,578757820.23,506691431.41,244951954.49,11168069.53,127890998.34,22510653.08
2020-10-06,15600921181.64,2663907614.7,863071865.37,584160425.32,390480079.94,244951954.49,11693069.53,127572268.43,22510653.08
2020-10-07,15607118420.52,2683499614.53,869163388.99,608226680.25,366014060.25,244951954.49,11693069.53,129247645.46,22510653.08
2020-10-08,15607368420.52,2768653747.44,866667390.43,618862162.96,356445378.3,244951954.49,14531839.67,129725410.97,22510653.08
2020-10-09,15607823972.47,2808871124.12,873196904.06,652296054.65,367277750.29,244951954.49,14744560.22,130098146.8,22510653.08
2020-10-10,15708968977.47,2809939608.69,891491547.22,666584509.74,365356206.23,244951954.49,14889560.22,139218584.57,22510653.08
2020-10-11,15721468977.43,2855230417.38,899869153.04,672746906.88,365175686.82,244951954.49,14405817.71,139138701.21,22510653.08
2020-10-12,15721468977.43,2840799492.09,908655233.82,714905876.28,357726340.2,244951954.49,14405817.71,141967128.66,22510653.08
2020-10-13,15741468977.43,2776356098.58,928898528.42,733100866.79,355164827.58,244951954.49,14532688.5,132522270.43,22510653.08
2020-10-14,15743801845.22,2747314751.48,914223635.16,789188201.36,343261239.29,244951954.49,14773097.95,132447529.33,22510653.08
2020-10-15,15750201845.22,2722818465.36,909717747.18,807742464.75,336878635.04,244951954.49,14600976.71,129489138.83,22510653.08
2020-10-16,15771114153.43,2703446723.17,905793480.22,803558211.08,338706726.41,244951954.49,14944592.19,135374938.58,22510653.08
2020-10-17,15806963304.28,2705261603.55,904971825.38,809505689.08,338938396.55,244951954.49,14440865.46,140878360.7,22510653.08
2020-10-18,15816963304.27,2727352310.68,903994038.34,809505689.08,355118574.86,244951954.49,14121529.61,144489137.65,22510653.08
2020-10-19,15832663304.27,2735559910.82,903241800.83,798818925.15,330837572.72,244951954.49,14379251.74,153595859.12,22510653.08
2020-10-20,15857387814.75,2735190990.77,906855762.85,805754035.5,330594649.28,244951954.49,14854304.27,169895766.1,22510653.08
2020-10-21,15897187814.75,2789234806.52,907927216.95,805754035.5,331803319.22,244951954.49,14535505.5,176261016.16,22510653.08
2020-10-22,15897187814.75,2789234806.52,907927216.95,805754035.5,325781762.73,244951954.49,14877521.81,176261016.16,22510653.08
2020-10-23,16135737134.77,2753960350.01,935646218.72,737644120.73,317665609.39,244951954.49,14768271.48,230086511.59,22510653.08
2020-10-24,16236437134.76,2785310602.24,938043622.23,746961679.07,315018462.12,244951954.49,14736698.4,235401058.59,22510653.08
2020-10-25,16273037134.71,2808014025.3,937564054.95,756279048.14,315419616.14,244951954.49,14773758.64,235535088.02,22510653.08
2020-10-26,16326760602.58,2779021585.66,934048005.49,735778076.99,289607015.53,244951954.49,15196436.3,254899255.78,22510653.08
2020-10-27,16369460602.58,2809779636.59,944243877.89,729966222.33,276428599.15,244951954.49,16211044.87,256510253.31,22510653.08
2020-10-28,16441560602.56,2839915001.26,940488069.34,721812199.78,257217173.76,244951954.49,16374009.91,259701633.75,22510653.08
2020-10-29,16494460601.56,2882192699.14,937337852.59,717230505.33,251371001.86,244951954.49,16663944.09,273564562.7,22510653.08
2020-10-30,16532560601.56,2878615135.29,925016503.2,710353927.51,252853994.08,244951954.49,16812928.47,278123555.89,22510653.08
2020-10-31,16654304931.5,2924640950.0,927609160.27,710353927.51,256002849.0,244951954.49,17087520.66,278279087.98,22510653.08
2020-11-01,16654602134.3,2927787035.21,937945343.7,709707731.05,257914892.49,244951954.49,17087520.66,278502266.85,22510653.08
2020-11-02,16669602134.29,2929509007.86,943633329.22,695877449.45,251416390.2,244951954.49,17179717.29,276081792.05,22510653.08
2020-11-03,16698102134.29,2915521648.19,951012950.27,686200387.06,254923428.49,244951954.49,15536804.74,276863836.85,22510653.08
2020-11-04,16754802134.29,2882080508.86,943865127.5,677775170.13,261885246.12,244951954.49,15536804.74,279876050.5,22510653.08
2020-11-05,16858599609.79,2871698059.88,945051689.02,667375954.1,265533589.53,244951954.49,15188654.7,286774902.92,22510653.08
2020-11-06,16985892217.19,2853669163.39,949413410.31,640173695.93,268293234.64,244951954.49,15270306.25,286760938.64,22510653.08
2020-11-07,17126790004.39,2885010396.2,952970853.76,635220523.55,272681424.29,244951954.49,15166870.55,284885118.09,22510653.08
2020-11-08,17195790004.39,2874355802.97,952738392.85,635220523.55,273066125.64,244951954.49,15166870.55,287084434.48,22510653.08
2020-11-09,17260790004.39,2841422718.67,957418291.38,592589875.2,273390979.73,244951954.49,14432643.81,287640135.3,22510653.08
2020-11-10,17340690004.39,2827811998.59,964830615.69,620014003.43,273152155.68,244951954.49,14283726.12,288135446.73,22510653.08
2020-11-11,17456859235.16,2832643380.62,993437039.43,628075783.68,280129467.88,244951954.49,14467517.94,287546233.66,22510653.08
2020-11-12,17551209235.16,2801952454.02,992882508.71,637180937.72,279298947.83,244951954.49,14749121.26,284745640.66,22510653.08
2020-11-13,17696998745.64,2801958465.89,999082907.75,633105900.11,279413786.92,244951954.49,15012561.05,287000677.29,22510653.08
2020-11-14,17833043700.69,2804966380.41,1000875219.42,656572957.69,282058923.42,244951954.49,15112561.05,282869808.05,22510653.08
2020-11-15,17866843500.89,2813125807.14,1011275488.84,656572957.69,280093013.27,244951954.49,12468094.72,281854721.63,22510653.08
2020-11-16,17866843500.89,2823867121.41,1011896025.7,653201324.65,275056459.64,244951954.49,12442593.05,267833781.93,22510653.08
2020-11-17,17949442302.09,2777820983.99,1011578496.21,665154718.71,270809447.47,244951954.49,12440626.1,261003435.15,22510653.08
2020-11-18,18018593900.48,2790994855.99,998509086.66,681475189.5,271178470.22,244951954.49,12675207.78,256350235.01,22510653.08
2020-11-19,18114993301.08,2786850237.12,991353117.19,687231420.21,265719836.22,244951954.49,13448256.46,243651374.48,22510653.08
2020-11-20,18186493301.08,2801775678.95,1004786385.49,682977957.19,269288421.78,244951954.49,13622215.1,247949023.91,22510653.08
2020-11-21,18375493301.05,2838055515.42,1018326543.5,682977957.19,270281091.66,244951954.49,13860703.42,254908088.77,22510653.08
2020-11-22,18469593301.05,2874071040.3,1018670598.85,655166494.91,324765658.37,244951954.49,13860703.42,249939082.87,22510653.08
2020-11-23,18499393301.05,2863796702.2,1020370866.13,641573367.93,311876172.82,244951954.49,13003667.58,247143865.18,22510653.08
2020-11-24,18654483312.02,2853872130.82,1040143361.17,639510175.6,314102094.79,244951954.49,15148811.45,256717716.65,22510653.08
2020-11-25,18654483312.02,2871058508.45,1045036666.79,621135457.52,319661150.07,244951954.49,15287953.47,258059949.19,22510653.08
2020-11-26,18957655236.64,2892349700.37,1012421031.59,624309951.58,298369395.47,244951954.49,15287953.47,245627190.03,22510653.08
2020-11-27,18957655236.64,2901213534.95,1014790551.0,630624314.53,292736629.83,244951954.49,15308501.91,236265449.44,22510653.08
2020-11-28,19038287104.76,2967859418.94,1016932173.29,675226945.99,309041247.83,244951954.49,15308501.91,250610175.43,22510653.08
2020-11-29,19109887104.76,2964178772.87,1029567273.19,682066561.81,307405992.13,244951954.49,15395951.9,252957255.22,22510653.08
2020-11-30,19127387104.76,2962548407.84,1046697155.02,691591829.09,305372094.59,244951954.49,15675205.77,241800992.34,22510653.08
2020-12-01,19353637102.75,2974710824.07,1057313953.15,662938637.94,303530846.71,244951954.49,15738388.07,250318818.37,22510653.08
2020-12-02,19404637102.75,2957914440.83,1072012202.92,670942919.17,332133848.31,244951954.49,15819201.6,247411970.33,22510653.08
2020-12-03,19450653386.47,2965290196.94,1076811060.76,668791147.44,330634435.01,244951954.49,15860665.98,248700497.3,22510653.08
2020-12-04,19532448591.25,2963431594.17,1069577140.92,689963058.39,332021170.55,244951954.49,15957780.77,252271891.16,22510653.08
2020-12-05,19634648391.45,3037562946.72,1068897420.77,696472698.23,326667001.41,244951954.49,15957780.77,254514135.68,22510653.08
2020-12-06,19659810789.04,3072618725.52,1074123950.46,703460965.5,322141716.4,244951954.49,15957780.77,253337701.15,22510653.08
2020-12-07,19682010789.04,3054734124.48,1068712424.33,679239190.62,315677368.24,244951954.49,15811428.54,237016169.31,22510653.08
2020-12-08,19713795599.23,3057231587.03,1074049706.17,668120160.29,302766170.02,244951954.49,15642621.89,234387791.19,22510653.08
2020-12-09,19713795599.23,3081332293.92,1080325501.21,651453280.67,300222250.31,244951954.49,15470372.99,243189384.33,22510653.08
2020-12-10,19753495599.22,3081747965.71,1078349720.38,652019782.67,302806434.05,244951954.49,15728673.48,236809120.08,22510653.08
2020-12-11,19768995599.22,3136287952.33,1062606535.11,665920922.58,291900664.86,244951954.49,15895048.68,233519993.46,22510653.08
2020-12-12,19816995608.52,3215389092.58,1085074379.65,683673933.12,284872578.23,244951954.49,15976548.25,237846485.43,22510653.08
2020-12-13,19834995608.52,3242096243.17,1092525903.1,690502161.6,285480457.79,244951954.49,16059492.63,238399141.41,22510653.08
2020-12-14,19834995608.52,3269062950.07,1093266194.17,643633229.27,275642941.2,244951954.49,15994936.87,218802769.67,22510653.08
2020-12-15,19764781179.78,3274135192.1,1096321586.77,659923491.19,274974655.12,244951954.49,15923208.41,224430728.82,22510653.08
2020-12-16,19779781179.78,3301375003.14,1114420960.75,721814828.01,275031536.94,244951954.49,16223208.41,245345109.64,22510653.08
2020-12-17,19997839261.7,3275860271.53,1127159698.26,764099855.06,275031536.94,244951954.49,16223208.41,238623244.73,22510653.08
2020-12-18,20038839261.7,3284294674.61,1124092690.86,782606832.19,275031536.94,244951954.49,16223208.41,242309352.88,22510653.08
2020-12-19,20110339261.7,3372400533.49,1133119262.91,815491096.4,275031536.94,244951954.49,16223208.41,247575755.7,22510653.08
2020-12-20,20300339261.7,3356930101.72,1124972360.41,827882332.63,275031536.94,244951954.49,16223208.41,248391041.8,22510653.08
2020-12-21,20305339261.7,3339682798.45,1125999273.23,796042171.59,275031536.94,244951954.49,16223208.41,246049865.59,22510653.08
2020-12-22,20394567133.83,3356641171.49,1118107873.84,763945711.23,275031536.94,244951954.49,16223208.41,224756991.15,22510653.08
2020-12-23,20470866934.03,3425936129.11,1115592077.06,752408390.22,275031536.94,244951954.49,16223208.41,191990680.68,22510653.08
2020-12-24,20533166934.03,3538072922.57,1116838802.38,767157344.04,275031536.94,244951954.49,16223208.41,175722171.22,22510653.08
2020-12-25,20684166934.03,3535680272.58,1116821346.23,809999761.89,275031536.94,244951954.49,16223208.41,162263700.59,22510653.08
2020-12-26,20714166934.03,3548816322.57,1122887542.61,818484977.56,275031536.94,244951954.49,16223208.41,161413268.25,22510653.08
2020-12-27,20753166934.03,3582447738.79,1103620402.57,813839930.24,275031536.94,244951954.49,16223208.41,159534064.13,22510653.08
2020-12-28,20820866934.03,3627620717.62,1126741436.17,821541109.32,275031536.94,244951954.49,16223208.41,142060645.77,22510653.08
2020-12-29,20841866934.03,3698493303.83,1130539412.58,793124293.05,275031536.94,244951954.49,16223208.41,131438430.77,22510653.08
2020-12-30,20888059476.37,3680404430.69,1150786299.86,895594183.67,275031536.94,244951954.49,16223208.41,127203267.87,22510653.08
2020-12-31,20926936250.39,3904468927.2,1163070899.28,984118176.56,275031536.94,244951954.49,16223208.41,143007553.8,22510653.08
2021-01-01,21075636250.18,4030011965.26,1201654203.45,1077160777.09,275031536.94,244951954.49,16223208.41,151364141.06,22510653.08
2021-01-02,21205636250.18,4103947167.6,1180833411.32,1147733861.56,275031536.94,244951954.49,16223208.41,170448789.05,22510653.08
2021-01-03,21329136250.16,4209136023.94,1223855384.19,1158013550.0,275031536.94,244951954.49,16223208.41,197784045.23,22510653.08
2021-01-04,21808636250.16,4281292230.47,1315201242.37,1076172023.82,275031536.94,244951954.49,16223208.41,186393457.74,142399574.0
2021-01-05,21816136250.16,4319829645.3,1323925549.58,1073322211.38,275031536.94,244951954.49,16223208.41,201152492.49,142399574.0
2021-01-06,22120802760.77,4348943485.55,1315009563.53,1102223456.9,275031536.94,244951954.49,16223208.41,226717379.39,142399574.0
2021-01-07,22846409811.45,4420492826.61,1368094628.26,1091756057.23,275031536.94,244951954.49,16223208.41,294930897.33,142399574.0
2021-01-08,23456722608.67,4522125815.43,1390840491.73,1107708426.01,275031536.94,244951954.49,16223208.41,286806588.58,142399574.0
2021-01-09,23659828193.17,4661247900.33,1406002012.46,1154061562.92,275031536.94,244951954.49,16223208.41,310303895.8,142399574.0
2021-01-10,24224312724.63,4716350875.86,1423132343.17,1160873594.95,275031536.94,244951954.49,16223208.41,298795398.8,142399574.0
2021-01-11,24271812724.63,4674527798.88,1363929691.17,1083149445.99,275031536.94,244951954.49,16223208.41,268021475.69,142399574.0
2021-01-12,24232311850.04,4655585765.7,1364519151.09,1058247644.63,275031536.94,244951954.49,16223208.41,238326691.87,142399574.0
2021-01-13,24235818082.23,4664204079.62,1362729493.51,1064831953.51,275031536.94,244951954.49,16223208.41,248634882.02,142399574.0
2021-01-14,24259223323.43,4723098468.78,1390824769.57,1082858710.38,379093774.61,244951954.49,16223208.41,249798088.49,142399574.0
2021-01-15,24248132870.86,4821020569.36,1410355356.12,1141843369.62,376834436.8,244951954.49,16223208.41,233152674.62,142399574.0
2021-01-16,24290132870.86,4946935782.97,1365821668.25,1155739834.09,378415244.02,244951954.49,16223208.41,267176815.86,142399574.0
2021-01-17,24325132870.86,5060531252.99,1380111453.31,1162021827.99,416298977.0,244951954.49,16223208.41,272446573.9,142399574.0
2021-01-18,24352132870.49,5117987140.44,1401748939.63,1151865391.87,416356855.66,244951954.49,16223208.41,281767316.92,142399574.0
2021-01-19,24354632870.49,5133526736.23,1404260118.86,1144385864.6,410394509.32,244951954.49,16223208.41,330324212.72,142399574.0
2021-01-20,24747346121.83,5274592756.31,1407848012.04,1124667529.95,417583538.9,244951954.49,16223208.41,327500946.95,142399574.0
2021-01-21,24828846121.83,5358926413.49,1403973429.09,1104736317.07,411671035.1,244951954.49,16223208.41,315976543.26,142399574.0
2021-01-22,24728695772.18,5451365084.99,1443982264.57,1191815471.95,415934899.94,244951954.49,16223208.41,348366906.06,142399574.0
2021-01-23,24776394865.38,5499850240.48,1457044523.47,1191815471.95,414141521.37,244951954.49,16223208.41,368159863.18,142399574.0
2021-01-24,24817394865.37,5520411395.28,1531067456.26,1224030835.72,412516990.45,244951954.49,16223208.41,380597631.31,142399574.0
2021-01-25,24916394865.37,5470893620.51,1571947682.01,1192325185.5,408742477.33,244951954.49,16223208.41,372861946.61,142399574.0
2021-01-26,24973594865.37,5374282505.1,1580125827.38,1212079411.94,398140057.47,244951954.49,16223208.41,395252609.17,142399574.0
2021-01-27,25196886298.29,5465258722.58,1606133596.55,1362948377.6,395139884.1,244951954.49,16223208.41,422663526.97,142399574.0
2021-01-28,25401886298.29,5612275301.55,1616794426.32,1387468997.52,396210340.45,244951954.49,16223208.41,449390088.0,142399574.0
2021-01-29,25348709794.12,5802277794.86,1637823845.5,1498514668.53,399428740.76,244951954.49,16223208.41,445349824.85,142399574.0
2021-01-30,26341141890.11,5812902198.61,1648311269.57,1488202515.08,399754942.87,244951954.49,16223208.41,451898549.37,142399574.0
2021-01-31,26430641890.11,5869101908.62,1649574666.09,1478559054.84,403327753.27,244951954.49,16223208.41,464948715.73,142399574.0
2021-02-01,26601641890.11,5831178503.96,1662674943.93,1416867693.56,402336355.54,244951954.49,16223208.41,461249489.03,142399574.0
2021-02-02,26751241890.11,5905782700.53,1703553172.11,1409258269.37,380391952.04,244951954.49,16223208.41,457829524.65,142399574.0
2021-02-03,27021922209.79,6028630117.93,1737160769.23,1427991258.25,379228275.16,244951954.49,16223208.41,476365502.7,142399574.0
2021-02-04,27425616215.76,6079427262.99,1766451561.27,1463800961.54,372167227.56,244951954.49,16223208.41,467733809.5,142399574.0
2021-02-05,27789216215.76,6284271804.05,1817338356.0,1526275486.42,376046898.97,244951954.49,16223208.41,462380154.67,142399574.0
2021-02-06,28227332457.52,6350221614.5,1831011656.11,1554092935.35,374797375.66,244951954.49,16223208.41,468753359.27,142399574.0
2021-02-07,28606332457.52,6440407859.76,1806719085.16,1551422295.02,374854041.34,244951954.49,16223208.41,495526467.37,142399574.0
2021-02-08,28771832457.52,6441013255.62,1887176198.73,1555933496.23,374878795.13,244951954.49,16223208.41,488247863.39,142399574.0
2021-02-09,29754571161.82,6561970551.16,1951039380.22,1613598476.84,375610304.82,244951954.49,108456314.81,469396975.04,142399574.0
2021-02-10,30300564922.06,6733843346.46,1965315517.53,1673041414.89,377227133.88,675099791.33,108456314.81,477628642.31,142399574.0
2021-02-11,30727705081.9,6833707437.48,2027942163.23,1688785541.44,355111841.9,675099791.33,108456314.81,472942451.23,142399574.0
2021-02-12,31141389460.52,6871867223.92,2047860493.24,1681087668.01,361752015.4,675099791.33,108456314.81,487228989.17,142399574.0
2021-02-13,31588698001.97,7111298957.93,2072520309.4,1732305875.41,370016918.6,675099791.33,108456314.81,515705065.39,142399574.0
2021-02-14,32007698001.96,7285370856.54,2073650472.6,1763036425.87,332539819.75,675099791.33,108456314.81,519470458.13,142399574.0
2021-02-15,32089698001.96,7285370856.54,2073650472.6,1763036425.87,332539819.75,675099791.33,108456314.81,519470458.13,142399574.0
2021-02-16,32240698001.96,7285370856.54,2073650472.6,1763036425.87,332539819.75,675099791.33,108456314.81,519470458.13,142399574.0
2021-02-17,32416104717.25,7285370856.54,2073650472.6,1763036425.87,332539819.75,675099791.33,108456314.81,519470458.13,142399574.0
2021-02-18,33138339759.2,7285370856.54,2073650472.6,1763036425.87,332539819.75,675099791.33,108456314.81,519470458.13,142399574.0
2021-02-19,33531193546.41,7285370856.54,2073650472.6,1763036425.87,332539819.75,675099791.33,108456314.81,519470458.13,142399574.0
2021-02-20,34122835414.55,7577803034.43,2358521780.67,2153246775.95,309550747.96,675099791.33,108456314.81,538425955.68,142399574.0
2021-02-21,34257535414.55,7738494602.89,2377512936.06,2184928115.51,309632733.08,675099791.33,108456314.81,574565794.13,142399574.0
2021-02-22,34450535414.55,7859561318.75,2362408406.32,2195100580.3,347315639.57,675099791.33,108456314.81,599565119.58,142399574.0
2021-02-23,34761096221.74,7979907720.67,2285329390.76,2168280239.68,345711865.35,675099791.33,120009589.48,643769506.51,142399574.0
2021-02-24,34883796221.74,8131001340.36,2316209875.12,2257903860.76,346515240.99,675099791.33,120009589.48,675442128.0,142399574.0
2021-02-25,34922796221.74,8327841056.86,2324104039.29,2291952109.77,345804548.15,675099791.33,120009589.48,692633694.3,142399574.0
2021-02-26,35010178108.85,8594824777.41,2304804456.78,2315860502.56,350746442.47,675099791.33,120009589.48,713962067.52,142399574.0
2021-02-27,34982834545.62,8658708428.44,2311171070.26,2330371471.44,337811878.28,675099791.33,120009589.48,707936476.57,142399574.0
2021-02-28,34977434545.62,8894915958.22,2332352615.16,2376371513.54,308249056.74,675099791.33,120009589.48,720766221.03,142399574.0
2021-03-01,35054434545.62,8868232403.72,2461320845.9,2485798706.25,297632650.5,675099791.33,120009589.48,885568365.93,142399574.0
2021-03-02,35422388279.89,8752238658.61,2513889120.48,2823921084.14,293982231.13,675099791.33,120009589.48,855572412.64,142399574.0
2021-03-03,35871356760.41,8669879129.71,2529043926.6,2822573883.3,295031513.1,675099791.33,120009589.48,812478087.14,142399574.0
2021-03-04,36263902053.52,8654132773.99,2542069329.98,2922846511.03,290535559.5,675099791.33,120009589.48,747958265.04,142399574.0
2021-03-05,36364902053.52,8671744388.69,2547351889.21,3191318733.17,292197422.07,675099791.33,120009589.48,724919122.83,142399574.0
2021-03-06,36431133053.52,8823822458.57,2576166642.88,3229558472.37,293364059.46,675099791.33,120009589.48,675928456.05,142399574.0
2021-03-07,36461381802.76,8969225097.36,2554287346.58,3133278428.25,294717191.07,675099791.33,120009589.48,649610366.01,142399574.0
2021-03-08,36466881802.76,8934424258.43,2565995306.39,2988017313.32,289920144.93,675099791.33,120009589.48,602014428.5,142399574.0
2021-03-09,36793781375.19,8981988155.62,2613945381.18,3156595457.46,283263333.03,767391993.32,118370057.63,576259710.15,142399574.0
2021-03-10,37067128853.71,8966723089.13,2616334556.18,3269419349.02,285279647.22,757185574.16,117249836.49,560053746.27,142399574.0
2021-03-11,37492616366.2,9129407214.21,2634823507.09,3180218425.53,284512852.66,743925938.7,117770731.28,533145411.87,142399574.0
2021-03-12,38106573409.16,9134084776.18,2703916174.69,3191613153.1,286739874.74,738989976.57,119391186.26,529766997.85,142399574.0
2021-03-13,38230573409.16,9263926248.06,2737725417.82,3175994426.27,298235085.21,730112953.87,118925992.86,527201562.32,142399574.0
2021-03-14,38243573409.16,9276229236.02,2747667442.72,3166503242.33,300452414.93,730112953.87,118014450.85,547837361.42,142399574.0
2021-03-15,38515573409.16,9336661713.77,2767253241.69,3110937863.74,305565112.47,768548971.27,120501803.79,572207948.09,142399574.0
2021-03-16,38645724398.17,9278155519.36,2841958826.16,3039539705.67,301224227.32,764032480.11,116263399.72,569635262.66,142399574.0
2021-03-17,38695724398.17,9362642997.82,2846152057.32,3069984556.48,308651827.85,762152446.84,116372944.02,566867226.76,142399574.0
2021-03-18,38868928194.38,9472568801.84,2861237816.92,3177801053.97,314645829.61,745237621.29,118067425.61,543479269.12,142399574.0
2021-03-19,39208053040.54,9743479207.73,2863603627.72,3166622439.9,298239495.17,752108606.09,123701697.76,562285927.75,142399574.0
2021-03-20,39437067875.7,9827822706.12,2863829989.76,3237236999.08,299270349.43,797335127.3,120420119.32,610003737.89,142399574.0
2021-03-21,39517067875.7,9908607660.07,2886918624.44,3226658411.43,299601004.0,804155971.02,120747562.66,613227078.95,142399574.0
2021-03-22,39555067875.7,10023559646.83,2911357649.86,3354475410.66,296251772.82,775841602.37,120757884.41,579048227.92,142399574.0
2021-03-23,39655367576.0,10082765152.87,2917877977.31,3384612328.55,306665482.12,782653733.32,120307019.07,592661259.75,142399574.0
2021-03-24,39838509134.44,10151859569.87,2918207542.54,3352277989.65,323193722.9,785244440.49,119816477.65,587240630.12,142399574.0
2021-03-25,40288509134.44,10329857227.8,2935242181.99,3287168234.14,325410134.41,792855758.28,120244016.25,591705660.28,142399574.0
2021-03-26,40225509134.44,10580244702.19,2956451319.23,3349343860.98,325845660.76,854139237.41,119004072.63,650112346.8,142399574.0
2021-03-27,40160941170.3,10654252940.67,2965836928.51,3460028454.95,328419812.12,890381173.47,121922601.19,720426789.37,142399574.0
2021-03-28,40475941170.3,10760398265.49,2985098538.96,3483524719.11,335844126.84,912997890.2,122696368.56,739618751.37,142399574.0
2021-03-29,40477463996.73,10555474759.17,3006312405.87,3479692101.49,342078818.17,929817905.08,124745915.91,745512017.64,142399574.0
2021-03-30,40644668367.8,10666882551.66,3013253537.99,3587302342.9,328136312.59,945927445.74,124727444.06,755915770.28,142399574.0
2021-03-31,40723168367.8,10660993060.31,3015635650.17,3515454978.18,330932234.15,953936711.23,124486515.37,768788647.25,142399574.0
2021-04-01,40723168367.8,10631059442.99,3051743097.98,3538689962.69,320727209.22,978856430.22,125209427.35,805926971.61,142399574.0
2021-04-02,41684252850.32,10690538524.85,3143908359.11,3828971181.06,326170447.55,972076939.03,123488955.24,796802166.3,142399574.0
2021-04-03,42309752850.32,10620659211.85,3171581616.24,3966435599.81,318005152.09,984001238.09,123290085.28,792087963.82,142399574.0
2021-04-04,42359752850.32,10852849291.03,3184725318.0,4023828978.53,319372444.15,984897150.58,123649269.97,785636494.82,142399574.0
2021-04-05,42379752850.32,10804726429.49,3171618557.82,4040142910.93,323766693.06,967145976.7,126456264.1,772909910.91,142399574.0
2021-04-06,42990752850.32,10698995431.05,3189503329.57,4016598205.67,316576901.2,959389448.43,126556486.58,768306555.74,142399574.0
2021-04-07,43056098244.93,10761912104.72,3174113868.58,4202518147.67,327580200.12,941051013.78,132056317.63,752248377.86,142399574.0
2021-04-08,43639798244.93,10939817998.0,3179042821.57,4630947709.29,314052739.17,899533966.68,132055694.81,709437815.75,142399574.0
2021-04-09,43793798244.93,10889613421.72,3190338472.14,4911224804.57,295593839.06,913287388.76,131990685.68,722880470.67,142399574.0
2021-04-10,44376422420.75,10948217051.3,3251821708.93,4927778711.9,288055475.58,908777885.74,132154653.87,725477673.14,142399574.0
2021-04-11,44424922420.75,11033407438.53,3272917171.8,5019780997.8,293381492.56,909406295.98,131816400.77,726741100.48,142399574.0
2021-04-12,44449922420.75,10787907268.0,3264010880.75,5068035362.92,289858042.0,901063146.15,130388814.8,718541924.6,142399574.0
2021-04-13,45388521921.25,10829725077.36,3304844990.05,5248963530.48,297355445.51,936124520.15,133174928.65,745425399.09,142399574.0
2021-04-14,45855749841.33,11254384331.31,3277592813.14,5355318132.44,303291217.63,912610201.23,126825730.73,734623326.15,142399574.0
2021-04-15,46490412193.98,11306949960.66,3329937851.55,5402890536.03,323961748.12,878839537.84,126617824.63,701305405.13,142399574.0
2021-04-16,46871412193.98,11306949960.66,3474108692.55,5402890536.03,323961748.12,878839537.84,126617824.63,701305405.13,142399574.0
2021-04-17,47803790514.66,11306949960.66,3581615271.48,5402890536.03,323961748.12,878839537.84,126617824.63,701305405.13,142399574.0
2021-04-18,48075190514.66,11306949960.66,3562843337.74,5402890536.03,323961748.12,878839537.84,126617824.63,701305405.13,142399574.0
2021-04-19,48146486809.37,11306949960.66,3570683602.44,5402890536.03,323961748.12,878839537.84,126617824.63,701305405.13,142399574.0
2021-04-20,48689996564.6,11306949960.66,3576480388.49,5402890536.03,323961748.12,878839537.84,126617824.63,701305405.13,142399574.0
2021-04-21,49059828120.83,11306949960.66,3595725465.01,5402890536.03,323961748.12,878839537.84,126617824.63,701305405.13,142399574.0
2021-04-22,49320928120.83,11243286480.25,3601745256.09,5387017279.78,321016056.74,909804609.39,126954038.9,700952574.44,142399574.0
2021-04-23,49280887016.94,11243286480.25,3579030139.41,5387017279.78,321016056.74,909804609.39,126954038.9,700952574.44,142399574.0
2021-04-24,49431254438.52,11243286480.25,3598530149.97,6976260603.69,321016056.74,909804609.39,126954038.9,700952574.44,142399574.0
2021-04-25,49965254438.52,11243286480.25,3614861811.57,6976260603.69,321016056.74,909804609.39,126954038.9,700952574.44,142399574.0
2021-04-26,50006254438.52,11243286480.25,3647823608.77,6976260603.69,321016056.74,909804609.39,126954038.9,700952574.44,142399574.0
2021-04-27,50305857792.17,11243286480.25,3711374131.59,6976260603.69,321016056.74,909804609.39,126954038.9,700952574.44,142399574.0
2021-04-28,50926243338.37,11243286480.25,3754882746.48,6976260603.69,321016056.74,909804609.39,126954038.9,700952574.44,142399574.0
2021-04-29,51011953228.5,11243286480.25,3831613855.11,6976260603.69,321016056.74,909804609.39,126954038.9,700952574.44,142399574.0
2021-04-30,50995053228.5,14380157844.06,3834106100.43,6976260603.69,321016056.74,909804609.39,126954038.9,700952574.44,142399574.0
2021-05-01,51501107179.55,14380157844.06,3903379643.44,6976260603.69,321016056.74,909804609.39,126954038.9,700952574.44,142399574.0
2021-05-02,51781989850.88,14380157844.06,3944481774.29,6976260603.69,321016056.74,909804609.39,126954038.9,700952574.44,142399574.0
2021-05-03,52052989850.88,14380157844.06,4051815549.19,6976260603.69,321016056.74,909804609.39,126954038.9,700952574.44,142399574.0
2021-05-04,52168189850.88,14380157844.06,4132271765.39,6976260603.69,917193913.0,909804609.39,126954038.9,700952574.44,142399574.0
2021-05-05,52837670969.76,14380157844.06,4258223020.45,6976260603.69,1125523285.34,909804609.39,126954038.9,700952574.44,142399574.0
2021-05-06,53558187414.69,14380157844.06,4462704377.82,7798823536.28,1125523285.34,909804609.39,126954038.9,700952574.44,142399574.0
2021-05-07,54687184757.34,14380157844.06,4535498598.33,7798823536.28,1125523285.34,909804609.39,126954038.9,700952574.44,142399574.0
2021-05-08,55265994297.8,14380157844.06,4578610934.09,7798823536.28,1125523285.34,909804609.39,126954038.9,700952574.44,142399574.0
2021-05-09,55536494297.8,14380157844.06,4659722665.69,7798823536.28,1125523285.34,909804609.39,126954038.9,700952574.44,142399574.0
2021-05-10,55791494297.8,14380157844.06,4742493412.15,7798823536.28,1125523285.34,909804609.39,126954038.9,700952574.44,142399574.0
2021-05-11,56517925144.96,14380157844.06,4763403197.84,7798823536.28,1125523285.34,909804609.39,126954038.9,700952574.44,142399574.0
2021-05-12,57286025144.96,14380157844.06,4809510153.68,7798823536.28,1125523285.34,1177309290.33,126954038.9,809074146.95,142399574.0
2021-05-13,57755893176.93,14380157844.06,4676356799.9,7798823536.28,1125523285.34,1197362837.14,126954038.9,821888548.9,142399574.0
2021-05-14,57755893176.93,14380157844.06,4767256331.94,7798823536.28,1125523285.34,1211065691.4,126954038.9,831019007.62,142399574.0
2021-05-15,58230798199.19,14380157844.06,4787009298.47,7798823536.28,1125523285.34,1211065691.4,84446904.71,838998057.46,142399574.0
2021-05-16,58309798199.19,14380157844.06,4897341566.61,7798823536.28,1125523285.34,1235827548.53,84914717.08,871843832.81,142399574.0
2021-05-17,58174298199.19,14380157844.06,4919140559.08,7798823536.28,1125523285.34,1225931077.75,77155144.04,852119445.88,142399574.0
2021-05-18,58174298199.19,14380157844.06,4967225616.97,7798823536.28,1125523285.34,1236382470.98,83837765.33,873034727.93,142399574.0
2021-05-19,58340211052.84,14380157844.06,4571742082.35,7798823536.28,1125523285.34,1214013243.02,82637574.87,871320339.31,222099404.01
2021-05-20,58019510515.37,14380157844.06,4452761496.64,7798823536.28,1125523285.34,1381619949.07,82233797.75,1013631367.78,218003239.13
2021-05-21,58511888748.99,14380157844.06,4461831773.17,8090444288.74,1125523285.34,1370608886.63,74497791.87,1044190412.61,239404862.57
2021-05-22,59414391387.36,14380157844.06,4434529567.59,8608933841.86,1125523285.34,1419829455.08,85071050.79,999181473.38,233611059.21
2021-05-23,59434391387.36,14380157844.06,4241687762.04,8615478723.0,1125523285.34,1398948097.47,85578828.75,1026491914.85,255719624.77
2021-05-24,59729891387.36,20615059133.0,4449752993.26,8618304399.22,1125523285.34,1403173619.2,85502567.99,1033688084.45,263361170.14
2021-05-25,60055607961.79,20929436977.11,4484263101.66,8874653309.83,1125523285.34,1407866456.85,85934233.09,1032025626.97,260473548.02
2021-05-26,60706893041.45,21560269449.97,4581378708.28,8874751206.99,1125523285.34,1312835682.77,91282429.05,953844229.8,241996173.4
2021-05-27,60918547889.44,22028458858.56,4623314740.9,8828293822.46,1125523285.34,1325205304.97,109031067.49,968026128.97,242240699.0
2021-05-28,61125907361.97,22097609982.1,4655512291.31,8867815946.28,1125523285.34,1263836870.86,113801494.07,896990227.61,246938009.22
2021-05-29,61286511497.84,22232927061.53,4714324598.7,8677301964.75,1125523285.34,1267807794.57,117689788.72,884046642.52,248306668.23
2021-05-30,61738511497.84,22432927812.61,4673385221.61,8609694339.17,1125523285.34,1266899373.13,119188657.58,891596268.75,240420200.03
2021-05-31,61783335673.66,22622812506.43,4660605889.22,8633463600.61,1125523285.34,1230431046.89,123144010.98,872302837.75,234839403.35
2021-06-01,61783335673.66,22666349571.43,4648750730.68,8719604151.71,1125523285.34,1254756209.4,126893994.56,835602320.85,238965131.34
2021-06-02,61755989372.46,22787186472.59,4659694001.28,9056993006.86,1374667295.09,1242179997.91,135974690.34,799388649.61,265870957.62
2021-06-03,61670939201.63,22848080519.71,4727715223.5,9274517713.19,1374667295.09,1161931742.58,141147616.45,788963610.66,274571159.78
2021-06-04,61938257283.55,22879310621.04,4784809685.13,9532200141.14,1374667295.09,1160490516.39,145492162.13,774254423.9,265942117.83
2021-06-05,62209255385.45,22908680552.37,4797257711.68,9532200141.14,1374667295.09,1125975518.72,146658375.01,777258855.43,268408646.25
2021-06-06,62246255385.45,22990271579.72,4811498107.33,9647663214.07,1374667295.09,1084653199.44,147224175.85,785130359.24,258127728.31
2021-06-07,62246255385.45,23076397413.46,4883057833.73,9594508560.09,1374667295.09,1118726815.93,145151728.8,779585042.66,259517626.02
2021-06-08,62280355385.45,23151890944.08,4894310560.19,9589099991.81,1374667295.09,1161577184.46,154889813.28,828998382.5,271538893.62
2021-06-09,62375852558.28,23253836281.79,5091603609.07,9420395508.12,1374667295.09,1094135219.58,161518663.3,816606165.99,235244458.39
2021-06-10,62586182558.28,23202744708.85,5119814322.78,9244648533.14,1374667295.09,1074352544.6,175449967.67,813675261.73,241128111.11
2021-06-11,62588382857.98,23432001419.74,5232010217.85,9577984008.38,1435965720.79,981220358.39,179264891.41,711600634.17,202009248.77
2021-06-12,62591701539.3,23574612928.33,5206940445.8,9577984008.38,1435965720.79,981220358.39,181803387.52,733100602.1,205720553.9
2021-06-13,62591701539.3,23649890101.78,5213654046.31,9577984008.38,1435965720.79,981220358.39,185151739.53,732419577.1,203208720.95
2021-06-14,62591701539.3,23662011540.78,5256386880.85,9459638146.67,1435965720.79,948063284.88,193105605.31,724791764.55,205807689.24
2021-06-15,62592621974.61,23768443076.72,5343461824.04,9435172954.66,1435965720.79,905896968.17,195265550.71,695103759.56,198938318.52
2021-06-16,62592846225.36,23942157814.01,5357315299.11,9383405508.13,1427227898.65,836608963.71,199437864.93,680990069.7,207510277.53
2021-06-17,62550846225.36,23914040116.35,5221209619.12,9315995296.17,1425126682.33,798511847.55,199664125.71,673610007.67,187205797.61
2021-06-18,62544846225.36,24168648628.74,5254393599.77,9373542636.5,1423785756.61,795409936.81,203470497.61,664555945.47,186562299.9
2021-06-19,62576335046.54,24349191735.75,5263954955.47,9451605492.34,1425370987.27,792574138.39,204888625.1,661956691.43,185696297.76
2021-06-20,62576335046.54,24416881481.45,5211952807.76,9451605492.34,1449140837.94,793541417.53,205938117.2,661957671.43,186580676.3
2021-06-21,62631335046.54,24981762580.85,5123778204.44,9754377023.91,1426399577.96,764395705.95,204602452.97,632432398.71,169342511.75
2021-06-22,62491895045.54,25105028982.57,5074550620.51,9763715785.54,1439115514.95,772881559.99,203784803.48,625833879.36,140379471.53
2021-06-23,62699736753.83,25436219699.68,5119171908.88,9577984008.38,1443758862.57,778295414.96,210106380.32,733100602.1,162820618.94
2021-06-24,62645350340.24,25485520190.83,5192005805.89,9577984008.38,1408983089.23,778295414.96,210106380.32,733100602.1,143773515.99
2021-06-25,62544568809.83,25644262999.54,5168406439.82,9889613729.67,1418645186.02,866610424.65,214614654.65,629782148.76,144901175.3
2021-06-26,62525151502.12,25711156004.47,5137045161.7,9943332419.81,1426109675.7,876347598.55,216604612.23,630262159.76,144650832.66
2021-06-27,62525151502.12,25776737765.75,5145366206.63,9946112282.07,1431977915.61,898832072.79,218153824.14,695708758.81,145583295.76
2021-06-28,62534142511.11,25461239372.07,5187326474.63,10046353813.28,1404628103.2,819632516.9,217899721.67,604120942.35,124365965.2
2021-06-29,62454526906.71,25245612721.52,5211008681.04,10109425904.62,1497784484.16,836679422.47,224856444.45,555583271.09,158316117.14
2021-06-30,62455415418.2,25160605642.6,5390769309.78,10061961534.86,1501761535.09,840297105.24,231156452.45,567933703.88,145208916.03
2021-07-01,62378222787.33,25208231888.56,5404194065.46,10304559804.05,1504557889.0,820274244.72,239248979.88,553896004.92,166188649.27
2021-07-02,62373875280.46,25396870014.68,5401389932.73,10629745394.8,1511520015.76,884906683.4,252203886.63,560846153.48,163473150.87
2021-07-03,62373875280.46,25504781327.29,5420361937.49,10622694664.26,1516292572.46,885576545.22,254464262.06,579112518.48,146454996.24
2021-07-04,62373875280.46,25524471079.37,5438670663.21,10682980594.74,1516400276.99,905064057.28,251889779.98,588622718.48,162339806.43
2021-07-05,62373875280.46,25533762136.51,5459276383.62,10682980594.74,1527099884.77,905064057.28,253178218.06,588212558.48,173223646.92
2021-07-06,62328222787.33,25671714135.88,5476750726.77,10741076861.79,1531181330.15,941632482.02,266420772.98,571859906.42,232129707.07
2021-07-07,62328222787.33,25806725220.77,5484985916.48,10753966244.49,1533008914.23,942974711.51,290701537.06,571937560.61,258827544.82
2021-07-08,62301822762.35,25930964337.25,5487748299.46,10809119126.96,1505385053.22,937299373.89,290802809.45,564156850.62,269094143.71
2021-07-09,62206822762.35,26084423813.01,5495397049.58,10696171447.54,1526548491.22,921185653.98,293622259.32,577943491.4,266325261.06
2021-07-10,62206922762.35,26089551244.99,5484119326.47,10696171447.54,1508491983.51,921185653.98,295682801.8,577556400.4,265467382.66
2021-07-11,62205422762.35,26126675629.01,5491219955.59,10696171447.54,1508976824.51,921185653.98,295682801.8,577229783.4,266442782.08
2021-07-12,62205422762.35,26292695138.81,5496886611.3,10484120217.05,1500038791.14,907782598.08,298406841.44,568304358.59,273563654.52
2021-07-13,62185422762.35,26466324404.96,5475339373.15,10298067386.42,1521491672.43,888895261.19,297077649.73,521003818.79,285971976.07
2021-07-14,62085422762.35,26669314198.47,5477444131.49,10688875013.98,1529823268.9,889473118.18,301390870.15,511004515.74,285567828.94
2021-07-15,62056248695.48,26323437104.85,5482539033.73,11252749174.14,1387697308.03,888491925.56,306740146.92,513635080.47,266246168.05
2021-07-16,62019248695.48,26424187396.74,5498861966.61,11197269019.49,1334779541.88,889071442.91,310660066.64,519473894.7,246274478.87
2021-07-17,61984248695.48,26577842509.62,5498341929.28,11197269019.49,1333951322.84,889071442.91,312188814.22,532711954.7,259787523.46
2021-07-18,61984248695.48,26636799827.4,5499424252.2,11197269019.49,1327264756.69,889071442.91,313694048.54,542686943.2,260253369.19
2021-07-19,61984248695.48,26658138923.36,5461345286.78,11119014764.31,1290333411.1,894018496.5,312114545.49,541377351.59,251328986.24
2021-07-20,61954248695.48,26767537544.51,5452089212.97,11209707766.97,1259845881.0,896854920.59,315439451.09,546268532.28,238076244.21
2021-07-21,61931782008.73,26879704938.16,5477888495.36,11341908575.64,1261486022.12,904890233.58,317607950.49,549814582.05,218445940.6
2021-07-22,61897032357.36,26941164784.59,5507002653.62,11454247340.35,1271398628.31,903977943.26,318785945.28,551133349.67,220710053.8
2021-07-23,61810332357.36,26966007321.65,5467433945.03,11586231445.08,1275703651.53,907651806.38,321409830.32,543565984.62,197753434.41
2021-07-24,61810332357.36,26993130799.08,5531086843.03,11712914531.41,1275673891.67,907086598.45,323454822.24,559587286.74,206717446.41
2021-07-25,61810332357.36,27055677535.47,5541121724.96,11789037210.25,1276078045.2,908874468.54,324329230.07,568814015.74,213687631.68
2021-07-26,61810332357.36,27128354547.97,5557850931.94,11968828100.75,1245483833.82,920879418.8,326568499.27,561918593.02,212270965.23
2021-07-27,61785589987.92,27204138511.95,5567049026.35,12159590995.79,1242866155.99,921831677.45,305167830.85,597492818.78,209349353.36
2021-07-28,61795589987.92,27309587668.25,5602477501.24,12224571047.08,1239706799.78,931567832.41,208925584.2,573365878.48,224486349.95
2021-07-29,61796971748.16,27210275224.25,5596931978.33,12198103689.84,1249325957.44,923559130.23,215157698.03,568853166.74,226311295.38
2021-07-30,61797452217.69,27291945750.67,5610270542.02,12285746621.84,1252104766.48,926059238.07,220062878.46,551925036.43,195656770.81
2021-07-31,61791052217.69,27337822725.95,5631294646.15,12285746621.84,1255838376.76,926059238.07,221794262.63,551925036.43,191441995.34
2021-08-01,61871052217.69,27416649778.71,5666716290.43,12225898273.79,1256858800.33,927867527.6,224143324.5,551937880.64,215925154.63
2021-08-02,61938052217.69,27404860303.78,5668589025.83,12154108047.03,1258374821.1,920553289.27,244468642.21,507422818.79,201100289.63
2021-08-03,61990121093.69,27462680933.39,5682227004.25,12047209455.05,1274275081.23,911488268.59,248740251.11,512019045.16,233600488.43
2021-08-04,62000121093.69,27497538884.56,5690873747.47,11988640420.58,1219954982.64,908085617.62,251929418.69,499603475.16,189262888.0
2021-08-05,62000121093.69,27608654331.23,5701120766.01,11966512838.49,1236164955.23,908737277.53,252796167.4,499190653.16,225205654.05
2021-08-06,62001013281.4,27548300471.4,5705324239.02,12186081604.32,1252960710.52,913411840.28,266856642.88,497336891.84,239793011.32
2021-08-07,62101133281.4,27603145138.24,5749486753.99,12186081604.32,1257104513.5,913411840.28,270228738.73,497836964.84,256394243.45
2021-08-08,62200234130.55,27700394050.23,5788808311.43,12252758178.35,1257677638.04,927753129.33,272551355.75,497836964.84,270267590.49
2021-08-09,62469234130.55,27904568207.75,5776678491.19,12160338142.57,1259141639.04,929602919.06,249371099.77,479418270.41,216908378.82
2021-08-10,62556234130.55,27997701452.51,5821516977.55,12093046834.51,1271043252.15,928845451.67,252795057.48,478814272.92,223426015.05
2021-08-11,62564734130.55,27980465805.21,5858110092.6,12001264341.91,1270077407.38,932993551.19,262181064.83,474948491.92,248911077.49
2021-08-12,62944734130.55,27838828389.07,5889050585.83,12010106727.9,1283513312.81,936445708.59,267492225.98,483112595.06,276496889.27
2021-08-13,62945734130.55,27701791711.79,5926922504.76,12008723458.01,1291635095.33,932274231.34,244648653.09,474705455.98,254314255.8
2021-08-14,63246734130.55,27709926557.36,5946835455.98,12004514552.87,1292763695.28,938681396.16,248004280.12,475922356.98,258928491.91
2021-08-15,63346734130.55,27651125346.0,5974059704.99,12047405938.99,1293184288.84,942491911.88,248752711.91,495429956.99,261478590.78
2021-08-16,63646734130.55,27419565421.05,5990105236.53,11910425630.57,1294123799.59,944074837.53,257250608.45,489354498.35,315916163.65
2021-08-17,64046734130.55,27448270159.9,5983137155.58,11891837836.69,1285857776.01,944578113.07,210759889.71,490087214.55,319853217.09
2021-08-18,64056734130.55,27483560430.08,6005599704.75,11957324880.1,1318221794.62,948304954.11,195135262.5,490066645.56,307177555.78
2021-08-19,64176834130.55,27322092400.81,6016989033.25,12020528017.87,1361809500.7,950189896.66,196788751.07,490273651.47,299728591.74
2021-08-20,64206834130.55,26966543973.93,6039295738.13,12202203842.93,1352255949.15,944075966.41,199087779.47,481454190.73,297764002.28
2021-08-21,64626834130.55,26988022974.91,6049530354.55,12302519501.49,1371015080.91,945184831.68,201658583.76,481943672.8,288747857.28
2021-08-22,64626834130.55,26974453355.35,6055644666.66,12285640551.59,1370913947.08,945222628.8,203524069.08,483430812.25,292542179.61
2021-08-23,64826834130.55,26939397313.68,6067470463.58,12324792593.45,1397699385.2,943906997.31,193053763.3,479855535.75,318800316.3
2021-08-24,65006834130.55,26981432215.21,6057760442.6,12173655260.96,1399108386.97,945642940.11,205324299.97,456995446.75,330420670.2
2021-08-25,65461434000.58,27052649215.55,6058399787.01,12130312704.27,1379466526.19,945642940.11,184215128.48,455169074.38,320709329.09
2021-08-26,65511633975.6,26993245260.97,6061161135.35,12175987734.36,1386509472.65,945642940.11,200488753.87,456532928.81,316387492.91
2021-08-27,65508745280.74,27148184207.66,6096340237.3,12175987734.36,1399205293.22,945642940.11,194959651.58,454431295.81,313569880.41
2021-08-28,65509475280.74,27135575850.1,6105874317.19,12175987734.36,1403530771.65,945642940.11,194959651.58,454431295.81,313097523.01
2021-08-29,65489475280.74,27216121456.3,6116295337.35,12175987734.36,1394262442.69,945642940.11,194959651.58,454431295.81,306172292.01
2021-08-30,65489475280.74,27394391285.88,6120938967.8,12246036764.62,1402980317.03,945642940.11,211625648.58,455573006.77,308600736.21
2021-08-31,65490575253.34,27403523143.24,6135078935.31,12247726038.65,1403570196.0,945642940.11,190037014.3,463535521.55,285852771.46
2021-09-01,65600678008.03,27511760409.72,6149529119.22,12491418489.9,1398522890.05,945642940.11,201612685.43,461731872.99,296544105.29
2021-09-02,65754678008.03,27496248166.63,6350104319.14,12558265030.12,1381469240.89,945642940.11,194607096.64,463922223.99,296918484.67
2021-09-03,66489777886.05,27626982062.89,6401482740.47,12546936699.03,1387762517.43,945642940.11,209355159.92,463922223.99,272362431.88
2021-09-04,66774877886.05,27672858581.02,6406661763.3,12606863534.29,1390933687.43,945642940.11,217566694.09,459136762.19,273512984.95
2021-09-05,66778877886.05,27808907632.18,6428710821.74,12606863534.29,1393528767.8,945642940.11,219744756.25,459136762.19,273001720.84
2021-09-06,67485377886.05,27821690621.56,6475235530.12,12553977646.51,1402016729.58,945642940.11,223033356.29,458209625.19,281100455.46
2021-09-07,67541377886.05,28066968155.36,6508266134.55,12483771026.07,1417326908.91,945642940.11,179744103.42,457246835.19,278640353.64
2021-09-08,68625377886.05,28591923590.82,6489654521.17,12750931423.15,1420263445.87,945642940.11,181385718.58,458164638.19,265778749.96
2021-09-09,68545633035.05,28878929016.65,6497469787.27,12580431567.37,1430160894.7,945642940.11,159656976.4,456494584.8,259355189.31
2021-09-10,68349613035.05,29133716127.16,6475309207.71,12468092358.03,1440683233.37,945642940.11,170503562.27,456494584.8,256788776.41
2021-09-11,68290615735.67,29179305642.82,6462673340.69,12468092358.03,1444763770.63,945642940.11,173373549.9,457337554.54,256035010.8
2021-09-12,68340615735.67,29233079596.23,6562665357.58,12468092358.03,1444374568.63,945642940.11,174830000.74,467249655.55,252777629.3
2021-09-13,68260615735.67,29320162359.32,6566766858.83,12333600563.64,1402414311.02,945642940.11,184155945.39,477523851.14,243114049.53
2021-09-14,68261015533.87,29223486214.85,6542048588.16,12378573332.55,1409547475.77,945642940.11,194196173.23,478003355.5,255553019.84
2021-09-15,68261274250.15,29235320276.79,6542048588.16,12672560379.99,1401949236.45,945642940.11,194228798.09,477882425.67,262715564.14
2021-09-16,68253774250.15,29195588509.62,6578256034.58,12744831747.24,1402556566.67,945642940.11,205366240.26,473607346.52,180012600.48
2021-09-17,68253976148.25,29283570825.24,6578256034.58,12805680607.0,1399156898.05,945642940.11,213646076.26,478713606.45,180012600.48
2021-09-18,68284106148.25,29379356149.66,6600149456.23,12813558455.77,1396795055.95,945642940.11,212585541.68,480959849.27,180012600.48
2021-09-19,68292505886.53,29435964786.31,6598457895.15,12833444458.7,1398066401.43,945642940.11,213516139.39,480959849.27,180012600.48
2021-09-20,68292505886.53,29387719712.65,6578600835.63,12852990156.16,1391324249.86,945642940.11,171675974.06,480934099.27,180012600.48
2021-09-21,68737505886.53,29741380017.2,6578600835.63,12852990156.16,1403838453.8,945642940.11,170040306.7,480934099.27,180012600.48
2021-09-22,68669605855.56,30056774148.27,6299404017.8,12939690908.09,1415848760.16,945642940.11,164402415.75,481478515.47,180012600.48
2021-09-23,68600105855.56,30323225780.67,6299404017.8,13006677458.64,1433361120.67,945642940.11,172976196.36,481478515.47,180012600.48
2021-09-24,68592705855.56,30688745774.45,6299404017.8,13492710896.77,1448425637.19,945642940.11,171263902.54,481478515.47,180012600.48
2021-09-25,68542995824.59,30817334456.82,6299404017.8,13622791996.14,1453084392.22,945642940.11,168904960.76,481478515.47,180012600.48
2021-09-26,68542995824.59,31079938619.11,6344296902.5,13689325309.03,1453421841.46,945642940.11,169424952.69,481478515.47,180012600.48
2021-09-27,68542995824.59,31139893448.81,6513567449.79,13526088094.19,1455133362.9,945642940.11,173163236.16,481478515.47,268109841.29
2021-09-28,68543095824.59,31154277542.55,6513567449.79,13528317232.93,1463775344.56,945642940.11,150619830.95,481478515.47,265540798.25
2021-09-29,68467569674.74,31390535917.72,6474951713.64,13623165438.75,1400070125.06,945642940.11,150619830.95,481478515.47,205020814.07
2021-09-30,68467569674.74,31512101928.06,6474951713.64,12990015296.24,1334301161.45,945642940.11,150619830.95,481478515.47,201403455.03
2021-10-01,68024069674.74,31908607163.95,6474951713.64,13013867737.05,1336460858.79,945642940.11,225658330.03,481478515.47,198931560.41
2021-10-02,68024069674.74,32121114452.2,6474951713.64,13107973510.43,1341460546.58,945642940.11,229392653.05,481478515.47,198839658.6
2021-10-03,68024069674.74,32226249728.63,6474951713.64,13107973510.43,1342821382.98,945642940.11,231805074.4,481478515.47,201197126.69
2021-10-04,68024069674.74,32184517325.79,6474951713.64,13059492391.44,1343497746.03,945642940.11,231627924.22,481478515.47,194607165.92
2021-10-05,68024069674.74,32372129038.18,6474951713.64,13059492391.44,1344818012.51,945642940.11,249484582.3,481478515.47,198403644.37
2021-10-06,68024069674.74,32445314961.46,6474951713.64,13059492391.44,1346779100.84,945642940.11,251326924.48,481478515.47,183644828.95
2021-10-07,68044069674.74,32657818777.34,6474951713.64,13059492391.44,1346624819.89,945642940.11,201433076.12,481478515.47,176468432.6
2021-10-08,68215069674.74,32903849848.17,6474951713.64,13091134136.78,1307457991.04,945642940.11,176605989.67,481478515.47,178065595.54
2021-10-09,68400170064.34,32966088827.34,6474951713.64,13096696728.83,1306977191.12,945642940.11,181804761.84,481478515.47,178809161.63
2021-10-10,68404570064.34,33154427989.68,6474951713.64,13182583774.74,1308539573.95,945642940.11,183915149.26,481478515.47,182426068.06
2021-10-11,68404570064.34,33181653221.08,6474951713.64,13182583774.74,1307799894.83,945642940.11,188867239.78,481478515.47,178870209.43
2021-10-12,68709070064.34,32966981766.93,6474951713.64,13128030752.6,1307204785.13,945642940.11,180566302.76,481478515.47,176117462.15
2021-10-13,68779070064.34,32802274188.94,6474951713.64,12965512468.28,1278400066.83,945642940.11,187109681.04,481478515.47,139185598.65
2021-10-14,68799070064.34,32811480173.29,6474951713.64,13230086600.83,1285395916.48,945642940.11,134339780.39,481478515.47,130466972.98
2021-10-15,68589070064.13,32759519177.06,6474951713.64,13230086600.83,1289402243.74,945642940.11,119000182.24,481478515.47,127215012.65
2021-10-16,68761070054.13,32770317589.52,6474951713.64,13073555531.2,1290817040.71,945642940.11,120453328.02,481478515.47,134428070.45
2021-10-17,69036070054.13,32797191138.27,6474951713.64,13009492387.24,1291185933.76,945642940.11,122056770.09,481478515.47,137673080.17
2021-10-18,69036070054.13,32682643315.04,6474951713.64,13057877154.66,1289628329.94,945642940.11,125481724.45,481478515.47,132166808.95
2021-10-19,69043109914.27,32218418497.7,6474951713.64,13107693748.47,1291055764.94,945642940.11,130037239.62,481478515.47,132371179.18
2021-10-20,69043109914.27,32367526232.57,6474951713.64,13224616239.58,1300698379.92,945642940.11,121268189.18,481478515.47,153967971.87
2021-10-21,69343109914.27,32291912873.07,6474951713.64,13234595933.91,1292867198.18,945642940.11,128118078.74,481478515.47,153797358.28
2021-10-22,69613109914.12,32381776149.98,6474951713.64,12929324097.3,1275168587.78,945642940.11,121592218.75,326543939.66,153090129.73
2021-10-23,69574109914.12,32543760222.84,6474951713.64,12864768286.7,1276738179.65,945642940.11,121992382.0,327215177.14,154563920.88
2021-10-24,69574109914.12,32588712505.75,6474951713.64,12864768286.7,1277343073.52,945642940.11,121271769.95,327479997.14,151745462.15
2021-10-25,69574109914.11,32500740725.78,6474951713.64,12878756944.26,1269443132.75,945642940.11,128471403.76,295579520.47,155918108.36
2021-10-26,69663609914.11,32509827232.29,6474951713.64,12775099763.27,1273966694.21,945642940.11,133005199.1,300471897.36,163933418.6
2021-10-27,69759109914.11,32586969768.85,6474951713.64,12784195603.94,1262725795.11,945642940.11,139734200.78,299346038.34,198603369.57
2021-10-28,70070109914.11,32730709515.47,6474951713.64,12983703907.27,1248127178.38,945642940.11,140179683.38,239279503.74,150270883.09
2021-10-29,70070109914.11,32901843359.39,6474951713.64,13035393544.43,1180415416.05,945642940.11,147581583.69,237492497.88,106673439.57
2021-10-30,70320109911.71,33061264713.78,6474951713.64,13315871466.31,1181798887.27,945642940.11,151873626.27,237188598.41,105031766.87
2021-10-31,70260109911.71,33181046821.21,6474951713.64,13619701327.13,1184842850.57,945642940.11,153799862.85,237688650.41,104945665.57
2021-11-01,70245260761.65,33274034920.87,6474951713.64,13704966705.95,1187843494.54,945642940.11,132513226.87,237344813.47,95176001.9
2021-11-02,70545760760.65,33356190730.97,6474951713.64,13704966705.95,1190208437.23,945642940.11,140538770.86,247069366.47,102590096.43
2021-11-03,71045760760.65,33608029223.13,6474951713.64,13704966705.95,1201568313.9,945642940.11,153905595.48,263258345.45,148462330.97
2021-11-04,71395704634.65,33726563163.54,6474951713.64,14207367201.9,1213682095.51,945642940.11,129977689.07,263980746.12,131705516.87
2021-11-05,71774304634.65,33920683208.88,6474951713.64,13816939213.12,1220640259.51,945642940.11,148866134.26,264083960.64,129115518.8
2021-11-06,71852304634.65,34218288823.27,6474951713.64,13545249889.36,1226457600.3,945642940.11,151089053.01,265119282.01,129069825.98
2021-11-07,72535304634.65,34321193883.96,6474951713.64,13608731064.1,1252491592.44,945642940.11,150363238.38,265119282.01,128994303.63
2021-11-08,72535304634.52,34346526700.12,6474951713.64,13585508855.22,1251303619.83,945642940.11,160395143.98,264042234.01,132527701.01
2021-11-09,73266304634.52,34642076579.93,6474951713.64,13541249919.7,1255751077.29,945642940.11,163487108.49,265259720.68,135798615.78
2021-11-10,73809061438.52,34424351583.84,6474951713.64,13541249919.7,1254697400.24,945642940.11,165369110.11,265259720.68,159370258.48
2021-11-11,73859061438.52,34424351583.84,6474951713.64,13541249919.7,1201942131.64,945642940.11,165369110.11,265259720.68,115371381.28
2021-11-12,73859886038.52,34424351583.84,6474951713.64,13541249919.7,1211004557.48,945642940.11,179907087.79,258855080.37,110649695.67
2021-11-13,73859886038.52,34424351583.84,6474951713.64,13541249919.7,1220198955.52,945642940.11,186940433.07,258855080.37,122397266.62
2021-11-14,73859886038.52,34424351583.84,6474951713.64,12694721881.85,1222623251.11,945642940.11,187261111.08,258855080.37,124098013.87
2021-11-15,73864886038.52,34424351583.84,6474951713.64,12796215398.22,1234496925.06,945642940.11,134066841.92,258796478.29,124889192.84
2021-11-16,73761443730.02,34424351583.84,6474951713.64,12873967472.64,1251369959.03,945642940.11,140627553.09,258619712.29,114680191.96
2021-11-17,73761443730.02,34424351583.84,6474951713.64,13028801704.84,1271410188.39,945642940.11,135954552.72,259821978.45,97499389.41
2021-11-18,73761443730.02,34424351583.84,6474951713.64,13087809174.25,1293438282.82,945642940.11,143270169.39,284826708.02,108727215.91
2021-11-19,72983443701.93,34424351583.84,6474951713.64,13024244327.89,1236178406.97,945642940.11,149865729.01,284862754.5,114511169.15
2021-11-20,73045943701.93,34424351583.84,6474951713.64,13223556920.67,1244721620.72,945642940.11,149736593.39,284862754.5,116683218.48
2021-11-21,73086543701.93,36173965321.41,6474951713.64,13223556920.67,1241295864.43,945642940.11,150469335.96,285648167.39,144170037.3
2021-11-22,73086543701.93,36427148401.92,6474951713.64,13223556920.67,1253171908.08,945642940.11,157445006.5,285648167.39,99231089.03
2021-11-23,72493043701.91,36726702797.52,6474951713.64,12918879203.28,1274928396.52,945642940.11,162104513.34,292292500.19,107577638.3
2021-11-24,72495543701.74,37178404014.04,6474951713.64,12896867513.97,1281617573.87,945642940.11,170634537.56,309190297.15,107291042.89
2021-11-25,72550043701.64,37416473604.61,6474951713.64,12958665605.81,1278369013.71,945642940.11,171476967.4,314740352.28,107480677.41
2021-11-26,72550043701.64,37943404608.57,6474951713.64,12980502471.43,1294465090.35,945642940.11,177045587.3,314966567.98,101445554.73
2021-11-27,73121243701.64,38159374692.09,6474951713.64,12970571287.75,1293779861.66,945642940.11,173091752.49,325017601.81,103283165.69
2021-11-28,73121243701.64,38392743773.64,6474951713.64,12970571287.75,1288474038.92,945642940.11,174888679.89,325017601.81,97794248.71
2021-11-29,73121243701.64,38538896021.22,6474951713.64,13107808792.98,1302632214.93,945642940.11,204513950.14,325703051.07,104753297.22
2021-11-30,73305922706.64,38686279351.94,6474951713.64,13426035658.49,1262581342.36,945642940.11,207285409.37,276247378.95,104047987.49
2021-12-01,73578322706.64,38897208228.29,6474951713.64,13532537942.77,1264702277.13,945642940.11,222541358.13,277163993.4,135790692.22
2021-12-02,74083154138.64,39065070050.3,6474951713.64,13618395227.86,1273490381.12,945642940.11,221293220.15,277440035.59,135851885.89
2021-12-03,74103154138.64,39053512640.49,6474951713.64,13772876851.27,1228831600.51,945642940.11,225240471.93,317077891.87,122956759.94
2021-12-04,74157654133.69,39888116798.6,6474951713.64,13600432290.21,1263312584.69,945642940.11,222236181.67,316945970.87,134434494.2
2021-12-05,75112354133.69,40937321253.51,6474951713.64,13598465809.9,1265425089.26,945642940.11,200316364.06,316945970.87,99807701.15
2021-12-06,75515354133.69,40841201105.99,6474951713.64,13352139798.84,1292275827.35,945642940.11,147838356.01,310926626.52,111515865.57
2021-12-07,76014304133.69,40922492602.35,6474951713.64,13517000658.33,1292249563.49,945642940.11,144809741.34,318506040.28,109626093.33
2021-12-08,76206804133.69,41044116353.04,6474951713.64,13657024670.54,1295257856.48,945642940.11,134981839.27,319642820.14,126188563.4
2021-12-09,76326304133.69,41036033501.66,6474951713.64,13800014685.54,1296179258.86,945642940.11,145509848.49,320236586.75,115728123.43
2021-12-10,76156304083.69,41396400622.9,6474951713.64,13800014685.54,1302875474.82,945642940.11,145509848.49,320271655.68,107528854.98
2021-12-11,76156304083.69,41536111678.21,6474951713.64,13800014685.54,1308612189.08,945642940.11,145509848.49,320271655.68,109265220.95
2021-12-12,76156304083.69,41631177737.74,6474951713.64,13800014685.54,1309552921.3,945642940.11,145509848.49,320271655.68,106225999.91
2021-12-13,76458204083.69,41520074328.17,6474951713.64,13800014685.54,1316688663.1,945642940.11,145509848.49,320271655.68,125148352.24
2021-12-14,76433204083.69,41711035585.43,9104859153.15,13800014685.54,1317427473.55,945642940.11,145509848.49,320271655.68,123741877.06
2021-12-15,76383204083.68,41728593776.1,9181196062.57,13800014685.54,1324449377.72,945642940.11,145509848.49,320271655.68,91122434.53
2021-12-16,76694204083.68,41892744006.56,9197259825.57,13800014685.54,1324922730.62,945642940.11,145509848.49,320271655.68,94737937.25
2021-12-17,76310909011.56,41948404174.96,9193535121.17,14377988823.81,1337129541.84,945642940.11,145509848.49,314165703.3,106553401.99
2021-12-18,76301409011.56,42057545744.0,9224580810.99,14377988823.81,1339083424.25,945642940.11,145509848.49,314165703.3,106758143.79
2021-12-19,76289909011.56,42066799177.39,9227495283.17,14377988823.81,1339300747.4,945642940.11,145509848.49,314165703.3,106786333.75
2021-12-20,76289909011.56,42190214094.54,9261739076.21,14441818376.32,1258743246.42,945642940.11,145509848.49,310539884.71,110991125.14
2021-12-21,76218596823.75,42348136733.7,9289379643.87,14511178110.94,1260477519.72,945642940.11,145509848.49,310711811.89,117523904.68
2021-12-22,76219596823.72,42445536338.28,9301525116.43,14525786006.74,1208244730.46,945642940.11,145509848.49,309711856.93,117605289.68
2021-12-23,77346559654.7,42558500581.07,9292798012.01,14633196847.5,1228426849.54,945642940.11,145509848.49,314139582.42,136317675.23
2021-12-24,77591578542.39,42451287410.17,9296882434.5,14633196847.5,1232804230.64,945642940.11,145509848.49,314339630.68,144510527.93
2021-12-25,77591578542.39,42467427061.34,9322333860.57,14633196847.5,1312454681.04,945642940.11,145509848.49,314339630.68,144437014.34
2021-12-26,77985581940.49,42429875307.52,9364161203.73,14633196847.5,1315452075.16,945642940.11,145509848.49,314339630.68,142375853.46
2021-12-27,77991555925.48,42130933141.33,9362565889.98,14633196847.5,1321963456.8,945642940.11,183243863.77,315393554.5,143631370.19
2021-12-28,78148555925.49,42094730545.27,9314070834.21,14633196847.5,1281200989.8,945642940.11,170621284.13,429427159.35,141353338.1
2021-12-29,78149556327.15,42139387919.92,9300387826.8,14633196847.5,1291938608.19,945642940.11,170405583.17,429196947.27,136723917.01
2021-12-30,78344882506.72,42301097228.84,9250471041.34,14633196847.5,1291158804.48,945642940.11,174867216.36,427434062.63,129627321.38
2021-12-31,78336882506.72,42166083039.43,9269565774.09,14633196847.5,1289494592.13,945642940.11,180744564.51,426234053.33,129459280.53
2022-01-01,78337882506.72,42451317814.68,9300604652.07,14633196847.5,1294699947.9,945642940.11,193220873.75,427185603.33,129051121.58
2022-01-02,78337882506.72,42572544666.16,9334059039.13,14633196847.5,1296645725.4,945642940.11,195150621.9,427663609.33,129179192.04
2022-01-03,78337882506.72,42580138539.16,9365448521.82,14633196847.5,1287128836.93,945642940.11,202022501.4,424249304.73,125517532.79
2022-01-04,78237982506.72,42594749893.86,9395985581.68,14633196847.5,1294452805.85,945642940.11,165978269.72,424235103.57,128850265.79
2022-01-05,78437966727.65,42755004977.02,9374729915.88,14314325314.32,1298304363.26,945642940.11,182896045.1,419401095.26,133339297.74
2022-01-06,78542163567.56,43095316720.29,9314454304.6,14381645604.27,1312028905.73,945642940.11,165633840.06,415806636.07,132513860.73
2022-01-07,78426163467.56,39683436251.49,9334349800.46,14252832840.79,1321841965.24,945642940.11,170286395.55,417188453.6,126866643.96
2022-01-08,78292666627.06,43522808264.9,9356251947.8,14197609572.51,1323725112.16,945642940.11,169460618.47,426743786.6,125028734.51
2022-01-09,78292663468.06,43642646024.36,9286662183.89,14024581522.51,1325961545.35,945642940.11,172503683.77,426743786.6,123309883.05
2022-01-10,78291666627.06,43804842657.26,9343577587.94,14016766859.29,1416712666.39,945642940.11,177813780.53,425862481.67,120598024.1
2022-01-11,78279163466.98,44092220703.02,9361090453.85,14032169148.38,1415064409.72,945642940.11,139424227.7,426110116.12,120244610.68
2022-01-12,78391169307.44,44640381374.92,9422424798.31,14178105995.48,1423320764.21,945642940.11,159009999.5,425817459.84,120148611.54
2022-01-13,78396366147.35,44990272418.73,9475245857.44,14248528863.97,1426434838.19,945642940.11,177908365.29,406967944.57,117597714.83
2022-01-14,78394369307.44,45170100399.64,9507144813.62,14392136789.53,1435059646.16,945642940.11,185750268.85,407390779.37,118623889.2
2022-01-15,78399569300.66,45296533768.45,9533460851.45,14447199773.45,1441006400.9,945642940.11,194865990.37,407455152.31,118166845.59
2022-01-16,78399566140.57,45448296432.84,9612511415.09,14447199773.45,1441038434.41,945642940.11,200627558.66,407455152.31,121708026.39
2022-01-17,78399569300.66,45498361293.44,9682344453.0,14293945843.09,1439799869.97,945642940.11,206744653.02,407585256.31,105460112.73
2022-01-18,78304569300.66,45732515760.33,9695538245.28,14293945843.09,1445634535.34,945642940.11,212514490.24,408455110.16,106125925.88
2022-01-19,78314566140.57,46035946154.99,9756301419.59,14351570295.53,1399650722.06,945642940.11,232308965.96,409093595.82,111406727.74
2022-01-20,78324566140.57,46348868085.12,9761762856.44,14318821084.72,1397821681.35,945642940.11,237946267.39,409768645.99,115231557.29
2022-01-21,78274566150.55,42778952628.2,9591710590.99,14283783116.35,1417350327.77,945642940.11,251495589.09,407325193.73,114829387.25
2022-01-22,78251766150.55,43263050569.87,9612772859.12,14283193010.41,1433981531.74,945642940.11,251495589.09,405825193.73,101784820.97
2022-01-23,78311766178.46,47644490425.62,9613700162.28,14014646583.71,1433877488.22,945642940.11,251495589.09,405805376.83,103740216.82
2022-01-24,78260066178.46,48044253320.29,9758090420.25,14108738555.49,1414755217.57,945642940.11,251495589.09,404549229.21,93054270.37
2022-01-25,78157666178.46,49685918255.4,9722489147.08,14278734158.56,1447335944.94,945642940.11,251495589.09,375411595.72,96430402.61
2022-01-26,78157666178.09,49685918255.4,9815894027.18,14541349217.95,1466171517.35,945642940.11,182124630.05,374774189.61,104352674.04
2022-01-27,78192127985.94,49765127794.81,9641198647.27,14839197480.2,1484678357.11,945642940.11,165431236.63,375575221.76,95562497.57
2022-01-28,78168627985.94,49765127794.81,9580085627.74,14927347922.75,1487138636.05,945642940.11,178311568.2,376240927.49,80066142.47
2022-01-29,78113427985.94,49765127794.81,9621680284.66,14927347922.75,1494981953.07,945642940.11,177387579.83,376240927.49,89001295.43
2022-01-30,78117427985.94,49797637582.57,9632385819.47,14984573515.52,1496139052.73,945642940.11,175578892.64,376240927.49,91491811.66
2022-01-31,78120427990.94,49871154097.39,9594510091.88,15318103425.74,1500588685.53,945642940.11,193304504.69,376896122.76,98967666.91
2022-02-01,77980427990.89,50085255170.13,9625678239.05,15501750808.8,1505194815.98,945642940.11,204372897.42,377208521.69,106668082.47
2022-02-02,77940728002.87,50430379414.84,9649761176.53,15779087061.85,1510005370.08,945642940.11,218010529.61,378483296.66,106128091.2
2022-02-03,77949705183.86,50808742182.02,9610789475.84,16120286518.38,1512652753.43,945642940.11,234319726.26,380306615.76,107162527.53
2022-02-04,77954701018.85,50894353651.58,9643829141.1,16457043042.04,1518697255.61,945642940.11,248061604.61,380766203.76,100636844.05
2022-02-05,77908751038.84,51033266137.44,9745982103.12,16522327496.89,1522448805.47,945642940.11,251669903.27,390766203.76,99743069.94
2022-02-06,77908751038.84,51036025522.04,9763558730.7,16522327496.89,1521339119.02,945642940.11,255536556.56,390766203.76,97371377.67
2022-02-07,77908751038.84,51340249462.14,9905453805.28,16813276611.99,1525622406.24,945642940.11,209401598.97,386904708.59,117550850.46
2022-02-08,77922851073.84,51605924236.46,10083358773.13,17072453177.98,1532635345.73,945642940.11,225307967.13,387766998.15,110545875.32
2022-02-09,77926851087.84,51847135961.12,10179879612.25,17329138004.61,1471377840.23,945642940.11,222711119.28,393999876.58,116858476.25
2022-02-10,78034451118.84,52125450800.29,10234093039.68,17575094794.04,1477731617.11,945642940.11,249797230.4,393646244.08,126594984.97
2022-02-11,78385451172.84,52251589227.72,10254447584.36,17783658054.09,1479794807.93,945642940.11,259071327.1,393626747.4,122401579.26
2022-02-12,78423051213.79,52303215480.08,10254428490.48,17592568656.36,1479244790.64,945642940.11,267106827.03,393626747.4,117876620.12
2022-02-13,78423051213.79,52361250169.67,10254500483.77,17592568656.36,1482801342.56,945642940.11,267950568.09,393626747.4,115629264.55
2022-02-14,78459051307.79,52475582069.95,10238275744.46,17563820278.79,1483953712.04,945642940.11,254357652.89,394036701.56,104555871.29
2022-02-15,78470051333.79,52533034657.36,10375211966.47,17819806595.05,1487545509.55,945642940.11,261777039.02,398296880.48,118366938.94
2022-02-16,78641051388.79,52622371248.99,10305073296.93,17760917231.25,1490119598.25,945642940.11,267158931.27,397635321.84,117093351.43
2022-02-17,78673051478.79,52581058308.67,10223231276.44,18033391734.3,1415861170.73,945642940.11,278537034.52,398019831.5,105560826.53
2022-02-18,78694751543.78,52539655962.59,10189736480.89,18187576575.8,1420531878.54,945642940.11,294486412.83,358649029.53,100181942.4
2022-02-19,78997501612.78,52617877553.86,10206351481.66,18187576575.8,1428937131.72,945642940.11,294181924.47,359107439.69,103542037.08
2022-02-20,79019501685.78,52596483785.48,10188121980.82,18110422295.21,1429067396.05,945642940.11,294088298.69,358982381.69,102485030.54
2022-02-21,79045602762.78,52605555995.43,10163569532.89,18110422295.21,1432692587.81,945642940.11,297155243.76,332152412.45,102762619.8
2022-02-22,79354706739.88,52721772610.5,10098339147.91,18290587390.55,1430709918.08,945642940.11,224496875.71,336568169.78,98183857.83
2022-02-23,79415206824.88,52823332717.47,10077900845.71,18265337049.3,1448580573.04,945642940.11,225052562.19,338898353.47,102366607.46
2022-02-24,79474606868.88,53128667645.94,9882665009.94,18554015725.08,1467676424.76,945642940.11,204938997.79,354348044.84,102383841.86
2022-02-25,79483506959.88,53271579594.19,9673925718.92,18131832550.12,1472147048.95,945642940.11,205165067.56,356054217.64,113641179.69
2022-02-26,79540056297.85,53290855615.78,9657875981.12,18138248436.5,1476113547.66,945642940.11,213559439.64,355696692.04,115149373.49
2022-02-27,79548056346.85,53385655659.64,9655764143.95,18138248436.5,1479689438.93,945642940.11,214105182.19,357971191.04,120015601.61
2022-02-28,79576056394.1,53466936781.83,9684373691.57,18335136072.67,1493606336.32,945642940.11,221350788.4,358769657.98,121186455.2
2022-03-01,79416066408.11,53538756983.65,9698762979.91,18336056794.64,1493586640.35,945642940.11,222286238.31,361699862.98,116668520.51
2022-03-02,79442056421.1,53448248892.2,9640971280.9,18261233489.72,1494839965.73,945642940.11,223569049.79,362541531.58,99874661.47
2022-03-03,79757056429.1,53376615528.62,9651982099.84,18116313480.85,1446571839.39,945642940.11,237562241.09,365304916.22,101756320.28
2022-03-04,79513056448.1,52866119743.47,9728110942.25,17996245420.78,1439311027.9,945642940.11,253061818.0,368652223.19,81206685.05
2022-03-05,79713056448.1,52908656486.43,9712369112.97,17952166487.87,1442166766.14,945642940.11,253700527.56,369140532.29,87411866.14
2022-03-06,79713056448.1,52846388124.92,9721231905.44,17952166487.87,1443163218.33,945642940.11,255830693.48,370374843.88,91308599.98
2022-03-07,80023056459.1,52457366666.43,9895008454.61,17990067821.06,1455604808.56,945642940.11,263146271.55,375555336.87,102243517.95
2022-03-08,80029556459.1,52432334232.99,9774686549.41,17841542479.48,1460800469.27,945642940.11,276968241.89,372866279.11,97172141.64
2022-03-09,80028316059.1,52406750569.78,9809144194.84,18013839122.65,1470448923.15,945642940.11,285606116.27,373567714.74,95089856.44
2022-03-10,80033716071.1,52547029905.68,9802151230.47,18003006454.86,1474719193.21,945642940.11,305271661.26,375685307.82,93849763.9
2022-03-11,80047716084.05,52500736727.53,9831928890.14,17970467706.5,1476043619.02,945642940.11,315047665.39,376688600.65,93376826.89
2022-03-12,80062716113.05,52381794429.25,9846710852.09,18008290773.71,1483451984.01,945642940.11,316248842.91,377678693.93,93370114.9
2022-03-13,80072716129.05,52429204078.73,9830209589.73,18008290773.71,1485615925.08,945642940.11,332706532.85,376625835.93,92491812.56
2022-03-14,80081716146.05,52442604854.23,9825985864.3,17960511036.27,1494545188.42,945642940.11,338053449.93,379315747.37,94717897.65
2022-03-15,80081716146.05,52421636624.95,9813338053.62,17940927189.88,1443030749.35,945642940.11,354490034.67,409798349.07,95885720.67
2022-03-16,80090716164.05,52412114748.75,9817303718.42,17815600282.08,1407356818.63,945642940.11,359278901.11,433557023.24,94899900.48
2022-03-17,80121716246.04,52722747394.32,9843408303.98,17733123517.02,1411931611.61,945642940.11,375245614.67,445036162.87,94461517.4
2022-03-18,80425816318.04,52856531546.95,9869878451.0,17806035748.46,1419807298.86,945642940.11,380843436.03,445064374.27,102792468.19
2022-03-19,80413316399.04,52913793001.78,9909475859.04,17806035748.46,1415183476.37,945642940.11,388986802.45,445064374.27,103551976.46
2022-03-20,80747335458.04,53004490761.15,9971241657.34,17806035748.46,1416159872.76,945642940.11,391694855.73,444454374.27,99577565.77
2022-03-21,80781335521.04,53020020218.23,9969092090.57,17717595655.29,1417536712.24,945642940.11,395962614.24,443481185.08,101391042.08
2022-03-22,80755335623.04,52683620851.43,9932146629.73,17675133040.44,1361001571.72,945642940.11,400330747.1,428009126.89,100911802.48
2022-03-23,80824735523.29,52437407094.85,9888586529.91,17657279615.32,1362701477.78,945642940.11,401598487.63,401354623.77,106056955.13
2022-03-24,80884735689.26,52473704528.72,9755023390.16,17625528034.98,1362329143.51,945642940.11,305637580.25,400365023.78,108412812.47
2022-03-25,80958735861.26,52303246332.68,9702269638.25,17566012233.83,1357546397.25,945642940.11,212060549.88,385355513.28,107185161.05
2022-03-26,81312735958.26,51981111101.42,9668622502.74,17566012233.83,1360797952.9,945642940.11,213338938.98,397452945.7,104294673.45
2022-03-27,81331736008.26,52080992406.76,9681708980.37,17566012233.83,1359459701.9,945642940.11,213338938.98,397442910.09,104293232.96
2022-03-28,81374736008.16,52110053878.15,9664220177.13,17539133957.06,1362415203.94,945642940.11,213338938.98,396593940.67,113689547.42
2022-03-29,81539736005.16,51797167430.14,9616161947.22,17542318709.5,1358388407.73,945642940.11,231081002.77,394587279.74,116982524.18
2022-03-30,81671735986.16,51769928332.99,9651549637.77,17469156090.9,1368133209.58,945642940.11,236219215.3,394871648.26,132345894.78
2022-03-31,81933743050.87,51393841364.94,9641868042.33,17451253114.85,1353786893.57,945642940.11,242830283.38,394749741.34,138604533.92
2022-04-01,81978743040.87,51654489550.82,9634997144.4,17747431577.2,1354538220.68,945642940.11,265410048.58,401284291.18,144219496.56
2022-04-02,82082930524.36,51632152989.86,9525641971.96,17747431577.2,1368069040.21,945642940.11,259651171.22,401284291.18,143217060.28
2022-04-03,82301930534.36,51629119959.29,9504287917.64,17790453699.25,1367082321.75,945642940.11,264197216.05,401231375.18,143244532.64
2022-04-04,82331930545.36,51718510936.01,9508965402.33,17747614506.69,1369620293.2,945642940.11,298139891.84,400729249.31,146537989.66
2022-04-05,82387930556.36,51402788770.84,9482025660.65,17909879793.38,1373805573.72,945642940.11,259256948.28,396738469.31,149794284.88
2022-04-06,82423930566.36,51079033451.69,9420660478.51,17729630782.17,1350240557.15,945642940.11,269123811.3,396930628.26,130424656.65
2022-04-07,82441930581.35,51059665586.79,9385182583.42,17647015497.58,1357075528.54,945642940.11,265784990.08,396932628.26,125552093.45
2022-04-08,82491930581.35,50930741499.79,9461598214.87,17658799808.79,1374609172.62,945642940.11,242194975.57,398657104.76,125952629.32
2022-04-09,82510930581.35,50974473747.23,9447291975.93,17931601772.41,1377366526.75,945642940.11,229345855.24,398657104.76,123175931.59
2022-04-10,82534930596.51,51012046681.86,9444734847.62,17931601772.41,1347501083.88,945642940.11,232305655.64,398657104.76,122635945.97
2022-04-11,82534930596.51,50809516725.36,9229750088.86,17809274273.56,1350367740.88,945642940.11,244116527.07,397957084.34,131015042.95
2022-04-12,82556350393.73,50641510560.76,9175521410.35,17686402106.35,1357921236.3,945642940.11,232464277.08,381943678.04,117761785.47
2022-04-13,82613836052.53,50586292373.58,9152578028.75,17485325709.52,1348318957.13,945642940.11,197855100.18,381688603.43,111799975.05
2022-04-14,82648836091.2,50355181154.82,9134103050.24,17432028130.75,1361080985.0,945642940.11,190981807.67,401092479.93,128532572.69
2022-04-15,82694361442.77,50184921184.77,9118811140.17,17452873283.46,1361938142.76,945642940.11,191164564.05,400770166.01,123171715.9
2022-04-16,82718361449.77,50094779014.9,9112756312.69,17452873283.46,1371000482.32,945642940.11,188985735.37,401270166.01,122101031.94
2022-04-17,82718361449.77,50045910865.7,9104700321.33,17452873283.46,1371660715.36,945642940.11,191636727.04,401270166.01,121454742.61
2022-04-18,82728361431.53,49925272939.41,9061662011.57,17365265016.54,1374230169.84,945642940.11,203152801.21,401547764.34,116562199.02
2022-04-19,82815861487.53,50054385151.25,9049757578.82,17420113998.57,1357276425.84,945642940.11,201317678.66,404202262.44,121545475.51
2022-04-20,82853861494.18,49892351394.14,9097805872.15,17275442605.45,1346744588.84,945642940.11,212589629.71,402771220.9,131143014.22
2022-04-21,82997861479.17,49892351394.14,9071971507.11,17350536744.09,1346931859.96,945642940.11,223660567.97,402473794.98,140027392.66
2022-04-22,83069200512.15,49892351394.14,9074912264.79,17558654053.97,1351231843.52,945642940.11,225329509.11,403587743.98,132348279.78
2022-04-23,83114200517.65,49892351394.14,9076114358.82,17558654053.97,1353626280.0,945642940.11,230816995.15,405179032.98,131065021.22
2022-04-24,83114200506.52,49892351394.14,9079011128.62,17558654053.97,1356503106.31,945642940.11,235269292.44,405179032.98,131552553.75
2022-04-25,83126200538.52,49892351394.14,9032571194.03,17675839237.6,1354156870.55,945642940.11,214526446.24,409207589.38,130708604.58
2022-04-26,83160532014.52,49490333416.05,9006621840.34,17552943477.53,1355969290.69,945642940.11,211509575.84,397176127.9,130204898.71
2022-04-27,83172877108.46,49555037159.37,8967033688.49,17405297031.34,1361771370.93,945642940.11,212808646.84,394469191.4,128435969.85
2022-04-28,83152877108.45,49453457931.44,8944775118.67,17366715106.8,1345430724.51,945642940.11,201944557.49,395122654.69,119546106.81
2022-04-29,83152877108.1,49379113491.24,8871757256.89,17651702072.21,1365867347.44,945642940.11,208238760.98,395123354.69,118905140.27
2022-04-30,83152877108.1,49349124108.76,8821578183.54,17689269893.73,1371606404.95,945642940.11,214146341.69,395623393.69,119785402.87
2022-05-01,83152877108.09,49279500715.29,8786185733.41,17689269893.73,1376186449.98,945642940.11,218922052.79,395623393.69,125463309.69
2022-05-02,83152877108.09,49150644147.9,8711989127.82,17875603031.13,1374805152.05,945642940.11,211355206.77,396123455.69,120457923.82
2022-05-03,83157877104.41,49038665517.79,8646323921.88,17850297036.11,1375341285.33,945642940.11,220607148.8,397173446.27,114035005.59
2022-05-04,83150377104.41,48918986918.51,8559147228.71,17837465082.36,1283148497.37,945642940.11,218332671.39,402455800.35,109939602.87
2022-05-05,83152377104.41,48849607421.59,8512157905.62,17852063498.02,1284662353.18,945642940.11,201166023.45,382943700.39,112143824.69
2022-05-06,83237377103.4,48814599110.05,8516313171.33,17509742943.05,1289640985.66,945642940.11,199882540.55,381984010.29,115592466.26
2022-05-07,83237377103.36,48565690753.01,8371966198.53,17509742943.05,1299390797.37,945642940.11,200740575.47,381873168.29,115590614.04
2022-05-08,83217377095.18,48676959278.41,7920680749.51,17323320500.8,1291831981.88,945642940.11,197246256.67,382373258.29,116879508.62
2022-05-09,83217377094.92,48730146994.19,7543742903.42,17330265042.6,1299178203.3,945642940.11,194776154.06,389139568.05,123644061.02
2022-05-10,83167194182.61,48453043317.16,7349765768.11,17098447760.46,1297632328.34,945642940.11,193530896.64,387549088.24,117613497.16
2022-05-11,83147694182.59,48972254948.47,6594667894.9,16930415416.71,1270828636.6,945642940.11,281707251.01,388136139.19,108927624.23
2022-05-12,81169594182.58,49564581388.4,6429375674.07,17030366533.99,1119572668.5,945642940.11,217519925.69,386631303.33,85122456.75
2022-05-13,78767402950.24,50562017803.31,6421203526.77,17612345346.95,1219694386.59,945642940.11,277113552.96,386551077.83,86207667.87
2022-05-14,76708151375.19,51088647619.36,6384081399.27,17735417590.04,1220367823.6,945642940.11,277113552.96,386291092.86,76713903.87
2022-05-15,75752120650.99,51138846685.36,6444555560.82,17735417590.04,1220738185.51,945642940.11,277113552.96,386291092.86,90549594.79
2022-05-16,75752120650.99,51975599125.39,6417284789.88,17998075033.72,1220964020.28,945642940.11,180928088.61,386317682.8,91310359.04
2022-05-17,75752120650.99,52245949280.05,6521275092.67,18194582205.63,1225128698.3,945642940.11,237480281.89,405961282.43,92829314.0
2022-05-18,74209002354.87,52266270625.94,6503830455.7,18412508573.91,1227474081.49,945642940.11,230220819.83,404549821.92,95437145.26
2022-05-19,74213168169.06,52717041765.69,6558110994.82,18548599491.73,1224137754.75,945642940.11,238708754.24,402205388.55,98641753.51
2022-05-20,74200918169.06,52930392669.08,6520741248.47,18562253935.35,1224564139.05,945642940.11,244891545.98,401820736.67,98472457.06
2022-05-21,73275094995.68,53047444884.68,6518380709.66,18562253935.35,1223623177.03,945642940.11,248553599.24,401820736.67,97074653.2
2022-05-22,73275094986.47,53134419990.34,6537547530.65,18517729225.87,1221330965.99,945642940.11,251311918.21,401820736.67,94050927.29
2022-05-23,73275094968.47,53315144219.95,6567994104.67,18323709015.72,1214097084.19,945642940.11,257281850.08,405148752.42,92789585.62
2022-05-24,73275094968.47,53283230289.57,6578374038.51,18316126860.48,1231854048.23,945642940.11,270802892.39,396530619.02,99991725.81
2022-05-25,73275094959.07,53428781852.67,6563916872.23,18461208554.69,1234306600.26,945642940.11,275342754.29,395652465.21,96695252.5
2022-05-26,73275094959.01,53200867502.62,6596738137.71,18234400939.41,1238041255.53,945642940.11,280496564.85,395956341.71,95408582.17
2022-05-27,72537249554.11,53541016000.92,6620071675.98,18148906341.29,1243275638.71,945642940.11,281611827.13,397812792.16,93166702.89
2022-05-28,72537249554.09,53690986389.96,6633499965.83,18167184461.64,1245767460.68,945642940.11,280371543.36,397724433.28,93186018.86
2022-05-29,72537249554.09,53696928063.58,6642882822.66,17970184497.64,1249276142.68,945642940.11,292394416.09,397724433.28,93394754.12
2022-05-30,72537249554.09,53753336355.33,6693080393.93,17970184497.64,1252741076.76,945642940.11,297895178.14,393364917.35,95616702.7
2022-05-31,72538449554.07,53907208182.92,6759633819.65,18199987662.41,1257911612.85,945642940.11,301250863.99,392877485.23,109281788.45
2022-06-01,72538449554.05,54041541819.13,6790812596.31,18137033167.76,1263933826.64,945642940.11,293272425.17,380272227.06,112983902.35
2022-06-02,72538449554.05,54083997440.87,6811530623.72,18067916362.35,1275560412.59,945642940.11,248539333.36,370082934.06,95095079.58
2022-06-03,72538449553.99,54014854889.92,6825339782.22,18049494748.67,1275600811.93,945642940.11,241987805.47,370720293.68,89606544.92
2022-06-04,72543449552.98,54069464952.07,6828286498.27,18049494748.67,1280733514.34,945642940.11,244237601.38,370718348.68,87504964.7
2022-06-05,72543449552.93,54087184371.26,6834365446.95,18049494748.67,1281165982.23,945642940.11,242663230.44,370718348.68,87013110.76
2022-06-06,72543449552.93,53710952213.25,6858783546.7,18240574067.06,1272505440.31,945642940.11,245805195.02,371717795.8,89638329.08
2022-06-07,72420549552.8,53846827551.23,6889798900.83,18013622456.08,1273443470.49,945642940.11,252758424.78,372479301.3,86830513.26
2022-06-08,72420549552.68,53776956716.8,6973011290.76,17943741993.85,1274141015.83,945642940.11,260320925.43,343055503.16,86070017.34
2022-06-09,72430549552.52,53845693823.8,6985166752.89,17906733489.62,1236109455.49,945642940.11,276358854.0,344580790.73,85147660.56
2022-06-10,72497481448.79,53873023414.21,7066283004.57,18014451044.49,1232826817.41,945642940.11,276307629.61,344136673.73,81298674.11
2022-06-11,72494981446.98,53844330185.98,7024956452.96,17907058466.48,1234069500.62,945642940.11,275738388.28,344740606.56,87823583.45
2022-06-12,72494981446.98,53991679227.68,6990096528.24,17742539878.4,1231593901.91,945642940.11,275750755.49,344860812.38,89055889.84
2022-06-13,72293981300.95,54271756844.02,6915581030.08,17595086255.53,1213971508.79,945642940.11,275497649.61,288419585.91,77637562.81
2022-06-14,71599130290.95,54072950645.98,6826184477.03,17422532790.02,1219461992.22,945642940.11,409675691.12,287764007.69,86145406.79
2022-06-15,70870514673.52,53844330185.98,6725502897.86,17907058466.48,1225684479.18,945642940.11,406917823.59,285593801.52,74015669.17
2022-06-16,70038816028.8,54072950645.98,6676096358.559163,17422532790.02,1226103216.55,945642940.11,307557588.92,287000568.91,78139793.23
2022-06-17,69224317063.74,53844330185.98,6820248886.82,17907058466.48,1227710418.04,945642940.11,309583422.93,286665003.7,80882160.14
2022-06-18,68230995596.95,54072950645.98,6753814295.76,17422532790.02,1229698564.4,945642940.11,240694240.19,287124495.7,75843182.54
2022-06-19,68173229691.41,55877977876.20931,6748301748.597936,17184126306.579254,1213691949.18,945642940.11,181249930.27,287574510.6,81511366.29
2022-06-20,67924299701.4,54072950645.98,6746506972.437218,17422532790.02,1212198269.72,945642940.11,178722972.82,286854770.65,96277368.13
2022-06-21,67495084613.29,55877977876.21,6783630478.022644,17184126306.58,1211820057.88,945642940.11,179152527.1,286580073.65,101635519.03
2022-06-22,66981025012.2,54072950645.98,6799851956.74374,17422532790.02,1204771050.9,945642940.11,180387810.22,282220458.61,109806930.13
2022-06-23,66979725012.16,54247184776.39,6792599206.042384,17635721150.71,1226353644.87,945642940.11,179667219.04,282483690.65,98677516.72
2022-06-24,66977425011.42,54580307523.54,6786117302.5092325,17568049472.18,1227378382.41,945642940.11,179865086.32,281114655.36,106358229.32
2022-06-25,66867450244.09,55085023710.16,6806879827.755817,17587788126.3,1227330865.41,945642940.11,176867357.42,280630759.36,88875463.33
2022-06-26,66867450244.09,55358945366.31,6784944703.02173,17587788126.3,1198105764.54,945642940.11,178310310.97,280630760.36,103703699.38
2022-06-27,66867260244.09,55877977876.21,6796603487.84,17184126306.58,1198357403.42,945642940.11,183165884.63,280920420.36,106563737.48
2022-06-28,66834919366.08,55802605112.72,6728982521.28,17383668664.74,1203154967.93,945642940.11,173427630.14,272919990.03,106333163.05
2022-06-29,66824919366.08,55802605112.72,6797818364.58,17547224379.46,1202979394.46,945642940.11,171586773.66,267455695.06,100010905.48
2022-06-30,66415102879.12,55802605112.72,6783354162.27,17547224379.46,1204076410.11,945642940.11,168519882.79,265190185.75,98105033.85
2022-07-01,66232218609.99,55802605112.72,6859584639.18,17547224379.46,1205036511.35,945642940.11,168519882.79,264843459.9,97939497.25
2022-07-02,66232218609.99,55802605112.72,6870038486.94,17547224379.46,1207404018.79,945642940.11,168519882.79,204794160.63,102003552.32
2022-07-03,66230318609.98,55802605112.72,6899479574.26,17547224379.46,1206633031.59,945642940.11,168519882.79,204794160.63,93901956.42
2022-07-04,66081540012.39,55802605112.72,6907716957.11,17547224379.46,1210006546.56,945642940.11,168519882.79,203380662.63,100992631.72
2022-07-05,66043540012.3,55802605112.72,6898183727.53,17547224379.46,1211967571.47,945642940.11,168519882.79,200875302.62,96588314.99
2022-07-06,65994280060.85,55802605112.72,6883334892.31,17547224379.46,1213876402.22,945642940.11,168519882.79,201566873.47,88646336.85
2022-07-07,65994280060.85,55546939563.0,6908009424.97,17547224379.46,1217218236.91,945642940.11,168519882.79,201927723.47,96232718.01
2022-07-08,65992280060.75,55546939563.0,6926329910.08,17547224379.46,1217330600.13,945642940.11,168519882.79,201845205.99,96405809.19
2022-07-09,65990930060.75,55546939563.0,6954264128.82,17547224379.46,1218559079.65,945642940.11,168519882.79,193445166.99,95407687.38
2022-07-10,65990930060.75,55546939563.0,6890852279.79,17547224379.46,1218016344.03,945642940.11,168519882.79,194701903.17,95916248.02
2022-07-11,65990930060.75,55546939563.0,6919781552.08,17547224379.46,1219943938.6,945642940.11,168519882.79,184516405.54,94832198.34
2022-07-12,65990930060.75,55314034882.12,6866305285.19,17547224379.46,1222833081.12,945642940.11,168519882.79,188065852.41,95665301.41
2022-07-13,65950930060.68,55360780424.18,6916568007.58,17547224379.46,1227564005.4,945642940.11,168519882.79,189191588.09,98275155.05
2022-07-14,65930930060.4,55262309125.69,6960932910.89,17547224379.46,1226403213.09,945642940.11,168519882.79,185178671.79,102006902.67
2022-07-15,65876317670.48,54835484964.64,6994058835.92,17547224379.46,1214816446.51,945642940.11,168519882.79,185212333.55,104121140.46
2022-07-16,65876317670.46,54814168946.53,7040842658.71,17547224379.46,1215946175.63,945642940.11,168519882.79,186012367.55,99796142.71
2022-07-17,65876317670.45,54791821095.83,7177922140.69,17547224379.46,1213764348.42,945642940.11,168519882.79,186012367.55,97805987.57
2022-07-18,65896277710.42,54777945525.5,7238131864.37,17547224379.46,1212728251.1,945642940.11,168519882.79,184691441.74,100592784.77
2022-07-19,65866277710.39,54726528466.47,7278188449.21,17547224379.46,1220249564.23,945642940.11,168519882.79,190298235.54,107373163.38
2022-07-20,65846277710.39,54819012646.32,7297505191.83,17547224379.46,1225688961.86,945642940.11,168519882.79,189199157.01,104456012.92
2022-07-21,65846277711.18,54950208766.7,7285907471.99,17547224379.46,1226733053.68,945642940.11,168519882.79,188796530.52,100649631.16
2022-07-22,65841277711.07,54997737667.37,7313639085.75,17547224379.46,1193906332.09,945642940.11,168519882.79,184836182.26,109705723.74
2022-07-23,65841277711.06,55088931254.71,7383026084.33,17547224379.46,1194474125.45,945642940.11,168519882.79,182936148.26,107676758.23
2022-07-24,65841277710.53,55095203434.16,7376715568.3,17547224379.46,1195999167.97,945642940.11,168519882.79,182936148.26,99349311.24
2022-07-25,65846277709.52,55016742986.06,7359201511.66,17953727130.42,1193785133.63,945642940.11,170350327.72,181711420.45,113241266.85
2022-07-26,65846277709.35,55106755650.88,7326306197.29,17761386343.09,1197325164.15,945642940.11,166207973.82,180794144.94,110153132.23
2022-07-27,65846277709.15,55090893701.5,7392937385.98,17782405484.52,1198717451.11,945642940.11,164622852.97,164984618.58,98260179.26
2022-07-28,65846277707.92,54703850324.69,7454715993.05,17833807842.16,1198560590.59,945642940.11,167407115.6,163569046.29,111959514.19
2022-07-29,65933977707.89,54614157650.34,7485829213.25,17858623534.2,1187945075.18,945642940.11,173249512.98,163469051.13,121111477.29
2022-07-30,66056977707.86,54457625563.8,7474009486.69,17858623534.2,1187194177.56,945642940.11,174447920.36,161469051.13,126819005.5
2022-07-31,66197977707.86,54466880787.36,7439213459.2,17858623534.2,1187214740.1,945642940.11,177009862.84,161469051.13,125225484.71
2022-08-01,66197977707.26,54394862131.95,7448916185.33,17920782347.92,1189525194.99,945642940.11,186576844.44,161394393.67,124776352.07
2022-08-02,66307627907.26,54451131469.82,7393125560.99,17905176112.65,1191855234.51,945642940.11,187798543.43,160779844.75,118669059.84
2022-08-03,66412627906.21,54340260767.69,7409808300.65,17923534690.54,1196012297.05,945642940.11,190936085.84,161216039.4,118900570.26
2022-08-04,66426425454.9,54232266462.76,7464295648.01,17920140069.7,1200748379.05,945642940.11,196171719.82,160428341.13,107552040.77
2022-08-05,66476525454.86,54255149922.06,7507569318.34,17921636048.24,1206122966.27,945642940.11,204407179.17,160417440.17,104811456.5
2022-08-06,66476525454.65,54289876412.87,7547341303.16,17921636048.24,1205939005.48,945642940.11,205466947.62,160417440.17,104811391.63
2022-08-07,66476525454.19,54280268796.42,7530835660.73,17921636048.24,1206623120.15,945642940.11,209171818.6,160417440.17,104356143.89
2022-08-08,66476525453.89,54110938358.45,7501023645.11,17811195184.43,1209087830.5,945642940.11,212471609.67,160528739.5,109445792.02
2022-08-09,66476525453.89,54085287412.21,7525016441.03,17751302895.0,1212599629.25,945642940.11,213559611.73,160528739.5,109902632.18
2022-08-10,66517962690.04,53928800137.81,7573615019.98,17790339515.64,1218324406.93,945642940.11,324544365.72,160663239.5,106635742.6
2022-08-11,66757962688.3,53889827269.09,7467504930.4,17827334724.11,1219563448.83,945642940.11,324722850.39,160663239.5,117000812.14
2022-08-12,66899962685.05,53824824188.31,7294378025.96,17642129423.31,1223805801.19,945642940.11,326337929.63,160663239.5,117494035.8
2022-08-13,67037962684.99,53814747793.44,7313032135.91,17642129423.31,1225854631.92,945642940.11,326702267.76,160650739.49,114567060.29
2022-08-14,67284962673.79,53601293516.89,7268267375.46,17723549958.0,1226259411.79,945642940.11,326495242.27,160663239.49,116306821.22
2022-08-15,67414962655.39,53489586842.62,7261087470.17,17954109910.55,1232299991.75,945642940.11,328844455.48,160663239.49,113003220.01
2022-08-16,67565962655.14,53463644114.0,7233535446.15,17978628289.79,1239833106.83,945642940.11,331863273.29,160663239.49,111515969.77
2022-08-17,67565962655.05,53177443908.87,7191132569.59,18137186640.93,1210930121.62,945642940.11,333977714.32,160663239.49,113370494.4
2022-08-18,67549462654.43,52856285836.09,7154554072.34,18539674969.96,1212679016.5,945642940.11,324676563.41,160663906.49,113099904.1
2022-08-19,67549562651.23,52456764223.79,7106369766.84,18819101288.56,1227401377.63,945642940.11,325752164.03,160663906.49,104430519.32
2022-08-20,67549562651.23,52425902192.42,7051212203.29,18819101288.56,1231572038.9,945642940.11,325149243.92,160663906.49,102418809.89
2022-08-21,67549562651.23,52539276742.1,7010274886.15,18819101288.56,1112560104.64,945642940.11,325532045.18,160663906.49,100090765.08
2022-08-22,67549555015.75,52242080416.54,6991445579.57,19016156336.57,1087357844.34,945642940.11,328940935.1,160663906.49,97654734.17
2022-08-23,67549555015.75,52297924713.7,6966105008.97,19028354502.97,1095029754.35,945642940.11,331162886.37,160663906.49,94573831.28
2022-08-24,67549555015.63,52281663676.47,6961837724.42,19136585098.24,1097673092.6,945642940.11,317021544.85,160663906.49,91776990.82
2022-08-25,67549554915.43,52126753651.43,6973180541.56,19212924231.17,1096742907.0,945642940.11,317595941.25,160663906.49,88774637.71
2022-08-26,67549664915.43,52233031197.69,6968435215.77,19294808592.11,1096377228.8,945642940.11,317560458.53,160663906.49,99661176.06
2022-08-27,67549664915.43,52246922541.3,6939660823.24,19294808592.11,1096377228.8,945642940.11,317948963.97,160663906.49,87519283.77
2022-08-28,67549664915.43,52199284884.35,6937182271.84,19142664180.3,1096377228.8,945642940.11,317210715.96,160663906.49,90503165.17
2022-08-29,67549664120.39,52288116655.18,6940129799.63,19196873004.64,1096377228.8,945642940.11,317334795.25,160663906.49,83751234.34
2022-08-30,67549764120.36,52388927297.33,6950506352.17,19365869242.69,1073412023.56,945642940.11,317294533.63,160663906.49,98484630.23
2022-08-31,67549764120.36,52360169686.67,6973664935.53,19306362605.99,1076368802.32,945642940.11,319685877.51,160663906.49,86748860.55
2022-09-01,67550404112.76,52027528034.37,6978409005.13,19418545041.0,1080369415.63,945642940.11,344201089.52,160663906.49,93768775.89
2022-09-02,67550404112.72,51753684615.44,7004309612.54,19555493325.81,1058542187.51,945642940.11,344830975.71,160663906.49,83103884.86
2022-09-03,67550404112.72,51856213559.98,7003405092.59,19555493325.81,1061001340.06,945642940.11,345483402.89,160663906.49,80194342.38
2022-09-04,67550404103.52,51876228265.06,6905195194.04,19433224173.43,1060135401.06,945642940.11,345621827.05,160663906.49,89662977.86
2022-09-05,67550404103.52,51862214291.78,6904017714.5,19433224173.43,1061153640.12,945642940.11,344813943.6,160663906.49,82553202.75
2022-09-06,67545704103.52,51597523287.63,6871703908.12,19729690909.86,1062921177.28,945642940.11,361157200.18,160663906.49,80613846.98
2022-09-07,67545704102.99,51689470350.83,6847801264.85,19706930457.81,1065576876.84,945642940.11,360928118.84,160663906.49,73406619.89
2022-09-08,67545704102.99,51682969547.78,6874276416.17,19914503967.5,1058779429.76,945642940.11,363113445.22,160663906.49,77700063.2
2022-09-09,67546203603.49,51727381074.31,6874966325.74,20003342404.82,1062247979.73,945642940.11,367927537.76,160663906.49,76504595.01
2022-09-10,67546203603.44,51685055609.94,6900746288.43,20003342404.82,1064885501.96,945642940.11,368793325.62,160663906.49,77067758.07
2022-09-11,67652203603.29,51604205337.3,6904361908.91,20003342404.82,1065311093.96,945642940.11,369591718.34,160663906.49,85582317.72
2022-09-12,67724203603.27,51429795381.97,6891863452.05,20124060214.11,1067784360.37,945642940.11,280785584.76,160663906.49,79593916.78
2022-09-13,67818333473.36,51464014363.75,6854139607.87,20204066515.18,1069163234.57,945642940.11,303958678.18,160663906.49,79584886.75
2022-09-14,67883333474.25,50832213737.87,6833191732.48,20517253084.59,1070963394.09,945642940.11,301483851.68,160663906.49,75603426.99
2022-09-15,67883438459.35,50357684017.03,6833601120.86,20517253084.59,1071478203.08,945642940.11,301483851.68,160663906.49,74747059.03
2022-09-16,67923438459.08,50231397630.46,6833254577.53,20517253084.59,1074270366.43,945642940.11,301483851.68,160663906.49,75124156.46
2022-09-17,67923548349.19,50210783407.97,6834236391.12,20517253084.59,1076492190.83,945642940.11,301483851.68,160663906.49,76078024.11
2022-09-18,67923548347.4,50186584186.1,6884906041.84,20517253084.59,1075610725.83,945642940.11,301483851.68,160663906.49,76098705.63
2022-09-19,67923548347.36,50021388914.47,6836113329.64,20517253084.59,1081174297.21,945642940.11,301483851.68,160663906.49,75669137.47
2022-09-20,67923668227.48,50215837599.08,6878503177.62,20517253084.59,1089897509.21,945642940.11,301483851.68,160663906.49,75553373.37
2022-09-21,67962568221.88,50004558000.99,6875815820.08,20517253084.59,1093101353.42,945642940.11,301483851.68,160663906.49,75288414.55
2022-09-22,67969594332.24,49910312207.39,6934563423.48,20517253084.59,1092473017.52,945642940.11,301483851.68,160663906.49,74553112.67
2022-09-23,67954703168.02,49741258322.27,6980800263.58,20517253084.59,1056301351.64,945642940.11,301483851.68,160663906.49,74916088.27
2022-09-24,67954703169.02,49714659693.49,6931711733.92,20517253084.59,1059071523.42,945642940.11,301483851.68,160663906.49,74963601.0
2022-09-25,67954703169.02,49590970990.05,6930104610.9,20517253084.59,1059268005.68,945642940.11,301483851.68,160663906.49,75221731.8
2022-09-26,67956001970.14,49361024224.15,6921794538.08,20517253084.59,1015564429.25,945642940.11,301483851.68,160663906.49,73242406.01
2022-09-27,67956206765.34,49206247659.8,6909366666.8,21042229623.12,1019839827.21,945642940.11,301483851.68,160663906.49,72452543.21
2022-09-28,67956206762.9,48878425798.81,6863531863.19,21042229623.12,877953164.38,945642940.11,301483851.68,160663906.49,69397852.76
2022-09-29,67956206762.89,48578227324.21,6874026934.55,21042229623.12,879408197.87,945642940.11,301483851.68,160663906.49,69173266.71
2022-09-30,67956206752.82,47374231387.36,6866498256.71,21042229623.12,882861451.14,945642940.11,301483851.68,160663906.49,70556901.89
2022-10-01,67949424451.97,47257123623.23,6863969182.13,21042229623.12,884643097.12,945642940.11,301483851.68,160663906.49,70943577.06
2022-10-02,67949424438.86,47325673086.41,6832611509.38,21042229623.12,884981929.02,945642940.11,301483851.68,160663906.49,71817721.19
2022-10-03,67949424437.86,47195578587.2,6780563255.15,21042229623.12,885766406.94,945642940.11,301483851.68,160663906.49,71456412.04
2022-10-04,67949574445.86,46790120349.72,6818820633.8,21042229623.12,889856765.56,945642940.11,301483851.68,160663906.49,70739040.58
2022-10-05,68062574445.75,46427980537.76,6796538858.44,21042229623.12,891609269.42,945642940.11,301483851.68,160663906.49,69983651.89
2022-10-06,68212574445.56,46256936905.65,6788768854.68,21042229623.12,893963947.16,945642940.11,301483851.68,160663906.49,64946506.51
2022-10-07,68333059094.91,46122978054.2,6770653649.59,21628100610.95,897458609.55,945642940.11,301483851.68,190661906.49,64711087.88
2022-10-08,68333059094.9,46062174988.92,6771774259.14,21628100610.95,898263135.54,945642940.11,301483851.68,222593861.49,65014811.12
2022-10-09,68371859091.89,46062124068.38,6764094331.31,21628100610.95,898769135.54,945642940.11,301483851.68,222593861.49,65103034.67
2022-10-10,68371859091.29,46061698951.11,6739025696.96,21628100610.95,899798041.97,945642940.11,301483851.68,222593861.49,65434719.93
2022-10-11,68421859091.29,46031525836.98,6674718591.88,21628100610.95,903491564.18,945642940.11,301483851.68,222593861.49,66326581.7
2022-10-12,68421859091.17,45871477556.81,6664076876.91,21628100610.95,907250147.45,945642940.11,301483851.68,222593861.49,64714720.81
2022-10-13,68421859091.17,45815785195.52,6494802722.03,21628100610.95,912975415.4,945642940.11,301483851.68,222593861.49,64126578.08
2022-10-14,68422459806.7,45017518694.83,6487557388.37,21628100610.95,868106412.85,945642940.11,301483851.68,222593861.49,63619132.28
2022-10-15,68432559806.69,45009088086.57,6475823836.67,21628100610.95,868965389.85,945642940.11,301483851.68,222593861.49,63694090.33
2022-10-16,68432559806.69,45003483992.78,6479552629.74,21628100610.95,875238069.85,945642940.11,301483851.68,222593861.49,63387500.31
2022-10-17,68432559804.79,44825653013.25,6459446506.82,21628100610.95,878726507.37,945642940.11,301483851.68,222593861.49,64491175.03
2022-10-18,68442559804.79,44654924950.31,6462211040.86,21628100610.95,884441391.97,945642940.11,301483851.68,222593861.49,65930910.46
2022-10-19,68452559802.34,44375795071.57,6335123183.28,21628100610.95,886122873.18,945642940.11,330313855.01,222593861.49,67467352.6
2022-10-20,68452559679.34,43959107806.5,6253226706.63,21628100610.95,881824019.71,945642940.11,330313855.01,222593861.49,68168101.42
2022-10-21,68452659679.34,43883685673.97,6205677185.24,21628100610.95,885064657.09,945642940.11,330313855.01,222593861.49,68019194.37
2022-10-22,68453109229.79,43927724492.99,6213309092.8,21628100610.95,885594657.09,945642940.11,330313855.01,222593861.49,68035457.75
2022-10-23,68453108029.79,43946761290.63,6246623349.6,21628100610.95,885590593.39,945642940.11,330313855.01,222593861.49,66821977.3
2022-10-24,68453108028.56,43854135003.92,6243600483.08,21628100610.95,868348981.66,945642940.11,333538218.62,222593861.49,67236818.03
2022-10-25,68473108026.83,43837097116.61,6237222110.61,21628100610.95,868947822.39,945642940.11,333538218.62,222593861.49,66694107.59
2022-10-26,68513908026.83,43922881917.01,6249502323.15,21628100610.95,819349453.38,945642940.11,333538218.62,222593861.49,68326519.73
2022-10-27,68887292527.33,43891998216.0,6258702730.99,21628100610.95,820767898.94,945642940.11,333538218.62,222593861.49,69096049.99
2022-10-28,68887292527.32,43770142521.94,6223379441.78,21570630489.14,822291324.84,945642940.11,333538218.62,222593861.49,68614294.74
2022-10-29,68977092527.31,43727979291.7,6241363825.63,21394874602.44,824392612.46,945642940.11,333538218.62,222593861.49,66379154.31
2022-10-30,69103092527.26,43696202166.35,6236237401.58,21394874602.44,824630290.5,945642940.11,333538218.62,222593861.49,67229551.84
2022-10-31,69419933938.31,43538040770.05,6141922710.65,21394874602.44,828332034.08,945642940.11,480097344.8,222593861.49,67403603.97
2022-11-01,69419933938.31,43047266560.18,6113762517.91,21394874602.44,819917089.55,945642940.11,480097344.8,222593861.49,67078676.56
2022-11-02,69419933938.31,42531809865.84,6126073557.01,21658670444.84,822146233.5,945642940.11,480097344.8,222593861.49,68128354.04
2022-11-03,69350692563.61,42118709681.96,6126418945.39,21658670444.84,823993277.11,945642940.11,639796239.71,222593861.49,65515429.77
2022-11-04,69350692563.61,42184571720.1,6143407421.53,21658670444.84,816845780.35,945642940.11,639796239.71,222593861.49,65006653.75
2022-11-05,69360692563.61,42004399987.08,6180468776.53,22544178441.51,816948680.35,945642940.11,639796239.71,222593861.49,65372353.72
2022-11-06,69360692563.61,42193343562.41,6177796206.29,22544178441.51,808435770.35,945642940.11,787067091.78,222593861.49,65351602.55
2022-11-07,69496692563.32,43264054429.75,6246693070.59,22544178441.51,810093023.32,945642940.11,787067091.78,222593861.49,65219693.59
2022-11-08,69524492563.31,42806665352.42,6212880476.93,22787891474.31,812597180.85,945642940.11,797072803.49,222593861.49,65360881.4
2022-11-09,69862912742.94,42923828673.15,5957812687.14,22965355185.24,816564403.77,945642940.11,791739082.03,222593861.49,65004742.62
2022-11-10,68497117639.72,43553983389.09,5852523041.19,22918735502.53,819559755.14,945642940.11,867644581.16,222593861.49,54024244.86
2022-11-11,68271811803.02,43792977776.13,5862223920.87,23013712258.51,768140091.97,945642940.11,826510358.7,222593861.49,53887434.93
2022-11-12,67419918980.24,44147722137.76,5910567783.13,23345613455.51,869899628.27,945642940.11,816820436.34,222593861.49,52568270.82
2022-11-13,66433360735.02,44069979160.37,5921988501.72,23345613455.51,869983023.27,945642940.11,791673104.43,222593861.49,50986936.58
2022-11-14,66382365892.27,44262623543.98,5938189539.09,23452767860.34,863311831.18,945642940.11,791397829.99,222593861.49,49412528.8
2022-11-15,66058586035.44,44438735878.14,5903570879.1,23180130278.52,864238455.65,945642940.11,790461550.33,222593861.49,46861836.45
2022-11-16,66058586035.33,44409434322.43,5887952925.34,23037140170.26,864532078.71,945642940.11,646170680.93,222593861.49,49022886.36
2022-11-17,65944685875.62,44100396439.7,5914195335.77,22911193279.27,863829241.58,945642940.11,620099538.55,222593861.49,48825112.22
2022-11-18,65944685875.6,43993228251.61,5893068244.71,22886897227.11,861142895.09,945642940.11,618628269.26,222593861.49,48164960.69
2022-11-19,65944935625.84,44400713552.37,5896930763.77,22872131211.46,861167367.49,945642940.11,617675345.09,222593861.49,47522430.34
2022-11-20,65884935624.74,44449518729.89,5879636995.83,22872131211.46,861139377.49,945642940.11,616415468.34,222593861.49,48493081.69
2022-11-21,65884935624.74,44307464777.43,5840918434.47,22809292816.38,855058945.44,945642940.11,614981813.43,222593861.49,48287408.28
2022-11-22,65506652113.52,44076772653.48,5840483358.03,22759177877.14,849503217.9,945642940.11,611139702.82,222593861.49,47757754.87
2022-11-23,65508652113.52,43951050656.37,5746310448.65,22754177877.14,744469096.65,945642940.11,607049883.35,222593861.49,46168649.1
2022-11-24,65362551003.32,44023105624.73,5718253821.89,22852212660.37,743817715.59,945642940.11,607049883.35,222593861.49,45428969.42
2022-11-25,65362681003.32,43881456460.69,5719916577.05,22485537190.33,807239726.33,945642940.11,607049883.35,222593861.49,46711079.15
2022-11-26,65362681003.32,44050197867.39,5732999884.77,22485537190.33,807845450.89,945642940.11,607049883.35,222593861.49,45979275.46
2022-11-27,65362681003.32,44231861753.05,5689406705.65,22401537190.33,808140801.89,945642940.11,607049883.35,222593861.49,45847181.08
2022-11-28,65362681003.32,43677844896.42,5663315893.18,22370281471.7,807935709.28,945642940.11,607049883.35,222593861.49,45620587.22
2022-11-29,65362681003.32,43270939376.2,5645532282.07,22370281471.7,806775315.86,945642940.11,607049883.35,222593861.49,45780600.3
2022-11-30,65362681003.32,43214035695.44,5674347404.6,22215364023.79,754889227.04,945642940.11,607049883.35,222593861.49,45409900.66
2022-12-01,65362681003.31,43049839699.56,5663455795.72,22158529770.64,813647948.42,945642940.11,607049883.35,222593861.49,46962605.52
2022-12-02,65362681003.31,43171398982.66,5688926395.11,22152178551.01,813675748.23,945642940.11,607049883.35,222593861.49,47596680.48
2022-12-03,65444431361.2,43299257835.65,5689859293.71,22152178551.01,814516816.97,945642940.11,607049883.35,222593861.49,47742948.77
2022-12-04,65496215611.2,43407965347.71,5687602188.51,22152178551.01,814520016.97,945642940.11,607049883.35,222593861.49,47674234.57
2022-12-05,65496215611.2,43153554939.34,5686883952.75,22079962056.43,814103434.96,945642940.11,607049883.35,222593861.49,47721608.03
2022-12-06,65576715611.1,43027922117.11,5878638969.25,22100085744.15,815558513.37,945642940.11,607049883.35,222593861.49,47426261.74
2022-12-07,65685215611.1,42821179463.69,5863718740.05,22056131821.62,813785857.79,945642940.11,607049883.35,222593861.49,49135131.92
2022-12-08,65685214611.1,42775337768.45,5871329547.79,22083776866.42,811910939.73,945642940.11,607049883.35,222593861.49,48957111.99
2022-12-09,65707694611.1,42813595334.79,5873468830.84,22099984029.5,757303351.53,945642940.11,607049883.35,222593861.49,49750659.21
2022-12-10,65708194111.59,42745608330.96,5877474708.66,22099984029.5,757825876.0,945642940.11,607049883.35,222593861.49,49757694.6
2022-12-11,65708194111.58,42753791764.54,5872334884.86,22099984029.5,756792078.76,945642940.11,607049883.35,222593861.49,51762873.68
2022-12-12,65708194111.58,42535306212.71,5858780817.22,22001352863.05,756525249.34,945642940.11,607049883.35,222593861.49,40573240.45
2022-12-13,65792060111.31,44450425923.13,5861358518.31,18802407206.01,855918483.36,945642940.11,607049883.35,222593861.49,39780026.09
2022-12-14,65972370111.29,45186035609.64,5850069267.24,18565701038.11,754695236.78,945642940.11,607049883.35,222593861.49,40367540.68
2022-12-15,65972120111.29,45091010575.51,5827208726.19,18637542472.34,753195189.95,945642940.11,607049883.35,222593861.49,37042919.33
2022-12-16,66040020111.28,44975817415.83,5822972335.17,18441655523.43,755011110.59,945642940.11,607049883.35,222593861.49,37124327.03
2022-12-17,66052220111.28,44935788515.94,5845126700.53,18441655523.43,756748523.73,945642940.11,607049883.35,222593861.49,36375543.22
2022-12-18,66157105100.05,44973842538.92,5845365113.94,18441655523.43,757313069.97,945642940.11,607049883.35,222593861.49,36248666.11
2022-12-19,66157105100.04,44606620348.05,5848367202.6,18339816742.11,755751875.64,945642940.11,607049883.35,222593861.49,36598366.15
2022-12-20,66209545100.0,44463652191.31,5870432107.89,18073232422.59,755309294.6,945642940.11,607049883.35,222593861.49,52162969.61
2022-12-21,66242944899.85,44275623554.62,5872987194.66,18056945980.28,754294916.55,945642940.11,607049883.35,222593861.49,53874143.29
2022-12-22,66247697090.78,44190819151.86,5863715332.01,17982184632.58,754222164.51,945642940.11,607049883.35,222593861.49,52607168.24
2022-12-23,66247697090.78,44119508522.5,5855014602.55,17625882277.25,754152815.37,945642940.11,607049883.35,222593861.49,52433655.95
2022-12-24,66247647089.78,44215804001.75,5856362300.37,17544879575.03,754150665.37,945642940.11,607049883.35,222593861.49,51506290.35
2022-12-25,66247647089.78,44345240439.98,5847337212.7,17388891975.43,753997699.37,945642940.11,607049883.35,222593861.49,49820658.98
2022-12-26,66247647089.78,44453979543.71,5836149756.46,17300690255.38,753477644.24,945642940.11,607049883.35,222593861.49,49808539.49
2022-12-27,66247647088.77,44179893097.53,5823110574.21,17180728815.56,754206174.69,945642940.11,607049883.35,222593861.49,52202699.13
2022-12-28,66247646984.64,44383954984.95,5784756844.77,17025159740.99,753316143.13,945642940.11,607049883.35,222593861.49,50783203.07
2022-12-29,66255169368.83,44506542020.4,5774926603.98,16875827751.79,753293712.42,878084065.08,607049883.35,222593861.49,46705812.58
2022-12-30,66263713460.72,44492130637.34,5761831621.11,16715680430.97,754770999.8,878084065.08,607049883.35,222593861.49,46867766.96
2022-12-31,66263713430.72,44539532928.94,5758105595.15,16692004509.87,755385085.41,878084065.08,607049883.35,222593861.49,47319126.37
2023-01-01,66263713430.7,44585140660.46,5750755542.04,16560434934.44,799624682.47,878084065.08,607049883.35,222593861.49,47295701.93
2023-01-02,66263713430.65,44700754740.18,5757755274.55,16427033507.8,844194597.1,878084065.08,607049883.35,222593861.49,46511473.06
2023-01-03,66263713430.65,44160934569.9,5760665421.35,16381199632.1,843738831.17,878084065.08,607049883.35,222593861.49,46088596.08
2023-01-04,66263713430.65,44184763301.4,5771339903.49,16553882481.81,844068429.49,878084065.08,607049883.35,222593861.49,49119759.22
2023-01-05,66263713429.53,43741133839.49,5748807572.01,16678734929.09,844983979.5,878084065.08,607049883.35,222593861.49,48841071.35
2023-01-06,66272490385.73,43662094809.73,5735528426.54,16676570356.6,844887644.58,878084065.08,607049883.35,222593861.49,48849065.94
2023-01-07,66272490385.3,43797316249.61,5753911261.99,16424967225.66,846498508.34,878084065.08,607049883.35,222593861.49,48776816.04
2023-01-08,66272490385.25,43941966969.16,5797567958.1,16303396704.03,846098508.34,878084065.08,607049883.35,222593861.49,49494341.96
2023-01-09,66272490385.23,43581369483.58,5805222256.59,16303396703.03,846904312.78,878084065.08,607049883.35,222593861.49,49843142.52
2023-01-10,66272490385.11,43656347596.09,5804386027.89,16284490792.59,847108651.19,878084065.08,607049883.35,222593861.49,49393818.41
2023-01-11,66272586693.37,43840683890.39,5790881206.15,16389683642.97,846025543.93,878084065.08,607049883.35,222593861.49,48746025.15
2023-01-12,66272586561.1,43923046623.58,5792320861.98,16183204026.22,846598909.75,878084065.08,607049883.35,222593861.49,48054262.2
2023-01-13,66272586193.09,43429808943.96,5810682982.41,16229760116.96,847478011.84,878084065.08,607049883.35,222593861.49,47884955.08
2023-01-14,66272585056.31,43656929087.12,5833017900.91,16434371635.2,849323725.82,878084065.08,607049883.35,222593861.49,48116946.78
2023-01-15,66355384993.17,43896537187.42,5837196431.54,16358554490.09,849802780.6,878084065.08,607049883.35,222593861.49,50556342.68
2023-01-16,66355388816.46,43853641734.81,5833636925.29,16242596010.61,847266634.45,878084065.08,607049883.35,222593861.49,52013718.97
2023-01-17,66484835813.38,43570576414.16,5834614843.41,15920002005.37,844616763.19,878084065.08,607049883.35,222593861.49,52903733.74
2023-01-18,66484835812.23,43095421696.32,5818254473.28,15960922904.59,939827250.51,878084065.08,607049883.35,222593861.49,57543147.22
2023-01-19,66484835812.22,42878068920.81,5848669054.08,16398261146.23,938727197.25,878084065.08,607049883.35,222593861.49,56315635.37
2023-01-20,66484835812.2,43096207892.09,5849709828.24,16320993634.0,937788661.39,878084065.08,607049883.35,222593861.49,57741323.66
2023-01-21,66484835812.15,43356538353.5,5866261052.36,16216621566.95,938607332.68,878084065.08,607049883.35,222593861.49,59776572.97
2023-01-22,66697507805.3,43481865446.09,5875406001.19,16152722344.01,938863993.1,878084065.08,607049883.35,222593861.49,60522703.98
2023-01-23,66744307803.59,43491912490.29,5878832873.21,15967938022.51,940794478.92,878084065.08,607049883.35,222593861.49,59871090.25
2023-01-24,66854376799.52,43616740300.58,5889052589.21,15449351648.56,941783409.96,878084065.08,607049883.35,222593861.49,59606439.6
2023-01-25,67108360789.16,43489283458.53,5891196571.91,15648082929.29,943348802.14,878084065.08,607049883.35,222593861.49,59142722.67
2023-01-26,67188360789.14,43299629449.98,5867013062.97,15715948856.19,943742314.91,878084065.08,607049883.35,222593861.49,55201227.87
2023-01-27,67325280783.62,43084234078.75,5857392716.92,15632565850.38,944470697.83,878084065.08,607049883.35,222593861.49,54831974.36
2023-01-28,67504444776.49,43087449015.32,5839873386.75,15811284984.9,944375897.5,878084065.08,607049883.35,222593861.49,54962274.9
2023-01-29,67620214772.91,43086033412.89,5834536500.29,15704383591.13,944369497.5,878084065.08,607049883.35,222593861.49,54456968.16
2023-01-30,67776034767.77,42708417199.16,5824982036.11,15732191934.21,945589427.11,878084065.08,607049883.35,222593861.49,53281193.97
2023-01-31,67811335333.2,42402901307.51,5812234462.59,15685938419.81,946720808.48,878084065.08,607049883.35,222593861.49,51901981.08
2023-02-01,67792977315.41,42297432653.25,5801811352.19,16101514442.96,947252593.88,878084065.08,607049883.35,222593861.49,52994973.64
2023-02-02,67815277314.61,42391483676.58,5812148768.73,16080575617.52,948272835.55,878084065.08,607049883.35,222593861.49,55512937.04
2023-02-03,68028597303.98,41947483920.8,5800172183.66,16272271374.41,947867271.55,878084065.08,607049883.35,222593861.49,56646547.82
2023-02-04,68028597303.93,41950858556.43,5807129913.64,16272271374.41,948267573.49,878084065.08,607049883.35,222593861.49,56279056.34
2023-02-05,68064632221.56,42033702320.1,5813490909.72,16258271374.41,948570785.8,878084065.08,607049883.35,222593861.49,55928114.39
2023-02-06,68064632221.56,41894479565.04,5810672015.28,16185763247.55,948421566.88,878084065.08,607049883.35,222593861.49,56263443.63
2023-02-07,68182782219.8,41770839130.25,5799947596.12,16181981025.55,949036569.96,878084065.08,607049883.35,222593861.49,56680033.81
2023-02-08,68182382218.6,41513483630.08,5802817512.98,16176805369.55,948443218.64,878084065.08,607049883.35,222593861.49,53463512.56
2023-02-09,68182382218.54,41463758566.36,5792573039.86,16176805369.55,947139743.13,878084065.08,607049883.35,222593861.49,55985625.79
2023-02-10,68184382217.72,41365717274.88,5200913602.6,16161589369.55,946977328.78,878084065.08,607049883.35,222593861.49,50373373.88
2023-02-11,68319442037.68,41300868946.62,5198838078.4,16148914845.97,946634804.97,878084065.08,607049883.35,222593861.49,50328132.91
2023-02-12,68386642034.94,41219422402.45,5197220466.18,16148914845.97,946632791.97,878084065.08,607049883.35,222593861.49,49172178.59
2023-02-13,68411642034.94,40947167066.49,5214724947.89,15873279860.42,946759417.84,878084065.08,607049883.35,222593861.49,49331745.47
2023-02-14,69182367031.18,41249182699.65,5204450607.28,15465651650.64,941943908.06,878084065.08,607049883.35,222593861.49,49617905.7
2023-02-15,69492266028.63,41366856849.13,5203451904.35,14342760023.67,923551275.63,878084065.08,607049883.35,222593861.49,50035335.65
2023-02-16,69785731024.85,41570600183.96,5208717548.57,13852590522.86,972852496.14,878084065.08,607049883.35,222593861.49,47911266.9
2023-02-17,70154241013.19,41838750685.14,5188046321.85,13574559443.47,968281617.42,878084065.08,607049883.35,222593861.49,48553827.26
2023-02-18,70293941011.79,41845834815.75,5198595099.07,13238824105.99,968281617.42,878084065.08,607049883.35,222593861.49,48502107.82
2023-02-19,70403206010.7,41865571512.96,5202963379.22,13238824105.99,968281617.42,878084065.08,607049883.35,222593861.49,48219181.99
2023-02-20,70403206010.7,41933941380.56,5206609641.28,12801997379.95,968281617.42,878084065.08,607049883.35,222593861.49,49650962.48
2023-02-21,70439466009.9,42132668322.44,5214859369.9,12432497337.34,968281617.42,878084065.08,607049883.35,222593861.49,49553678.21
2023-02-22,70459776007.1,42066756954.39,5222975826.75,12432497337.34,968281617.42,878084065.08,607049883.35,222593861.49,50566131.28
2023-02-23,70590595923.0,42178063512.79,5212650452.64,11786592512.42,968281617.42,878084065.08,607049883.35,222593861.49,50385981.0
2023-02-24,70687748919.42,42577569914.21,5213769218.33,11256132175.2,968281617.42,878084065.08,607049883.35,222593861.49,50235482.0
2023-02-25,70798228838.69,42540309622.14,5211682889.6,11129348393.41,968281617.42,878084065.08,607049883.35,222593861.49,50630554.35
2023-02-26,70846878838.2,42622016675.52,5217026226.88,11129348393.41,968281617.42,878084065.08,607049883.35,222593861.49,50387673.8
2023-02-27,70883728837.83,42565539281.82,5222105961.79,10737174661.63,1120765627.27,878084065.08,607049883.35,222593861.49,50491396.47
2023-02-28,70930128835.38,42444347353.25,5216077072.1,10566374416.72,1121501148.74,878084065.08,607049883.35,222593861.49,50504735.93
2023-03-01,70968428830.0,42555076298.9,5203807669.19,10355594525.5,1142171329.36,878084065.08,607049883.35,222593861.49,50205415.17
2023-03-02,71062808809.48,43142063403.47,5213139137.0,9675572243.06,1162767776.22,878084065.08,607049883.35,222593861.49,49774473.85
2023-03-03,71116628508.95,43532128872.24,5201323400.13,9170491850.38,1163149758.41,878084065.08,607049883.35,222593861.49,49572717.79
2023-03-04,71359128182.76,43825178803.47,5207087955.55,8915714598.92,1166131257.56,878084065.08,607049883.35,222593861.49,48264315.54
2023-03-05,71442748181.92,43980380051.37,5200936229.26,8689408000.21,1166102708.85,878084065.08,607049883.35,222593861.49,48431342.12
2023-03-06,71479468181.54,43693984144.56,5195124983.92,8689408000.21,1266865092.03,878084065.08,607049883.35,222593861.49,48290996.29
2023-03-07,71591461386.49,43596479160.86,5182990973.0,8410574714.64,1269112042.41,878084065.08,607049883.35,222593861.49,48871673.92
2023-03-08,71736434909.62,43476281128.53,5173004920.68,8406956433.57,1269878050.61,878084065.08,607049883.35,222593861.49,48239694.03
2023-03-09,71740482359.94,43415059766.9,5127865982.38,8401286433.57,1284679141.06,878084065.08,607049883.35,222593861.49,50925266.88
2023-03-10,71760806524.63,42749529860.72,5245637299.57,8396968139.29,1318110079.89,878084065.08,607049883.35,222593861.49,46842259.52
2023-03-11,72074498292.27,40856433720.63,5609329539.42,8396420505.46,1666777550.85,878084065.08,607049883.35,222593861.49,38388702.65
2023-03-12,72116708664.76,40638162374.31,6413640086.92,8375923987.89,2074785695.51,878084065.08,607049883.35,222593861.49,37200000.9
2023-03-13,72553804547.14,39509479642.55,6482942197.8,8375923985.89,2022729619.9,878084065.08,607049883.35,222593861.49,46596606.3
2023-03-14,72899554644.6,38425819521.56,6242883647.44,8369923985.89,2026571641.37,878084065.08,607049883.35,222593861.49,38667408.3
2023-03-15,73398710308.38,37535441667.96,5997178063.37,8339923985.89,2026613839.0,878084065.08,607049883.35,222593861.49,39787196.39
2023-03-16,74251902617.18,36884063836.59,5763305205.71,8249923985.89,2025734995.77,878084065.08,607049883.35,222593861.49,40215928.01
2023-03-17,75171191254.64,36257769360.82,5672327402.54,8249923985.89,2025684866.75,878084065.08,607049883.35,222593861.49,40864270.82
2023-03-18,76181018246.95,36245171015.96,5628040576.29,8224923985.89,2029821039.64,878084065.08,607049883.35,222593861.49,41213930.18
2023-03-19,76220833431.45,36224271634.52,5606047020.51,8224923985.89,2029769377.62,878084065.08,607049883.35,222593861.49,41327108.38
2023-03-20,76109949431.26,35388709459.83,5599850173.17,8152923985.29,2029590843.18,878084065.08,607049883.35,222593861.49,43876882.05
2023-03-21,76856420219.05,35289631770.06,5583821600.44,8119682738.75,2033864520.86,878084065.08,607049883.35,222593861.49,43946311.52
2023-03-22,77436340549.79,34731034954.07,5493781815.74,8064021527.45,2041219735.73,878084065.08,607049883.35,222593861.49,43106634.74
2023-03-23,78046247908.34,34412672943.82,5481315712.31,8064021527.45,2048552006.33,878084065.08,607049883.35,222593861.49,43076489.24
2023-03-24,78486103416.23,33922902138.78,5440950913.82,8024348810.99,2042445822.08,878084065.08,607049883.35,222593861.49,42635054.19
2023-03-25,79022291662.58,33917753184.64,5439266771.53,8024348810.99,2042444870.53,878084065.08,607049883.35,222593861.49,42553235.43
2023-03-26,79022291662.58,33883082551.48,5432305869.19,8024348810.99,2042105471.2,878084065.08,607049883.35,222593861.49,42587516.64
2023-03-27,79180415495.44,33471771273.01,5347100654.08,7829888912.21,2024659420.59,878084065.08,607049883.35,222593861.49,42370935.02
2023-03-28,79455957775.09,33321628319.5,5316842731.36,7715434148.91,2013927257.1,878084065.08,607049883.35,222593861.49,42378499.4
2023-03-29,79520894633.23,33268937127.5,5302695969.63,7664673836.25,2018642468.22,878084065.08,607049883.35,222593861.49,41951489.36
2023-03-30,79640898253.4,32858096290.12,5295094491.96,7614518801.75,2031920494.09,878084065.08,607049883.35,222593861.49,41193081.83
2023-03-31,79672364928.71,32532374515.66,5296190840.98,7557187517.55,2064312831.74,878084065.08,607049883.35,222593861.49,41211057.07
2023-04-01,79693860816.01,32527442703.53,5294611232.78,7557187517.55,2065268768.98,878084065.08,607049883.35,222593861.49,41376145.84
2023-04-02,79693860816.01,32539442703.53,5306467779.59,7557187517.55,2065204939.91,878084065.08,607049883.35,222593861.49,41281607.92
2023-04-03,79802860806.91,32643991006.38,5291663954.15,7415725238.73,2075960341.28,878084065.08,607049883.35,222593861.49,41478141.39
2023-04-04,79908675808.87,32703317930.33,5292161505.98,7290280643.34,2069944351.53,878084065.08,607049883.35,222593861.49,41369750.69
2023-04-05,80004564803.05,32623726267.99,5282274633.99,7205816234.04,2076075069.18,878084065.08,607049883.35,222593861.49,46006966.13
2023-04-06,80107783903.49,32756063186.0,5281917411.13,7092463809.38,2088879550.79,878084065.08,607049883.35,222593861.49,45836834.55
2023-04-07,80195385809.39,32600441967.09,5282299045.75,7070499351.47,2090225269.46,878084065.08,607049883.35,222593861.49,45903854.44
2023-04-08,80195385809.39,32600502573.75,5278646864.7,7070499351.47,2090206881.61,878084065.08,607049883.35,222593861.49,45885065.08
2023-04-09,80210538011.07,32600464084.03,5271566140.15,7070499351.47,2090204858.7,878084065.08,607049883.35,222593861.49,45842177.01
2023-04-10,80333092900.4,32384170346.58,5255757921.46,6992102462.08,2113077154.48,878084065.08,607049883.35,222593861.49,45182680.72
2023-04-11,80436113655.5,32396637052.05,5250820286.29,6895734148.91,2139801999.66,878084065.08,391330137.69,222593861.49,45681349.45
2023-04-12,80459616647.03,32056407807.78,5216464156.08,6815831153.91,2141049087.26,878084065.08,402388147.85,222593861.49,45478878.33
2023-04-13,80578797765.59,31946979722.55,5203174402.26,6795434149.91,2155498913.61,878084065.08,402838137.95,222593861.49,45282323.11
2023-04-14,80765305448.28,31813761941.84,5207401994.68,6681120001.19,2152956732.42,969514796.67,413043623.94,222593861.49,45543579.3
2023-04-15,80911811951.9,31832462319.02,5221075574.98,6681120001.19,2152748545.29,969514796.67,413043623.94,222593861.49,45849198.22
2023-04-16,80921811951.8,31832284561.06,5209465231.59,6681120001.19,2152662410.1,969514796.67,411933727.23,222593861.49,45946147.24
2023-04-17,80931811951.65,31639257085.02,5077397924.43,6656024703.92,2144457997.21,969514796.67,421440267.15,222593861.49,45701203.51
2023-04-18,81061272678.95,31378807338.56,5056884407.97,6641005977.71,2138701381.23,969514796.67,428839758.36,222593861.49,46252930.77
2023-04-19,81186008779.15,31249379395.34,5053833837.88,6612006777.71,2144534550.14,969514796.67,440066467.15,222593861.49,46944227.41
2023-04-20,81299272766.11,30996196725.09,5046008418.36,6582802135.84,2141195001.34,969514796.67,450174186.89,222593861.49,46950876.4
2023-04-21,81405748697.87,30779107463.06,4996805814.48,6486111168.52,2131297750.7,969514796.67,446190044.47,222593861.49,46978789.59
2023-04-22,81421868892.89,30778981562.94,4972025248.88,6445097629.92,2132222215.88,969514796.67,454807898.54,222593861.49,46977462.51
2023-04-23,81441868887.74,30807077046.94,4967596110.27,6445097629.92,2132203980.19,969514796.67,454807898.54,222593861.49,47865527.0
2023-04-24,81451868887.64,30747380995.24,4979718790.38,6445097629.92,2118730670.83,969514796.67,455925344.27,222593861.49,47591393.41
2023-04-25,81538750252.41,30685186009.72,4976727275.62,6360446352.57,2087470252.96,969514796.67,466969941.0,222593861.49,47530913.03
2023-04-26,81576838534.29,30751679772.97,4981000736.37,6335443348.47,2055936123.92,969514796.67,477072897.06,222593861.49,46271650.15
2023-04-27,81591507219.79,30529296943.89,4970269923.58,6280952229.49,2018595642.91,969514796.67,476409667.9,222593861.49,45651352.12
2023-04-28,81615536097.75,30499013879.24,4915936610.84,6197080489.16,1995358165.38,969514796.67,486889530.68,222593861.49,45659475.38
2023-04-29,81698117583.09,30510135298.88,4919346379.85,6197080489.16,1995345188.15,969514796.67,486950183.26,222593861.49,45339821.32
2023-04-30,81708117569.09,30510277652.85,4924172148.61,6197080489.16,1995319917.67,969514796.67,486950183.26,222593861.49,45320128.29
2023-05-01,81718117573.09,30385794428.48,4917336057.57,6166060493.14,2441411171.06,969514796.67,486950183.26,222593861.49,45222037.36
2023-05-02,81801198099.12,30259290876.97,4889361571.64,6090958093.18,2508555542.34,969514796.67,505032169.66,222593861.49,44823703.1
2023-05-03,81868131510.81,30170717816.29,4876232044.63,5985825893.23,2249584199.45,757552716.46,515087790.09,222593861.49,44667713.96
2023-05-04,81985825504.87,30143055199.59,4870173411.86,5975624772.19,2229207488.02,757552716.46,523281961.58,222593861.49,45033785.49
2023-05-05,82062573140.07,30389638414.89,4865376460.66,5965614740.27,2226800478.4,757552716.46,523411880.28,222593861.49,45028857.85
2023-05-06,82078431886.16,30393727899.48,4877934376.3,5965614740.27,2222939786.6,757552716.46,534239916.81,222593861.49,45019160.64
2023-05-07,82083431880.8,30170717816.29,4878744778.9,5965614740.27,2222758274.71,757552716.46,534306087.35,222593861.49,45004368.49
2023-05-08,82088431875.8,30143055199.59,4880867398.71,5965614740.27,2195493813.39,757552716.46,534093389.8,222593861.49,45182731.98
2023-05-09,82338704350.17,30389638414.89,4881773912.71,5794734845.35,2133995761.1,757552716.46,544410843.06,222593861.49,45303756.86
2023-05-10,82491900635.54,30393727899.48,4883378157.15,5765534167.67,2114814785.69,757552716.46,554271420.92,222593861.49,45136380.53
2023-05-11,82612464846.63,29986830354.35,4877096207.43,5706434152.92,2091715593.81,1058571792.86,554257011.07,222593861.49,45314596.73
2023-05-12,82726510004.16,29974742987.39,4865126348.26,5645434150.35,2066252513.36,1058571792.86,573646774.68,222593861.49,45308595.04
2023-05-13,82797235449.07,29977088268.0,4863460796.68,5614434148.91,2066250506.77,1058571792.86,573716949.06,222593861.49,45131658.29
2023-05-14,82797235449.07,29973956935.54,4860376631.57,5614434148.91,2066176909.25,1058571792.86,573779490.36,222593861.49,45108713.53
2023-05-15,82807235429.07,29815214704.44,4857140728.65,5559434149.81,2092149224.67,1058571792.86,573205741.28,222593861.49,45067896.71
2023-05-16,82822627516.57,29664338582.47,4859488362.17,5554504159.84,2085899623.47,1061502734.54,578641859.28,222593861.49,45969594.45
2023-05-17,82845432957.31,29509972784.66,4862698490.14,5544850540.05,2088617859.01,1053561376.84,579266017.69,222593861.49,45651460.27
2023-05-18,82845432957.31,29596880453.81,4862819877.73,5544850540.05,2083234392.78,1043561366.81,576060710.55,222593861.49,46921023.41
2023-05-19,82856924178.67,29560260746.32,4861189403.28,5499801594.05,2078778735.35,1019052716.45,575491652.77,222593861.49,48559544.85
2023-05-20,82909078546.22,29556924705.3,4848515207.17,5499801594.05,2081499178.98,1019052716.45,575759847.15,222593861.49,48565329.66
2023-05-21,82914078541.21,29554484579.17,4853254452.27,5499801594.05,2081493034.18,1019052716.45,575759847.15,222593861.49,48379156.32
2023-05-22,82919078535.2,29420939250.75,4850492662.81,5499801594.05,2072104853.65,1019052716.45,575750076.92,222593861.49,47578725.99
2023-05-23,82962559131.3,29268572358.39,4843452316.48,5400572149.59,2063160839.37,1019052716.45,575952316.84,222593861.49,47592851.29
2023-05-24,83026924196.82,29139195929.2,4825086965.16,5332532237.87,2052980390.76,1019052716.45,575656057.95,222593861.49,47477889.34
2023-05-25,83063097246.71,29060012396.77,4819046918.45,5303336092.57,2053682950.98,1019052716.45,575047343.64,222593861.49,47354526.44
2023-05-26,83090267889.6,29086892726.15,4816366945.47,5303336092.57,2054997243.26,1019052716.45,575408121.92,222593861.49,46517120.93
2023-05-27,83122088781.31,29065705958.69,4819399173.16,5276149019.04,2054951499.43,1019052716.45,575512736.16,222593861.49,46466861.22
2023-05-28,83127088775.31,29060623589.46,4820735916.66,5276149019.04,2054448020.68,1019052716.45,575512736.16,222593861.49,46671246.81
2023-05-29,83127088775.31,29038144263.64,4825340278.8,5276149019.04,2054370180.08,1019052716.45,575692919.2,222593861.49,46759175.78
2023-05-30,83142789011.26,28961757442.03,4825578515.37,5251304834.07,2053983256.86,1019052716.45,572046236.78,222593861.49,46825013.91
2023-05-31,83184323407.66,28879870385.86,4815883738.6,5196034145.55,2049186422.95,1027011081.22,571710397.95,222593861.49,46863237.96
2023-06-01,83222336872.59,28968872219.68,4798831575.01,5167034145.55,2049683651.39,1027753063.33,572236410.79,222593861.49,46684674.39
2023-06-02,83249690591.49,28908274095.13,4787628306.52,5154048145.15,2052470296.55,1016552716.45,571024085.59,222593861.49,46410426.23
2023-06-03,83152494318.89,28907428651.46,4786397642.41,5149534148.55,2056538635.46,1006573587.66,571170128.8,222593861.49,46278243.94
2023-06-04,83152494318.89,28908146971.17,4786595960.79,5149534148.55,2056501698.3,1006573587.66,571332436.17,222593861.49,46278538.29
2023-06-05,83165992303.65,28792362997.76,4783003014.25,5096534145.55,2061871947.37,1006573587.66,569855287.67,222593861.49,46229367.98
2023-06-06,83218992302.62,28651162996.81,4769648997.12,4997666047.69,2063655420.78,1006573587.66,569888367.98,222593861.49,46083527.38
2023-06-07,83290830186.11,28519326905.14,4764471187.0,4896660642.73,2065265003.78,1006573587.66,570403472.82,222593861.49,45549441.96
2023-06-08,83301440511.91,28441690048.99,4751504844.15,4864570770.55,2064847555.59,1006573587.66,571276695.09,222593861.49,45170072.15
2023-06-09,83321599071.57,28331948404.89,4742847552.29,4795078187.0,2058120556.73,1006573587.66,571468290.02,222593861.49,45212800.2
2023-06-10,83356513307.22,28366683796.44,4743039231.69,4780579197.0,2049323176.9,1006573587.66,571468290.02,222593861.49,44075066.05
2023-06-11,83361513300.22,28382560238.85,4739859273.41,4780579197.0,2042287984.98,1006573587.66,571468290.02,222593861.49,43823104.83
2023-06-12,83366513300.21,28312460916.08,4722312007.99,4641686860.93,2028358529.06,1006573587.66,570568227.89,222593861.49,45320972.77
2023-06-13,83495780837.67,28179027329.21,4695876046.72,4621559394.66,2016628278.63,1006573587.66,568131950.22,222593861.49,44229396.46
2023-06-14,83557308297.02,28092770854.68,4687477118.16,4506547149.91,2016047590.06,1006573587.66,568131950.22,222593861.49,43831220.12
2023-06-15,83560685486.14,28214752935.57,4591445526.66,4375641296.56,2015886938.4,1007269397.15,567181929.06,222593861.49,42662930.0
2023-06-16,83562835051.15,28346016269.53,4603112116.8,4301546312.44,3109909111.79,1007269397.15,566693252.46,222593861.49,42726870.54
2023-06-17,83567584292.4,28349182395.74,4619967927.0,4295869934.62,3110050093.48,1007269397.15,566452512.39,222593861.49,42800884.69
2023-06-18,83173876278.09,28344421516.17,4627827169.61,4295869934.62,3110025804.89,1007269397.15,566452512.39,222593861.49,43077704.95
2023-06-19,83173876278.09,28452714427.7,4645697182.18,4295869934.62,3127449642.26,1007269397.15,566452512.39,222593861.49,43475908.3
2023-06-20,83177035118.24,28530429189.34,4688030773.89,4269031773.9,3138949450.65,1007269397.15,566452512.39,222593861.49,43538122.97
2023-06-21,83177035118.24,28480462823.03,4688362083.52,4269031773.9,3139421789.08,1000269397.15,566142563.06,222593861.49,42329993.14
2023-06-22,83177035118.24,28488489180.07,4711974219.05,4248218246.85,3140930019.78,1000269397.15,565449400.8,222593861.49,43521617.72
2023-06-23,83197018343.02,28450617004.44,4723891850.83,4248218246.85,3140888017.58,1000269397.15,565569358.51,222593861.49,43428762.95
2023-06-24,83202018338.02,28464846324.56,4734819283.18,4244604721.8,3140888017.58,1000269397.15,566371550.41,222593861.49,44027311.28
2023-06-25,83212018333.02,28472030156.58,4731279412.33,4244604721.8,3140884249.51,1000269397.15,566371550.41,222593861.49,45137418.51
2023-06-26,83212018333.02,28372748442.75,4709253873.3,4227229961.65,3139580215.02,995140452.73,565746198.0,222593861.49,45404380.33
2023-06-27,83234106505.64,28215276761.58,4702184064.65,4213495333.37,3139448995.87,995140452.73,565746198.0,222593861.49,45606550.76
2023-06-28,83240489455.15,28128098369.48,4691451596.54,4188534267.55,3059836123.13,989794017.85,564532580.42,222593861.49,45637834.52
2023-06-29,83325580690.11,27952460055.16,4669314908.62,4142965836.17,3059838623.13,989794017.85,564574116.04,222593861.49,45967546.36
2023-06-30,83377712380.85,27441703555.84,4654414410.71,4134640435.71,3057066179.1,986890935.85,566969581.6,222593861.49,45829364.49
2023-07-01,83341708026.69,27394869499.12,4649844942.56,4132947951.97,3057059171.1,986890935.85,566230295.37,222593861.49,45578020.54
2023-07-02,83341708026.69,27393817519.78,4648724107.22,4132947951.97,3057058171.1,986890935.85,566230295.37,222593861.49,45760474.43
2023-07-03,83341708026.69,27676323860.55,4641905542.44,4126370286.82,3038058171.1,938552716.45,565159136.52,222593861.49,45511981.12
2023-07-04,83352722599.91,27730930134.82,4648862570.18,4126370286.82,3038058171.1,938552716.45,565159136.52,222593861.49,45528375.22
2023-07-05,83355853919.39,27678313998.23,4659781691.13,4099534145.55,3005557907.59,938552716.45,566108993.68,222593861.49,45178855.48
2023-07-06,83355853919.39,27521577828.37,4656422234.72,4061053626.85,3005511677.4,828868562.7,564167078.12,222593861.49,45064065.65
2023-07-07,83357268873.15,27502899436.21,4655783567.23,4045704770.48,2945531281.87,768552716.45,564373163.62,222593861.49,45508136.53
2023-07-08,83360717914.11,27505369670.97,4649124788.96,4045704770.48,2945531281.87,768552716.45,564377644.59,222593861.49,44548013.21
2023-07-09,83360717904.11,27499720419.58,4648952255.47,4045704770.48,2945531281.87,768552716.45,564377644.59,222593861.49,44626862.3
2023-07-10,83360717904.11,27386885816.29,4642043481.9,4026563875.55,2944528093.48,718636101.45,563945045.89,222593861.49,44112417.87
2023-07-11,83369138728.55,27368849237.86,4649489765.87,3997265384.91,2894570379.47,661654230.45,564190390.27,222593861.49,44169848.45
2023-07-12,83373482925.29,27242776689.48,4653667696.5,3988565384.91,2844570379.47,616553331.45,564428012.84,222593861.49,44243456.38
2023-07-13,83378065484.55,27391335960.04,4661233515.66,3978642683.92,2844570379.47,566626099.45,565063884.41,222593861.49,40458386.6
2023-07-14,83434088922.61,27281876101.42,4666710370.42,3969114586.7,2844570379.47,566626099.45,564274506.28,222593861.49,44595407.18
2023-07-15,83613851903.08,27281157711.16,4666883306.65,3969066384.91,2844570379.47,561714309.49,564274506.28,222593861.49,44735418.86
2023-07-16,83638374850.96,27280065610.89,4656246593.34,3969066384.91,2844570379.47,561714309.49,564274506.28,222593861.49,44766520.54
2023-07-17,83649374839.94,27074242997.12,4648866412.55,3937870361.48,2844570379.47,561714309.49,563739747.21,222593861.49,44152764.04
2023-07-18,83750478228.26,26989717636.22,4624127050.4,3888836719.42,2794520031.27,561714309.5,563851279.92,222593861.49,44085351.91
2023-07-19,83754637689.7,26983153984.6,4612804140.11,3879904453.55,2794520031.27,561714309.5,564086945.94,222593861.49,44015307.39
2023-07-20,83775444681.46,26927306920.25,4612291988.7,3856940489.02,2807520031.27,556552716.46,464570720.58,222593861.49,43618012.72
2023-07-21,83819295816.65,26861332463.22,4607548823.07,3856940489.02,2807559000.5,549583263.47,414332236.28,222593861.49,42575845.13
2023-07-22,83796187894.46,26856682331.74,4601674672.75,3851534145.55,2807559000.5,549583263.47,413728494.49,222593861.49,43347239.02
2023-07-23,83796187894.46,26853724547.58,4599650933.82,3851534145.55,2807559000.5,549583263.47,413728494.49,222593861.49,43156778.16
2023-07-24,83803374437.71,26697874989.46,4589430727.11,3836534235.07,2807583269.33,549583263.47,412880685.34,222593861.49,44180597.5
2023-07-25,83809374431.71,26634625699.25,4579885330.35,3803149832.24,2807583269.33,549583263.47,414727469.56,222593861.49,44292200.09
2023-07-26,83809374431.71,26591110164.28,4565549932.21,3778369150.97,2807583269.33,549583263.47,414100725.79,222593861.49,46043309.9
2023-07-27,83821781092.12,26573714355.55,4557795393.63,3774038170.97,2807583269.33,549583263.47,364271940.72,222593861.49,46451932.49
2023-07-28,83821781092.11,26549199637.71,4539883053.06,3704617728.59,2807574848.45,549583263.47,363586872.41,222593861.49,45782108.64
2023-07-29,83824685312.35,26549040216.18,4541666105.55,3704617728.59,3057574848.45,549583263.47,363586872.41,222593861.49,45912690.82
2023-07-30,83824685312.35,26544309723.44,4577574058.13,3704617728.59,3057574848.45,549583263.47,362586514.52,222593861.49,46179092.0
2023-07-31,83819250310.68,26487375981.79,4581589953.65,3677346175.56,3017574848.45,549583263.47,362854364.04,222593861.49,45551612.54
2023-08-01,83895492718.69,26281962554.44,4527754772.14,3634961671.73,2965080279.45,549583263.47,361482677.43,222593861.49,44174303.0
2023-08-02,83895492718.69,26179675897.93,4503723815.84,3537108360.12,2965074779.45,534581519.7,360908353.13,222593861.49,43520629.16
2023-08-03,83897131247.51,26099174345.53,4469595521.91,3495946370.22,2965074779.45,509126615.38,360908353.13,222593861.49,42304685.93
2023-08-04,83897131247.43,26041485189.56,4441966651.49,3424336483.68,2965074779.45,509126617.38,360814035.42,222593861.49,40589367.07
2023-08-05,83902576266.62,26044610720.62,4445949452.52,3417043857.16,2965074779.45,507056422.74,360814035.42,222593861.49,40486581.93
2023-08-06,83902576266.62,26045397904.96,4503158368.11,3417043857.16,2965074779.45,507056422.74,360814035.42,222593861.49,39632475.22
2023-08-07,83902576266.0,26142651670.06,4795241730.85,3393563656.67,2997074781.45,507056422.75,360242199.15,222593861.49,39034248.32
2023-08-08,83578639639.68,26310093915.12,4993604955.9,3391737648.55,2993074781.45,511100005.2,360432036.92,222593861.49,38902162.57
2023-08-09,83532099181.6,26288696142.39,5115871541.8,3391737648.55,2993074781.45,511100005.2,360436744.95,222593861.49,39427270.35
2023-08-10,83532928351.15,26155873858.24,5249273195.89,3391737648.55,2968074781.45,511100005.2,360436744.95,222593861.49,41118514.46
2023-08-11,83533427826.0,26103168587.73,5263477134.93,3380824213.89,2973074781.45,506100005.2,361398323.7,222593861.49,40460851.79
2023-08-12,83410866925.61,26164012262.71,5334997676.68,3371508270.76,2973074781.45,506100005.2,361735022.14,222593861.49,40472213.81
2023-08-13,83410866925.56,26182601233.11,5353714631.22,3371508270.76,2973074781.45,506100005.2,361735022.14,222593861.49,40469692.09
2023-08-14,83410866925.52,26005696451.17,5363425858.41,3356273183.39,2787074781.45,506100005.2,361735022.14,222593861.49,40314012.92
2023-08-15,83410866925.52,26033710983.12,5347888595.75,3356273183.39,2751974781.45,506100005.2,361062491.58,222593861.49,40484825.1
2023-08-16,83183030691.11,26052405806.27,5347888595.75,3337600135.76,2752973685.45,506100005.2,361134147.31,222593861.49,39064633.1
2023-08-17,83017245694.11,26135382664.24,5347888595.75,3278535245.56,2763473685.45,506100005.2,361369104.45,222593861.49,37683632.4
2023-08-18,82842337234.1,25974342128.88,5347888595.75,3242446861.94,2763471415.06,506100005.2,361442518.3,222593861.49,39480142.51
2023-08-19,82846484080.78,25986643469.36,5347888595.75,3242446861.94,2763471415.06,506100005.2,361899315.65,222593861.49,39396373.2
2023-08-20,82846484080.78,25981606480.43,5347888595.75,3242446861.94,2763471415.06,506100005.2,361899315.65,222593861.49,39563213.07
2023-08-21,82846484080.78,25988939756.94,5347888595.75,3218637419.97,2754461423.8,507700446.01,360987668.9,222593861.49,37714388.76
2023-08-22,82853331627.82,25910690305.65,5347888595.75,3218637419.97,2754461423.8,508796841.12,361174915.91,222593861.49,37581093.88
2023-08-23,82845776808.29,26003207912.46,5347888595.75,3196632551.86,2744461523.8,508796841.12,310705580.85,222593861.49,37271898.88
2023-08-24,82845776808.29,25870204534.87,5347888595.75,3186249428.33,2903500023.8,508796841.12,311050294.47,222593861.49,36948879.01
2023-08-25,82849133565.98,25916750966.42,5347888595.75,3152534684.84,2907448855.8,510215145.19,311274153.58,222593861.49,37103698.89
2023-08-26,82851601095.74,26012676491.46,5347888595.75,3145564445.74,2907448855.8,510215145.19,311274153.58,222593861.49,37112584.44
2023-08-27,82851601095.74,26042964181.13,5347888595.75,3145564445.74,2907448855.8,510215145.19,311274153.58,222593861.49,37057131.02
2023-08-28,82851601095.74,26045205261.53,5347888595.75,3113807725.01,2907449055.8,508811831.4,311274153.58,222593861.49,36003372.56
2023-08-29,82858157223.83,26149408746.43,5347888595.75,3101450078.03,2907449055.8,508811831.4,310601573.8,222593861.49,35792392.42
2023-08-30,82859580798.56,26137242686.45,5347888595.75,3072251671.37,2907449055.8,505170765.45,310641207.11,222593861.49,35827822.35
2023-08-31,82865020965.81,26155737866.45,5347888595.75,3065534145.55,2907449055.8,505170765.45,310641207.11,222593861.49,35688948.86
2023-09-01,82868517465.82,26129663699.22,5347888595.75,2893295314.24,3447761055.8,498052716.45,310676312.8,222593861.49,35592907.52
2023-09-02,82900167311.56,26156465384.78,5347888595.75,2876599297.0,3447761055.8,488345990.55,310074646.15,222593861.49,35992650.0
2023-09-03,82900167311.56,26203762225.51,5347888595.75,2844551207.69,3447761055.8,488345990.55,310074646.15,222593861.49,35986974.9
2023-09-04,82900167311.56,26098230217.82,5347888595.75,2844551207.69,3435761055.8,488345990.55,310074646.15,222593861.49,36408433.17
2023-09-05,82905516464.39,26031236986.49,5347888595.75,2744559622.89,3275761055.8,500381602.24,310074646.15,222593861.49,36449470.6
2023-09-06,82907915063.49,26084811578.15,5347888595.75,2696721145.55,3268310367.0,500381602.24,309766140.49,222593861.49,37980336.77
2023-09-07,82911183291.91,25952016649.43,5347888595.75,2617558822.67,3261839476.69,500381602.24,308168055.33,222593861.49,37940019.16
2023-09-08,82912941531.78,26103712556.43,5347888595.75,2591414116.36,3188239476.69,500381602.24,307453153.8,222593861.49,38100130.27
2023-09-09,83016246102.32,26127368788.42,5347888595.75,2590877262.98,3188239476.69,520370073.84,307453153.8,222593861.49,37897301.41
2023-09-10,83016246102.32,26153516263.59,5347888595.75,2583616987.81,3188239476.69,520370073.84,307453153.8,222593861.49,36962088.47
2023-09-11,83016246102.32,26069328698.86,5347888595.75,2538975076.75,3168431585.69,528254634.89,307534948.96,222593861.49,37096404.99
2023-09-12,83025993200.77,26181758319.1,5347888595.75,2531890545.25,3160120826.69,528254634.89,307483968.67,222593861.49,37264643.25
2023-09-13,83031729772.2,26191802751.68,5347888595.75,2518447356.55,3160120826.69,518082232.11,307646036.53,222593861.49,36485665.66
2023-09-14,83034723502.72,26115248959.3,5347888595.75,2499814318.99,3159115482.69,507563145.64,306565314.03,222593861.49,36202859.06
2023-09-15,83039615734.49,26110817224.83,5347888595.75,2491353783.59,3104176323.69,507563145.64,306412911.63,222593861.49,36464077.38
2023-09-16,83041923535.66,26163581627.0,5347888595.75,2491353783.59,3104176323.69,492639163.18,306412911.63,222593861.49,36469212.76
2023-09-17,83041923535.66,26166039483.73,5347888595.75,2491353783.59,3104176323.69,492639163.18,306412911.63,222593861.49,36464131.67
2023-09-18,83041923535.62,26112907402.2,5347888595.75,2483552124.12,3104176323.69,491052716.45,306412911.63,222593861.49,36621638.7
2023-09-19,83091630538.0,26010967864.19,5347888595.75,2458579742.07,3104176323.69,491052716.45,304974242.25,222593861.49,36616862.99
2023-09-20,83162376900.54,25959413197.98,5347888595.75,2436902606.64,3270114673.69,491052716.45,305117235.72,222593861.49,35736029.9
2023-09-21,83191016572.37,25781006372.16,5347888595.75,2403863198.45,3513823600.69,491052716.45,305472222.35,222593861.49,35536406.04
2023-09-22,83191016572.37,25758447975.81,5347888595.75,2393552300.95,3510823600.69,486062948.65,305157956.74,222593861.49,35582707.59
2023-09-23,83201358999.17,25772118533.83,5347888595.75,2381674727.01,3510823600.69,486062948.65,305310606.64,222593861.49,34801785.61
2023-09-24,83203741768.41,25779642024.38,5347888595.75,2381674727.01,3510823600.69,486062948.65,305310606.64,222593861.49,34959642.23
2023-09-25,83203741768.41,25660057233.95,5347888595.75,2343984849.24,3510823600.69,486062948.65,303517922.6,222593861.49,34991144.23
2023-09-26,83207883380.7,25606515784.84,5347888595.75,2318468256.28,3458819699.69,486062948.65,303517922.6,222593861.49,35029811.35
2023-09-27,83266848432.55,25483210101.34,5347888595.75,2286080406.33,3455810631.08,486062948.65,302822112.96,222593861.49,34848118.86
2023-09-28,83271216062.92,25555966479.74,5347888595.75,2273940285.69,3452310631.08,486062948.65,302106381.84,222593861.49,34671777.79
2023-09-29,83276573705.23,25097298487.36,5347888595.75,2259538504.06,3450310631.08,486062948.65,300870635.08,222593861.49,34689067.26
2023-09-30,83244047972.39,25104853503.0,5347888595.75,2259538504.06,3450310631.08,486062948.65,301016215.4,222593861.49,34725538.05
2023-10-01,83255047972.36,25130675885.86,5347888595.75,2259538504.06,3450310631.08,486062948.65,301016215.4,222593861.49,34917116.21
2023-10-02,83257047972.36,25326907980.52,5347888595.75,2259538504.06,3450310631.08,486062948.65,250608273.92,222593861.49,34902003.92
2023-10-03,83340862004.67,25256741162.43,5347888595.75,2254669107.69,3445810631.08,486062948.65,250389330.82,222593861.49,35015390.37
2023-10-04,83365093032.01,25233542922.5,5347888595.75,2239090536.31,3437310631.08,486062948.65,221580078.6,222593861.49,34940587.97
2023-10-05,83366897433.6,25232079771.57,5347888595.75,2227588569.23,3429810631.08,486062948.65,222496246.38,222593861.49,35132532.48
2023-10-06,83366897433.6,25498382787.85,5347888595.75,2213836281.04,3419808631.08,486062948.65,218141148.77,222593861.49,35112115.13
2023-10-07,83450942137.82,25534869963.94,5347888595.75,2213836281.04,3419808631.08,486062948.65,217695937.81,222593861.49,35117483.57
2023-10-08,83474442137.82,25544046755.97,5347888595.75,2213836281.04,3419808631.08,486062948.65,217695937.81,222593861.49,35106664.82
2023-10-09,83474442137.82,25503204940.97,5347888595.75,2202446214.69,3418805399.08,486062948.65,217695937.81,222593861.49,35059823.93
2023-10-10,83494944357.82,25378550517.84,5347888595.75,2202446214.69,3418805399.08,486062948.65,216814302.35,222593861.49,35107609.66
2023-10-11,83519009631.39,25238252792.1,5347888595.75,2144747685.52,3368805399.08,486062948.65,216843616.21,222593861.49,34857056.31
2023-10-12,83522032813.2,25135163828.33,5347888595.75,2144747685.52,3368805399.08,486062948.65,216843616.21,222593861.49,34384251.39
2023-10-13,83522033056.64,25118067880.44,5347888595.75,2123692197.77,3368808449.08,486062948.65,216800941.64,222593861.49,34336833.58
2023-10-14,83527007239.15,25125054440.69,5347888595.75,2123692197.77,3368808449.08,486062948.65,216904725.52,222593861.49,34228432.82
2023-10-15,83527007239.15,25156769446.86,5347888595.75,2123692197.77,3368808449.08,486062948.65,217019643.38,222593861.49,33987772.37
2023-10-16,83531007239.15,25252764114.57,5347888595.75,2114600963.77,3368808449.08,486062948.65,217019643.38,222593861.49,32604525.59
2023-10-17,83586948800.09,25325176945.78,5347888595.75,2107913113.86,3368808449.08,486062948.65,216733413.62,222593861.49,33410264.19
2023-10-18,83681434302.59,25362664533.52,5347888595.75,2102166467.71,3366808449.08,486062948.65,216210879.54,222593861.49,33276317.13
2023-10-19,83814882993.9,25452826616.73,5347888595.75,2102166467.71,3809308449.08,486062948.65,216396174.27,222593861.49,33518201.68
2023-10-20,83925456770.13,25533513376.01,5347888595.75,2094301084.17,3365808449.08,486062948.65,166100446.98,222593861.49,33514905.7
2023-10-21,84153134500.6,25559907079.6,5347888595.75,2094301084.17,3365808449.08,486062948.65,166090435.86,222593861.49,33100840.6
2023-10-22,84154234500.6,25558273131.34,5347888595.75,2094301084.17,3365808449.08,486062948.65,166090435.86,222593861.49,33576048.07
2023-10-23,84165234500.6,25457087490.05,5347888595.75,2094301084.17,3365808449.08,483721450.65,164293831.72,222593861.49,32634044.69
2023-10-24,84295286784.32,25086615286.4,5347888595.75,2077990009.85,3363808449.08,483721450.65,163181960.51,222593861.49,31286077.3
2023-10-25,84256686740.46,25161431052.8,5347888595.75,2077990009.85,3363808449.08,483721450.65,162708961.74,222593861.49,31199883.94
2023-10-26,84391561211.99,25077959887.22,5347888595.75,2062601032.58,3359908449.08,483721450.65,163000482.85,222593861.49,31850966.29
2023-10-27,84510531023.51,24974213323.05,5347888595.75,2054800183.27,3355408449.08,483721450.65,162604311.46,222593861.49,32180208.48
2023-10-28,84538113416.61,24993599313.29,5347888595.75,2054800183.27,3355408449.08,483721450.65,162901125.98,222593861.49,32085207.82
2023-10-29,84538113416.03,25040077641.6,5347888595.75,2054800183.27,3355408449.08,483721450.65,162901125.98,222593861.49,32124219.22
2023-10-30,84538113416.03,24930855930.0,5347888595.75,2024712755.24,3355408449.08,483721450.65,162518478.76,222593861.49,32153598.04
2023-10-31,84663138137.42,24761963297.48,5347888595.75,2007167356.31,3342408449.08,438824450.65,162748489.36,222593861.49,32109206.8
2023-11-01,84806706137.4,24760022595.09,5347888595.75,2002534145.55,3342408449.08,443824445.82,163281566.82,222593861.49,32355646.59
2023-11-02,84877338288.9,24474226813.26,5347888595.75,1947831943.83,3342408449.08,453362635.5,162669301.16,222593861.49,32608793.7
2023-11-03,85202267839.07,24507103063.17,5347888595.75,1947831943.83,3342408449.08,458947060.41,163388135.34,222593861.49,32794664.59
2023-11-04,85357759449.79,24540414601.29,5347888595.75,1896921538.16,3342408449.08,461755303.52,163216090.5,222593861.49,32395819.43
2023-11-05,85367759448.5,24592936720.76,5347888595.75,1896921538.16,3342408449.08,461755303.52,162536264.66,222593861.49,33148465.47
2023-11-06,85392259446.54,24462234073.57,5347888595.75,1889900985.01,3338065477.24,461755303.52,161177852.4,222593861.49,33418163.27
2023-11-07,85739984994.64,24398886443.66,5347888595.75,1888033479.85,3334570520.43,461755303.52,160382285.9,222593861.49,33411952.11
2023-11-08,86087083166.59,24250912451.49,5347888595.75,1884986957.25,3334570520.43,461755303.52,159496758.91,222593861.49,33795918.56
2023-11-09,86263964467.19,24181817911.32,5347888595.75,1884986957.25,3349570520.43,461755303.52,158452751.19,222593861.49,34628268.74
2023-11-10,86517250035.31,24108736622.52,5347888595.75,1882704025.94,3339069657.87,472533274.44,158452751.19,222593861.49,34306523.7
2023-11-11,86673940912.87,24215556612.94,5347888595.75,1880905609.34,3339069657.87,472533274.44,157530344.87,222593861.49,34885976.08
2023-11-12,86794140911.01,24229244715.83,5347888595.75,1877232325.49,3339069657.87,468266502.44,157530344.87,222593861.49,35363701.21
2023-11-13,86804455790.36,24022503220.12,5347888595.75,1867190718.9,3336768657.87,468266502.44,157530344.87,222593861.49,35040495.15
2023-11-14,87077275102.71,23890159307.72,5347888595.75,1849409274.13,3332365004.18,463488925.47,154349900.52,222593861.49,35063968.74
2023-11-15,87323273300.69,24128928782.51,5347888595.75,1847338348.13,3322365258.34,460560698.47,154202076.55,222593861.49,38095779.31
2023-11-16,87434791408.83,24173453126.77,5347888595.75,1841166091.52,3318365258.34,457258916.63,152459669.24,222593861.49,40425134.71
2023-11-17,87529899328.07,24317036676.32,5347888595.75,1813020988.69,3308462085.14,454232351.63,152401116.13,222593861.49,40955574.22
2023-11-18,87678283982.65,24413816560.57,5347888595.75,1807994600.69,3308462085.14,454232351.63,151996204.37,222593861.49,39842394.72
2023-11-19,87693583982.65,24436842447.19,5347888595.75,1802901124.97,3308462085.14,454232351.63,151996204.37,222593861.49,40370394.49
2023-11-20,87716158981.72,24520250207.19,5347888595.75,1799237862.47,3297104770.74,451921526.63,151996204.37,222593861.49,42310802.38
2023-11-21,88027089860.88,24436729943.19,5347888595.75,1782753066.47,3279543605.54,451921526.63,152119987.69,222593861.49,43459810.4
2023-11-22,88308652878.72,24409769503.83,5347888595.75,1752882386.07,3275340425.34,448212765.51,151162525.03,222593861.49,44683101.04
2023-11-23,88498867130.94,24445027010.4,5347888595.75,1752882386.07,3203340425.34,448212765.51,151162525.03,222593861.49,43884172.7
2023-11-24,88514865360.73,24703279181.42,5347888595.75,1740413115.48,3171340425.34,448212765.51,151162525.03,222593861.49,44497879.58
2023-11-25,88711326002.77,24706252900.54,5347888595.75,1740413115.48,3171340425.34,448212765.51,151320050.43,222593861.49,44223891.02
2023-11-26,88728826002.73,24652463454.97,5347888595.75,1740413115.48,3171340425.34,448212765.51,151320050.43,222593861.49,44095728.98
2023-11-27,88783826001.68,24411025600.27,5347888595.75,1716949953.74,3167888183.14,448212765.51,150695040.82,222593861.49,44137140.71
2023-11-28,88898878989.33,24534478902.04,5347888595.75,1690986198.01,3085886183.14,448212765.51,150672869.37,222593861.49,43909156.87
2023-11-29,89079709233.82,24486321343.35,5347888595.75,1690986198.01,2962886183.14,446640156.51,150672869.37,222593861.49,46726867.96
2023-11-30,89281726674.92,24486939427.23,5347888595.75,1684455394.08,2957878966.94,446640156.51,150246564.19,222593861.49,45987309.07
2023-12-01,89351760801.04,24576491634.07,5347888595.75,1657939536.13,2955878966.94,446640156.51,150246564.19,222593861.49,45639323.37
2023-12-02,89527049298.17,24557354066.7,5347888595.75,1657939536.13,2955878966.94,446640156.51,150075430.75,222593861.49,46555036.17
2023-12-03,89596999295.47,24519672059.77,5347888595.75,1653181223.91,2955878966.94,446640156.51,150075430.75,222593861.49,47587698.45
2023-12-04,89647599294.14,24373693312.13,5347888595.75,1622180535.58,2851978966.94,446640156.51,149149571.74,222593861.49,47679208.03
2023-12-05,89814116890.38,24272519719.4,5347888595.75,1622180535.58,2848978966.94,446640156.51,148745687.35,222593861.49,53087320.86
2023-12-06,89933674708.65,24248432938.91,5347888595.75,1593730469.56,2846496581.74,441182132.97,148498888.93,222593861.49,53618614.6
2023-12-07,90068084199.14,24307796153.08,5347888595.75,1555526217.22,2641496581.74,441182132.97,148762862.78,222593861.49,49829883.92
2023-12-08,90255875639.26,24468643596.74,5347888595.75,1535291738.47,2632977329.74,428956784.4,149693455.28,222593861.49,49152873.58
2023-12-09,90335643094.14,24558349098.38,5347888595.75,1506460290.27,2632977329.74,428956784.4,148251945.87,222593861.49,49552789.14
2023-12-10,90589444292.8,24548772312.12,5347888595.75,1506460290.27,2632977329.74,428956784.4,148251945.87,222593861.49,54599652.1
2023-12-11,90545444292.79,24170142513.7,5347888595.75,1461404649.43,2620349634.34,425038882.94,148251945.87,222593861.49,59433870.63
2023-12-12,90634673489.61,24056690565.27,5347888595.75,1461404649.43,2611016872.14,415038882.8,148251945.87,222593861.49,60082981.96
2023-12-13,90653779562.35,24215859587.38,5347888595.75,1360889536.93,2606526872.14,382560465.82,148251945.87,222593861.49,58102638.05
2023-12-14,90659011200.68,24466552211.34,5347888595.75,1255631343.79,2462896872.14,382560465.82,148251945.87,222593861.49,58308016.57
2023-12-15,90817944690.45,24492980296.71,5347888595.75,1205663317.61,2442896872.14,369946003.66,148251945.87,222593861.49,58133387.89
2023-12-16,90912507793.55,24663386331.4,5347888595.75,1205663317.61,2442896872.14,369946003.66,148251945.87,222593861.49,58363234.82
2023-12-17,90912507793.55,24608936962.17,5347888595.75,1205663317.61,2442896872.14,369946003.66,148251945.87,222593861.49,59048343.15
2023-12-18,90912507793.91,24627291015.35,5347888595.75,1195609129.11,2416896872.14,369946003.66,148251945.87,222593861.49,58647878.62
2023-12-19,90917901311.47,24750649010.55,5347888595.75,1018082901.89,2437245872.14,369946003.66,148251945.87,222593861.49,54784251.6
2023-12-20,90931157879.75,24877315848.87,5347888595.75,1012910247.48,2436746022.94,369946003.66,148251945.87,222593861.49,55895852.78
2023-12-21,91025353597.9,24827642139.59,5347888595.75,1012910247.48,2431636022.94,369946003.66,148251945.87,222593861.49,54193774.47
2023-12-22,91070549995.14,25013674101.22,5347888595.75,1012910247.48,2431636022.94,371353851.86,148251945.87,222593861.49,57213066.94
2023-12-23,91194009555.53,25068810987.78,5347888595.75,1012420542.01,2431636022.94,371353851.86,148251945.87,222593861.49,57816379.37
2023-12-24,91260809555.42,25101536144.72,5347888595.75,1012420542.01,2431636022.94,371353851.86,148251945.87,222593861.49,58824975.78
2023-12-25,91260809555.42,25051119232.35,5347888595.75,1012420542.01,2431636022.94,371353851.86,148251945.87,222593861.49,58573913.74
2023-12-26,91325941151.57,24726868899.57,5347888595.75,1012420542.01,2414149997.74,371353851.86,148251945.87,222593861.49,59466235.48
2023-12-27,91343684029.04,24818087616.61,5347888595.75,1011014686.59,2409149997.74,371353851.86,148251945.87,222593861.49,58974466.25
2023-12-28,91454891044.24,24874924293.41,5347888595.75,1010937966.68,2409149997.74,371353851.86,148251945.87,222593861.49,59066038.48
2023-12-29,91525553373.38,24764316422.48,5347888595.75,1010937966.68,2310149997.74,372639106.35,148251945.87,222593861.49,59196306.5
2023-12-30,91679604322.98,24874924293.41,5347888595.75,1010937966.68,2310149997.74,372639106.35,148251945.87,222593861.49,59704834.72
2023-12-31,91699604322.08,24518043570.86,5347888595.75,1010937966.68,2310149997.74,372639106.35,148251945.87,222593861.49,59566407.87
2024-01-01,91705804322.01,24543706949.67,5347888595.75,1010937966.68,2310149997.74,372639106.35,148251945.87,222593861.49,59500938.87
2024-01-02,91710003321.29,24781071993.61,5347888595.75,1010628696.8,2305149997.74,369235767.09,148251945.87,222593861.49,58904409.22
2024-01-03,92047993063.2,24911559911.45,5347888595.75,1010628696.8,2305149997.74,369235767.09,148251945.87,222593861.49,58833359.3
2024-01-04,92439664764.5,25132979368.71,5347888595.75,1000283550.91,2302847235.54,369235767.09,148251945.87,222593861.49,58502795.4
2024-01-05,92808320415.82,25347655089.97,5347888595.75,925412084.91,2197847235.54,370787665.1,148251945.87,222593861.49,58713839.24
2024-01-06,93348277476.03,25396407441.04,5347888595.75,925372784.91,2197847235.54,370787665.1,148251945.87,222593861.49,59843475.15
2024-01-07,93555877475.62,25384687714.98,5347888595.75,925372784.91,2197847235.54,370787665.1,148251945.87,222593861.49,59640111.01
2024-01-08,93624627475.56,25334410122.94,5347888595.75,775136103.63,2191213223.34,368059190.43,148251945.87,222593861.49,60686124.96
2024-01-09,94091164864.72,25229267856.9,5347888595.75,765142103.63,2173954850.14,368059190.43,148251945.87,222593861.49,59466694.34
2024-01-10,94341083432.8,25246839016.22,5347888595.75,625062804.27,2137611463.74,368059190.43,148251945.87,222593861.49,56513384.73
2024-01-11,94619119046.14,25243517014.58,5347888595.75,625062804.27,2055388383.54,367057346.84,148251945.87,222593861.49,57565981.76
2024-01-12,95001955731.02,25371659529.96,5347888595.75,535061829.03,2050388395.54,367057346.84,148251945.87,222593861.49,59553102.81
2024-01-13,95010835101.64,25477863127.93,5347888595.75,535061829.03,2050388395.54,367057346.84,148251945.87,222593861.49,60603855.47
2024-01-14,95010835101.63,25481514682.48,5347888595.75,535061829.03,2050388395.54,367057346.84,148251945.87,222593861.49,60280635.37
2024-01-15,95010835095.96,25465516511.19,5347888595.75,519884697.81,1925388407.54,367057346.84,148251945.87,222593861.49,59360569.9
2024-01-16,95121720210.83,25429894913.73,5347888595.75,414761094.92,1911764530.34,362787787.32,148251945.87,222593861.49,60471326.7
2024-01-17,95184775480.94,25661880936.84,5347888595.75,314744831.2,1911664530.34,363343534.4,148251945.87,222593861.49,60707707.05
2024-01-18,95165015480.89,25618634163.91,5347888595.75,149740135.72,1909485530.34,363343534.4,148251945.87,222593861.49,58723793.34
2024-01-19,95060023617.71,25456650821.13,5347888595.75,99431323.37,1904420360.14,363343534.4,148251945.87,222593861.49,59807202.82
2024-01-20,95063512119.07,25726892282.55,5347888595.75,99431323.37,1904420360.14,363343534.4,148251945.87,222593861.49,59250330.18
2024-01-21,94929347996.65,25774275109.13,5347888595.75,99431323.37,1904420360.14,363343534.4,148251945.87,222593861.49,59498116.55
2024-01-22,94930821669.3,25642226744.61,5347888595.75,99431323.37,1904420360.14,363343534.4,148251945.87,222593861.49,59441580.38
2024-01-23,94926904570.4,25667334047.84,5347888595.75,99431323.37,1865962374.94,363343534.4,148251945.87,222593861.49,57295774.28
2024-01-24,95576820991.72,25812742106.05,5347888595.75,99431323.37,1864056156.74,363343534.4,148251945.87,222593861.49,56842000.28
2024-01-25,95554092990.82,25922184705.14,5347888595.75,99431323.37,1864056156.74,356851106.2,148251945.87,222593861.49,57141185.76
2024-01-26,95556458500.53,26059004885.69,5347888595.75,99431323.37,1619457471.81,356851106.2,148251945.87,222593861.49,57930259.89
2024-01-27,96036749591.54,26112241950.28,5347888595.75,99431323.37,1619457471.81,356851106.2,148251945.87,222593861.49,57470526.91
2024-01-28,96036749591.54,26139568533.01,5347888595.75,99431323.37,1619457471.81,356851106.2,148251945.87,222593861.49,57193122.65
2024-01-29,96036468269.41,26327191170.89,5347888595.75,99431323.37,1619457471.81,356851106.2,148251945.87,222593861.49,56840478.31
2024-01-30,96052972269.41,26612531398.33,5347888595.75,99431323.37,1488457471.81,356851106.2,148251945.87,222593861.49,55425692.42
2024-01-31,96052972269.41,26867329287.24,5347888595.75,99431323.37,1488457471.81,352851006.2,148251945.87,222593861.49,54415252.22
2024-02-01,96219281549.49,26777027250.25,5347888595.75,99431323.37,1488457471.81,352851006.2,148251945.87,222593861.49,54766573.3
2024-02-02,96221815271.41,27003038730.69,5347888595.75,99431323.37,1488457471.81,352851006.2,148251945.87,222593861.49,54633630.63
2024-02-03,96231343353.01,27066047869.15,5347888595.75,99431323.37,1488457471.81,352851006.2,148251945.87,222593861.49,54483657.2
2024-02-04,96231343352.97,27103858438.66,5347888595.75,99431323.37,1488457471.81,352851006.2,148251945.87,222593861.49,54788471.02
2024-02-05,96231343352.96,27034074602.71,5347888595.75,99431323.37,1488457471.81,352851006.2,148251945.87,222593861.49,54819240.04
2024-02-06,96236495041.18,27314779087.32,5347888595.75,99431323.37,1488457471.81,352851006.2,148251945.87,222593861.49,54416855.28
2024-02-07,96181404717.15,27446890129.79,5347888595.75,99431323.37,1488456471.81,352851006.2,148251945.87,222593861.49,54218107.37
2024-02-08,96186132537.36,27718372592.49,5347888595.75,84511447.78,1488456471.81,352851006.2,148251945.87,222593861.49,54389595.6
2024-02-09,96206255178.36,27915941653.2,5347888595.75,84511447.78,1488456471.81,352851006.2,148251945.87,222593861.49,54441464.93
2024-02-10,96221255178.36,27955020767.44,5347888595.75,84511447.78,1488456471.81,352851006.2,148251945.87,222593861.49,54743443.53
2024-02-11,96341755178.36,27927996817.63,5347888595.75,84511447.78,1488456471.81,352851006.2,148251945.87,222593861.49,54532536.26
2024-02-12,96475135177.58,27802307705.26,5347888595.75,84511447.78,1288456471.81,352851006.2,148251945.87,222593861.49,54795838.1
2024-02-13,96668335177.58,27822578753.31,5347888595.75,84511447.78,1288356471.81,252851007.7,148251945.87,222593861.49,54993462.16
2024-02-14,96961330982.86,28008555424.06,5347888595.75,84511447.78,1288356471.81,252851007.7,148251945.87,222593861.49,53065538.39
2024-02-15,97116788125.72,28107096766.04,5347888595.75,84511447.78,1288356471.81,215345760.9,148251945.87,222593861.49,53552202.99
2024-02-16,97455987376.17,28106868172.61,5347888595.75,84511447.78,1288356471.81,215345760.9,148251945.87,222593861.49,53755248.14
2024-02-17,97598187376.17,28113943640.91,5347888595.75,84511447.78,1288356471.81,215345760.9,148251945.87,222593861.49,54508132.43
2024-02-18,97657406456.64,28070344654.49,5347888595.75,84511447.78,1288456471.81,215345760.9,148251945.87,222593861.49,54709573.18
2024-02-19,97687100003.64,28052744321.24,5347888595.75,84511447.78,1288456471.81,215345760.9,148251945.87,222593861.49,54962587.66
2024-02-20,97707464144.49,27964720015.37,5347888595.75,84511447.78,1288456471.81,215345760.9,148251945.87,222593861.49,55793967.06
2024-02-21,97818291517.12,28074687612.74,5347888595.75,84511447.78,1288456471.81,215345760.9,148251945.87,222593861.49,55693256.54
2024-02-22,97841827648.72,27982339284.03,5347888595.75,84511447.78,1288456471.81,215345760.9,148251945.87,222593861.49,55720193.01
2024-02-23,97843287089.28,28077364851.27,5347888595.75,84511447.78,1288456471.81,215345760.9,148251945.87,222593861.49,54200294.22
2024-02-24,97910734641.73,28141899737.78,5347888595.75,84511447.78,1288456471.81,215345760.9,148251945.87,222593861.49,53276628.03
2024-02-25,97910734641.73,28184449135.13,5347888595.75,84511447.78,1288456471.81,215345760.9,148251945.87,222593861.49,53119093.34
2024-02-26,97910734641.73,28458436899.09,5347888595.75,84511447.78,1288455467.01,215345760.9,148251945.87,222593861.49,52663479.46
2024-02-27,98063568243.13,28522594979.46,5347888595.75,84511447.78,1288455467.01,207754730.88,148251945.87,222593861.49,53578945.59
2024-02-28,98390937374.0,28648181943.8,5347888595.75,84511447.78,1288455467.01,207754730.88,138432404.43,222593861.49,52268520.66
2024-02-29,98708410047.11,28543367404.04,5347888595.75,84511447.78,1288455467.01,202801071.74,146601949.92,222593861.49,49935756.61
2024-03-01,98798027729.43,28989461792.68,5347888595.75,84511447.78,1288455467.01,202801071.74,146673378.63,222593861.49,50521884.32
2024-03-02,99179337470.69,29021809169.51,5347888595.75,84511447.78,1288455467.01,202801071.74,147006016.81,222593861.49,51212767.23
2024-03-03,99445637470.68,29004433736.56,5347888595.75,84511447.78,1288455467.01,202801071.74,147006016.81,222593861.49,51973735.58
2024-03-04,99515227360.77,28882004645.33,5347888595.75,84511447.78,1288455467.01,202801071.74,147769158.55,222593861.49,51791546.24
2024-03-05,100044694548.97,28835762983.44,5347888595.75,84511447.78,1288455467.01,202801071.74,148272966.41,222593861.49,51086109.46
2024-03-06,100471757191.32,29197557931.35,5347888595.75,84511447.78,1288455467.01,202801071.74,147965975.3,222593861.49,52732193.38
2024-03-07,100729057191.32,29282132522.72,5347888595.75,84511447.78,1288455467.01,202801071.74,148505399.8,222593861.49,50519188.43
2024-03-08,101045215622.85,29947885771.11,5347888595.75,84511447.78,1288455467.01,202801071.74,147968697.61,222593861.49,50513884.7
2024-03-09,101592333005.47,30004235001.85,5347888595.75,84511447.78,1288455467.01,202801071.74,148548675.98,222593861.49,51273440.2
2024-03-10,101818633001.27,30141952679.06,5347888595.75,84511447.78,1288455467.01,202801071.74,148548675.98,222593861.49,50551427.06
2024-03-11,102018133001.27,30431062203.02,5347888595.75,84511447.78,1288455467.01,202801071.74,148548675.98,222593861.49,53378906.63
2024-03-12,102434373085.15,30340061297.25,5347888595.75,84511447.78,1288455467.01,202801071.74,147132067.61,222593861.49,53973782.72
2024-03-13,102662860009.67,30778884802.8,5347888595.75,84511447.78,1288455467.01,188832295.81,146860664.52,222593861.49,53652149.87
2024-03-14,103130027285.91,30609642625.57,5347888595.75,84511447.78,1288455467.01,188832295.81,144678879.05,222593861.49,53102471.79
2024-03-15,103262446901.22,30724779321.82,5347888595.75,84511447.78,1138455467.01,188832295.81,144420205.76,222593861.49,51613891.29
2024-03-16,103313954568.18,30895151728.26,5347888595.75,84511447.78,1138455467.01,188832295.81,143096777.86,222593861.49,51773043.88
2024-03-17,103414954568.18,30837650469.49,5347888595.75,84511447.78,1138455467.01,188832295.81,142141851.98,222593861.49,51612505.6
2024-03-18,103414954568.18,31190479588.34,5347888595.75,84511447.78,1138455467.01,188832295.81,142238998.1,222593861.49,51673204.37
2024-03-19,103618183617.72,31230901196.49,5347888595.75,84511447.78,988455467.01,179387756.98,142306590.01,222593861.49,51483982.34
2024-03-20,103779521890.49,31402501719.84,5347888595.75,84511447.78,838455467.01,179387756.98,140111058.73,222593861.49,48729211.44
2024-03-21,103904029582.8,31846742922.13,5347888595.75,84511447.78,688455467.01,179387756.98,139176302.17,222593861.49,48373184.42
2024-03-22,104053987756.69,31992089466.63,5347888595.75,84511447.78,612455467.01,174421975.4,137766816.18,222593861.49,48505934.47
2024-03-23,104019385313.68,32033515028.6,5347888595.75,84511447.78,612455467.01,174421975.4,137766816.18,222593861.49,48591055.6
2024-03-24,104009385313.68,32022588057.43,5347888595.75,84511447.78,612455467.01,174421975.4,137766816.18,222593861.49,48275845.4
2024-03-25,104014385313.68,32259545107.01,5347888595.75,84511447.78,612455467.01,155433356.71,137949116.38,222593861.49,49026645.42
2024-03-26,104233700559.27,32303907369.35,5347888595.75,84511447.78,612455467.01,155433356.71,135586380.25,222593861.49,50178895.32
2024-03-27,104362092743.91,32101843312.28,5347888595.75,84511447.78,492456467.01,147734648.71,133939016.23,222593861.49,50665307.29
2024-03-28,104454161510.78,32393984212.84,5347888595.75,84511447.78,494456467.01,147734648.71,132084408.61,222593861.49,50742223.79
2024-03-29,104504319949.97,32414495190.59,5347888595.75,84511447.78,494456467.01,147734648.71,130655646.73,222593861.49,50459667.74
2024-03-30,104505348425.46,32461915877.14,5347888595.75,84511447.78,494456467.01,147734648.71,130655646.73,222593861.49,50367600.79
2024-03-31,104505348425.46,32420439425.35,5347888595.75,84511447.78,494456467.01,147734648.71,130655646.73,222593861.49,49734409.15
2024-04-01,104446647126.74,32686219364.11,5347888595.75,84511447.78,494456467.01,147734648.71,129651731.16,222593861.49,49088105.16
2024-04-02,104657945828.04,32836829155.73,5347888595.75,70511447.78,494456467.01,147734648.72,129169181.16,222593861.49,48066151.7
2024-04-03,105280728305.68,32920376936.69,5347888595.75,70511447.78,494701467.01,147734648.72,128724955.35,222593861.49,48087119.47
2024-04-04,106149786847.07,33020595766.3,5347888595.75,70511447.78,494701467.01,147734648.72,129053924.15,222593861.49,48697355.67
2024-04-05,106601457935.07,32922982629.53,5347888595.75,70511447.78,494701467.01,147734648.72,129116694.35,222593861.49,48471227.96
2024-04-06,106814507935.07,32923565871.62,5347888595.75,70511447.78,494701467.01,147734648.72,129231774.17,222593861.49,48366308.07
2024-04-07,106900267935.0,32939363285.4,5347888595.75,70511447.78,494701467.01,147734648.72,129231774.17,222593861.49,47413393.96
2024-04-08,107024366082.9,32608206403.48,5347888595.75,70511447.78,494701467.01,147734648.72,122529840.48,222593861.49,47875740.32
2024-04-09,107051666082.9,32294081633.22,5347888595.75,70511447.78,494701467.01,147734648.72,121943493.23,222593861.49,48554756.75
2024-04-10,107189305522.76,32135178259.86,5347888595.75,70511447.78,494701467.01,139745787.26,120499906.33,222593861.49,49622075.48
2024-04-11,107267504623.66,32210093443.54,5347888595.75,70511447.78,509701467.01,139745787.26,119958280.49,222593861.49,49493809.09
2024-04-12,107306343185.1,31937609548.58,5347888595.75,70511447.78,509701467.01,139745787.26,119147459.83,222593861.49,48328838.72
2024-04-13,107359271606.68,32252795956.94,5347888595.75,70511447.78,509701467.01,139745787.26,117905186.57,222593861.49,47899060.18
2024-04-14,107677151606.65,32339283170.95,5347888595.75,70511447.78,509701467.01,139745787.26,116938537.14,222593861.49,47291662.49
2024-04-15,107728051606.65,32416882555.26,5347888595.75,70511447.78,509701467.01,139745787.26,114658964.21,222593861.49,49272664.14
2024-04-16,108100162510.75,32600719121.16,5347888595.75,70511447.78,509701467.01,139745787.26,114135058.8,222593861.49,48338383.91
2024-04-17,108732462510.75,32578990327.56,5347888595.75,70511447.78,509701467.01,134748540.27,114634428.28,222593861.49,49494511.6
2024-04-18,109031963304.87,33086079162.26,5347888595.75,70511447.78,509701467.01,134748540.27,114001575.85,222593861.49,48031280.4
2024-04-19,109469563907.17,33895807848.46,5347888595.75,70511447.78,509701467.01,134748540.27,113649778.56,222593861.49,48019220.08
2024-04-20,109714381114.83,33955014682.55,5347888595.75,70511447.78,509701467.01,134748540.27,113728699.01,222593861.49,47578317.7
2024-04-21,109834251114.81,33943268731.74,5347888595.75,70511447.78,509701467.01,134748540.27,113728699.01,222593861.49,46985058.18
2024-04-22,109840251114.81,33795787802.65,5347888595.75,70511447.78,509701467.01,134748540.27,112829142.59,222593861.49,48287853.88
2024-04-23,110404070763.87,33636663189.63,5347888595.75,70511447.78,509701467.01,138777747.27,106213242.1,222593861.49,48247116.72
2024-04-24,110463515619.01,33409453009.74,5347888595.75,70511447.78,509701467.01,138777747.27,102245618.63,222593861.49,47927785.34
2024-04-25,110463515619.01,33352830556.93,5347888595.75,70511447.78,509701467.01,138777747.27,99139396.89,222593861.49,50261568.38
2024-04-26,110425743821.68,33389530241.01,5347888595.75,70511447.78,509701467.01,138777747.27,96734553.98,222593861.49,50075998.13
2024-04-27,110561912301.68,33485303411.05,5347888595.75,70511447.78,509701467.01,148253494.78,96734553.98,222593861.49,50159513.71
2024-04-28,110562912301.68,33498062143.37,5347888595.75,70511447.78,509701467.01,148253494.78,95779075.71,222593861.49,50221726.84
2024-04-29,110562912298.68,33327606456.01,5347888595.75,70511447.78,509701467.01,148253494.78,94926091.69,222593861.49,51551179.57
2024-04-30,110643229581.37,33208890290.82,5347888595.75,70511447.78,509701467.01,148253494.78,94176468.54,222593861.49,51205739.79
2024-05-01,110595728040.54,32996654831.12,5347888595.75,70511447.78,509701467.01,148253494.78,92939802.61,222593861.49,50790829.58
2024-05-02,110595728040.54,33163827898.54,5347888595.75,70511447.78,509701467.01,148253494.78,92931630.57,222593861.49,49695334.43
2024-05-03,110605184324.03,33403517918.13,5347888595.75,70511447.78,509701467.01,148253494.78,92344632.41,222593861.49,50925998.88
2024-05-04,110769088394.97,33565254145.19,5347888595.75,70511447.78,509701467.01,148253494.78,92344632.41,222593861.49,51272466.49
2024-05-05,110901010765.95,33608203090.14,5347888595.75,70511447.78,509701467.01,148253494.78,91444202.6,222593861.49,50020904.42
2024-05-06,110906825432.79,33242517067.92,5347888595.75,70511447.78,509701467.01,143253495.78,90671408.29,222593861.49,49975008.95
2024-05-07,110971000757.38,33291104187.12,5347888595.75,70511447.78,509701467.01,143253495.78,86423028.49,222593861.49,50208125.3
2024-05-08,110955976510.8,33085964295.11,5347888595.75,70511447.78,509701467.01,143253495.78,85919178.0,222593861.49,50328295.98
2024-05-09,110955976510.8,33072200533.99,5347888595.75,70511447.78,509701467.01,143253495.78,86617508.92,222593861.49,50326738.05
2024-05-10,110810011395.87,33107997131.3,5347888595.75,70511447.78,509701467.01,143253495.78,85356190.26,222593861.49,50326390.77
2024-05-11,110840001395.87,33126979880.69,5347888595.75,70511447.78,509701467.01,143253495.78,85356190.26,222593861.49,50307532.82
2024-05-12,110840001385.83,33129187675.4,5347888595.75,70511447.78,509701467.01,143253495.78,85356190.26,222593861.49,50257837.36
2024-05-13,110840001385.79,33079150766.37,5347888595.75,70511447.78,509701467.01,145732288.66,84816186.46,222593861.49,48652653.9
2024-05-14,110846923650.04,32881535149.43,5347888595.75,70511447.78,509701467.01,145732288.66,83749300.82,222593861.49,48726991.33
2024-05-15,110952273350.24,33238255739.46,5347888595.75,70511447.78,509045038.23,145732288.66,83749300.82,222593861.49,53180808.08
2024-05-16,111205483123.85,33294180179.68,5347888595.75,70511447.78,509701467.01,145732288.66,83749300.82,222593861.49,52766012.96
2024-05-17,111205483123.85,33431317216.97,5347888595.75,70511447.78,509701467.01,145732288.66,83749300.82,222593861.49,52058606.92
2024-05-18,111335316581.1,33474424958.77,5347888595.75,70511447.78,509701467.01,145732288.66,83749300.82,222593861.49,49298002.38
2024-05-19,111434916579.79,33498641300.79,5347888595.75,70511447.78,509701467.01,145732288.66,83749300.82,222593861.49,48169253.96
2024-05-20,111434916579.79,33349957844.03,5347888595.75,70511447.78,509701467.01,145732288.66,83749300.82,222593861.49,46683722.41
2024-05-21,111364216399.1,33097945024.75,5347888595.75,70511447.78,509701467.01,145732288.66,83749300.82,222593861.49,42836438.04
2024-05-22,111755626510.04,33111167979.61,5347888595.75,70511447.78,509701467.01,145732288.66,83749300.82,222593861.49,42174581.86
2024-05-23,111752623506.76,32749206590.33,5347888595.75,70511447.78,508701467.81,145732288.66,83749300.82,222593861.49,41785810.9
2024-05-24,111897037586.6,32758725491.91,5347888595.75,70511447.78,507761014.62,145732288.66,83749300.82,222593861.49,41774326.83
2024-05-25,111937360457.9,32758725491.91,5347888595.75,70511447.78,507761014.62,145732288.66,83749300.82,222593861.49,41772296.91
2024-05-26,111937360452.83,32644272747.74,5347888595.75,70511447.78,507761014.62,145732288.66,83749300.82,222593861.49,41770598.12
2024-05-27,111939160452.2,32560533390.89,5347888595.75,70511447.78,505761015.42,145732288.66,83749300.82,222593861.49,41419804.95
2024-05-28,111965329380.76,32340240989.24,5347888595.75,70511447.78,503761017.82,145732288.66,83749300.82,222593861.49,41246861.73
2024-05-29,111962821346.45,32209220947.83,5347888595.75,70511447.78,501761021.82,145732288.66,83749300.82,222593861.49,41266639.01
2024-05-30,111963763434.5,32372071513.2,5347888595.75,70511447.78,500761022.62,145732288.66,83749300.82,222593861.49,41266608.94
2024-05-31,111996172620.76,32328047779.99,5347888595.75,70511447.78,500761022.62,145732288.66,83749300.82,222593861.49,39544059.7
2024-06-01,112141340734.73,32369758632.38,5347888595.75,70511447.78,500761022.62,145732288.66,83749300.82,222593861.49,39303380.58
2024-06-02,112210010734.73,32361934446.16,5347888595.75,70511447.78,500761022.62,145732288.66,83749300.82,222593861.49,39377558.58
2024-06-03,112210010734.32,32340067820.12,5347888595.75,70511447.78,499761023.42,145732288.66,83749300.82,222593861.49,39372860.85
2024-06-04,112286364258.11,32370020549.92,5347888595.75,70511447.78,498701478.21,145732288.66,83749300.82,222593861.49,38464925.2
2024-06-05,112316773848.08,32553235972.95,5347888595.75,70511447.78,498201479.01,145732288.66,83749300.82,222593861.49,37321266.21
2024-06-06,112392062235.47,32549066493.08,5347888595.75,70511447.78,497701479.81,141806654.12,83749300.82,222593861.49,37321275.27
2024-06-07,112432615055.28,32278439523.27,5347888595.75,70511447.78,497201480.61,140732274.66,83749300.82,222593861.49,37320932.43
2024-06-08,112453114731.33,32184904504.06,5347888595.75,70511447.78,497201480.61,140732274.66,83749300.82,222593861.49,37320223.03
2024-06-09,112451964717.43,32214464535.3,5347888595.75,70511447.78,497201480.61,140732274.66,83749300.82,222593861.49,37320240.12
2024-06-10,112480965357.27,32111121713.82,5347888595.75,70511447.78,496701481.41,135769150.66,83749300.82,222593861.49,37320541.05
2024-06-11,112496265357.23,32132026893.13,5347888595.75,70511447.78,496201482.21,135769150.66,83749300.82,222593861.49,37320595.59
2024-06-12,112496265357.23,32375093252.01,5347888595.75,70511447.78,495701483.81,135769150.66,83749300.82,222593861.49,37319793.59
2024-06-13,112544030567.11,32527667023.57,5347888595.75,70511447.78,495701483.81,135769150.66,83749300.82,222593861.49,37264723.19
2024-06-14,112559449770.65,32398420621.82,5347888595.75,70511447.78,495701483.81,136400339.79,83749300.82,222593861.49,36340110.03
2024-06-15,112559949271.12,32443401236.86,5347888595.75,70511447.78,495701483.81,136400339.79,83749300.82,222593861.49,36340047.3
2024-06-16,112559949271.12,32513863487.91,5347888595.75,70511447.78,495701483.81,136400339.79,125085481.96,222593861.49,36340124.59
2024-06-17,112560892637.15,32487422207.83,5347888595.75,70511447.78,495701483.81,136400339.79,126218441.25,222593861.49,36312741.29
2024-06-18,112552589019.02,32809691991.47,5347888595.75,70511447.78,495701483.81,136400339.79,128973067.45,222593861.49,32992961.22
2024-06-19,112606076384.24,32818429810.69,5347888595.75,70511447.78,495701483.81,136400339.79,130015844.28,222593861.49,33757016.96
2024-06-20,112891354601.68,32656163276.07,5347888595.75,70511447.78,495701483.81,136400339.79,126165615.23,222593861.49,33756881.5
2024-06-21,112891354601.68,32722542059.53,5347888595.75,70511447.78,495701483.81,136400339.79,123906672.56,222593861.49,33756881.5
2024-06-22,112941691562.7,32750096275.64,5347888595.75,70511447.78,495701483.81,136400339.79,122002948.59,222593861.49,33857317.86
2024-06-23,112941691562.7,32710270305.03,5347888595.75,70511447.78,495701483.81,136400339.79,122002948.59,222593861.49,33856203.85
2024-06-24,112951263991.53,32558684731.14,5347888595.75,70511447.78,495701483.81,136400339.79,120190796.23,222593861.49,33755824.91
2024-06-25,112934363981.53,32823133516.26,5347888595.75,70511447.78,495701483.81,136400339.79,119599928.13,222593861.49,33821930.24
2024-06-26,112829626104.06,32976486677.66,5347888595.75,70511447.78,495701483.81,136400339.79,118259271.5,222593861.49,33874100.69
2024-06-27,112780783337.51,32650342662.77,5347888595.75,70511447.78,495701483.81,131400339.79,117142450.0,222593861.49,34448936.22
2024-06-28,112807784426.24,32336067410.87,5347888595.75,70511447.78,495701483.81,121400339.79,116441102.8,222593861.49,35465710.64
2024-06-29,112811493077.4,32281362616.22,5347888595.75,70511447.78,495701483.81,121400339.79,115803336.37,222593861.49,35575224.81
2024-06-30,112911493076.32,32256976642.58,5347888595.75,70511447.78,495701483.81,121400339.79,115803336.37,222593861.49,35487422.53
2024-07-01,112874989522.08,32540106038.43,5347888595.75,70511447.78,495701483.81,121400340.79,115478813.66,222593861.49,35498164.42
2024-07-02,112787335849.36,32573957461.71,5347888595.75,69511447.78,495201484.61,122399805.78,114745335.48,222593861.49,35124155.24
2024-07-03,112644773125.91,32777533897.2,5347888595.75,69511447.78,515201492.61,122399805.78,113949666.24,222593861.49,34730227.25
2024-07-04,112484875382.93,32916081828.01,5347888595.75,69511447.78,505201500.61,122399805.78,113221013.61,222593861.49,34267120.05
2024-07-05,112301290554.48,33598639632.51,5347888595.75,69511447.78,495201508.61,119399805.78,113232417.95,222593861.49,32001193.36
2024-07-06,112223789756.28,33721636152.72,5347888595.75,69511447.78,495201508.61,119399805.78,113232417.95,222593861.49,30729488.46
2024-07-07,112223789756.28,33737281202.89,5347888595.75,69511447.78,495201508.61,119399805.78,112402641.34,222593861.49,30122521.78
2024-07-08,112209782589.34,33950138323.43,5347888595.75,69511447.78,515201508.61,119399805.78,111837993.29,222593861.49,29222521.78
2024-07-09,112207150564.86,33981361587.9,5347888595.75,69511447.78,495201524.61,119399805.78,111861612.93,222593861.49,29022869.79
2024-07-10,112259808785.14,34121771821.23,5347888595.75,69511447.78,495201524.61,119399805.78,111866319.72,222593861.49,29022869.79
2024-07-11,112259808785.14,33929337250.35,5347888595.75,69511447.78,495201532.61,119399805.78,111558105.62,222593861.49,29022869.79
2024-07-12,112368902073.18,33862901467.19,5347888595.75,69511447.78,495201532.61,117399805.79,111337745.75,222593861.49,29022869.79
2024-07-13,112417360493.78,33936568228.03,5347888595.75,69511447.78,495201532.61,117399805.79,111337745.75,222593861.49,29022869.79
2024-07-14,112466925458.78,33948314499.6,5347888595.75,69511447.78,495201532.61,117399805.79,110510917.94,222593861.49,29022869.79
2024-07-15,112536925458.19,33933496432.31,5347888595.75,69511447.78,495201532.61,117399805.79,109307807.61,222593861.49,29022869.79
2024-07-16,112862180225.16,33954707908.5,5347888595.75,69511447.78,495201532.61,117399805.79,108673003.18,222593861.49,43040681.56
2024-07-17,113224555138.64,33784315806.16,5347888595.75,69511447.78,495201532.61,117399805.79,108479530.27,222593861.49,40398297.83
2024-07-18,113632416636.04,33719375181.64,5347888595.75,69511447.78,495201532.61,117399805.79,106541966.97,222593861.49,40384557.35
2024-07-19,113696229620.94,33970590034.26,5347888595.75,69511447.78,495201532.61,117399805.79,105849257.23,222593861.49,38261672.35
2024-07-20,113877604814.34,34118723122.56,5347888595.75,69511447.78,495201532.61,117399805.79,110822899.07,222593861.49,35015074.12
2024-07-21,114039204814.28,34003205708.54,5347888595.75,69511447.78,495201532.61,117399805.79,110822899.07,222593861.49,32744424.63
2024-07-22,114084704813.38,33997889726.97,5347888595.75,69511447.78,495201532.61,117399805.79,110471824.42,222593861.49,26384615.49
2024-07-23,114240216367.41,34162306246.0,5347888595.75,69511447.78,495201532.61,117399805.79,106102570.29,222593861.49,25370169.51
2024-07-24,114419695893.83,34050433983.26,5347888595.75,69511447.78,495201532.61,117399805.79,104350543.17,222593861.49,25320736.02
2024-07-25,114401179630.61,33804671663.8,5347888595.75,69511447.78,495201532.61,114399805.79,103651315.62,222593861.49,25264089.31
2024-07-26,114284179630.61,34125031294.28,5347888595.75,69511447.78,495201532.61,114399805.79,103301724.38,222593861.49,25164419.52
2024-07-27,114329209286.92,34157230438.15,5347888595.75,69511447.78,495201532.61,114399805.79,103301724.38,222593861.49,23588449.03
2024-07-28,114417852149.83,34152097829.38,5347888595.75,69511447.78,495201532.61,114399805.79,103301724.38,222593861.49,22278468.14
2024-07-29,114417852141.83,33778364613.9,5347888595.75,69511447.78,495201532.61,114399805.79,102991864.11,222593861.49,17995922.82
2024-07-30,114461602976.66,33463142172.78,5347888595.75,69511447.78,495201532.61,114399805.79,102100054.3,222593861.49,20155726.22
2024-07-31,114466136717.89,33353120632.6,5347888595.75,69511447.78,495201532.61,114399805.79,101205063.05,222593861.49,21359964.37
2024-08-01,114495496586.56,32962115829.47,5347888595.75,69511447.78,495201532.61,114399805.79,100441872.13,222593861.49,21359964.37
2024-08-02,114501280130.74,33008108219.44,5347888595.75,69511447.78,495201532.61,114399805.79,100866544.58,222593861.49,21175418.19
2024-08-03,114542666302.88,33130603285.41,5347888595.75,69511447.78,495201532.61,114399805.79,100420958.41,222593861.49,20640225.09
2024-08-04,114527666301.35,33274138959.58,5347888595.75,69511447.78,495201532.61,114399805.79,100420958.41,222593861.49,20050340.13
2024-08-05,114527666301.1,33710303150.99,5347888595.75,69511447.78,495201532.61,111399805.79,99302987.06,222593861.49,14782782.49
2024-08-06,114422770628.49,34242406208.31,5347888595.75,69511447.78,495201532.61,111399805.79,99211175.53,222593861.49,14807143.9
2024-08-07,114551170628.49,34512594225.62,5347888595.75,69511447.78,512201532.61,108299805.79,99095242.87,222593861.49,14406841.92
2024-08-08,115017869041.69,34547936086.13,5347888595.75,69511447.78,495601552.61,110881558.54,98285030.51,222593861.49,14327476.48
2024-08-09,115404652458.27,34480385281.09,5347888595.75,69511447.78,495601552.61,110881558.54,98688724.35,222593861.49,14517954.95
2024-08-10,115659558844.63,34464285154.41,5347888595.75,69511447.78,495601552.61,110881558.54,98688724.35,222593861.49,14668066.53
2024-08-11,115638558844.63,34460935671.06,5347888595.75,69511447.78,495601552.61,110881558.54,98688724.35,222593861.49,15196955.2
2024-08-12,115638558844.55,34499253507.13,5347888595.75,69511447.78,495601552.61,110881558.54,98667060.7,222593861.49,16943160.68
2024-08-13,115638558844.55,34493370667.85,5347888595.75,69511447.78,495601552.61,111590232.73,99242683.35,222593861.49,14599290.03
2024-08-14,116183859406.62,34480864858.47,5347888595.75,69511447.78,495601552.61,111590232.73,98584670.21,222593861.49,14909372.08
2024-08-15,116532189829.29,34567570328.77,5347888595.75,69511447.78,495601552.61,111283949.82,98629879.7,222593861.49,15058494.86
2024-08-16,116713795918.02,34834134810.38,5347888595.75,69511447.78,495601552.61,109901060.18,98862865.76,222593861.49,14913892.63
2024-08-17,116836846708.03,34837111061.35,5365382702.66,69511447.78,495601552.61,109594777.27,98916274.1,222593861.49,14913334.42
2024-08-18,116885176708.03,34816371741.75,5365382702.66,69511447.78,495601552.61,109594777.27,97946000.05,222593861.49,15072239.71
2024-08-19,116886835208.03,34920934927.12,5365382702.66,69511447.78,495601552.61,108094777.31,97801963.41,222593861.49,15236941.17
2024-08-20,117294453952.97,34784187891.11,5365382702.66,69511447.78,495601552.61,108094777.31,97221612.17,222593861.49,15236872.01
2024-08-21,117294453952.97,34830837220.5,5365382702.66,69511447.78,495601552.61,108532033.33,97533138.75,222593861.49,15236872.01
2024-08-22,117426141388.06,34712737429.59,5365382702.66,69511447.78,495601552.61,108532033.33,96874324.17,222593861.49,15236872.01
2024-08-23,117676046786.11,34846995307.04,5365382702.66,69511447.78,495601552.61,108532033.33,97201727.05,222593861.49,15236872.01
2024-08-24,117860216535.0,34857286514.63,5365382702.66,69511447.78,495601552.61,108532033.33,97325249.25,222593861.49,15236872.01
2024-08-25,117860216534.16,34805491531.64,5365382702.66,69511447.78,495601552.61,108532033.33,97325249.25,222593861.49,15236872.01
2024-08-26,117862094160.2,34571061901.46,5365382702.66,69511447.78,495601552.61,106634505.57,97155488.42,222593861.49,15236872.01
2024-08-27,118039332678.21,34331898730.51,5365382702.66,69511447.78,495601552.61,106634505.57,97136144.95,222593861.49,15236872.01
2024-08-28,118039332678.21,34483454258.13,5365382702.66,69511447.78,495601552.61,106634505.57,95754515.13,222593861.49,15236872.01
2024-08-29,118104595856.36,34651979650.83,5365382702.66,69511447.78,495601552.61,106634505.57,95435276.22,222593861.49,21298933.01
2024-08-30,118225843080.77,34744350225.71,5365382702.66,69511447.78,495601552.61,106634505.57,95479079.65,222593861.49,22058338.42
2024-08-31,118228802316.48,34723420474.28,5365382702.66,69511447.78,495601552.61,106634505.57,95566952.29,222593861.49,22048989.51
2024-09-01,118228802316.48,34742068929.54,5365382702.66,69511447.78,495601552.61,106634505.57,95566952.29,222593861.49,22049478.97
2024-09-02,118229002316.47,34787060473.14,5365382702.66,69511447.78,495601552.61,106940788.48,94663276.08,222593861.49,22217478.97
2024-09-03,118141801841.45,34654226759.51,5365382702.66,69511447.78,495601552.61,106940788.48,94518926.91,222593861.49,22644879.65
2024-09-04,118142287334.84,34922428076.79,5365382702.66,69511447.78,495601552.61,106940788.48,93976478.8,222593861.49,23973084.48
2024-09-05,118154769247.38,34922440091.71,5365382702.66,69511447.78,495601552.61,106940788.48,93997738.16,222593861.49,24695300.35
2024-09-06,118136286822.52,34854159582.14,5365382702.66,69511447.78,495601552.61,103062987.62,93831755.15,222593861.49,25300590.82
2024-09-07,118195386570.65,34955514376.34,5365382702.66,69511447.78,495601552.61,103062987.62,94113300.84,222593861.49,24844607.94
2024-09-08,118195386570.65,35010886291.86,5365382702.66,69511447.78,495601552.61,103062987.62,94113300.84,222593861.49,24851012.63
2024-09-09,118195386570.32,35150541547.53,5365382702.66,69511447.78,495601552.61,105079505.15,93533344.35,222593861.49,25050902.87
2024-09-10,118369316855.54,35339972661.31,5365382702.66,69511447.78,495601552.61,105079505.15,93726528.56,222593861.49,25524832.1
2024-09-11,118377416456.81,35373755932.87,5365382702.66,69511447.78,495601552.61,105079505.15,93527498.65,222593861.49,25914223.42
2024-09-12,118377416456.81,35408271278.92,5365382702.66,69511447.78,495601552.61,105079505.15,93813800.77,222593861.49,23950543.95
2024-09-13,118326711269.07,35768024470.23,5365382702.66,69511447.78,495601552.61,105079505.16,93906627.91,222593861.49,23950472.51
2024-09-14,118581493584.73,35754644342.17,5365382702.66,69511447.78,495601552.61,105079505.16,94449300.19,222593861.49,23846701.68
2024-09-15,118810537791.35,35722927029.43,5365382702.66,69511447.78,495601552.61,105079505.16,94449300.19,222593861.49,23840230.33
2024-09-16,118701127897.49,35471509799.18,5365382702.66,69511447.78,495601552.61,105079505.16,94038112.73,222593861.49,23840213.33
2024-09-17,118701127897.49,35613224024.21,5365382702.66,69511447.78,495601552.61,105079505.16,77030284.59,222593861.49,23834754.82
2024-09-18,118891598050.37,35518725419.21,5365382702.66,69511447.78,495601552.61,105079505.16,76653089.03,222593861.49,23834446.43
2024-09-19,118891598050.37,35620878225.29,5365382702.66,69511447.78,495601552.61,105079505.16,76753549.2,222593861.49,23863582.48
2024-09-20,119166241913.55,35798701403.9,5365382702.66,69511447.78,495601552.61,105079505.16,76448637.02,222593861.49,24928818.51
2024-09-21,119139238140.34,35859888879.59,5365382702.66,69511447.78,495601552.61,105079505.16,76448637.02,222593861.49,25028806.63
2024-09-22,119162238140.34,35932958663.99,5365382702.66,69511447.78,495601552.61,105079505.16,76448637.02,222593861.49,24333140.81
2024-09-23,119243573831.05,35870096799.3,5365382702.66,69511447.78,495601552.61,107079501.48,76151537.76,222593861.49,22170400.88
2024-09-24,119243573831.05,36000464727.44,5365382702.66,69511447.78,495601552.61,107079501.48,76173125.6,222593861.49,19391074.61
2024-09-25,119281307303.47,36090411114.09,5365382702.66,69511447.78,495601552.61,107079501.48,75784801.28,222593861.49,18980942.52
2024-09-26,119281307303.47,36298514806.15,5365382702.66,69511447.78,495601552.61,107079501.48,75650633.53,222593861.49,18580795.17
2024-09-27,119354306803.57,36284793013.49,5365382702.66,69511447.78,495601552.61,107079501.48,75452618.42,222593861.49,16250432.45
2024-09-28,119412806447.75,36275017171.42,5365382702.66,69511447.78,495601552.61,107079501.48,75452618.42,222593861.49,15836510.89
2024-09-29,119518802450.52,36244724316.92,5365382702.66,69511447.78,495601552.61,107079501.48,75452618.42,222593861.49,14890714.94
2024-09-30,119629274444.25,35554764960.25,5365382702.66,69511447.78,495601552.61,107115483.9,74877617.71,222593861.49,14775599.64
2024-10-01,119632023784.45,35524098222.5,5365382702.66,69511447.78,495601552.61,107115483.9,74454018.36,222593861.49,14274603.69
2024-10-02,119657675160.64,35557380760.77,5365382702.66,69511447.78,495601552.61,108124174.06,75145887.19,222593861.49,13915304.47
2024-10-03,119640575156.23,35557518281.94,5365382702.66,69511447.78,495601552.61,108619195.38,75145887.19,222593861.49,13915304.47
2024-10-04,119641989887.5,35516617869.88,5365382702.66,69511447.78,495601552.61,107748790.08,73896396.72,222593861.49,12827800.85
2024-10-05,119641989887.5,35567937739.44,5365382702.66,69511447.78,495601552.61,107748790.08,73954189.84,222593861.49,12827800.85
2024-10-06,119677344821.67,35579460914.13,5365382702.66,69511447.78,495601552.61,107748790.08,73954189.84,222593861.49,13025838.85
2024-10-07,119677344810.51,35335839729.29,5365382702.66,69511447.78,495601552.61,107748790.08,74068249.03,222593861.49,13175838.85
2024-10-08,119857245003.33,35057835555.31,5365382702.66,69511447.78,495601552.61,107748793.09,73719210.8,222593861.49,13105586.06
2024-10-09,119848153356.52,34780906298.84,5365382702.66,69511447.78,495601552.61,107748793.09,73729080.32,222593861.49,13105583.22
2024-10-10,119856254817.54,34729169529.35,5365382702.66,69511447.78,495601552.61,107748793.09,72900776.1,222593861.49,13390681.91
2024-10-11,119732254814.62,34982803727.96,5365382702.66,69511447.78,495601552.61,107748793.09,72900776.1,222593861.49,13274413.07
2024-10-12,119736504562.85,35045778190.94,5365382702.66,69511447.78,495601552.61,107748793.09,72900776.1,222593861.49,12593872.89
2024-10-13,119738104513.94,35027168084.34,5365382702.66,69511447.78,495601552.61,107748793.09,72569522.4,222593861.49,12953872.89
2024-10-14,119738104513.93,34881756224.19,5365382702.66,69511447.78,495601552.61,107748793.09,71800505.73,222593861.49,13523929.35
2024-10-15,119766074110.93,34907939983.34,5365382702.66,69511447.78,495601552.61,107748793.09,71674548.68,222593861.49,12676136.93
2024-10-16,119972176281.55,34845241369.18,5365382702.66,69511447.78,495601552.61,109046699.0,71674548.68,222593861.49,12156147.63
2024-10-17,119973576281.55,34781884685.14,5365382702.66,69511447.78,495601552.61,109046699.01,71456058.57,222593861.49,12156147.63
2024-10-18,120010326613.57,34966016151.49,5365382702.66,69511447.78,495601552.61,109061209.5,71982279.13,222593861.49,12700211.13
2024-10-19,120168979663.92,34985358916.77,5365382702.66,69511447.78,495601552.61,109061209.5,71982279.13,222593861.49,12554277.05
2024-10-20,120168979663.92,35004203216.51,5365382702.66,69511447.78,495601552.61,109061209.5,71982279.13,222593861.49,11720114.92
2024-10-21,120195979663.92,34700292692.13,5365382702.66,68223480.92,495601552.61,109061209.5,72606498.05,222593861.49,11301361.2
2024-10-22,120219543500.34,34586571785.25,5365382702.66,68223480.92,495601552.61,109319461.67,72062590.66,222593861.49,11301361.2
2024-10-23,120221667386.65,34366524818.63,5365382702.66,68223480.92,495601552.61,109319461.67,71960214.2,222593861.49,11206715.09
2024-10-24,120221667386.65,34461166073.94,5365382702.66,68223480.92,495601552.61,109319461.67,71960214.2,222593861.49,11090117.22
2024-10-25,120301926990.85,34685457973.99,5365382702.66,68223480.92,495601552.61,109319461.67,72018863.51,222593861.49,11196336.71
2024-10-26,120304469780.03,34674456755.17,5365382702.66,68223480.92,495601552.61,109319461.6,72084067.02,222593861.49,11384352.44
2024-10-27,120339320858.66,34674275941.72,5365382702.66,68223480.92,495601552.61,109319461.6,72084067.02,222593861.49,11267447.7
2024-10-28,120339320856.06,34724297403.83,5365382702.66,68223480.92,495601552.61,109332663.14,70909733.95,222593861.49,10712610.78
2024-10-29,120245583212.68,34860736778.51,5365382702.66,68223480.92,495601552.61,109332663.14,71687631.32,222593861.49,9998388.57
2024-10-30,120504138281.47,35056260560.34,5365382702.66,68223480.92,495601552.61,109332663.14,67440470.22,222593861.49,9998787.57
2024-10-31,120573513104.3,34769448101.39,5365382702.66,68223480.92,495601552.61,110099030.67,67417231.65,222593861.49,9998784.74
2024-11-01,120572829275.28,34869213016.06,5365382702.66,68223480.92,495601552.61,110099030.67,64999843.76,222593861.49,9998784.74
2024-11-02,120576300905.25,34872603608.05,5365382702.66,68223480.92,495601552.61,110099030.67,64999843.76,222593861.49,9998784.74
2024-11-03,120576741184.33,34895141805.29,5365382702.66,68223480.92,495601552.61,110099030.67,64999843.76,222593861.49,9998784.74
2024-11-04,120576741184.21,35076813441.32,5365382702.66,68223480.92,495601552.61,110099030.67,65209455.52,222593861.49,9998784.64
2024-11-05,120496629333.27,35531958804.63,5365382702.66,68223480.92,495601552.61,110099030.67,66085424.31,222593861.49,9998784.64
2024-11-06,120499998420.34,36810942328.32,5365382702.66,68223480.92,495601552.61,110099030.67,66448020.49,222593861.49,10036148.79
2024-11-07,121378654700.61,36874640328.14,5365382702.66,68223480.92,495601552.61,110099030.67,66691210.8,222593861.49,9550846.61
2024-11-08,121953737784.45,37188016366.88,5365382702.66,68223480.92,495601552.61,110099030.67,66505792.26,222593861.49,8148614.29
2024-11-09,123028341160.28,37053145943.21,5365382702.66,68223480.92,495601552.61,110099030.67,66832143.09,222593861.49,8148265.51
2024-11-10,123200981216.89,36995976687.54,5365382702.66,68223480.92,495601552.61,110099030.67,67239114.49,222593861.49,8135134.86
2024-11-11,123386401199.99,36946350970.07,5365382702.66,68223480.92,495601552.61,110099030.67,67239114.49,222593861.49,8134420.33
2024-11-12,124012870443.67,36543471926.55,5365382702.66,68223480.92,495601552.61,110099030.67,66362359.61,222593861.49,8134362.85
2024-11-13,125238185518.71,36686934344.26,5365382702.66,68223480.92,495601552.61,110099030.67,66362359.61,222593861.49,8134362.85
2024-11-14,126625684194.88,36768077749.72,5365382702.66,68223480.92,495601552.61,110099030.67,65151446.04,222593861.49,8119606.8
2024-11-15,127284508523.66,36936737587.72,5365382702.66,68223480.92,495601552.61,110099030.67,65529137.33,222593861.49,8119490.55
2024-11-16,127364484596.25,37131787613.31,5365382702.66,68223480.92,495601552.61,110099030.67,65642759.94,222593861.49,9019206.87
2024-11-17,127537303558.55,37123055318.92,5365382702.66,68223480.92,495601552.61,110099030.67,66076968.53,222593861.49,9115689.6
2024-11-18,127539192697.57,37444785188.58,5365382702.66,68223480.92,495601552.61,110099030.67,66137322.9,222593861.49,9119235.37
2024-11-19,128151427236.98,37365283319.14,5365382702.66,68223480.92,495601552.61,110099030.67,65826006.23,222593861.49,9117440.91
2024-11-20,128767132044.4,37896061574.23,5365382702.66,68223480.92,495601552.61,110099030.67,65151652.07,222593861.49,9117363.65
2024-11-21,130151051348.03,38184733362.29,5365382702.66,68223480.92,495601552.61,110099030.67,67510418.34,222593861.49,9117273.65
2024-11-22,130718783155.74,38836472396.31,5365382702.66,68223480.92,495601552.61,110099030.67,67505576.37,222593861.49,9093828.92
2024-11-23,132105169727.16,39006697382.38,5365382702.66,68223480.92,495601552.61,110099030.67,67606587.08,222593861.49,9093385.32
2024-11-24,132437169724.18,38964745080.89,5365382702.66,68223480.92,495601552.61,110099030.67,67606587.08,222593861.49,9001804.45
2024-11-25,132590369719.84,38709851396.88,5365382702.66,68223480.92,495601552.61,110099030.67,67471898.23,222593861.49,9001614.95
2024-11-26,132744005559.75,38628104544.61,5365382702.66,68223480.92,495601552.61,110099030.67,66366304.67,222593861.49,8980611.02
2024-11-27,132672505105.05,39501771639.44,5365382702.66,68223480.92,495601552.61,110099030.67,65447718.25,222593861.49,9264196.42
2024-11-28,133205067986.13,39403121317.4,5365382702.66,68223480.92,495601552.61,110099030.67,65447718.25,222593861.49,9264179.2
2024-11-29,133432174476.26,39801365591.12,5365382702.66,68223480.92,495601552.61,103115717.67,66056788.92,222593861.49,9264179.2
2024-11-30,133988109783.18,39906151973.75,5365382702.66,68223480.92,495601552.61,103115717.67,66191658.72,222593861.49,9263817.99
2024-12-01,134038109772.86,40008642931.32,5365382702.66,68223480.92,495601552.61,103115717.67,65165629.83,222593861.49,9263817.99
2024-12-02,134122209730.46,39883630508.79,5365382702.66,68223480.92,495601552.61,103115717.67,65267476.64,222593861.49,9241879.83
2024-12-03,134658029654.89,40070450756.33,5365382702.66,68223480.92,495601552.61,103115717.67,65568149.85,222593861.49,9220403.95
2024-12-04,134983904742.73,40585554515.47,5365382702.66,68223480.92,495601552.61,97046698.95,66308623.42,222593861.49,9681154.36
2024-12-05,135691101232.32,40320268099.46,5365382702.66,68223480.92,495601552.61,97046698.95,65920928.59,222593861.49,9676668.97
2024-12-06,136630946804.39,41239963978.45,5365382702.66,68223480.92,495601552.61,97046698.95,66092269.1,222593861.49,9676668.97
2024-12-07,137704486652.27,41230288266.57,5365382702.66,68223480.92,495601552.61,97046698.95,66978839.92,222593861.49,9676668.97
2024-12-08,137928486646.92,41033943511.74,5365382702.66,68223480.92,495601552.61,97046698.95,67462319.68,222593861.49,9676668.97
2024-12-09,138064756646.84,40657387482.05,5365382702.66,68223480.92,495601552.61,97046698.95,66983483.41,222593861.49,9676668.97
2024-12-10,138308884820.1,40852701248.56,5365382702.66,68223480.92,495601552.61,93477692.95,67130320.52,222593861.49,14480761.51
2024-12-11,138618977175.67,41555065113.55,5365382702.66,68223480.92,495601552.61,93477694.95,68023776.62,222593861.49,11193565.69
2024-12-12,139742488654.33,41507229404.52,5365382702.66,68223480.92,495601552.61,93477694.95,64792908.5,222593861.49,11191514.06
2024-12-13,140090579704.59,41979669107.21,5365382702.66,68223480.92,495601552.61,93477694.95,64519869.92,222593861.49,11191514.06
2024-12-14,140133672849.57,41998302081.35,5365382702.66,68223480.92,495601552.61,93477694.95,64577663.47,222593861.49,11381367.95
2024-12-15,140253672849.48,42128080951.57,5365382702.66,68223480.92,495601552.61,93477694.95,64577663.47,222593861.49,12315118.28
2024-12-16,140253672849.44,42352089682.75,5365382702.66,68223480.92,495601552.61,93477694.95,63151422.98,222593861.49,13556363.14
2024-12-17,140454146488.5,42551691216.77,5365382702.66,68223480.92,495601552.61,93477694.95,62833121.46,222593861.49,14253504.7
2024-12-18,140607916018.82,42375469749.02,5365382702.66,68223480.92,495601552.61,93477694.95,62153896.4,222593861.49,14264062.25
2024-12-19,140629475030.02,42374806559.79,5365382702.66,68223480.92,495601552.61,93477694.95,61004540.81,222593861.49,13192742.8
2024-12-20,140623286117.34,42742301265.54,5365382702.66,68223480.92,495601552.61,93477694.95,61338133.73,222593861.49,13192742.8
2024-12-21,139872815646.94,42948534332.86,5365382702.66,68223480.92,495601552.61,93477694.95,61446174.41,222593861.49,13192742.8
2024-12-22,139872815646.75,42999776669.58,5365382702.66,68223480.92,495601552.61,93477694.95,60532650.84,222593861.49,13192742.8
2024-12-23,139848269931.16,43098854415.98,5365382702.66,68223480.92,495601552.61,93477694.95,59900676.51,222593861.49,13790695.61
2024-12-24,139848269931.16,43164274743.01,5365382702.66,68223480.92,495601552.61,93477694.95,59636840.85,222593861.49,13904389.6
2024-12-25,139423980093.46,43158667763.6,5365382702.66,68223480.92,495601552.61,93477694.95,60482514.02,222593861.49,14704389.6
2024-12-26,139427879732.05,43505412430.72,5365382702.66,68223480.92,495601552.61,93477694.95,60465641.45,222593861.49,14730481.3
2024-12-27,139440581307.07,43549466662.1,5365382702.66,68223480.92,495601552.61,93477694.95,60522309.59,222593861.49,15084627.827992205
2024-12-28,139005076782.31,43599038301.62,5365382702.66,68223480.92,495601552.61,93477694.95,59666963.43,222593861.49,18099222.16
2024-12-29,139005076766.8,43616756026.81,5365382702.66,68223480.92,495601552.61,93477694.95,59666963.43,222593861.49,18567654.46
2024-12-30,138953076766.05,43791457852.29,5365382702.66,68223480.92,495601552.61,93477694.95,58844546.76,222593861.49,20894417.74
2024-12-31,137805153955.28,43895206523.29,5365382702.66,68223480.92,495601552.61,93564116.1,58789524.5,222593861.49,21312969.18
2025-01-01,137442664166.09,43768043495.57,5365382702.66,68223480.92,495601552.61,93564116.1,58789524.5,222593861.49,21412885.95
2025-01-02,137432664160.48,44406498906.08,5365382702.66,68223480.92,495601552.61,93564116.1,58571781.17,222593861.49,21437209.52
2025-01-03,137250612325.24,45340633015.73,5365382702.66,68223480.92,495601552.61,93564116.1,58442956.24,222593861.49,21437199.52
2025-01-04,137276181744.97,45545403475.48,5365382702.66,68223480.92,495601552.61,93564116.1,58624669.96,222593861.49,21437174.18
2025-01-05,137271150958.82,45611310510.72,5365382702.66,68223480.92,495601552.61,93564116.1,58851934.83,222593861.49,21433530.01
2025-01-06,137271150956.46,45895325497.7,5365382702.66,63223481.62,495601552.61,93564116.1,58343105.5,222593861.49,21433480.2
2025-01-07,137520044570.04,45498861096.13,5365382702.66,63223481.62,495601552.61,93564126.1,58040120.46,222593861.49,21321244.97
2025-01-08,137590885948.72,45342802282.01,5365382702.66,63223481.62,495601552.61,93564126.1,57873497.85,222593861.49,21315972.97
2025-01-09,137601365454.34,45409610892.73,5365382702.66,60490531.99,495601552.61,93564126.1,57586531.42,222593861.49,21039892.46
2025-01-10,137446161140.61,45716743716.14,5365382702.66,60490531.99,495516083.0,93564126.1,58121996.09,222593861.49,21039882.46
2025-01-11,137447054879.95,45738104804.59,5365382702.66,60490531.99,495516083.0,93564126.1,58226707.98,222593861.49,21540916.67
2025-01-12,137451354879.7,45749017022.69,5365382702.66,60490531.99,495516083.0,93564126.1,58576566.2,222593861.49,21540136.58
2025-01-13,137449718934.42,45652508590.8,5365382702.66,60490531.99,495516083.0,93564126.1,57510366.87,222593861.49,21583618.68
2025-01-14,137240776960.24,45696686449.48,5365382702.66,60490531.99,495516083.0,93564126.1,57933805.9,222593861.49,21477071.16
2025-01-15,137247766010.51,46231737053.61,5365382702.66,60490531.99,495516083.0,93564126.1,57238485.19,222593861.49,21136631.13
2025-01-16,137450564334.5,46484041373.55,5365382702.66,60490531.99,495516083.0,93564126.1,57869151.56,222593861.49,21136543.63
2025-01-17,137460714171.48,47413189626.08,5365382702.66,60490531.99,495516083.0,93646960.66,57713487.96,222593861.49,20740540.63
2025-01-18,138298010509.15,47469612589.69,5365382702.66,60490531.99,495516083.0,93646960.66,59306655.63,222593861.49,20740540.63
2025-01-19,138355809408.55,48034421457.77,5365382702.66,60490531.99,495516083.0,93646960.66,59658584.72,222593861.49,20104132.21
2025-01-20,138368309376.05,48113745006.11,5365382702.66,60490531.99,495516083.0,93661704.1,60290013.39,222593861.49,20063516.11
2025-01-21,138429631272.73,50919076187.05,5365382702.66,60490531.99,495516083.0,93661704.1,60120154.81,222593861.49,20061874.22
2025-01-22,138546341944.75,51528377965.55,5365382702.66,60490531.99,495516083.0,93661704.1,59071173.17,222593861.49,20061874.22
2025-01-23,138608320795.92,51936331070.74,5365382702.66,60490531.99,495516083.0,79987722.33,58520697.0,222593861.49,20212414.47
2025-01-24,138937765636.78,52195894018.37,5365382702.66,60490531.99,495516083.0,80002990.47,58356607.48,222593861.49,20212414.47
2025-01-25,139330807096.84,52183513345.85,5365382702.66,60490531.99,495516083.0,80002990.47,58501008.89,222593861.49,20314359.91
2025-01-26,139329876218.6,52201911379.51,5365382702.66,60490531.99,495516083.0,80002990.47,58557022.47,222593861.49,20314326.45
2025-01-27,139335051398.72,52306568471.5,5365382702.66,60490531.99,495516083.0,80002990.47,58159683.03,222593861.49,20306982.85
2025-01-28,139457358263.18,52518357098.66,5365382702.66,60490531.99,495516083.0,80002990.47,58322849.66,222593861.49,20526349.5
2025-01-29,139468758259.85,52548665521.92,5365382702.66,60490531.99,495516083.0,80050903.41,57592988.36,222593861.49,19221850.92
2025-01-30,139405758247.31,53110127935.41,5365382702.66,60490531.99,495516083.0,80050903.41,57922752.19,222593861.6303097,19302797.18
2025-01-31,139394146312.55,53316207374.28,5365382702.66,60490531.99,495516083.0,80050903.41,57930423.2,,19300676.68
2025-02-01,139404246312.2,53320672103.84,5365382702.66,60490531.99,495516083.0,80050903.41,57930423.2,,19300397.79
2025-02-02,139404246308.18,53408852128.29,5365382702.66,60490531.99,495516083.0,80050903.41,57115740.15,,19300397.79
2025-02-03,139399246306.54,54453687412.87,5365382702.66,60490531.99,495516083.0,81348460.62,57250832.88,,19471736.9
2025-02-04,140478740215.6,55034386438.19,5365382702.66,60490531.99,495516083.0,81348460.62,56126708.75,,15117469.73
2025-02-05,141386769197.64,55318668414.71,5365382702.66,60490531.99,495516083.0,81348477.62,56128693.94,,15457362.32
2025-02-06,141166869194.87,55751639315.76,5365382702.66,60490531.99,495516083.0,81401121.21,56450093.92,,15568111.97
2025-02-07,141355200814.96,56250219984.47,5365382702.66,60490531.99,495516083.0,79348460.63,56803004.13,,15568071.93
2025-02-08,141664621553.59,56049632805.18,5365382702.66,60490531.99,495516083.0,79348460.63,56975604.63,,15552006.13
2025-02-09,141737141514.88,56197671744.05,5365382702.66,60490531.99,495516083.0,79348460.63,56975604.63,,15702264.63
2025-02-10,141618460040.09,56249208774.39,5365382702.66,60490531.99,495516083.0,79348460.63,56341349.29,,15706796.95
2025-02-11,141879510828.92,56071796522.11,5365382702.66,60490531.99,495516083.0,79348460.63,56342479.84,,16220096.95
2025-02-12,141953250507.84,56080151360.32,5365382702.66,60490531.99,495516083.0,79459921.13,56123754.18,,16946123.3
2025-02-13,141925329575.66,56101254885.16,5365382702.66,60490531.99,495516083.0,79459921.13,56359183.68,,16941082.18
2025-02-14,141805189026.55,56357627255.19,5365382702.66,60490531.99,495516083.0,80252841.47,56857412.97,,17081707.13
2025-02-15,141996505143.64,56371593866.04,5365382702.66,60490531.99,495516083.0,80252841.47,56857412.97,,17635593.36
2025-02-16,141996505143.64,56456622239.32,5365382702.66,60490531.99,495516083.0,80252841.47,56857412.97,,17829879.69
2025-02-17,141996505143.64,56476018547.21,5365382702.66,60490531.99,495516083.0,80252841.47,56857412.97,,18258165.38
2025-02-18,141762384601.69,56222325869.15,5365382702.66,60490531.99,495516083.0,80252841.47,56489648.13,,18820262.12
2025-02-19,141779694043.47,56251942694.26,5365382702.66,60490531.99,495516083.0,80252841.47,56320266.07,,18916170.42
2025-02-20,141779694043.47,56217241231.54,5365382702.66,60490531.99,495516083.0,80252841.47,56499733.79,,18936672.88
2025-02-21,142214396854.58,57201378321.34,5365382702.66,60490531.99,495516083.0,80419984.39,57004316.64,,19331200.48
2025-02-22,142489546124.83,57089348893.94,5365382702.66,60490531.99,495516083.0,80419984.39,55978134.85,,19511330.48
2025-02-23,142489546118.15,57171521150.41,5365382702.66,60490531.99,495516083.0,80419984.38,55978134.85,,19672176.59
2025-02-24,142412546106.39,56624316633.79,5365382702.66,60490531.99,495516083.0,80578595.82,55898068.63,,20030876.97
2025-02-25,142350475496.09,56225390038.74,5365382702.66,60490531.99,495516083.0,80578595.82,54333529.55,,20198228.55
2025-02-26,142104224084.49,56044399198.41,5365382702.66,60490531.99,495516083.0,80578595.82,54124150.74,,20281353.84
2025-02-27,142304613957.12,55592843975.43,5365382702.66,60490531.99,495516083.0,80578595.82,53542859.16,,20279361.7
2025-02-28,142192589364.2,56381133044.76,5365382702.66,60490531.99,495516083.0,80578595.82,53199203.62,,20279361.7
2025-03-01,142192589364.2,56361438510.42,5365382702.66,60490531.99,495516083.0,80578595.82,53199203.62,,20279361.7
2025-03-02,142414921751.05,56371262521.67,5365382702.66,60490531.99,495516083.0,80578595.81,53626473.42,,20402472.15
2025-03-03,142435921724.01,56207230952.26,5365382702.66,60490531.99,495516083.0,77578595.81,53608398.17,,21454813.79
2025-03-04,142508685216.86,56446994077.88,5365382702.66,60490531.99,495516083.0,77741054.14,52106881.58,,21459813.79
2025-03-05,142495395118.64,56991268855.58,5365382702.66,60490531.99,495516083.0,77741059.14,52140319.1,,23409703.57
2025-03-06,142718418332.13,57270079136.92,5365382702.66,60490531.99,495516083.0,79232665.29,52345447.89,,23739594.45
2025-03-07,142799794449.02,58143436487.56,5365382702.66,60490531.99,495516083.0,79232665.29,53494458.4,,24005916.95
2025-03-08,142799794449.02,58120176528.97,5365382702.66,60490531.99,495516083.0,79232665.29,53494458.4,,24129638.95
2025-03-09,142799794449.02,58119002399.71,5365382702.66,60490531.99,495516083.0,79232665.29,53494458.4,,24129638.95
2025-03-10,142930697844.91,57874398194.89,5365382702.66,60490531.99,495516083.0,79232665.29,53414114.27,,24129818.51
2025-03-11,142996909895.58,58121588329.24,5365382702.66,60490531.99,495516083.0,79232665.29,52758366.44,,24292149.06
2025-03-12,143182152538.01,58273355108.68,5365382702.66,60490531.99,495516083.0,79232665.29,52110593.66,,24364907.31
2025-03-13,143345434363.28,58328758474.09,5365382702.66,60490531.99,495516083.0,79232665.29,51803364.48,,24568162.19
2025-03-14,143346765715.55,58692177034.22,5365382702.66,60490531.99,495516083.0,79232665.29,52454775.89,,25391807.74
2025-03-15,143465026356.65,58772162763.33,5365382702.66,60490531.99,495516083.0,79232664.75,52545940.78,,26032929.74
2025-03-16,143465026352.84,58715474870.2,5365382702.66,60490531.99,495516083.0,79232664.75,52545940.78,,26337332.79
2025-03-17,143465026337.55,58804529221.31,5365382702.66,60490531.99,495516083.0,79232664.75,52231221.95,,27590835.18
2025-03-18,143425881725.97,58827897355.7,5365382702.66,60490531.99,495516083.0,79232664.75,52438667.36,,28272043.75
2025-03-19,143439068011.01,59172565860.32,5365382702.66,57893540.0,495516083.0,79232664.75,52385186.17,,28466011.91
2025-03-20,143653509034.07,59332641901.16,5365382702.66,57893540.0,495516083.0,79232664.75,52776376.89,,28589327.05
2025-03-21,143527578399.89,59667190575.99,5365382702.66,57893540.0,495516083.0,79232664.75,52286163.61,,28934008.38
2025-03-22,143486985787.08,59615319641.6,5365382702.66,57893540.0,495516083.0,79232664.75,52340288.99,,29329893.2
2025-03-23,143487285485.53,59702178225.23,5365382702.66,57893540.0,495516083.0,79232664.75,52451029.59,,29669233.12
2025-03-24,143487285482.37,59709493185.64,5365382702.66,57893540.0,495516083.0,79232664.75,52862542.87,,30295105.93
2025-03-25,143778115476.15,60123711437.07,5365382702.66,57893540.0,495516083.0,79232664.75,52165340.38,,30308455.25
2025-03-26,144016138601.39,60177578281.57,5365382702.66,57893540.0,495516083.0,79232664.75,52097748.93,,30808455.25
2025-03-27,144170982843.82,60345639581.6,5365382702.66,57893540.0,495516083.0,79443383.53,51738316.95,,30830099.49
2025-03-28,144182349120.79,60253588047.08,5365382702.66,57893540.0,495516083.0,79443383.53,50948990.8,,31278604.11
2025-03-29,144182349120.79,60249163069.51,5365382702.66,57893540.0,495516083.0,79443383.53,50948990.8,,31091562.5
2025-03-30,144182349120.79,60188245014.11,5365382702.66,57893540.0,495516083.0,79443383.53,50948990.8,,30955494.96
2025-03-31,143937546292.66,60076327045.66,5365382702.66,57893540.0,495516083.0,79443383.53,50845958.92,,31304069.66
2025-04-01,143992979510.88,60117126586.66,5365382702.66,57893540.0,495516083.0,79443383.53,51402621.75,,31309159.04
2025-04-02,144034280963.48,60649816501.56,5365382702.66,57893540.0,495516083.0,79443383.53,51036331.47,,30418085.12
2025-04-03,144244531135.14,60871317361.64,5365382702.66,57893540.0,495516083.0,79443383.53,50070165.96,,30418085.12
2025-04-04,144086679997.87,60574746051.89,5365382702.66,57893540.0,495516083.0,79443383.53,52352294.84,,30418085.12
2025-04-05,144086679997.87,60533254457.62,5365382702.66,57893540.0,495516083.0,79443383.53,52509699.38,,30418085.12
2025-04-06,144086679997.87,60335540198.12,5365382702.66,57893540.0,495516083.0,79443383.53,52509699.38,,30418085.12
2025-04-07,144263991864.37,60249316219.85,5365382702.66,57893540.0,495516083.0,79443383.53,51575039.35,,30319601.2
2025-04-08,144192090764.38,60145707234.58,5365382702.66,57893540.0,495516083.0,79443383.53,49627137.99,,30318517.2
2025-04-09,144014397535.68,59946718694.18,5365382702.66,57893540.0,495516083.0,79443383.53,49114668.63,,30318517.2
2025-04-10,144371007893.2,59919748948.02,5365382702.66,57893540.0,495516083.0,79443383.53,48639284.48,,30416198.57
2025-04-11,144342486102.14,60078176286.12,5365382702.66,57893540.0,495516083.0,79443383.53,49491840.84,,30413169.81
2025-04-12,144389286100.94,60086395428.95,5365382702.66,57893540.0,495516083.0,79443383.53,50624107.01,,30301145.01
2025-04-13,144389506100.82,60057619447.86,5365382702.66,57893540.0,495516083.0,79443383.53,51046919.6,,30301145.01
2025-04-14,144343504474.94,60204454578.46,5365382702.66,57893540.0,495516083.0,79443383.53,51012837.47,,31325836.73
2025-04-15,144573605875.57,60423447928.48,5365382702.66,57792668.0,495516083.0,75843383.54,50705444.65,,31380030.77
2025-04-16,144631710606.07,60493478932.67,5365382702.66,57792668.0,495516083.0,76271725.34,50763588.96,,31710073.25
2025-04-17,144804996163.49,60905569827.62,5365382702.66,57792668.0,495516083.0,76271725.34,51281571.18,,32232124.21
2025-04-18,144796521706.92,60903487453.83,5365382702.66,57792668.0,495516083.0,76271725.34,49756194.3,,32800321.96
2025-04-19,144640112847.93,60910913909.27,5365382702.66,57792668.0,495516083.0,76271725.34,49756194.3,,32857610.61
2025-04-20,144640112843.02,60912510344.4,5365382702.66,57792668.0,495516083.0,76271725.34,49756194.3,,32877610.61
2025-04-21,144627087189.88,60935476803.04,5365382702.66,57792668.0,495516083.0,76271725.34,49951520.49,,30301145.01
2025-04-22,144725116770.05,61748672177.03,5365382702.66,57792668.0,495516083.0,76271725.34,50853470.79,,33189036.55
2025-04-23,145279157230.66,61896235990.9,5365382702.66,57792668.0,495516083.0,76271725.34,49835366.71,,33934537.53
2025-04-24,145648071863.18,62126136644.28,5365382702.66,57893540.0,495516083.0,71319225.34,49758672.61,,34802167.62
2025-04-25,146014119939.27,62356888606.7,5365382702.66,57792668.0,495516083.0,71319225.34,50004004.62,,30301145.01
2025-04-26,147128417471.53,62255714268.72,5365382702.66,57792668.0,495516083.0,71319225.34,70054465.58,,35565456.26
2025-04-27,147128417471.41,62082929044.68,5365382702.66,57792668.0,495516083.0,71319225.34,70054465.58,,35582689.06
2025-04-28,147243667464.57,62028372424.55,5365382702.66,57792668.0,495516083.0,71319225.34,71354946.6,,35790341.06
2025-04-29,147965854574.72,62142748908.66,5365382702.66,57792668.0,495516083.0,71319225.34,58236078.01,,35765493.38
2025-04-30,148416811379.12,61510422690.91,5365382702.66,57792668.0,495516083.0,71319225.34,59106318.02,,35972493.38
2025-05-01,148686251589.65,61471132484.25,5365382702.66,57792668.0,495516083.0,71319225.34,53305433.76,,35940446.06
2025-05-02,148904681418.34,61528817719.52,5365382702.66,57792668.0,495516083.0,71319225.34,53250180.85,,35888430.64
2025-05-03,149184155108.96,61510603511.88,5365382702.66,57792668.0,495516083.0,71319225.34,53347670.6,,35833815.19
2025-05-04,149354155091.78,61502510569.2,5365382702.66,57792668.0,495516083.0,71319225.34,53347670.6,,36368333.98
2025-05-05,149359355091.25,61788186804.66,5365382702.66,57792668.0,495516083.0,71319225.34,53255145.52,,36429367.91
2025-05-06,149428697298.14,60959446332.98,5365382702.66,57792668.0,495516083.0,71319225.34,53263641.79,,37773672.31
2025-05-07,149429167961.41,60947912192.37,5365382702.66,57792668.0,495516083.0,71319225.34,53211542.42,,37750794.48
2025-05-08,149504280849.84,60873599992.22,5365382702.66,57792668.0,495516083.0,71319225.34,53069945.58,,37097927.74
2025-05-09,149733756681.27,60695407504.21,5365382702.66,57792668.0,495516083.0,71319225.34,53642997.02,,36129622.58
2025-05-10,149877103413.67,60806037442.41,5365382702.66,57792668.0,495516083.0,71319225.34,53706365.2,,36129622.58
2025-05-11,149877103413.61,60801384313.09,5365382702.66,57893540.0,495516083.0,71319225.34,53200118.88,,36732014.96
2025-05-12,150056567952.83,60899537484.91,5365382702.66,57792668.0,495516083.0,71319225.34,48859866.35,,36732014.96
2025-05-13,150056567952.83,60860369484.85,5365382702.66,57792668.0,495516083.0,71373897.55,49485285.85,,36732014.96
2025-05-14,150339866741.32,60634905634.8,5365382702.66,57792668.0,495516083.0,71373897.55,49294398.1,,36744842.58
2025-05-15,150666971413.64,60579960048.17,5365382702.66,57792668.0,495516083.0,71373898.8,49342204.44,,36824154.62
2025-05-16,151053955711.16,60907847160.34,5365382702.66,57792668.0,495516083.0,71373898.8,62108784.63,,36914421.42
2025-05-17,151211085031.67,60901418947.51,5365382702.66,57792668.0,495516083.0,71373898.8,62108784.63,,36914421.42
2025-05-18,151289797465.8,60870617370.92,5365382702.66,57792668.0,495516083.0,71373898.8,62108784.63,,36814421.42
2025-05-19,151359797434.88,60635315638.85,5365382702.66,57792668.0,495516083.0,71373898.8,61983304.34,,36789421.42
2025-05-20,151585061300.43,60665868564.11,5365382702.66,57792668.0,495516083.0,71373898.8,49186596.81,,30301145.01
2025-05-21,151909813092.78,61196489109.59,5365382702.66,57792668.0,495516083.0,71373898.8,49083546.31,,36925890.28
2025-05-22,152399462952.21,61355388336.68,5365382702.66,57792668.0,495516083.0,71523898.8,49020304.45,,36478587.37
2025-05-23,152489140126.5,61738921394.75,5365382702.66,57792668.0,495516083.0,71523898.8,49162026.05,,36479501.33
2025-05-24,152702240126.45,61734734264.43,5365382702.66,57792668.0,495516083.0,71523898.8,49162026.05,,36642327.33
2025-05-25,152732954758.04,61718538628.48,5365382702.66,57792668.0,495516083.0,71523898.8,49162026.05,,36710059.32
2025-05-26,152732954757.69,61557053044.66,5365382702.66,57792668.0,495516083.0,72773898.8,49262672.46,,36735549.4
2025-05-27,152755320500.3,61405145260.99,5365382702.66,57792668.0,495516083.0,73223449.28,49235263.97,,30301145.01
2025-05-28,152913418919.93,61267624369.42,5365382702.66,57792668.0,495516083.0,73223449.28,49196920.62,,36765680.2
2025-05-29,153020601570.75,61131280789.7,5365382702.66,57792668.0,495516083.0,73223449.28,49269906.43,,36812418.7
2025-05-30,153083661570.69,61048159954.62,5365382702.66,57792668.0,495516083.0,73223449.28,49419839.06,,36968432.7
2025-05-31,153032161568.2,60978481672.77,5365382702.66,57792668.0,495516083.0,73223449.28,49419839.06,,37173441.92
2025-06-01,153097093881.31,60923166284.16,5365382702.66,57792668.0,495516083.0,73223449.28,49419839.06,,37186368.32
2025-06-02,153148231146.79,61183974110.22,5365382702.66,57792668.0,495516083.0,73223449.28,49803337.6,,37155466.73
2025-06-03,153312689046.46,61484646627.66,5365382702.66,57792668.0,495516083.0,73223449.28,49879568.43,,37037369.18
2025-06-04,153720735745.2,61517961318.16,5365382702.66,57792668.0,495516083.0,73223449.28,49811653.99,,37337363.88
2025-06-05,153833369631.93,61137058713.5,5365382702.66,57792668.0,495516083.0,73223449.28,50045944.79,,37337363.88
2025-06-06,154123626951.52,61122970251.82,5365382702.66,57792668.0,495516083.0,73223449.28,49540585.46,,37358428.88
2025-06-07,154468336092.38,61093769163.68,5365382702.66,57792668.0,495516083.0,73223449.28,49998248.52,,37529084.84
2025-06-08,154760836092.27,61061644153.56,5365382702.66,57792668.0,495516083.0,73223449.28,49998248.52,,37529084.84
2025-06-09,154760836131.33,61040401382.34,5365382702.66,57792668.0,495516083.0,73223449.28,49309545.55,,37478421.04
2025-06-10,155181610791.21,60992589512.14,5365382702.66,57792668.0,495516083.0,73223449.28,52273912.89,,37448421.04
2025-06-11,155038253887.8,61248784695.65,5365382702.66,57792668.0,495516083.0,73223449.28,55357830.0,,37427715.94
2025-06-12,155188887081.37,61102005886.54,5365382702.66,57792668.0,495516083.0,73223449.28,55669798.25,,39179944.66
2025-06-13,155192186081.22,61695827566.96,5365382702.66,57792668.0,494515083.0,73223449.28,54548959.03,,39911119.91
2025-06-14,155469346382.92,61669942420.75,5365382702.66,57792668.0,494515083.0,73223449.28,54652340.7,,39981691.92
2025-06-15,155446546382.87,61640868822.97,5365382702.66,57792668.0,494515083.0,73223449.28,54652340.7,,40001861.92
2025-06-16,155485904912.03,61645371600.89,5365382702.66,57792668.0,494515083.0,73223449.28,54476360.33,,40006994.91
2025-06-17,155476225902.82,61558503177.5,5365382702.66,57792668.0,494515083.0,73223449.28,51004023.05,,40006994.91
2025-06-18,155564261551.23,61526190878.62,5365382702.66,57792668.0,494515083.0,67053449.28,50379568.46,,40057400.38
2025-06-19,155719756688.51,61413683332.32,5365382702.66,57792668.0,494515083.0,67053449.28,50379568.46,,40057400.38
2025-06-20,155941043666.29,61271326420.28,5365382702.66,57792668.0,494515083.0,67053449.28,50522817.75,,40203011.6
2025-06-21,155888093658.42,61258637399.83,5365382702.66,57792668.0,494515083.0,67053449.28,50522817.75,,40258240.6
2025-06-22,155798023657.84,61264188941.68,5365382702.66,57792668.0,494515083.0,67303449.28,50721856.78,,40788499.6
2025-06-23,155965542177.12,61592545406.7,5365382702.66,57792668.0,494515083.0,67303449.28,47130140.18,,40816684.6
2025-06-24,156342070025.3,61902695526.03,5365382702.66,57792668.0,494515083.0,67303449.28,47091839.16,,40857065.6
2025-06-25,156691510868.98,61791229314.71,5365382702.66,57792668.0,494515083.0,67303449.28,46998776.65,,40949604.08
2025-06-26,157217164298.75,61718586033.3,5365382702.66,57792668.0,494515083.0,67303449.28,46985129.68,,40940349.63
2025-06-27,157480181404.66,61729510818.15,5365382702.66,57792668.0,494515083.0,67303449.28,46768340.4,,41050757.63
2025-06-28,157490226188.27,61718244745.33,5365382702.66,57792668.0,494515083.0,67303449.28,46872771.65,,41080935.63
2025-06-29,157576926188.23,61688957771.1,5365382702.66,57792668.0,494515083.0,67403449.28,46872771.65,,41580935.63
2025-06-30,157693626185.98,61499818220.36,5365382702.66,57792668.0,494515083.0,67953449.28,47022448.72,,41662260.63
2025-07-01,157715226184.95,61657550360.92,5365382702.66,57792668.0,494515083.0,69953449.28,46979059.46,,41662260.63
2025-07-02,157826202745.26,61794016815.94,5365382702.66,57792668.0,494515083.0,69953449.28,46985749.37,,41662409.96
2025-07-03,158273034529.22,62189273922.01,5365382702.66,57792668.0,494515083.0,69953449.28,46789031.39,,41275020.27
2025-07-04,158423499846.92,62155362657.82,5365382702.66,57792668.0,494515083.0,69953449.28,47418583.3,,41275020.27
2025-07-05,158596591635.04,62217995935.84,5365382702.66,57792668.0,494515083.0,69953449.28,47418583.3,,41276020.27
2025-07-06,158626664755.6,62234054205.06,5365382702.66,57792668.0,494515083.0,69953449.28,47418583.3,,41276020.27
2025-07-07,158581664726.52,62002855422.25,5365382702.66,57792668.0,494515083.0,69953449.28,47179270.14,,41276020.27
2025-07-08,158658517749.63,61973107700.55,5365382702.66,57792668.0,494515083.0,69953449.28,47524060.59,,41276020.27
2025-07-09,158667998104.4,62378179959.3,5365382702.66,57792668.0,494515083.0,69953449.28,47228894.52,,41276020.27
2025-07-10,158786452076.54,62849926887.64,5365382702.66,57792668.0,494515083.0,69953449.28,48631577.67,,40750723.74
2025-07-11,159085671680.09,63516581940.03,5365382702.66,57792668.0,494515083.0,69953449.28,48254376.5,,40116049.0
2025-07-12,159397793446.93,63632597450.09,5365382702.66,57792668.0,494515083.0,69953449.28,48254376.5,,40116049.0
2025-07-13,159485193434.85,63655679899.26,5365382702.66,57792668.0,494515083.0,69953449.28,48254376.5,,40116049.0
2025-07-14,159530193433.92,63396979177.01,5365382702.66,57792668.0,494515083.0,69953449.28,49123804.65,,40073103.01
2025-07-15,159886922749.04,62373584121.79,5365382702.66,57792668.0,494515083.0,69953449.28,49138562.71,,40093260.01
2025-07-16,159979222747.24,63490459542.88,5365382702.66,57792668.0,494515083.0,69953449.28,48739016.99,,40113372.01
2025-07-17,160261289852.8,64729807778.25,5365382702.66,57792668.0,494515083.0,69953449.28,49547757.75,,40113372.01
2025-07-18,160819014810.72,64803110217.16,5365382702.66,55026224.09,494515083.0,69953459.28,50360438.27,,40113372.01
2025-07-19,161551850992.01,64602208078.52,5365382702.66,55026224.09,494515083.0,69953459.28,50360438.27,,40163214.26
2025-07-20,161595606003.14,64469170249.21,5365382702.66,55026224.09,494515083.0,69953459.28,50891275.5,,40163214.26
2025-07-21,161660770072.7,64765943382.28,5365382702.66,55026224.09,494515083.0,69953459.28,53394342.04,,41003093.93
2025-07-22,161940579168.19,64765998722.09,5365382702.66,55026224.09,494515083.0,69953459.28,53441974.87,,41313838.73
2025-07-23,161940579168.19,64679387603.75,5365382702.66,55026224.09,494515083.0,69953459.28,52307154.79,,41432229.49
2025-07-24,162513452583.22,65132131441.13,5365382702.66,55026224.09,494515083.0,64953459.28,52435370.2,,41577076.44
2025-07-25,163048561039.59,64036151977.76,5365382702.66,55026224.09,494515083.0,64953459.28,53557136.32,,41577076.44
2025-07-26,163298215329.93,64303164147.78,5365382702.66,55026224.09,494515083.0,64953459.28,53814858.27,,41577076.44
2025-07-27,163573215329.81,64300870656.77,5365382702.66,55026224.09,494515083.0,64953459.28,53814858.27,,41576755.49
2025-07-28,163595317967.17,63894744320.64,5365382702.66,55026224.09,494515083.0,64953459.28,54010372.22,,41319330.75
2025-07-29,163657602091.97,63822503091.99,5365382702.66,55026224.09,494515083.0,64953459.28,54111460.25,,41319330.75
2025-07-30,163758281648.81,64032116429.54,5365382702.66,55026224.09,494515083.0,64953459.28,54198926.07,,41319330.75
2025-07-31,163751876809.38,64117310382.53,5365382702.66,55026224.09,494515083.0,64953459.28,54098428.45,,41319330.75
2025-08-01,163900677949.11,64269267071.64,5365382702.66,55026224.09,494515083.0,64953459.28,53056070.12,,41834930.56
2025-08-02,163900677949.03,64210457082.5,5365382702.66,55026224.09,494515083.0,64953459.28,53056070.12,,43059347.99
2025-08-03,163894471105.53,64183835025.78,5365382702.66,55026224.09,494515083.0,64953459.28,53056070.12,,43762883.66
2025-08-04,163905845497.85,64382622978.78,5365382702.66,55026224.09,494515083.0,64953459.28,52368122.55,,44052929.44
2025-08-05,163894712132.0,64585592285.46,5365382702.66,55026224.09,494515083.0,65953459.28,51787936.65,,44134221.23
2025-08-06,163820703326.32,64666170919.39,5365382702.66,55026224.09,494515083.0,66953459.28,48357490.05,,44236672.42
2025-08-07,164039701141.81,64798521974.79,5365382702.66,55026224.09,494515083.0,66953469.28,49170020.19,,44236672.42
2025-08-08,164342001141.33,65320500861.28,5365382702.66,55026224.09,494515083.0,66953468.28,48500649.29,,44557074.93
2025-08-09,164487416983.76,65292471702.04,5365382702.66,55026224.09,494515083.0,66953468.28,48758554.58,,44136593.54
2025-08-10,164510416936.17,65211982116.75,5365382702.66,55026224.09,494515083.0,66953468.28,47401280.92,,44427820.86
2025-08-11,164535416891.98,65594431341.58,5365382702.66,55026224.09,494515083.0,66953468.28,51119873.31,,44436175.86
2025-08-12,164627279935.02,66417341312.84,5365382702.66,55026224.09,494515083.0,66953468.28,50799698.77,,44246177.49
2025-08-13,165024459754.79,67050492748.41,5365382702.66,55026224.09,494515083.0,66953468.28,51529713.2,,43727726.22
2025-08-14,165024459754.79,67675517595.16,5365382702.66,55026224.09,494515083.0,66953468.28,51297515.18,,43766495.83
2025-08-15,165856894201.36,68182604753.32,5365382702.66,55026224.09,494515083.0,66953468.28,51342136.45,,43817068.38
2025-08-16,166393375511.27,68184604233.83,5365382702.66,55026224.09,494515083.0,66953468.28,51342136.45,,43848173.1
2025-08-17,166657763574.2,68169554648.29,5365382702.66,55026224.09,494515083.0,66953468.28,51458511.67,,43848173.1
2025-08-18,166732763571.85,68391007266.38,5365382702.66,55026224.09,494515083.0,66953468.28,51221396.26,,43955733.22
2025-08-19,167044776122.57,67933229268.65,5365382702.66,55026224.09,494515083.0,66953468.28,51794169.16,,43955858.22
2025-08-20,167010130246.28,67516927669.6,5365382702.66,55026224.09,494515083.0,66953468.28,51842855.85,,43968902.57
2025-08-21,167059822574.78,67156465330.37,5365382702.66,55026224.09,494515083.0,66953468.28,51580499.2,,43979293.31
2025-08-22,167065082313.5,67585528573.26,5365382702.66,55026224.09,494515083.0,66953468.28,52294708.35,,43979297.28
2025-08-23,167150540387.64,67557252539.35,5365382702.66,55026224.09,494515083.0,66953468.28,52496337.32,,45883417.31
2025-08-24,167150540381.16,67471721868.82,5365382702.66,55026224.09,494515083.0,66953468.28,52669528.65,,46190122.46
2025-08-25,167150540379.76,68079459087.87,5365382702.66,55026224.09,494515083.0,66953468.27,51313251.38,,46193444.06
2025-08-26,167196109217.12,69024212726.79,5365382702.66,55026224.09,494515083.0,66953468.27,50896248.5,,46663046.79
2025-08-27,167205509216.56,69354602141.73,5365382702.66,55026224.09,494515083.0,66953468.27,51182883.98,,46765131.2
2025-08-28,167331219172.96,70635061339.92,5365382702.66,55026224.09,494515083.0,66953468.27,51095087.68,,46799727.85
2025-08-29,167356013557.12,71557127068.48,5365382702.66,55026224.09,494515083.0,66953468.27,50751407.78,,46811087.77
2025-08-30,167587057749.99,71553256928.83,5365382702.66,55026224.09,494515083.0,66953468.27,51428139.71,,46862580.19
2025-08-31,168007461104.55,71563445617.84,5365382702.66,55026224.09,494515083.0,66953468.27,51610293.08,,46978087.87
2025-09-01,168028446122.33,71528242950.49,5365382702.66,55026224.09,494515083.0,66953468.27,52092712.28,,48100569.92
2025-09-02,168027874497.48,72167648286.02,5365382702.66,55026224.09,494515083.0,66953468.27,50223613.07,,48293172.44
2025-09-03,168142538568.91,72687477994.66,5365382702.66,55026224.09,494515083.0,66953468.27,51814329.59,,48300540.53
2025-09-04,168316095138.24,72585761368.91,5365382702.66,55026224.09,494515083.0,67953468.27,51472010.64,,47888023.58
2025-09-05,168540494840.97,72564534135.54,5365382702.66,55026224.09,494515083.0,67953468.27,51530770.99,,47923446.76
2025-09-06,168871594840.74,72559692905.03,5365382702.66,55026224.09,494515083.0,67953468.27,51530770.99,,47974834.89
2025-09-07,168871594839.54,72514536495.5,5365382702.66,55026224.09,494515083.0,67953468.27,51530770.99,,47974834.89
2025-09-08,168873694836.21,72564000991.12,5365382702.66,55026224.09,494515083.0,67953468.27,51559635.82,,47980607.29
2025-09-09,168923873996.66,72687879327.78,5365382702.66,55026224.09,494515083.0,67953468.27,51541088.75,,48002599.02
2025-09-10,169095073994.58,72382193750.25,5365382702.66,55026224.09,494515083.0,67953468.27,51597714.29,,47950801.93
2025-09-11,169373054462.07,72464097807.92,5365382702.66,55026224.09,494515083.0,67953468.27,51240065.47,,47952669.47
2025-09-12,169537170238.59,73012106455.37,5365382702.66,55026224.09,494515083.0,67953468.27,51142217.88,,47976602.72
2025-09-13,170001696466.33,73176895382.25,5365382702.66,55026224.09,494515083.0,67953468.27,51230590.26,,47895432.69
2025-09-14,170225499954.09,73208958511.77,5365382702.66,55026224.09,494515083.0,67953468.27,51230590.26,,48092624.66
2025-09-15,170251299953.05,73208895261.75,5365382702.66,55026224.09,494515083.0,67953468.27,50893662.69,,48092624.66
2025-09-16,170794286174.64,73649562989.16,5365382702.66,55026224.09,494515083.0,67953468.27,50575239.16,,48095749.89
2025-09-17,170950286174.41,73625849934.22,5365382702.66,55026224.09,494515083.0,63264568.27,49612549.5,,48241289.33
2025-09-18,171121826173.74,74359028860.7,5365382702.66,55026224.09,494515083.0,63264568.27,50817928.87,,48231844.39
2025-09-19,171444831025.94,74188512542.51,5365382702.66,55026224.09,494515083.0,63264568.27,50316655.47,,48221524.95
2025-09-20,171444831025.94,74008345271.6,5365382702.66,55026224.09,494515083.0,63264568.27,50316655.47,,48220830.66
2025-09-21,171937973765.3,73982997794.65,5365382702.66,55026224.09,494515083.0,63264568.27,50485920.17,,48220830.66
2025-09-22,172017973864.22,74159619951.55,5365382702.66,55026224.09,494515083.0,63264568.27,50566117.54,,48241694.64
2025-09-23,172747121547.11,74003367137.35,5365382702.66,55026224.09,494515083.0,63264568.27,49874369.15,,48281412.15
2025-09-24,173039417062.57,74173147889.15,5365382702.66,55026224.09,494515083.0,63264568.27,50005431.43,,48281412.15
2025-09-25,173440544667.77,73990499565.35,5365382702.66,55026224.09,494515083.0,63264568.27,49534032.29,,48235000.05
2025-09-26,173440544667.77,73792028489.91,5365382702.66,55026224.09,494515083.0,63264568.27,49240756.59,,48241554.99
2025-09-27,174190521470.42,73747164973.85,5365382702.66,55026224.09,494515083.0,63264568.27,49291142.88,,48236246.3
2025-09-28,174372128682.21,73707693206.92,5365382702.66,55026224.09,494515083.0,63264568.27,49291142.88,,48276680.24
2025-09-29,174372128681.11,73549911015.65,5365382702.66,55026224.09,494515083.0,63264568.27,48697037.3,,48276680.24
2025-09-30,174686735091.15,73885615920.7,5365382702.66,55026224.09,494515083.0,63264568.27,48653635.01,,48276680.24
2025-10-01,174921926112.34,74166266307.67,5365382702.66,55026224.09,494515083.0,63264568.26,49019037.49,,48276680.24
2025-10-02,175728274234.63,74325564974.38,5365382702.66,55026224.09,494515083.0,63264568.26,48718296.99,,48258338.92
2025-10-03,176241404874.09,75442448448.24,5365382702.66,55026224.09,494515083.0,63264568.26,49215804.98,,48258446.28
2025-10-04,176241404874.09,75364299945.98,5365382702.66,55026224.09,494515083.0,63264568.26,49427798.37,,48252912.21
2025-10-05,177030700465.63,75247104370.26,5365382702.66,55026224.09,494515083.0,63264568.26,49516371.1,,48259012.21
2025-10-06,177024150116.51,75505499370.34,5365382702.66,55026224.09,494515083.0,63264568.26,50122098.65,,48299383.07
2025-10-07,177420277588.21,75657714948.94,5365382702.66,55026224.09,494515083.0,63264568.26,49535281.0,,48349788.6
2025-10-08,177914235131.04,75695789170.51,5365382702.66,55026224.09,494515083.0,63264568.26,49429675.23,,48349788.6
2025-10-09,178337643914.67,75590077005.95,5365382702.66,55026224.09,494515083.0,63264568.26,49074241.75,,48349788.45
2025-10-10,178658855952.71,75107353439.7,5365382702.66,55026224.09,494515083.0,63264568.26,49453170.09,,48400301.77
2025-10-11,179163855952.55,75411633647.72,5365382702.66,55026224.09,494515083.0,63264568.26,50050120.47,,48400301.77
2025-10-12,179795529123.31,75650134595.87,5365382702.66,55026224.09,494515083.0,63264568.26,50436057.81,,48400301.77
2025-10-13,179775529122.36,75827568131.5,5365382702.66,55026224.09,494515083.0,63264561.23,50556076.82,,48053588.03
2025-10-14,180609635564.85,76224354408.89,5365382702.66,55026224.09,494515083.0,63264561.23,48674724.91,,48091245.06
2025-10-15,180609635559.66,76075958248.66,5365382702.66,55026224.09,494515083.0,63264561.23,47525862.43,,43501931.0
2025-10-16,181329989227.53,75962614061.08,5365382702.66,55026224.09,494515083.0,63264561.23,47558067.22,,43501696.0
2025-10-17,181555163317.19,76040822836.4,5365382702.66,55026224.09,494515083.0,63264561.23,47752392.8,,43499076.91
2025-10-18,181869542480.94,75954838545.1,5365382702.66,55026224.09,494515083.0,63264561.23,47939334.24,,43499364.32
2025-10-19,181869542480.94,75953130493.19,5365382702.66,55026224.09,494515083.0,63264561.23,48487520.28,,43499364.09
2025-10-20,181871082541.75,76265753968.89,5365382702.66,55026224.09,494515083.0,63264561.23,48516715.58,,43549699.59
2025-10-21,181952828194.61,76800296964.56,5365382702.66,55026224.09,494515083.0,62264561.23,49199922.38,,43549469.87
2025-10-22,182414087777.58,76550705748.19,5365382702.66,55026224.09,494515083.0,61764561.23,47878911.68,,43549469.87
2025-10-23,182504361789.79,76509369054.01,5365382702.66,55026224.09,494515083.0,61764561.23,47913846.26,,43549469.47
2025-10-24,182890451789.69,76335366329.63,5365382702.66,55026224.09,494515083.0,60764561.23,47924263.6,,43549469.47
2025-10-25,183067223331.6,76297063888.2,5365382702.66,55026224.09,494515083.0,60764561.23,47924263.6,,43549469.47
2025-10-26,183169510265.64,76254426976.68,5365382702.66,55026224.09,494515083.0,60764561.23,47125157.48,,43549469.47
2025-10-27,183227527925.88,76168961122.54,5365382702.66,55026224.09,494515083.0,60764561.23,47151828.95,,43690339.49
2025-10-28,183227527925.88,76210363766.25,5365382702.66,55026224.09,494515083.0,60764561.23,48169100.72,,43691341.64
2025-10-29,183337336972.76,76330035235.02,5365382702.66,55026224.09,494515083.0,60264561.23,47840201.38,,43691341.64
2025-10-30,183331496971.58,75964238456.67,5365382702.66,55026224.09,494515083.0,60264561.23,48170767.97,,43691341.64
2025-10-31,183399917241.21,75939681232.63,5365382702.66,55026224.09,494515083.0,55711456.23,48157034.43,,43692352.24
2025-11-01,183453580925.96,75870068648.88,5365382702.66,55026224.09,494515083.0,55711456.23,48157034.43,,43680800.75
2025-11-02,183453580925.96,75823504788.42,5365382702.66,55026224.09,494515083.0,55711456.23,48157034.43,,43680800.75
2025-11-03,183453580925.96,75589855557.33,5365382702.66,55026224.09,494515083.0,56711456.22,48227621.41,,43741671.62
2025-11-04,183430228992.57,75182054647.42,5365382702.66,55026224.09,494515083.0,57711456.22,47943781.11,,43721243.4
2025-11-05,183459247850.02,75316509555.46,5365382702.66,55026224.09,494515083.0,57711456.22,48034791.42,,43721474.73
2025-11-06,183459247850.02,75470174559.17,5365382702.66,55026224.09,494515083.0,57711456.22,47782180.88,,43721474.73
2025-11-07,183447967195.51,75784027868.74,5365382702.66,55026224.09,494515083.0,57711456.22,47551831.1,,43685506.67
2025-11-08,183451533283.93,75715396428.95,5365382702.66,55026224.09,494515083.0,57711456.22,48022255.62,,43659764.2
2025-11-09,183470378236.23,75779844414.82,5365382702.66,55026224.09,494515083.0,57711456.22,48022255.62,,43649472.2
2025-11-10,183470378236.23,76167071751.96,5365382702.66,55026224.09,494515083.0,57711456.22,47207815.3,,43649472.2
2025-11-11,183497848870.65,76000379948.06,5365382702.66,55026224.09,494515083.0,57711456.22,47700375.45,,43649472.2
2025-11-12,183503961350.79,76071334083.04,5365382702.66,55026224.09,494515083.0,57711456.22,47603751.83,,43639162.54
2025-11-13,184044208799.51,75602452498.57,5365382702.66,55026224.09,494515083.0,57711456.22,47259238.32,,43608200.14
2025-11-14,184065108793.92,75023461554.31,5365382702.66,55026224.09,494515083.0,57711456.22,46842484.42,,43608200.14
2025-11-15,184047962273.14,74943333253.88,5365382702.66,55026224.09,494515083.0,57711456.22,46906775.52,,43608200.14
2025-11-16,184040461847.42,74874314172.54,5365382702.66,55026224.09,494515083.0,57711456.22,46906775.52,,43608200.14
2025-11-17,184040461847.42,74948304053.68,5365382702.66,55026224.09,494515083.0,59869456.22,46970552.38,,43607987.51
2025-11-18,183850595477.21,74895691890.27,5365382702.66,55026224.09,494515083.0,59869456.22,46672167.18,,43588185.93
2025-11-19,183850595477.21,74676573396.07,5365382702.66,55026224.09,494515083.0,59869456.22,45515598.25,,43556173.03
2025-11-20,183894840222.81,73931563127.52,5365382702.66,55026224.09,494515083.0,59869456.22,46093720.86,,43547841.8
2025-11-21,184784401260.31,74069828177.13,5365382702.66,55026224.09,494515083.0,55569455.22,45749285.22,,43526948.11
2025-11-22,184589991047.38,74019762808.1,5365382702.66,55026224.09,494515083.0,55569455.22,46011785.21,,43516460.17
2025-11-23,184494991046.93,74105642902.01,5365382702.66,55026224.09,494515083.0,55569455.22,46011785.21,,43516460.17
2025-11-24,184400433039.8,74781347884.84,5365382702.66,55026224.09,494515083.0,55569455.22,44187303.21,,43473695.66
2025-11-25,184542705843.69,75202303037.54,5365382702.66,55026224.09,494515083.0,62569455.22,44699458.16,,43419362.25
2025-11-26,184533723761.77,75778955754.19,5365382702.66,55026224.09,494515083.0,57569455.22,45237170.58,,43419362.25
2025-11-27,184566477905.18,76050475529.43,5365382702.66,55026224.09,494515083.0,57569455.22,45497678.01,,43419362.25
2025-11-28,184617105483.98,76547366974.09,5365382702.66,55026224.09,494515083.0,57569455.22,44791274.29,,43419362.25
2025-11-29,184617105483.98,76565948247.49,5365382702.66,55026224.09,494515083.0,57569455.22,44791274.29,,43419362.25
2025-11-30,184605105442.18,76612300685.26,5365382702.66,55026224.09,494515083.0,57569455.22,44791274.29,,43419362.25
2025-12-01,184586487655.54,77533494785.07,5365382702.66,55026224.09,494515083.0,57569455.22,44257940.38,,43440647.0
2025-12-02,184586487655.54,77837938473.81,5365382702.66,55026224.09,494515083.0,57569455.22,45057815.23,,43440647.0
2025-12-03,184688082362.91,77947710173.79,5365382702.66,55026224.09,494515083.0,57569455.22,45208770.01,,43440912.72
2025-12-04,185516177143.14,78073175366.4,5365382702.66,55026224.09,494515083.0,57569455.22,45498946.98,,43440912.72
2025-12-05,185516177143.14,78190501662.94,5365382702.66,55026224.09,494515083.0,57569455.22,45438102.94,,43452772.89
2025-12-06,185632101181.93,78148593830.28,5365382702.66,55026224.09,494515083.0,57569455.22,45438102.94,,43463498.5
2025-12-07,185632100913.85,78192824319.11,5365382702.66,55026224.09,494515083.0,57569455.21,45438102.94,,43482077.8
2025-12-08,185647211175.38,78337393754.99,5365382702.66,55026224.09,494515083.0,57569455.21,46090379.4,,43567560.31
2025-12-09,185720807124.9,78471575246.05,5365382702.66,55026224.09,494515083.0,57569455.21,46703438.16,,43578416.32
2025-12-10,186052440682.45,78340625499.39,5365382702.66,55026224.09,494515083.0,51569455.21,45977711.54,,43578416.32
2025-12-11,186150733914.48,78598124797.43,5365382702.66,55026224.09,494515083.0,51569455.21,45818586.82,,43635763.41
2025-12-12,186213681625.79,78488535824.55,5365382702.66,55026224.09,494515083.0,51569455.21,46054027.64,,43635763.41
2025-12-13,186213681625.79,78428003299.98,5365382702.66,55026224.09,494515083.0,51569455.21,46054027.64,,43636244.09
2025-12-14,186251181624.37,78402060445.95,5365382702.66,55026224.09,494515083.0,51569455.21,46054027.64,,43604915.72
2025-12-15,186251181624.37,78438079358.99,5365382702.66,55026224.09,494515083.0,51569455.21,45712939.95,,43564775.95
2025-12-16,186326391951.46,78304836646.89,5365382702.66,55026224.09,494515083.0,51569455.21,45694641.02,,43557009.81
2025-12-17,186326391951.46,78046954002.11,5365382702.66,55026224.09,494515083.0,51569455.21,45981564.39,,43557009.81
2025-12-18,186274641914.13,77347184554.34,5365382702.66,55026224.09,494515083.0,51569455.21,46761792.31,,43539894.31
2025-12-19,186324255261.43,77111873555.45,5365382702.66,55026224.09,494515083.0,51569455.21,46650233.32,,43551729.28
2025-12-20,186824255260.0,77080673207.79,5365382702.66,55026224.09,494515083.0,51569455.21,46650233.32,,43551729.28
2025-12-21,186824255260.0,77104760720.11,5365382702.66,55026224.09,494515083.0,51569455.21,46650233.32,,43551729.28
2025-12-22,186906835256.84,77111345624.04,5365382702.66,55026224.09,494515083.0,51569455.21,45490029.26,,43551747.28
2025-12-23,186915840270.9,76935397296.61,5365382702.66,55026224.09,494515083.0,51569455.21,45363085.28,,43570875.97
2025-12-24,186890051108.87,76584194468.18,5365382702.66,55026224.09,494515083.0,51569455.21,45823011.05,,43592980.56
2025-12-25,186890051108.87,76512728864.17,5365382702.66,55026224.09,494515083.0,51569455.21,45823011.05,,43592980.56
2025-12-26,186878783369.72,76523615109.05,5365382702.66,55026224.09,494515083.0,51569455.21,45866979.94,,43587763.88
2025-12-27,186826783367.9,76456327790.25,5365382702.66,55026224.09,494515083.0,51569455.21,46110241.42,,43586636.84
2025-12-28,186826783367.9,76380931816.97,5365382702.66,55026224.09,494515083.0,51569455.21,46367490.7,,43586636.84
2025-12-29,186826783367.12,76030980100.04,5365382702.66,55026224.09,494515083.0,47569455.21,46173038.92,,43562194.68
2025-12-30,187337899591.34,75999064978.42,5365382702.66,55026224.09,494515083.0,47569455.21,45548005.76,,43540537.06
2025-12-31,187337899591.34,75385230091.66,5365382702.66,55026224.09,494515083.0,47569455.21,45587225.74,,43487759.55
2026-01-01,187105543452.26,75197933673.22,5365382702.66,55026224.09,494515083.0,47569455.21,45587225.74,,43493319.93
2026-01-02,187101343451.7,75345232777.15,5365382702.66,55026224.09,494515083.0,47569455.21,45414075.63,,43500643.65
2026-01-03,187110343448.93,75386772655.92,5365382702.66,55026224.09,494515083.0,47569455.21,45594210.49,,43506185.02
2026-01-04,187110343448.64,75445884957.2,5365382702.66,55026224.09,494515083.0,47569455.21,45594210.49,,43457420.13
2026-01-05,187110343446.03,75877093446.44,5365382702.66,55026224.09,494515083.0,47569455.21,45451715.93,,43457420.13
2026-01-06,187094392440.7,75744982732.82,5365382702.66,54645295.14,494515083.0,47569455.21,45428071.68,,43457420.13
2026-01-07,187094392440.7,75197367811.69,5365382702.66,54645295.14,494515083.0,47569455.21,45428401.45,,43450464.72
2026-01-08,187095381424.37,74992717108.29,5365382702.66,54645295.14,494515083.0,47569455.21,45477739.54,,43539456.02
2026-01-09,187058832046.04,74784203916.53,5365382702.66,54645295.14,494515083.0,47569455.21,46910589.42,,43538287.36
2026-01-10,186966394639.43,74723355458.33,5365382702.66,54645295.14,494515083.0,47569455.21,46910589.42,,43552406.91
2026-01-11,186966394629.11,74641145328.15,5365382702.66,54645295.14,494515083.0,47569455.21,46910589.42,,43551221.79
2026-01-12,186933340811.12,74357973593.46,5365382702.66,54645295.14,494515083.0,47569455.21,46872979.53,,43491259.03
2026-01-13,186933340811.12,75037392305.85,5365382702.66,54645295.14,494515083.0,47569455.21,46632995.52,,43523590.27
2026-01-14,186848398790.44,75813403726.66,5365382702.66,54645295.14,494515083.0,47569455.21,46841365.47,,33523493.31
2026-01-15,186866822414.57,75673549802.01,5365382702.66,54645295.14,494515083.0,47569455.21,46600351.01,,33521042.44
2026-01-16,186866822414.57,76008054200.54,5365382702.66,54645295.14,494515083.0,47569455.21,47085804.66,,33550975.37
2026-01-17,186866822414.57,76019311757.86,5365382702.66,54645295.14,494515083.0,47569455.21,47085804.66,,33565315.64
2026-01-18,186994926138.21,75978953632.85,5365382702.66,54645295.14,494515083.0,47569455.21,47085804.66,,33565315.64
2026-01-19,187003037226.89,75832971416.5,5365382702.66,54645295.14,494515083.0,47569455.21,47085804.66,,33547800.33
2026-01-20,187016088560.42,74951947302.59,5365382702.66,54645295.14,494515083.0,47569455.21,46746997.57,,33542654.95
2026-01-21,187016088560.42,74462339900.79,5365382702.66,54645295.14,494515083.0,47569455.21,46977229.22,,33542654.95
2026-01-22,186917302715.8,73754885140.86,5365382702.66,54645295.14,494515083.0,47569455.21,48712902.07,,33537441.02
2026-01-23,186923091616.61,72921270210.46,5365382702.66,54645295.14,494515083.0,47569455.21,48756691.11,,33591228.1
2026-01-24,186901333653.42,72553585874.53,5365382702.66,54645295.14,494515083.0,47569455.21,48854908.73,,33594239.77
2026-01-25,186901333650.81,72416132418.64,5365382702.66,54645295.14,494515083.0,47569455.21,47253481.28,,33588701.82
2026-01-26,186873802258.61,72095744157.2,5365382702.66,54645295.14,494515083.0,47569455.21,47469471.18,,33588711.82
2026-01-27,186535402256.65,71665250010.68,5365382702.66,54645295.14,494515083.0,47569455.21,47857745.66,,33588766.62
2026-01-28,186333906199.59,71264402940.15,5365382702.66,54645295.14,494515083.0,47569455.21,47990327.29,,33588766.62
2026-01-29,186333906199.59,70324253499.14,5365382702.66,54645295.14,494515083.0,47569455.21,47980445.31,,33588766.62
2026-01-30,185847726235.77,70077347016.96,5365382702.66,40026281.01,494515083.0,47569455.21,48064765.98,,33583184.53
2026-01-31,185373050610.79,70242547048.48,5365382702.66,40026281.01,494515083.0,47569455.21,48145031.4,,33577566.28
2026-02-01,185373050610.5,70300017512.16,5365382702.66,40026281.01,494515083.0,47569455.18,48145031.4,,33607160.29
2026-02-02,185353670778.64,70690322206.57,5365382702.66,40026281.01,494515083.0,47569455.18,48400494.26,,33607160.29
2026-02-03,185353670778.64,70820187583.47,5365382702.66,40026281.01,494515083.0,47569452.76,47976109.22,,33607160.29
2026-02-04,185718094403.32,70743405703.11,5365382702.66,40026070.43,494515083.0,47569452.76,47543356.38,,33615028.42
2026-02-05,185716038614.83,70635333486.69,5365382702.66,40026070.43,494515083.0,47569452.76,47696495.81,,33561227.09
2026-02-06,185716038614.83,72493006548.29,5365382702.66,40026070.43,494515083.0,47569452.76,47929159.06,,33538710.42
2026-02-07,185716038614.83,72708668157.94,5365382702.66,40026070.41,494515083.0,47569452.76,46834445.05,,33538710.42
2026-02-08,184572997654.36,72912289154.98,5365382702.66,40026070.41,494515083.0,47569452.76,45840956.5,,33553710.42
2026-02-09,184517936950.03,73034434153.14,5365382702.66,40026070.41,494515083.0,47569452.76,46255306.92,,33554136.03
2026-02-10,184394018025.36,73290259744.84,5365382702.66,40026070.41,494515083.0,47569452.76,45683736.4,,33551126.88
2026-02-11,184021084709.8,73335079222.97,5365382702.66,40026070.41,494515083.0,47569452.76,45090617.24,,33561227.99
2026-02-12,184021084709.8,73179156761.86,5365382702.66,40026070.41,494515083.0,47569452.76,45063682.07,,33567635.66
2026-02-13,183898052239.97,73488673534.85,5365382702.66,40026070.41,494515083.0,47569452.76,45336620.09,,33395233.85
2026-02-14,183816960128.68,73545600209.81,5365382702.66,40026070.41,494515083.0,47569452.76,45336620.09,,33389750.29
2026-02-15,183755310128.52,73610138771.26,5365382702.66,40026070.41,494515083.0,47569452.76,45401991.46,,33378869.2
2026-02-16,183777810128.3,73684264927.59,5365382702.66,40026070.41,494515083.0,47569452.76,45401991.46,,33369352.01
2026-02-17,183751887997.07,73500365308.95,5365382702.66,40026070.41,494515083.0,47569452.76,44452253.63,,33360852.64
2026-02-18,183741587995.22,73608506275.6,5365382702.66,40026070.41,494515083.0,47569452.76,44575932.28,,33348564.67
2026-02-19,183738738454.91,73854485222.76,5365382702.66,40026070.41,494515083.0,47569452.76,44435649.55,,33355466.23
2026-02-20,183738738454.91,74469331891.57,5365382702.66,40026070.41,494515083.0,47569452.76,44078677.17,,33369976.9
2026-02-21,183738738454.91,74456612418.9,5365382702.66,40026070.41,494515083.0,47569452.76,44078677.17,,33384206.2
2026-02-22,183624238441.84,74435769614.81,5365382702.66,40026070.41,494515083.0,47569452.76,44078677.17,,33399515.05
2026-02-23,183624238441.84,74778777708.0,5365382702.66,40026070.41,494515083.0,47569452.76,44028022.39,,33378043.47
2026-02-24,183624238441.84,74943642926.49,5365382702.66,40026070.41,494515083.0,47569452.76,44088002.9,,33360911.18
2026-02-25,183624238441.84,75360269395.55,5365382702.66,40026070.41,494515083.0,40569452.76,44050239.5,,33360196.88
2026-02-26,183542273495.79,75322026777.62,5365382702.66,40026070.41,494515083.0,40569452.76,44196176.0,,33351184.89
2026-02-27,183549673295.27,75227037962.64,5365382702.66,40026070.41,494515083.0,40569452.76,44560165.87,,33290666.86
2026-02-28,183582573266.9,75190048551.53,5365382702.66,40026070.41,494515083.0,40569452.76,45262570.32,,33281597.81
2026-03-01,183633868264.83,75192321427.2,5365382702.66,40026070.41,494515083.0,40569452.76,45728653.56,,33292848.3
2026-03-02,183633868264.83,75934212430.97,5365382702.66,40026070.41,494515083.0,40569452.76,45502407.73,,33276207.33
2026-03-03,183732421761.1,76324897586.29,5365382702.66,40026070.41,494515083.0,40569452.76,45581130.33,,33266145.16
2026-03-04,183712671632.74,77067097433.99,5365382702.66,40026070.41,494515083.0,40569452.76,45911840.14,,33253136.85
2026-03-05,184041820858.24,77163515478.41,5365382702.66,40026070.41,494515083.0,40569452.76,46052885.3,,33247060.42
2026-03-06,183970396058.48,77353161375.72,5365382702.66,40026070.41,494515083.0,40569460.76,46000908.9,,33221869.61
2026-03-07,183970396057.15,77256807620.03,5365382702.66,40026070.41,494515083.0,40569460.76,46000908.9,,33213114.9
2026-03-08,183909539098.51,77240834720.16,5365382702.66,40026070.41,494515083.0,40569460.76,46000908.9,,33210649.5
2026-03-09,183909539098.51,78207614538.02,5365382702.66,40026070.41,494515083.0,40569460.76,45690811.3,,33208170.04
2026-03-10,183890132782.18,78678683318.29,5365382702.66,40026070.41,494515083.0,40569460.76,45655460.32,,33192843.82
2026-03-11,183890132782.18,78804707306.49,5365382702.66,40026070.41,494515083.0,40569460.76,44241023.44,,33187144.53
2026-03-12,183990520696.01,78817566800.29,5365382702.66,40026070.41,494515083.0,40569460.76,43771210.35,,33172304.77
2026-03-13,184012318237.93,79212826973.55,5365382702.66,40026070.41,494515083.0,40569460.76,43499611.2,,33176927.36
2026-03-14,184032318235.76,79188978085.82,5365382702.66,40026070.41,494515083.0,40569460.76,43499611.2,,33166743.39
2026-03-15,184032318234.99,79152245584.02,5365382702.66,40026070.41,494515083.0,40569460.76,43620765.23,,33152829.63
2026-03-16,184070904426.62,79326282603.09,5365382702.66,40026070.41,494515083.0,40569460.76,43379073.1,,33152829.63
2026-03-17,184092103149.71,79625675633.93,5365382702.66,40026070.41,494515083.0,40569460.76,43276238.91,,33152829.63
2026-03-18,184092103149.71,79440577660.36,5365382702.66,40026070.41,494515083.0,40569460.75,43308079.24,,33149827.81
2026-03-19,184183287831.19,79247665868.16,5365382702.66,40026070.41,494515083.0,40569460.75,43231085.94,,33146121.02
2026-03-20,184182287830.1,79065957387.31,5365382702.66,40026070.41,494515083.0,40569460.75,43398198.03,,33131818.53
2026-03-21,184182287830.1,79025693653.04,5365382702.66,40026070.41,494515083.0,40569460.75,43448805.83,,33130673.53
2026-03-22,184182287830.1,78982222841.53,5365382702.66,40026070.41,494515083.0,40569460.75,43448805.83,,33125435.83
2026-03-23,184183336594.91,78655379640.86,5365382702.66,40026070.41,494515083.0,40569460.75,43345685.08,,33130819.53
2026-03-24,184228518668.3,78650791667.28,5365382702.66,40026070.41,494515083.0,40569460.75,43360763.05,,33140029.82
2026-03-25,184216554250.1,78668978361.51,5365382702.66,40026070.41,494515083.0,40569460.75,43597547.17,,33153260.01
2026-03-26,184216554250.1,78090987612.46,5365382702.66,40026070.41,494515083.0,40569460.75,43517435.15,,33099463.18
2026-03-27,184216554250.1,77772886323.72,5365382702.66,40026070.41,494515083.0,40569460.75,43461756.07,,33094052.94
2026-03-28,184216554250.1,77786355499.26,5365382702.66,40026070.41,494515083.0,40569460.75,43511803.17,,33085409.33
2026-03-29,184216554250.1,77787272484.87,5365382702.66,40026070.41,494515083.0,40569460.75,43511803.17,,33078403.21
2026-03-30,184222004209.08,77456333652.76,5365382702.66,40026070.41,494515083.0,40569460.75,43097644.02,,33074488.14
2026-03-31,184222764378.58,77170680573.66,5365382702.66,40026070.41,494515083.0,40569460.75,42948973.97,,33064269.38
2026-04-01,184222764378.58,77159114733.72,5365382702.66,40026070.41,494515083.0,40569460.75,43152081.48,,33053631.81
2026-04-02,184163647493.07,77211965028.71,5365382702.66,40026070.41,494515083.0,40569460.75,43213478.05,,33063630.45
2026-04-03,184164480314.81,77532296866.65,5365382702.66,40026070.41,494515083.0,40569460.75,43385697.69,,33060920.53
2026-04-04,184151480312.46,77509640306.09,5365382702.66,40026070.41,494515083.0,40569459.94,43437260.39,,33058220.55
2026-04-05,184151480312.0,77515983906.29,5365382702.66,40026070.41,494515083.0,40569459.94,43437260.39,,33075516.52
2026-04-06,184151480312.0,77862609518.08,5365382702.66,40026070.41,494515083.0,40569459.94,43653748.64,,33074176.37
2026-04-07,184151480312.0,77821751131.01,5365382702.66,40026070.41,494515083.0,40569459.94,43547510.94,,33066828.16
2026-04-08,184113182684.57,78257099908.51,5365382702.66,40026070.41,494515083.0,40569459.94,43638550.23,,33065724.14
2026-04-09,184112071794.28,78368503447.99,5365382702.66,40026070.41,494515083.0,40569459.94,43534761.67,,33063277.72
2026-04-10,184282892169.61,78661181056.22,5365382702.66,40026070.41,494515083.0,40569459.93,43679743.52,,33049540.93
2026-04-11,184372892168.17,78641778343.81,5365382702.66,40026070.41,494515083.0,40569459.93,43679743.52,,33045939.62
2026-04-12,184436319167.2,78613917344.62,5365382702.66,40026070.41,494515083.0,40569459.93,43679743.52,,33037092.54
2026-04-13,184674430497.41,78775009274.43,5365382702.66,40026070.41,494515083.0,40569459.93,43591052.74,,33026391.69
2026-04-14,185477350936.15,78749119988.78,5365382702.66,40026070.41,494515083.0,40569459.93,43585776.8,,33022187.26
2026-04-15,185477350936.15,78586157742.89,5365382702.66,40026070.41,494515083.0,40569459.93,43255379.35,,33022187.26
2026-04-16,185742292039.72,78718208172.01,5365382702.66,40026070.41,494515083.0,40569459.93,42200667.31,,33020806.2
2026-04-17,186612136570.04,78536912149.92,5365382702.66,40026070.41,494515083.0,40569459.93,42145869.76,,33020806.2
2026-04-18,186612136570.04,78506619239.39,5365382702.66,40026070.41,494515083.0,40569459.93,42145869.76,,33011843.71
2026-04-19,187222636526.17,78267060473.5,5365382702.66,40026070.41,494515083.0,40569459.93,42145869.76,,33011843.71
2026-04-20,187915978826.5,78309816857.56,5365382702.66,40026070.41,494515083.0,40569459.93,41924050.81,,32996952.58
2026-04-21,188489825702.26,77902856496.36,5365382702.66,40026070.41,494515083.0,40569459.93,41687971.6,,32979335.84
2026-04-22,188805943234.3,78348535376.0,5365382702.66,40026070.41,494515083.0,40569459.93,41218068.56,,32974738.09
2026-04-23,189665308469.6,78065979159.11,5365382702.66,40026070.41,494515083.0,40569459.93,41121967.51,,32974738.09
2026-04-24,189665308469.6,77775494232.73,5365382702.66,40026070.41,494515083.0,40569459.93,41049481.45,,32973791.24
2026-04-25,189806317244.59,77736815794.98,5365382702.66,40026070.41,494515083.0,40569459.93,41164471.57,,32951870.7
2026-04-26,189764620606.94,77738604636.74,5365382702.66,40026070.41,494515083.0,40569459.93,41239642.41,,32947230.3
2026-04-27,189764620606.94,77621953503.11,5365382702.66,40026070.41,494515083.0,40569459.93,41122479.04,,32923239.89
2026-04-28,189693530635.06,77493236846.45,5365382702.66,40026070.41,494515083.0,40569459.93,41214925.78,,32923239.89
2026-04-29,189600149555.29,77290189070.98,5365382702.66,40026070.41,494515083.0,40569459.93,40672472.71,,32912488.85
2026-04-30,189600149555.29,77178959024.59,5365382702.66,40026070.41,494515083.0,40569459.93,40465459.06,,32908449.21
2026-05-01,189588224425.11,77260849903.01,5365382702.66,40026070.41,494515083.0,40569459.93,40650205.39,,32906543.47
2026-05-02,189588224247.68,77230301485.02,5365382702.66,40026070.41,494515083.0,40569459.93,40650205.39,,32904161.88
2026-05-03,189588224247.68,77257203021.4,5365382702.66,40026070.41,494515083.0,40569459.93,40650205.39,,32902789.87
2026-05-04,189574568264.06,77874513883.22,5365382702.66,40026070.41,494515083.0,40569459.93,40721865.59,,32901416.84
2026-05-05,189574168695.53,78089782183.13,5365382702.66,40026070.41,494515083.0,40569459.93,40813242.69,,32890072.73
2026-05-06,189574168695.53,78264319674.7,5365382702.66,40026070.41,494515083.0,40569459.93,40574322.64,,32878108.27
2026-05-07,189651082316.75,78362359666.73,5365382702.66,40026070.41,494515083.0,40569459.93,40512704.48,,32878108.27
2026-05-08,189691595368.24,77943990051.74,5365382702.66,40026070.41,494515083.0,40569459.93,40558316.22,,32876713.07
2026-05-09,189691595367.16,77910613808.55,5365382702.66,40026070.41,494515083.0,40569459.93,40558316.22,,32873878.04
2026-05-10,189691595348.53,77877250582.69,5365382702.66,40026070.41,494515083.0,40569459.93,40558316.22,,32865879.37
2026-05-11,189830194447.65,77495639888.8,5365382702.66,40026070.41,494515083.0,40569459.93,40716178.79,,32827362.11
2026-05-12,189816609410.11,77142994487.47,5365382702.66,40026070.41,494515083.0,40569459.93,40132808.9,,32814818.0
2026-05-13,189816609410.11,76733771111.16,5365382702.66,40026070.41,494515083.0,40569459.93,40076299.98,,32795568.33
2026-05-14,189857486520.23,76624582762.72,5365382702.66,37842261.29,494515083.0,40569459.93,40088544.74,,32780364.35
2026-05-15,189857486520.23,76976273689.5,5365382702.66,37842261.29,494515083.0,40569459.93,39939437.87,,32775693.15
2026-05-16,189857486520.23,76979315106.8,5365382702.66,37842261.29,494515083.0,40569459.93,39939437.87,,32771764.65
2026-05-17,189857486520.23,76955858354.0,5365382702.66,37842261.29,494515083.0,40569459.93,40070211.03,,32768576.39
2026-05-18,189856595930.5,76938675052.32,5365382702.66,37842261.29,494515083.0,40569459.93,39784065.66,,32768576.39
2026-05-19,189856565829.29,76879273378.49,5365382702.66,37842261.29,494515083.0,40569459.93,39968240.85,,32768576.39
2026-05-20,189842359508.68,76338497370.99,5365382702.66,37842261.29,494515083.0,40569459.92,40143696.94,,32802974.33
2026-05-21,189852859771.04,76991345496.85,5365382702.66,37842261.29,494515083.0,40569459.92,40302077.49,,32802974.33
2026-05-22,189852859771.04,76534528946.23,5365382702.66,37842261.29,494515083.0,40569459.92,40357942.82,,32802974.33
2026-05-23,189721145805.92,76472394857.95,5365382702.66,37842261.29,494515083.0,40569459.92,40496453.69,,32801408.41
2026-05-24,189721145805.92,76423535034.46,5365382702.66,37842261.29,494515083.0,40569459.92,40685446.22,,32801408.41
2026-05-25,189633830743.77,76448893646.0,5365382702.66,37842261.29,494515083.0,40569459.92,40685446.22,,32775734.2
2026-05-26,189633830743.77,76547632017.36,5365382702.66,37842261.29,494515083.0,40569459.92,40536657.3,,32781073.76
2026-05-27,189582683099.13,76351694867.64,5365382702.66,37842261.29,494515083.0,40569459.92,40452334.97,,32825003.4
2026-05-28,189582683099.13,76226787427.4,5365382702.66,37842261.29,494515083.0,40569459.92,40325029.63,,32840251.07
2026-05-29,189582683099.13,76000450828.05,5365382702.66,37842261.29,494515083.0,40569459.92,40136854.84,,32840251.07
2026-05-30,188475716871.86,75878185766.07,5365382702.66,37842261.29,494515083.0,40569459.92,40199234.34,,32835912.82
2026-05-31,188475716871.86,75810650690.43,5365382702.66,37842261.29,494515083.0,40569459.92,40335042.73,,32844945.33
2026-06-01,188243994984.7,75922632690.51,5365382702.66,37842261.29,494515083.0,31954027.03,39353195.13,,32839550.55
2026-06-02,188106788806.27,75949007130.19,5365382702.66,37842261.29,494515083.0,31954027.03,39381564.91,,32851294.71
2026-06-03,187529700104.61,75925303926.23,5365382702.66,37842261.29,494515083.0,31954027.03,39400419.82,,32869607.41
2026-06-04,187529700104.61,75645671081.63,5365382702.66,37842261.29,494515083.0,31954027.03,39303579.86,,32907006.42
2026-06-05,187529700104.61,75574287570.53,5365382702.66,37842261.29,494515083.0,31954027.03,39591017.42,,32901326.16
2026-06-06,186959396801.45,75451123560.93,5365382702.66,37842261.29,494515083.0,31954027.03,39762385.62,,32899545.41
2026-06-07,186959396800.71,75697211666.42,5365382702.66,37842261.29,494515083.0,31954027.03,39824370.46,,32949545.41
2026-06-08,186954314858.44,76000910208.58,5365382702.66,37842261.29,494515083.0,31954027.03,39828901.56,,32949545.41
2026-06-09,186949688878.94,75090909710.63,5365382702.66,37842261.29,494515083.0,31954027.03,39454146.87,,32945252.43
2026-06-10,186931967998.91,74980460027.18,5365382702.66,37842261.29,494515083.0,31954027.03,39330722.29,,32944935.06
2026-06-11,186931967998.91,74908654977.99,5365382702.66,37842261.29,494515083.0,31954027.03,39299637.34,,32944935.06
2026-06-12,186584693808.47,74870034479.39,5365382702.66,37842261.29,494515083.0,31954027.03,39434999.2,,32982801.61
2026-06-13,186584693808.47,74815406030.6,5365382702.66,37842261.29,494515083.0,31954027.03,39434999.2,,32979424.78
2026-06-14,186549137803.95,74805512666.92,5365382702.66,37842261.29,494515083.0,31954027.03,39494441.63,,32979424.78
2026-06-15,186549137803.95,74960873112.79,5365382702.66,37842261.29,494515083.0,31954027.03,39467094.81,,32976446.94
2026-06-16,186549137803.95,74948440052.54,5365382702.66,37842261.29,494515083.0,31954027.03,39397904.52,,32937548.03
2026-06-17,186549137803.95,74732637510.79,5365382702.66,37842261.29,494515083.0,31954027.03,39417163.49,,32933303.29
2026-06-18,186471454928.25,74827347666.39,5365382702.66,37842261.29,494515083.0,31954027.03,39364424.04,,32900281.31
2026-06-19,186436673000.02,74858241625.43,5365382702.66,37842261.29,494515083.0,31954027.03,39421552.55,,46653054.42
2026-06-20,186436673000.02,74858418375.5,5365382702.66,37842261.29,494515083.0,31954027.03,39444776.62,,46672997.85
2026-06-21,186436672998.23,74895331539.23,5365382702.66,37842261.29,494515083.0,31954027.03,39444776.62,,46689182.9
2026-06-22,186436672998.23,74409051910.3,5365382702.66,37842261.29,494515083.0,31954027.03,39322768.92,,46729182.9
2026-06-23,186335414603.64,74103864519.11,5365382702.66,37842261.29,494515083.0,31954027.03,39303270.9,,46668667.89
2026-06-24,186335414603.64,73813052063.94,5365382702.66,37842261.29,494515083.0,31954027.03,39259180.13,,44175644.86
2026-06-25,186335414603.64,73744523513.63,5365382702.66,37842261.29,494515083.0,31954027.03,39261926.46,,44157865.12
2026-06-26,186335414603.64,73775067929.51,5365382702.66,37842261.29,494515083.0,31954027.03,39504303.04,,43599506.02
2026-06-27,186335414603.64,73770842005.59,5365382702.66,37842261.29,494515083.0,31954027.03,39504303.04,,43599506.02
2026-06-28,186335414603.64,73763319126.66,5365382702.66,37842261.29,494515083.0,31954027.03,39504303.04,,43599506.02
2026-06-29,186335414603.64,73796615541.12,5365382702.66,37842261.29,494515083.0,31954027.03,39235500.01,,43599506.02
2026-06-30,184990940108.32,73502242751.0,5365382702.66,37842261.29,494515083.0,31954027.03,39163190.39,,43599506.02
2026-07-01,184668223282.44,73292102304.74,5365382702.66,37842261.29,494515083.0,31954027.03,39173532.47,,43599506.02
2026-07-02,184289823348.6,73209995414.37,5365382702.66,37842261.29,494515083.0,31954027.03,39359624.2,,43600114.28
2026-07-03,184283382789.47,73018837896.03,5365382702.66,37842261.29,494515083.0,31954027.03,39359624.2,,43600114.28
2026-07-04,184283382789.47,72957022479.84,5365382702.66,37842261.29,494515083.0,31954027.03,39359624.2,,43600114.28
2026-07-05,184334482787.47,72946453509.21,5365382702.66,37842261.29,494515083.0,31954027.03,39359624.2,,43600114.28
2026-07-06,184334482787.47,73146377307.78,5365382702.66,37842261.29,494515083.0,31954027.03,38973701.17,,43600114.28
2026-07-07,184364902158.67,73261306890.68,5365382702.66,37842261.29,494515083.0,31954027.03,39028198.96,,43600114.28
2026-07-08,184364902158.67,73208592023.01,5365382702.66,37842261.29,494515083.0,31954027.03,38937437.31,,43600114.28
2026-07-09,184295052985.02,73336668589.34,5365382702.66,37842261.29,494515083.0,31954027.03,38886407.68,,43600114.28
2026-07-10,184309681989.74,73282512789.29,4664880563.82,37842261.29,494515083.0,31954027.03,38833376.52,,43600114.28
2026-07-11,184309681989.5,73345912979.7,4643895686.41,37842261.29,494515083.0,31954027.03,38894257.92,,43600114.28
2026-07-12,184300681986.85,73422342356.09,4640167338.57,37842261.29,494515083.0,31954027.03,38894257.92,,43600114.28
2026-07-13,184300681986.85,73071715077.44,4656755125.62,37842261.29,494515083.0,31954026.97,38765666.81,,43600114.28
2026-07-14,184351830693.4,73095672568.93,4669840377.11,37842261.29,494515083.0,31954026.97,38666533.39,,43600114.28
2026-07-15,184351830693.4,73121253234.55,4645066457.5,37842261.29,494515083.0,31954026.97,38588016.0,,43600114.28
2026-07-16,184204791269.42,73233417694.6,4629489819.7,37842261.29,494515083.0,31954026.97,38536873.57,,43600114.28
2026-07-17,184204791268.69,73297126577.17,4624242764.36,37842261.29,494515083.0,31954026.97,38618294.58,,43600114.28
2026-07-18,184223396523.26,73316536579.76,4645313268.77,37842261.29,494515083.0,31954026.97,38618294.58,,43600114.28
2026-07-19,184223396522.25,73286258271.27,4635286919.29,37842261.29,494515083.0,31954026.97,38618294.58,,43600114.28
2026-07-20,184223396521.38,73233704921.54,4640798622.85,37842261.29,494515083.0,31954026.97,38468094.03,,43600114.28
2026-07-21,184219443473.58,73267128901.0,4636594616.23,37842261.29,494515083.0,31954026.97,38459589.11,,43600114.28
2026-07-22,184225794466.3,73269845228.65,4641366973.85,37842261.29,494515083.0,31954026.97,38490162.14,,43600114.28
2026-07-23,184161319033.97,73010648957.67,4653196517.9,37842261.29,494515083.0,31954025.96,38546523.44,,43600114.28
2026-07-24,184156916986.16,72614618461.32,4643133110.57,37842261.29,494515083.0,31954025.96,38488329.62,,43600114.28
2026-07-25,184156916986.16,72552982067.29,4649810706.86,37842261.29,494515083.0,31954025.96,38488329.62,,43600114.28
2026-07-26,184156916986.16,72581767178.68,4646682842.19,37842261.29,494515083.0,31954025.96,38622770.05,,43600114.28
2026-07-27,184126721966.35,72472170482.34,4592747682.43,37842261.29,494515083.0,31954025.96,38590942.48,,43600114.28
2026-07-28,184093866968.39,72334848076.84,4599365544.13,37842261.29,494515083.0,31954025.96,38621931.01,,43600114.28
2026-07-29,184048166967.31,72124330156.88,4598448939.03,37842261.29,494515083.0,31954025.96,38561935.71,,43600114.28
2026-07-30,183939656010.58,71967516202.13,4590577869.15,37842261.29,494515083.0,31954025.96,38608935.06,,43600114.28
2026-07-31,183814009331.03,71949198432.99,4587016584.08,34415676.79,494515083.0,31954025.96,38641266.29,,43600114.28
2026-08-01,183457704331.79,72002183957.16,4593798482.79,34415676.79,494515083.0,31954025.96,38702601.05,,43600114.28
2026-08-02,183457704331.79,71962740571.15,4594266689.13,34415676.79,494515083.0,31954025.96,38702601.05,,43600114.28
2026-08-03,183412904322.97,72117853323.99,4586903951.43,34415676.79,494515083.0,31954025.96,38633521.26,,43600114.28
2026-08-04,183285704315.73,72193327774.81,4594180076.77,34415676.79,494515083.0,31954025.96,39434900.77,,43600114.28
2026-08-05,183254606361.41,71760798653.61,4590346693.34,34415676.79,494515083.0,31954025.96,39337682.75,,43600114.28
2026-08-06,183554413356.87,71926970585.76,4582626398.94,34415676.79,494515083.0,31954025.96,39451483.25,,43600114.28
2026-08-07,183506366051.69,72156478622.93,4593198780.7,34415676.79,494515083.0,31954025.96,39440402.52,,43600114.28
2026-08-08,183245941051.74,72177593099.5,4598163956.29,34415676.79,494515083.0,31954025.96,39496191.04,,43600114.28
2026-08-09,183245941051.28,72201407937.27,4577247691.09,34415676.79,494515083.0,31954025.96,39496191.04,,43600114.28
2026-08-10,183245941051.28,72257003626.29,4574429369.75,34415676.79,494515083.0,31954025.96,39391244.19,,43600114.28
2026-08-11,183218799294.97,72163995550.66,4589291592.91,34415676.79,494515083.0,31954025.96,39754933.34,,43600114.28
2026-08-12,183178499291.63,72051631430.13,4583721881.25,34415676.79,494515083.0,31954025.96,39350446.57,,43600114.28
2026-08-13,183178877716.04,71977082051.0,4579182950.48,34415676.79,494515083.0,31954025.96,39512670.72,,43600114.28
2026-08-14,183178877716.04,71911177855.84,4573123297.74,34415676.79,494515083.0,31954025.96,39456034.98,,43600114.28
2026-08-15,183178877716.04,71889417473.84,4583468166.45,34415676.79,494515083.0,31954025.96,39456034.98,,43600114.28
2026-08-16,183154731790.59,71871815859.81,4574625890.52,34415676.79,494515083.0,31954025.96,39515872.8,,43600114.28
2026-08-17,183154731790.59,71883844606.84,4566153604.23,34415676.79,494515083.0,31954025.96,39413856.62,,43600114.28
2026-08-18,183087631768.67,71857101288.64,4565228472.15,34415676.79,494515083.0,29188152.92,39496074.63,,43600114.28
2026-08-19,183087631768.67,72478781925.78,4569760563.68,34415676.79,494515083.0,29188152.92,39721456.27,,43600114.28
2026-08-20,183105266035.02,72816126982.96,4578635635.33,34415676.79,494515083.0,30260482.92,48815107.78,,43600114.28
2026-08-21,183105266035.02,73456208253.87,4580668961.25,34415676.79,494515083.0,29168261.41,39358707.65,,43600114.28
2026-08-22,183230580044.16,73528511359.0,4563418451.46,34415676.79,494515083.0,29168261.41,39488029.53,,43600114.28
2026-08-23,183230580044.16,73568366435.26,4570854360.55,34415676.79,494515083.0,29168261.41,39488029.53,,43600114.28
2026-08-24,183230580044.16,73691066477.15,4580447885.64,34415676.79,494515083.0,29168261.41,39363411.55,,43600114.28
2026-08-25,183230580044.16,73756047364.48,4575814193.01,34415676.79,494515083.0,29168261.41,39507436.66,,43600114.28
2026-08-26,183363017275.39,73787648131.56,4578063045.88,34415676.79,494515083.0,29168261.41,39731459.3,,43600114.28
2026-08-27,183363017256.6,73816849754.09,4591401478.52,34415676.79,494515083.0,29168261.41,39695575.05,,43600114.28
2026-08-28,183411465211.78,74005274055.2,4580724008.88,34415676.79,494515083.0,29168261.41,39583995.12,,43600114.28
2026-08-29,183411465211.78,74031307053.37,4584604312.48,34415676.79,494515083.0,29168261.41,39583995.12,,43600114.28
2026-08-30,183411465211.78,73877370686.84,4592073507.38,34415676.79,494515083.0,29168261.41,39583995.12,,43600114.28
2026-08-31,183377537343.04,73439236351.04,4571660420.31,34415676.79,494515083.0,29168261.41,39573881.0,,43600114.28
2026-09-01,183378837337.8,73608956780.72,4576901589.15,34415676.79,494515083.0,29168261.41,39351542.71,,43600114.28
2026-09-02,183379537337.45,73746182789.22,4564026217.21,34415676.79,494515083.0,29168261.41,39309211.86,,43600114.28
2026-09-03,183384335764.32,74436224963.65,4581121969.76,34415676.79,494515083.0,29168261.41,39484425.03,,43600114.28
2026-09-04,183380584914.27,74577191043.76,4596959952.45,34415676.79,494515083.0,29168261.41,39285184.62,,43600114.28
2026-09-05,183392383062.09,74644773738.41,4594460281.58,34415676.79,494515083.0,29168261.41,39285184.62,,43600114.28
2026-09-06,183392383062.09,74553085593.28,4602438470.36,34415676.79,494515083.0,29168261.41,39285184.62,,43600114.28
2026-09-07,183410739312.74,74402559413.7,4605494946.98,34415676.79,494515083.0,29168261.41,39285184.62,,43600114.28
2026-09-08,183438580383.21,74508527666.96,4585268913.93,34415676.79,494515083.0,29168261.41,39262410.01,,43600114.28
2026-09-09,183460843383.6,74397108426.88,4605654352.78,34415676.79,494515083.0,29168261.41,39271895.43,,43600114.28
2026-09-10,183460843383.6,74183152181.82,4584145781.29,34415676.79,494515083.0,29168261.41,39214862.16,,43600114.28
2026-09-11,183460843383.6,74390335153.31,4599777928.42,34415676.79,494515083.0,28084308.41,39147236.75,,43600114.28
2026-09-12,183517171052.19,74301407133.51,4591134907.54,34415676.79,494515083.0,28084308.41,39450505.24,,43600114.28
2026-09-13,183430992297.9,74245259416.29,4594736516.95,34415676.79,494515083.0,28084308.41,39450505.24,,43600114.28
2026-09-14,183431197333.88,74310792837.41,4571255828.8,34415676.79,494515083.0,28084308.41,39098857.53,,43600114.28
2026-09-15,183442587855.58,73762974787.16,4569082328.71,34415676.79,494515083.0,28084308.41,39243862.91,,43600114.28
2026-09-16,183442587855.58,73703790813.38,4580203547.11,34415676.79,494515083.0,28084308.41,39031785.58,,43600114.28
2026-09-17,183442587855.58,73899119815.59,4572221893.05,34415676.79,494515083.0,28084308.41,38931526.89,,43600114.28
2026-09-18,183384649794.43,74344171573.19,4598641837.55,34415676.79,494515083.0,28084308.41,39046207.35,,43600114.28
2026-09-19,183384649789.28,74249870399.48,4593182997.97,34415676.79,494515083.0,28084308.41,39099791.74,,43600114.28
2026-09-20,183384649781.69,74276740068.36,4596181356.96,34415676.79,494515083.0,28084308.41,39256985.29,,43600114.28
2026-09-21,183384649781.69,74748237751.3,4599903636.81,34415676.79,494515083.0,28084308.41,39347864.03,,43600114.28
2026-09-22,183470116796.0,75305487461.51,4608570721.77,34415676.79,494515083.0,28084308.41,39411018.39,,43600114.28
