time,usdt,usdt_eth,usdt_omni,usdt_trx,usdc,dai,busd,tusd,pax
2014-10-06,100.0,,100.0,,,,,,
2014-10-07,100.0,,100.0,,,,,,
2014-10-08,100.0,,100.0,,,,,,
2014-10-09,100.0,,100.0,,,,,,
2014-10-10,100.0,,100.0,,,,,,
2014-10-11,100.0,,100.0,,,,,,
2014-10-12,100.0,,100.0,,,,,,
2014-10-13,100.0,,100.0,,,,,,
2014-10-14,100.0,,100.0,,,,,,
2014-10-15,100.0,,100.0,,,,,,
2014-10-16,100.0,,100.0,,,,,,
2014-10-17,100.0,,100.0,,,,,,
2014-10-18,100.0,,100.0,,,,,,
2014-10-19,100.0,,100.0,,,,,,
2014-10-20,100.0,,100.0,,,,,,
2014-10-21,100.0,,100.0,,,,,,
2014-10-22,100.0,,100.0,,,,,,
2014-10-23,100.0,,100.0,,,,,,
2014-10-24,100.0,,100.0,,,,,,
2014-10-25,100.0,,100.0,,,,,,
2014-10-26,100.0,,100.0,,,,,,
2014-10-27,100.0,,100.0,,,,,,
2014-10-28,100.0,,100.0,,,,,,
2014-10-29,100.0,,100.0,,,,,,
2014-10-30,100.0,,100.0,,,,,,
2014-10-31,100.0,,100.0,,,,,,
2014-11-01,100.0,,100.0,,,,,,
2014-11-02,100.0,,100.0,,,,,,
2014-11-03,100.0,,100.0,,,,,,
2014-11-04,100.0,,100.0,,,,,,
2014-11-05,100.0,,100.0,,,,,,
2014-11-06,100.0,,100.0,,,,,,
2014-11-07,100.0,,100.0,,,,,,
2014-11-08,100.0,,100.0,,,,,,
2014-11-09,100.0,,100.0,,,,,,
2014-11-10,100.0,,100.0,,,,,,
2014-11-11,100.0,,100.0,,,,,,
2014-11-12,100.0,,100.0,,,,,,
2014-11-13,100.0,,100.0,,,,,,
2014-11-14,100.0,,100.0,,,,,,
2014-11-15,100.0,,100.0,,,,,,
2014-11-16,100.0,,100.0,,,,,,
2014-11-17,100.0,,100.0,,,,,,
2014-11-18,100.0,,100.0,,,,,,
2014-11-19,100.0,,100.0,,,,,,
2014-11-20,100.0,,100.0,,,,,,
2014-11-21,100.0,,100.0,,,,,,
2014-11-22,100.0,,100.0,,,,,,
2014-11-23,100.0,,100.0,,,,,,
2014-11-24,100.0,,100.0,,,,,,
2014-11-25,100.0,,100.0,,,,,,
2014-11-26,100.0,,100.0,,,,,,
2014-11-27,100.0,,100.0,,,,,,
2014-11-28,100.0,,100.0,,,,,,
2014-11-29,100.0,,100.0,,,,,,
2014-11-30,100.0,,100.0,,,,,,
2014-12-01,100.0,,100.0,,,,,,
2014-12-02,100.0,,100.0,,,,,,
2014-12-03,100.0,,100.0,,,,,,
2014-12-04,100.0,,100.0,,,,,,
2014-12-05,100.0,,100.0,,,,,,
2014-12-06,100.0,,100.0,,,,,,
2014-12-07,100.0,,100.0,,,,,,
2014-12-08,100.0,,100.0,,,,,,
2014-12-09,100.0,,100.0,,,,,,
2014-12-10,100.0,,100.0,,,,,,
2014-12-11,100.0,,100.0,,,,,,
2014-12-12,100.0,,100.0,,,,,,
2014-12-13,100.0,,100.0,,,,,,
2014-12-14,100.0,,100.0,,,,,,
2014-12-15,100.0,,100.0,,,,,,
2014-12-16,100.0,,100.0,,,,,,
2014-12-17,100.0,,100.0,,,,,,
2014-12-18,100.0,,100.0,,,,,,
2014-12-19,100.0,,100.0,,,,,,
2014-12-20,100.0,,100.0,,,,,,
2014-12-21,100.0,,100.0,,,,,,
2014-12-22,100.0,,100.0,,,,,,
2014-12-23,100.0,,100.0,,,,,,
2014-12-24,100.0,,100.0,,,,,,
2014-12-25,100.0,,100.0,,,,,,
2014-12-26,100.0,,100.0,,,,,,
2014-12-27,100.0,,100.0,,,,,,
2014-12-28,100.0,,100.0,,,,,,
2014-12-29,100.0,,100.0,,,,,,
2014-12-30,100.0,,100.0,,,,,,
2014-12-31,100.0,,100.0,,,,,,
2015-01-01,100.0,,100.0,,,,,,
2015-01-02,100.0,,100.0,,,,,,
2015-01-03,100.0,,100.0,,,,,,
2015-01-04,100.0,,100.0,,,,,,
2015-01-05,100.0,,100.0,,,,,,
2015-01-06,100.0,,100.0,,,,,,
2015-01-07,1600.0,,1600.0,,,,,,
2015-01-08,1600.0,,1600.0,,,,,,
2015-01-09,251600.0,,251600.0,,,,,,
2015-01-10,251600.0,,251600.0,,,,,,
2015-01-11,251600.0,,251600.0,,,,,,
2015-01-12,251600.0,,251600.0,,,,,,
2015-01-13,251600.0,,251600.0,,,,,,
2015-01-14,251600.0,,251600.0,,,,,,
2015-01-15,251600.0,,251600.0,,,,,,
2015-01-16,251600.0,,251600.0,,,,,,
2015-01-17,251600.0,,251600.0,,,,,,
2015-01-18,251600.0,,251600.0,,,,,,
2015-01-19,251600.0,,251600.0,,,,,,
2015-01-20,251600.0,,251600.0,,,,,,
2015-01-21,251600.0,,251600.0,,,,,,
2015-01-22,251600.0,,251600.0,,,,,,
2015-01-23,251600.0,,251600.0,,,,,,
2015-01-24,251600.0,,251600.0,,,,,,
2015-01-25,251600.0,,251600.0,,,,,,
2015-01-26,251600.0,,251600.0,,,,,,
2015-01-27,251600.0,,251600.0,,,,,,
2015-01-28,251600.0,,251600.0,,,,,,
2015-01-29,251600.0,,251600.0,,,,,,
2015-01-30,251600.0,,251600.0,,,,,,
2015-01-31,251600.0,,251600.0,,,,,,
2015-02-01,251600.0,,251600.0,,,,,,
2015-02-02,251600.0,,251600.0,,,,,,
2015-02-03,251600.0,,251600.0,,,,,,
2015-02-04,251600.0,,251600.0,,,,,,
2015-02-05,251600.0,,251600.0,,,,,,
2015-02-06,251600.0,,251600.0,,,,,,
2015-02-07,251600.0,,251600.0,,,,,,
2015-02-08,251600.0,,251600.0,,,,,,
2015-02-09,251600.0,,251600.0,,,,,,
2015-02-10,251600.0,,251600.0,,,,,,
2015-02-11,251600.0,,251600.0,,,,,,
2015-02-12,251600.0,,251600.0,,,,,,
2015-02-13,251600.0,,251600.0,,,,,,
2015-02-14,251600.0,,251600.0,,,,,,
2015-02-15,251600.0,,251600.0,,,,,,
2015-02-16,251600.0,,251600.0,,,,,,
2015-02-17,251600.0,,251600.0,,,,,,
2015-02-18,251600.0,,251600.0,,,,,,
2015-02-19,251600.0,,251600.0,,,,,,
2015-02-20,251600.0,,251600.0,,,,,,
2015-02-21,251600.0,,251600.0,,,,,,
2015-02-22,251600.0,,251600.0,,,,,,
2015-02-23,251600.0,,251600.0,,,,,,
2015-02-24,251600.0,,251600.0,,,,,,
2015-02-25,251600.0,,251600.0,,,,,,
2015-02-26,251600.0,,251600.0,,,,,,
2015-02-27,251600.0,,251600.0,,,,,,
2015-02-28,251600.0,,251600.0,,,,,,
2015-03-01,251600.0,,251600.0,,,,,,
2015-03-02,251600.0,,251600.0,,,,,,
2015-03-03,251600.0,,251600.0,,,,,,
2015-03-04,251600.0,,251600.0,,,,,,
2015-03-05,251600.0,,251600.0,,,,,,
2015-03-06,251600.0,,251600.0,,,,,,
2015-03-07,251600.0,,251600.0,,,,,,
2015-03-08,251600.0,,251600.0,,,,,,
2015-03-09,251600.0,,251600.0,,,,,,
2015-03-10,251600.0,,251600.0,,,,,,
2015-03-11,251600.0,,251600.0,,,,,,
2015-03-12,251600.0,,251600.0,,,,,,
2015-03-13,251600.0,,251600.0,,,,,,
2015-03-14,251600.0,,251600.0,,,,,,
2015-03-15,251600.0,,251600.0,,,,,,
2015-03-16,251600.0,,251600.0,,,,,,
2015-03-17,251600.0,,251600.0,,,,,,
2015-03-18,251600.0,,251600.0,,,,,,
2015-03-19,251600.0,,251600.0,,,,,,
2015-03-20,251600.0,,251600.0,,,,,,
2015-03-21,251600.0,,251600.0,,,,,,
2015-03-22,251600.0,,251600.0,,,,,,
2015-03-23,251600.0,,251600.0,,,,,,
2015-03-24,251600.0,,251600.0,,,,,,
2015-03-25,251600.0,,251600.0,,,,,,
2015-03-26,251600.0,,251600.0,,,,,,
2015-03-27,251600.0,,251600.0,,,,,,
2015-03-28,251600.0,,251600.0,,,,,,
2015-03-29,251600.0,,251600.0,,,,,,
2015-03-30,251600.0,,251600.0,,,,,,
2015-03-31,251600.0,,251600.0,,,,,,
2015-04-01,251600.0,,251600.0,,,,,,
2015-04-02,251600.0,,251600.0,,,,,,
2015-04-03,251600.0,,251600.0,,,,,,
2015-04-04,251600.0,,251600.0,,,,,,
2015-04-05,251600.0,,251600.0,,,,,,
2015-04-06,251600.0,,251600.0,,,,,,
2015-04-07,251600.0,,251600.0,,,,,,
2015-04-08,251600.0,,251600.0,,,,,,
2015-04-09,251600.0,,251600.0,,,,,,
2015-04-10,251600.0,,251600.0,,,,,,
2015-04-11,251600.0,,251600.0,,,,,,
2015-04-12,251600.0,,251600.0,,,,,,
2015-04-13,251600.0,,251600.0,,,,,,
2015-04-14,251600.0,,251600.0,,,,,,
2015-04-15,251600.0,,251600.0,,,,,,
2015-04-16,251600.0,,251600.0,,,,,,
2015-04-17,251600.0,,251600.0,,,,,,
2015-04-18,251600.0,,251600.0,,,,,,
2015-04-19,251600.0,,251600.0,,,,,,
2015-04-20,251600.0,,251600.0,,,,,,
2015-04-21,251600.0,,251600.0,,,,,,
2015-04-22,251600.0,,251600.0,,,,,,
2015-04-23,251600.0,,251600.0,,,,,,
2015-04-24,251600.0,,251600.0,,,,,,
2015-04-25,251600.0,,251600.0,,,,,,
2015-04-26,251600.0,,251600.0,,,,,,
2015-04-27,251600.0,,251600.0,,,,,,
2015-04-28,251600.0,,251600.0,,,,,,
2015-04-29,251600.0,,251600.0,,,,,,
2015-04-30,251600.0,,251600.0,,,,,,
2015-05-01,251600.0,,251600.0,,,,,,
2015-05-02,251600.0,,251600.0,,,,,,
2015-05-03,251600.0,,251600.0,,,,,,
2015-05-04,251600.0,,251600.0,,,,,,
2015-05-05,251600.0,,251600.0,,,,,,
2015-05-06,251600.0,,251600.0,,,,,,
2015-05-07,251600.0,,251600.0,,,,,,
2015-05-08,251600.0,,251600.0,,,,,,
2015-05-09,251600.0,,251600.0,,,,,,
2015-05-10,251600.0,,251600.0,,,,,,
2015-05-11,251600.0,,251600.0,,,,,,
2015-05-12,251600.0,,251600.0,,,,,,
2015-05-13,251600.0,,251600.0,,,,,,
2015-05-14,251600.0,,251600.0,,,,,,
2015-05-15,251600.0,,251600.0,,,,,,
2015-05-16,251600.0,,251600.0,,,,,,
2015-05-17,251600.0,,251600.0,,,,,,
2015-05-18,451600.0,,451600.0,,,,,,
2015-05-19,451600.0,,451600.0,,,,,,
2015-05-20,451600.0,,451600.0,,,,,,
2015-05-21,451600.0,,451600.0,,,,,,
2015-05-22,451600.0,,451600.0,,,,,,
2015-05-23,451600.0,,451600.0,,,,,,
2015-05-24,451600.0,,451600.0,,,,,,
2015-05-25,451600.0,,451600.0,,,,,,
2015-05-26,451600.0,,451600.0,,,,,,
2015-05-27,451600.0,,451600.0,,,,,,
2015-05-28,451600.0,,451600.0,,,,,,
2015-05-29,451600.0,,451600.0,,,,,,
2015-05-30,451600.0,,451600.0,,,,,,
2015-05-31,451600.0,,451600.0,,,,,,
2015-06-01,451600.0,,451600.0,,,,,,
2015-06-02,451600.0,,451600.0,,,,,,
2015-06-03,451600.0,,451600.0,,,,,,
2015-06-04,451600.0,,451600.0,,,,,,
2015-06-05,451600.0,,451600.0,,,,,,
2015-06-06,451600.0,,451600.0,,,,,,
2015-06-07,451600.0,,451600.0,,,,,,
2015-06-08,451600.0,,451600.0,,,,,,
2015-06-09,451600.0,,451600.0,,,,,,
2015-06-10,451600.0,,451600.0,,,,,,
2015-06-11,451600.0,,451600.0,,,,,,
2015-06-12,451600.0,,451600.0,,,,,,
2015-06-13,451600.0,,451600.0,,,,,,
2015-06-14,451600.0,,451600.0,,,,,,
2015-06-15,451600.0,,451600.0,,,,,,
2015-06-16,451600.0,,451600.0,,,,,,
2015-06-17,451600.0,,451600.0,,,,,,
2015-06-18,451600.0,,451600.0,,,,,,
2015-06-19,451600.0,,451600.0,,,,,,
2015-06-20,451600.0,,451600.0,,,,,,
2015-06-21,451600.0,,451600.0,,,,,,
2015-06-22,451600.0,,451600.0,,,,,,
2015-06-23,451600.0,,451600.0,,,,,,
2015-06-24,451600.0,,451600.0,,,,,,
2015-06-25,451600.0,,451600.0,,,,,,
2015-06-26,451600.0,,451600.0,,,,,,
2015-06-27,451600.0,,451600.0,,,,,,
2015-06-28,451600.0,,451600.0,,,,,,
2015-06-29,451600.0,,451600.0,,,,,,
2015-06-30,451600.0,,451600.0,,,,,,
2015-07-01,451600.0,,451600.0,,,,,,
2015-07-02,451600.0,,451600.0,,,,,,
2015-07-03,451600.0,,451600.0,,,,,,
2015-07-04,451600.0,,451600.0,,,,,,
2015-07-05,451600.0,,451600.0,,,,,,
2015-07-06,451600.0,,451600.0,,,,,,
2015-07-07,451600.0,,451600.0,,,,,,
2015-07-08,451600.0,,451600.0,,,,,,
2015-07-09,451600.0,,451600.0,,,,,,
2015-07-10,451600.0,,451600.0,,,,,,
2015-07-11,451600.0,,451600.0,,,,,,
2015-07-12,451600.0,,451600.0,,,,,,
2015-07-13,451600.0,,451600.0,,,,,,
2015-07-14,451600.0,,451600.0,,,,,,
2015-07-15,451600.0,,451600.0,,,,,,
2015-07-16,451600.0,,451600.0,,,,,,
2015-07-17,451600.0,,451600.0,,,,,,
2015-07-18,451600.0,,451600.0,,,,,,
2015-07-19,451600.0,,451600.0,,,,,,
2015-07-20,451600.0,,451600.0,,,,,,
2015-07-21,451600.0,,451600.0,,,,,,
2015-07-22,451600.0,,451600.0,,,,,,
2015-07-23,451600.0,,451600.0,,,,,,
2015-07-24,451600.0,,451600.0,,,,,,
2015-07-25,451600.0,,451600.0,,,,,,
2015-07-26,451600.0,,451600.0,,,,,,
2015-07-27,451600.0,,451600.0,,,,,,
2015-07-28,451600.0,,451600.0,,,,,,
2015-07-29,451600.0,,451600.0,,,,,,
2015-07-30,451600.0,,451600.0,,,,,,
2015-07-31,451600.0,,451600.0,,,,,,
2015-08-01,451600.0,,451600.0,,,,,,
2015-08-02,451600.0,,451600.0,,,,,,
2015-08-03,451600.0,,451600.0,,,,,,
2015-08-04,451600.0,,451600.0,,,,,,
2015-08-05,451600.0,,451600.0,,,,,,
2015-08-06,451600.0,,451600.0,,,,,,
2015-08-07,451600.0,,451600.0,,,,,,
2015-08-08,451600.0,,451600.0,,,,,,
2015-08-09,451600.0,,451600.0,,,,,,
2015-08-10,451600.0,,451600.0,,,,,,
2015-08-11,451600.0,,451600.0,,,,,,
2015-08-12,451600.0,,451600.0,,,,,,
2015-08-13,451600.0,,451600.0,,,,,,
2015-08-14,451600.0,,451600.0,,,,,,
2015-08-15,451600.0,,451600.0,,,,,,
2015-08-16,451600.0,,451600.0,,,,,,
2015-08-17,451600.0,,451600.0,,,,,,
2015-08-18,451600.0,,451600.0,,,,,,
2015-08-19,451600.0,,451600.0,,,,,,
2015-08-20,451600.0,,451600.0,,,,,,
2015-08-21,451600.0,,451600.0,,,,,,
2015-08-22,451600.0,,451600.0,,,,,,
2015-08-23,451600.0,,451600.0,,,,,,
2015-08-24,451600.0,,451600.0,,,,,,
2015-08-25,451600.0,,451600.0,,,,,,
2015-08-26,451600.0,,451600.0,,,,,,
2015-08-27,451600.0,,451600.0,,,,,,
2015-08-28,451600.0,,451600.0,,,,,,
2015-08-29,451600.0,,451600.0,,,,,,
2015-08-30,451600.0,,451600.0,,,,,,
2015-08-31,451600.0,,451600.0,,,,,,
2015-09-01,451600.0,,451600.0,,,,,,
2015-09-02,451600.0,,451600.0,,,,,,
2015-09-03,451600.0,,451600.0,,,,,,
2015-09-04,451600.0,,451600.0,,,,,,
2015-09-05,451600.0,,451600.0,,,,,,
2015-09-06,451600.0,,451600.0,,,,,,
2015-09-07,451600.0,,451600.0,,,,,,
2015-09-08,451600.0,,451600.0,,,,,,
2015-09-09,451600.0,,451600.0,,,,,,
2015-09-10,451600.0,,451600.0,,,,,,
2015-09-11,451600.0,,451600.0,,,,,,
2015-09-12,451600.0,,451600.0,,,,,,
2015-09-13,451600.0,,451600.0,,,,,,
2015-09-14,451600.0,,451600.0,,,,,,
2015-09-15,451600.0,,451600.0,,,,,,
2015-09-16,451600.0,,451600.0,,,,,,
2015-09-17,451600.0,,451600.0,,,,,,
2015-09-18,451600.0,,451600.0,,,,,,
2015-09-19,451600.0,,451600.0,,,,,,
2015-09-20,451600.0,,451600.0,,,,,,
2015-09-21,451600.0,,451600.0,,,,,,
2015-09-22,451600.0,,451600.0,,,,,,
2015-09-23,451600.0,,451600.0,,,,,,
2015-09-24,451600.0,,451600.0,,,,,,
2015-09-25,451600.0,,451600.0,,,,,,
2015-09-26,451600.0,,451600.0,,,,,,
2015-09-27,451600.0,,451600.0,,,,,,
2015-09-28,451600.0,,451600.0,,,,,,
2015-09-29,451600.0,,451600.0,,,,,,
2015-09-30,451600.0,,451600.0,,,,,,
2015-10-01,451600.0,,451600.0,,,,,,
2015-10-02,451600.0,,451600.0,,,,,,
2015-10-03,451600.0,,451600.0,,,,,,
2015-10-04,451600.0,,451600.0,,,,,,
2015-10-05,451600.0,,451600.0,,,,,,
2015-10-06,451600.0,,451600.0,,,,,,
2015-10-07,451600.0,,451600.0,,,,,,
2015-10-08,451600.0,,451600.0,,,,,,
2015-10-09,451600.0,,451600.0,,,,,,
2015-10-10,451600.0,,451600.0,,,,,,
2015-10-11,451600.0,,451600.0,,,,,,
2015-10-12,451600.0,,451600.0,,,,,,
2015-10-13,451600.0,,451600.0,,,,,,
2015-10-14,451600.0,,451600.0,,,,,,
2015-10-15,451600.0,,451600.0,,,,,,
2015-10-16,451600.0,,451600.0,,,,,,
2015-10-17,451600.0,,451600.0,,,,,,
2015-10-18,451600.0,,451600.0,,,,,,
2015-10-19,451600.0,,451600.0,,,,,,
2015-10-20,451600.0,,451600.0,,,,,,
2015-10-21,451600.0,,451600.0,,,,,,
2015-10-22,451600.0,,451600.0,,,,,,
2015-10-23,451600.0,,451600.0,,,,,,
2015-10-24,451600.0,,451600.0,,,,,,
2015-10-25,451600.0,,451600.0,,,,,,
2015-10-26,451600.0,,451600.0,,,,,,
2015-10-27,451600.0,,451600.0,,,,,,
2015-10-28,451600.0,,451600.0,,,,,,
2015-10-29,451600.0,,451600.0,,,,,,
2015-10-30,451600.0,,451600.0,,,,,,
2015-10-31,451600.0,,451600.0,,,,,,
2015-11-01,451600.0,,451600.0,,,,,,
2015-11-02,451600.0,,451600.0,,,,,,
2015-11-03,451600.0,,451600.0,,,,,,
2015-11-04,451600.0,,451600.0,,,,,,
2015-11-05,451600.0,,451600.0,,,,,,
2015-11-06,451600.0,,451600.0,,,,,,
2015-11-07,451600.0,,451600.0,,,,,,
2015-11-08,451600.0,,451600.0,,,,,,
2015-11-09,451600.0,,451600.0,,,,,,
2015-11-10,451600.0,,451600.0,,,,,,
2015-11-11,451600.0,,451600.0,,,,,,
2015-11-12,451600.0,,451600.0,,,,,,
2015-11-13,451600.0,,451600.0,,,,,,
2015-11-14,451600.0,,451600.0,,,,,,
2015-11-15,451600.0,,451600.0,,,,,,
2015-11-16,451600.0,,451600.0,,,,,,
2015-11-17,451600.0,,451600.0,,,,,,
2015-11-18,451600.0,,451600.0,,,,,,
2015-11-19,451600.0,,451600.0,,,,,,
2015-11-20,451600.0,,451600.0,,,,,,
2015-11-21,451600.0,,451600.0,,,,,,
2015-11-22,451600.0,,451600.0,,,,,,
2015-11-23,451600.0,,451600.0,,,,,,
2015-11-24,451600.0,,451600.0,,,,,,
2015-11-25,451600.0,,451600.0,,,,,,
2015-11-26,451600.0,,451600.0,,,,,,
2015-11-27,451600.0,,451600.0,,,,,,
2015-11-28,451600.0,,451600.0,,,,,,
2015-11-29,451600.0,,451600.0,,,,,,
2015-11-30,451600.0,,451600.0,,,,,,
2015-12-01,951600.0,,951600.0,,,,,,
2015-12-02,951600.0,,951600.0,,,,,,
2015-12-03,951600.0,,951600.0,,,,,,
2015-12-04,951600.0,,951600.0,,,,,,
2015-12-05,951600.0,,951600.0,,,,,,
2015-12-06,951600.0,,951600.0,,,,,,
2015-12-07,951600.0,,951600.0,,,,,,
2015-12-08,951600.0,,951600.0,,,,,,
2015-12-09,951600.0,,951600.0,,,,,,
2015-12-10,951600.0,,951600.0,,,,,,
2015-12-11,951600.0,,951600.0,,,,,,
2015-12-12,951600.0,,951600.0,,,,,,
2015-12-13,951600.0,,951600.0,,,,,,
2015-12-14,951600.0,,951600.0,,,,,,
2015-12-15,951600.0,,951600.0,,,,,,
2015-12-16,951600.0,,951600.0,,,,,,
2015-12-17,951600.0,,951600.0,,,,,,
2015-12-18,951600.0,,951600.0,,,,,,
2015-12-19,951600.0,,951600.0,,,,,,
2015-12-20,951600.0,,951600.0,,,,,,
2015-12-21,951600.0,,951600.0,,,,,,
2015-12-22,951600.0,,951600.0,,,,,,
2015-12-23,951600.0,,951600.0,,,,,,
2015-12-24,951600.0,,951600.0,,,,,,
2015-12-25,951600.0,,951600.0,,,,,,
2015-12-26,951600.0,,951600.0,,,,,,
2015-12-27,951600.0,,951600.0,,,,,,
2015-12-28,951600.0,,951600.0,,,,,,
2015-12-29,951600.0,,951600.0,,,,,,
2015-12-30,951600.0,,951600.0,,,,,,
2015-12-31,951600.0,,951600.0,,,,,,
2016-01-01,951600.0,,951600.0,,,,,,
2016-01-02,951600.0,,951600.0,,,,,,
2016-01-03,951600.0,,951600.0,,,,,,
2016-01-04,951600.0,,951600.0,,,,,,
2016-01-05,951600.0,,951600.0,,,,,,
2016-01-06,1451600.0,,1451600.0,,,,,,
2016-01-07,1451600.0,,1451600.0,,,,,,
2016-01-08,1451600.0,,1451600.0,,,,,,
2016-01-09,1451600.0,,1451600.0,,,,,,
2016-01-10,1451600.0,,1451600.0,,,,,,
2016-01-11,1451600.0,,1451600.0,,,,,,
2016-01-12,1451600.0,,1451600.0,,,,,,
2016-01-13,1451600.0,,1451600.0,,,,,,
2016-01-14,1451600.0,,1451600.0,,,,,,
2016-01-15,1451600.0,,1451600.0,,,,,,
2016-01-16,1451600.0,,1451600.0,,,,,,
2016-01-17,1451600.0,,1451600.0,,,,,,
2016-01-18,1451600.0,,1451600.0,,,,,,
2016-01-19,1451600.0,,1451600.0,,,,,,
2016-01-20,1451600.0,,1451600.0,,,,,,
2016-01-21,1451600.0,,1451600.0,,,,,,
2016-01-22,1451600.0,,1451600.0,,,,,,
2016-01-23,1451600.0,,1451600.0,,,,,,
2016-01-24,1451600.0,,1451600.0,,,,,,
2016-01-25,1451600.0,,1451600.0,,,,,,
2016-01-26,1451600.0,,1451600.0,,,,,,
2016-01-27,1451600.0,,1451600.0,,,,,,
2016-01-28,1451600.0,,1451600.0,,,,,,
2016-01-29,1451600.0,,1451600.0,,,,,,
2016-01-30,1451600.0,,1451600.0,,,,,,
2016-01-31,1451600.0,,1451600.0,,,,,,
2016-02-01,1451600.0,,1451600.0,,,,,,
2016-02-02,1451600.0,,1451600.0,,,,,,
2016-02-03,1451600.0,,1451600.0,,,,,,
2016-02-04,1451600.0,,1451600.0,,,,,,
2016-02-05,1451600.0,,1451600.0,,,,,,
2016-02-06,1451600.0,,1451600.0,,,,,,
2016-02-07,1451600.0,,1451600.0,,,,,,
2016-02-08,1451600.0,,1451600.0,,,,,,
2016-02-09,1451600.0,,1451600.0,,,,,,
2016-02-10,1451600.0,,1451600.0,,,,,,
2016-02-11,1451600.0,,1451600.0,,,,,,
2016-02-12,1451600.0,,1451600.0,,,,,,
2016-02-13,1451600.0,,1451600.0,,,,,,
2016-02-14,1451600.0,,1451600.0,,,,,,
2016-02-15,1451600.0,,1451600.0,,,,,,
2016-02-16,1451600.0,,1451600.0,,,,,,
2016-02-17,1451600.0,,1451600.0,,,,,,
2016-02-18,1451600.0,,1451600.0,,,,,,
2016-02-19,1451600.0,,1451600.0,,,,,,
2016-02-20,1451600.0,,1451600.0,,,,,,
2016-02-21,1451600.0,,1451600.0,,,,,,
2016-02-22,1451600.0,,1451600.0,,,,,,
2016-02-23,1451600.0,,1451600.0,,,,,,
2016-02-24,1451600.0,,1451600.0,,,,,,
2016-02-25,1451600.0,,1451600.0,,,,,,
2016-02-26,1451600.0,,1451600.0,,,,,,
2016-02-27,1451600.0,,1451600.0,,,,,,
2016-02-28,1451600.0,,1451600.0,,,,,,
2016-02-29,1451600.0,,1451600.0,,,,,,
2016-03-01,1451600.0,,1451600.0,,,,,,
2016-03-02,1451600.0,,1451600.0,,,,,,
2016-03-03,1451600.0,,1451600.0,,,,,,
2016-03-04,1451600.0,,1451600.0,,,,,,
2016-03-05,1451600.0,,1451600.0,,,,,,
2016-03-06,1451600.0,,1451600.0,,,,,,
2016-03-07,1451600.0,,1451600.0,,,,,,
2016-03-08,1451600.0,,1451600.0,,,,,,
2016-03-09,1451600.0,,1451600.0,,,,,,
2016-03-10,1451600.0,,1451600.0,,,,,,
2016-03-11,1451600.0,,1451600.0,,,,,,
2016-03-12,1451600.0,,1451600.0,,,,,,
2016-03-13,1451600.0,,1451600.0,,,,,,
2016-03-14,1451600.0,,1451600.0,,,,,,
2016-03-15,1451600.0,,1451600.0,,,,,,
2016-03-16,1451600.0,,1451600.0,,,,,,
2016-03-17,1451600.0,,1451600.0,,,,,,
2016-03-18,1451600.0,,1451600.0,,,,,,
2016-03-19,1451600.0,,1451600.0,,,,,,
2016-03-20,1451600.0,,1451600.0,,,,,,
2016-03-21,1451600.0,,1451600.0,,,,,,
2016-03-22,1451600.0,,1451600.0,,,,,,
2016-03-23,1451600.0,,1451600.0,,,,,,
2016-03-24,1451600.0,,1451600.0,,,,,,
2016-03-25,1451600.0,,1451600.0,,,,,,
2016-03-26,1451600.0,,1451600.0,,,,,,
2016-03-27,1451600.0,,1451600.0,,,,,,
2016-03-28,1451600.0,,1451600.0,,,,,,
2016-03-29,1451600.0,,1451600.0,,,,,,
2016-03-30,1451600.0,,1451600.0,,,,,,
2016-03-31,1451600.0,,1451600.0,,,,,,
2016-04-01,1451600.0,,1451600.0,,,,,,
2016-04-02,1451600.0,,1451600.0,,,,,,
2016-04-03,1451600.0,,1451600.0,,,,,,
2016-04-04,1451600.0,,1451600.0,,,,,,
2016-04-05,1451600.0,,1451600.0,,,,,,
2016-04-06,1451600.0,,1451600.0,,,,,,
2016-04-07,1451600.0,,1451600.0,,,,,,
2016-04-08,1451600.0,,1451600.0,,,,,,
2016-04-09,1451600.0,,1451600.0,,,,,,
2016-04-10,1451600.0,,1451600.0,,,,,,
2016-04-11,1451600.0,,1451600.0,,,,,,
2016-04-12,1451600.0,,1451600.0,,,,,,
2016-04-13,1451600.0,,1451600.0,,,,,,
2016-04-14,1451600.0,,1451600.0,,,,,,
2016-04-15,1451600.0,,1451600.0,,,,,,
2016-04-16,1451600.0,,1451600.0,,,,,,
2016-04-17,1451600.0,,1451600.0,,,,,,
2016-04-18,1451600.0,,1451600.0,,,,,,
2016-04-19,1451600.0,,1451600.0,,,,,,
2016-04-20,1451600.0,,1451600.0,,,,,,
2016-04-21,1451600.0,,1451600.0,,,,,,
2016-04-22,1451600.0,,1451600.0,,,,,,
2016-04-23,1451600.0,,1451600.0,,,,,,
2016-04-24,1451600.0,,1451600.0,,,,,,
2016-04-25,1451600.0,,1451600.0,,,,,,
2016-04-26,1451600.0,,1451600.0,,,,,,
2016-04-27,1451600.0,,1451600.0,,,,,,
2016-04-28,1951600.0,,1951600.0,,,,,,
2016-04-29,1951600.0,,1951600.0,,,,,,
2016-04-30,1951600.0,,1951600.0,,,,,,
2016-05-01,1951600.0,,1951600.0,,,,,,
2016-05-02,1951600.0,,1951600.0,,,,,,
2016-05-03,1951600.0,,1951600.0,,,,,,
2016-05-04,1951600.0,,1951600.0,,,,,,
2016-05-05,1951600.0,,1951600.0,,,,,,
2016-05-06,1951600.0,,1951600.0,,,,,,
2016-05-07,1951600.0,,1951600.0,,,,,,
2016-05-08,1951600.0,,1951600.0,,,,,,
2016-05-09,1951600.0,,1951600.0,,,,,,
2016-05-10,1951600.0,,1951600.0,,,,,,
2016-05-11,1951600.0,,1951600.0,,,,,,
2016-05-12,1951600.0,,1951600.0,,,,,,
2016-05-13,1951600.0,,1951600.0,,,,,,
2016-05-14,1951600.0,,1951600.0,,,,,,
2016-05-15,1951600.0,,1951600.0,,,,,,
2016-05-16,1951600.0,,1951600.0,,,,,,
2016-05-17,1951600.0,,1951600.0,,,,,,
2016-05-18,1951600.0,,1951600.0,,,,,,
2016-05-19,1951600.0,,1951600.0,,,,,,
2016-05-20,1951600.0,,1951600.0,,,,,,
2016-05-21,1951600.0,,1951600.0,,,,,,
2016-05-22,1951600.0,,1951600.0,,,,,,
2016-05-23,1951600.0,,1951600.0,,,,,,
2016-05-24,1951600.0,,1951600.0,,,,,,
2016-05-25,1951600.0,,1951600.0,,,,,,
2016-05-26,1951600.0,,1951600.0,,,,,,
2016-05-27,1951600.0,,1951600.0,,,,,,
2016-05-28,1951600.0,,1951600.0,,,,,,
2016-05-29,1951600.0,,1951600.0,,,,,,
2016-05-30,1951600.0,,1951600.0,,,,,,
2016-05-31,1951600.0,,1951600.0,,,,,,
2016-06-01,2951600.0,,2951600.0,,,,,,
2016-06-02,2951600.0,,2951600.0,,,,,,
2016-06-03,2951600.0,,2951600.0,,,,,,
2016-06-04,2951600.0,,2951600.0,,,,,,
2016-06-05,2951600.0,,2951600.0,,,,,,
2016-06-06,2951600.0,,2951600.0,,,,,,
2016-06-07,2951600.0,,2951600.0,,,,,,
2016-06-08,2951600.0,,2951600.0,,,,,,
2016-06-09,2951600.0,,2951600.0,,,,,,
2016-06-10,2951600.0,,2951600.0,,,,,,
2016-06-11,2951600.0,,2951600.0,,,,,,
2016-06-12,2951600.0,,2951600.0,,,,,,
2016-06-13,2951600.0,,2951600.0,,,,,,
2016-06-14,5951600.0,,5951600.0,,,,,,
2016-06-15,5951600.0,,5951600.0,,,,,,
2016-06-16,5951600.0,,5951600.0,,,,,,
2016-06-17,5951600.0,,5951600.0,,,,,,
2016-06-18,5951600.0,,5951600.0,,,,,,
2016-06-19,5951600.0,,5951600.0,,,,,,
2016-06-20,5951600.0,,5951600.0,,,,,,
2016-06-21,5951600.0,,5951600.0,,,,,,
2016-06-22,5951600.0,,5951600.0,,,,,,
2016-06-23,5951600.0,,5951600.0,,,,,,
2016-06-24,5951600.0,,5951600.0,,,,,,
2016-06-25,5951600.0,,5951600.0,,,,,,
2016-06-26,5951600.0,,5951600.0,,,,,,
2016-06-27,5951600.0,,5951600.0,,,,,,
2016-06-28,5951600.0,,5951600.0,,,,,,
2016-06-29,5951600.0,,5951600.0,,,,,,
2016-06-30,5951600.0,,5951600.0,,,,,,
2016-07-01,5951600.0,,5951600.0,,,,,,
2016-07-02,5951600.0,,5951600.0,,,,,,
2016-07-03,5951600.0,,5951600.0,,,,,,
2016-07-04,5951600.0,,5951600.0,,,,,,
2016-07-05,5951600.0,,5951600.0,,,,,,
2016-07-06,5951600.0,,5951600.0,,,,,,
2016-07-07,5951600.0,,5951600.0,,,,,,
2016-07-08,5951600.0,,5951600.0,,,,,,
2016-07-09,5951600.0,,5951600.0,,,,,,
2016-07-10,5951600.0,,5951600.0,,,,,,
2016-07-11,5951600.0,,5951600.0,,,,,,
2016-07-12,6951600.0,,6951600.0,,,,,,
2016-07-13,6951600.0,,6951600.0,,,,,,
2016-07-14,6951600.0,,6951600.0,,,,,,
2016-07-15,6951600.0,,6951600.0,,,,,,
2016-07-16,6951600.0,,6951600.0,,,,,,
2016-07-17,6951600.0,,6951600.0,,,,,,
2016-07-18,6951600.0,,6951600.0,,,,,,
2016-07-19,6951600.0,,6951600.0,,,,,,
2016-07-20,6951600.0,,6951600.0,,,,,,
2016-07-21,6951600.0,,6951600.0,,,,,,
2016-07-22,6951600.0,,6951600.0,,,,,,
2016-07-23,6951600.0,,6951600.0,,,,,,
2016-07-24,6951600.0,,6951600.0,,,,,,
2016-07-25,6951600.0,,6951600.0,,,,,,
2016-07-26,6951600.0,,6951600.0,,,,,,
2016-07-27,6951600.0,,6951600.0,,,,,,
2016-07-28,6951600.0,,6951600.0,,,,,,
2016-07-29,6951600.0,,6951600.0,,,,,,
2016-07-30,6951600.0,,6951600.0,,,,,,
2016-07-31,6951600.0,,6951600.0,,,,,,
2016-08-01,6951600.0,,6951600.0,,,,,,
2016-08-02,6951600.0,,6951600.0,,,,,,
2016-08-03,6951600.0,,6951600.0,,,,,,
2016-08-04,6951600.0,,6951600.0,,,,,,
2016-08-05,6951600.0,,6951600.0,,,,,,
2016-08-06,6951600.0,,6951600.0,,,,,,
2016-08-07,6951600.0,,6951600.0,,,,,,
2016-08-08,6951600.0,,6951600.0,,,,,,
2016-08-09,6951600.0,,6951600.0,,,,,,
2016-08-10,6951600.0,,6951600.0,,,,,,
2016-08-11,6951600.0,,6951600.0,,,,,,
2016-08-12,6951600.0,,6951600.0,,,,,,
2016-08-13,6951600.0,,6951600.0,,,,,,
2016-08-14,6951600.0,,6951600.0,,,,,,
2016-08-15,6951600.0,,6951600.0,,,,,,
2016-08-16,6951600.0,,6951600.0,,,,,,
2016-08-17,6951600.0,,6951600.0,,,,,,
2016-08-18,6951600.0,,6951600.0,,,,,,
2016-08-19,6951600.0,,6951600.0,,,,,,
2016-08-20,6951600.0,,6951600.0,,,,,,
2016-08-21,6951600.0,,6951600.0,,,,,,
2016-08-22,6951600.0,,6951600.0,,,,,,
2016-08-23,6951600.0,,6951600.0,,,,,,
2016-08-24,6951600.0,,6951600.0,,,,,,
2016-08-25,6951600.0,,6951600.0,,,,,,
2016-08-26,6951600.0,,6951600.0,,,,,,
2016-08-27,6951600.0,,6951600.0,,,,,,
2016-08-28,6951600.0,,6951600.0,,,,,,
2016-08-29,6951600.0,,6951600.0,,,,,,
2016-08-30,6951600.0,,6951600.0,,,,,,
2016-08-31,6951600.0,,6951600.0,,,,,,
2016-09-01,6951600.0,,6951600.0,,,,,,
2016-09-02,6951600.0,,6951600.0,,,,,,
2016-09-03,6951600.0,,6951600.0,,,,,,
2016-09-04,6951600.0,,6951600.0,,,,,,
2016-09-05,6951600.0,,6951600.0,,,,,,
2016-09-06,6951600.0,,6951600.0,,,,,,
2016-09-07,6951600.0,,6951600.0,,,,,,
2016-09-08,6951600.0,,6951600.0,,,,,,
2016-09-09,6951600.0,,6951600.0,,,,,,
2016-09-10,6951600.0,,6951600.0,,,,,,
2016-09-11,6951600.0,,6951600.0,,,,,,
2016-09-12,6951600.0,,6951600.0,,,,,,
2016-09-13,6951600.0,,6951600.0,,,,,,
2016-09-14,6951600.0,,6951600.0,,,,,,
2016-09-15,6951600.0,,6951600.0,,,,,,
2016-09-16,6951600.0,,6951600.0,,,,,,
2016-09-17,6951600.0,,6951600.0,,,,,,
2016-09-18,6951600.0,,6951600.0,,,,,,
2016-09-19,6951600.0,,6951600.0,,,,,,
2016-09-20,6951600.0,,6951600.0,,,,,,
2016-09-21,6951600.0,,6951600.0,,,,,,
2016-09-22,6951600.0,,6951600.0,,,,,,
2016-09-23,6951600.0,,6951600.0,,,,,,
2016-09-24,6951600.0,,6951600.0,,,,,,
2016-09-25,6951600.0,,6951600.0,,,,,,
2016-09-26,6951600.0,,6951600.0,,,,,,
2016-09-27,6951600.0,,6951600.0,,,,,,
2016-09-28,6951600.0,,6951600.0,,,,,,
2016-09-29,6951600.0,,6951600.0,,,,,,
2016-09-30,6951600.0,,6951600.0,,,,,,
2016-10-01,6951600.0,,6951600.0,,,,,,
2016-10-02,6951600.0,,6951600.0,,,,,,
2016-10-03,6951600.0,,6951600.0,,,,,,
2016-10-04,6951600.0,,6951600.0,,,,,,
2016-10-05,6951600.0,,6951600.0,,,,,,
2016-10-06,6951600.0,,6951600.0,,,,,,
2016-10-07,6951600.0,,6951600.0,,,,,,
2016-10-08,6951600.0,,6951600.0,,,,,,
2016-10-09,6951600.0,,6951600.0,,,,,,
2016-10-10,6951600.0,,6951600.0,,,,,,
2016-10-11,6951600.0,,6951600.0,,,,,,
2016-10-12,6951600.0,,6951600.0,,,,,,
2016-10-13,6951600.0,,6951600.0,,,,,,
2016-10-14,6951600.0,,6951600.0,,,,,,
2016-10-15,6951600.0,,6951600.0,,,,,,
2016-10-16,6951600.0,,6951600.0,,,,,,
2016-10-17,6951600.0,,6951600.0,,,,,,
2016-10-18,6951600.0,,6951600.0,,,,,,
2016-10-19,6951600.0,,6951600.0,,,,,,
2016-10-20,6951600.0,,6951600.0,,,,,,
2016-10-21,6951600.0,,6951600.0,,,,,,
2016-10-22,6951600.0,,6951600.0,,,,,,
2016-10-23,6951600.0,,6951600.0,,,,,,
2016-10-24,6951600.0,,6951600.0,,,,,,
2016-10-25,6951600.0,,6951600.0,,,,,,
2016-10-26,6951600.0,,6951600.0,,,,,,
2016-10-27,6951600.0,,6951600.0,,,,,,
2016-10-28,6951600.0,,6951600.0,,,,,,
2016-10-29,6951600.0,,6951600.0,,,,,,
2016-10-30,6951600.0,,6951600.0,,,,,,
2016-10-31,6951600.0,,6951600.0,,,,,,
2016-11-01,6951600.0,,6951600.0,,,,,,
2016-11-02,6951600.0,,6951600.0,,,,,,
2016-11-03,6951600.0,,6951600.0,,,,,,
2016-11-04,6951600.0,,6951600.0,,,,,,
2016-11-05,6951600.0,,6951600.0,,,,,,
2016-11-06,6951600.0,,6951600.0,,,,,,
2016-11-07,6951600.0,,6951600.0,,,,,,
2016-11-08,6951600.0,,6951600.0,,,,,,
2016-11-09,6951600.0,,6951600.0,,,,,,
2016-11-10,6951600.0,,6951600.0,,,,,,
2016-11-11,6951600.0,,6951600.0,,,,,,
2016-11-12,6951600.0,,6951600.0,,,,,,
2016-11-13,6951600.0,,6951600.0,,,,,,
2016-11-14,6951600.0,,6951600.0,,,,,,
2016-11-15,6951600.0,,6951600.0,,,,,,
2016-11-16,6951600.0,,6951600.0,,,,,,
2016-11-17,6951600.0,,6951600.0,,,,,,
2016-11-18,6951600.0,,6951600.0,,,,,,
2016-11-19,6951600.0,,6951600.0,,,,,,
2016-11-20,6951600.0,,6951600.0,,,,,,
2016-11-21,6951600.0,,6951600.0,,,,,,
2016-11-22,6951600.0,,6951600.0,,,,,,
2016-11-23,6951600.0,,6951600.0,,,,,,
2016-11-24,6951600.0,,6951600.0,,,,,,
2016-11-25,6951600.0,,6951600.0,,,,,,
2016-11-26,6951600.0,,6951600.0,,,,,,
2016-11-27,6951600.0,,6951600.0,,,,,,
2016-11-28,6951600.0,,6951600.0,,,,,,
2016-11-29,6951600.0,,6951600.0,,,,,,
2016-11-30,6951600.0,,6951600.0,,,,,,
2016-12-01,6951600.0,,6951600.0,,,,,,
2016-12-02,6951600.0,,6951600.0,,,,,,
2016-12-03,6951600.0,,6951600.0,,,,,,
2016-12-04,6951600.0,,6951600.0,,,,,,
2016-12-05,6951600.0,,6951600.0,,,,,,
2016-12-06,6951600.0,,6951600.0,,,,,,
2016-12-07,6951600.0,,6951600.0,,,,,,
2016-12-08,6951600.0,,6951600.0,,,,,,
2016-12-09,6951600.0,,6951600.0,,,,,,
2016-12-10,6951600.0,,6951600.0,,,,,,
2016-12-11,6951600.0,,6951600.0,,,,,,
2016-12-12,6951600.0,,6951600.0,,,,,,
2016-12-13,6951600.0,,6951600.0,,,,,,
2016-12-14,6951600.0,,6951600.0,,,,,,
2016-12-15,6951600.0,,6951600.0,,,,,,
2016-12-16,6951600.0,,6951600.0,,,,,,
2016-12-17,6951600.0,,6951600.0,,,,,,
2016-12-18,6951600.0,,6951600.0,,,,,,
2016-12-19,6951600.0,,6951600.0,,,,,,
2016-12-20,6951600.0,,6951600.0,,,,,,
2016-12-21,6951600.0,,6951600.0,,,,,,
2016-12-22,6951600.0,,6951600.0,,,,,,
2016-12-23,6951600.0,,6951600.0,,,,,,
2016-12-24,6951600.0,,6951600.0,,,,,,
2016-12-25,6951600.0,,6951600.0,,,,,,
2016-12-26,6951600.0,,6951600.0,,,,,,
2016-12-27,6951600.0,,6951600.0,,,,,,
2016-12-28,6951600.0,,6951600.0,,,,,,
2016-12-29,6951600.0,,6951600.0,,,,,,
2016-12-30,9951600.0,,9951600.0,,,,,,
2016-12-31,9951600.0,,9951600.0,,,,,,
2017-01-01,9951600.0,,9951600.0,,,,,,
2017-01-02,9951600.0,,9951600.0,,,,,,
2017-01-03,9951600.0,,9951600.0,,,,,,
2017-01-04,9951600.0,,9951600.0,,,,,,
2017-01-05,14951600.0,,14951600.0,,,,,,
2017-01-06,14951600.0,,14951600.0,,,,,,
2017-01-07,14951600.0,,14951600.0,,,,,,
2017-01-08,14951600.0,,14951600.0,,,,,,
2017-01-09,14951600.0,,14951600.0,,,,,,
2017-01-10,14951600.0,,14951600.0,,,,,,
2017-01-11,14951600.0,,14951600.0,,,,,,
2017-01-12,14951600.0,,14951600.0,,,,,,
2017-01-13,14951600.0,,14951600.0,,,,,,
2017-01-14,14951600.0,,14951600.0,,,,,,
2017-01-15,14951600.0,,14951600.0,,,,,,
2017-01-16,14951600.0,,14951600.0,,,,,,
2017-01-17,14951600.0,,14951600.0,,,,,,
2017-01-18,14951600.0,,14951600.0,,,,,,
2017-01-19,14951600.0,,14951600.0,,,,,,
2017-01-20,14951600.0,,14951600.0,,,,,,
2017-01-21,14951600.0,,14951600.0,,,,,,
2017-01-22,14951600.0,,14951600.0,,,,,,
2017-01-23,14951600.0,,14951600.0,,,,,,
2017-01-24,14951600.0,,14951600.0,,,,,,
2017-01-25,14951600.0,,14951600.0,,,,,,
2017-01-26,14951600.0,,14951600.0,,,,,,
2017-01-27,14951600.0,,14951600.0,,,,,,
2017-01-28,14951600.0,,14951600.0,,,,,,
2017-01-29,14951600.0,,14951600.0,,,,,,
2017-01-30,14951600.0,,14951600.0,,,,,,
2017-01-31,24951600.0,,24951600.0,,,,,,
2017-02-01,24951600.0,,24951600.0,,,,,,
2017-02-02,24951600.0,,24951600.0,,,,,,
2017-02-03,24951600.0,,24951600.0,,,,,,
2017-02-04,24951600.0,,24951600.0,,,,,,
2017-02-05,24951600.0,,24951600.0,,,,,,
2017-02-06,24951600.0,,24951600.0,,,,,,
2017-02-07,24951600.0,,24951600.0,,,,,,
2017-02-08,24951600.0,,24951600.0,,,,,,
2017-02-09,24951600.0,,24951600.0,,,,,,
2017-02-10,24951600.0,,24951600.0,,,,,,
2017-02-11,24951600.0,,24951600.0,,,,,,
2017-02-12,24951600.0,,24951600.0,,,,,,
2017-02-13,24951600.0,,24951600.0,,,,,,
2017-02-14,24951600.0,,24951600.0,,,,,,
2017-02-15,24951600.0,,24951600.0,,,,,,
2017-02-16,24951600.0,,24951600.0,,,,,,
2017-02-17,24951600.0,,24951600.0,,,,,,
2017-02-18,24951600.0,,24951600.0,,,,,,
2017-02-19,24951600.0,,24951600.0,,,,,,
2017-02-20,24951600.0,,24951600.0,,,,,,
2017-02-21,24951600.0,,24951600.0,,,,,,
2017-02-22,24951600.0,,24951600.0,,,,,,
2017-02-23,24951600.0,,24951600.0,,,,,,
2017-02-24,24951600.0,,24951600.0,,,,,,
2017-02-25,24951600.0,,24951600.0,,,,,,
2017-02-26,24951600.0,,24951600.0,,,,,,
2017-02-27,24951600.0,,24951600.0,,,,,,
2017-02-28,24951600.0,,24951600.0,,,,,,
2017-03-01,24951600.0,,24951600.0,,,,,,
2017-03-02,24951600.0,,24951600.0,,,,,,
2017-03-03,24951600.0,,24951600.0,,,,,,
2017-03-04,24951600.0,,24951600.0,,,,,,
2017-03-05,24951600.0,,24951600.0,,,,,,
2017-03-06,24951600.0,,24951600.0,,,,,,
2017-03-07,34951600.0,,34951600.0,,,,,,
2017-03-08,34951600.0,,34951600.0,,,,,,
2017-03-09,34951600.0,,34951600.0,,,,,,
2017-03-10,34951600.0,,34951600.0,,,,,,
2017-03-11,34951600.0,,34951600.0,,,,,,
2017-03-12,34951600.0,,34951600.0,,,,,,
2017-03-13,34951600.0,,34951600.0,,,,,,
2017-03-14,34951600.0,,34951600.0,,,,,,
2017-03-15,34951600.0,,34951600.0,,,,,,
2017-03-16,34951600.0,,34951600.0,,,,,,
2017-03-17,44951600.0,,44951600.0,,,,,,
2017-03-18,44951600.0,,44951600.0,,,,,,
2017-03-19,44951600.0,,44951600.0,,,,,,
2017-03-20,44951600.0,,44951600.0,,,,,,
2017-03-21,44951600.0,,44951600.0,,,,,,
2017-03-22,44951600.0,,44951600.0,,,,,,
2017-03-23,44951600.0,,44951600.0,,,,,,
2017-03-24,44951600.0,,44951600.0,,,,,,
2017-03-25,44951600.0,,44951600.0,,,,,,
2017-03-26,44951600.0,,44951600.0,,,,,,
2017-03-27,44951600.0,,44951600.0,,,,,,
2017-03-28,44951600.0,,44951600.0,,,,,,
2017-03-29,54951600.0,,54951600.0,,,,,,
2017-03-30,54951600.0,,54951600.0,,,,,,
2017-03-31,54951600.0,,54951600.0,,,,,,
2017-04-01,54951600.0,,54951600.0,,,,,,
2017-04-02,54951600.0,,54951600.0,,,,,,
2017-04-03,54951600.0,,54951600.0,,,,,,
2017-04-04,54951600.0,,54951600.0,,,,,,
2017-04-05,54951600.0,,54951600.0,,,,,,
2017-04-06,54951600.0,,54951600.0,,,,,,
2017-04-07,54951600.0,,54951600.0,,,,,,
2017-04-08,54951600.0,,54951600.0,,,,,,
2017-04-09,54951600.0,,54951600.0,,,,,,
2017-04-10,54951600.0,,54951600.0,,,,,,
2017-04-11,54951600.0,,54951600.0,,,,,,
2017-04-12,54951600.0,,54951600.0,,,,,,
2017-04-13,54951600.0,,54951600.0,,,,,,
2017-04-14,54951600.0,,54951600.0,,,,,,
2017-04-15,54951600.0,,54951600.0,,,,,,
2017-04-16,54951600.0,,54951600.0,,,,,,
2017-04-17,54951600.0,,54951600.0,,,,,,
2017-04-18,64951600.0,,64951600.0,,,,,,
2017-04-19,64951600.0,,64951600.0,,,,,,
2017-04-20,64951600.0,,64951600.0,,,,,,
2017-04-21,64951600.0,,64951600.0,,,,,,
2017-04-22,64951600.0,,64951600.0,,,,,,
2017-04-23,64951600.0,,64951600.0,,,,,,
2017-04-24,64951600.0,,64951600.0,,,,,,
2017-04-25,64951600.0,,64951600.0,,,,,,
2017-04-26,64951600.0,,64951600.0,,,,,,
2017-04-27,64951600.0,,64951600.0,,,,,,
2017-04-28,64951600.0,,64951600.0,,,,,,
2017-04-29,64951600.0,,64951600.0,,,,,,
2017-04-30,64951600.0,,64951600.0,,,,,,
2017-05-01,64951600.0,,64951600.0,,,,,,
2017-05-02,64951600.0,,64951600.0,,,,,,
2017-05-03,64951600.0,,64951600.0,,,,,,
2017-05-04,64951600.0,,64951600.0,,,,,,
2017-05-05,64951600.0,,64951600.0,,,,,,
2017-05-06,64951600.0,,64951600.0,,,,,,
2017-05-07,64951600.0,,64951600.0,,,,,,
2017-05-08,64951600.0,,64951600.0,,,,,,
2017-05-09,64951600.0,,64951600.0,,,,,,
2017-05-10,64951600.0,,64951600.0,,,,,,
2017-05-11,64951600.0,,64951600.0,,,,,,
2017-05-12,64951600.0,,64951600.0,,,,,,
2017-05-13,64951600.0,,64951600.0,,,,,,
2017-05-14,64951600.0,,64951600.0,,,,,,
2017-05-15,64951600.0,,64951600.0,,,,,,
2017-05-16,64951600.0,,64951600.0,,,,,,
2017-05-17,64951600.0,,64951600.0,,,,,,
2017-05-18,64951600.0,,64951600.0,,,,,,
2017-05-19,64951600.0,,64951600.0,,,,,,
2017-05-20,64951600.0,,64951600.0,,,,,,
2017-05-21,64951600.0,,64951600.0,,,,,,
2017-05-22,64951600.0,,64951600.0,,,,,,
2017-05-23,64951600.0,,64951600.0,,,,,,
2017-05-24,74951600.0,,74951600.0,,,,,,
2017-05-25,84951600.0,,84951600.0,,,,,,
2017-05-26,104951600.0,,104951600.0,,,,,,
2017-05-27,124951600.0,,124951600.0,,,,,,
2017-05-28,124951600.0,,124951600.0,,,,,,
2017-05-29,124951600.0,,124951600.0,,,,,,
2017-05-30,124951600.0,,124951600.0,,,,,,
2017-05-31,124951600.0,,124951600.0,,,,,,
2017-06-01,124951600.0,,124951600.0,,,,,,
2017-06-02,124951600.0,,124951600.0,,,,,,
2017-06-03,124951600.0,,124951600.0,,,,,,
2017-06-04,124951600.0,,124951600.0,,,,,,
2017-06-05,124951600.0,,124951600.0,,,,,,
2017-06-06,144951600.0,,144951600.0,,,,,,
2017-06-07,144951600.0,,144951600.0,,,,,,
2017-06-08,144951600.0,,144951600.0,,,,,,
2017-06-09,144951600.0,,144951600.0,,,,,,
2017-06-10,144951600.0,,144951600.0,,,,,,
2017-06-11,144951600.0,,144951600.0,,,,,,
2017-06-12,144951600.0,,144951600.0,,,,,,
2017-06-13,144951600.0,,144951600.0,,,,,,
2017-06-14,144951600.0,,144951600.0,,,,,,
2017-06-15,144951600.0,,144951600.0,,,,,,
2017-06-16,164951600.0,,164951600.0,,,,,,
2017-06-17,164951600.0,,164951600.0,,,,,,
2017-06-18,164951600.0,,164951600.0,,,,,,
2017-06-19,164951600.0,,164951600.0,,,,,,
2017-06-20,164951600.0,,164951600.0,,,,,,
2017-06-21,164951600.0,,164951600.0,,,,,,
2017-06-22,164951600.0,,164951600.0,,,,,,
2017-06-23,164951600.0,,164951600.0,,,,,,
2017-06-24,184951600.0,,184951600.0,,,,,,
2017-06-25,184951600.0,,184951600.0,,,,,,
2017-06-26,214951600.0,,214951600.0,,,,,,
2017-06-27,244951600.0,,244951600.0,,,,,,
2017-06-28,244951600.0,,244951600.0,,,,,,
2017-06-29,244951600.0,,244951600.0,,,,,,
2017-06-30,244951600.0,,244951600.0,,,,,,
2017-07-01,244951600.0,,244951600.0,,,,,,
2017-07-02,244951600.0,,244951600.0,,,,,,
2017-07-03,244951600.0,,244951600.0,,,,,,
2017-07-04,244951600.0,,244951600.0,,,,,,
2017-07-05,244951600.0,,244951600.0,,,,,,
2017-07-06,244951600.0,,244951600.0,,,,,,
2017-07-07,244951600.0,,244951600.0,,,,,,
2017-07-08,244951600.0,,244951600.0,,,,,,
2017-07-09,244951600.0,,244951600.0,,,,,,
2017-07-10,274951600.0,,274951600.0,,,,,,
2017-07-11,274951600.0,,274951600.0,,,,,,
2017-07-12,274951600.0,,274951600.0,,,,,,
2017-07-13,299951600.0,,299951600.0,,,,,,
2017-07-14,299951600.0,,299951600.0,,,,,,
2017-07-15,299951600.0,,299951600.0,,,,,,
2017-07-16,299951600.0,,299951600.0,,,,,,
2017-07-17,299951600.0,,299951600.0,,,,,,
2017-07-18,324951600.0,,324951600.0,,,,,,
2017-07-19,324951600.0,,324951600.0,,,,,,
2017-07-20,324951600.0,,324951600.0,,,,,,
2017-07-21,324951600.0,,324951600.0,,,,,,
2017-07-22,324951600.0,,324951600.0,,,,,,
2017-07-23,324951600.0,,324951600.0,,,,,,
2017-07-24,324951600.0,,324951600.0,,,,,,
2017-07-25,324951600.0,,324951600.0,,,,,,
2017-07-26,324951600.0,,324951600.0,,,,,,
2017-07-27,324951600.0,,324951600.0,,,,,,
2017-07-28,324951600.0,,324951600.0,,,,,,
2017-07-29,324951600.0,,324951600.0,,,,,,
2017-07-30,324951600.0,,324951600.0,,,,,,
2017-07-31,324951600.0,,324951600.0,,,,,,
2017-08-01,324951600.0,,324951600.0,,,,,,
2017-08-02,324951600.0,,324951600.0,,,,,,
2017-08-03,324951600.0,,324951600.0,,,,,,
2017-08-04,324951600.0,,324951600.0,,,,,,
2017-08-05,324951600.0,,324951600.0,,,,,,
2017-08-06,324951600.0,,324951600.0,,,,,,
2017-08-07,324951600.0,,324951600.0,,,,,,
2017-08-08,324951600.0,,324951600.0,,,,,,
2017-08-09,324951600.0,,324951600.0,,,,,,
2017-08-10,324951600.0,,324951600.0,,,,,,
2017-08-11,324951600.0,,324951600.0,,,,,,
2017-08-12,324951600.0,,324951600.0,,,,,,
2017-08-13,324951600.0,,324951600.0,,,,,,
2017-08-14,324951600.0,,324951600.0,,,,,,
2017-08-15,324951600.0,,324951600.0,,,,,,
2017-08-16,324951600.0,,324951600.0,,,,,,
2017-08-17,324951600.0,,324951600.0,,,,,,
2017-08-18,324951600.0,,324951600.0,,,,,,
2017-08-19,324951600.0,,324951600.0,,,,,,
2017-08-20,324951600.0,,324951600.0,,,,,,
2017-08-21,324951600.0,,324951600.0,,,,,,
2017-08-22,324951600.0,,324951600.0,,,,,,
2017-08-23,324951600.0,,324951600.0,,,,,,
2017-08-24,324951600.0,,324951600.0,,,,,,
2017-08-25,324951600.0,,324951600.0,,,,,,
2017-08-26,324951600.0,,324951600.0,,,,,,
2017-08-27,324951600.0,,324951600.0,,,,,,
2017-08-28,324951600.0,,324951600.0,,,,,,
2017-08-29,324951600.0,,324951600.0,,,,,,
2017-08-30,324951600.0,,324951600.0,,,,,,
2017-08-31,324951600.0,,324951600.0,,,,,,
2017-09-01,324951600.0,,324951600.0,,,,,,
2017-09-02,344951600.0,,344951600.0,,,,,,
2017-09-03,369951600.0,,369951600.0,,,,,,
2017-09-04,394951600.0,,394951600.0,,,,,,
2017-09-05,394951600.0,,394951600.0,,,,,,
2017-09-06,394951600.0,,394951600.0,,,,,,
2017-09-07,419951600.0,,419951600.0,,,,,,
2017-09-08,419951600.0,,419951600.0,,,,,,
2017-09-09,419951600.0,,419951600.0,,,,,,
2017-09-10,419951600.0,,419951600.0,,,,,,
2017-09-11,419951600.0,,419951600.0,,,,,,
2017-09-12,419951600.0,,419951600.0,,,,,,
2017-09-13,419951600.0,,419951600.0,,,,,,
2017-09-14,444951600.0,,444951600.0,,,,,,
2017-09-15,444951600.0,,444951600.0,,,,,,
2017-09-16,444951600.0,,444951600.0,,,,,,
2017-09-17,444951600.0,,444951600.0,,,,,,
2017-09-18,444951600.0,,444951600.0,,,,,,
2017-09-19,444951600.0,,444951600.0,,,,,,
2017-09-20,444951600.0,,444951600.0,,,,,,
2017-09-21,444951600.0,,444951600.0,,,,,,
2017-09-22,444951600.0,,444951600.0,,,,,,
2017-09-23,444951600.0,,444951600.0,,,,,,
2017-09-24,444951600.0,,444951600.0,,,,,,
2017-09-25,444951600.0,,444951600.0,,,,,,
2017-09-26,444951600.0,,444951600.0,,,,,,
2017-09-27,444951600.0,,444951600.0,,,,,,
2017-09-28,444951600.0,,444951600.0,,,,,,
2017-09-29,444951600.0,,444951600.0,,,,,,
2017-09-30,444951600.0,,444951600.0,,,,,,
2017-10-01,444951600.0,,444951600.0,,,,,,
2017-10-02,444951600.0,,444951600.0,,,,,,
2017-10-03,444951600.0,,444951600.0,,,,,,
2017-10-04,444951600.0,,444951600.0,,,,,,
2017-10-05,444951600.0,,444951600.0,,,,,,
2017-10-06,444951600.0,,444951600.0,,,,,,
2017-10-07,444951600.0,,444951600.0,,,,,,
2017-10-08,444951600.0,,444951600.0,,,,,,
2017-10-09,444951600.0,,444951600.0,,,,,,
2017-10-10,444951600.0,,444951600.0,,,,,,
2017-10-11,444951600.0,,444951600.0,,,,,,
2017-10-12,444951600.0,,444951600.0,,,,,,
2017-10-13,444951600.0,,444951600.0,,,,,,
2017-10-14,444951600.0,,444951600.0,,,,,,
2017-10-15,444951600.0,,444951600.0,,,,,,
2017-10-16,444951600.0,,444951600.0,,,,,,
2017-10-17,444951600.0,,444951600.0,,,,,,
2017-10-18,444951600.0,,444951600.0,,,,,,
2017-10-19,444951600.0,,444951600.0,,,,,,
2017-10-20,444951600.0,,444951600.0,,,,,,
2017-10-21,444951600.0,,444951600.0,,,,,,
2017-10-22,444951600.0,,444951600.0,,,,,,
2017-10-23,444951600.0,,444951600.0,,,,,,
2017-10-24,444951600.0,,444951600.0,,,,,,
2017-10-25,444951600.0,,444951600.0,,,,,,
2017-10-26,444951600.0,,444951600.0,,,,,,
2017-10-27,444951600.0,,444951600.0,,,,,,
2017-10-28,469951600.0,,469951600.0,,,,,,
2017-10-29,469951600.0,,469951600.0,,,,,,
2017-10-30,469951600.0,,469951600.0,,,,,,
2017-10-31,469951600.0,,469951600.0,,,,,,
2017-11-01,469951600.0,,469951600.0,,,,,,
2017-11-02,469951600.0,,469951600.0,,,,,,
2017-11-03,495000000.0,,495000000.0,,,,,,
2017-11-04,495000000.0,,495000000.0,,,,,,
2017-11-05,495000000.0,,495000000.0,,,,,,
2017-11-06,495000000.0,,495000000.0,,,,,,
2017-11-07,515000000.0,,515000000.0,,,,,,
2017-11-08,535000000.0,,535000000.0,,,,,,
2017-11-09,565000000.0,,565000000.0,,,,,,
2017-11-10,565000000.0,,565000000.0,,,,,,
2017-11-11,595000000.0,,595000000.0,,,,,,
2017-11-12,595000000.0,,595000000.0,,,,,,
2017-11-13,595000000.0,,595000000.0,,,,,,
2017-11-14,595000000.0,,595000000.0,,,,,,
2017-11-15,595000000.0,,595000000.0,,,,,,
2017-11-16,615000000.0,,615000000.0,,,,,,
2017-11-17,675000000.0,,675000000.0,,,,,,
2017-11-18,675000000.0,,675000000.0,,,,,,
2017-11-19,675000000.0,,675000000.0,,,,,,
2017-11-20,675000000.0,,675000000.0,,,,,,
2017-11-21,675000000.0,,675000000.0,,,,,,
2017-11-22,675000000.0,,675000000.0,,,,,,
2017-11-23,675000000.0,,675000000.0,,,,,,
2017-11-24,675000000.0,,675000000.0,,,,,,
2017-11-25,675000000.0,,675000000.0,,,,,,
2017-11-26,695001000.0,,695001000.0,,,,,,
2017-11-27,725001000.0,,725001000.0,,,,,,
2017-11-28,770110970.0,109970.0,770001000.0,,,,,,
2017-11-29,795109970.0,109970.0,795000000.0,,,,,,
2017-11-30,795109970.0,109970.0,795000000.0,,,,,,
2017-12-01,820109970.0,109970.0,820000000.0,,,,,,
2017-12-02,845109970.0,109970.0,845000000.0,,,,,,
2017-12-03,845109970.0,109970.0,845000000.0,,,,,,
2017-12-04,845109970.0,109970.0,845000000.0,,,,,,
2017-12-05,845109970.0,109970.0,845000000.0,,,,,,
2017-12-06,845109970.0,109970.0,845000000.0,,,,,,
2017-12-07,845109970.0,109970.0,845000000.0,,,,,,
2017-12-08,845109970.0,109970.0,845000000.0,,,,,,
2017-12-09,845109970.0,109970.0,845000000.0,,,,,,
2017-12-10,845109970.0,109970.0,845000000.0,,,,,,
2017-12-11,870109970.0,109970.0,870000000.0,,,,,,
2017-12-12,870109970.0,109970.0,870000000.0,,,,,,
2017-12-13,920109970.0,109970.0,920000000.0,,,,,,
2017-12-14,1050109970.0,109970.0,1050000000.0,,,,,,
2017-12-15,1050109970.0,109970.0,1050000000.0,,,,,,
2017-12-16,1150109970.0,109970.0,1150000000.0,,,,,,
2017-12-17,1150109970.0,109970.0,1150000000.0,,,,,,
2017-12-18,1150109970.0,109970.0,1150000000.0,,,,,,
2017-12-19,1200109970.0,109970.0,1200000000.0,,,,,,
2017-12-20,1250109970.0,109970.0,1250000000.0,,,,,,
2017-12-21,1250109970.0,109970.0,1250000000.0,,,,,,
2017-12-22,1250109970.0,109970.0,1250000000.0,,,,,,
2017-12-23,1250109970.0,109970.0,1250000000.0,,,,,,
2017-12-24,1250109970.0,109970.0,1250000000.0,,,,,,
2017-12-25,1250109970.0,109970.0,1250000000.0,,,,,,
2017-12-26,1250109970.0,109970.0,1250000000.0,,,,,,
2017-12-27,1250109970.0,109970.0,1250000000.0,,,,,,
2017-12-28,1300109970.0,109970.0,1300000000.0,,,,,,
2017-12-29,1400109970.0,109970.0,1400000000.0,,,,,,
2017-12-30,1400109970.0,109970.0,1400000000.0,,,,,,
2017-12-31,1400109970.0,109970.0,1400000000.0,,,,,,
2018-01-01,1400109970.0,109970.0,1400000000.0,,,,,,
2018-01-02,1400109970.0,109970.0,1400000000.0,,,,,,
2018-01-03,1400109970.0,109970.0,1400000000.0,,,,,,
2018-01-04,1500109970.0,109970.0,1500000000.0,,,,,,
2018-01-05,1500109970.0,109970.0,1500000000.0,,,,,,
2018-01-06,1500109970.0,109970.0,1500000000.0,,,,,,
2018-01-07,1500109970.0,109970.0,1500000000.0,,,,,,
2018-01-08,1500109970.0,109970.0,1500000000.0,,,,,,
2018-01-09,1500109970.0,109970.0,1500000000.0,,,,,,
2018-01-10,1530109970.0,30109970.0,1500000000.0,,,,,,
2018-01-11,1530109970.0,30109970.0,1500000000.0,,,,,,
2018-01-12,1530109970.0,30109970.0,1500000000.0,,,,,,
2018-01-13,1530109970.0,30109970.0,1500000000.0,,,,,,
2018-01-14,1580109970.0,30109970.0,1550000000.0,,,,,,
2018-01-15,1680109970.0,30109970.0,1650000000.0,,,,,,
2018-01-16,1780109970.0,30109970.0,1750000000.0,,,,,,
2018-01-17,1880109970.0,30109970.0,1850000000.0,,,,,,
2018-01-18,1980109970.0,30109970.0,1950000000.0,,,,,,
2018-01-19,2080109970.0,30109970.0,2050000000.0,,,,,,
2018-01-20,2180109970.0,30109970.0,2150000000.0,,,,,,
2018-01-21,2180109970.0,30109970.0,2150000000.0,,,,,,
2018-01-22,2180109970.0,30109970.0,2150000000.0,,,,,,
2018-01-23,2280109970.0,30109970.0,2250000000.0,,,,,,
2018-01-24,2280109970.0,30109970.0,2250000000.0,,,,,,
2018-01-25,2280109970.0,30109970.0,2250000000.0,,,,,,
2018-01-26,2280109970.0,30109970.0,2250000000.0,,,,,,
2018-01-27,2280109970.0,30109970.0,2250000000.0,,,,,,
2018-01-28,2310109970.0,60109970.0,2250000000.0,,,,,,
2018-01-29,2310109970.0,60109970.0,2250000000.0,,,,,,
2018-01-30,2310109970.0,60109970.0,2250000000.0,,,,,,
2018-01-31,2280109970.0,60109970.0,2220000000.0,,,,,,
2018-02-01,2280109970.0,60109970.0,2220000000.0,,,,,,
2018-02-02,2280109970.0,60109970.0,2220000000.0,,,,,,
2018-02-03,2280109970.0,60109970.0,2220000000.0,,,,,,
2018-02-04,2280109970.0,60109970.0,2220000000.0,,,,,,
2018-02-05,2280109970.0,60109970.0,2220000000.0,,,,,,
2018-02-06,2280109970.0,60109970.0,2220000000.0,,,,,,
2018-02-07,2280109970.0,60109970.0,2220000000.0,,,,,,
2018-02-08,2280109970.0,60109970.0,2220000000.0,,,,,,
2018-02-09,2280109970.0,60109970.0,2220000000.0,,,,,,
2018-02-10,2280109970.0,60109970.0,2220000000.0,,,,,,
2018-02-11,2280109970.0,60109970.0,2220000000.0,,,,,,
2018-02-12,2280109970.0,60109970.0,2220000000.0,,,,,,
2018-02-13,2280109970.0,60109970.0,2220000000.0,,,,,,
2018-02-14,2280109970.0,60109970.0,2220000000.0,,,,,,
2018-02-15,2280109970.0,60109970.0,2220000000.0,,,,,,
2018-02-16,2280109970.0,60109970.0,2220000000.0,,,,,,
2018-02-17,2280109970.0,60109970.0,2220000000.0,,,,,,
2018-02-18,2280109970.0,60109970.0,2220000000.0,,,,,,
2018-02-19,2280109970.0,60109970.0,2220000000.0,,,,,,
2018-02-20,2280109970.0,60109970.0,2220000000.0,,,,,,
2018-02-21,2280109970.0,60109970.0,2220000000.0,,,,,,
2018-02-22,2280109970.0,60109970.0,2220000000.0,,,,,,
2018-02-23,2280109970.0,60109970.0,2220000000.0,,,,,,
2018-02-24,2280109970.0,60109970.0,2220000000.0,,,,,,
2018-02-25,2280109970.0,60109970.0,2220000000.0,,,,,,
2018-02-26,2280109970.0,60109970.0,2220000000.0,,,,,,
2018-02-27,2280109970.0,60109970.0,2220000000.0,,,,,,
2018-02-28,2280109970.0,60109970.0,2220000000.0,,,,,,
2018-03-01,2280109970.0,60109970.0,2220000000.0,,,,,,
2018-03-02,2280109970.0,60109970.0,2220000000.0,,,,,,
2018-03-03,2280109970.0,60109970.0,2220000000.0,,,,,,
2018-03-04,2280109970.0,60109970.0,2220000000.0,,,,,0.0,
2018-03-05,2280109970.0,60109970.0,2220000000.0,,,,,4761925.0,
2018-03-06,2280109970.0,60109970.0,2220000000.0,,,,,4761925.0,
2018-03-07,2280109970.0,60109970.0,2220000000.0,,,,,4761925.0,
2018-03-08,2280109970.0,60109970.0,2220000000.0,,,,,4761925.0,
2018-03-09,2280109970.0,60109970.0,2220000000.0,,,,,6561925.0,
2018-03-10,2280109970.0,60109970.0,2220000000.0,,,,,6561925.0,
2018-03-11,2280109970.0,60109970.0,2220000000.0,,,,,6561925.0,
2018-03-12,2280109970.0,60109970.0,2220000000.0,,,,,6561925.0,
2018-03-13,2280109970.0,60109970.0,2220000000.0,,,,,6561925.0,
2018-03-14,2280109970.0,60109970.0,2220000000.0,,,,,6561925.0,
2018-03-15,2280109970.0,60109970.0,2220000000.0,,,,,6579550.0,
2018-03-16,2280109970.0,60109970.0,2220000000.0,,,,,6579550.0,
2018-03-17,2280109970.0,60109970.0,2220000000.0,,,,,6579550.0,
2018-03-18,2280109970.0,60109970.0,2220000000.0,,,,,6579550.0,
2018-03-19,2280109970.0,60109970.0,2220000000.0,,,,,6579550.0,
2018-03-20,2580109970.0,60109970.0,2520000000.0,,,,,6579550.0,
2018-03-21,2580109970.0,60109970.0,2520000000.0,,,,,6579550.0,
2018-03-22,2580109970.0,60109970.0,2520000000.0,,,,,6579550.0,
2018-03-23,2580109970.0,60109970.0,2520000000.0,,,,,7924114.75,
2018-03-24,2580109970.0,60109970.0,2520000000.0,,,,,7924114.75,
2018-03-25,2580109970.0,60109970.0,2520000000.0,,,,,7924114.75,
2018-03-26,2580109970.0,60109970.0,2520000000.0,,,,,7924114.75,
2018-03-27,2580109970.0,60109970.0,2520000000.0,,,,,7924114.75,
2018-03-28,2580109970.0,60109970.0,2520000000.0,,,,,7924114.75,
2018-03-29,2580109970.0,60109970.0,2520000000.0,,,,,7924114.75,
2018-03-30,2580109970.0,60109970.0,2520000000.0,,,,,9474114.75,
2018-03-31,2580109970.0,60109970.0,2520000000.0,,,,,9474114.75,
2018-04-01,2580109970.0,60109970.0,2520000000.0,,,,,9474114.75,
2018-04-02,2580109970.0,60109970.0,2520000000.0,,,,,9474114.75,
2018-04-03,2580109970.0,60109970.0,2520000000.0,,,,,9474114.75,
2018-04-04,2580109970.0,60109970.0,2520000000.0,,,,,9574114.75,
2018-04-05,2580109970.0,60109970.0,2520000000.0,,,,,9574114.75,
2018-04-06,2580109970.0,60109970.0,2520000000.0,,,,,9574114.75,
2018-04-07,2580109970.0,60109970.0,2520000000.0,,,,,9574114.75,
2018-04-08,2580109970.0,60109970.0,2520000000.0,,,,,9574114.75,
2018-04-09,2580109970.0,60109970.0,2520000000.0,,,,,9563114.75,
2018-04-10,2580109970.0,60109970.0,2520000000.0,,,,,9563114.75,
2018-04-11,2580109970.0,60109970.0,2520000000.0,,,,,9563114.75,
2018-04-12,2580109970.0,60109970.0,2520000000.0,,,,,9563114.75,
2018-04-13,2580109970.0,60109970.0,2520000000.0,,,,,9563114.75,
2018-04-14,2580109970.0,60109970.0,2520000000.0,,,,,9573114.75,
2018-04-15,2580109970.0,60109970.0,2520000000.0,,,,,9573114.75,
2018-04-16,2580109970.0,60109970.0,2520000000.0,,,,,9783114.75,
2018-04-17,2580109970.0,60109970.0,2520000000.0,,,,,9783114.75,
2018-04-18,2580109970.0,60109970.0,2520000000.0,,,,,9783114.75,
2018-04-19,2580109970.0,60109970.0,2520000000.0,,,,,9773114.75,
2018-04-20,2580109970.0,60109970.0,2520000000.0,,,,,9773114.75,
2018-04-21,2580109970.0,60109970.0,2520000000.0,,,,,9773114.75,
2018-04-22,2580109970.0,60109970.0,2520000000.0,,,,,9773114.75,
2018-04-23,2580109970.0,60109970.0,2520000000.0,,,,,9773114.75,
2018-04-24,2580109970.0,60109970.0,2520000000.0,,,,,12013114.75,
2018-04-25,2580109970.0,60109970.0,2520000000.0,,,,,12013114.75,
2018-04-26,2580109970.0,60109970.0,2520000000.0,,,,,12013114.75,
2018-04-27,2580109970.0,60109970.0,2520000000.0,,,,,12013114.75,
2018-04-28,2580109970.0,60109970.0,2520000000.0,,,,,11998507.75,
2018-04-29,2580109970.0,60109970.0,2520000000.0,,,,,11998507.75,
2018-04-30,2580109970.0,60109970.0,2520000000.0,,,,,11998507.75,
2018-05-01,2580109970.0,60109970.0,2520000000.0,,,,,11998507.75,
2018-05-02,2580109970.0,60109970.0,2520000000.0,,,,,11998507.75,
2018-05-03,2580109970.0,60109970.0,2520000000.0,,,,,11998507.75,
2018-05-04,2580109970.0,60109970.0,2520000000.0,,,,,11998507.75,
2018-05-05,2580109970.0,60109970.0,2520000000.0,,,,,11998507.75,
2018-05-06,2580109970.0,60109970.0,2520000000.0,,,,,11998507.75,
2018-05-07,2580109970.0,60109970.0,2520000000.0,,,,,11998507.75,
2018-05-08,2580109970.0,60109970.0,2520000000.0,,,,,11983707.75,
2018-05-09,2580109970.0,60109970.0,2520000000.0,,,,,11983707.75,
2018-05-10,2580109970.0,60109970.0,2520000000.0,,,,,11983707.75,
2018-05-11,2580109970.0,60109970.0,2520000000.0,,,,,13395707.75,
2018-05-12,2580109970.0,60109970.0,2520000000.0,,,,,13395707.75,
2018-05-13,2580109970.0,60109970.0,2520000000.0,,,,,13395707.75,
2018-05-14,2580109970.0,60109970.0,2520000000.0,,,,,13405782.75,
2018-05-15,2580109970.0,60109970.0,2520000000.0,,,,,13405782.75,
2018-05-16,2580109970.0,60109970.0,2520000000.0,,,,,16193018.28,
2018-05-17,2580109970.0,60109970.0,2520000000.0,,,,,16193018.28,
2018-05-18,2830109970.0,60109970.0,2770000000.0,,,,,16599966.78,
2018-05-19,2830109970.0,60109970.0,2770000000.0,,,,,16599966.78,
2018-05-20,2830109970.0,60109970.0,2770000000.0,,,,,16599966.78,
2018-05-21,2830109970.0,60109970.0,2770000000.0,,,,,33105259.88,
2018-05-22,2830109970.0,60109970.0,2770000000.0,,,,,33105259.88,
2018-05-23,2830109970.0,60109970.0,2770000000.0,,,,,33105259.88,
2018-05-24,2830109970.0,60109970.0,2770000000.0,,,,,33255259.88,
2018-05-25,2830109970.0,60109970.0,2770000000.0,,,,,33255259.88,
2018-05-26,2830109970.0,60109970.0,2770000000.0,,,,,38624456.77,
2018-05-27,2830109970.0,60109970.0,2770000000.0,,,,,38624456.77,
2018-05-28,2830109970.0,60109970.0,2770000000.0,,,,,38624456.77,
2018-05-29,2830109970.0,60109970.0,2770000000.0,,,,,38624456.77,
2018-05-30,2830109970.0,60109970.0,2770000000.0,,,,,38624456.77,
2018-05-31,2830109970.0,60109970.0,2770000000.0,,,,,41314986.77,
2018-06-01,2830109970.0,60109970.0,2770000000.0,,,,,43393955.82,
2018-06-02,2830109970.0,60109970.0,2770000000.0,,,,,43393955.82,
2018-06-03,2830109970.0,60109970.0,2770000000.0,,,,,43393955.82,
2018-06-04,2830109970.0,60109970.0,2770000000.0,,,,,43393955.82,
2018-06-05,2830109970.0,60109970.0,2770000000.0,,,,,43523902.82,
2018-06-06,2830109970.0,60109970.0,2770000000.0,,,,,43523902.82,
2018-06-07,2830109970.0,60109970.0,2770000000.0,,,,,43858902.82,
2018-06-08,2830109970.0,60109970.0,2770000000.0,,,,,43858902.82,
2018-06-09,2830109502.1043,60109502.1043,2770000000.0,,,,,43868902.82,
2018-06-10,2830109502.1043,60109502.1043,2770000000.0,,,,,43868902.82,
2018-06-11,2830109502.1043,60109502.1043,2770000000.0,,,,,43868902.82,
2018-06-12,2830109502.1043,60109502.1043,2770000000.0,,,,,44393977.82,
2018-06-13,2830109502.1043,60109502.1043,2770000000.0,,,,,48500679.77,
2018-06-14,2830109502.1043,60109502.1043,2770000000.0,,,,,48660679.77,
2018-06-15,2830109502.1043,60109502.1043,2770000000.0,,,,,49360679.77,
2018-06-16,2830109502.1043,60109502.1043,2770000000.0,,,,,49360679.77,
2018-06-17,2830109502.1043,60109502.1043,2770000000.0,,,,,49360679.77,
2018-06-18,2830109502.1043,60109502.1043,2770000000.0,,,,,62102831.74,
2018-06-19,2830109502.1043,60109502.1043,2770000000.0,,,,,62590835.74,
2018-06-20,2830109502.1043,60109502.1043,2770000000.0,,,,,62590835.74,
2018-06-21,2830109502.1043,60109502.1043,2770000000.0,,,,,62590835.74,
2018-06-22,2830109502.1043,60109502.1043,2770000000.0,,,,,66936594.73,
2018-06-23,2830109502.1043,60109502.1043,2770000000.0,,,,,72892044.66,
2018-06-24,2830109502.1043,60109502.1043,2770000000.0,,,,,72892044.66,
2018-06-25,3080109502.1043,60109502.1043,3020000000.0,,,,,72892044.66,
2018-06-26,3080109502.1043,60109502.1043,3020000000.0,,,,,80123627.46,
2018-06-27,3080109502.1043,60109502.1043,3020000000.0,,,,,80123627.46,
2018-06-28,3080109502.1043,60109502.1043,3020000000.0,,,,,80123627.46,
2018-06-29,3080109502.1043,60109502.1043,3020000000.0,,,,,83460644.36,
2018-06-30,3080109502.1043,60109502.1043,3020000000.0,,,,,83792510.88,
2018-07-01,3080109502.1043,60109502.1043,3020000000.0,,,,,83792510.88,
2018-07-02,3080109502.1043,60109502.1043,3020000000.0,,,,,88931845.66,
2018-07-03,3080109502.1043,60109502.1043,3020000000.0,,,,,88073790.35,
2018-07-04,3080109502.1043,60109502.1043,3020000000.0,,,,,88073790.35,
2018-07-05,3080109502.1043,60109502.1043,3020000000.0,,,,,88073790.35,
2018-07-06,3080109502.1043,60109502.1043,3020000000.0,,,,,85661158.45,
2018-07-07,3080109502.1043,60109502.1043,3020000000.0,,,,,85589715.45,
2018-07-08,3080109502.1043,60109502.1043,3020000000.0,,,,,85589715.45,
2018-07-09,3080109502.1043,60109502.1043,3020000000.0,,,,,81264432.2,
2018-07-10,3080109502.1043,60109502.1043,3020000000.0,,,,,79977487.83,
2018-07-11,3080109502.1043,60109502.1043,3020000000.0,,,,,79621338.83,
2018-07-12,3080109502.1043,60109502.1043,3020000000.0,,,,,79277213.83,
2018-07-13,3080109502.1043,60109502.1043,3020000000.0,,,,,79287213.83,
2018-07-14,3080109502.1043,60109502.1043,3020000000.0,,,,,79299710.66,
2018-07-15,3080109502.1043,60109502.1043,3020000000.0,,,,,79299710.66,
2018-07-16,3080109502.1043,60109502.1043,3020000000.0,,,,,79041658.66,
2018-07-17,3080109502.1043,60109502.1043,3020000000.0,,,,,80869469.66,
2018-07-18,3080109502.1043,60109502.1043,3020000000.0,,,,,78893334.66,
2018-07-19,3080109502.1043,60109502.1043,3020000000.0,,,,,77951497.66,
2018-07-20,3080109502.1043,60109502.1043,3020000000.0,,,,,76857332.66,
2018-07-21,3080109502.1043,60109502.1043,3020000000.0,,,,,76847332.66,
2018-07-22,3080109502.1043,60109502.1043,3020000000.0,,,,,76847332.66,
2018-07-23,3080109502.1043,60109502.1043,3020000000.0,,,,,72160502.55,
2018-07-24,3080109502.1043,60109502.1043,3020000000.0,,,,,70728075.55,
2018-07-25,3080109502.1043,60109502.1043,3020000000.0,,,,,69734566.44,
2018-07-26,3080109502.1043,60109502.1043,3020000000.0,,,,,67586059.01543,
2018-07-27,3080109502.1043,60109502.1043,3020000000.0,,,,,62596808.02,
2018-07-28,3080109502.1043,60109502.1043,3020000000.0,,,,,62596808.02,
2018-07-29,3080109502.1043,60109502.1043,3020000000.0,,,,,62596808.02,
2018-07-30,3080109502.1043,60109502.1043,3020000000.0,,,,,61971456.02,
2018-07-31,3080109502.1043,60109502.1043,3020000000.0,,,,,60244597.02,
2018-08-01,3080109502.1043,60109502.1043,3020000000.0,,,,,57722838.02,
2018-08-02,3080109502.1043,60109502.1043,3020000000.0,,,,,60526955.02,
2018-08-03,3080109502.1043,60109502.1043,3020000000.0,,0.0,,,59231634.02,
2018-08-04,3080109502.1043,60109502.1043,3020000000.0,,0.0,,,59461634.02,
2018-08-05,3080109502.1043,60109502.1043,3020000000.0,,0.0,,,59461634.02,
2018-08-06,3080109502.1043,60109502.1043,3020000000.0,,0.0,,,59001657.02,
2018-08-07,3080109502.1043,60109502.1043,3020000000.0,,0.0,,,58889664.02,
2018-08-08,3080109502.1043,60109502.1043,3020000000.0,,0.0,,,58385664.02,
2018-08-09,3080109502.1043,60109502.1043,3020000000.0,,0.0,,,59320664.02,
2018-08-10,3080109502.1043,60109502.1043,3020000000.0,,0.0,,,59330664.02,
2018-08-11,3080109502.1043,60109502.1043,3020000000.0,,0.0,,,60803383.02,
2018-08-12,3080109502.1043,60109502.1043,3020000000.0,,0.0,,,60803383.02,
2018-08-13,3080109502.1043,60109502.1043,3020000000.0,,0.0,,,60803383.02,
2018-08-14,3080109502.1043,60109502.1043,3020000000.0,,0.0,,,58799383.02,
2018-08-15,3080109502.1043,60109502.1043,3020000000.0,,0.0,,,59947803.02,
2018-08-16,3080109502.1043,60109502.1043,3020000000.0,,0.0,,,64497803.02,
2018-08-17,3080109502.1043,60109502.1043,3020000000.0,,0.0,,,64497803.02,
2018-08-18,3080109502.1043,60109502.1043,3020000000.0,,0.0,,,65267803.02,
2018-08-19,3080109502.1043,60109502.1043,3020000000.0,,0.0,,,65267803.02,
2018-08-20,3080109502.1043,60109502.1043,3020000000.0,,0.0,,,65267803.02,
2018-08-21,3080109502.1043,60109502.1043,3020000000.0,,0.0,,,65267803.02,
2018-08-22,3080109502.1043,60109502.1043,3020000000.0,,0.0,,,65928421.02,
2018-08-23,3080109502.1043,60109502.1043,3020000000.0,,0.0,,,68137442.02,
2018-08-24,3080109502.1043,60109502.1043,3020000000.0,,0.0,,,68237442.02,
2018-08-25,3080109502.1043,60109502.1043,3020000000.0,,0.0,,,72747442.02,
2018-08-26,3080109502.1043,60109502.1043,3020000000.0,,0.0,,,72747442.02,
2018-08-27,3080109502.1043,60109502.1043,3020000000.0,,0.0,,,72642553.02,
2018-08-28,3080109502.1043,60109502.1043,3020000000.0,,0.0,,,72785859.02,
2018-08-29,3080109502.1043,60109502.1043,3020000000.0,,0.0,,,72785859.02,
2018-08-30,3080109502.1043,60109502.1043,3020000000.0,,0.0,,,72583569.02,
2018-08-31,3080109502.1043,60109502.1043,3020000000.0,,0.0,,,73008882.02,
2018-09-01,3080109502.1043,60109502.1043,3020000000.0,,0.0,,,73008882.02,
2018-09-02,3080109502.1043,60109502.1043,3020000000.0,,0.0,,,73008882.02,
2018-09-03,3080109502.1043,60109502.1043,3020000000.0,,0.0,,,73008882.02,
2018-09-04,3080109502.1043,60109502.1043,3020000000.0,,0.0,,,73008882.02,
2018-09-05,3080109502.1043,60109502.1043,3020000000.0,,0.0,,,73008882.02,
2018-09-06,3080109502.1043,60109502.1043,3020000000.0,,0.0,,,77258882.02,
2018-09-07,3080109502.1043,60109502.1043,3020000000.0,,0.0,,,77258882.02,
2018-09-08,3080109502.1043,60109502.1043,3020000000.0,,0.0,,,77308882.02,0.0
2018-09-09,3080109502.1043,60109502.1043,3020000000.0,,0.0,,,78543882.02,0.0
2018-09-10,3080109502.1043,60109502.1043,3020000000.0,,20.0,,,78543882.02,479.75
2018-09-11,3080109502.1043,60109502.1043,3020000000.0,,20.0,,,82213882.02,251243.55
2018-09-12,3080109502.1043,60109502.1043,3020000000.0,,20.0,,,82213882.02,251092.79
2018-09-13,3080109502.1043,60109502.1043,3020000000.0,,20.0,,,82198925.02,251470.16
2018-09-14,3080109502.1043,60109502.1043,3020000000.0,,20.0,,,85298925.02,251470.16
2018-09-15,3080109502.1043,60109502.1043,3020000000.0,,20.0,,,85298925.02,251470.16
2018-09-16,3080109502.1043,60109502.1043,3020000000.0,,20.0,,,85298925.02,251470.16
2018-09-17,3080109502.1043,60109502.1043,3020000000.0,,20.0,,,85259614.02,252166.16
2018-09-18,3080109502.1043,60109502.1043,3020000000.0,,20.0,,,91259614.02,1552156.16
2018-09-19,3080109502.1043,60109502.1043,3020000000.0,,20.0,,,93357508.02,1552631.16
2018-09-20,3080109502.1043,60109502.1043,3020000000.0,,20.0,,,93357508.02,8085617.16
2018-09-21,3080109502.1043,60109502.1043,3020000000.0,,120.0,,,93536599.02,11655887.16
2018-09-22,3080109502.1043,60109502.1043,3020000000.0,,120.0,,,93536599.02,12155987.16
2018-09-23,3080109502.1043,60109502.1043,3020000000.0,,120.0,,,93536599.02,12155987.16
2018-09-24,3080109502.1043,60109502.1043,3020000000.0,,120.0,,,93536599.02,13166387.16
2018-09-25,3080109502.1043,60109502.1043,3020000000.0,,7500119.3,,,93536599.02,13166387.16
2018-09-26,3080109502.1043,60109502.1043,3020000000.0,,7509648.1,,,93536599.02,13166383.76
2018-09-27,3080109502.1043,60109502.1043,3020000000.0,,7510887.0,,,93526534.02,14143774.19
2018-09-28,3080109502.1043,60109502.1043,3020000000.0,,7511726.6,,,103666534.02,15080380.78
2018-09-29,3080109502.1043,60109502.1043,3020000000.0,,7511726.5,,,103666534.02,15080380.78
2018-09-30,3080109502.1043,60109502.1043,3020000000.0,,7511726.3,,,103166538.02,15080380.78
2018-10-01,3080109502.1043,60109502.1043,3020000000.0,,7521945.6,,,106736868.02,15079830.78
2018-10-02,3080109502.1043,60109502.1043,3020000000.0,,7521945.6,,,106466868.02,15079785.9
2018-10-03,3080109502.1043,60109502.1043,3020000000.0,,9522945.1,,,117956868.02,15497370.03
2018-10-04,3080109502.1043,60109502.1043,3020000000.0,,9523389.5,,,117316868.02,14662709.48
2018-10-05,3080109502.1043,60109502.1043,3020000000.0,,12748949.34,,,118270021.02,15618173.44
2018-10-06,3080109502.1043,60109502.1043,3020000000.0,,12748949.34,,,118290021.02,15618173.44
2018-10-07,3080109502.1043,60109502.1043,3020000000.0,,12748949.34,,,118275222.49,15618173.44
2018-10-08,3080109502.1043,60109502.1043,3020000000.0,,12748949.34,,,116666582.49,14619612.2
2018-10-09,3080109502.1043,60109502.1043,3020000000.0,,13158009.17,,,118467112.49,15584134.8
2018-10-10,3080109502.1043,60109502.1043,3020000000.0,,13158618.57,,,118647112.49,15385556.26
2018-10-11,3080109502.1043,60109502.1043,3020000000.0,,13585896.97,,,123557112.49,15543003.06
2018-10-12,3080109502.1043,60109502.1043,3020000000.0,,13585896.97,,,132742112.49,21832798.77
2018-10-13,3080109502.1043,60109502.1043,3020000000.0,,13585896.97,,,135342112.49,24499613.28
2018-10-14,3080109502.1043,60109502.1043,3020000000.0,,13585896.97,,,135342112.49,24499613.28
2018-10-15,3080109502.1043,60109502.1043,3020000000.0,,33515530.71,,,152442112.49,36123814.44
2018-10-16,3080109502.1043,60109502.1043,3020000000.0,,33549850.21,,,158642112.49,50550531.94
2018-10-17,3080109502.1043,60109502.1043,3020000000.0,,33554170.01,,,158479569.49,63474357.12
2018-10-18,3080109502.1043,60109502.1043,3020000000.0,,33560424.18,,,158213199.49,63206483.08
2018-10-19,3080109502.1043,60109502.1043,3020000000.0,,33567893.78,,,164112199.49,76736515.11
2018-10-20,3080109502.1043,60109502.1043,3020000000.0,,33567893.78,,,166587199.49,81952617.77
2018-10-21,3080109502.1043,60109502.1043,3020000000.0,,33567893.78,,,166769590.49,81952617.77
2018-10-22,3080109502.1043,60109502.1043,3020000000.0,,43942858.22,,,166446898.49,82040663.44
2018-10-23,3080109502.1043,60109502.1043,3020000000.0,,89967827.42,,,175042430.49,96838802.35
2018-10-24,2580109502.1043,60109502.1043,2520000000.0,,127967926.92,,,174865482.49,96959821.66
2018-10-25,2580109502.1043,60109502.1043,2520000000.0,,127580381.82,,,174624341.49,96368043.22
2018-10-26,2580109502.1043,60109502.1043,2520000000.0,,127479165.72,,,174555415.49,108703520.31
2018-10-27,2580109502.1043,60109502.1043,2520000000.0,,127479165.72,,,175155415.49,108844595.52
2018-10-28,2580109502.1043,60109502.1043,2520000000.0,,127479165.72,,,177655415.49,108844595.52
2018-10-29,2580109502.1043,60109502.1043,2520000000.0,,127487368.97,,,177281534.49,106808052.77
2018-10-30,2580109502.1043,60109502.1043,2520000000.0,,127408952.28,,,175332393.83,112253017.87
2018-10-31,2580109502.1043,60109502.1043,2520000000.0,,127408827.08,,,173035201.01,109307012.75
2018-11-01,2580109502.1043,60109502.1043,2520000000.0,,127330465.66,,,172850110.01,116097927.69
2018-11-02,2580109502.1043,60109502.1043,2520000000.0,,132331062.22,,,172618286.01,133976912.76
2018-11-03,2580109502.1043,60109502.1043,2520000000.0,,132331062.22,,,175618286.01,135907976.21
2018-11-04,2580109502.1043,60109502.1043,2520000000.0,,132331062.22,,,175618286.01,135907976.21
2018-11-05,2580109502.1043,60109502.1043,2520000000.0,,134440280.85,,,169834749.01,138151448.23
2018-11-06,2580109502.1043,60109502.1043,2520000000.0,,134246153.22,,,162610707.5,137676577.62
2018-11-07,2580109502.1043,60109502.1043,2520000000.0,,134286817.1,,,159383505.15,137377149.79
2018-11-08,2580109502.1043,60109502.1043,2520000000.0,,134095739.38,,,158671505.15,138084346.82
2018-11-09,2580109502.1043,60109502.1043,2520000000.0,,134120759.18,,,157911504.15,136734906.75
2018-11-10,2580109502.1043,60109502.1043,2520000000.0,,134120759.18,,,157911504.15,136734906.75
2018-11-11,2580109502.1043,60109502.1043,2520000000.0,,134120759.18,,,157901104.15,136024277.28
2018-11-12,2580109502.1043,60109502.1043,2520000000.0,,134120759.18,,,157901104.15,132409858.03
2018-11-13,2580109502.1043,60109502.1043,2520000000.0,,138986776.38,,,157673302.15,132308637.06
2018-11-14,2580109502.1043,60109502.1043,2520000000.0,,142689630.17,,,157683302.15,130401900.89
2018-11-15,2580109502.1043,60109502.1043,2520000000.0,,143356692.67,,,158145216.15,130790018.09
2018-11-16,2580109502.1043,60109502.1043,2520000000.0,,143122408.8,,,158485071.01,134287139.4
2018-11-17,2580109502.1043,60109502.1043,2520000000.0,,143122408.8,,,159393111.01,135252401.66
2018-11-18,2580109502.1043,60109502.1043,2520000000.0,,143122408.8,,,159393111.01,135451492.06
2018-11-19,2580109502.1043,60109502.1043,2520000000.0,,142841592.96,,,159662216.01,136944454.09
2018-11-20,2580109502.1043,60109502.1043,2520000000.0,,156849879.98,,,163679494.01,136628078.84
2018-11-21,2580109502.1043,60109502.1043,2520000000.0,,163469708.95,,,170549405.1,137376417.76
2018-11-22,2580109502.1043,60109502.1043,2520000000.0,,163471708.55,,,180167595.1,139023204.39
2018-11-23,2580109502.1043,60109502.1043,2520000000.0,,166288520.11,,,180167595.1,141237337.75
2018-11-24,2580109502.1043,60109502.1043,2520000000.0,,166388519.81,,,183758358.1,140116893.29
2018-11-25,2580109502.1043,60109502.1043,2520000000.0,,166388519.81,,,183758358.1,140116893.29
2018-11-26,2580109502.1043,60109502.1043,2520000000.0,,167183953.26,,,183658357.89,136706464.74
2018-11-27,2580109502.1043,60109502.1043,2520000000.0,,172135994.41,,,191154347.89,135977179.62
2018-11-28,2580109502.1043,60109502.1043,2520000000.0,,177304282.81,,,191516737.89,137271125.75
2018-11-29,2580109502.1043,60109502.1043,2520000000.0,,177367346.11,,,192170837.89,143140634.75
2018-11-30,2580109502.1043,60109502.1043,2520000000.0,,177190278.61,,,194850837.89,164898956.55
2018-12-01,2580109502.1043,60109502.1043,2520000000.0,,177190288.61,,,195050842.89,166459727.5
2018-12-02,2580109502.1043,60109502.1043,2520000000.0,,177190288.61,,,195050842.89,166459727.5
2018-12-03,2580109502.1043,60109502.1043,2520000000.0,,177027216.42,,,195390471.89,184729396.29
2018-12-04,2580109502.1043,60109502.1043,2520000000.0,,177131654.25,,,195689751.89,175277492.37
2018-12-05,2580109502.1043,60109502.1043,2520000000.0,,178699705.87,,,198685401.89,162071539.61
2018-12-06,2580109502.1043,60109502.1043,2520000000.0,,181715448.4,,,199487702.54,167616661.91
2018-12-07,2580109502.1043,60109502.1043,2520000000.0,,185637600.78,,,200693587.54,170708799.42
2018-12-08,2580109502.1043,60109502.1043,2520000000.0,,185637600.78,,,205244587.65,174490992.32
2018-12-09,2580109502.1043,60109502.1043,2520000000.0,,185637600.78,,,205244587.65,174677221.08
2018-12-10,2580109502.1043,60109502.1043,2520000000.0,,191140778.18,,,205256066.65,171261802.69
2018-12-11,2580109502.1043,60109502.1043,2520000000.0,,190698982.33,,,207990066.75,165426832.1
2018-12-12,2580109502.1043,60109502.1043,2520000000.0,,200531828.07,,,209047636.45,159263529.49
2018-12-13,2580109502.1043,60109502.1043,2520000000.0,,200871086.13,,,211056400.57,155880329.24
2018-12-14,2580109502.1043,60109502.1043,2520000000.0,,202911459.23,,,211556399.57,154052388.64
2018-12-15,2580109502.1043,60109502.1043,2520000000.0,,202961459.03,,,211841999.57,154052388.64
2018-12-16,2580109502.1043,60109502.1043,2520000000.0,,202961459.03,,,211841999.57,154052388.64
2018-12-17,2580109502.1043,60109502.1043,2520000000.0,,212532489.47,,,211772299.57,151650303.74
2018-12-18,2580109502.1043,60109502.1043,2520000000.0,,215193465.92,,,212214845.57,149363755.16
2018-12-19,2580109502.1043,60109502.1043,2520000000.0,,223657476.82,,,211318895.98,148731167.7
2018-12-20,2580109502.1043,60109502.1043,2520000000.0,,226686475.6,,,209009675.019,149019720.88
2018-12-21,2580109502.1043,60109502.1043,2520000000.0,,228750868.75,,,208086754.069,156121945.25
2018-12-22,2580109502.1043,60109502.1043,2520000000.0,,228750868.75,,,207959372.629,156121945.25
2018-12-23,2580109502.1043,60109502.1043,2520000000.0,,228750868.75,,,207933872.629,156121945.25
2018-12-24,2580109502.1043,60109502.1043,2520000000.0,,228350284.92,,,206717796.049,155483789.32
2018-12-25,2580109502.1043,60109502.1043,2520000000.0,,228350284.92,,,206717796.049,155483789.32
2018-12-26,2580109502.1043,60109502.1043,2520000000.0,,231100668.0,,,206111048.579,153116859.68
2018-12-27,2580109502.1043,60109502.1043,2520000000.0,,238024523.98,,,206868548.059,149537185.29
2018-12-28,2580062243.363429,60062243.363429,2520000000.0,,242420219.08,,,206073424.749,145275117.77
2018-12-29,2580062243.363429,60062243.363429,2520000000.0,,246932457.34,,,205941170.749,145275117.77
2018-12-30,2580062243.363429,60062243.363429,2520000000.0,,249449305.14,,,204937826.149,145275117.77
2018-12-31,2580062243.363429,60062243.363429,2520000000.0,,251211147.94,,,204971766.149,142326370.28
2019-01-01,2580062243.363429,60062243.363429,2520000000.0,,262753387.1,,,206855713.739,142326370.28
2019-01-02,2580062243.363429,60062243.363429,2520000000.0,,287461338.12,,,206371310.739,130897319.95
2019-01-03,2580062243.363429,60062243.363429,2520000000.0,,287225741.5,,,0.0,132179191.17
2019-01-04,2580062243.363429,60062243.363429,2520000000.0,,291582643.14,,,207167827.439,131313263.18
2019-01-05,2580062243.363429,60062243.363429,2520000000.0,,291576209.94,,,207016279.439,132445895.68
2019-01-06,2580062243.363429,60062243.363429,2520000000.0,,302711563.65,,,206081431.439,132445895.68
2019-01-07,2580062243.363429,60062243.363429,2520000000.0,,315305780.27,,,205250631.669,130702039.95
2019-01-08,2580062243.363429,60062243.363429,2520000000.0,,324974464.39,,,202500353.359,131803985.81
2019-01-09,2580062243.363429,60062243.363429,2520000000.0,,343019599.69,,,201973963.359,131939122.81
2019-01-10,2580062243.363429,60062243.363429,2520000000.0,,355864957.24,,,201988013.359,131345322.88
2019-01-11,2580062243.363429,60062243.363429,2520000000.0,,359408458.42,,,202991074.249,132660549.19
2019-01-12,2580062243.363429,60062243.363429,2520000000.0,,361463429.12,,,202991074.249,133016419.33
2019-01-13,2580062243.363429,60062243.363429,2520000000.0,,368619344.52,,,202924867.129,133016419.33
2019-01-14,2580062243.363429,60062243.363429,2520000000.0,,361376017.02,,,206256046.129,137069672.33
2019-01-15,2580062243.363429,60062243.363429,2520000000.0,,356953828.24,,,206517824.129,138983506.78
2019-01-16,2580062243.363429,60062243.363429,2520000000.0,,353098123.79,,,207760601.039,133486589.85
2019-01-17,2580062243.363429,60062243.363429,2520000000.0,,363986730.21,,,207938603.039,137453706.38
2019-01-18,2580062243.363429,60062243.363429,2520000000.0,,348225348.88,,,207931254.039,135801227.81
2019-01-19,2580062243.363429,60062243.363429,2520000000.0,,348221184.78,,,207931254.039,140576033.86
2019-01-20,2580062243.363429,60062243.363429,2520000000.0,,348216147.58,,,207921254.039,140576033.86
2019-01-21,2580057493.363429,60057493.363429,2520000000.0,,347960778.48,,,207836793.219,139452484.09
2019-01-22,2580057493.363429,60057493.363429,2520000000.0,,346208286.81,,,207628266.999,137665694.96
2019-01-23,2580057493.363429,60057493.363429,2520000000.0,,349657002.05,,,207688123.349,135786645.97
2019-01-24,2580057493.363429,60057493.363429,2520000000.0,,340142867.97,,,207631749.489,139305760.43
2019-01-25,2580057493.363429,60057493.363429,2520000000.0,,342720550.96,,,209651617.359,136055635.61
2019-01-26,2580057493.363429,60057493.363429,2520000000.0,,334869680.36,,,209017629.529,135029393.89
2019-01-27,2580057493.363429,60057493.363429,2520000000.0,,341164985.77,,,208984721.019,134672275.29
2019-01-28,2580057493.363429,60057493.363429,2520000000.0,,333600770.54,,,209424591.819,133462069.97
2019-01-29,2580057493.363429,60057493.363429,2520000000.0,,323568775.4,,,207745245.009,130831103.1
2019-01-30,2580057493.363429,60057493.363429,2520000000.0,,323536949.45,,,207680568.75,129014607.65
2019-01-31,2580057493.363429,60057493.363429,2520000000.0,,307793723.65,,,207460601.54,127673513.1
2019-02-01,2580057493.363429,60057493.363429,2520000000.0,,308008192.25,,,206964070.8,123902515.33
2019-02-02,2580057493.363429,60057493.363429,2520000000.0,,308202453.95,,,206255039.31,122829611.97
2019-02-03,2580057493.363429,60057493.363429,2520000000.0,,308197285.75,,,206999033.31,122381492.55
2019-02-04,2580057493.363429,60057493.363429,2520000000.0,,302348641.3,,,205854387.47,121803490.49
2019-02-05,2580057493.363429,60057493.363429,2520000000.0,,295499007.35,,,205897823.39,121303824.61
2019-02-06,2580057493.363429,60057493.363429,2520000000.0,,292327942.07,,,204979720.41,120589015.78
2019-02-07,2580057493.363429,60057493.363429,2520000000.0,,287168201.17,,,204863918.89,122099969.51
2019-02-08,2580057493.363429,60057493.363429,2520000000.0,,287429635.8,,,204885918.89,121549982.01
2019-02-09,2580057493.363429,60057493.363429,2520000000.0,,287874975.2,,,204866595.89,121020460.64
2019-02-10,2580057493.363429,60057493.363429,2520000000.0,,287870272.2,,,204075030.05,120770560.64
2019-02-11,2580057493.363429,60057493.363429,2520000000.0,,258490379.49,,,206432925.71,119074480.82
2019-02-12,2580057493.363429,60057493.363429,2520000000.0,,258549736.81,,,206047264.88,117936420.52
2019-02-13,2580057493.363429,60057493.363429,2520000000.0,,257152076.8,,,206075381.82,116491364.94
2019-02-14,2580057493.363429,60057493.363429,2520000000.0,,247581954.24,,,207187881.82,116233428.74
2019-02-15,2580057493.363429,60057493.363429,2520000000.0,,248191066.09,,,207591837.11,114847554.41
2019-02-16,2580057493.363429,60057493.363429,2520000000.0,,244910542.29,,,207591837.11,114487342.08
2019-02-17,2580057493.363429,60057493.363429,2520000000.0,,244625913.19,,,207591837.11,113932102.88
2019-02-18,2580057493.363429,60057493.363429,2520000000.0,,244753516.09,,,205470175.12,114484620.94
2019-02-19,2580057493.363429,60057493.363429,2520000000.0,,244784065.91,,,207602207.8,113977148.67
2019-02-20,2580057493.363429,60057493.363429,2520000000.0,,245749082.12,,,207233444.86,113189251.18
2019-02-21,2580057493.363429,60057493.363429,2520000000.0,,245722296.86,,,205477702.28,112755295.14
2019-02-22,2580057493.363429,60057493.363429,2520000000.0,,232978905.47,,,204547625.31,116437065.3
2019-02-23,2580057493.363429,60057493.363429,2520000000.0,,233274402.07,,,203701699.16,116437065.3
2019-02-24,2580057493.363429,60057493.363429,2520000000.0,,233266984.87,,,203003401.0,115829642.83
2019-02-25,2580057493.363429,60057493.363429,2520000000.0,,231551253.85,,,202104836.22,114661777.14
2019-02-26,2580057493.363429,60057493.363429,2520000000.0,,233740882.24,,,203073502.72,113718837.9
2019-02-27,2580057493.363429,60057493.363429,2520000000.0,,235892536.27,,,202613672.94,112854195.02
2019-02-28,2580057493.363429,60057493.363429,2520000000.0,,236917932.17,,,201729657.74,109543189.7
2019-03-01,2580057493.363429,60057493.363429,2520000000.0,,239416576.47,,,201248647.55,112136730.83
2019-03-02,2580057493.363429,60057493.363429,2520000000.0,,239885806.77,,,200928301.81,115352671.0
2019-03-03,2580057493.363429,60057493.363429,2520000000.0,,239878853.67,,,200927301.81,115352671.0
2019-03-04,2580057493.363429,60057493.363429,2520000000.0,,241245646.4,,,201301204.37,117527092.02
2019-03-05,2580057493.363429,60057493.363429,2520000000.0,,241559231.31,,,199780809.57,118036671.99
2019-03-06,2580057493.363429,60057493.363429,2520000000.0,,242408133.66,,,198888820.33,117440474.34
2019-03-07,2580057493.363429,60057493.363429,2520000000.0,,238864565.51,,,198922576.16,117395036.89
2019-03-08,2580057493.363429,60057493.363429,2520000000.0,,244271340.64,,,199027542.16,117197219.67
2019-03-09,2580057493.363429,60057493.363429,2520000000.0,,240315047.24,,,199179368.89,117438232.24
2019-03-10,2580057493.363429,60057493.363429,2520000000.0,,240309466.14,,,199179368.89,117488232.24
2019-03-11,2580057493.363429,60057493.363429,2520000000.0,,240928232.65,,,198652060.02,116424004.63
2019-03-12,2580057493.363429,60057493.363429,2520000000.0,,240907638.96,,,199370043.02,117194848.86
2019-03-13,2580057493.363429,60057493.363429,2520000000.0,,240874243.03,,,198508067.82,117362818.76
2019-03-14,2580057493.363429,60057493.363429,2520000000.0,,241070766.62,,,198365386.89,118236938.53
2019-03-15,2580057493.363429,60057493.363429,2520000000.0,,239891104.0,,,198908612.32,117962871.84
2019-03-16,2580057493.363429,60057493.363429,2520000000.0,,239885544.9,,,198896502.65,117911994.32
2019-03-17,2580057493.363429,60057493.363429,2520000000.0,,239878221.5,,,198896502.65,116660799.7
2019-03-18,2580057493.363429,60057493.363429,2520000000.0,,240289434.16,,,200502352.65,119412976.7
2019-03-19,2580057493.363429,60057493.363429,2520000000.0,,240380851.78,,,200982592.65,119581229.79
2019-03-20,2580057493.363429,60057493.363429,2520000000.0,,240935481.78,,,202639801.2,117085069.09
2019-03-21,2580057493.363429,60057493.363429,2520000000.0,,244137606.25,,,203120643.65,119320879.44
2019-03-22,2580057493.363429,60057493.363429,2520000000.0,,244963801.54,,,203095205.24,119268722.75
2019-03-23,2580057493.363429,60057493.363429,2520000000.0,,245133465.14,,,203078205.24,118990723.65
2019-03-24,2580057493.363429,60057493.363429,2520000000.0,,245511587.94,,,203070364.06,118726741.55
2019-03-25,2580057493.363429,60057493.363429,2520000000.0,,246909125.88,,,201703999.33,119396911.3
2019-03-26,2580057493.363429,60057493.363429,2520000000.0,,245644272.88,,,201519724.56,119331162.09
2019-03-27,2580057493.363429,60057493.363429,2520000000.0,,245927457.61,,,200819626.16,120083796.85
2019-03-28,2580057493.363429,60057493.363429,2520000000.0,,246407818.02,,,198917007.92,118654993.25
2019-03-29,2580057493.363429,60057493.363429,2520000000.0,,246604785.35,,,198897280.61,118048457.66
2019-03-30,2580057493.363429,60057493.363429,2520000000.0,,246621105.71,,,198982290.61,118048457.66
2019-03-31,2580057493.363429,60057493.363429,2520000000.0,,246694704.21,,,198982290.61,118082745.66
2019-04-01,2580057493.363429,60057493.363429,2520000000.0,,252851081.73,,,196578867.29,115243999.86
2019-04-02,2580057493.363429,60057493.363429,2520000000.0,,257036800.34,,,199493600.09,111537157.41
2019-04-03,2580057493.363429,60057493.363429,2520000000.0,,256833720.5,,,198928637.26,112105829.58
2019-04-04,2580057493.363429,60057493.363429,2520000000.0,,258166538.55,,,198839694.52,111064101.72
2019-04-05,2580057493.363429,60057493.363429,2520000000.0,,261108195.55,,,200305448.73,107807931.53
2019-04-06,2580057493.363429,60057493.363429,2520000000.0,,261097389.15,,,200305448.73,108006122.94
2019-04-07,2580057493.363429,60057493.363429,2520000000.0,,261091002.95,,,200305448.73,107928279.27
2019-04-08,2630057493.363429,110057493.363429,2520000000.0,,261407840.79,,,200441681.24,106692846.2
2019-04-09,2630057493.363429,110057493.363429,2520000000.0,,266551321.19,,,200303352.31,110969877.42
2019-04-10,2680057493.363429,160057493.363429,2520000000.0,,263125521.58,,,200871518.31,110470412.79
2019-04-11,2680057493.363429,160057493.363429,2520000000.0,,259449873.28,,,201478741.55,107438739.87
2019-04-12,2680057493.363429,160057493.363429,2520000000.0,,259865102.89,,,199757903.01,107728103.61
2019-04-13,2680057493.363429,160057493.363429,2520000000.0,,259852333.39,,,199757903.01,107870755.24
2019-04-14,2680057493.363429,160057493.363429,2520000000.0,,259846276.19,,,199757903.01,110352061.47
2019-04-15,2750057493.363429,230057493.363429,2520000000.0,,259927861.71,,,199053394.14,109159383.77
2019-04-16,2750057503.363429,230057493.363429,2520000000.0,10.0,259931514.86,,,197810257.2,109451947.48
2019-04-17,2750057503.363429,230057493.363429,2520000000.0,10.0,256375160.27,,,198545527.11,110405995.32
2019-04-18,2800057503.963429,230057493.363429,2520000000.0,50000010.6,252994756.17,,,198326268.66,108288741.56
2019-04-19,2800057503.963429,230057493.363429,2520000000.0,50000010.6,253058426.43,,,201508973.64,108062539.49
2019-04-20,2800057503.963429,230057493.363429,2520000000.0,50000010.6,253441687.23,,,201508973.64,108706082.33
2019-04-21,2800057503.963429,230057493.363429,2520000000.0,50000010.6,252295497.18,,,199732733.96,108706082.33
2019-04-22,2800058503.963429,230057493.363429,2520000000.0,50001010.6,252277143.51,,,199735069.55,105376373.69
2019-04-23,2800058503.963429,230057493.363429,2520000000.0,50001010.6,252902459.05,,,200186536.06,104529391.95
2019-04-24,3219958503.963429,300057493.363429,2820000000.0,99901010.6,252608356.77,,,198299134.14,112590185.49
2019-04-25,3326458503.963429,400057493.363429,2820000000.0,106401010.6,257358733.72,,,197703618.31,111843134.99
2019-04-26,3326458503.963429,400057493.363429,2820000000.0,106401010.6,292244439.17,,,205752686.69,128711836.35
2019-04-27,3352458503.963429,400057493.363429,2820000000.0,132401010.6,292236760.57,,,205752686.69,131557772.35
2019-04-28,3357959503.963429,400057493.363429,2820000000.0,137902010.6,292042224.08,,,205752686.69,134006273.35
2019-04-29,3357959503.963429,400057493.363429,2820000000.0,137902010.6,292071916.57,,,206995293.61,152500791.39
2019-04-30,3357959503.963429,400057493.363429,2820000000.0,137902010.6,293184174.06,,,208021787.61,160737039.03
2019-05-01,3357959503.963429,400057493.363429,2820000000.0,137902010.6,294495534.03,,,213169998.31,162516294.19
2019-05-02,3357959503.963429,400057493.363429,2820000000.0,137902010.6,293460453.21,,,219958543.26,167950897.58
2019-05-03,3357959503.963429,400057493.363429,2820000000.0,137902010.6,296709856.7,,,221995271.62,177002728.22
2019-05-04,3357959503.963429,400057493.363429,2820000000.0,137902010.6,299326668.2,,,221995271.62,180105559.68
2019-05-05,3357959503.963429,400057493.363429,2820000000.0,137902010.6,300034594.35,,,221995271.62,182613402.68
2019-05-06,3357959503.963429,400057493.363429,2820000000.0,137902010.6,305888264.48,,,228348623.21,180283131.36
2019-05-07,3357959503.963429,400057493.363429,2820000000.0,137902010.6,310900969.07,,,229447249.1,178614806.41
2019-05-08,3357959503.963429,400057493.363429,2820000000.0,137902010.6,325009130.19,,,230611998.18,179886978.43
2019-05-09,3357959503.963429,400057493.363429,2820000000.0,137902010.6,324976513.49,,,233022266.07,181740725.4
2019-05-10,3283959503.963429,400057493.363429,2820000000.0,63902010.6,327171642.84,,,234148207.07,190974408.22
2019-05-11,3283959503.963429,400057493.363429,2820000000.0,63902010.6,327816336.24,,,234148207.07,190974408.22
2019-05-12,3283959503.963429,400057493.363429,2820000000.0,63902010.6,327807472.24,,,234148207.07,193424492.76
2019-05-13,3283959503.963429,400057493.363429,2820000000.0,63902010.6,337884783.97,,,233661992.07,193866758.76
2019-05-14,3283959503.963429,400057493.363429,2820000000.0,63902010.6,347923712.72,,,236018122.07,197737396.76
2019-05-15,3257959503.963429,400057493.363429,2820000000.0,37902010.6,352260108.32,,,236473546.45,194671487.31
2019-05-16,3257959503.963429,400057493.363429,2820000000.0,37902010.6,356816022.39,,,241307958.11,183358900.42
2019-05-17,3257959503.963429,400057493.363429,2820000000.0,37902010.6,359103330.48,,,241036263.0,183624181.49
2019-05-18,3257959503.963429,400057493.363429,2820000000.0,37902010.6,358967969.18,,,243675255.47,184374963.45
2019-05-19,3257959503.963429,400057493.363429,2820000000.0,37902010.6,358951228.68,,,243245256.88,189992551.18
2019-05-20,3257959503.963429,400057493.363429,2820000000.0,37902010.6,359043390.23,,,243204076.02,184515864.06
2019-05-21,3257959503.963429,400057493.363429,2820000000.0,37902010.6,358961183.04,,,242629693.66,180222931.22
2019-05-22,3257959503.963429,400057493.363429,2820000000.0,37902010.6,360254492.44,,,241716538.72,178228459.17
2019-05-23,3257959503.963429,400057493.363429,2820000000.0,37902010.6,360229126.47,,,241904590.46,178031421.1
2019-05-24,3357959503.963429,500057493.363429,2820000000.0,37902010.6,360363270.22,,,242380930.42,177282633.95
2019-05-25,3357959503.963429,500057493.363429,2820000000.0,37902010.6,362199087.21,,,242380930.42,176804227.32
2019-05-26,3357959503.963429,500057493.363429,2820000000.0,37902010.6,362688012.49,,,242380930.42,176910127.1
2019-05-27,3357959503.963429,500057493.363429,2820000000.0,37902010.6,361883070.11,,,234086117.77,170727517.81
2019-05-28,3357959503.963429,500057493.363429,2820000000.0,37902010.6,361201789.54,,,233682142.25,172560435.77
2019-05-29,3507959503.963429,650057493.363429,2820000000.0,37902010.6,359229051.92,,,233836950.25,176110607.97
2019-05-30,3507959503.963429,650057493.363429,2820000000.0,37902010.6,340343280.22,,,242542754.25,165240241.48
2019-05-31,3507959503.963429,650057493.363429,2820000000.0,37902010.6,334092929.79,,,243290346.85,165306284.89
2019-06-01,3507959503.963429,650057493.363429,2820000000.0,37902010.6,334395319.66,,,243070512.78,166743715.73
2019-06-02,3507959503.963429,650057493.363429,2820000000.0,37902010.6,334375974.36,,,242954014.37,166743715.73
2019-06-03,3507959503.963429,650057493.363429,2820000000.0,37902010.6,334974089.04,,,242272647.89,164541512.96
2019-06-04,3507959503.963429,650057493.363429,2820000000.0,37902010.6,335841117.37,,,242809534.39,165217606.71
2019-06-05,3507959503.963429,650057493.363429,2820000000.0,37902010.6,338155516.69,,,247331395.84,165841224.83
2019-06-06,3507959503.963429,650057493.363429,2820000000.0,37902010.6,338877321.45,,,252276134.6,170942798.42
2019-06-07,3507959503.963429,650057493.363429,2820000000.0,37902010.6,338940078.67,,,253419875.87,178118086.17
2019-06-08,3507959503.963429,650057493.363429,2820000000.0,37902010.6,338905614.37,,,253419875.87,178118086.17
2019-06-09,3507959503.963429,650057493.363429,2820000000.0,37902010.6,338896356.27,,,253413783.15,178118086.17
2019-06-10,3507959503.963429,650057493.363429,2820000000.0,37902010.6,341235744.35,,,249333444.86,175381870.84
2019-06-11,3657959503.963429,800057493.363429,2820000000.0,37902010.6,340866783.38,,,249256430.46,170075946.56
2019-06-12,3657959503.963429,800057493.363429,2820000000.0,37902010.6,341845434.82,,,248101363.45,178601084.44
2019-06-13,3657959503.963429,800057493.363429,2820000000.0,37902010.6,344525365.29,,,245197641.23,172824139.56
2019-06-14,3657959503.963429,800057493.363429,2820000000.0,37902010.6,349547922.98,,,245102624.46,175852371.21
2019-06-15,3657959503.963429,800057493.363429,2820000000.0,37902010.6,349973279.48,,,244185813.05,179374583.65
2019-06-16,3757959503.963429,900057493.363429,2820000000.0,37902010.6,349473678.11,,,242391454.62,179374583.65
2019-06-17,3757959503.963429,900057493.363429,2820000000.0,37902010.6,347830518.17,,,232400668.49,168005827.45
2019-06-18,3757959503.963429,900057493.363429,2820000000.0,37902010.6,347427143.22,,,232320738.71,167856004.72
2019-06-19,3757959503.963429,900057493.363429,2820000000.0,37902010.6,346649561.87,,,227480642.3,161158768.2
2019-06-20,3757959503.963429,900057493.363429,2820000000.0,37902010.6,347450605.27,,,227826612.16,158648061.54
2019-06-21,3857959503.963429,1000057493.363429,2820000000.0,37902010.6,343974653.73,,,224090924.89,159432087.13
2019-06-22,3857959503.963429,1000057493.363429,2820000000.0,37902010.6,343458936.41,,,223089825.84,159432087.13
2019-06-23,3857959503.963429,1000057493.363429,2820000000.0,37902010.6,344933479.49,,,223089825.84,159432087.13
2019-06-24,3857959503.963429,1000057493.363429,2820000000.0,37902010.6,346599088.57,,,217202245.39,149468521.05
2019-06-25,3857959503.963429,1000057493.363429,2820000000.0,37902010.6,345378038.79,,,213280824.82,151877480.19
2019-06-26,3857959503.963429,1000057493.363429,2820000000.0,37902010.6,354419275.46,,,212243410.82,142028893.0
2019-06-27,3857959503.963429,1000057493.363429,2820000000.0,37902010.6,360717860.81,,,212906622.23,151521148.78
2019-06-28,3857959503.963429,1000057493.363429,2820000000.0,37902010.6,363861667.06,,,214211972.23,164099588.07
2019-06-29,3857959503.963429,1000057493.363429,2820000000.0,37902010.6,366598493.96,,,214411972.23,164099588.07
2019-06-30,3857959503.963429,1000057493.363429,2820000000.0,37902010.6,366634882.86,,,214411972.23,164099588.07
2019-07-01,3957959503.963429,1100057493.363429,2820000000.0,37902010.6,368009593.33,,,214409917.23,148683058.29
2019-07-02,3957959503.963429,1100057493.363429,2820000000.0,37902010.6,371166412.96,,,214357035.43,154311923.61
2019-07-03,3957959503.963429,1100057493.363429,2820000000.0,37902010.6,367716652.2,,,216141087.85,159640529.96
2019-07-04,4057959503.963429,1200057493.363429,2820000000.0,37902010.6,367640070.16,,,215822180.42,158685614.97
2019-07-05,4057959503.963429,1200057493.363429,2820000000.0,37902010.6,368737143.75,,,217251476.33,163085763.02
2019-07-06,4057959503.963429,1200057493.363429,2820000000.0,37902010.6,370316949.97,,,217246595.33,163085763.02
2019-07-07,4057959503.963429,1200057493.363429,2820000000.0,37902010.6,370301500.97,,,217045592.33,163085763.02
2019-07-08,4157959503.963429,1300057493.363429,2820000000.0,37902010.6,377302567.96,,,209242948.71,153610822.25
2019-07-09,4257959503.963429,1400057493.363429,2820000000.0,37902010.6,376309497.89,,,209229982.47,142356146.65
2019-07-10,4257959503.963429,1400057493.363429,2820000000.0,37902010.6,378530392.87,,,205434878.4,145354585.09
2019-07-11,4257959503.963429,1400057493.363429,2820000000.0,37902010.6,378460059.18,,,211849526.14,150655729.18
2019-07-12,4257959503.963429,1400057493.363429,2820000000.0,37902010.6,382211740.16,,,216479852.21,158907235.41
2019-07-13,4307959503.963429,1400057493.363429,2820000000.0,87902010.6,382701623.06,,,217604696.09,164803324.83
2019-07-14,4307959503.963429,1400057493.363429,2820000000.0,87902010.6,382656859.63,,,217604696.09,164803324.83
2019-07-15,4307959503.963429,1400057493.363429,2820000000.0,87902010.6,383381451.74,,,216812807.16,172288199.51
2019-07-16,4307959503.963429,1400057493.363429,2820000000.0,87902010.6,403386701.23,,,221656365.53,171810942.97
2019-07-17,4357959503.963429,1450057493.363429,2820000000.0,87902010.6,424266298.5,,,223687000.89,181436923.81
2019-07-18,4357959503.963429,1450057493.363429,2820000000.0,87902010.6,423645045.06,,,223804875.89,192999992.13
2019-07-19,4369959503.963429,1450057493.363429,2820000000.0,99902010.6,405567983.41,,,208131896.72,169989447.4
2019-07-20,4369959503.963429,1450057493.363429,2820000000.0,99902010.6,405453562.5,,,208125196.72,169989447.4
2019-07-21,4369959503.963429,1450057493.363429,2820000000.0,99902010.6,405007338.4,,,207974196.72,178756496.4
2019-07-22,4369959503.963429,1450057493.363429,2820000000.0,99902010.6,405776075.51,,,207501198.97,182316265.98
2019-07-23,4369959503.963429,1450057493.363429,2820000000.0,99902010.6,404428297.53,,,207420713.91,185568926.33
2019-07-24,4369959503.963429,1450057493.363429,2820000000.0,99902010.6,421946786.94,,,207491147.72,189460423.9
2019-07-25,4369959503.963429,1450057493.363429,2820000000.0,99902010.6,421526737.06,,,207204979.31,196370266.0
2019-07-26,4369959503.963429,1450057493.363429,2820000000.0,99902010.6,423920937.48,,,207611649.26,202533598.19
2019-07-27,4369959503.963429,1450057493.363429,2820000000.0,99902010.6,423872380.81,,,208211791.56,208342768.83
2019-07-28,4369959503.963429,1450057493.363429,2820000000.0,99902010.6,423849505.63,,,208211791.56,213861263.89
2019-07-29,4369959503.963429,1450057493.363429,2820000000.0,99902010.6,437214064.94,,,206386697.06,230539816.03
2019-07-30,4369959503.963429,1450057493.363429,2820000000.0,99902010.6,437320421.5,,,204258858.42,234313637.62
2019-07-31,4377459503.963429,1450057493.363429,2820000000.0,107402010.6,436169024.91,,,207701005.37,241194726.15
2019-08-01,4377459503.963429,1450057493.363429,2820000000.0,107402010.6,429576841.83,,,207229893.37,246194726.15
2019-08-02,4377459503.963429,1450057493.363429,2820000000.0,107402010.6,422975308.28,,,206258710.46,237645696.42
2019-08-03,4377459503.963429,1450057493.363429,2820000000.0,107402010.6,423798134.36,,,206595471.08,245145696.42
2019-08-04,4377459503.963429,1450057493.363429,2820000000.0,107402010.6,423787283.64,,,206595471.08,248145696.42
2019-08-05,4202459503.963429,1550057493.363429,2545000000.0,107402010.6,431616390.09,,,204256072.45,234340940.4
2019-08-06,4202459503.963429,1550057493.363429,2545000000.0,107402010.6,434235241.28,,,200154620.53,235278478.76
2019-08-07,4202459503.963429,1550057493.363429,2545000000.0,107402010.6,433747255.82,,,198640579.85,220278478.76
2019-08-08,4207459503.963429,1550057493.363429,2545000000.0,112402010.6,432366493.49,,,198334916.1,213548113.54
2019-08-09,4207459503.963429,1550057493.363429,2545000000.0,112402010.6,421695955.08,,,195281511.97,203048113.54
2019-08-10,4207459503.963429,1550057493.363429,2545000000.0,112402010.6,423676700.8,,,197400463.24,203048113.54
2019-08-11,4207459503.963429,1550057493.363429,2545000000.0,112402010.6,423640049.8,,,198000463.24,208264831.59
2019-08-12,4207459503.963429,1550057493.363429,2545000000.0,112402010.6,422924833.05,,,195422593.72,206354831.59
2019-08-13,4207459503.963429,1550057493.363429,2545000000.0,112402010.6,422321847.68,,,193810693.74,192354831.59
2019-08-14,4207459503.963429,1550057493.363429,2545000000.0,112402010.6,419515510.72,,,194103770.88,196354831.59
2019-08-15,4207459503.963429,1550057493.363429,2545000000.0,112402010.6,419559745.77,,,195076574.68,185817401.89
2019-08-16,4207459503.963429,1550057493.363429,2545000000.0,112402010.6,421113472.56,,,194806985.49,192136274.48
2019-08-17,4207459503.963429,1550057493.363429,2545000000.0,112402010.6,420106981.22,,,195591387.62,192136274.48
2019-08-18,4207459503.963429,1550057493.363429,2545000000.0,112402010.6,421097154.38,,,195591387.62,192136274.48
2019-08-19,4207459503.963429,1550057493.363429,2545000000.0,112402010.6,419020638.03,,,195324010.57,198136274.48
2019-08-20,4207459503.963429,1550057493.363429,2545000000.0,112402010.6,416936845.33,,,193394454.81,196460623.17
2019-08-21,4207459503.963429,1550057493.363429,2545000000.0,112402010.6,439454576.5,,,192889908.36,197110623.17
2019-08-22,4207459503.963429,1550057493.363429,2545000000.0,112402010.6,439819407.06,,,194225559.72,197110623.17
2019-08-23,4207459503.963429,1550057493.363429,2545000000.0,112402010.6,439379642.84,,,195047274.99,199825916.55
2019-08-24,4207459503.963429,1550057493.363429,2545000000.0,112402010.6,438061079.39,,,194951455.1,199825916.55
2019-08-25,4207459503.963429,1550057493.363429,2545000000.0,112402010.6,437359326.94,,,195485255.1,199825916.55
2019-08-26,4207459503.963429,1550057493.363429,2545000000.0,112402010.6,430587713.25,,,193848671.58,200798118.98
2019-08-27,4207459503.963429,1550057493.363429,2545000000.0,112402010.6,425785641.24,,,193772435.95,198916994.54
2019-08-28,4207459503.963429,1550057493.363429,2545000000.0,112402010.6,425882590.16,,,194345455.53,197436996.02
2019-08-29,4207459503.963429,1550057493.363429,2545000000.0,112402010.6,449703589.42,,,196360797.37,198448424.7
2019-08-30,4207459503.963429,1550057493.363429,2545000000.0,112402010.6,453832498.13,,,199756110.71,200065116.63
2019-08-31,4207459503.963429,1550057493.363429,2545000000.0,112402010.6,453807796.33,,,199743109.71,200065116.63
2019-09-01,4207459503.963429,1550057493.363429,2545000000.0,112402010.6,453785689.87,,,199718109.71,200065116.63
2019-09-02,4217459503.963429,1560057493.363429,2545000000.0,112402010.6,450249244.11,,,202815454.51,201065116.63
2019-09-03,4232459503.963429,1575057493.363429,2545000000.0,112402010.6,443457931.46,,,200608588.57,219918558.33
2019-09-04,4232459503.963429,1575057493.363429,2545000000.0,112402010.6,429685281.97,,,195506055.77,223580879.13
2019-09-05,4232459503.963429,1575057493.363429,2545000000.0,112402010.6,452909061.44,,0.0,196912904.07,233898391.42
2019-09-06,4272459503.963429,1615057493.363429,2545000000.0,112402010.6,446299729.74,,0.0,198513127.07,237650479.37
2019-09-07,4272459503.963429,1615057493.363429,2545000000.0,112402010.6,446573961.54,,0.0,198802021.53,237650479.37
2019-09-08,4272459503.963429,1615057493.363429,2545000000.0,112402010.6,443564278.31,,0.0,198868513.17,237650479.37
2019-09-09,4272459503.963429,1615057493.363429,2545000000.0,112402010.6,440275161.24,,0.0,194411177.25,236367643.25
2019-09-10,4292459503.963429,1635057493.363429,2545000000.0,112402010.6,438825659.61,,27.0,194207062.21,234107742.72
2019-09-11,4292459503.963429,1635057493.363429,2545000000.0,112402010.6,435944287.41,,6000093.3,190356989.86,240277853.91
2019-09-12,4592459503.963429,1935057493.363429,2545000000.0,112402010.6,434901439.84,,6000144.85,195061927.87,239452873.11
2019-09-13,4607459503.963429,1950057493.363429,2545000000.0,112402010.6,427735330.24,,6000148.6,197464787.25,237071887.21
2019-09-14,4607459503.963429,1950057493.363429,2545000000.0,112402010.6,427265281.39,,6000148.6,197900859.69,237071887.21
2019-09-15,4607459503.963429,1950057493.363429,2545000000.0,112402010.6,426745988.59,,6000148.6,197890848.11,237071887.21
2019-09-16,4207459503.963429,1950057493.363429,2145000000.0,112402010.6,423132589.04,,6000173.6,194226072.17,234286539.15
2019-09-17,4207459503.963429,1950057493.363429,2145000000.0,112402010.6,413655574.42,,6000187.6,193198524.27,230584532.73
2019-09-18,4207459503.963429,1950057493.363429,2145000000.0,112402010.6,403687025.57,,8011285.47,191201838.72,227703631.93
2019-09-19,4207459503.963429,1950057493.363429,2145000000.0,112402010.6,401847886.57,,8011285.47,187078740.12,228704347.82
2019-09-20,4207459503.963429,1950057493.363429,2145000000.0,112402010.6,395065008.88,,8092369.83,185034033.82,227819673.16
2019-09-21,4207459503.963429,1950057493.363429,2145000000.0,112402010.6,394388900.42,,8092369.83,185332037.82,227819673.16
2019-09-22,4207459503.963429,1950057493.363429,2145000000.0,112402010.6,393680480.93,,8092369.83,187282037.82,227819673.16
2019-09-23,4207459503.963429,1950057493.363429,2145000000.0,112402010.6,390361830.81,,8311990.43,185512302.18,239068902.7
2019-09-24,4222459503.963429,1965057493.363429,2145000000.0,112402010.6,389123862.67,,8507460.93,186390743.53,249225250.78
2019-09-25,4222459503.963429,1965057493.363429,2145000000.0,112402010.6,417396649.25,,16691767.49,188418989.28,257061995.27
2019-09-26,4211395053.380251,1963993042.780251,2145000000.0,102402010.6,418542875.2,,18079651.32,188006508.24,253573007.16
2019-09-27,4211395053.380251,1963993042.780251,2145000000.0,102402010.6,428696057.15,,17763087.56,189712599.29,253666233.69
2019-09-28,4211395053.380251,1963993042.780251,2145000000.0,102402010.6,428466433.44,,17763087.56,190437599.29,253666233.69
2019-09-29,4211395053.380251,1963993042.780251,2145000000.0,102402010.6,428644607.79,,17763087.56,190236599.29,253666233.69
2019-09-30,4237395053.380251,1983993042.780251,2145000000.0,108402010.6,429864296.82,,19257948.22,190309989.7,255103618.88
2019-10-01,4242395053.380251,1983993042.780251,2145000000.0,113402010.6,428116715.56,,19709976.15,194332306.97,259451931.43
2019-10-02,4248395053.380251,1983993042.780251,2145000000.0,119402010.6,457658688.15,,20280618.08,192429847.55,257705122.18
2019-10-03,4250395053.380251,1983993042.780251,2145000000.0,121402010.6,476279676.81,,20631728.08,192374276.79,258991406.68
2019-10-04,4262995053.380251,1983993042.780251,2145000000.0,134002010.6,477086959.37,,20780438.88,192692605.0,257916343.2
2019-10-05,4266995053.380251,1983993042.780251,2145000000.0,138002010.6,476850019.34,,20780438.88,191715265.57,257916343.2
2019-10-06,4268495053.380251,1983993042.780251,2145000000.0,139502010.6,476116406.47,,20780438.88,192857521.7,257916343.2
2019-10-07,4309882653.380251,2003993042.780251,2145000000.0,160889610.6,472236506.66,,20961284.99,190615456.93,257023811.95
2019-10-08,4311382653.380251,2003993042.780251,2145000000.0,162389610.6,468125660.93,,21563797.3,188718624.89,258534563.88
2019-10-09,4314382653.380251,2003993042.780251,2145000000.0,165389610.6,463853342.51,,20883020.0,186567333.74,264144015.48
2019-10-10,4339882653.380251,2023993042.780251,2145000000.0,170889610.6,470026483.23,,22270834.03,183021403.0,257080328.28
2019-10-11,4355582653.380251,2023993042.780251,2145000000.0,186589610.6,469811425.03,,22575415.94,189150045.79,256341345.28
2019-10-12,4363082653.380251,2023993042.780251,2145000000.0,194089610.6,469797422.83,,22575415.94,188914353.29,256341345.28
2019-10-13,4363082653.380251,2023993042.780251,2145000000.0,194089610.6,469609180.83,,22575415.94,188814354.37,256341345.28
2019-10-14,4365582653.380251,2023993042.780251,2145000000.0,196589610.6,469539387.76,,23050446.19,188086289.63,255475644.41
2019-10-15,4365582653.380251,2023993042.780251,2145000000.0,196589610.6,472410584.68,,25797756.6,188061366.74,254428952.45
2019-10-16,4365582653.380251,2023993042.780251,2145000000.0,196589610.6,475764635.24,,27837279.07,187077804.82,250515339.71
2019-10-17,4365582653.380251,2023993042.780251,2145000000.0,196589610.6,475327306.05,,30606774.37,186476050.83,249018550.51
2019-10-18,4385582653.380251,2023993042.780251,2145000000.0,216589610.6,476079662.48,,31764921.27,185973081.95,250328307.56
2019-10-19,4415582653.380251,2023993042.780251,2145000000.0,246589610.6,476391623.59,,31764921.27,186121872.3,250328307.56
2019-10-20,4423582653.380251,2023993042.780251,2145000000.0,254589610.6,476375553.22,,31764921.27,186434873.33,250328307.56
2019-10-21,4448582653.380251,2023993042.780251,2145000000.0,279589610.6,478279902.75,,32423903.47,185721471.64,248500975.35
2019-10-22,4473582653.380251,2023993042.780251,2145000000.0,304589610.6,462925839.75,,33232394.87,181859021.79,256642166.86
2019-10-23,4503582653.380251,2023993042.780251,2145000000.0,334589610.6,464947852.24,,32006894.22,181866882.13,258064027.43
2019-10-24,4619582653.380251,2023993042.780251,2145000000.0,450589610.6,479426046.88,,33685948.4,181784280.87,257865273.22
2019-10-25,4800082653.380251,2023993042.780251,2145000000.0,631089610.6,483396775.39,,34385981.16,182566764.24,259110446.43
2019-10-26,4881076653.380251,2023993042.780251,2145000000.0,712083610.6,483199817.05,,34385981.16,183849203.35,259110446.43
2019-10-27,4942060653.380251,2023993042.780251,2145000000.0,773067610.6,477410229.73,,35415774.43,181442152.79,264204801.51
2019-10-28,4986046653.380251,2023993042.780251,2145000000.0,817053610.6,475418190.55,,34839760.37,180488511.38,261394353.57
2019-10-29,4616046653.380251,2023993042.780251,1775000000.0,817053610.6,472842494.3,,35102237.57,180557512.69,254598026.18
2019-10-30,4616046653.380251,2023993042.780251,1775000000.0,817053610.6,468709256.48,,32577223.11,180527400.34,252693488.96
2019-10-31,4631046653.380251,2023993042.780251,1775000000.0,832053610.6,464533279.55,,32058774.35,180808490.2,247877299.32
2019-11-01,4630763391.706661,2023709781.106661,1775000000.0,832053610.6,472101016.48,,31807422.8,180126445.3,242225955.35
2019-11-02,4634760391.706661,2023709781.106661,1775000000.0,836050610.6,471082434.43,,31807422.8,180376446.39,242225955.35
2019-11-03,4634760391.706661,2023709781.106661,1775000000.0,836050610.6,469515926.49,,31807422.8,179920447.49,242225955.35
2019-11-04,4643260391.706661,2023709781.106661,1775000000.0,844550610.6,448929003.11,,32468701.52,178753306.35,249797569.06
2019-11-05,4643260391.706661,2023709781.106661,1775000000.0,844550610.6,470583275.15,,29526727.25,180949593.91,243372807.35
2019-11-06,4643260391.706661,2023709781.106661,1775000000.0,844550610.6,461303114.92,,26603821.52,175499260.75,243977299.72
2019-11-07,4643260391.706661,2023709781.106661,1775000000.0,844550610.6,460754702.09,,26101401.3,174484476.9,241564172.86
2019-11-08,4643260391.706661,2023709781.106661,1775000000.0,844550610.6,455130368.84,,27280138.98,173267882.8,231494769.59
2019-11-09,4643260391.706661,2023709781.106661,1775000000.0,844550610.6,454603481.64,,27280138.98,173567970.89,231494769.59
2019-11-10,4643260391.706661,2023709781.106661,1775000000.0,844550610.6,453811689.41,,27280138.98,173501968.89,231494769.59
2019-11-11,4643260391.706661,2023709781.106661,1775000000.0,844550610.6,452542961.59,,25838241.25,172767305.26,232372162.55
2019-11-12,4643260391.706661,2023709781.106661,1775000000.0,844550610.6,451692553.55,,24219005.36,172137974.51,227670250.03
2019-11-13,4643260391.706661,2023709781.106661,1775000000.0,844550610.6,449817465.69,0.0,22879483.17,170797188.05,229937967.28
2019-11-14,4643260391.706661,2023709781.106661,1775000000.0,844550610.6,441566002.02,0.0,21621416.53,167510838.47,231924012.05
2019-11-15,4643260391.706661,2023709781.106661,1775000000.0,844550610.6,441263667.14,0.0,22785299.98,167499089.74,226451314.91
2019-11-16,4643260391.706661,2023709781.106661,1775000000.0,844550610.6,443781310.17,0.0,22785299.98,167706235.59,226451314.91
2019-11-17,4643260391.706661,2023709781.106661,1775000000.0,844550610.6,443708786.97,0.0,22785299.98,166845370.86,226451314.91
2019-11-18,4643260391.706661,2023709781.106661,1775000000.0,844550610.6,443573493.1,1480819.8018066636,22886015.12,166722480.09,218245307.63
2019-11-19,4643260391.706661,2023709781.106661,1775000000.0,844550610.6,441668518.33,6941473.363900581,22549199.0,167237868.48,219518001.28
2019-11-20,4643260391.706661,2023709781.106661,1775000000.0,844550610.6,432526562.6,9067090.872656977,24810321.06,167394768.49,220829336.46
2019-11-21,4643260391.706661,2023709781.106661,1775000000.0,844550610.6,444097194.95,12650413.618048253,24644242.03,166663740.63,219307808.01
2019-11-22,4643260391.706661,2023709781.106661,1775000000.0,844550610.6,443675887.35,14662779.54714375,24340843.77,166111703.01,208843099.48
2019-11-23,4673260391.706661,2023709781.106661,1775000000.0,874550610.6,445776954.05,14952508.357484398,24340843.77,167016703.01,208843099.48
2019-11-24,4673260391.706661,2023709781.106661,1775000000.0,874550610.6,445695552.3,14911655.228073366,24340843.77,168411268.79,208843099.48
2019-11-25,4673260391.706661,2023709781.106661,1775000000.0,874550610.6,459961988.04,16624614.759032466,25438129.88,168345197.99,206599879.55
2019-11-26,4673260391.706661,2023709781.106661,1775000000.0,874550610.6,461065774.02,16687034.433250155,25469531.0,167510158.18,206362836.93
2019-11-27,4673260391.706661,2023709781.106661,1775000000.0,874550610.6,466862788.83,16163418.689498851,25287620.15,163029696.63,210286931.29
2019-11-28,4675260391.706661,2023709781.106661,1775000000.0,876550610.6,457575907.46,18231557.84634332,27972497.9,163000297.77,208098092.26
2019-11-29,4675260391.706661,2023709781.106661,1775000000.0,876550610.6,457204686.04,19404463.85336397,26530286.8,162860965.84,218729575.15
2019-11-30,4675260391.706661,2023709781.106661,1775000000.0,876550610.6,457460016.97,20123552.812480707,26530286.8,162714528.33,218729575.15
2019-12-01,4675260391.706661,2023709781.106661,1775000000.0,876550610.6,458676713.83,21894717.215828866,26530286.8,162177079.96,218729575.15
2019-12-02,4675260391.706661,2023709781.106661,1775000000.0,876550610.6,459404192.6,38911886.47677945,27700811.22,162061393.25,236706167.78
2019-12-03,4675260391.706661,2023709781.106661,1775000000.0,876550610.6,466622689.44,45192640.75895087,27243320.59,157879330.85,241831927.16
2019-12-04,4675260391.706661,2023709781.106661,1775000000.0,876550610.6,465529084.21,45827198.71205156,26583188.37,157932570.67,240126797.25
2019-12-05,4675260391.706661,2023709781.106661,1775000000.0,876550610.6,466135155.78,44768645.74022011,26863497.41,158476681.58,234353952.15
2019-12-06,4675260391.706661,2023709781.106661,1775000000.0,876550610.6,466327789.57,45687537.047924034,26946332.8,161192711.72,235668927.77
2019-12-07,4675260391.706661,2023709781.106661,1775000000.0,876550610.6,465603443.17,44880407.76846898,26946332.8,160365453.01,235668927.77
2019-12-08,4675260391.706661,2023709781.106661,1775000000.0,876550610.6,465501422.07,45509315.79489077,26946332.8,160789430.48,235668927.77
2019-12-09,4875260391.706661,2223709781.106661,1775000000.0,876550610.6,486518167.76,45033853.28434735,26825217.24,160726523.38,236659406.68
2019-12-10,4655260391.706661,2223709781.106661,1555000000.0,876550610.6,482580992.94,44772745.23664108,28430025.94,160856570.96,237515999.14
2019-12-11,4695260391.707661,2223709781.106661,1555000000.0,916550610.601,478556526.52,45593839.1677629,30189272.19,159793573.56,234019017.69
2019-12-12,4695260391.707661,2223709781.106661,1555000000.0,916550610.601,477988192.1,46095036.93921493,29778071.43,159657699.66,233437892.44
2019-12-13,4695260391.707661,2223709781.106661,1555000000.0,916550610.601,476805065.95,46500797.1298692,29436903.26,159629692.78,228918463.51
2019-12-14,4695260391.707661,2223709781.106661,1555000000.0,916550610.601,476868727.86,46354452.78443695,29436903.26,159754039.91,228918463.51
2019-12-15,4695260391.707661,2223709781.106661,1555000000.0,916550610.601,477443907.55,46495104.48815896,29436903.26,159819880.03,228918463.51
2019-12-16,4695260391.707661,2223709781.106661,1555000000.0,916550610.601,469080645.22,49020712.34634762,28785095.47,154627386.62,237175694.17
2019-12-17,4695260391.707661,2223709781.106661,1555000000.0,916550610.601,464053575.8,47841026.72685944,29856878.86,153102144.26,239405197.57
2019-12-18,4720260391.707661,2248709781.106661,1555000000.0,916550610.601,476351671.76,48034456.95546396,29565989.34,156090510.0,241035665.31
2019-12-19,4720260391.707661,2248709781.106661,1555000000.0,916550610.601,512085650.73,49418722.68974512,30082559.95,157023821.04,236934571.32
2019-12-20,4750260391.707661,2278709781.106661,1555000000.0,916550610.601,525091131.17,43832999.40688011,29458571.85,157252250.95,236796542.42
2019-12-21,4750260391.707661,2278709781.106661,1555000000.0,916550610.601,524605217.73,43954339.51291445,29458571.85,157696390.43,236796542.42
2019-12-22,4750260391.707661,2278709781.106661,1555000000.0,916550610.601,525080328.73,44100950.1375034,29458571.85,157941392.71,236796542.42
2019-12-23,4750260391.707661,2278709781.106661,1555000000.0,916550610.601,523953863.62,43882835.71543408,29122912.02,156659589.29,236388725.1
2019-12-24,4750260391.707661,2278709781.106661,1555000000.0,916550610.601,520418838.58,43861774.32493317,27403273.78,155806110.45,231870128.34
2019-12-25,4750260391.707661,2278709781.106661,1555000000.0,916550610.601,519882568.88,43235176.14856486,27403273.78,156156110.45,231870128.34
2019-12-26,4750260391.707661,2278709781.106661,1555000000.0,916550610.601,519664507.33,42581493.28060043,26180113.9,155746575.2,225387560.91
2019-12-27,4770260391.707661,2298709781.106661,1555000000.0,916550610.601,521790696.11,42186671.64448738,26632338.95,154027623.39,222612817.69
2019-12-28,4770260391.707661,2298709781.106661,1555000000.0,916550610.601,521320377.58,42498949.52921004,26632338.95,154011650.31,222612817.69
2019-12-29,4770260391.707661,2298709781.106661,1555000000.0,916550610.601,522104162.33,42865493.00037786,26632338.95,153911651.84,222612817.69
2019-12-30,4770260391.707661,2298709781.106661,1555000000.0,916550610.601,520534631.95,42490810.64904083,26000235.28,154738778.97,224514779.53
2019-12-31,4770260391.707661,2298709781.106661,1555000000.0,916550610.601,520368712.14,42236519.34961447,30914646.25,154057617.1,223522710.32
2020-01-01,4770260391.707661,2298709781.106661,1555000000.0,916550610.601,518631145.83,42275753.65789219,30914646.25,153642618.64,223522710.32
2020-01-02,4770260391.707661,2298709781.106661,1555000000.0,916550610.601,518808345.4,42257178.08488885,30676281.93,152895619.89,220343990.86
2020-01-03,4770260391.707661,2298709781.106661,1555000000.0,916550610.601,518179195.34,43050031.31950972,30749021.7,153052701.78,252336387.93
2020-01-04,4770260391.707661,2298709781.106661,1555000000.0,916550610.601,518117788.38,42647838.4675041,30749021.7,152844073.68,252336387.93
2020-01-05,4770260391.707661,2298709781.106661,1555000000.0,916550610.601,518112180.14,42760631.95295605,30749021.7,153152914.87,252336387.93
2020-01-06,4770118643.712951,2298568033.111951,1555000000.0,916550610.601,514333333.17,44964860.05636265,30244921.17,152189956.4,258310574.29
2020-01-07,4770118643.712951,2298568033.111951,1555000000.0,916550610.601,488795349.33,47210524.30340592,30488717.66,152540459.32,263962910.78
2020-01-08,4770118643.712951,2298568033.111951,1555000000.0,916550610.601,471233989.84,46142209.7681584,28437741.23,147285786.14,265343435.96
2020-01-09,4770118643.712951,2298568033.111951,1555000000.0,916550610.601,461685798.45,45735990.882595055,28281785.08,147481146.98,258635626.37
2020-01-10,4770118643.712951,2298568033.111951,1555000000.0,916550610.601,458346278.16,45049285.88863004,27524408.0,148919972.57,243447461.26
2020-01-11,4770118643.712951,2298568033.111951,1555000000.0,916550610.601,449765642.46,44937454.42566852,27524408.0,149038463.33,243447461.26
2020-01-12,4770118643.712951,2298568033.111951,1555000000.0,916550610.601,449181932.38,45488708.98904124,27524408.0,149423768.33,243447461.26
2020-01-13,4770118643.712951,2298568033.111951,1555000000.0,916550610.601,447499417.44,46094157.5382458,26829664.47,146810505.53,231606788.55
2020-01-14,4770118643.712951,2298568033.111951,1555000000.0,916550610.601,432187981.54,46363402.24979809,30966385.73,148591105.01,232261445.19
2020-01-15,4770118643.712951,2298568033.111951,1555000000.0,916550610.601,450772525.89,47430509.42112217,28378665.01,147747327.34,223871104.02
2020-01-16,4770118643.712951,2298568033.111951,1555000000.0,916550610.601,448750769.92,48050774.186797984,27016668.02,147739021.48,231765540.34
2020-01-17,4770118643.712951,2298568033.111951,1555000000.0,916550610.601,445104375.07,52250803.31792526,30242680.62,145475357.33,222720100.39
2020-01-18,4770118643.712951,2298568033.111951,1555000000.0,916550610.601,444816303.17,53361061.3483608,30242680.62,144003798.74,222720100.39
2020-01-19,4770118643.712951,2298568033.111951,1555000000.0,916550610.601,444557821.77,52963732.90061868,30242680.62,143273062.92,222720100.39
2020-01-20,4770118643.712951,2298568033.111951,1555000000.0,916550610.601,444880658.41,59573427.78743422,39148655.07,142294251.46,218523700.69
2020-01-21,4770118643.712951,2298568033.111951,1555000000.0,916550610.601,447114344.18,60877448.03867621,39042959.16,139236278.07,213791146.68
2020-01-22,4770118643.712951,2298568033.111951,1555000000.0,916550610.601,457460132.49,61139979.00399538,49554427.62,139044782.42,210263059.64
2020-01-23,4770118643.712951,2298568033.111951,1555000000.0,916550610.601,448560164.9,60495278.264383525,49079429.89,138865256.14,210047606.75
2020-01-24,4770118643.712951,2298568033.111951,1555000000.0,916550610.601,448733997.77,59852393.640366286,47516840.51,139198485.31,209454069.17
2020-01-25,4770118643.712951,2298568033.111951,1555000000.0,916550610.601,448730978.37,59082584.68233453,47516840.51,139439522.16,209454069.17
2020-01-26,4770118643.712951,2298568033.111951,1555000000.0,916550610.601,448167340.0,58299746.484214544,47516840.51,139013217.16,209454069.17
2020-01-27,4770118643.712951,2298568033.111951,1555000000.0,916550610.601,446148231.94,56309179.905889966,45699524.67,140881100.9,208648536.46
2020-01-28,4770118643.712951,2298568033.111951,1555000000.0,916550610.601,446069385.74,56144983.80191236,44691969.19,141139203.14,214720144.38
2020-01-29,4770118643.712951,2298568033.111951,1555000000.0,916550610.601,446478586.39,55971708.84555831,42630673.57,140117602.02,218390495.92
2020-01-30,4770118643.712951,2298568033.111951,1555000000.0,916550610.601,440441548.59,55755106.62314857,41860326.41,135592227.36,227843847.62
2020-01-31,4770101121.166395,2298550510.565395,1555000000.0,916550610.601,440729790.0,55500536.618478574,40562789.85,135679205.58,226307039.73
2020-02-01,4770101121.166395,2298550510.565395,1555000000.0,916550610.601,438864190.27,55736378.16457776,40562789.85,136899655.86,226307039.73
2020-02-02,4770101121.166395,2298550510.565395,1555000000.0,916550610.601,437417569.08,54674384.70555396,40562789.85,135954916.21,226307039.73
2020-02-03,4770101121.166395,2298550510.565395,1555000000.0,916550610.601,435888772.14,55574794.290699,30519545.38,138186393.03,223774969.11
2020-02-04,4770101121.166395,2298550510.565395,1555000000.0,916550610.601,434670368.6,54590374.119039625,37009985.31,137308174.3,221570986.49
2020-02-05,4667945530.686395,2298550510.565395,1555000000.0,814395020.121,426580236.03,55427684.03041744,35377813.12,138760334.63,220004373.12
2020-02-06,4667945530.686395,2298550510.565395,1555000000.0,814395020.121,425912114.5,53887352.97531906,30278034.13,139034358.94,226048198.19
2020-02-07,4667945530.686395,2298550510.565395,1555000000.0,814395020.121,423580292.0,51260915.71603679,46368205.13,139348916.82,214203389.85
2020-02-08,4667945530.686395,2298550510.565395,1555000000.0,814395020.121,422106479.29,51593434.60375285,43381010.14,139536310.77,220361374.49
2020-02-09,4667945530.686395,2298550510.565395,1555000000.0,814395020.121,426006203.15,52071588.63571771,43381010.14,139520603.78,220361374.49
2020-02-10,4692945530.686395,2298550510.565395,1555000000.0,839395020.121,421630208.38,51865128.45511112,44169927.44,138580665.77,217022202.3
2020-02-11,4692945530.686395,2298550510.565395,1555000000.0,839395020.121,422434940.03,52279120.80525047,41899089.19,140638924.97,219329774.63
2020-02-12,4692945530.686395,2298550510.565395,1555000000.0,839395020.121,431548674.91,51654641.0000311,46952910.8,140486551.32,214268060.51
2020-02-13,4692945530.686395,2298550510.565395,1555000000.0,839395020.121,429442860.17,51545433.26680568,44529666.69,143258992.56,215284633.04
2020-02-14,4692677572.740854,2298282552.619854,1555000000.0,839395020.121,430560154.7,53244199.911912784,41226590.49,142390139.24,208848628.75
2020-02-15,4712677572.740854,2298282552.619854,1555000000.0,859395020.121,430141522.72,53224650.329124585,41226590.49,142626241.9,208848628.75
2020-02-16,4712677572.740854,2298282552.619854,1555000000.0,859395020.121,429592889.32,53701641.26049367,41226590.49,142846608.14,208848628.75
2020-02-17,4712677572.740854,2298282552.619854,1555000000.0,859395020.121,429602792.32,52630125.55140182,42864668.92,142823861.42,210164988.49
2020-02-18,4716677572.740854,2298282552.619854,1555000000.0,863395020.121,433901907.04,52067658.11569439,54647256.68,142377029.92,209406087.43
2020-02-19,4776677572.740854,2358282552.619854,1555000000.0,863395020.121,435557108.03,51557692.48303004,53481825.62,142286892.12,212342475.64
2020-02-20,4776677572.740854,2658282552.619854,1555000000.0,563395020.121,425361693.79,51131292.42422625,60462412.08,138073250.39,218349106.38
2020-02-21,4776677572.740854,2658282552.619854,1555000000.0,563395020.121,425209328.24,51547457.4412762,59587155.08,141602749.44,222862899.96
2020-02-22,4796677572.740854,2658282552.619854,1555000000.0,583395020.121,426534759.05,50743076.89224007,59587155.08,141117634.38,222862899.96
2020-02-23,4796677572.740854,2658282552.619854,1555000000.0,583395020.121,425892412.16,50969988.488087885,59587155.08,141512745.7,222862899.96
2020-02-24,4856677572.740854,2718282552.619854,1555000000.0,583395020.121,427026100.24,51833474.61497968,66323751.88,140964130.52,203848524.78
2020-02-25,4856677572.740854,2718282552.619854,1555000000.0,583395020.121,427890794.89,51047488.6900612,64905626.16,142534965.66,201592807.78
2020-02-26,4856677572.740854,2718282552.619854,1555000000.0,583395020.121,430062165.4,51920957.15309738,64805303.28,141705626.43,201589715.22
2020-02-27,4871677572.740854,2718282552.619854,1555000000.0,598395020.121,442881958.42,54550579.96166305,69889998.54,141528349.29,201856957.94
2020-02-28,4871677572.740854,2718282552.619854,1555000000.0,598395020.121,445136981.29,52627705.31920371,70338972.78,142573665.5,199687495.74
2020-02-29,4871677572.740854,2718282552.619854,1555000000.0,598395020.121,444856561.48,51963584.5198144,68276678.82,142831353.77,199000258.23
2020-03-01,4871677572.740854,2718282552.619854,1555000000.0,598395020.121,444735361.28,51278171.43618144,68276678.82,142198297.86,199000258.23
2020-03-02,4871677572.740854,2718282552.619854,1555000000.0,598395020.121,457264879.67,49703544.375994034,73480816.96,141442098.1,191106357.73
2020-03-03,4871677572.740854,2718282552.619854,1555000000.0,598395020.121,468037110.84,48322710.554391295,78158832.89,141086959.0,189550743.21
2020-03-04,4871677572.740854,2718282552.619854,1555000000.0,598395020.121,468451011.55,47244429.52268447,86104684.42,135708237.64,190959593.83
2020-03-05,5131515274.708539,2978120254.587539,1555000000.0,598395020.121,463262123.13,46815533.427355394,83904309.45,137359276.13,190508541.31
2020-03-06,5131515274.708539,2978120254.587539,1555000000.0,598395020.121,465621454.1,49338224.93342769,90704218.33,137753856.75,192273073.97
2020-03-07,5131515274.708539,2978120254.587539,1555000000.0,598395020.121,465281779.53,49288942.19074839,90704218.33,137788791.91,192273073.97
2020-03-08,5131515274.708539,2978120254.587539,1555000000.0,598395020.121,465060651.62,49325546.86614515,90704218.33,138992163.27,192273073.97
2020-03-09,5191515274.708539,3038120254.587539,1555000000.0,598395020.121,459028150.54,49990005.83998149,97678590.47,129297782.24,200359124.43
2020-03-10,5191515274.708539,3038120254.587539,1555000000.0,598395020.121,456995579.96,48423935.8877436,114290281.82,128395370.89,205016777.42
2020-03-11,5251515274.708539,3098120254.587539,1555000000.0,598395020.121,467472375.55,48944547.680130176,113423051.36,129074595.68,209207929.36
2020-03-12,5377515274.708539,3218120254.587539,1555000000.0,604395020.121,498814356.49,49697746.27704206,107214746.73,129386282.44,193347099.69
2020-03-13,5492515274.708539,3278120254.587539,1555000000.0,659395020.121,567815436.26,47545231.31873296,126029825.88,131612507.91,214306503.77
2020-03-14,5492515274.708539,3278120254.587539,1555000000.0,659395020.121,563415088.22,45242280.63114575,133125064.77,133900378.06,221965207.07
2020-03-15,5492515274.708539,3278120254.587539,1555000000.0,659395020.121,602032202.02,48498909.50380762,126147223.26,132894283.87,222852632.76
2020-03-16,5542515274.708539,3278120254.587539,1555000000.0,709395020.121,603114925.79,47051708.68588106,136758309.16,135563678.8,217188304.52
2020-03-17,5712515274.708539,3398120254.587539,1555000000.0,759395020.121,627226787.69,50709672.2559336,156909763.05,136805873.5,224690509.26
2020-03-18,5775515274.708539,3458120254.587539,1555000000.0,762395020.121,629390811.83,52869076.11219815,156578666.02,136460466.39,229132117.29
2020-03-19,5955515274.708539,3638120254.587539,1555000000.0,762395020.121,652997713.5,51012895.1172169,161795903.89,138174577.25,234846755.85
2020-03-20,6015515274.708539,3698120254.587539,1555000000.0,762395020.121,645452413.65,54313817.35421096,171138408.31,137940483.29,231578676.98
2020-03-21,6015515274.708539,3698120254.587539,1555000000.0,762395020.121,669682888.72,53296656.393506095,171138408.31,138853285.71,231578676.98
2020-03-22,6015515274.708539,3698120254.587539,1555000000.0,762395020.121,669533163.74,51018311.56886436,173231872.23,139188966.79,232100348.28
2020-03-23,6015515274.708539,3698120254.587539,1555000000.0,762395020.121,674454716.38,52553897.41674222,178957881.91,141013936.2,246876062.92
2020-03-24,6195515274.708539,3878120254.587539,1555000000.0,762395020.121,690861095.12,52903555.04617227,183581872.89,134181335.8,265365570.29
2020-03-25,6315515274.708539,3998120254.587539,1555000000.0,762395020.121,689445425.78,61250733.321026206,183016397.29,140479782.08,267758563.12
2020-03-26,6435515274.708539,4118120254.587539,1555000000.0,762395020.121,686362512.59,55185904.464416586,192149979.89,140303013.12,259891372.12
2020-03-27,6435515274.708539,4118120254.587539,1555000000.0,762395020.121,688142258.98,53856997.07015288,185346233.17,139149871.08,255023379.92
2020-03-28,6435515274.708539,4118120254.587539,1555000000.0,762395020.121,687474595.13,56069251.02225988,185346233.17,138810700.62,255023379.92
2020-03-29,6435515274.708539,4118120254.587539,1555000000.0,762395020.121,695069526.56,56157252.55639975,181488950.77,137136672.74,251981104.21
2020-03-30,6555515274.708539,4238120254.587539,1555000000.0,762395020.121,692847051.9,57069501.18150637,180489487.84,136389747.37,244883290.9
2020-03-31,6555515274.708539,4238120254.587539,1555000000.0,762395020.121,693469078.78,57678711.19289751,187790574.09,136869146.16,248237336.01
2020-04-01,6735515274.708539,4418120254.587539,1555000000.0,762395020.121,693072997.47,57523211.43103989,206686860.31,136218153.4,251709472.12
2020-04-02,6855515274.708539,4538120254.587539,1555000000.0,762395020.121,694405413.79,60817292.32626185,203695621.4,136465462.8,252755935.73
2020-04-03,6855506741.670909,4538111721.549909,1555000000.0,762395020.121,704386672.96,60479150.97131975,198095220.9,135557852.86,249257214.21
2020-04-04,6855506741.670909,4538111721.549909,1555000000.0,762395020.121,703748613.23,60692211.18585157,198095220.9,135627577.91,249257214.21
2020-04-05,6855506741.670909,4538111721.549909,1555000000.0,762395020.121,701389443.89,59756072.7466769,198095220.9,136037633.35,249257214.21
2020-04-06,6975506741.670909,4658111721.549909,1555000000.0,762395020.121,687629883.11,61582337.20244224,187887849.67,136590922.31,250055509.64
2020-04-07,6975506741.670909,4658111721.549909,1555000000.0,762395020.121,696652776.1,62101031.82287663,178278549.51,136356391.13,253129865.89
2020-04-08,6975506741.670909,4658111721.549909,1555000000.0,762395020.121,714879271.69,63104070.52518215,175860222.31,136440452.66,252767513.78
2020-04-09,6975506741.670909,4658111721.549909,1555000000.0,762395020.121,712765062.93,64276537.01989477,181500366.75,136125891.28,255935538.78
2020-04-10,6975506741.670909,4658111721.549909,1555000000.0,762395020.121,710815736.96,65490183.065169394,186610640.9,135759730.7,255562412.47
2020-04-11,6975506741.670909,4658111721.549909,1555000000.0,762395020.121,709301618.16,65561591.65966149,186610640.9,136459255.3,255562412.47
2020-04-12,6975506741.670909,4658111721.549909,1555000000.0,762395020.121,717564830.97,65646224.42373833,188455684.71,136738846.03,258821817.7
2020-04-13,7095506741.670909,4778111721.549909,1555000000.0,762395020.121,725883601.35,65757721.83900862,188562401.4,137531257.27,258840937.15
2020-04-14,7215506741.670909,4898111721.549909,1555000000.0,762395020.121,736730936.29,66476320.60498639,197590879.66,137618843.51,263138055.55
2020-04-15,7215506741.670909,4898111721.549909,1555000000.0,762395020.121,735520409.5,67360607.45246556,198560550.11,137491148.84,258305671.23
2020-04-16,7335506741.670909,5018111721.549909,1555000000.0,762395020.121,734489216.94,68462965.52383469,199410006.74,137188419.75,257275139.53
2020-04-17,7335506741.670909,5018111721.549909,1555000000.0,762395020.121,730624229.01,69074325.85166469,205405408.42,137171587.35,252249420.9
2020-04-18,7455506741.670909,5138111721.549909,1555000000.0,762395020.121,730333497.13,71571884.6339465,206006841.84,137729318.55,251351777.71
2020-04-19,7455506741.670909,5138111721.549909,1555000000.0,762395020.121,728492959.28,75646196.27890651,204498053.95,137582339.03,252940246.18
2020-04-20,7455506741.670909,5138111721.549909,1555000000.0,762395020.121,736928137.41,79378279.57034142,197298823.3,134513377.46,261051666.2
2020-04-21,7575506741.670909,5258111721.549909,1555000000.0,762395020.121,727505687.95,79288276.88412161,196973924.0,132641773.77,267266475.74
2020-04-22,7475506741.670909,5378111721.549909,1335000000.0,762395020.121,726800413.77,78933282.43227717,193223818.78,131841629.66,268644291.83
2020-04-23,7481506741.670909,5378111721.549909,1335000000.0,768395020.121,736283114.77,82602296.42412348,186565777.29,131842580.56,263190115.14
2020-04-24,7499506741.670909,5378111721.549909,1335000000.0,786395020.121,754411819.63,85032599.62456243,180220082.66,130985198.91,258463366.4
2020-04-25,7499506741.670909,5378111721.549909,1335000000.0,786395020.121,755391159.49,85713654.79413119,190748647.59,131716094.05,259889242.04
2020-04-26,7499506741.670909,5378111721.549909,1335000000.0,786395020.121,754279945.37,86589939.72913654,195255128.41,131549591.03,262109535.03
2020-04-27,7806506741.670909,5618111721.549909,1335000000.0,853395020.121,752942795.54,86550291.37281068,192738442.86,131962016.83,265460496.88
2020-04-28,7856506741.670909,5618111721.549909,1335000000.0,903395020.121,732438739.07,87008159.69865696,193771489.45,134374620.21,265242180.08
2020-04-29,8016506741.670909,5618111721.549909,1335000000.0,1063395020.121,725876599.18,89462254.97725347,190177306.11,135583627.79,258478972.02
2020-04-30,8096506741.670909,5618111721.549909,1335000000.0,1143395020.121,727058884.31,88980461.62696339,176405207.58,137377115.16,254895948.61
2020-05-01,8096506741.670909,5618111721.549909,1335000000.0,1143395020.121,713454171.46,88114525.87734562,168989602.74,133430760.56,255164332.17
2020-05-02,8096506741.670909,5618111721.549909,1335000000.0,1143395020.121,711371541.3,90602329.52555963,178167162.27,133097978.15,250429359.64
2020-05-03,8096506741.670909,5618111721.549909,1335000000.0,1143395020.121,710797096.61,92874676.76480453,180765483.1,133637570.0,253079876.24
2020-05-04,8176506741.670909,5618111721.549909,1335000000.0,1223395020.121,713232886.54,93752875.82915668,178726819.1,137158138.26,257049279.82
2020-05-05,8176506741.670909,5618111721.549909,1335000000.0,1223395020.121,714300570.63,93613178.68699384,182652534.78,138047528.9,261714692.12
2020-05-06,8256365431.043098,5617970410.922098,1335000000.0,1303395020.121,715463392.43,94207345.99670608,188891935.67,137809062.55,259083937.64
2020-05-07,8476365431.043098,5737970410.922098,1335000000.0,1403395020.121,720404171.24,94980804.67838486,192334586.61,137974476.53,261385816.17
2020-05-08,8576365431.043098,5737970410.922098,1335000000.0,1503395020.121,724814500.5,94936848.04677568,193984007.25,138743269.84,257939240.64
2020-05-09,8676365431.043098,5737970410.922098,1335000000.0,1603395020.121,724978083.5,95815725.21529453,193781420.74,139385407.73,259781187.4
2020-05-10,8756365431.043098,5737970410.922098,1335000000.0,1683395020.121,746275498.2,93116381.10325389,183776424.85,139734822.79,249963920.4
2020-05-11,8856365431.043098,5737970410.922098,1335000000.0,1783395020.121,747373651.67,91825343.39595462,187613459.82,138999946.55,244080826.2
2020-05-12,8956365431.043098,5737970410.922098,1335000000.0,1883395020.121,749474971.09,92502066.66589576,187352900.19,138586178.54,246454031.27
2020-05-13,9056365431.043098,5737970410.922098,1335000000.0,1983395020.121,770280734.39,93733401.34909816,187883375.96,138862686.51,250173525.56
2020-05-14,9256365431.043098,5737970410.922098,1335000000.0,2183395020.121,727564092.24,95436627.5772866,188176841.08,140986667.21,244697121.42
2020-05-15,9256365431.043098,5737970410.922098,1335000000.0,2183395020.121,726756823.26,95841962.53355253,179829683.36,140761938.58,250218557.35
2020-05-16,9256365431.043098,5737970410.922098,1335000000.0,2183395020.121,726678772.06,96642829.44966093,179829683.36,140991928.58,250218557.35
2020-05-17,9256365431.043098,5737970410.922098,1335000000.0,2183395020.121,726628500.55,97447376.26029892,179829683.36,142443065.58,250218557.35
2020-05-18,9256365431.043098,5737970410.922098,1335000000.0,2183395020.121,725718330.47,101710582.75709456,176439625.97,142917277.49,253699560.29
2020-05-19,9256365431.043098,5737970410.922098,1335000000.0,2183395020.121,726984425.8,100827646.70560087,170934830.58,143404606.71,248205471.02
2020-05-20,9256365431.043098,5737970410.922098,1335000000.0,2183395020.121,733415543.24,106347064.57731064,165962947.37,143154379.57,246139121.15
2020-05-21,9256365431.043098,5737970410.922098,1335000000.0,2183395020.121,731745023.6,105096440.85314396,165194452.1,141359743.28,243680762.74
2020-05-22,9256365431.043098,5737970410.922098,1335000000.0,2183395020.121,731009490.59,107468746.1727284,168257936.61,141186888.03,246426285.83
2020-05-23,9356365431.043098,5737970410.922098,1335000000.0,2283395020.121,731005323.09,107070410.12130176,168257936.61,141473670.98,246426285.83
2020-05-24,9356365431.043098,5737970410.922098,1335000000.0,2283395020.121,731361146.49,107344484.20322315,178677409.76,141562860.62,251295099.49
2020-05-25,9356365431.043098,5737970410.922098,1335000000.0,2283395020.121,739749476.3,107316750.36063524,180205059.17,139214408.0,252257727.36
2020-05-26,9356365431.043098,5737970410.922098,1335000000.0,2283395020.121,738895455.11,106026020.79974884,179790538.77,139409020.64,247601628.01
2020-05-27,9356365431.043098,5737970410.922098,1335000000.0,2283395020.121,739428577.01,106849050.99092928,189793247.94,139350830.43,250035343.56
2020-05-28,9356365431.043098,5737970410.922098,1335000000.0,2283395020.121,745282563.23,106956244.06363818,183702199.55,137101296.71,251496392.58
2020-05-29,9356365431.043098,5737970410.922098,1335000000.0,2283395020.121,745963776.76,108652081.8999121,171665940.83,136597687.06,245429130.64
2020-05-30,9356365431.043098,5737970410.922098,1335000000.0,2283395020.121,745934034.93,112259679.2162615,171665940.83,136840795.06,245429130.64
2020-05-31,9456365431.043098,5737970410.922098,1335000000.0,2383395020.121,730920000.73,118249634.35353266,171665940.83,137095854.25,245429130.64
2020-06-01,9456365431.043098,5737970410.922098,1335000000.0,2383395020.121,730214261.43,112298965.11784156,168809508.34,137902589.59,243627409.82
2020-06-02,9656365431.043098,5737970410.922098,1335000000.0,2583395020.121,741019268.11,111019258.85384026,165890469.54,137945061.32,242071889.99
2020-06-03,9656365431.043098,5737970410.922098,1335000000.0,2583395020.121,736435238.6,111120237.02951178,173769899.14,137985392.93,239820142.28
2020-06-04,9656365431.043098,5737970410.922098,1335000000.0,2583395020.121,739883509.37,110586911.02532732,169567686.96,137972648.12,243455760.18
2020-06-05,9656365431.043098,5737970410.922098,1335000000.0,2583395020.121,740155304.14,110494583.84895456,167116131.28,136786816.28,244614472.62
2020-06-06,9656365431.043098,5737970410.922098,1335000000.0,2583395020.121,739476954.14,110952837.0515822,167116131.28,136726144.39,244614472.62
2020-06-07,9656365431.043098,5737970410.922098,1335000000.0,2583395020.121,739472729.74,113900949.46212669,167116131.28,137039690.39,244614472.62
2020-06-08,9656242570.798355,5737847550.677356,1335000000.0,2583395020.121,741783272.69,111767418.98921776,169613586.56,137350961.36,245336900.8
2020-06-09,9656242570.798355,5737847550.677356,1335000000.0,2583395020.121,745404206.68,109185788.40014116,168088991.21,137933522.2709581,246338252.73
2020-06-10,9756242570.798355,5737847550.677356,1335000000.0,2683395020.121,735472741.95,109327442.02378362,178506549.92,138625754.6021662,249798811.52
2020-06-11,9756242570.798355,5737847550.677356,1335000000.0,2683395020.121,734119556.79,113765287.7956737,163464820.68,138490823.89766812,246392931.29
2020-06-12,9756242570.798355,5737847550.677356,1335000000.0,2683395020.121,732534457.1,111315472.45469671,177508310.13,138415615.3640785,248522525.2
2020-06-13,9856242570.798355,5737847550.677356,1335000000.0,2783395020.121,742257629.31,113056185.52234216,177508310.13,140141232.7714039,248522525.2
2020-06-14,9856242570.798355,5737847550.677356,1335000000.0,2783395020.121,742253474.21,105624884.81219232,177508310.13,139758060.3637394,248522525.2
2020-06-15,9856242570.798355,5737847550.677356,1335000000.0,2783395020.121,752785549.17,103440363.32838435,156126142.82,141540617.1028506,246577201.51
2020-06-16,9856242570.798355,5737847550.677356,1335000000.0,2783395020.121,771082613.5,102694347.82339036,157158089.63,142157209.21212664,250352595.59
2020-06-17,9956242570.798355,5737847550.677356,1335000000.0,2883395020.121,802031421.37,100773536.37474687,148438367.79,142712194.51925033,248266245.37
2020-06-18,9956242570.798355,5737847550.677356,1335000000.0,2883395020.121,829046362.52,99305348.03602809,147059233.58,143890416.7032646,247204808.42
2020-06-19,9956242570.798355,5737847550.677356,1335000000.0,2883395020.121,881915647.26,103848799.62187502,154372414.84,136429789.68484792,245040271.59
2020-06-20,9956242570.798355,5737847550.677356,1335000000.0,2883395020.121,912649128.17,105975899.03044005,154372414.84,139250804.7368428,245040271.59
2020-06-21,9956242570.798355,5737847550.677356,1335000000.0,2883395020.121,932610868.42,104899759.18078044,155784046.51,142180552.3264374,246885523.29
2020-06-22,9956242570.798355,5737847550.677356,1335000000.0,2883395020.121,951108810.73,110792824.91392905,170201997.83,144813276.04938146,247068851.08
2020-06-23,9956242570.798355,5737847550.677356,1335000000.0,2883395020.121,944696708.05,107306714.1265026,164755791.6,140572328.91189495,249918234.51
2020-06-24,9956242570.798355,5737847550.677356,1335000000.0,2883395020.121,939863307.52,109494027.5116722,172661235.51,138278400.7646994,244118425.05
2020-06-25,9956242570.798355,5737847550.677356,1335000000.0,2883395020.121,940575239.09,106475674.55451198,176061016.3,138973388.07827187,246460905.31
2020-06-26,9956242570.798355,5737847550.677356,1335000000.0,2883395020.121,952705227.54,107041029.53422391,164429914.09,141186581.36311474,242065981.59
2020-06-27,9956242570.798355,5737847550.677356,1335000000.0,2883395020.121,982701827.64,108886624.68880428,164429914.09,142575886.25802094,242065981.59
2020-06-28,9956242570.798355,5737847550.677356,1335000000.0,2883395020.121,982693023.04,107502033.39743096,172710000.01,140762581.0635771,246468710.04
2020-06-29,10256242570.798355,6037847550.677356,1335000000.0,2883395020.121,981403208.87,108098061.07184687,168290402.3,140276567.58029234,238676782.19
2020-06-30,10256242570.798355,6037847550.677356,1335000000.0,2883395020.121,985540179.88,106576958.12754355,175198427.56,139901889.9073749,241123246.7
2020-07-01,10256242570.798355,6037847550.677356,1335000000.0,2883395020.121,1002228740.35,109238126.820766,174473356.37,140876398.42397097,243881733.26
2020-07-02,10256242570.798355,6037847550.677356,1335000000.0,2883395020.121,998420830.69,118122341.57452086,177692659.1,140943983.95026708,240703460.25
2020-07-03,10256242570.798355,6037847550.677356,1335000000.0,2883395020.121,1038295150.52,110162919.80395764,168685985.88,141520937.3365054,245943216.53
2020-07-04,10256242570.798355,6037847550.677356,1335000000.0,2883395020.121,1038291106.42,111984492.69931594,168685985.88,141384192.88290897,245943216.53
2020-07-05,10256242570.798355,6037847550.677356,1335000000.0,2883395020.121,1038164920.42,113615362.25126958,174093733.28,140804699.26899987,246081699.27
2020-07-06,10256242570.798355,6037847550.677356,1335000000.0,2883395020.121,1047060453.16,115986266.50805008,174242580.3,140556494.19519037,246450681.11
2020-07-07,10256242570.798355,6037847550.677356,1335000000.0,2883395020.121,1045586252.04,114235525.05156016,172952472.46,140647644.84028634,251339831.66
2020-07-08,10256242570.798355,6037847550.677356,1335000000.0,2883395020.121,1069600575.71,109296364.94490372,178717339.89,140047356.04899588,251545963.68
2020-07-09,10256242570.798355,6037847550.677356,1335000000.0,2883395020.121,1099290086.39,108882990.16787526,167162164.88,137898485.1555001,239987424.9
2020-07-10,10256242570.798355,6037847550.677356,1335000000.0,2883395020.121,1110598357.95,108432771.38216366,165838377.69,137143699.0607539,239345265.82
2020-07-11,10256242570.798355,6037847550.677356,1335000000.0,2883395020.121,1109116789.04,108407536.16788898,173496178.45,137013225.8549776,240055419.6
2020-07-12,10256242570.798355,6037847550.677356,1335000000.0,2883395020.121,1109111817.34,108090042.31764431,173496178.45,137916836.99774536,240055419.6
2020-07-13,10256242570.798355,6037847550.677356,1335000000.0,2883395020.121,1106549511.25,108901422.35995984,165721200.1,135929724.01370597,238712572.81
2020-07-14,10256242570.798355,6037847550.677356,1335000000.0,2883395020.121,1101803572.92,105842279.87795588,162637310.43,138237842.9305967,239471913.67
2020-07-15,10256242570.798355,6037847550.677356,1335000000.0,2883395020.121,1107279326.93,105407477.134096,163183290.38,136736248.68752807,234611941.08
2020-07-16,10256242570.798355,6037847550.677356,1335000000.0,2883395020.121,1104510562.58,106803809.40997064,166701958.98,134314620.59554902,229830368.98
2020-07-17,10256242570.798355,6037847550.677356,1335000000.0,2883395020.121,1105416636.5,106232117.02555484,172004271.44,133540543.89015366,231676166.56
2020-07-18,10256242570.798355,6037847550.677356,1335000000.0,2883395020.121,1124597781.25,114987589.97365524,174565506.78,143578617.1708343,235701992.32
2020-07-19,10256242570.798355,6037847550.677356,1335000000.0,2883395020.121,1124549879.78,148032464.6860519,184946769.3,172145700.62737188,235840470.47
2020-07-20,10256242570.798355,6037847550.677356,1335000000.0,2883395020.121,1110109220.94,168508310.73187682,172776284.69,167270556.03854296,237008996.5
2020-07-21,10256242570.798355,6037847550.677356,1335000000.0,2883395020.121,1118063022.4,177833214.26036435,183203833.4,174570080.59956408,238541514.09
2020-07-22,10376242570.798355,6157847550.677356,1335000000.0,2883395020.121,1118224865.8,182352431.8333009,185474403.66,189057639.72038573,240072699.61
2020-07-23,10496242570.798355,6157847550.677356,1335000000.0,3003395020.121,1113383752.1,218661075.10751584,176753077.57,222439807.99093065,244317562.55
2020-07-24,10496242570.798355,6157847550.677356,1335000000.0,3003395020.121,1110036619.01,225295166.18300664,178080603.84,240203376.93131,246251867.52
2020-07-25,10646242570.798355,6157847550.677356,1335000000.0,3153395020.121,1108839777.7,157807776.7283262,178080603.84,239543667.10166135,246251867.52
2020-07-26,10646242570.798355,6157847550.677356,1335000000.0,3153395020.121,1167806885.05,129407948.07401688,171922175.46,227129551.5920243,252030438.52
2020-07-27,10765874191.659727,6277479171.538729,1335000000.0,3153395020.121,1172213437.27,128005574.78729331,169295142.85,184547920.62248325,252956126.2
2020-07-28,10885874191.659727,6397479171.538729,1335000000.0,3153395020.121,1169286178.6,127198489.29364207,148411197.55,184700501.0418224,253278822.9
2020-07-29,11185874191.659727,6397479171.538729,1335000000.0,3453395020.121,1165255148.65,160993961.02429003,151547934.36,186288493.37216023,252847331.24
2020-07-30,11185874191.659727,6397479171.538729,1335000000.0,3453395020.121,1146632507.99,187256583.75217536,147007845.24,196526403.97252285,250895235.49
2020-07-31,11185874191.659727,6397479171.538729,1335000000.0,3453395020.121,1080262825.75,186148434.8622874,159231367.05,206484507.97284412,253716532.77
2020-08-01,11555874191.659727,6517479171.538729,1335000000.0,3703395020.121,1086151708.88,204678820.28773573,152158483.6,217098002.0031164,256283838.81
2020-08-02,11555874191.659727,6517479171.538729,1335000000.0,3703395020.121,1099661382.14,183022583.9440583,161639983.3,218683335.46335828,253178851.12
2020-08-03,11555874191.659727,6517479171.538729,1335000000.0,3703395020.121,1085841835.57,155882805.55983683,157565919.72,205585820.2236196,251684841.39
2020-08-04,11675874191.659727,6637479171.538729,1335000000.0,3703395020.121,1084108793.35,155232518.06181517,159511593.67,204084089.6439173,251712932.99
2020-08-05,11675874191.659727,6637479171.538729,1335000000.0,3703395020.121,1078825273.82,160894401.0806157,163227641.78,198313898.2042548,257649650.45
2020-08-06,11995874191.659727,6757479171.538729,1335000000.0,3903395020.121,1093857654.9,167351764.45838186,163329539.45,199327978.64460596,264308888.58
2020-08-07,12115874191.659727,6877479171.538729,1335000000.0,3903395020.121,1110100826.81,158598428.81077766,165545914.61,203703533.29500064,261804417.37
2020-08-08,12115874191.659727,6877479171.538729,1335000000.0,3903395020.121,1148086617.53,156477768.87040162,178996750.76,209296093.5854344,261031572.08
2020-08-09,12115874191.659727,6877479171.538729,1335000000.0,3903395020.121,1146521050.64,156891297.83423185,180166092.07,209582479.205876,261877607.59
2020-08-10,12615723881.825457,7377328861.704455,1335000000.0,3903395020.121,1123296676.32,158702167.12051904,169711745.63,200401676.7262688,255321238.98
2020-08-11,12615723881.825457,7377328861.704455,1335000000.0,3903395020.121,1133161115.01,157948648.76147437,160701989.7,193665168.98661804,252512176.37
2020-08-12,12615723881.825457,7377328861.704455,1335000000.0,3903395020.121,1161903001.55,158056377.08317667,173459248.11,195452436.676904,253837076.6
2020-08-13,12615723881.825457,7377328861.704455,1335000000.0,3903395020.121,1178560907.57,175376048.71877676,179073439.41,192508530.91719863,253231515.51
2020-08-14,12735723881.825457,7497328861.704455,1335000000.0,3903395020.121,1205568234.04,204929963.5032055,192755725.01,252992339.80776376,257884423.95
2020-08-15,12735723881.825457,7497328861.704455,1335000000.0,3903395020.121,1202416467.7,210456949.8793421,188740770.86,273764168.3482799,257943799.25
2020-08-16,12735723881.825457,7497328861.704455,1335000000.0,3903395020.121,1202380664.27,211403771.81912392,188740770.86,289495678.3885126,257943799.25
2020-08-17,12935723881.825457,7497328861.704455,1335000000.0,4103395020.121,1221311094.88,213769564.1471961,200899646.53,282314951.5188734,259626863.19
2020-08-18,13135723881.825457,7497328861.704455,1335000000.0,4303395020.121,1248968536.25,224622440.4840029,209579417.81,294192196.79937816,262099715.43
2020-08-19,13135723881.825457,7497328861.704455,1335000000.0,4303395020.121,1274679231.66,214534561.9881912,195563314.63,301855156.9797256,254736962.75
2020-08-20,13135723881.825457,8497328861.704455,1335000000.0,3303395020.121,1308227982.07,212397689.6994241,201312634.42,318606013.8299435,258397697.73
2020-08-21,13255723881.825457,8617328861.704454,1335000000.0,3303395020.121,1338040778.72,213966803.96323463,197095954.99,331772337.6602259,260478356.66
2020-08-22,13255723881.825457,8617328861.704454,1335000000.0,3303395020.121,1337354910.77,219873273.8200561,203516909.52,366592961.35045934,262056142.86
2020-08-23,13255723881.825457,8617328861.704454,1335000000.0,3303395020.121,1356531781.92,217992329.41323012,213025939.96,382248564.40067095,263685415.48
2020-08-24,13255723881.825457,8617328861.704454,1335000000.0,3303395020.121,1362967625.33,246496431.7454559,204202491.73,335057250.4109438,265519186.79
2020-08-25,13255723881.825457,8617328861.704454,1335000000.0,3303395020.121,1381448912.3,230716682.76506403,197139083.3,376388068.8116583,267711800.94
2020-08-26,13455723881.825457,8617328861.704454,1335000000.0,3503395020.121,1401141451.24,226834378.23144856,196158527.89,381318174.00226223,266271850.27
2020-08-27,13455723881.825457,8617328861.704454,1335000000.0,3503395020.121,1425541972.57,234219602.8143908,199642374.5,349400440.4127033,279836257.51
2020-08-28,13705723881.825457,8617328861.704454,1335000000.0,3753395020.121,1426360029.89,231585431.54563808,196111719.55,362143427.9629293,278445262.05
2020-08-29,13705723881.825457,8617328861.704454,1335000000.0,3753395020.121,1465041247.23,234225853.6888602,187590837.51,383798103.0431023,276254501.74
2020-08-30,13705723881.825457,8617328861.704454,1335000000.0,3753395020.121,1472823595.65,247178907.87277877,187590837.51,382241069.4732847,276254501.74
2020-08-31,13705723881.825457,8617328861.704454,1335000000.0,3753395020.121,1477999422.21,247586072.02047828,190041130.72,337568439.27349806,268458041.74
2020-09-01,14075723881.825457,8737328861.704454,1335000000.0,4003395020.121,1523728180.96,277906164.10605663,185158024.41,313857276.9937667,268098293.68
2020-09-02,14075723881.825457,8737328861.704454,1335000000.0,4003395020.121,1522951577.27,313942834.30758446,184213303.17,314884080.4340484,272206327.45
2020-09-03,14325723881.825457,8737328861.704454,1335000000.0,4253395020.121,1586480718.94,335536421.459397,186541393.25,312081167.7944855,274249645.92
2020-09-04,14475723881.825457,8887328861.704454,1335000000.0,4253395020.121,1652877903.27,301789720.59898734,193417058.67,309837587.6849847,289353577.88
2020-09-05,14475723881.825457,8887328861.704454,1335000000.0,4253395020.121,1692102875.19,284892483.35759044,191981186.41,365736159.6356574,287792394.71
2020-09-06,14475723881.825457,8887328861.704454,1335000000.0,4253395020.121,1732078007.05,282774086.5818839,197908990.38,379464256.6262058,295621618.99
2020-09-07,14475723881.825457,8887328861.704454,1335000000.0,4253395020.121,1791553302.02,278560465.7690351,200821285.91,395324472.27651465,294728431.85
2020-09-08,14724465416.336529,8886070396.215527,1335000000.0,4503395020.121,1793153366.77,290765596.72950786,215982043.24,374514513.456849,284797005.58
2020-09-09,14724465416.336529,8886070396.215527,1335000000.0,4503395020.121,1837064695.19,274761654.86663646,255508380.64,391145871.447327,286715354.14
2020-09-10,14974465416.336529,8886070396.215527,1335000000.0,4753395020.121,1849448528.42,302643038.07738644,288197293.57,420278007.4478735,285600699.34
2020-09-11,14973302999.807358,8884907979.686357,1335000000.0,4753395020.121,1916836793.63,307621312.09864664,296548853.38,428922608.5583972,289984337.08
2020-09-12,14973302999.807358,8884907979.686357,1335000000.0,4753395020.121,1956703144.14,313269425.9423263,299231526.82,444093783.4689033,296191313.01
2020-09-13,14973302999.807358,8884907979.686357,1335000000.0,4753395020.121,1997198303.98,314547597.0780085,307993625.02,474059823.309485,296173774.7
2020-09-14,15223302999.807358,8884907979.686357,1335000000.0,5003395020.121,2019501255.87,402123121.8776239,352578425.44,488840379.4600546,292642994.57
2020-09-15,15223302999.807358,9884907979.686356,1335000000.0,4003395020.121,2077315390.170596,483237151.2455976,371857258.58,497339201.5407418,284375796.8
2020-09-16,15223302999.807358,9884907979.686356,1335000000.0,4003395020.121,2082634563.330777,420259362.6905444,397241093.46,514284505.12423617,284398729.08
2020-09-17,15623302999.807358,10034907979.686356,1335000000.0,4253395020.121,2109682404.183921,475917660.25697815,392858372.42,510999344.57,290547316.3
2020-09-18,15623302999.807358,10034907979.686356,1335000000.0,4253395020.121,2180866306.769788,512964529.3298217,390522275.03,486655466.47,313569388.56
2020-09-19,15773302999.807358,10184907979.686356,1335000000.0,4253395020.121,2285203416.630479,590089838.4851484,404206595.37,413848447.88,318327956.64
2020-09-20,15773302999.807358,10184907979.686356,1335000000.0,4253395020.121,2343766956.344245,582674808.7037814,407374566.95,401519456.15,317805993.07
2020-09-21,15773283052.661877,10184888032.540876,1335000000.0,4253395020.121,2394680063.126007,588521904.9051275,406763173.78,392311742.54,318938671.03
2020-09-22,15773283052.661877,10184888032.540876,1335000000.0,4253395020.121,2398435328.467819,592563102.597108,414802050.16,387539778.31,322980861.02
2020-09-23,15773283052.661877,10184888032.540876,1335000000.0,4253395020.121,2442082969.925545,606263696.0618424,434656093.0,379767868.45,320117981.88
2020-09-24,15773283052.661877,10184888032.540876,1335000000.0,4253395020.121,2507851671.052934,598176967.5031713,433764869.3,380563285.16,315784717.73
2020-09-25,15773283052.661877,10184888032.540876,1335000000.0,4253395020.121,2511426369.74162,597638307.7399607,455507037.49,383240509.56,312479474.41
2020-09-26,15773283052.661877,10184888032.540876,1335000000.0,4253395020.121,2551406259.292382,623877236.4672049,465773141.47,391703859.36,314417959.21
2020-09-27,15773283052.661877,10184888032.540876,1335000000.0,4253395020.121,2600077489.939063,624293116.7870929,478893249.45,388439105.76,307778284.79
2020-09-28,15773283052.661877,10184888032.540876,1335000000.0,4253395020.121,2544473187.690513,615419095.9177866,466091713.29,393780222.67,292248999.85
2020-09-29,15773283052.661877,10184888032.540876,1335000000.0,4253395020.121,2539063885.401316,610721183.5246376,476277256.1,395785057.78,292357214.4
2020-09-30,15772649660.690842,10184254640.56984,1335000000.0,4253395020.121,2533902792.530312,603384003.7101246,503349908.47,394613281.98,293973832.6
2020-10-01,15922649660.690842,10334254640.56984,1335000000.0,4253395020.121,2536907170.398864,603141050.1172824,518106717.88,396266256.02,296874828.05
2020-10-02,15922649660.690842,10334254640.56984,1335000000.0,4253395020.121,2595297562.461238,605690551.4122047,545844333.87,395674169.14,297114303.36
2020-10-03,15922649660.690842,10334254640.56984,1335000000.0,4253395020.121,2638048549.415382,600956744.00497,555632812.63,396591741.46,295215093.04
2020-10-04,15922649660.690842,10334254640.56984,1335000000.0,4253395020.121,2646000562.075848,593495478.4943589,567592056.74,399478523.88,297312573.03
2020-10-05,15922649660.690842,10334254640.56984,1335000000.0,4253395020.121,2665620778.605457,593780854.5266947,570658306.04,395605111.89,296013147.93
2020-10-06,15922649660.690842,10334254640.56984,1335000000.0,4253395020.121,2673259509.516217,589146646.2331461,590356516.66,390480079.94,296803341.73
2020-10-07,15922641204.5902,10334246184.4692,1335000000.0,4253395020.121,2710421276.725531,590496866.9609374,610828986.83,366014060.25,293406195.04
2020-10-08,15922641204.5902,10334246184.4692,1335000000.0,4253395020.121,2814978015.304638,588254411.0773859,628232805.35,356445378.3,297169066.44
2020-10-09,16072641204.5902,10334246184.4692,1335000000.0,4403395020.121,2818108221.457632,604595263.1071692,666584509.74,367277750.29,310265254.12
2020-10-10,16072641204.5902,10334246184.4692,1335000000.0,4403395020.121,2863229268.184187,612632605.3836548,666584509.74,365356206.23,310265254.12
2020-10-11,16072641204.5902,10334246184.4692,1335000000.0,4403395020.121,2860196280.096353,618634036.0030137,684444637.15,365175686.82,302404014.09
2020-10-12,16072641204.5902,10334246184.4692,1335000000.0,4403395020.121,2848277735.7534,622604863.3288949,722719383.48,357726340.2,307980857.8
2020-10-13,16072641204.5902,10334246184.4692,1335000000.0,4403395020.121,2782961334.059544,623570978.4434216,733100866.79,355164827.58,307975556.46
2020-10-14,16072641204.5902,10334246184.4692,1335000000.0,4403395020.121,2754688239.476553,605718562.9893086,789188201.36,343261239.29,298120794.6
2020-10-15,16072641204.5902,10334246184.4692,1335000000.0,4403395020.121,2744534534.585568,604461897.3745921,807742464.75,336878635.04,289017566.73
2020-10-16,16072641204.5902,10334246184.4692,1335000000.0,4403395020.121,2709684291.238113,599953305.9111607,809505689.08,338706726.41,298134753.22
2020-10-17,16072641204.5902,10334246184.4692,1335000000.0,4403395020.121,2711217130.965842,598761663.1415709,809505689.08,338938396.55,298134753.22
2020-10-18,16072641204.5902,10334246184.4692,1335000000.0,4403395020.121,2733321425.438976,597006140.6200256,809505689.08,355118574.86,298134753.22
2020-10-19,16072641204.5902,10334246184.4692,1335000000.0,4403395020.121,2742215967.66589,603295644.7758664,798818925.15,330837572.72,309882025.11
2020-10-20,16222641204.5902,10334246184.4692,1335000000.0,4553395020.121,2742213335.121567,598214555.0130808,805754035.5,330594649.28,324240528.58
2020-10-21,16522641204.5902,10334246184.4692,1335000000.0,4853395020.121,2809283940.418765,609808857.9046675,797896865.92,331803319.22,351061072.73
2020-10-22,16672641204.5902,10484246184.4692,1335000000.0,4853395020.121,2795961177.062151,592305388.7558038,744780276.29,325781762.73,380445255.79
2020-10-23,16672641204.5902,10484246184.4692,1335000000.0,4853395020.121,2761552279.43617,581113448.573662,737644120.73,317665609.39,381346545.65
2020-10-24,16672641204.5902,10484246184.4692,1335000000.0,4853395020.121,2792512038.311435,587099189.870367,746961679.07,315018462.12,383285634.93
2020-10-25,16672641204.5902,10484246184.4692,1335000000.0,4853395020.121,2814954553.852354,589821712.3195078,756279048.14,315419616.14,387374194.76
2020-10-26,16822641204.5902,10634246184.4692,1335000000.0,4853395020.121,2783249100.18712,589570076.1132005,735778076.99,289607015.53,407188118.6
2020-10-27,16822641204.5902,10634246184.4692,1335000000.0,4853395020.121,2816222773.6661,607644163.810923,729966222.33,276428599.15,405652703.44
2020-10-28,16972641204.5902,10784246184.4692,1335000000.0,4853395020.121,2846041040.909366,626185369.2405046,721812199.78,257217173.76,407169147.82
2020-10-29,16972641204.5902,10784246184.4692,1335000000.0,4853395020.121,2889404112.504615,651227874.4255381,717230505.33,251371001.86,416254395.24
2020-10-30,17122641204.5902,10934246184.4692,1335000000.0,4853395020.121,2893818229.542736,641684579.2232195,710353927.51,252954005.08,430492715.57
2020-10-31,17117064506.3502,10928669486.2292,1335000000.0,4853395020.121,2939549018.72085,646051309.385767,710353927.51,256002849.0,430492715.57
2020-11-01,17117064506.3502,10928669486.2292,1335000000.0,4853395020.121,2941916894.45253,647928065.1304101,709707731.05,257914892.49,434767969.88
2020-11-02,17117064506.3502,10928669486.2292,1335000000.0,4853395020.121,2946509745.382378,654489853.267195,695877449.45,251416390.2,429660511.79
2020-11-03,17267064506.3502,11078669486.2292,1335000000.0,4853395020.121,2929676640.854873,651331384.4749067,686200387.06,254923428.49,429398863.56
2020-11-04,17267064506.3502,11078669486.2292,1335000000.0,4853395020.121,2897362190.644848,652661896.9131464,677775170.13,261885246.12,430714984.85
2020-11-05,17267064506.3502,11078669486.2292,1335000000.0,4853395020.121,2884058037.745399,648026231.8145069,667375954.1,265947310.05,433980286.23
2020-11-06,17715475749.893723,11227080729.772722,1335000000.0,5153395020.121,2865838041.316212,637003078.7574198,640501993.31,268293234.64,433268663.02
2020-11-07,17715475749.893723,11227080729.772722,1335000000.0,5153395020.121,2895866877.170586,652082366.0102475,635220523.55,272681424.29,435403708.14
2020-11-08,17715475749.893723,11227080729.772722,1335000000.0,5153395020.121,2883905302.750141,650333793.1899753,635220523.55,273066125.64,435403708.14
2020-11-09,17715475749.893723,11227080729.772722,1335000000.0,5153395020.121,2853339940.936967,624612843.4224751,599520637.7,273390979.73,435033198.43
2020-11-10,17715475749.893723,11227080729.772722,1335000000.0,5153395020.121,2842054287.740779,615841001.659631,620014003.43,273152155.68,435327789.35
2020-11-11,18015475749.893723,11377080729.772722,1335000000.0,5303395020.121,2845247474.685123,620213376.6222198,628075783.68,280129467.88,435284880.91
2020-11-12,18015475749.893723,11377080729.772722,1335000000.0,5303395020.121,2815125573.526308,621435946.745627,637180937.72,279298947.83,432583595.49
2020-11-13,18210608581.61655,11372213561.49555,1335000000.0,5503395020.121,2816030975.84352,625982225.3527668,635853753.15,279413786.92,447783682.66
2020-11-14,18210608581.61655,11372213561.49555,1335000000.0,5503395020.121,2834042645.717717,631528429.1466005,656572957.69,282058923.42,446712777.68
2020-11-15,18210608581.61655,11372213561.49555,1335000000.0,5503395020.121,2826839244.815456,642615508.7173277,661403967.36,280093013.27,447332697.76
2020-11-16,18360608581.61655,11522213561.49555,1335000000.0,5503395020.121,2841311467.071428,656757727.7685274,659121452.08,275056459.64,426485584.03
2020-11-17,18360608581.61655,11522213561.49555,1335000000.0,5503395020.121,2789964469.00828,646930186.3659235,665154718.71,270809447.47,410408738.27
2020-11-18,18360608581.61655,11522213561.49555,1335000000.0,5503395020.121,2803497969.039852,639533307.2949696,681475189.5,271178470.22,405372779.9
2020-11-19,18360608581.61655,11522213561.49555,1335000000.0,5503395020.121,2801881748.793129,642243976.5040623,687231420.21,265719836.22,394818706.01
2020-11-20,18680608581.61655,11642213561.49555,1335000000.0,5703395020.121,2815683134.541073,648262692.5918458,682977957.19,269288421.78,402226808.17
2020-11-21,18930608581.61655,11642213561.49555,1335000000.0,5953395020.121,2851864798.785351,667300792.131324,682977957.19,270281091.66,402226808.17
2020-11-22,18930608581.61655,11642213561.49555,1335000000.0,5953395020.121,2887621126.267925,674829747.052377,655166494.91,324765658.37,405358870.24
2020-11-23,19130608581.61655,11842213561.49555,1335000000.0,5953395020.121,2877345881.397348,675230073.9395411,641573367.93,311876197.82,402056183.69
2020-11-24,19330608581.61655,12042213561.49555,1335000000.0,5953395020.121,2864825050.793304,693871069.7147475,636453610.56,314102094.79,416609026.85
2020-11-25,19330608581.61655,12042213561.49555,1335000000.0,5953395020.121,2880745350.045095,693658985.148855,616603974.75,319661150.07,405978440.62
2020-11-26,19330608581.61655,12042213561.49555,1335000000.0,5953395020.121,2900747364.140537,646613326.4095658,636313224.3,298369395.47,396792662.45
2020-11-27,19330608581.61655,12042213561.49555,1335000000.0,5953395020.121,2911102923.810278,650964064.476483,629156847.08,292736629.83,389830155.73
2020-11-28,19330608581.61655,12042213561.49555,1335000000.0,5953395020.121,2978517915.396508,652893305.6769617,675226945.99,309041247.83,405922197.39
2020-11-29,19330608581.61655,12042213561.49555,1335000000.0,5953395020.121,2974734796.489025,668895975.8308558,682066561.81,307405992.13,406646162.71
2020-11-30,19530608581.61655,12242213561.49555,1335000000.0,5953395020.121,2972700925.221575,671330862.2583672,691591829.09,305372094.59,404707843.4
2020-12-01,19930608581.61655,12442213561.49555,1335000000.0,6153395020.121,2984040811.987232,693973025.4665902,662938637.94,303530846.71,407709195.91
2020-12-02,19930608581.61655,12442213561.49555,1335000000.0,6153395020.121,2972606122.315771,749811388.8872341,670942919.17,332133848.31,400507307.14
2020-12-03,19930608581.61655,12442213561.49555,1335000000.0,6153395020.121,2978729977.274664,743687933.4165754,676719100.77,330634435.01,404623299.73
2020-12-04,19930608581.61655,12442213561.49555,1335000000.0,6153395020.121,3026527320.907405,750669410.4759352,690918867.1,332021170.55,409726120.13
2020-12-05,20080608581.61655,12442213561.49555,1335000000.0,6303395020.121,3050659502.309087,752223627.5690286,696472698.23,326667001.41,413289822.28
2020-12-06,20080608581.61655,12442213561.49555,1335000000.0,6303395020.121,3085248973.786371,749643057.3406976,703460965.5,322141716.4,413901332.78
2020-12-07,20080608581.61655,12442213561.49555,1335000000.0,6303395020.121,3069719666.945385,741347213.1494296,679239190.62,315677368.24,389502559.73
2020-12-08,20080608581.61655,12442213561.49555,1335000000.0,6303395020.121,3083526297.384115,739824757.1248112,668120160.29,302766170.02,387444500.23
2020-12-09,20080608581.61655,12442213561.49555,1335000000.0,6303395020.121,3091066780.563136,744796319.4838921,651453280.67,300222250.31,392777507.19
2020-12-10,20080608581.61655,12442213561.49555,1335000000.0,6303395020.121,3092572545.003328,748097915.1923122,652019782.67,302806434.05,388278046.55
2020-12-11,20230408541.51808,12442013521.39708,1335000000.0,6453395020.121,3146987079.669775,752086349.5228884,665920922.58,291888591.86,383980932.59
2020-12-12,20230408541.51808,12442013521.39708,1335000000.0,6453395020.121,3224048172.902575,776632329.8964962,683673933.12,284872578.23,387811901.9
2020-12-13,20230408541.51808,12442013521.39708,1335000000.0,6453395020.121,3268275283.085514,792410842.2078719,690502161.6,285480457.79,387954801.26
2020-12-14,20230408541.51808,12442013521.39708,1335000000.0,6453395020.121,3283636437.030452,795759681.9234241,646864052.1,275642941.2,368329785.45
2020-12-15,20430408541.51808,12642013521.39708,1335000000.0,6453395020.121,3286581087.33018,802116845.2151511,659923491.19,274974655.12,376959910.28
2020-12-16,20430408541.51808,12642013521.39708,1335000000.0,6453395020.121,3313438746.759613,822973172.7254691,721814828.01,276517158.79,395180642.54
2020-12-17,20430408541.51808,12642013521.39708,1335000000.0,6453395020.121,3288966737.940425,852264043.0268172,764099855.06,278423900.3,392757300.29
2020-12-18,20430408541.51808,12642013521.39708,1335000000.0,6453395020.121,3298370829.13012,853194665.6767608,789664536.53,275904427.56,395656125.72
2020-12-19,20630408541.51808,12642013521.39708,1335000000.0,6653395020.121,3384569253.666133,853082263.3115494,827882332.63,278457483.26,403034285.06
2020-12-20,20630408541.51808,12642013521.39708,1335000000.0,6653395020.121,3364351920.485338,870231818.9720807,827882332.63,273720957.48,403034285.06
2020-12-21,20630408541.51808,12642013521.39708,1335000000.0,6653395020.121,3362730619.081467,862331431.3915161,801113833.07,276541945.61,401244792.89
2020-12-22,20780408541.51808,12642013521.39708,1335000000.0,6803395020.121,3379709786.100193,852443700.6374502,763945711.23,270926728.67,379716269.62
2020-12-23,20980408541.51808,12842013521.39708,1335000000.0,6803395020.121,3446076548.319158,859061913.1172303,749503293.88,267202303.42,356501797.85
2020-12-24,21180408541.51808,13042013521.39708,1335000000.0,6803395020.121,3552136986.060977,876366844.9963331,767157344.04,272013312.12,344088792.06
2020-12-25,21180408541.51808,13042013521.39708,1335000000.0,6803395020.121,3551131793.87768,864383932.9265149,809999761.89,269246195.2,337194880.15
2020-12-26,21180408541.51808,13042013521.39708,1335000000.0,6803395020.121,3562211175.297651,1107684624.4739563,818484977.56,271688567.04,334441540.81
2020-12-27,21180408541.51808,13042013521.39708,1335000000.0,6803395020.121,3622466442.604876,1085847163.9014623,813839930.24,269083988.43,333755100.5
2020-12-28,21380408541.51808,13242013521.39708,1335000000.0,6803395020.121,3673243978.60897,1109631311.481777,809849323.04,266016185.08,316018334.75
2020-12-29,21380408541.51808,13242013521.39708,1335000000.0,6803395020.121,3716225328.669693,1113963052.2432275,793124293.05,273386268.92,307170894.86
2020-12-30,21380408541.51808,13242013521.39708,1335000000.0,6803395020.121,3706429866.642156,1137368716.989779,895594183.67,272430515.92,302151475.48
2020-12-31,21380408541.51808,13242013521.39708,1335000000.0,6803395020.121,3912904541.954535,1157510977.319944,984118176.56,282199833.03,335773305.38
2021-01-01,21680408541.51808,13542013521.39708,1335000000.0,6803395020.121,4129508909.107182,1186368417.7898123,1077160777.09,287494007.69,342618026.09
2021-01-02,21880408541.51808,13542013521.39708,1335000000.0,7003395020.121,4120162702.360362,1167368770.5860355,1141960213.41,284625115.35,357218437.23
2021-01-03,22680408541.51808,13542013521.39708,1335000000.0,7803395020.121,4222978732.598121,1211583080.6819117,1171157335.84,285351400.73,382796143.6
2021-01-04,22680408541.51808,13542013521.39708,1335000000.0,7803395020.121,4343135947.941849,1298810880.7074823,1075076210.75,299094788.97,364882913.53
2021-01-05,22880408541.51808,13742013521.39708,1335000000.0,7803395020.121,4378107725.291158,1298575344.4702485,1073322211.38,302522949.29,380532381.39
2021-01-06,23578711738.31808,14040316718.19708,1335000000.0,8203395020.121,4420846433.255425,1297919205.9467957,1102223456.9,302657371.52,408496923.35
2021-01-07,23978711738.31808,14040316718.19708,1335000000.0,8603395020.121,4477456106.351074,1345435716.272062,1091756057.23,302494463.05,473705914.74
2021-01-08,24278711738.31808,14340316718.19708,1335000000.0,8603395020.121,4576604854.954835,1375439832.532642,1105265382.36,301298303.4,470773952.63
2021-01-09,24678711738.31808,14340316718.19708,1335000000.0,9003395020.121,4752966691.300085,1392142395.002396,1170442848.31,307425507.04,494717970.71
2021-01-10,24678711738.31808,14340316718.19708,1335000000.0,9003395020.121,4800313277.143937,1406576862.3359387,1160873594.95,313193913.53,494024759.71
2021-01-11,24678222879.17873,14339827859.05773,1335000000.0,9003395020.121,4787834692.582272,1349601244.8723018,1060780388.24,303708799.68,461862163.55
2021-01-12,25078222879.17873,14739827859.05773,1335000000.0,9003395020.121,4756631791.89536,1347346227.1340225,1058247644.63,299485555.26,436043050.49
2021-01-13,25078222879.17873,14739827859.05773,1335000000.0,9003395020.121,4752580565.560553,1348302622.3029854,1069811777.52,299582565.25,439862773.82
2021-01-14,25078222879.17873,14739827859.05773,1335000000.0,9003395020.121,4817464807.126442,1382683590.9060917,1083267547.38,379004972.14,448964244.55
2021-01-15,25078222879.17873,14739827859.05773,1335000000.0,9003395020.121,4875333459.493774,1275268457.4150195,1149599557.06,376986281.1,428612597.0
2021-01-16,25078222879.17873,14739827859.05773,1335000000.0,9003395020.121,5038074767.82913,1350359884.1572907,1139581677.6,378509589.02,463741044.09
2021-01-17,25078222879.17873,14739827859.05773,1335000000.0,9003395020.121,5078796604.784198,1361640842.4586208,1162021827.99,415771001.08,468289789.96
2021-01-18,25078222879.17873,14739827859.05773,1335000000.0,9003395020.121,5132432299.441427,1381670236.3327515,1151865391.87,416240107.66,476887847.9
2021-01-19,25478222879.17873,14739827859.05773,1335000000.0,9403395020.121,5150926224.262999,1382795022.880407,1144385864.6,410372439.13,526111065.76
2021-01-20,25478222879.17873,14739827859.05773,1335000000.0,9403395020.121,5294692611.909175,1387594997.8532925,1124667529.95,417850214.19,538472123.81
2021-01-21,25478222879.17873,14739827859.05773,1335000000.0,9403395020.121,5369174738.678023,1380036282.5254111,1104736317.07,412213277.1,511740927.48
2021-01-22,25457438838.038746,14720043817.917746,1335000000.0,9402395020.121,5507917471.15955,1424290108.267576,1191815471.95,415119232.22,551493531.89
2021-01-23,25457438838.038746,14720043817.917746,1335000000.0,9402395020.121,5593940033.96955,1456613402.4666803,1182618297.12,414141521.37,572086760.16
2021-01-24,25457438838.038746,14720043817.917746,1335000000.0,9402395020.121,5597493953.75955,1507642944.9696076,1224030835.72,412416018.56,575545317.53
2021-01-25,25457417434.68129,14720022414.56029,1335000000.0,9402395020.121,5534745206.73955,1547237294.0118906,1192325185.5,403499503.17,567104465.85
2021-01-26,25857417434.68129,15120022414.56029,1335000000.0,9402395020.121,5429633873.62955,1556317234.7707367,1220196162.16,394510641.7,593459678.84
2021-01-27,25857417434.68129,15120022414.56029,1335000000.0,9402395020.121,5500989842.44955,1580418696.9024348,1364048630.75,395523954.1,617164616.61
2021-01-28,26257417434.68129,15120022414.56029,1335000000.0,9802395020.121,5675842414.00955,1593386536.6434674,1404960684.19,396470493.37,646993618.42
2021-01-29,27155372759.73819,15517977739.61719,1335000000.0,10302395020.121,5845368036.78955,1613657886.4299176,1485072224.2,399256542.13,642737230.83
2021-01-30,27155372759.73819,15517977739.61719,1335000000.0,10302395020.121,5850991957.26955,1624007003.234381,1488202515.08,399622989.42,651665152.69
2021-01-31,27155372759.73819,15517977739.61719,1335000000.0,10302395020.121,5906919700.95955,1623472063.73456,1478559054.84,403327753.27,655465622.31
2021-02-01,27505285696.898598,15517977739.61719,1335000000.0,10652307957.281406,5896397535.46955,1638460784.3966336,1416867693.56,402473526.54,670576234.64
2021-02-02,27905285696.898598,15917977739.61719,1335000000.0,10652307957.281406,5951959526.10955,1679375282.2095938,1409258269.37,380258415.49,662222832.45
2021-02-03,28305285696.898598,18317977739.617188,1335000000.0,8652307957.281406,6101351589.45955,1711386898.416971,1427991258.25,379603749.64,682740212.53
2021-02-04,28305285696.898598,18317977739.617188,1335000000.0,8652307957.281406,6224085249.11955,1740982191.9618087,1463800961.54,371990231.52,664993784.74
2021-02-05,29055285696.898598,18717977739.617188,1335000000.0,9002307957.281406,6335987616.99955,1791033858.764419,1517399782.71,376010842.97,658850722.95
2021-02-06,29555285696.898598,18717977739.617188,1335000000.0,9502307957.281406,6452304605.11955,1805052411.1280715,1554092935.35,374889878.66,670810273.22
2021-02-07,29955285696.898598,19117977739.617188,1335000000.0,9502307957.281406,6503429667.22955,1780958216.120119,1551422295.02,374203937.14,681614333.95
2021-02-08,30955285696.898598,19117977739.617188,1335000000.0,10502307957.281406,6529191550.60955,1865535361.1406765,1568403633.01,401241650.6,679399302.31
2021-02-09,30955285696.898598,19117977739.617188,1335000000.0,10502307957.281406,6623679022.04955,1923022456.247134,1600563073.2,383182915.94,664744550.2
2021-02-10,32055285696.898598,19217977739.617188,1335000000.0,11502307957.281406,6792605645.07955,1937246079.6568751,1670617915.42,377187117.78,672549894.74
2021-02-11,32055285696.898598,19217977739.617188,1335000000.0,11502307957.281406,6948317692.48955,2001398007.084052,1687125187.11,354971516.9,671469148.82
2021-02-12,32055285696.898598,19217977739.617188,1335000000.0,11502307957.281406,7055695786.52955,2022446837.064827,1662265228.92,363873039.0,689483653.59
2021-02-13,33055285696.898598,19217977739.617188,1335000000.0,12502307957.281406,7213375543.89955,2039538728.5485053,1732305875.41,370445586.85,716865821.15
2021-02-14,33055285696.898598,19217977739.617188,1335000000.0,12502307957.281406,7461731658.142914,2044259245.7429595,1747972473.11,331755597.95,722870783.83
2021-02-15,33455285696.898598,19617977739.617188,1335000000.0,12502307957.281406,7445445357.7129135,2085832085.4496691,1627855492.77,323176369.4,724435646.57
2021-02-16,33455285696.898598,19617977739.617188,1335000000.0,12502307957.281406,7441916154.489313,2174419780.5631437,1585525233.34,329064678.66,703439311.18
2021-02-17,34455285696.8986,19617977739.617188,1335000000.0,13502307957.281406,7267726819.635914,2227915853.7111955,1649193958.03,319844577.58,705298626.73
2021-02-18,34855285696.8986,20017977739.617188,1335000000.0,13502307957.281406,7343779969.789313,2266527460.0447903,1739812594.09,320663129.55,677177483.49
2021-02-19,34855285696.8986,20017977739.617188,1335000000.0,13502307957.281406,7530075649.50805,2285731838.032255,1944213844.77,309232799.43,709254563.63
2021-02-20,35655285696.8986,20017977739.617188,1335000000.0,14302307957.281406,7718285323.07805,2330628003.847178,2153246775.95,309675554.96,732504357.02
2021-02-21,35655285696.8986,20017977739.617188,1335000000.0,14302307957.281406,7843831970.44805,2344712982.4724445,2184928115.51,309690205.28,771484585.12
2021-02-22,35655285696.8986,20017977739.617188,1335000000.0,14302307957.281406,8003947798.751403,2328235232.1018286,2234331420.35,345852250.68,771733524.85
2021-02-23,35655285696.8986,20017977739.617188,1335000000.0,14302307957.281406,8113189230.174793,2237442171.092178,2138699916.28,342705637.55,824799802.55
2021-02-24,35655285696.8986,20017977739.617188,1335000000.0,14302307957.281406,8390184298.804793,2264120942.6813955,2257903860.76,348214964.65,853580576.47
2021-02-25,35655285696.8986,20017977739.617188,1335000000.0,14302307957.281406,8466722464.248193,2276050253.3315573,2291952109.77,346283338.15,864332824.48
2021-02-26,35655285696.8986,20017977739.617188,1335000000.0,14302307957.281406,8820053817.098192,2250840556.657429,2315860502.56,350961741.82,885684771.28
2021-02-27,35655285696.8986,20017977739.617188,1335000000.0,14302307957.281406,8869764485.038193,2259927277.079343,2330371471.44,337811878.28,877820280.08
2021-02-28,35655285696.8986,20017977739.617188,1335000000.0,14302307957.281406,9043830625.198193,2316671980.193102,2376371513.54,306286015.82,892368327.61
2021-03-01,36405285696.8986,20017977739.617188,1335000000.0,15052307957.281406,8997092156.928192,2407814578.2021227,2535177466.79,292783758.43,1026594192.65
2021-03-02,36805285696.8986,20417977739.617188,1335000000.0,15052307957.281406,8900444338.118103,2459778801.2147846,2823921084.14,294007231.13,1021545220.61
2021-03-03,37555285696.8986,20417977739.617188,1335000000.0,15802307957.281406,8832015104.078814,2478294700.0060363,2802709651.68,295084490.1,977318330.73
2021-03-04,37555285696.8986,20417977739.617188,1335000000.0,15802307957.281406,8823707622.891687,2490575481.7136364,2922846511.03,290548059.5,925580699.86
2021-03-05,37555285696.8986,20417977739.617188,1335000000.0,15802307957.281406,8877782087.122873,2493859449.231034,3191318733.17,292363270.4,906945244.67
2021-03-06,37555285696.8986,20417977739.617188,1335000000.0,15802307957.281406,9008960006.172873,2525511650.035548,3229558472.37,293364059.46,866681354.98
2021-03-07,37555285696.8986,20417977739.617188,1335000000.0,15802307957.281406,9156700608.891,2500488470.7741017,3133278428.25,294654492.02,866820707.72
2021-03-08,37555285696.8986,20417977739.617188,1335000000.0,15802307957.281406,9125620037.265038,2512365286.3070207,2992601445.67,291122609.89,799698217.66
2021-03-09,37555285696.8986,20417977739.617188,1335000000.0,15802307957.281406,9161613179.565289,2545918071.8295465,3185733920.02,283107362.61,767391993.32
2021-03-10,38955285696.8986,20817977739.617188,1335000000.0,16802307957.281406,9215580732.153168,2561407932.5281496,3224569911.71,285437225.22,757185574.16
2021-03-11,38955285696.8986,20817977739.617188,1335000000.0,16802307957.281406,9339885986.053167,2598601091.5082006,3134022347.62,285263929.99,743925938.7
2021-03-12,38955285696.8986,20817977739.617188,1335000000.0,16802307957.281406,9319333665.830765,2646678360.136758,3191613153.1,287950898.85,738989976.57
2021-03-13,38955285696.8986,20817977739.617188,1335000000.0,16802307957.281406,9438065729.164146,2679701467.4545226,3166503242.33,298027338.07,730112953.87
2021-03-14,38955285696.8986,20817977739.617188,1335000000.0,16802307957.281406,9461815408.604565,2690236036.793866,3166503242.33,300452414.93,730112953.87
2021-03-15,40055285696.8986,20917977739.617188,1335000000.0,17802307957.281406,9525088088.666529,2713272800.2373013,3110937863.74,307643158.78,768548971.27
2021-03-16,40555285696.8986,21417977739.617188,1335000000.0,17802307957.281406,9468711275.976528,2744172945.6090016,3039539705.67,302027227.32,764032480.11
2021-03-17,40553455005.25067,21416147047.96926,1335000000.0,17802307957.281406,9585434349.624325,2780725639.5136614,3069984556.48,309528236.93,762152446.84
2021-03-18,40573454736.68958,21416147047.96926,1335000000.0,17802307957.281406,10000377783.247446,2793909583.24117,3177801053.97,316001855.61,745237621.29
2021-03-19,40643408981.91525,21416147047.96926,1335000000.0,17802262201.61908,10266158241.857449,2798109968.0299325,3196337537.61,298637174.55,752108606.09
2021-03-20,41643408981.91525,22416147047.96926,1335000000.0,17802262201.61908,10354771090.447449,2793513978.329808,3237236999.08,299290349.43,797335127.3
2021-03-21,41643408981.91525,22416147047.96926,1335000000.0,17802262201.61908,10505294582.987446,2811694929.322746,3226658411.43,299601004.0,804155971.02
2021-03-22,41643408981.91525,22416147047.96926,1335000000.0,17802262201.61908,10529089652.117449,2840295768.414412,3354475410.66,298369859.1,775841602.37
2021-03-23,41643408981.91525,22416147047.96926,1335000000.0,17802262201.61908,10625204545.065355,2850985585.28363,3384612328.55,306987199.18,782653733.32
2021-03-24,41643408981.91525,22416147047.96926,1335000000.0,17802262201.61908,10698904695.602932,2836961798.149241,3305257491.6,324598724.36,785244440.49
2021-03-25,41643408981.91525,22416147047.96926,1335000000.0,17802262201.61908,10879915624.60802,2859498985.416382,3287168234.14,325874735.83,792855758.28
2021-03-26,41643408981.91525,22416147047.96926,1335000000.0,17802262201.61908,11125931103.439297,2885177397.8644266,3380045403.49,327381760.92,854139237.41
2021-03-27,42443408981.91525,22416147047.96926,1335000000.0,18602262201.61908,11230536146.739296,2891018474.1669464,3460028454.95,328419812.12,890381173.47
2021-03-28,42443408981.91525,22416147047.96926,1335000000.0,18602262201.61908,11304993609.519297,2907058593.777219,3483524719.11,335844126.84,912997890.2
2021-03-29,42443408981.91525,22416147047.96926,1335000000.0,18602262201.61908,11100497026.809296,2908916223.535429,3479692101.49,341796881.17,931334555.74
2021-03-30,42443408981.91525,22416147047.96926,1335000000.0,18602262201.61908,11221415345.69114,2925517508.887091,3587302342.9,330081010.18,945927445.74
2021-03-31,42443408981.91525,22416147047.96926,1335000000.0,18602262201.61908,11146223769.04114,2925038472.547322,3483989700.56,327677923.71,972530167.63
2021-04-01,43743408982.80325,22416147047.96926,1335000000.0,19802262201.61908,11206348463.542866,2961703304.471485,3531508331.24,322227219.22,983293280.5
2021-04-02,43743408982.80325,22416147047.96926,1335000000.0,19802262201.61908,11258263708.502869,3029925047.181233,3828971181.06,326404509.55,972076939.03
2021-04-03,43743408982.80325,22416147047.96926,1335000000.0,19802262201.61908,11176011619.182863,3058844172.556895,3966435599.81,318005186.09,984001238.09
2021-04-04,43743408982.80325,22416147047.96926,1335000000.0,19802262201.61908,11394681065.032866,3058658786.850103,4023828978.53,319372478.15,984897150.58
2021-04-05,43743408982.80325,22416147047.96926,1335000000.0,19802262201.61908,11367782378.822866,3043095570.1158543,4083626884.57,323981041.06,967145976.7
2021-04-06,44943408982.80325,22416147047.96926,1335000000.0,21002262201.61908,11259570938.594795,3061997269.861583,4016598205.67,316842474.2,959389448.43
2021-04-07,45943408982.80325,23416147047.96926,1335000000.0,21002262201.61908,11356372321.764795,3044779277.484372,4202518147.67,323444870.98,941051013.78
2021-04-08,45943408982.80325,23416147047.96926,1335000000.0,21002262201.61908,11541620772.734797,3040055894.4554124,4630947709.29,314636639.0,899533966.68
2021-04-09,45943408982.80325,23416147047.96926,1335000000.0,21002262201.61908,11571559687.166904,3048824022.16409,4911224804.57,298473404.05,913287388.76
2021-04-10,45943408982.80325,23416147047.96926,1335000000.0,21002262201.61908,11549962488.0169,3112223795.918259,4927778711.9,288857099.58,908777885.74
2021-04-11,45943408982.80325,23416147047.96926,1335000000.0,21002262201.61908,11636894537.771976,3137398042.542796,5019780997.8,293859825.56,909406295.98
2021-04-12,46943408982.80325,23416147047.96926,1335000000.0,22002262201.61908,11386117344.421974,3124275627.9871106,5068035362.92,292803793.0,901063146.15
2021-04-13,46943408982.80325,23416147047.96926,1335000000.0,22002262201.61908,11529293086.491976,3084118847.684421,5248963530.48,298226644.51,936124520.15
2021-04-14,48943408982.80325,23416147047.96926,1335000000.0,24002262201.61908,11856937053.181974,3142485502.8334703,5332019953.61,305203691.16,912610201.23
2021-04-15,48943408982.80325,23416147047.96926,1335000000.0,24002262201.61908,12004342493.691977,3196634429.4649243,5545189717.62,330968423.67,890538356.61
2021-04-16,49943408982.80325,24416147047.96926,1335000000.0,24002262201.61908,12467263809.271976,3347762990.8252406,6189324724.49,323379917.36,1002989385.4
2021-04-17,49943408982.80325,24416147047.96926,1335000000.0,24002262201.61908,12796995635.991976,3442605387.2969418,6270328126.96,323666476.22,1046016904.84
2021-04-18,49943408982.80325,24416147047.96926,1335000000.0,24002262201.61908,13139981631.26286,3427656627.662854,6427145630.58,367095321.74,1076344771.87
2021-04-19,51943408982.80325,24416147047.96926,1335000000.0,26002262201.61908,13282203139.620249,3431556865.691684,6664796632.14,339436173.84,962999646.36
2021-04-20,51943408982.80325,24416147047.96926,1335000000.0,26002262201.61908,13470374793.670248,3439305163.8077545,6873086059.3,360441765.53,1085739457.47
2021-04-21,51943408983.80325,24416147047.96926,1335000000.0,26002262202.61908,13531639035.620249,3448960607.0589585,7212842775.86,375208113.38,1046367841.09
2021-04-22,51943408983.80325,24416147047.96926,1335000000.0,26002262202.61908,13568926716.73025,3452727141.0758333,7126510843.81,370329768.87,1063273821.68
2021-04-23,51943408983.80325,24416147047.96926,1335000000.0,26002262202.61908,13709368403.460249,3428054482.3426604,6859425986.22,361830490.05,1075036234.37
2021-04-24,51943408983.80325,24416147047.96926,1335000000.0,26002262202.61908,14044671212.610249,3447044850.3702083,6976260603.69,342965674.43,1120311934.66
2021-04-25,51943408983.80325,24416147047.96926,1335000000.0,26002262202.61908,14135037470.800243,3457982853.448468,7110206621.41,351086522.86,1102985453.61
2021-04-26,51943408983.80325,24416147047.96926,1335000000.0,26002262202.61908,14236778701.730244,3517416640.8657207,7176628209.58,365926777.95,1166053448.8
2021-04-27,51943408983.80325,24416147047.96926,1335000000.0,26002262202.61908,14378915100.660244,3546033610.5325,7437480013.0,384820202.0,1116963014.72
2021-04-28,52443408983.80325,24916147047.96926,1335000000.0,26002262202.61908,14394635930.300243,3575423625.2479944,7161050425.87,401569455.75,1092230837.09
2021-04-29,52443408983.80325,24916147047.96926,1335000000.0,26002262202.61908,14630812748.640242,3657482396.6200094,7191469099.54,506589851.82,1191574868.04
2021-04-30,53443408983.80325,25916147047.96926,1335000000.0,26002262202.61908,14797476822.580242,3661335470.79062,7431114803.61,661112084.7,1181774345.21
2021-05-01,53443408983.80325,25916147047.96926,1335000000.0,26002262202.61908,14854374326.100245,3727598335.494564,7586538899.36,660939080.23,1192004832.83
2021-05-02,53443408983.80325,25916147047.96926,1335000000.0,26002262202.61908,14832562768.800243,3773127368.12557,7813046171.43,911312097.6,1193269721.79
2021-05-03,54443408983.80325,25916147047.96926,1335000000.0,27002262202.61908,14802202982.290243,3887941251.856768,7471080517.71,1024117357.09,1192458882.01
2021-05-04,54443408983.80325,25916147047.96926,1335000000.0,27002262202.61908,15130798911.990242,3961041679.953688,7564616219.54,1125517425.68,1197547986.51
2021-05-05,56443408983.80325,25916147047.96926,1335000000.0,29002262202.61908,15285866631.760242,4091617232.279166,7765847754.79,1143766032.16,1205421813.42
2021-05-06,56443408983.80325,25916147047.96926,1335000000.0,29002262202.61908,15329915636.440245,4290468771.481363,7954352212.39,1145878097.23,1212563073.23
2021-05-07,56443408983.80325,25916147047.96926,1335000000.0,29002262202.61908,15387860311.30024,4364512888.233855,7808735008.34,1140885164.92,1167600681.48
2021-05-08,56443408983.80325,25916147047.96926,1335000000.0,29002262202.61908,15647430161.05024,4409588676.835999,7898192327.11,1148733759.72,1176860870.01
2021-05-09,56443408983.80325,25916147047.96926,1335000000.0,29002262202.61908,15879194326.51024,4487571426.733752,7877210674.05,1148084981.74,1174788801.68
2021-05-10,58443408983.80325,26916147047.96926,1335000000.0,30002262202.61908,15922505508.11024,4563153556.773371,7942327812.88,1159427667.76,1225135382.59
2021-05-11,58443408983.80325,26916147047.96926,1335000000.0,30002262202.61908,15962797165.85024,4595000940.35658,7962398393.7,1169041897.57,1196352174.06
2021-05-12,59443408983.80325,26916147047.96926,1335000000.0,31002262202.61908,16027284993.7397,4637683833.341231,8071170720.95,1166752639.79,1177309290.33
2021-05-13,59443408983.80325,26916147047.96926,1335000000.0,31002262202.61908,16200375821.5397,4535143394.184351,7796089208.88,1188427630.13,1197362837.14
2021-05-14,59443408983.80325,26916147047.96926,1335000000.0,31002262202.61908,16468573262.1997,4598795293.539662,7885638206.14,1191588028.3,1211065691.4
2021-05-15,59443408983.80325,26916147047.96926,1335000000.0,31002262202.61908,16670000897.8897,4615639800.506893,7943820090.75,1191034641.67,1235827548.53
2021-05-16,59443408983.80325,26916147047.96926,1335000000.0,31002262202.61908,16665643195.709702,4684322024.19587,7943820090.75,1216733259.85,1235827548.53
2021-05-17,60443408983.80325,27916147047.96926,1335000000.0,31002262202.61908,16996755816.949696,4733930659.962372,7885080094.62,1206679168.8,1225931077.75
2021-05-18,60443408983.80325,27916147047.96926,1335000000.0,31002262202.61908,17130520960.739698,4782352724.582123,7943287005.37,1198001573.09,1245597078.32
2021-05-19,60443408983.80325,27916147047.96926,1335000000.0,31002262202.61908,17771964955.9797,4346013834.813254,7855562309.01,1206483143.21,1300542662.9
2021-05-20,60443408983.80325,27916147047.96926,1335000000.0,31002262202.61908,18602207469.039696,4244466500.158543,8279055000.38,1207594618.39,1381619949.07
2021-05-21,60443408983.80325,27916147047.96926,1335000000.0,31002262202.61908,19702077939.563423,4237987732.63379,8490547098.28,1231421433.02,1403134544.35
2021-05-22,61443408983.80325,27916147047.96926,1335000000.0,32002262202.61908,20067278298.113422,4229186915.857072,8608933841.86,1245038573.18,1419829455.08
2021-05-23,61443408983.80325,27916147047.96926,1335000000.0,32002262202.61908,20612983459.563423,4037974369.347094,8614302263.8,1252232355.3,1427236790.54
2021-05-24,62443408983.80325,27916147047.96926,1335000000.0,33002262202.61908,20922405574.282867,4219912669.1547375,8618304399.22,1252802792.83,1403173619.2
2021-05-25,62443408983.80325,27916147047.96926,1335000000.0,33002262202.61908,21101789563.82287,4262440976.125567,8838458018.76,1263659952.01,1348276167.83
2021-05-26,62443408983.80325,27916147047.96926,1335000000.0,33002262202.61908,21728834064.70287,4359212720.428084,8875477783.59,1263517318.08,1313595193.4
2021-05-27,62443408983.80325,27916147047.96926,1335000000.0,33002262202.61908,22110102291.192867,4385949359.817406,8706175000.4,1280151274.1,1325205304.97
2021-05-28,63443408983.80325,27916147047.96926,1335000000.0,34002262202.61908,22282384301.00287,4412576094.479847,8867815946.28,1282135803.69,1263845865.42
2021-05-29,63443408983.80325,27916147047.96926,1335000000.0,34002262202.61908,22391175347.52287,4467627573.112232,8677301964.75,1281759878.35,1267807794.57
2021-05-30,63443408983.80325,27916147047.96926,1335000000.0,34002262202.61908,22598448716.992867,4431853579.786393,8609694339.17,1281009174.76,1266899373.13
2021-05-31,64443408983.80325,30916147047.96926,1335000000.0,32002262202.61908,22810926591.832867,4414383230.295825,8633463600.61,1282093269.76,1230431046.89
2021-06-01,64443408983.80325,30916147047.96926,1335000000.0,32002262202.61908,22834797998.32287,4407009226.031809,8719604151.71,1374641471.09,1254756209.4
2021-06-02,64443408983.80325,30916147047.96926,1335000000.0,32002262202.61908,22917078181.262867,4427015140.450541,9056993006.86,1377298074.63,1242179997.91
2021-06-03,64443408983.80325,30916147047.96926,1335000000.0,32002262202.61908,22978770898.07287,4505878467.638509,9274517713.19,1403741953.39,1161931742.58
2021-06-04,64443408983.80325,30916147047.96926,1335000000.0,32002262202.61908,22963265325.892868,4545395384.787482,9532200141.14,1417435842.64,1125975518.72
2021-06-05,64443408983.80325,30916147047.96926,1335000000.0,32002262202.61908,23007367623.942867,4555635038.245524,9532200141.14,1458216466.63,1125975518.72
2021-06-06,64443408983.80325,30916147047.96926,1335000000.0,32002262202.61908,23090248542.47287,4570165231.678658,9647663214.07,1473516467.19,1084653199.44
2021-06-07,64438885596.29984,30912401959.97513,1335000000.0,32001483903.1098,23196890082.75287,4640456433.289766,9594508560.09,1469909826.67,1118726815.93
2021-06-08,64438885596.29984,30912401959.97513,1335000000.0,32001483903.1098,23255814290.20752,4655366319.45354,9589099991.81,1503355983.78,1161577184.46
2021-06-09,64438885596.29984,30912401959.97513,1335000000.0,32001483903.1098,23391649397.787518,4851285547.978432,9420395508.12,1719957510.99,1094135219.58
2021-06-10,64438885596.29984,30912401959.97513,1335000000.0,32001483903.1098,23342384433.847515,4877703587.531247,9244648533.14,1435417989.79,1074352544.6
2021-06-11,64438885596.29984,30912401959.97513,1335000000.0,32001483903.1098,23566090908.36752,4987353507.224031,9577984008.38,1437894231.53,981220358.39
2021-06-12,64438885596.29984,30912401959.97513,1335000000.0,32001483903.1098,23693459356.807514,4962088353.939384,9577984008.38,1437689557.4,981220358.39
2021-06-13,64438885596.29984,30912401959.97513,1335000000.0,32001483903.1098,23781292250.36653,4980250386.677134,9577984008.38,1441558124.87,981220358.39
2021-06-14,64438885596.29984,30912401959.97513,1335000000.0,32001483903.1098,23856294078.376537,5005447455.1592245,9459638146.67,1445878211.65,948063284.88
2021-06-15,64438885596.29984,30912401959.97513,1335000000.0,32001483903.1098,23962806459.306538,5108460225.650515,9435172954.66,1415132830.24,905896968.17
2021-06-16,64438885596.29984,30912401959.97513,1335000000.0,32001483903.1098,24079842101.906536,5105205610.559202,9315995296.17,1427227898.65,836608963.71
2021-06-17,64438885596.29984,30912401959.97513,1335000000.0,32001483903.1098,24066890402.59654,4975276109.114331,9291820685.56,1425126682.33,798511847.55
2021-06-18,64438885596.29984,30912401959.97513,1335000000.0,32001483903.1098,24299467475.456043,5007917035.406821,9399716556.25,1424608337.61,791448505.05
2021-06-19,64438885596.29984,30912401959.97513,1335000000.0,32001483903.1098,24454445962.675243,4961854244.150295,9451605492.34,1425361002.27,792574138.39
2021-06-20,64438885596.29984,30912401959.97513,1335000000.0,32001483903.1098,24522061213.29524,4967242148.0964575,9653890259.25,1449140837.94,793541417.53
2021-06-21,64438885596.29984,30912401959.97513,1335000000.0,32001483903.1098,25090360782.095245,4845603547.044244,9765790921.53,1426610587.32,764395705.95
2021-06-22,64438885596.29984,30912401959.97513,1335000000.0,32001483903.1098,25224340560.345245,4821374349.981649,9763715785.54,1438845514.95,772881559.99
2021-06-23,64438885596.29984,30912401959.97513,1335000000.0,32001483903.1098,25521666516.605244,4884396618.757752,9685846368.16,1444304737.23,859044332.42
2021-06-24,64438885596.29984,30912401959.97513,1335000000.0,32001483903.1098,25629412584.355244,4916196159.94376,9964398196.16,1408983089.23,920156665.56
2021-06-25,64438885596.29984,30912401959.97513,1335000000.0,32001483903.1098,25795873195.755245,4913677442.420361,9889613729.67,1419307764.02,866610424.65
2021-06-26,64438885596.29984,30912401959.97513,1335000000.0,32001483903.1098,25853640817.645245,4887235300.599911,9943332419.81,1426109675.7,876347598.55
2021-06-27,64438885596.29984,30912401959.97513,1335000000.0,32001483903.1098,25969724547.345245,4895189793.681487,9946112282.07,1432435915.61,898832072.79
2021-06-28,64438885596.29984,30912401959.97513,1335000000.0,32001483903.1098,25395143642.725243,4943348081.195267,10046353813.28,1404798103.2,819632516.9
2021-06-29,64438885596.29984,30912401959.97513,1335000000.0,32001483903.1098,25351861304.065243,4967250924.1371765,10109425904.62,1498843802.06,836679422.47
2021-06-30,64438885596.29984,30912401959.97513,1335000000.0,32001483903.1098,25229531097.165245,5149237291.305747,10061961534.86,1502133534.86,840297105.24
2021-07-01,64438885596.29984,30912401959.97513,1335000000.0,32001483903.1098,25338410465.77524,5155004603.284698,10304559804.05,1505598619.42,820274244.72
2021-07-02,64438885596.29984,30912401959.97513,1335000000.0,32001483903.1098,25545686990.695244,5154546736.972782,10629745394.8,1512220015.76,884906683.4
2021-07-03,64436885596.29984,30910401959.97513,1335000000.0,32001483903.1098,25586759619.95524,5168744210.502598,10622694664.26,1516292572.46,885576545.22
2021-07-04,64436885596.29984,30910401959.97513,1335000000.0,32001483903.1098,25596087924.195244,5186651211.19383,10682980594.74,1516400276.99,905064057.28
2021-07-05,64436885596.29984,30910401959.97513,1335000000.0,32001483903.1098,25601851684.125244,5207307790.688837,10682980594.74,1527763541.77,905064057.28
2021-07-06,64436885596.29984,30910401959.97513,1335000000.0,32001483903.1098,25753292219.595245,5227315970.922634,10741076861.79,1532023624.13,941632482.02
2021-07-07,64436885596.29984,30910401959.97513,1335000000.0,32001483903.1098,25865869752.065243,5236572485.999824,10753966244.49,1533022073.35,942974711.51
2021-07-08,64436885596.29984,30910401959.97513,1335000000.0,32001483903.1098,26005634832.655125,5239316745.476154,10809119126.96,1505385053.22,937299373.89
2021-07-09,64436885596.29984,30910401959.97513,1335000000.0,32001483903.1098,26155376827.575123,5246534521.608141,10696171447.54,1526518491.22,921185653.98
2021-07-10,64436885596.29984,30910401959.97513,1335000000.0,32001483903.1098,26163712357.525124,5235132355.874772,10696171447.54,1508491983.51,921185653.98
2021-07-11,64436885596.29984,30910401959.97513,1335000000.0,32001483903.1098,26182717881.225124,5243002249.143099,10696171447.54,1508857009.12,921185653.98
2021-07-12,64436885596.29984,30910401959.97513,1335000000.0,32001483903.1098,26463732613.78512,5248025299.840583,10484120217.05,1500149546.8,907782598.08
2021-07-13,64436885596.29984,30910401959.97513,1335000000.0,32001483903.1098,26572979624.275124,5225952170.029647,10298067386.42,1521162488.59,888895261.19
2021-07-14,64436885596.29984,30910401959.97513,1335000000.0,32001483903.1098,26771451372.575123,5229203542.182226,10688875013.98,1532378489.9,889473118.18
2021-07-15,64436885596.29984,30910401959.97513,1335000000.0,32001483903.1098,26439750203.405125,5233211107.282506,11252749174.14,1388201699.76,888491925.56
2021-07-16,64436885596.29984,30910401959.97513,1335000000.0,32001483903.1098,26530860772.205124,5249933908.237113,11197269019.49,1334779541.88,889071442.91
2021-07-17,64436885596.29984,30910401959.97513,1335000000.0,32001483903.1098,26669854410.94512,5249416970.882875,11197269019.49,1334614977.84,889071442.91
2021-07-18,64436885596.29984,30910401959.97513,1335000000.0,32001483903.1098,26732389594.21512,5250035290.621549,11197269019.49,1327264756.69,889071442.91
2021-07-19,64436885596.29984,30910401959.97513,1335000000.0,32001483903.1098,26747092518.865112,5211546803.474068,11119014764.31,1330484870.1,894018496.5
2021-07-20,64436885596.29984,30910401959.97513,1335000000.0,32001483903.1098,26864815702.21512,5202218141.177286,11209707766.97,1260432831.91,896854920.59
2021-07-21,64436885596.29984,30910401959.97513,1335000000.0,32001483903.1098,26965030238.985123,5228221488.105902,11341908575.64,1261477248.88,904890233.58
2021-07-22,64436885596.29984,30910401959.97513,1335000000.0,32001483903.1098,27027191945.72412,5255857301.416043,11454247340.35,1270878571.7,903977943.26
2021-07-23,64436855765.157,30910372128.832283,1335000000.0,32001483903.1098,27095379634.984123,5216062304.508204,11586231445.08,1275261746.53,907651806.38
2021-07-24,64436855765.157,30910372128.832283,1335000000.0,32001483903.1098,27103956565.664124,5282744959.84228,11712914531.41,1275673891.67,907086598.45
2021-07-25,64436855765.157,30910372128.832283,1335000000.0,32001483903.1098,27152065638.094124,5301931422.732197,11789037210.25,1276062302.34,908874468.54
2021-07-26,64436855765.157,30910372128.832283,1335000000.0,32001483903.1098,27237725837.624123,5309270545.113525,11968828100.75,1245736824.82,920879418.8
2021-07-27,64436855765.157,30910372128.832283,1335000000.0,32001483903.1098,27292123104.78412,5316456813.46371,12159590995.79,1242041148.99,921831677.45
2021-07-28,64436855765.157,30910372128.832283,1335000000.0,32001483903.1098,27386632688.29412,5352578871.580471,12224571047.08,1240205682.78,931567832.41
2021-07-29,64436855765.157,30910372128.832283,1335000000.0,32001483903.1098,27325441152.83412,5347145081.837353,12198103689.84,1241498251.34,923559130.23
2021-07-30,64436855765.157,30910372128.832283,1335000000.0,32001483903.1098,27399939466.63412,5362972531.560903,12285746621.84,1247205920.28,926059238.07
2021-07-31,64536855766.045,30910372128.832283,1335000000.0,32001483903.1098,27423818617.81412,5382907050.846823,12285746621.84,1248255110.79,926059238.07
2021-08-01,64536855766.045,30910372128.832283,1335000000.0,32001483903.1098,27459322143.13412,5405117652.256527,12225898273.79,1249418751.36,927867527.6
2021-08-02,64536855766.045,30910372128.832283,1335000000.0,32001483903.1098,27463699012.65412,5420670690.51126,12154108047.03,1250761923.3,920553289.27
2021-08-03,64536855766.045,30910372128.832283,1335000000.0,32001483903.1098,27507888006.35409,5432511632.875785,12047209455.05,1266697170.48,911488268.59
2021-08-04,64536855766.045,30910372128.832283,1335000000.0,32001483903.1098,27596279190.76409,5441222877.131532,11988640420.58,1212768191.2,908085617.62
2021-08-05,63535965039.924194,30909768192.56087,1335000000.0,31001197113.26041,27678190477.394096,5446403208.713408,12025198364.67,1228596261.11,913019891.73
2021-08-06,63535965039.924194,30909768192.56087,1335000000.0,31001197113.26041,27618652911.18309,5459985798.108293,12186081604.32,1245607912.98,913411840.28
2021-08-07,63535965039.924194,30909768192.56087,1335000000.0,31001197113.26041,27688531292.943096,5503199031.920759,12186081604.32,1250138846.88,913411840.28
2021-08-08,64535965039.924194,30909768192.56087,1335000000.0,32001197113.26041,27767443466.43309,5541161274.210064,12252758178.35,1250458627.56,927753129.33
2021-08-09,64535965039.924194,30909768192.56087,1335000000.0,32001197113.26041,27843858484.13309,5533172890.315028,12160338142.57,1252268170.52,929602919.06
2021-08-10,64535965039.924194,30909768192.56087,1335000000.0,32001197113.26041,27960057661.853065,5572934550.079304,12093046834.51,1264266881.28,928845451.67
2021-08-11,64535965039.924194,30909768192.56087,1335000000.0,32001197113.26041,27912554309.253067,5611540665.776275,12001264341.91,1263678740.05,932993551.19
2021-08-12,64535965039.924194,30909768192.56087,1335000000.0,32001197113.26041,27825917285.79308,5642785657.399731,12010106727.9,1277782267.48,936445708.59
2021-08-13,64535965039.924194,30909768192.56087,1335000000.0,32001197113.26041,27819128166.003075,5673888861.975186,12008723458.01,1285263252.6,932274231.34
2021-08-14,64535965039.924194,30909768192.56087,1335000000.0,32001197113.26041,27820826790.953075,5690254526.212377,12004514552.87,1286303333.25,938681396.16
2021-08-15,65535965039.924194,30909768192.56087,1335000000.0,33001197113.26041,27829293274.523075,5720556835.715532,12047405938.99,1286957461.5,942491911.88
2021-08-16,65535965039.924194,30909768192.56087,1335000000.0,33001197113.26041,27725926993.89308,5729025852.54778,11910425630.57,1286374128.52,944074837.53
2021-08-17,65535965039.924194,30909768192.56087,1335000000.0,33001197113.26041,27756291263.33308,5709614603.136626,11891837836.69,1279211711.58,944578113.07
2021-08-18,65535965039.924194,30909768192.56087,1335000000.0,33001197113.26041,27745786643.323074,5721102648.683975,11957324880.1,1356640218.99,948304954.11
2021-08-19,65635965040.8122,30909768192.56087,1335000000.0,33001197113.26041,27529101748.28308,5732351755.029004,12020528017.87,1351525142.81,950189896.66
2021-08-20,66635965040.8122,31909768192.56087,1335000000.0,33001197113.26041,27211564771.30308,5754509328.112167,12202203842.93,1346839329.58,944075966.41
2021-08-21,66635965040.8122,31909768192.56087,1335000000.0,33001197113.26041,27159117262.74308,5763963474.336838,12302519501.49,1364901799.07,945184831.68
2021-08-22,66635965040.8122,31909768192.56087,1335000000.0,33001197113.26041,27147764500.363075,5769438840.28629,12285640551.59,1364821358.52,945222628.8
2021-08-23,67635965040.8122,31909768192.56087,1335000000.0,34001197113.26041,27106204306.80308,5784060247.664084,12324792593.45,1392808909.85,943906997.31
2021-08-24,67635965040.8122,33909768192.56087,1335000000.0,32001197113.26041,27157774032.21308,5771853358.430468,12173655260.96,1394638471.43,945642940.11
2021-08-25,67600786077.04608,33874589228.79475,1335000000.0,32001197113.26041,27224883238.683075,5773392100.473217,12130312704.27,1373368805.45,947757155.65
2021-08-26,67599203217.19983,33873006368.9485,1335000000.0,32001197113.26041,27168085017.803085,5776700632.208961,12175987734.36,1382069209.8,957661390.29
2021-08-27,67599203217.19983,33873006368.9485,1335000000.0,32001197113.26041,27304909783.654716,5811680487.762216,12236357340.56,1396019173.34,958478961.93
2021-08-28,67599203217.19983,33873006368.9485,1335000000.0,32001197113.26041,27285682980.404716,5821742555.231999,12201827424.44,1397564261.6,962489477.34
2021-08-29,67599203217.19983,33873006368.9485,1335000000.0,32001197113.26041,27343852360.11471,5831516912.116053,12263491683.87,1388305119.1,964106670.83
2021-08-30,67599203217.19983,33873006368.9485,1335000000.0,32001197113.26041,27433082200.00471,5836594571.517103,12246036764.62,1393485235.57,967906060.42
2021-08-31,67599203217.19983,33873006368.9485,1335000000.0,32001197113.26041,27430764708.16471,5851229381.32257,12247726038.65,1397764944.96,981107435.39
2021-09-01,67599203217.19983,33873006368.9485,1335000000.0,32001197113.26041,27469819813.904716,5874401210.804348,12487577149.46,1409070860.73,980605571.11
2021-09-02,67599203217.19983,33873006368.9485,1335000000.0,32001197113.26041,27605254145.764717,6063904106.095428,12546936699.03,1376430676.55,971047055.09
2021-09-03,68599203217.19983,33873006368.9485,1335000000.0,33001197113.26041,27743026369.044712,6116460992.94959,12550532710.79,1381637184.58,969296146.11
2021-09-04,68599203217.19983,33873006368.9485,1335000000.0,33001197113.26041,27793950396.384712,6117275014.772252,12606863534.29,1384985917.08,970174085.73
2021-09-05,68749203218.08783,33873006368.9485,1335000000.0,33001197113.26041,27851800324.674717,6149594967.375882,12542845935.59,1389003557.5,967536104.28
2021-09-06,69749203218.08783,33873006368.9485,1335000000.0,34001197113.26041,27967398881.724712,6183826704.621366,12553977646.51,1396133038.91,967791376.09
2021-09-07,71999203218.97583,33873006368.9485,1335000000.0,36001197113.260414,28225280934.66471,6210927418.204941,12494219546.22,1411628968.73,965743469.18
2021-09-08,71999203218.97583,33873006368.9485,1335000000.0,36001197113.260414,28944929540.044712,6209984347.315359,12749333906.47,1415438885.59,966362889.65
2021-09-09,72349203219.86383,33873006368.9485,1335000000.0,36001197113.260414,28937008071.12471,6204564528.97646,12604815351.06,1425825174.77,968534107.07
2021-09-10,72349203219.86383,33873006368.9485,1335000000.0,36001197113.260414,29371745009.28471,6178247383.200369,12468092358.03,1437425379.25,973489943.2
2021-09-11,72349203219.86383,33873006368.9485,1335000000.0,36001197113.260414,29349710155.123142,6275375617.622175,12468092358.03,1439049491.2,973489943.2
2021-09-12,72349203219.86383,33873006368.9485,1335000000.0,36001197113.260414,29380683658.38314,6284190523.051834,12468092358.03,1439314599.44,973489943.2
2021-09-13,72349203219.86383,33873006368.9485,1335000000.0,36001197113.260414,29344655843.31314,6273710522.5262985,12371273502.2,1396646237.78,1002240309.42
2021-09-14,72337795458.8828,33861598607.967472,1335000000.0,36001197113.260414,29276711600.85314,6276976114.121955,12689200996.79,1404319507.12,1023700781.67
2021-09-15,72337795458.8828,33861598607.967472,1335000000.0,36001197113.260414,29291219896.23314,6279180590.766684,12738485852.55,1396787035.23,1024202268.21
2021-09-16,72337795458.8828,33861598607.967472,1335000000.0,36001197113.260414,29298591794.10314,6298939680.892447,12744831747.24,1399100316.06,1031504357.02
2021-09-17,72337795458.8828,33861598607.967472,1335000000.0,36001197113.260414,29420755431.51314,6309090107.876854,12805680607.0,1394790477.93,1046068676.05
2021-09-18,72337795458.8828,33861598607.967472,1335000000.0,36001197113.260414,29515057256.35314,6311835792.00971,12813558455.77,1390157769.35,1049643570.25
2021-09-19,72337795458.8828,33861598607.967472,1335000000.0,36001197113.260414,29565849120.18005,6309942474.439902,12833444458.7,1391429114.83,1059130834.95
2021-09-20,72337795458.8828,33861598607.967472,1335000000.0,36001197113.260414,29661653621.93005,6150809313.540474,12846237535.26,1385347650.41,1073292404.55
2021-09-21,72337795458.8828,33861598607.967472,1335000000.0,36001197113.260414,29894062963.940044,6104466121.433377,12916500802.46,1400699222.73,1094033557.15
2021-09-22,72337795458.8828,33861598607.967472,1335000000.0,36001197113.260414,30250237881.370045,6021163749.965787,12974704901.54,1410878910.35,1147677852.37
2021-09-23,72337795458.8828,33861598607.967472,1335000000.0,36001197113.260414,30467234919.530045,6062964508.822042,13108074644.44,1427876514.32,1169031638.04
2021-09-24,72337795458.8828,33861598607.967472,1335000000.0,36001197113.260414,30813512346.300045,6037054900.619922,13555662795.95,1444076551.66,1191197218.32
2021-09-25,72337795458.8828,33861598607.967472,1335000000.0,36001197113.260414,30943265689.84005,6039165399.660858,13622791996.14,1446574974.12,1192462134.97
2021-09-26,72337795458.8828,33861598607.967472,1335000000.0,36001197113.260414,31190070878.43005,6052237563.457602,13689325309.03,1449648814.57,1193370803.67
2021-09-27,72337795458.8828,33861598607.967472,1335000000.0,36001197113.260414,31211843773.900043,6209729175.873839,13526088094.19,1450856449.07,1170341946.84
2021-09-28,72337795458.8828,33861598607.967472,1335000000.0,36001197113.260414,31177752704.070045,6193083922.354305,13517510212.33,1458229945.73,989567242.52
2021-09-29,72337795458.8828,33861598607.967472,1335000000.0,36001197113.260414,31404748594.57004,6170762186.476887,13411115526.34,1393748119.4,920391089.22
2021-09-30,72337795458.8828,33861598607.967472,1335000000.0,36001197113.260414,31559285906.73004,6158708734.13457,12990015296.24,1329068653.62,922728348.43
2021-10-01,72337795458.8828,33861598607.967472,1335000000.0,36001197113.260414,31837472723.33421,6206745492.002219,13107973510.43,1334242920.79,914450825.47
2021-10-02,72337795458.8828,33861598607.967472,1335000000.0,36001197113.260414,32013744758.214207,6222673666.494405,13107973510.43,1336684478.53,914450825.47
2021-10-03,72337795458.8828,33861598607.967472,1335000000.0,36001197113.260414,32114460193.784206,6245704749.366052,13059492391.44,1337792928.87,919987058.15
2021-10-04,72337795458.8828,33861598607.967472,1335000000.0,36001197113.260414,32113185920.404205,6266683171.48215,13059492391.44,1337411460.62,919987058.15
2021-10-05,72337795458.8828,33861598607.967472,1335000000.0,36001197113.260414,32209969932.564205,6294665624.51116,13005918918.04,1338891684.1,936467120.2
2021-10-06,72337795458.8818,33861598607.967472,1335000000.0,36001197113.260414,32173926833.09106,6399215070.051568,13120481267.98,1340848916.4,965320552.07
2021-10-07,72337795458.8818,33861598607.967472,1335000000.0,36001197113.260414,32517358276.46106,6446156693.58967,13032019526.06,1340488187.61,926595454.16
2021-10-08,72337795458.8818,33861598607.967472,1335000000.0,36001197113.260414,32762663647.94064,6487394674.061716,13096696728.83,1300811223.32,920204332.52
2021-10-09,72337795458.8818,33861598607.967472,1335000000.0,36001197113.260414,32811132484.96063,6523398672.429112,13096696728.83,1301981005.37,920204332.52
2021-10-10,72337795458.8818,33861598607.967472,1335000000.0,36001197113.260414,32871497911.550625,6535967278.677569,13182583774.74,1302671169.74,920676075.28
2021-10-11,72337795458.8818,33861598607.967472,1335000000.0,36001197113.260414,32973088015.780582,6542327719.366355,13182583774.74,1301941925.42,920676075.28
2021-10-12,72337795458.8818,33861598607.967472,1335000000.0,36001197113.260414,32783712509.4006,6591951367.298176,13128030752.6,1301406419.98,957060556.61
2021-10-13,72337795458.8818,33861598607.967472,1335000000.0,36001197113.260414,32760552338.6106,6609334732.502635,12980757572.78,1273776198.01,935616477.41
2021-10-14,72337795458.8818,33861598607.967472,1335000000.0,36001197113.260414,32810973627.7006,6767965313.793336,13230086600.83,1279932178.21,947482663.79
2021-10-15,72337795458.8818,33861598607.967472,1335000000.0,36001197113.260414,32733189289.890594,6957671610.300484,13073555531.2,1284358459.36,928665852.73
2021-10-16,72337795458.8818,33861598607.967472,1335000000.0,36001197113.260414,32724301648.390594,6993596360.132253,13073555531.2,1286457310.36,928665852.73
2021-10-17,72337795458.8818,33861598607.967472,1335000000.0,36001197113.260414,32770082229.8606,7009214648.937388,13009492387.24,1285817259.44,929727970.78
2021-10-18,72337795458.8818,33861598607.967472,1335000000.0,36001197113.260414,32627856817.9906,7004065053.028496,13086706339.67,1285220638.16,936144698.43
2021-10-19,72334615029.86787,33858418177.953545,1335000000.0,36001197113.260414,32218875989.1106,6963260430.544229,13107693748.47,1286456088.43,938467854.72
2021-10-20,72334615029.86787,33858418177.953545,1335000000.0,36001197113.260414,32380587528.9606,7123928794.438293,13234595933.91,1297012784.97,939144407.08
2021-10-21,72309963267.81355,33833766415.899223,1335000000.0,36001197113.260414,32327605249.4206,7351324636.335532,12929324097.3,1290047074.78,936334934.45
2021-10-22,72309963267.81355,33833766415.899223,1335000000.0,36001197113.260414,32348619849.02059,7353053539.420913,12864768286.7,1272461662.94,939520561.64
2021-10-23,72309963267.81355,33833766415.899223,1335000000.0,36001197113.260414,32445860007.30059,7326807220.55234,12864768286.7,1273840833.94,939520561.64
2021-10-24,72309963267.81355,33833766415.899223,1335000000.0,36001197113.260414,32442184862.100597,7314790397.757091,12864768286.7,1274490281.26,939520561.64
2021-10-25,72309963267.81355,33833766415.899223,1335000000.0,36001197113.260414,32557411310.170597,7294664026.09415,12875906605.17,1267338300.12,985382833.91
2021-10-26,72309963267.81355,33833766415.899223,1335000000.0,36001197113.260414,32539859801.870613,7309443085.909802,12762437363.19,1251851474.12,985707959.39
2021-10-27,72309963267.81355,33833766415.899223,1335000000.0,36001197113.260414,32588670481.370613,7650775381.598376,12819260511.08,1261780627.12,993930123.32
2021-10-28,72309963267.81355,33833766415.899223,1335000000.0,36001197113.260414,32729253980.68061,7624137959.520669,13035393544.43,1246097749.21,1000471378.12
2021-10-29,72309963267.81355,33833766415.899223,1335000000.0,36001197113.260414,32949072627.460613,7690600737.734242,13214151053.46,1179876804.51,966826166.09
2021-10-30,72309963267.81355,33833766415.899223,1335000000.0,36001197113.260414,33148117768.460613,7763646546.395924,13402331878.5,1181152229.64,957452482.65
2021-10-31,72309963267.81355,33833766415.899223,1335000000.0,36001197113.260414,33087612243.26061,7784843087.227919,13619701327.13,1182345475.02,958052822.19
2021-11-01,72309963267.81355,33833766415.899223,1335000000.0,36001197113.260414,33038515733.76848,7813532411.104548,13754188054.78,1185277385.51,960567751.22
2021-11-02,73309963267.81355,33833766415.899223,1335000000.0,37001197113.260414,33201784988.74848,7803108480.718619,14201445240.94,1191590062.9,966609965.04
2021-11-03,73309963267.81355,33833766415.899223,1335000000.0,37001197113.260414,33448329556.813644,7849869769.62772,14207367201.9,1200025037.18,959038155.73
2021-11-04,74309963267.81355,34833766415.89922,1335000000.0,37001197113.260414,33403414192.459145,7806891418.890308,13888749392.67,1212995282.48,1011175648.25
2021-11-05,74309963267.81355,34833766415.89922,1335000000.0,37001197113.260414,33790095507.62025,8133494166.243838,13844849709.15,1221537912.58,1030379038.95
2021-11-06,75309963267.81355,34833766415.89922,1335000000.0,38001197113.260414,34057919619.887844,8121862871.564327,13545249889.36,1223930263.54,1030441359.7
2021-11-07,75309963267.81355,34833766415.89922,1335000000.0,38001197113.260414,34123710337.35912,8132494895.631784,13608731064.1,1250480183.66,1030501321.46
2021-11-08,77309963267.81355,35833766415.89922,1335000000.0,39001197113.260414,34126871209.875862,8384436440.017482,13541249919.7,1249203359.15,1017205084.78
2021-11-09,77309169667.66562,37833766415.89922,1335000000.0,37000403513.11248,34459219053.1831,8611947057.028038,13287296279.74,1255298649.44,1019524204.35
2021-11-10,77310169666.66562,37833766415.89922,1335000000.0,37000403513.11248,34259581350.68112,8547662207.096045,13028805329.74,1255132555.78,981235377.03
2021-11-11,77310169666.66562,37833766415.89922,1335000000.0,37000403513.11248,34304859304.92064,8535025829.079748,12875922980.24,1199730981.61,967834929.47
2021-11-12,77310169666.66562,37833766415.89922,1335000000.0,37000403513.11248,34110204731.594734,8557393567.09965,12657300388.4,1209518423.92,1018951962.27
2021-11-13,77310169666.66562,37833766415.89922,1335000000.0,37000403513.11248,34176822393.12893,8507703149.073987,12694721881.85,1217902146.05,1018951962.26
2021-11-14,77310169666.66562,37833766415.89922,1335000000.0,37000403513.11248,34175936759.296307,8459386971.988716,12742488912.16,1219826794.2,1019011910.44
2021-11-15,77310169666.66562,37833766415.89922,1335000000.0,37000403513.11248,34366092831.95972,8449687978.300921,12796215398.22,1238097884.78,1019675168.82
2021-11-16,77310169666.66562,37833766415.89922,1335000000.0,37000403513.11248,34904096191.3324,8467494608.338927,12903730175.81,1249890119.23,1035552650.03
2021-11-17,77310169666.66562,37833766415.89922,1335000000.0,37000403513.11248,34976421444.39122,8463435484.078385,13134695332.05,1260552234.52,1050164857.36
2021-11-18,77310169666.66562,37833766415.89922,1335000000.0,37000403513.11248,35228896485.7776,8530188538.129387,13052680277.75,1281255719.82,1028667487.78
2021-11-19,77310169666.66562,37833766415.89922,1335000000.0,37000403513.11248,35604290144.361,8620738389.672918,13139010198.28,1228549089.57,1048011009.11
2021-11-20,77310169666.66562,37833766415.89922,1335000000.0,37000403513.11248,35877233439.57493,8624271407.59603,13223556920.67,1231788041.99,1058058825.71
2021-11-21,77310169666.66562,37833766415.89922,1335000000.0,37000403513.11248,36019804554.8016,8675414295.604683,13262985446.16,1228875897.31,1067822658.06
2021-11-22,77310169666.66562,37833766415.89922,1335000000.0,37000403513.11248,36279357538.53145,8640157499.167608,13261571051.99,1240617960.21,1108759904.89
2021-11-23,77310169666.66562,37833766415.89922,1335000000.0,37000403513.11248,36709405997.83663,8711239424.439194,12918879203.28,1259602240.68,1107638956.86
2021-11-24,77305113260.64119,37828710009.8748,1335000000.0,37000403513.11248,37188935525.42996,8731079666.070469,12897333151.69,1264218750.41,1136716626.55
2021-11-25,77305113260.64119,37828710009.8748,1335000000.0,37000403513.11248,37390895208.57826,8801259816.16013,12958665605.81,1261805061.01,1136716626.55
2021-11-26,78305113260.64119,37828710009.8748,1335000000.0,38000403513.11248,37698439465.43601,8704081923.177912,12900866503.39,1277873752.41,1179708623.41
2021-11-27,78305113260.64119,37828710009.8748,1335000000.0,38000403513.11248,38284946055.69051,8692975259.807014,12970571287.75,1276299250.14,1180192601.78
2021-11-28,78305113260.64119,37828710009.8748,1335000000.0,38000403513.11248,38439759151.42728,8705736380.941177,12970571287.75,1270990987.02,1180192601.78
2021-11-29,78305113260.64119,37828710009.8748,1335000000.0,38000403513.11248,38462284502.917854,8757751751.103872,13145602844.8,1287699197.38,1194155167.48
2021-11-30,77305113260.64119,37828710009.8748,1335000000.0,37000403513.11248,38538604105.47188,8843724543.603968,13426035658.49,1246630047.38,1137578746.02
2021-12-01,77305113260.64119,37828710009.8748,1335000000.0,37000403513.11248,38779280375.75209,8882920274.2801,13532537942.77,1251185354.74,1114134059.39
2021-12-02,77305113260.64119,37828710009.8748,1335000000.0,37000403513.11248,38812372817.36577,8903736157.680069,13618395227.86,1257261116.39,1122933268.07
2021-12-03,77305113260.64119,37828710009.8748,1335000000.0,37000403513.11248,39281513815.17014,8891483173.937735,13733408689.46,1215066233.76,1124771877.62
2021-12-04,78305113260.64119,37828710009.8748,1335000000.0,38000403513.11248,39858250029.20566,8929330136.11672,13600432290.21,1246601881.85,1125296244.98
2021-12-05,79305113260.64119,37828710009.8748,1335000000.0,39000403513.11248,41293042421.15449,8995599484.770847,13598465809.9,1248211079.42,1132448401.41
2021-12-06,79305113260.64119,37828710009.8748,1335000000.0,39000403513.11248,41257430993.85814,8930116816.68434,13352139798.84,1274591944.34,1127653394.83
2021-12-07,80305113260.64119,37828710009.8748,1335000000.0,40000403513.11248,41317366151.35691,8938744860.198084,13517000658.33,1276752528.99,1186744579.85
2021-12-08,80305113260.64119,37828710009.8748,1335000000.0,40000403513.11248,41418103624.48144,8950809066.839994,13657024670.54,1279845134.1,1136011364.91
2021-12-09,80305113260.64119,39828710009.8748,1335000000.0,38000403513.11248,41388157622.896,8937752443.127684,13769119817.28,1281685536.79,1142147714.29
2021-12-10,80305113260.64119,39828710009.8748,1335000000.0,38000403513.11248,41725687896.81871,8904905557.247,13867832891.71,1291184136.0,1144087465.9
2021-12-11,80305113260.64119,39828710009.8748,1335000000.0,38000403513.11248,41940866953.2816,8923882296.964598,13885668579.7,1291383587.26,1144175772.45
2021-12-12,80305113260.64119,39828710009.8748,1335000000.0,38000403513.11248,42036517545.20789,8921279333.645447,13885668579.7,1292869356.66,1144175772.45
2021-12-13,80305113260.64119,39828710009.8748,1335000000.0,38000403513.11248,41947282246.83783,8866165616.266218,13949815218.02,1300754553.56,1146984246.12
2021-12-14,80305113260.64119,39828710009.8748,1335000000.0,38000403513.11248,42181036801.66464,8816033612.675837,14101897251.23,1303393273.98,1149941271.21
2021-12-15,81305113260.64119,39828710009.8748,1335000000.0,39000403513.11248,42158093044.80166,8875549635.139227,14183551108.55,1308014429.4,1152563765.55
2021-12-16,81305113260.64119,39828710009.8748,1335000000.0,39000403513.11248,42276392103.492485,8893239988.726614,14152025006.37,1308648949.09,1157926729.23
2021-12-17,81305113260.64119,39828710009.8748,1335000000.0,39000403513.11248,42363417244.13845,8891495452.761238,14377988823.81,1321105117.94,1166685631.9
2021-12-18,81305113260.64119,39828710009.8748,1335000000.0,39000403513.11248,42500922723.70776,8920237482.438938,14377988823.81,1322557843.28,1166685631.9
2021-12-19,81305113260.64119,39828710009.8748,1335000000.0,39000403513.11248,42488361805.68837,8922849363.241154,14377988823.81,1323377354.05,1166685631.9
2021-12-20,81305113260.64119,39828710009.8748,1335000000.0,39000403513.11248,42620658437.89108,8948188576.356464,14441818376.32,1242618670.86,1167453347.1
2021-12-21,81305113260.64119,39828710009.8748,1335000000.0,39000403513.11248,42858069608.2348,8974333896.279858,14511178110.94,1249471901.81,1092668940.29
2021-12-22,81305113260.64119,39828710009.8748,1335000000.0,39000403513.11248,42861807672.71022,8984345408.633303,14633196847.5,1192169973.24,1103745993.0
2021-12-23,80555113261.52919,39828710009.8748,1335000000.0,37500403513.11248,42968177215.76087,8976949419.405008,14611929450.0,1212307511.09,1105021038.53
2021-12-24,80555113261.52919,39828710009.8748,1335000000.0,37500403513.11248,42943234565.89459,9007852913.115866,14812564321.03,1297353874.69,1105199499.71
2021-12-25,80555113261.52919,39828710009.8748,1335000000.0,37500403513.11248,42969844484.392685,9004186928.573246,14812564321.03,1296444788.17,1105199499.71
2021-12-26,80555113261.52919,39828710009.8748,1335000000.0,37500403513.11248,42929515773.31439,9050325042.1617,14855887693.18,1299442182.29,1105199499.71
2021-12-27,81555113261.52919,39828710009.8748,1335000000.0,38500403513.11248,42817715893.1108,9039096538.427624,15027273046.06,1305955682.15,1111917763.38
2021-12-28,81555113261.52919,39828710009.8748,1335000000.0,38500403513.11248,42902250090.03936,8993103541.816238,15063574760.45,1265095857.52,1111940048.36
2021-12-29,81555113261.52919,39828710009.8748,1335000000.0,38500403513.11248,42926779852.7163,8969235241.119616,14829238995.46,1278791946.59,1034496849.13
2021-12-30,81555113261.52919,39828710009.8748,1335000000.0,38500403513.11248,43168928709.33524,8917272546.170631,14712178950.16,1276855301.3,1034611221.98
2021-12-31,82555113261.52919,39828710009.8748,1335000000.0,39500403513.11248,43067720819.52339,8936908062.935688,14434991724.17,1274825000.21,1034611244.96
2022-01-01,82555113261.52919,39828710009.8748,1335000000.0,39500403513.11248,43358939016.54867,8966540100.050663,14434991724.17,1278031404.98,1034611244.96
2022-01-02,82555113261.52919,39828710009.8748,1335000000.0,39500403513.11248,43486829816.5511,8998905827.537342,14434991724.17,1279977182.48,1034611244.96
2022-01-03,82555113261.52919,39828710009.8748,1335000000.0,39500403513.11248,43498230555.2467,9031694026.1668,14370054530.04,1270252400.84,1036158537.4
2022-01-04,82555113261.52919,39828710009.8748,1335000000.0,39500403513.11248,43481428657.406845,9064531510.720877,14397439228.61,1278511682.58,1037273184.19
2022-01-05,82555113261.52919,39828710009.8748,1335000000.0,39500403513.11248,43668570971.58616,9018535895.695196,14314325326.42,1282592930.62,1039126793.11
2022-01-06,82555113261.52919,39828710009.8748,1335000000.0,39500403513.11248,43917248457.41356,8970995287.580338,14381645616.37,1299115470.29,1041985186.0
2022-01-07,81805113261.52919,39828710009.8748,1335000000.0,38750403513.11248,44062019025.71731,8985762697.074041,14252832852.89,1309146515.55,1043257201.04
2022-01-08,81805113261.52919,39828710009.8748,1335000000.0,38750403513.11248,44293354406.79506,8987688115.515911,14197609584.61,1307749893.47,1043257201.04
2022-01-09,81805113261.52919,39828710009.8748,1335000000.0,38750403513.11248,44310929938.60805,8932241910.468311,14024581534.61,1390241594.66,1043257201.04
2022-01-10,81805113261.52919,39828710009.8748,1335000000.0,38750403513.11248,44595965800.5422,8987865979.328684,14016766871.39,1397108891.31,1045214226.2
2022-01-11,81805113261.52919,39828710009.8748,1335000000.0,38750403513.11248,44697955657.93456,9007256369.421345,14032169160.48,1399399985.28,1046308401.81
2022-01-12,81805113261.52919,39828710009.8748,1335000000.0,38750403513.11248,45062694489.73151,9066327937.22582,14178106007.58,1407619141.01,1049118538.11
2022-01-13,81805113261.52919,39828710009.8748,1335000000.0,38750403513.11248,45348216622.54295,9118702105.140408,14248528876.07,1411910642.32,1050299628.73
2022-01-14,81805113261.52919,39828710009.8748,1335000000.0,38750403513.11248,45576063736.60172,9149036077.244965,14392136801.63,1420502093.5,1052729273.71
2022-01-15,81805113261.52919,39828710009.8748,1335000000.0,38750403513.11248,45600532473.66971,9190124788.780416,14447199785.55,1426472696.58,1052759235.31
2022-01-16,81855113261.52919,39828710009.8748,1335000000.0,38750403513.11248,45739486235.89158,9254064844.799154,14447199785.55,1426504730.09,1052759235.31
2022-01-17,81855113261.52919,39828710009.8748,1335000000.0,38750403513.11248,45872475707.01816,9322501604.342316,14293945855.19,1425030530.11,1052759235.32
2022-01-18,81855113261.52919,39828710009.8748,1335000000.0,38750403513.11248,46059572284.60282,9334016425.65079,14215402771.15,1430937706.53,1054068255.65
2022-01-19,81855113261.52919,39828710009.8748,1335000000.0,38750403513.11248,46330507200.66482,9392842752.226166,14351570307.63,1385847646.18,1056591666.63
2022-01-20,81851389102.59714,39824985850.94274,1335000000.0,38750403513.11248,46591848595.77875,9389178911.658342,14318821096.82,1384530262.85,1049226041.66
2022-01-21,81847700586.75854,39824985850.94274,1335000000.0,38746714997.273895,47310880264.65351,9101673329.301868,14283783128.45,1406929968.23,1051751460.5
2022-01-22,79847700586.75854,39824985850.94274,1335000000.0,36746714997.273895,47632077857.82049,9044575141.799618,14283193022.51,1420139240.62,1052148966.01
2022-01-23,79847700586.75854,39824985850.94274,1335000000.0,36746714997.273895,47937868294.74384,9120884453.10583,14014646595.81,1420117777.12,1052242307.23
2022-01-24,79847700586.75854,39824985850.94274,1335000000.0,36746714997.273895,48477317986.02129,9218403970.054031,14114525031.74,1400704988.16,1023249568.64
2022-01-25,79846030585.75854,39823315849.94274,1335000000.0,36746714997.273895,48864294200.25234,9216709068.546234,14288393545.9,1434883105.61,1026676646.24
2022-01-26,79846030585.75854,39823315849.94274,1335000000.0,36746714997.273895,49379714206.78754,9296109023.294365,14541349230.05,1454550159.58,1028779897.48
2022-01-27,79846030585.75854,39823315849.94274,1335000000.0,36746714997.273895,49809518183.74757,9127980535.361715,14839197492.3,1471085471.8,1031454451.24
2022-01-28,79846030585.75854,39823315849.94274,1335000000.0,36746714997.273895,49990384651.48553,9073664366.599916,14927347934.85,1478225980.74,1034057223.82
2022-01-29,79846030585.75854,39823315849.94274,1335000000.0,36746714997.273895,50039024038.36382,9135725290.405174,14927347934.85,1481412146.02,1034057223.82
2022-01-30,79846030585.75854,39823315849.94274,1335000000.0,36746714997.273895,50155207745.40416,9131639742.342178,14984573527.62,1482572213.19,1034057223.82
2022-01-31,79846030585.75854,39823315849.94274,1335000000.0,36746714997.273895,50297527376.11375,9154571932.097382,15318103437.84,1487049022.09,1044751271.4
2022-02-01,79846030585.75854,39823315849.94274,1335000000.0,36746714997.273895,50515904938.39132,9186839036.69044,15501750820.9,1493265204.48,1055291337.69
2022-02-02,79846030585.75854,39823315849.94274,1335000000.0,36746714997.273895,50820300221.38555,9162201416.652084,15779087073.95,1498080109.88,1063557808.15
2022-02-03,79846030584.75854,39823315849.94274,1335000000.0,36746714997.273895,51137048674.64448,9179382012.05518,16152988712.11,1498955350.4,1068259978.08
2022-02-04,79846030584.75854,39823315849.94274,1335000000.0,36746714997.273895,51189105886.08509,9210415618.29495,16457043054.14,1505108187.13,1072054023.48
2022-02-05,79846030584.75854,39823315849.94274,1335000000.0,36746714997.273895,51350403386.17178,9311900869.233265,16522327508.99,1508122534.12,1072054023.48
2022-02-06,79846030584.75854,39823315849.94274,1335000000.0,36746714997.273895,51370089642.064896,9325829747.354303,16522327508.99,1507996928.89,1072054023.48
2022-02-07,79845834579.69304,39823119844.87724,1335000000.0,36746714997.273895,51658208881.90838,9467460339.172258,16813276624.09,1512210004.59,1077069735.36
2022-02-08,79845834579.69304,39823119844.87724,1335000000.0,36746714997.273895,51911373834.49998,9666542200.12122,17072453190.08,1523024136.84,1079290260.53
2022-02-09,79845834579.69304,39823119844.87724,1335000000.0,36746714997.273895,52112609005.50233,9755563715.634008,17329138016.71,1459975697.2,1080607175.91
2022-02-10,80845834579.69304,39823119844.87724,1335000000.0,37746714997.273895,52288109362.56236,9798436418.79537,17575094806.14,1464952596.02,1083929016.81
2022-02-11,80845834579.69304,39823119844.87724,1335000000.0,37746714997.273895,52437436272.1353,9829925636.306885,17783658066.19,1466547772.55,1085432877.82
2022-02-12,80845834579.69304,39823119844.87724,1335000000.0,37746714997.273895,52515920133.561714,9817359781.451843,17592568668.46,1466547772.55,1077961740.67
2022-02-13,80845834579.69304,39823119844.87724,1335000000.0,37746714997.273895,52570778581.21801,9817823659.160587,17592568668.46,1470104324.47,1077961740.67
2022-02-14,80845834579.69304,39823119844.87724,1335000000.0,37746714997.273895,52686873685.984856,9800579770.47502,17555093253.33,1471557679.44,1033350044.22
2022-02-15,80845834579.69304,39823119844.87724,1335000000.0,37746714997.273895,52724656494.46788,9944337457.42077,17819806607.15,1475550762.57,1035034995.88
2022-02-16,80845834579.69304,39823119844.87724,1335000000.0,37746714997.273895,52836216371.85425,9869922586.673923,17760917243.35,1478440445.87,1027421774.42
2022-02-17,80845834579.69304,39823119844.87724,1335000000.0,37746714997.273895,52755969885.98894,9785185530.57603,18033391746.4,1404426878.81,1029351298.78
2022-02-18,80845834579.69304,39823119844.87724,1335000000.0,37746714997.273895,52710077878.8901,9746780239.530928,18187576587.9,1408995649.62,1031226743.03
2022-02-19,80845834579.69304,39823119844.87724,1335000000.0,37746714997.273895,52774145494.50913,9772165074.820148,18187576587.9,1417407342.02,1031226743.03
2022-02-20,80845834579.69304,39823119844.87724,1335000000.0,37746714997.273895,52775594315.62376,9754746892.894934,18110422307.31,1417586275.37,1031226743.03
2022-02-21,81845834579.69304,39823119844.87724,1335000000.0,38746714997.273895,52783911858.48899,9703954872.14272,18110422307.31,1421810404.81,1031226743.03
2022-02-22,81945834579.69304,39823119844.87724,1335000000.0,38746714997.273895,52878932957.13744,9671070114.036516,18290587402.65,1420650954.22,1032422101.45
2022-02-23,81945834579.69304,39823119844.87724,1335000000.0,38746714997.273895,52999624101.71685,9639922387.833109,18265337061.4,1436889823.87,1034668097.76
2022-02-24,81945834579.69304,39823119844.87724,1335000000.0,38746714997.273895,53318706971.257706,9367262614.373556,18554015737.18,1457037945.74,1018457328.26
2022-02-25,81945834579.69301,39823119844.87724,1335000000.0,38746714997.273895,53430515702.20056,9232149269.025738,18131832562.22,1461813488.09,1021111987.03
2022-02-26,81945834579.69301,39823119844.87724,1335000000.0,38746714997.273895,53422664233.16192,9220585476.704916,18138248448.6,1465003786.55,1021213324.98
2022-02-27,81945834579.69301,39823119844.87724,1335000000.0,38746714997.273895,53536916984.267685,9217948700.822054,18138248448.6,1472480594.41,1021213324.98
2022-02-28,81945834579.69301,39823119844.87724,1335000000.0,38746714997.273895,53654974170.10834,9248624743.23058,18335136084.77,1482527496.71,1022049496.79
2022-03-01,81945834579.69301,39823119844.87724,1335000000.0,38746714997.273895,53670238381.91569,9269829153.757175,18336056806.74,1482987716.46,1028496202.96
2022-03-02,81945834579.69301,39823119844.87724,1335000000.0,38746714997.273895,53608482734.18305,9199013224.788153,18182159154.76,1483516104.62,1029769006.22
2022-03-03,81945834579.69301,39823119844.87724,1335000000.0,38746714997.273895,53503131500.76148,9201578225.135271,18116531344.83,1435059806.88,981320683.76
2022-03-04,81945834579.69301,39823119844.87724,1335000000.0,38746714997.273895,53012101430.76148,9289448160.307177,17952166499.97,1427740970.38,982732088.35
2022-03-05,81945834579.69301,39823119844.87724,1335000000.0,38746714997.273895,53047659670.32639,9277533234.4143,17952166499.97,1430611671.63,982732088.35
2022-03-06,81945834579.69301,39823119844.87724,1335000000.0,38746714997.273895,52949951465.050354,9407567077.011278,17952166499.97,1432364392.02,982732088.35
2022-03-07,82945834579.69301,39823119844.87724,1335000000.0,39746714997.273895,52774539276.25692,9458156625.961752,17990067833.16,1444327742.9,985787320.09
2022-03-08,82945834579.69301,39823119844.87724,1335000000.0,39746714997.273895,52832996990.87226,9336768344.632278,17841542491.58,1452634326.35,980080329.78
2022-03-09,82945834579.69301,39823119844.87724,1335000000.0,39746714997.273895,52782735563.10917,9375130153.651651,18013839134.75,1459893517.83,982796787.15
2022-03-10,82943824141.60608,39823119844.87724,1335000000.0,39744704559.18696,52954708899.29997,9377860062.131971,18003006466.96,1464064828.0,982930253.57
2022-03-11,82943824141.60608,39823119844.87724,1335000000.0,39744704559.18696,52871847958.81828,9397831422.089363,17970467718.6,1467221784.37,984685070.35
2022-03-12,82943824141.60608,39823119844.87724,1335000000.0,39744704559.18696,52842540035.23439,9411228968.315895,18008290785.81,1473132982.23,984685070.35
2022-03-13,83043824141.60608,39823119844.87724,1335000000.0,39744704559.18696,52891328916.231,9396443352.619524,18008290785.81,1475061071.3,984685070.35
2022-03-14,83043192538.76147,39822488242.03262,1335000000.0,39744704559.18696,52912285865.25807,9392554842.760826,17960511048.37,1485324768.28,987023447.5
2022-03-15,83043192538.76147,39822488242.03262,1335000000.0,39744704559.18696,52836061809.71515,9381172579.282064,17940927201.98,1436229944.23,994833793.9
2022-03-16,83043192538.76147,39822488242.03262,1335000000.0,39744704559.18696,52864925703.02707,9386136889.723145,17815600294.18,1397312125.63,994921994.43
2022-03-17,83038206479.34659,39817502182.617744,1335000000.0,39744704559.18696,53223269342.56315,9409220504.286629,17733123529.12,1401631523.61,995982616.89
2022-03-18,83038206479.34659,39817502182.617744,1335000000.0,39744704559.18696,53313878202.734085,9457674489.825558,17806035760.56,1409669754.7,998270138.67
2022-03-19,83038206479.34659,39817502182.617744,1335000000.0,39744704559.18696,53365266078.80645,9477989033.2074,17806035760.56,1405070618.46,998270138.67
2022-03-20,83038206479.34659,39817502182.617744,1335000000.0,39744704559.18696,53451276545.96003,9538818651.653303,17806035760.56,1406072658.92,998270138.67
2022-03-21,83038206479.34659,39817502182.617744,1335000000.0,39744704559.18696,53387187019.67594,9547486347.01424,17717595667.39,1408799926.43,999796388.43
2022-03-22,83038206479.34608,39817502182.617744,1335000000.0,39744704559.18696,53156670904.16952,9499374018.475338,17675133052.54,1351677252.87,1001952345.37
2022-03-23,84036722688.16078,39817078773.27514,1335000000.0,40743644177.34426,52967422949.03121,9454200767.91256,17657279627.42,1353269945.83,975684721.25
2022-03-24,84136722688.16078,39817078773.27514,1335000000.0,40743644177.34426,53010743719.82245,9304299053.525934,17625528047.08,1352997680.98,977179043.82
2022-03-25,84136722688.16078,39817078773.27514,1335000000.0,40743644177.34426,52656117500.839226,9274011018.676334,17566012245.93,1348215080.15,961811853.76
2022-03-26,84136722688.16078,39817078773.27514,1335000000.0,40743644177.34426,52757360465.78819,9241982500.14098,17566012245.93,1351439460.8,961811853.76
2022-03-27,84236722688.16078,39817078773.27514,1335000000.0,40743644177.34426,52860744896.35404,9256334194.490416,17566012245.93,1351171199.7,961811853.76
2022-03-28,84236722688.16078,39817078773.27514,1335000000.0,40743644177.34426,52832147785.102486,9234793011.02568,17539133969.16,1347889504.7,962941082.82
2022-03-29,84236722688.16078,39817078773.27514,1335000000.0,40743644177.34426,52605022512.41019,9195603429.240444,17542318721.6,1350185536.69,963946509.67
2022-03-30,85236722688.16078,39817078773.27514,1335000000.0,41743644177.34426,52423722257.5685,9228859575.191092,17469156103.0,1358451212.45,964998844.68
2022-03-31,85236722688.16074,39817078773.27514,1335000000.0,41743644177.34426,52190566715.061966,9215362025.446964,17451253126.95,1344553935.34,965987169.73
2022-04-01,85236722688.16074,39817078773.27514,1335000000.0,41743644177.34426,52336249046.77078,9209930792.662046,17747431589.3,1351094857.67,988426923.47
2022-04-02,85236722688.16074,39817078773.27514,1335000000.0,41743644177.34426,52299133763.39894,9101176246.852318,17747431589.3,1358409198.08,988426923.47
2022-04-03,85336722688.16074,39817078773.27514,1335000000.0,41743644177.34426,52308396300.38978,9087610741.965202,17790453711.35,1356938630.67,988426923.47
2022-04-04,85336722688.16072,39817078773.27514,1335000000.0,41743644177.34426,52217978269.909744,9080980982.083046,17747614518.79,1359925139.6,989889519.16
2022-04-05,85336722688.16039,39817078773.27514,1335000000.0,41743644177.34426,51961824964.7672,9060000002.75897,17909879805.48,1363961331.45,1005836410.64
2022-04-06,85336722688.1556,39817078773.27514,1335000000.0,41743644177.34426,51603402094.92477,8992098457.564814,17729630794.27,1339865635.11,999824381.6
2022-04-07,85336722688.1556,39817078773.27514,1335000000.0,41743644177.34426,51589500645.4055,8966848487.987062,17647015509.68,1348583470.37,1001680413.59
2022-04-08,85336722688.1556,39817078773.27514,1335000000.0,41743644177.34426,51528329310.36369,9034005257.363798,17658799820.89,1367750954.51,996297048.45
2022-04-09,85336722687.31244,39817078773.27514,1335000000.0,41743644177.34426,51580358997.878914,9024492068.121412,17931601784.51,1366685866.64,996332729.22
2022-04-10,85336722687.31244,39817078773.27514,1335000000.0,41743644177.34426,51593809282.488495,9020528635.112371,17931601784.51,1336820423.77,996332729.22
2022-04-11,85335082303.8527,39815550064.06145,1335000000.0,41743532503.09826,51404987952.71501,8801356853.360043,17809274285.66,1342187938.56,998518090.27
2022-04-12,85335082303.85269,39815550064.06145,1335000000.0,41743532503.09826,51286327792.159775,8750264268.586576,17686402118.45,1348467721.57,1001844457.1
2022-04-13,85335082303.52415,39815550064.06145,1335000000.0,41743532503.09826,51023427922.55671,8730923166.95087,17485325721.62,1341611467.81,1005401193.94
2022-04-14,85335082303.42415,39815550064.06145,1335000000.0,41743532503.09826,50845134477.86587,8793945105.050785,17432028142.85,1349853364.75,1006969173.76
2022-04-15,85335082303.42404,39815550064.06145,1335000000.0,41743532503.09826,50734400522.717255,8777581943.162811,17452873295.56,1352671055.83,1007241573.76
2022-04-16,85335082303.42404,39815550064.06145,1335000000.0,41743532503.09826,50746277267.21478,8775537542.40379,17452873295.56,1359826055.83,1007241573.76
2022-04-17,85335082303.17538,39815550064.06145,1335000000.0,41743532503.09826,50741416879.687775,8741848756.69431,17452873295.56,1360486288.87,1007241573.76
2022-04-18,85335082303.17531,39815550064.06145,1335000000.0,41743532503.09826,50662249600.99116,8720117591.844774,17365265028.64,1365572248.04,1010410987.86
2022-04-19,85335082302.82993,39815550064.06145,1335000000.0,41743532503.09826,50783284043.89242,8702876770.014362,17420114010.67,1346335854.25,1011616781.99
2022-04-20,85335082302.82442,39815550064.06145,1335000000.0,41743532503.09826,50580112883.26679,8724293087.433908,17275442617.55,1335384072.34,1018484170.66
2022-04-21,85335082302.82442,39815550064.06145,1335000000.0,41743532503.09826,50489217667.65237,8699094112.593046,17350536756.19,1337865441.32,1019449483.63
2022-04-22,85435082302.82442,39815550064.06145,1335000000.0,41743532503.09826,50492757231.4673,8697509042.774885,17558654066.07,1340640964.52,1011752841.83
2022-04-23,85435082302.82368,39815550064.06145,1335000000.0,41743532503.09826,50452658144.30452,8701719393.792194,17558654066.07,1342955575.47,1011752841.83
2022-04-24,85435082302.82242,39815550064.06145,1335000000.0,41743532503.09826,50397036030.50427,8707556014.610254,17558654066.07,1345954302.47,1011752841.83
2022-04-25,85435082302.82242,39815550064.06145,1335000000.0,41743532503.09826,50372438776.69388,8666955905.707363,17675839249.7,1344601704.3,1015947717.61
2022-04-26,85435082302.8224,39815550064.06145,1335000000.0,41743532503.09826,50223935813.39752,8641481834.271347,17552943489.63,1345483220.57,1017649526.0
2022-04-27,85435082302.81834,39815550064.06145,1335000000.0,41743532503.09826,50245002742.49805,8600524033.08113,17405297043.44,1352609500.78,1017928077.4
2022-04-28,85435082302.81834,39815550064.06145,1335000000.0,41743532503.09826,50196453398.10614,8578577755.114301,17366715118.9,1335515877.73,1012402601.06
2022-04-29,85435082302.81834,39815550064.06145,1335000000.0,41743532503.09826,50091979011.10666,8497872431.452017,17651702084.31,1354789030.66,1012606434.02
2022-04-30,85435082302.80942,39815550064.06145,1335000000.0,41743532503.09826,50007753717.05292,8453654114.410255,17689269905.83,1360528088.17,1012606434.02
2022-05-01,85435082302.80942,39815550064.06145,1335000000.0,41743532503.09826,49949342411.774254,8419352380.970858,17689269905.83,1365808594.01,1012606434.02
2022-05-02,85435082302.73245,39815550064.06145,1335000000.0,41743532503.09826,49947470283.11477,8343507097.459345,17875603043.23,1366101837.62,1014122049.74
2022-05-03,85435082302.72693,39815550064.06145,1335000000.0,41743532503.09826,49687645409.12715,8280414956.368273,17850297048.21,1348418629.55,1006067028.34
2022-05-04,85435082302.72693,39815550064.06145,1335000000.0,41743532503.09826,49433260255.49367,8192022808.507559,17837465094.46,1271674861.63,991468286.02
2022-05-05,85435082302.71962,39815550064.06145,1335000000.0,41743532503.09826,49524503738.61021,8179876347.8308735,17852063510.12,1276139844.91,983960935.41
2022-05-06,85435082302.68414,39815550064.06145,1335000000.0,41743532503.09826,49239057922.380585,8148693158.815222,17509742955.15,1281859840.8,985410351.81
2022-05-07,85435082302.50111,39815550064.06145,1335000000.0,41743532503.09826,49231704474.08099,7951589052.172742,17509742955.15,1288165049.4,985410351.81
2022-05-08,85435082302.23813,39815550064.06145,1335000000.0,41743532503.09826,49316178662.169205,7504318220.501039,17323320512.9,1280607679.05,976635731.52
2022-05-09,86435082302.1804,39815550064.06145,1335000000.0,42743532503.09826,49080920818.53357,7149328132.142173,17330265054.7,1288011439.82,978411983.05
2022-05-10,86435082302.16347,39815550064.06145,1335000000.0,42743532503.09826,48972771561.05978,6969440965.716968,17098447772.56,1285074737.68,970402024.88
2022-05-11,86434753178.49458,39815220940.39463,1335000000.0,42743532503.09826,49469293001.53634,6181339638.963044,16930415428.81,1260624869.64,972594450.52
2022-05-12,83434753178.48106,39815220940.39463,1335000000.0,39743532503.09826,50363951379.5665,6011058542.72137,17123221507.91,1107324888.27,964375651.19
2022-05-13,83434753178.48106,39815220940.39463,1335000000.0,39743532503.09826,51181446374.30043,6024350545.2375965,17612345359.05,1209309237.65,937387633.47
2022-05-14,79434753178.48091,36815220940.39463,1335000000.0,38743532503.09826,51503403616.67073,5990026103.0799465,17735417602.14,1207415548.9,938076828.4
2022-05-15,79434753178.48085,36815220940.39463,1335000000.0,38743532503.09826,51544694523.428085,6044083110.260796,17735417602.14,1209961609.33,938076828.4
2022-05-16,79434753178.48083,36815220940.39463,1335000000.0,38743532503.09826,52401728489.68618,6019732894.584898,17998075045.82,1208598436.88,940420231.9
2022-05-17,79434753178.48079,36815220940.39463,1335000000.0,38743532503.09826,52595781237.58656,6125727470.812555,18194582217.73,1212193394.06,946878548.64
2022-05-18,79434753178.48079,36815220940.39463,1335000000.0,38743532503.09826,52726142787.540985,6100477361.23361,18412508586.01,1213738432.2,948538667.67
2022-05-19,79434753178.48079,36815220940.39463,1335000000.0,38743532503.09826,53037191088.88382,6209317837.916521,18548599503.83,1210300096.86,952218815.8
2022-05-20,79434753178.4807,36815220940.39463,1335000000.0,38743532503.09826,53254258898.66001,6135101132.759875,18562253947.45,1210702171.16,943636989.11
2022-05-21,79434753169.27278,36815220940.39463,1335000000.0,38743532503.09826,53361027240.80728,6116903329.22236,18562253947.45,1209818960.41,943636989.11
2022-05-22,79434753169.27278,36815220940.39463,1335000000.0,38743532503.09826,53422487875.27609,6136221902.657024,18517729237.97,1207023680.79,943636989.11
2022-05-23,79434753169.27277,36815220940.39463,1335000000.0,38743532503.09826,53592142036.072296,6169997039.178504,18323709027.82,1200001513.13,945856927.55
2022-05-24,79434753168.86969,36815220940.39463,1335000000.0,38743532503.09826,53682379183.19777,6171972681.812456,18316126872.58,1217100003.23,947124885.78
2022-05-25,79434753168.81094,36815220940.39463,1335000000.0,38743532503.09826,53694074436.86861,6171312701.987442,18461208566.79,1219900955.42,950271121.32
2022-05-26,79434753168.81094,36815220940.39463,1335000000.0,38743532503.09826,53723601015.79388,6185440735.251465,18234400951.51,1223373931.77,951430249.7
2022-05-27,79434753168.79398,36815220940.39463,1335000000.0,38743532503.09826,54046694832.42223,6206301801.988413,18148906353.39,1230242216.85,951666007.06
2022-05-28,79434753168.79234,36815220940.39463,1335000000.0,38743532503.09826,54180058248.52436,6230245544.596056,18167184473.74,1231056974.34,951666007.06
2022-05-29,79434753168.78119,36815220940.39463,1335000000.0,38743532503.09826,54185917576.74107,6241157862.778429,17970184509.74,1234565656.34,951666007.06
2022-05-30,79434753168.77402,36815220940.39463,1335000000.0,38743532503.09826,54223288580.53025,6294335611.918172,17970184509.74,1237996265.42,951666007.06
2022-05-31,79434753168.7508,36815220940.39463,1335000000.0,38743532503.09826,54450371232.01147,6365185652.104981,18199987674.51,1243458827.51,955591967.81
2022-06-01,79434753168.74776,36815220940.39463,1335000000.0,38743532503.09826,54519097463.83289,6392376471.356413,18137033179.86,1248811272.94,958460677.74
2022-06-02,79434753168.69026,36815220940.39463,1335000000.0,38743532503.09826,54481477890.503456,6408784598.486495,18067916374.45,1261259311.84,960638532.51
2022-06-03,79434753167.65063,36815220940.39463,1335000000.0,38743532503.09826,54472761850.95648,6422544043.293663,18049494760.77,1260926466.65,937114364.17
2022-06-04,79434753167.6361,36815220940.39463,1335000000.0,38743532503.09826,54451056850.11871,6416238295.2458,18049494760.77,1266031548.06,937114364.17
2022-06-05,79434753167.6361,36815220940.39463,1335000000.0,38743532503.09826,54493822159.463,6431673539.312369,18049494760.77,1266465024.95,937114364.17
2022-06-06,79434753167.50104,36815220940.39463,1335000000.0,38743532503.09826,54176460461.02091,6457052723.884732,18240574079.16,1258525151.83,931776637.79
2022-06-07,79434753167.50104,36815220940.39463,1335000000.0,38743532503.09826,54252832651.48099,6504511927.099249,18013622468.18,1259818997.59,930006945.42
2022-06-08,79434753167.34203,36815220940.39463,1335000000.0,38743532503.09826,54203541759.67438,6571907900.391268,17943742005.95,1260296133.12,930125154.98
2022-06-09,79434753167.33981,36815220940.39463,1335000000.0,38743532503.09826,54217088113.06386,6582839695.864539,17906733501.72,1222066253.13,929681508.93
2022-06-10,79434753165.5326,36815220940.39463,1335000000.0,38743532503.09826,54310229694.49524,6656095634.020999,18014451056.59,1220327044.35,925700760.4
2022-06-11,79434753165.53258,36815220940.39463,1335000000.0,38743532503.09826,54379562133.47357,6613042564.938328,17907058478.58,1220509027.56,925700760.41
2022-06-12,79434753165.49884,36815220940.39463,1335000000.0,38743532503.09826,54552894295.05631,6593934429.914039,17742539890.5,1218033428.85,925700760.41
2022-06-13,79434753165.49884,36815220940.39463,1335000000.0,38743532503.09826,54853958845.57628,6458739145.643991,17595086267.63,1199900896.58,906024587.65
2022-06-14,79434753165.49884,36815220940.39463,1335000000.0,38743532503.09826,54754238357.28421,6357872165.975829,17422532802.12,1207224530.72,895764716.42
2022-06-15,79434753165.49884,36815220940.39463,1335000000.0,38743532503.09826,54954440691.15826,6274751760.682063,17635721162.81,1213660873.81,890366352.86
2022-06-16,79434753165.49884,36815220940.39463,1335000000.0,38743532503.09826,55298987685.55876,6236227023.007972,17568049484.28,1212490928.53,884431992.07
2022-06-17,79434753165.48557,36815220940.39463,1335000000.0,38743532503.09826,55850166746.39348,6367868986.226788,17587788138.4,1215013210.02,885407881.9
2022-06-18,79434753165.43558,36815220940.39463,1335000000.0,38743532503.09826,56115368037.56591,6284439559.990642,17587788138.4,1216193356.38,885407881.9
2022-06-19,79434753165.42601,36815220940.39463,1335000000.0,38743532503.09826,56536245636.27567,6283274983.881031,17184126318.68,1200186741.16,885777873.55
2022-06-20,68334753165.32012,32315220940.39463,1335000000.0,32143532503.098263,56390755225.62052,6280269001.033579,17187011888.78,1199724987.93,885777873.55
2022-06-21,68334753164.8287,32315220940.39463,1335000000.0,32143532503.098263,56526227610.18854,6318436489.474667,17525749895.03,1199624886.43,874762304.97
2022-06-22,68334753164.78272,32315220940.39463,1335000000.0,32143532503.098263,56589004534.37714,6333330026.824374,17529493252.41,1192620331.09,870278332.25
2022-06-23,68334753164.04569,32315220940.39463,1335000000.0,32143532503.098263,56385992428.955055,6328360529.765291,17395382090.71,1215109077.16,871512683.21
2022-06-24,68334753164.04162,32315220940.39463,1335000000.0,32143532503.098263,56494257448.69679,6322581878.518654,17362580707.53,1216587496.88,872183366.41
2022-06-25,68334753164.04162,32315220940.39463,1335000000.0,32143532503.098263,56570817763.75139,6344498362.128246,17362580707.53,1216582191.94,872183366.41
2022-06-26,68334753164.041534,32315220940.39463,1335000000.0,32143532503.098263,56576731799.79154,6326593949.65331,17362580707.53,1186816144.39,872183366.41
2022-06-27,68334753164.030624,32315220940.39463,1335000000.0,32143532503.098263,56376759715.74847,6331819407.300108,17408263232.3,1188765389.78,872627026.35
2022-06-28,68334753164.030624,32315220940.39463,1335000000.0,32143532503.098263,56296102785.02241,6250598885.1986265,17383668676.84,1193463744.94,872743677.07
2022-06-29,68334753163.82932,32315220940.39463,1335000000.0,32143532503.098263,56338220833.19498,6332074466.935465,17547224391.56,1193493992.4,857619848.62
2022-06-30,68331495856.64128,32314371239.60625,1335000000.0,32141124896.834213,56396428067.55955,6319902014.974922,17492661364.97,1193933897.4,855198232.85
2022-07-01,68331495856.64043,32314371239.60625,1335000000.0,32141124896.834213,56377520517.50651,6396447874.841947,17782174742.6,1195322425.64,855553078.53
2022-07-02,68331495856.637314,32314371239.60625,1335000000.0,32141124896.834213,56429599838.79435,6405883058.587175,17782174742.6,1197688169.03,855553078.53
2022-07-03,67884495856.637314,32314371239.60625,888000000.0,32141124896.834213,56447513856.609024,6430733316.333013,17782174742.6,1197505819.99,855553078.53
2022-07-04,67884495856.544624,32314371239.60625,888000000.0,32141124896.834213,56575707524.9677,6440180403.881314,17724170971.55,1200697781.8,855553078.53
2022-07-05,67884495856.52884,32314371239.60625,888000000.0,32141124896.834213,56493354845.903496,6433479430.235237,17778587247.26,1203126445.78,850607502.68
2022-07-06,67884495856.52831,32314371239.60625,888000000.0,32141124896.834213,56252566427.07108,6418688885.830672,17809060347.94,1205683066.69,850758023.55
2022-07-07,67884495856.43792,32314371239.60625,888000000.0,32141124896.834213,56052243013.75202,6445564195.462321,17815319819.49,1209580645.78,850829553.91
2022-07-08,67884495856.43147,32314371239.60625,888000000.0,32141124896.834213,56119300792.83256,6461596623.967235,17855589860.06,1209791593.95,850858135.47
2022-07-09,67884495856.43147,32314371239.60625,888000000.0,32141124896.834213,56105285266.66824,6486735002.758517,17855589860.06,1211023073.47,850858135.47
2022-07-10,67881106912.21001,32313908246.384777,888000000.0,32138198945.834213,56147371884.263214,6425577805.499084,17855589860.06,1210480337.85,850858135.47
2022-07-11,67881106912.20972,32313908246.384777,888000000.0,32138198945.834213,56190166554.19074,6452047807.007622,17975740556.15,1213346363.95,846012341.87
2022-07-12,67881106912.13959,32313908246.384777,888000000.0,32138198945.834213,56027251341.16497,6401347337.473943,17871293510.8,1216884497.66,841447257.96
2022-07-13,67881106911.86075,32313908246.384777,888000000.0,32138198945.834213,56059829224.01373,6455188177.101236,17943631371.58,1222496473.76,841469183.34
2022-07-14,67881106910.93782,32313908246.384777,888000000.0,32138198945.834213,55915434578.43015,6496489491.2756,18050466940.35,1220589519.27,841577385.39
2022-07-15,67881106910.92432,32313908246.384777,888000000.0,32138198945.834213,55490290698.13217,6534343936.507912,17906248181.21,1209691310.89,841604226.32
2022-07-16,67881106910.91288,32313908246.384777,888000000.0,32138198945.834213,55475966707.09553,6587365407.340894,17906248181.21,1210739090.01,841604226.32
2022-07-17,67881106910.91261,32313908246.384777,888000000.0,32138198945.834213,55453694664.5554,6713135128.202527,17906248181.21,1208618261.8,841604226.32
2022-07-18,67881106910.87886,32313908246.384777,888000000.0,32138198945.834213,55448291537.796684,6771640800.383432,18107816466.98,1208168486.48,836853241.71
2022-07-19,67881106910.87871,32313908246.384777,888000000.0,32138198945.834213,55387213298.8557,6813848455.587618,18008948337.33,1215620516.61,837032127.27
2022-07-20,67881106910.67061,32313908246.384777,888000000.0,32138198945.834213,55458862924.95456,6833132471.226994,17929626189.27,1221107709.47,877147732.8
2022-07-21,67881106910.565125,32313908246.384777,888000000.0,32138198945.834213,55597720119.37644,6808659863.721246,17877286300.15,1221756552.29,872736512.32
2022-07-22,67881106910.55502,32313908246.384777,888000000.0,32138198945.834213,55640306754.498985,6868507996.409682,17943246775.14,1188996072.53,872785260.36
2022-07-23,67881106910.02255,32313908246.384777,888000000.0,32138198945.834213,55723021118.94492,6918571548.890645,17886457059.11,1189822822.0,872785260.36
2022-07-24,67881106909.01056,32313908246.384777,888000000.0,32138198945.834213,55733394685.3102,6912984107.454892,17886457059.11,1191025063.41,872785260.36
2022-07-25,67881106908.84333,32313908246.384777,888000000.0,32138198945.834213,55728001109.33943,6873280559.265624,17953727142.52,1189110031.65,872792481.73
2022-07-26,67881106908.64122,32313908246.384777,888000000.0,32138198945.834213,55767050670.15056,6883278860.972345,17761386355.19,1192768505.2,872973291.22
2022-07-27,67881106908.64115,32313908246.384777,888000000.0,32138198945.834213,55729327780.804016,6927887133.241658,17782405496.62,1194557255.91,873038783.29
2022-07-28,67881106908.61479,32313908246.384777,888000000.0,32138198945.834213,55356800249.149,6987743511.285415,17833807854.26,1194045073.13,873067763.91
2022-07-29,67881106908.586975,32313908246.384777,888000000.0,32138198945.834213,55247844997.77186,7017309503.344479,17858623546.3,1184059022.72,868718810.25
2022-07-30,67881106908.58347,32313908246.384777,888000000.0,32138198945.834213,55114488657.36314,7000010771.49892,17858623546.3,1183451935.86,868718810.25
2022-07-31,67881106907.98229,32313908246.384777,888000000.0,32138198945.834213,55149694016.56979,6970963120.648912,17858623546.3,1184027888.86,868718810.25
2022-08-01,67881106907.98229,32313908246.384777,888000000.0,32138198945.834213,55033128078.61675,6987794931.1211,17920782360.02,1186072873.1,868771239.91
2022-08-02,67881106906.9332,32313908246.384777,888000000.0,32138198945.834213,55034685215.33816,6929752535.745082,17905176124.75,1187730873.9,868799747.28
2022-08-03,68881106906.8748,32313908246.384777,888000000.0,33138198945.834213,54938926736.41317,6942472906.163091,17923534702.64,1194058011.17,868853163.83
2022-08-04,68881106906.5898,32313908246.384777,888000000.0,33138198945.834213,54840316785.23434,6988389365.595926,17920140081.8,1197147330.91,868873634.88
2022-08-05,68881106906.37358,32313908246.384777,888000000.0,33138198945.834213,54942093539.14848,7039228271.658499,17921636060.34,1201064635.69,868906298.53
2022-08-06,68881106905.92029,32313908246.384777,888000000.0,33138198945.834213,54921318626.9782,7078669392.067031,17921636060.34,1201806904.87,868906298.53
2022-08-07,68881106905.61818,32313908246.384777,888000000.0,33138198945.834213,54910985505.39776,7007186679.009099,17921636060.34,1202685082.52,868906298.53
2022-08-08,68881106905.61818,32313908246.384777,888000000.0,33138198945.834213,54814853436.68629,7037354178.898083,17811195196.53,1205500160.89,864668248.57
2022-08-09,68881106896.25708,32313908246.384777,888000000.0,33138198945.834213,54676189135.5595,7069535916.656187,17751302907.1,1209366904.62,864668248.57
2022-08-10,68881106894.5179,32313908246.384777,888000000.0,33138198945.834213,54624280539.532135,7116438858.012542,17790339527.74,1213992989.08,864668248.57
2022-08-11,68881106891.4409,32313908246.384777,888000000.0,33138198945.834213,54517310321.54507,7006250416.137049,17827334736.21,1214804202.05,860268741.81
2022-08-12,68881106891.20857,32313908246.384777,888000000.0,33138198945.834213,54528981881.245285,6834351887.707701,17642129435.41,1222159867.0,860268741.82
2022-08-13,68881106891.20857,32313908246.384777,888000000.0,33138198945.834213,54493769584.456764,6852718940.497044,17642129435.41,1221740040.14,860268741.82
2022-08-14,68881106891.20311,32313908246.384777,888000000.0,33138198945.834213,54317490307.66768,6809054255.889977,17723549970.1,1222034847.01,860268741.81
2022-08-15,68881106890.95168,32313908246.384777,888000000.0,33138198945.834213,54194810752.79032,6800443910.905318,17954109922.65,1228152033.0,855813040.15
2022-08-16,68881106890.86475,32313908246.384777,888000000.0,33138198945.834213,54199692237.93469,6774100241.89687,17978628301.89,1236174520.05,855829853.39
2022-08-17,68881106890.86475,32313908246.384777,888000000.0,33138198945.834213,53906996238.77259,6735605456.3642645,18285441643.17,1206807794.84,849426071.98
2022-08-18,68879907553.30495,32312708909.44154,888000000.0,33138198945.834213,53565362452.32438,6693587821.486355,18539674982.06,1209183542.72,806426071.98
2022-08-19,68879907553.30495,32312708909.44154,888000000.0,33138198945.834213,53162202462.22105,6641763910.297709,18819101300.66,1223266650.85,846425971.98
2022-08-20,68879907553.30495,32312708909.44154,888000000.0,33138198945.834213,53139007499.8441,6586606905.335276,18819101300.66,1227437312.12,846425971.98
2022-08-21,68879907553.30495,32312708909.44154,888000000.0,33138198945.834213,53223839403.95818,6550727735.949127,18819101300.66,1108417370.86,846425971.98
2022-08-22,68879907553.30495,32312708909.44154,888000000.0,33138198945.834213,53009140273.67807,6527072579.980068,19016156348.67,1083228617.56,846425972.0
2022-08-23,68879907553.30495,32312708909.44154,888000000.0,33138198945.834213,53092428826.184616,6510499141.246754,19028354515.07,1090895027.57,876425971.99
2022-08-24,68879907553.30495,32312708909.44154,888000000.0,33138198945.834213,53001207560.903534,6496684426.435555,19136585110.34,1093530395.82,906425972.0
2022-08-25,68879907553.30495,32312708909.44154,888000000.0,33138198945.834213,52855515210.56734,6512742555.191251,19212924243.27,1092234532.02,946425971.99
2022-08-26,68879907553.30495,32312708909.44154,888000000.0,33138198945.834213,52964375146.28872,6504987867.828042,19294808604.21,1064928215.93,959425971.99
2022-08-27,68878913346.90924,32311714703.04588,888000000.0,33138198945.834213,52997349969.96438,6478742163.290811,19294808604.21,1063270782.53,959425971.99
2022-08-28,68878913346.90923,32311714703.04588,888000000.0,33138198945.834213,52974373918.7448,6474028427.26451,19142664192.4,1063929673.53,959425971.99
2022-08-29,68878913346.88461,32311714703.04588,888000000.0,33138198945.834213,53060572847.71388,6482899089.962794,19196873016.74,1066457340.31,965174611.51
2022-08-30,68878913346.88461,32311714703.04588,888000000.0,33138198945.834213,53131475155.54274,6514152271.42548,19365869254.79,1069265514.86,965195270.11
2022-08-31,68878913346.88419,32311714703.04588,888000000.0,33138198945.834213,53124601456.03168,6512763644.004612,19306362618.09,1072226556.51,965330840.19
2022-09-01,68878913346.84543,32311714703.04588,888000000.0,33138198945.834213,52867446521.29484,6549173370.467344,19418545053.1,1075975563.34,965356813.76
2022-09-02,68878913346.84543,32311714703.04588,888000000.0,33138198945.834213,52754193493.707726,6543241082.108945,19555493337.91,1054060946.98,965397177.32
2022-09-03,68878913346.84543,32311714703.04588,888000000.0,33138198945.834213,52779165054.94259,6535484243.605137,19555493337.91,1056907775.99,965397177.32
2022-09-04,68878913346.84543,32311714703.04588,888000000.0,33138198945.834213,52803431464.825264,6447525528.276392,19433224185.53,1056041836.99,965397177.32
2022-09-05,68878913346.84543,32311714703.04588,888000000.0,33138198945.834213,52787482942.95255,6422468428.255491,19433224185.53,1057073646.99,965397177.32
2022-09-06,68878913346.84543,32311714703.04588,888000000.0,33138198945.834213,52531699348.65137,6408523053.738652,19729690921.96,1059249535.15,961437434.9
2022-09-07,68878913346.84543,32311714703.04588,888000000.0,33138198945.834213,52605157006.364784,6402722358.533966,19706930469.91,1061481091.71,961760080.62
2022-09-08,68878913346.84253,32311714703.04588,888000000.0,33138198945.834213,52593496464.476944,6410188216.4768505,19914503979.6,1054917144.63,962063742.75
2022-09-09,68878913346.79207,32311714703.04588,888000000.0,33138198945.834213,52640901078.2238,6411812547.363145,20003342416.92,1058158455.49,962106691.86
2022-09-10,68878913346.79207,32311714703.04588,888000000.0,33138198945.834213,52600067590.52221,6435865809.917453,20003342416.92,1060795977.72,962106691.86
2022-09-11,68878913346.76822,32311714703.04588,888000000.0,33138198945.834213,52521277105.328735,6441389174.132077,20003342416.92,1061221569.72,962106691.86
2022-09-12,68878913346.73802,32311714703.04588,888000000.0,33138198945.834213,52378245193.58192,6428454466.098353,20124060226.21,1063687446.13,962968599.01
2022-09-13,68878913346.62462,32311714703.04588,888000000.0,33138198945.834213,52351254900.240524,6390555471.452261,20204066527.28,1065309726.63,963162609.58
2022-09-14,68878913346.62381,32311714703.04588,888000000.0,33138198945.834213,51974891967.263794,6383118044.159181,20517253096.69,1066919992.41,966416313.1
2022-09-15,69878913346.34834,32311714703.04588,888000000.0,34138198945.834213,51677668348.32069,6372516824.335276,20663850192.09,1067579957.84,966416313.11
2022-09-16,69878913346.34833,32311714703.04588,888000000.0,34138198945.834213,51568992723.86373,6374309836.740764,20656471724.98,1070218406.19,966416313.12
2022-09-17,69878913346.34833,32311714703.04588,888000000.0,34138198945.834213,51545284933.40174,6374455842.616878,20656471724.98,1072676084.59,966416313.12
2022-09-18,69878913346.31017,32311714703.04588,888000000.0,34138198945.834213,51520218847.21689,6423649694.63116,20656471724.98,1071529619.59,966416313.12
2022-09-19,69878913346.30505,32311714703.04588,888000000.0,34138198945.834213,51421430719.24329,6379874638.556041,21017817099.47,1076987834.97,967633512.26
2022-09-20,69878913346.30505,32311714703.04588,888000000.0,34138198945.834213,51700274211.82036,6418727128.200018,21014811039.12,1086025727.66,979435200.37
2022-09-21,69878913346.21556,32311714703.04588,888000000.0,34138198945.834213,51499485771.82025,6413675422.41033,21032847703.28,1088934700.87,970266457.25
2022-09-22,69877580429.08813,32310381785.918457,888000000.0,34138198945.834213,51436873132.07662,6474280976.572236,21062137359.76,1088066570.97,971034995.5
2022-09-23,69877580429.08813,32310381785.918457,888000000.0,34138198945.834213,51270314779.681145,6476280972.313839,21034339479.16,1052218757.27,972824563.92
2022-09-24,69877580429.08813,32310381785.918457,888000000.0,34138198945.834213,51369528077.1876,6472501019.105858,21034339479.16,1054945301.05,972824563.92
2022-09-25,69877580429.07367,32310381785.918457,888000000.0,34138198945.834213,51254678653.64332,6470474998.584735,21034339479.16,1055149785.31,972824563.92
2022-09-26,69877580429.01561,32310381785.918457,888000000.0,34138198945.834213,50967690333.91858,6461487646.4251,21042229623.12,1012527184.45,973540393.3
2022-09-27,69877580426.57158,32310381785.918457,888000000.0,34138198945.834213,50863094046.48274,6449695486.766524,21046716898.01,1015634398.92,957897344.26
2022-09-28,69877580426.56198,32310381785.918457,888000000.0,34138198945.834213,50538931167.02838,6405064562.106212,21077675255.84,873911685.58,936752716.47
2022-09-29,69877580426.45068,32310381785.918457,888000000.0,34138198945.834213,50256824122.46659,6412450659.065476,20890960869.51,875120420.24,925848073.99
2022-09-30,69877580426.43962,32310381785.918457,888000000.0,34138198945.834213,48941185137.90767,6410472395.659568,20890678355.9,878658846.29,915859695.51
2022-10-01,69877580426.43962,32310381785.918457,888000000.0,34138198945.834213,48936904591.58879,6407615966.340878,20890678355.9,880436120.27,915859695.51
2022-10-02,69877580426.43962,32310381785.918457,888000000.0,34138198945.834213,49038790774.63897,6374765611.868302,20890678355.9,880774952.17,915859695.51
2022-10-03,69877580426.43845,32310381785.918457,888000000.0,34138198945.834213,48894720196.59892,6327924249.154661,20882575007.82,881884943.1,916755526.95
2022-10-04,69877580426.32692,32310381785.918457,888000000.0,34138198945.834213,48682501726.50719,6347566260.220526,21192316476.09,885504848.71,916912742.74
2022-10-05,69877580426.1383,32310381785.918457,888000000.0,34138198945.834213,48609466831.81665,6339108792.239554,21381640893.87,887544795.21,916913094.81
2022-10-06,69868256324.82417,32302175172.53184,888000000.0,34137081457.906704,48640418977.53445,6329695388.582245,21628100610.95,889595292.31,916913193.98
2022-10-07,69868256324.81317,32302175172.53184,888000000.0,34137081457.906704,48771515547.30701,6312947167.117858,21775610562.51,893108639.7,901957652.88
2022-10-08,69868256324.81317,32302175172.53184,888000000.0,34137081457.906704,48737013884.26291,6313922897.194582,21775610562.51,893894268.63,901957652.88
2022-10-09,69868256324.81317,32302175172.53184,888000000.0,34137081457.906704,48733661775.64861,6306220677.598089,21676937877.36,894400268.63,901957652.88
2022-10-10,69868256324.81317,32302175172.53184,888000000.0,34137081457.906704,48681714588.93644,6280511006.539891,21535674271.27,896011128.47,902366323.0
2022-10-11,69868256324.69926,32302175172.53184,888000000.0,34137081457.906704,48623824659.166176,6246283300.570676,21531312010.83,899216218.25,902366323.0
2022-10-12,69868256324.69077,32302175172.53184,888000000.0,34137081457.906704,48587036849.48977,6201931591.005411,21214058190.47,903845663.23,917376423.58
2022-10-13,69868256324.69077,32302175172.53184,888000000.0,34137081457.906704,48191099800.31228,6037257011.955727,21366460260.98,908487691.18,897301446.69
2022-10-14,69868256324.68515,32302175172.53184,888000000.0,34137081457.906704,47797509277.42659,6029443195.521011,21374559206.33,863715371.64,898249943.35
2022-10-15,69868256324.685,32302175172.53184,888000000.0,34137081457.906704,47789026815.00333,6018895526.334421,21374559206.33,864464348.64,898249943.35
2022-10-16,69868256324.5793,32302175172.53184,888000000.0,34137081457.906704,47782807064.61832,6021437582.121049,21287416721.34,870737028.64,898250942.21
2022-10-17,69868256324.57904,32302175172.53184,888000000.0,34137081457.906704,47532946520.49222,6001370731.491181,21310208702.81,875192208.08,898350641.78
2022-10-18,69868256324.13481,32302175172.53184,888000000.0,34137081457.906704,47336158272.00884,6002606492.506829,21565163437.23,879884149.15,898451210.42
2022-10-19,69868256324.13478,32302175172.53184,888000000.0,34137081457.906704,47141308228.89732,5876972482.384182,21710234882.7,881565960.96,898501259.56
2022-10-20,69868256324.13478,32302175172.53184,888000000.0,34137081457.906704,46718440570.424194,5796981410.012056,21879537634.36,877255543.27,896647759.69
2022-10-21,69863896842.12856,32297815690.525604,888000000.0,34137081457.906704,46629980023.405846,5747384964.649331,21763238812.48,880455872.37,896682642.64
2022-10-22,69863896842.12483,32297815690.525604,888000000.0,34137081457.906704,46676743017.581726,5755030444.9523735,21763238812.48,880912872.37,896682642.64
2022-10-23,69863896842.1182,32297815690.525604,888000000.0,34137081457.906704,46681752815.59847,5787121982.235688,21763238812.48,880908808.67,896682642.64
2022-10-24,70863896842.1182,32297815690.525604,888000000.0,35137081457.90671,46557421460.64505,5785229968.668768,21772164932.44,863876488.05,896732829.8
2022-10-25,70863896842.1182,32297815690.525604,888000000.0,35137081457.90671,46613733301.42563,5790472321.562877,21570630501.24,864459459.15,896927940.17
2022-10-26,70863896842.1182,32297815690.525604,888000000.0,35137081457.90671,46741336890.63607,5792088463.756262,21483048698.09,815001084.14,896930684.93
2022-10-27,70863896842.1115,32297815690.525604,888000000.0,35137081457.90671,46797906090.02355,5797485476.872952,21226718207.96,817405150.79,897025775.94
2022-10-28,70863896842.1115,32297815690.525604,888000000.0,35137081457.90671,46603211189.79905,5766076054.853397,21394874614.54,817981269.77,897076716.8
2022-10-29,70863896842.06464,32297815690.525604,888000000.0,35137081457.90671,46553373849.41967,5782819413.328908,21394874614.54,820283557.39,897076716.8
2022-10-30,70863896842.06464,32297815690.525604,888000000.0,35137081457.90671,46536292207.62245,5774969253.107659,21394874614.54,820541064.42,897076716.8
2022-10-31,71863896842.06464,32297815690.525604,888000000.0,36137081457.90671,46244397678.88369,5683781994.032803,21143340673.75,823514600.52,898543285.18
2022-11-01,71863896842.0574,32297815690.525604,888000000.0,36137081457.90671,45828698840.23662,5675808758.55709,21658670456.94,815663632.02,898625776.93
2022-11-02,71863896842.00902,32297815690.525604,888000000.0,36137081457.90671,45360498838.06604,5683084206.130178,21965470278.76,817934386.97,899148550.58
2022-11-03,71863896842.009,32297815690.525604,888000000.0,36137081457.90671,44943333677.82438,5658282029.827558,22480316249.61,819953012.58,899166724.11
2022-11-04,71863896842.009,32297815690.525604,888000000.0,36137081457.90671,44932653983.71453,5688010737.909632,22544178453.61,813019689.97,899909712.67
2022-11-05,71863896841.72897,32297815690.525604,888000000.0,36137081457.90671,44838837799.1861,5722139455.587605,22544178453.61,813122589.97,899909712.67
2022-11-06,71863896841.72897,32297815690.525604,888000000.0,36137081457.90671,45056184571.06067,5778083757.853686,22544178453.61,805371349.97,899909712.67
2022-11-07,71863896841.72897,32297815690.525604,888000000.0,36137081457.90671,45858082731.9336,5787204112.484612,22580729629.37,806267932.94,897242707.66
2022-11-08,72863896841.57442,32297815690.525604,888000000.0,37137081457.90671,45731351810.549484,5752746964.960135,22942262967.89,809482599.47,893249503.38
2022-11-09,72863896841.21332,32297815690.525604,888000000.0,37137081457.90671,45876946912.52678,5469461929.937882,22918735514.63,812405098.15,892636876.96
2022-11-10,72863896841.21332,32297815690.525604,888000000.0,37137081457.90671,46559752635.51053,5391559313.3386345,23004602796.52,815710611.16,859145043.36
2022-11-11,72863896841.21332,32297815690.525604,888000000.0,37137081457.90671,46906670796.06483,5395091635.525746,23345613467.61,764305946.99,857155256.75
2022-11-12,72863896841.2132,32297815690.525604,888000000.0,37137081457.90671,47339846988.65031,5441699961.738631,23345613467.61,866065483.29,857155256.75
2022-11-13,72863896841.16107,32297815690.525604,888000000.0,37137081457.90671,47272327561.65153,5437104587.340254,23345613467.61,866160303.29,857155256.75
2022-11-14,72863447672.62926,32297366521.996887,888000000.0,37137081457.90671,47385738354.55115,5467012896.389308,23452767872.44,859412750.2,851234860.24
2022-11-15,72863447672.52689,32297366521.996887,888000000.0,37137081457.90671,47655854583.6337,5436363658.55128,23200365269.79,861198622.67,916201246.05
2022-11-16,72863447672.52689,32297366521.996887,888000000.0,37137081457.90671,47606915616.981255,5432093533.864232,23037140182.36,860596351.73,924374058.3906834
2022-11-17,72863447672.52689,32297366521.996887,888000000.0,37137081457.90671,47358071726.29491,5449135315.403019,22900463412.97,860103377.2,932143137.3006834
2022-11-18,72863447672.52689,32297366521.996887,888000000.0,37137081457.90671,47529159200.689766,5428014426.831883,22872131223.56,857398140.71,932148714.8706834
2022-11-19,72863447672.52689,32297366521.996887,888000000.0,37137081457.90671,47650371826.54032,5431392850.501105,22872131223.56,857426113.11,932148714.8706834
2022-11-20,72863447672.52425,32297366521.996887,888000000.0,37137081457.90671,47705319312.91668,5407483352.81108,22872131223.56,857398123.11,932148714.8706834
2022-11-21,72863447672.52425,32297366521.996887,888000000.0,37137081457.90671,47334988290.86493,5355487004.451632,22774463718.24,851201650.06,923968357.9006834
2022-11-22,72863447672.52425,32297366521.996887,888000000.0,37137081457.90671,47380008954.33781,5367761028.817984,22759177889.24,845626472.74,916545310.8006834
2022-11-23,72863447672.52425,32297366521.996887,888000000.0,37137081457.90671,47271539200.05353,5244363204.04026,22842712672.47,740601134.29,908635514.7806834
2022-11-24,72863447672.52425,32297366521.996887,888000000.0,37137081457.90671,47565020536.72664,5264011787.724572,22852212672.47,739985479.29,908635514.7806834
2022-11-25,72863447672.51962,32297366521.996887,888000000.0,37137081457.90671,47478253783.78797,5253187006.883752,22485537202.43,803139655.03,908635514.7806834
2022-11-26,72863447672.51962,32297366521.996887,888000000.0,37137081457.90671,47701371547.98012,5266992854.069999,22485537202.43,803745379.59,908635514.7806834
2022-11-27,72863447672.51962,32297366521.996887,888000000.0,37137081457.90671,47846597768.98323,5189374673.469764,22401537202.43,804026394.33,908635514.7806834
2022-11-28,72863447672.51962,32297366521.996887,888000000.0,37137081457.90671,47332528413.60628,5197233041.749524,22370281483.8,803750286.98,790056096.4406835
2022-11-29,72863447672.51962,32297366521.996887,888000000.0,37137081457.90671,46939677422.64591,5177508276.9866,22365364036.8,802588660.67,790056096.4506835
2022-11-30,72863447672.51816,32297366521.996887,888000000.0,37137081457.90671,46856549135.73853,5191024860.519243,22262030911.99,750734651.81,767404706.9506835
2022-12-01,72863447672.51816,32297366521.996887,888000000.0,37137081457.90671,46742999916.33559,5201559341.89905,22158529782.74,809516294.16,767404706.9406835
2022-12-02,72863447672.51816,32297366521.996887,888000000.0,37137081457.90671,46882709602.67331,5224064992.193032,22152178563.74,809574981.97,767404706.9406835
2022-12-03,72863447672.51816,32297366521.996887,888000000.0,37137081457.90671,46983854234.386826,5223148794.821256,22152178563.74,810417887.65,767404706.9406835
2022-12-04,72863447672.51816,32297366521.996887,888000000.0,37137081457.90671,47112693166.44928,5220210873.255708,22138137066.16,810421087.65,767404706.9406835
2022-12-05,72863447672.51057,32297366521.996887,888000000.0,37137081457.90671,46868800195.03689,5219766232.255794,22100085756.88,809806505.39,767404706.9406835
2022-12-06,72863447672.51057,32297366521.996887,888000000.0,37137081457.90671,46745677397.794846,5170128637.995838,22056131834.35,811466093.98,767404706.9406835
2022-12-07,72863447672.51057,32297366521.996887,888000000.0,37137081457.90671,46545738547.0464,5172166057.768067,22099060635.18,809554279.4,767404706.9406835
2022-12-08,72863447672.51057,32297366521.996887,888000000.0,37137081457.90671,46491342051.60099,5177841448.759685,22058109550.87,802546181.47,767404706.9406835
2022-12-09,72863447672.50336,32297366521.996887,888000000.0,37137081457.90671,46439933175.05474,5173767279.003769,22099984042.23,752568579.61,767404706.9406835
2022-12-10,72863447672.49336,32297366521.996887,888000000.0,37137081457.90671,46479651418.35848,5180175959.6149845,22099984042.23,753665579.61,767404706.9406835
2022-12-11,72863447672.49336,32297366521.996887,888000000.0,37137081457.90671,46489458839.17536,5175588471.587441,22099984042.23,752639437.97,767404706.9406835
2022-12-12,72863447672.49292,32297366521.996887,888000000.0,37137081457.90671,46270324490.24409,5162693178.891005,22001352875.78,752279513.41,797957527.0906835
2022-12-13,72863447672.48453,32297366521.996887,888000000.0,37137081457.90671,48873393519.5934,5162587766.574045,18802407218.74,851775753.08,797957527.0906835
2022-12-14,72863447672.48003,32297366521.996887,888000000.0,37137081457.90671,49006031637.44141,5152553455.284866,18556644751.1,750611796.64,840807956.7306834
2022-12-15,72863447672.48003,32297366521.996887,888000000.0,37137081457.90671,48928985161.59415,5129721961.232515,18673542485.07,749002351.84,840807956.7406834
2022-12-16,72863447672.48003,32297366521.996887,888000000.0,37137081457.90671,48725973579.52924,5138378581.520012,18441655536.16,750821196.45,829142350.8206835
2022-12-17,72863447672.48003,32297366521.996887,888000000.0,37137081457.90671,48775324380.17328,5147283615.862397,18441655536.16,752561655.13,829142350.8206835
2022-12-18,72863447672.48003,32297366521.996887,888000000.0,37137081457.90671,48807944993.38738,5147817059.525681,18441655536.16,753136021.37,829142350.8206835
2022-12-19,72863447672.47997,32297366521.996887,888000000.0,37137081457.90671,48457479121.20742,5150384221.860992,18339816754.84,750535457.41,908142350.8206836
2022-12-20,72863447672.47997,32297366521.996887,888000000.0,37137081457.90671,48296165047.99144,5170757617.822449,18056945993.01,751072876.37,912376602.6606834
2022-12-21,72863447672.47997,32297366521.996887,888000000.0,37137081457.90671,48153649970.78672,5173456881.253133,18014215419.56,750058498.32,912376602.6606834
2022-12-22,72860396291.61996,32297366521.996887,888000000.0,37134030077.04671,48056333878.589,5164157853.866004,17976932501.72,749978964.05,887376602.6606834
2022-12-23,72860396291.61996,32297366521.996887,888000000.0,37134030077.04671,48011009480.13767,5153338294.87126,17544879587.76,750025218.27,880548306.7506834
2022-12-24,72860396291.61996,32297366521.996887,888000000.0,37134030077.04671,48093581425.41911,5157650836.55676,17469171886.89,750001418.27,870548306.7506834
2022-12-25,72860396291.61996,32297366521.996887,888000000.0,37134030077.04671,48219535502.54722,5147332250.521908,17388891988.16,749872252.27,860548306.7506834
2022-12-26,72860396291.61996,32297366521.996887,888000000.0,37134030077.04671,48343041643.32383,5136170970.09245,17300690268.11,749352197.14,860548306.7506834
2022-12-27,72860396291.61996,32297366521.996887,888000000.0,37134030077.04671,48067746121.50846,5123043990.870418,17175647399.04,749974214.01,860548306.7506834
2022-12-28,72860396291.61914,32297366521.996887,888000000.0,37134030077.04671,48246072834.20306,5080263635.374448,17023476660.99,749018883.45,878084065.0806835
2022-12-29,72859819017.06468,32297366521.996887,888000000.0,37133452802.51399,48236882608.16021,5077892431.676216,16875827764.52,749022286.5,888084065.0806835
2022-12-30,72859819017.06468,32297366521.996887,888000000.0,37133452802.51399,48394820524.8147,5061925300.684452,16698033894.17,750463574.78,880661431.1406834
2022-12-31,72859819017.04243,32297366521.996887,888000000.0,37133452802.51399,48426803382.95671,5056491113.711525,16560434947.17,751127660.39,867695093.8306835
2023-01-01,72859819017.01598,32297366521.996887,888000000.0,37133452802.51399,48480769260.359634,5053059155.484913,16560434947.17,795367257.45,867695093.8306835
2023-01-02,72859819017.01462,32297366521.996887,888000000.0,37133452802.51399,48597179941.636505,5058187132.522565,16427033520.53,839887172.08,852661431.1406834
2023-01-03,72859819017.00948,32297366521.996887,888000000.0,37133452802.51399,48078379265.65179,5059363528.06246,16601159556.41,839388140.35,896195399.5806835
2023-01-04,72859819016.94548,32297366521.996887,888000000.0,37133452802.51399,48052565682.09612,5035196459.089075,16636646091.01,839720218.07,885847670.5606834
2023-01-05,72859819016.91985,32297366521.996887,888000000.0,37133452802.51399,47660518416.98097,5016024582.014144,16776512717.82,840602832.84,885847670.5606834
2023-01-06,72856787261.80013,32294334767.299763,888000000.0,37133452802.51399,47598490808.20113,5004284743.945128,16466682572.16,840508997.92,919357589.5806836
2023-01-07,72856787261.75244,32294334767.299763,888000000.0,37133452802.51399,47710203711.18405,5025835532.3984585,16424967238.39,842119861.68,919357589.5806836
2023-01-08,72856787261.73164,32294334767.299763,888000000.0,37133452802.51399,47853991368.90335,5066060840.272711,16303396716.76,841719861.68,829549613.8406835
2023-01-09,72856787261.61372,32294334767.299763,888000000.0,37133452802.51399,47637865637.458725,5072246648.850668,16346810892.13,842511343.4,900756451.6406834
2023-01-10,72856787261.61362,32294334767.299763,888000000.0,37133452802.51399,47595676645.43944,5072050918.712478,16441380583.74,842622721.52,914412452.5106834
2023-01-11,72856787261.53886,32294334767.299763,888000000.0,37133452802.51399,47807597032.64002,5058460986.16007,16365419746.24,841593542.5,931248294.9806834
2023-01-12,72856787261.4206,32294334767.299763,888000000.0,37133452802.51399,47874894745.37833,5059859793.810929,16351019554.36,842084438.32,915090726.0806836
2023-01-13,72856787261.4129,32294334767.299763,888000000.0,37133452802.51399,47377580760.12944,5084932262.63483,16566890287.82,844164039.41,894412671.0106834
2023-01-14,72856787261.25871,32294334767.299763,888000000.0,37133452802.51399,47679706070.18376,5097840832.798334,16434371647.93,844964039.41,896316575.4406835
2023-01-15,72856787261.12738,32294334767.299763,888000000.0,37133452802.51399,47819294011.52443,5103095624.094254,16358554502.82,845544094.39,896316575.4406835
2023-01-16,72856787261.03831,32294334767.299763,888000000.0,37133452802.51399,47789411054.87727,5099163962.996789,16242596023.34,843009947.24,896316575.4406835
2023-01-17,72856787260.83057,32294334767.299763,888000000.0,37133452802.51399,47496498330.27745,5097982016.37174,16050296319.26,840404982.14,895187298.9706835
2023-01-18,72856787260.82779,32294334767.299763,888000000.0,37133452802.51399,47013028288.36823,5111400398.764248,16310901692.24,935484007.54,895187298.9706835
2023-01-19,72856787260.80743,32294334767.299763,888000000.0,37133452802.51399,46985133014.29527,5112343782.368692,16372919906.35,934295493.28,901844091.7006836
2023-01-20,72856787260.75058,32294334767.299763,888000000.0,37133452802.51399,47062424082.47147,5114668988.252534,16336869449.97,933358957.42,904180527.5906836
2023-01-21,72856787260.75058,32294334767.299763,888000000.0,37133452802.51399,47259614140.73274,5135105261.118161,16216621579.68,934166269.13,906146363.1106834
2023-01-22,72856787260.68483,32294334767.299763,888000000.0,37133452802.51399,47378521414.81521,5139356292.03638,16083287258.87,934423589.13,911906597.6906836
2023-01-23,72856787260.6435,32294334767.299763,888000000.0,37133452802.51399,47363930821.5716,5142464992.421029,15815188105.02,936301972.95,914620384.4806834
2023-01-24,72856787260.59267,32294334767.299763,888000000.0,37133452802.51399,47584009570.1637,5156392297.962351,15449351661.31,937268913.99,915713580.3006834
2023-01-25,72856787260.58073,32294334767.299763,888000000.0,37133452802.51399,47469544319.05016,5157603434.634291,15648082942.04,938845310.17,912773193.3906834
2023-01-26,72856787260.57666,32294334767.299763,888000000.0,37133452802.51399,47257520523.42259,5143059637.041838,15915099297.58,939238822.94,919073193.3906834
2023-01-27,72856787260.57552,32294334767.299763,888000000.0,37133452802.51399,47014286056.73805,5131465374.44679,15798426694.01,939979119.86,919842670.5406834
2023-01-28,72856787260.52374,32294334767.299763,888000000.0,37133452802.51399,47067899233.60994,5136085355.365696,15780823967.77,939884319.53,922272587.0306834
2023-01-29,72856787260.52374,32294334767.299763,888000000.0,37133452802.51399,47042960036.75124,5131945460.006823,15704383603.88,939877919.53,922272587.0306834
2023-01-30,72856787260.50754,32294334767.299763,888000000.0,37133452802.51399,46649881547.125336,5124786012.157252,15732191946.96,941139471.46,967646078.0806836
2023-01-31,72856787260.50754,32294334767.299763,888000000.0,37133452802.51399,46354692918.645744,5109220273.582684,16094371190.04,942310138.55,969514796.6706834
2023-02-01,72846970396.27264,32284517903.06488,888000000.0,37133452802.51399,46259719978.17926,5099565369.408511,16101514455.71,942866394.41,906745797.8906834
2023-02-02,72846970396.22256,32284517903.06488,888000000.0,37133452802.51399,46385232572.31809,5106990071.81986,16084373020.56,943887068.99,915531000.7706834
2023-02-03,72846970396.17175,32284517903.06488,888000000.0,37133452802.51399,45909007654.2671,5095741480.969792,16272271387.16,943478506.99,916601670.0406834
2023-02-04,72846970396.17169,32284517903.06488,888000000.0,37133452802.51399,45917678734.51169,5102638791.477287,16272271387.16,943985812.93,916601670.0406834
2023-02-05,72846970396.16818,32284517903.06488,888000000.0,37133452802.51399,45977265164.60689,5110253072.940128,16258271387.16,944289025.24,904459350.3806834
2023-02-06,72846970396.16818,32284517903.06488,888000000.0,37133452802.51399,45774969432.675285,5106373005.593248,16185763260.3,944079806.75,904459350.3806834
2023-02-07,70846970396.16818,30284517903.06488,888000000.0,37133452802.51399,45716156533.73087,5096796761.053268,16181981038.3,944831427.83,920181645.5106834
2023-02-08,70846970396.10576,30284517903.06488,888000000.0,37133452802.51399,45471900650.55199,5099398651.284828,16176805382.3,944256823.21,956181645.5106834
2023-02-09,70846970396.05801,30284517903.06488,888000000.0,37133452802.51399,45424415695.40385,5092948963.355829,16161589382.3,942881376.7,862372797.5206834
2023-02-10,70846970396.02823,30284517903.06488,888000000.0,37133452802.51399,45321423369.89352,5084068956.134777,16148914858.72,942434288.14,900372797.5206834
2023-02-11,70846970395.95792,30284517903.06488,888000000.0,37133452802.51399,45262240050.103714,5081241686.102204,16148914858.72,942451633.54,900372797.5206834
2023-02-12,70846970395.95378,30284517903.06488,888000000.0,37133452802.51399,45179431613.69372,5081253396.252139,16148914858.72,942451633.54,900372797.5206834
2023-02-13,72846970395.95378,30284517903.06488,888000000.0,39133452802.51399,44928296714.66417,5097717096.15661,15806653679.13,942624522.68,870376910.8306835
2023-02-14,72846970395.9459,30284517903.06488,888000000.0,39133452802.51399,44948647976.69495,5086411207.536477,15334272178.98,937886972.68,788037473.4206834
2023-02-15,72846970395.91927,30284517903.06488,888000000.0,39133452802.51399,45295318031.20418,5084718939.67937,14218971551.91,918839765.29,788535101.6406834
2023-02-16,72846970395.90892,30284517903.06488,888000000.0,39133452802.51399,45524745118.26164,5090509181.429355,13706253853.04,968496967.34,768261758.0106834
2023-02-17,72846970395.90892,30284517903.06488,888000000.0,39133452802.51399,45836422765.71645,5069444684.630276,13313048338.74,964759281.67,735968851.0506834
2023-02-18,72846970395.90892,30284517903.06488,888000000.0,39133452802.51399,45810585326.6861,5082566374.509956,13238824118.74,965036103.86,728951451.0506834
2023-02-19,72846970395.90852,30284517903.06488,888000000.0,39133452802.51399,45854810222.71291,5084153665.209519,13238824118.74,965412016.65,728951451.0506834
2023-02-20,72845925958.22273,30283904986.788567,888000000.0,39133021281.10451,45917739215.30628,5087075956.880127,12801997392.7,993249913.07,713261427.2006835
2023-02-21,72845925958.21303,30283904986.788567,888000000.0,39133021281.10451,46119138546.14774,5025047973.041765,12432497350.09,1013560640.12,707738430.6906835
2023-02-22,73845925958.21303,30283904986.788567,888000000.0,40133021281.10451,45938700829.57761,5034632736.01531,11987324966.8,1034081654.37,702951111.3206835
2023-02-23,73845925958.21301,30283904986.788567,888000000.0,40133021281.10451,46068213014.33573,5023051939.883613,11633362079.59,1064289569.47,718911108.6706834
2023-02-24,73845925958.213,30283904986.788567,888000000.0,40133021281.10451,46377466974.30248,5023591480.996598,11129348406.16,1095844715.86,741365222.5006834
2023-02-25,73845925958.213,30283904986.788567,888000000.0,40133021281.10451,46452184622.72676,5021311835.701159,11129348406.16,1095650635.11,741365222.5006834
2023-02-26,73845925958.21298,30283904986.788567,888000000.0,40133021281.10451,46544259146.29026,5027125319.131595,10966244897.0,1095910635.11,745312255.7206835
2023-02-27,73845925958.21298,30283904986.788567,888000000.0,40133021281.10451,46547389070.35217,5031708865.386492,10636444429.47,1117040251.05,739049813.2206835
2023-02-28,73845925958.16286,30283904986.788567,888000000.0,40133021281.10451,46459058741.94758,5025329196.847529,10529346859.53,1117472604.34,766369356.9906834
2023-03-01,73845925958.16203,30283904986.788567,888000000.0,40133021281.10451,46581079094.82474,5014141809.59304,10163424792.89,1138272818.3,767335697.4606835
2023-03-02,73845925958.16174,30283904986.788567,888000000.0,40133021281.10451,47175101586.27432,5022905152.523396,9675572255.81,1158911209.71,775885638.0806835
2023-03-03,73845925958.15884,30283904986.788567,888000000.0,40133021281.10451,47587270156.71084,5011407566.818078,9170491863.13,1159294290.9,794341959.0506834
2023-03-04,75845925958.15793,32283904986.788567,888000000.0,40133021281.10451,47822505548.35472,5016543696.377507,8915714611.67,1162265840.47,798975854.8606834
2023-03-05,75845925958.1539,32283904986.788567,888000000.0,40133021281.10451,48018142584.7875,5009577012.27647,8689408012.96,1162247241.34,808164818.1406834
2023-03-06,75845925958.1539,32283904986.788567,888000000.0,40133021281.10451,47785751114.84989,5004616098.921558,8438912487.68,1262549860.46,805013487.5506834
2023-03-07,75845925958.1539,32283904986.788567,888000000.0,40133021281.10451,47514808839.29669,4992353596.062691,8409705314.38,1265381001.84,790343424.6406834
2023-03-08,75845925957.97836,32283904986.788567,888000000.0,40133021281.10451,47499623000.80196,4978781947.655942,8406956446.32,1266087913.04,740333433.1806834
2023-03-09,75845925957.97618,32283904986.788567,888000000.0,40133021281.10451,47471745408.67127,4936860133.933567,8401286446.32,1281162876.49,739110913.1806834
2023-03-10,75845925957.97618,32283904986.788567,888000000.0,40133021281.10451,46509722091.51428,5095910079.784835,8396420518.21,1315254841.05,826745086.1706834
2023-03-11,75845925957.96422,32283904986.788567,888000000.0,40133021281.10451,44985089880.57535,5772726168.829543,8396420518.21,1663040654.02,826745086.1706834
2023-03-12,75845925957.95189,32283904986.788567,888000000.0,40133021281.10451,44783753066.93756,6358288625.39912,8375924000.64,2071546988.68,841409867.2006835
2023-03-13,75845925957.95093,32283904986.788567,888000000.0,40133021281.10451,43634444285.44508,6281251167.078539,8375923998.64,2020759066.53,841409868.2006835
2023-03-14,77845925957.9431,33283904986.788567,888000000.0,41133021281.10451,42595976133.103004,6041001246.836093,8369923998.64,2024524921.0,834409868.2006835
2023-03-15,77845925956.97139,33283904986.788567,888000000.0,41133021281.10451,41742532129.757126,5796477040.028215,8339923998.64,2023116270.48,829409868.2006835
2023-03-16,78845925956.95341,34283904986.788567,888000000.0,41133021281.10451,41115950739.22803,5566042447.327258,8249923998.64,2022390333.25,807552716.4606835
2023-03-17,78845866112.50111,34283904986.788567,888000000.0,41133021281.10451,40499371105.32111,5460297716.803861,8224923998.64,2023570379.26,807552716.4606835
2023-03-18,78845866112.40463,34283904986.788567,888000000.0,41133021281.10451,40481037416.18044,5431046431.253757,8224923998.64,2026470381.26,807552716.4606835
2023-03-19,78845866112.33662,34283904986.788567,888000000.0,41133021281.10451,40448605757.988335,5409549602.7762575,8224923998.64,2026419728.24,807552716.4606835
2023-03-20,79845866112.33662,34283904986.788567,888000000.0,42133021281.10451,39645370539.89932,5399293694.905704,8149682751.5,2026326850.79,757552716.4606835
2023-03-21,80845866112.33662,34283904986.788567,888000000.0,43133021281.10451,39528548472.79026,5386927527.234664,8119682751.5,2031693704.51,757552716.4606835
2023-03-22,80845866112.33662,34283904986.788567,888000000.0,43133021281.10451,38968533521.55964,5295218255.924869,8064021540.2,2038132890.9,757552716.4606835
2023-03-23,81845866112.33662,34283904986.788567,888000000.0,44133021281.10451,38685856462.58373,5283706583.691123,8064021540.2,2045242753.54,757552716.4606835
2023-03-24,82845866112.33072,35283904986.78857,888000000.0,44133021281.10451,38139950938.17675,5243390127.725512,8024348823.74,2039144495.25,772552716.4606835
2023-03-25,82845866112.33072,35283904986.78857,888000000.0,44133021281.10451,38135021439.10568,5241796138.292892,8024348823.74,2039107413.79,772552716.4606835
2023-03-26,82845866112.31474,35283904986.78857,888000000.0,44133021281.10451,38100230922.704575,5234647184.601035,8024348823.74,2038774223.37,772552716.4606835
2023-03-27,82845866112.26418,35283904986.78857,888000000.0,44133021281.10451,37688340654.86511,5147160333.964216,7829888924.96,2021347149.14,757552716.4606835
2023-03-28,82845866112.26418,35283904986.78857,888000000.0,44133021281.10451,37543286163.53797,5118899544.0555,7715434161.66,2010985286.65,757552716.4606835
2023-03-29,82845866112.26418,35283904986.78857,888000000.0,44133021281.10451,37492082816.98926,5104399385.891076,7664673849.0,2015391179.17,757552716.4606835
2023-03-30,82845866112.26418,35283904986.78857,888000000.0,44133021281.10451,37063364171.63866,5096756172.934006,7614518814.5,2030110845.37,757552716.4606835
2023-03-31,82845866112.26418,35283904986.78857,888000000.0,44133021281.10451,36755568477.97971,5097627621.896075,7557187530.3,2061992132.9,757552716.4606835
2023-04-01,82845866112.26418,35283904986.78857,888000000.0,44133021281.10451,36755593924.37396,5098550957.174435,7557187530.3,2061952595.7,757552716.4606835
2023-04-02,82845866112.26418,35283904986.78857,888000000.0,44133021281.10451,36762168773.06667,5109753523.54073,7557187530.3,2061796270.87,757552716.4606835
2023-04-03,82845866112.2582,35283904986.78857,888000000.0,44133021281.10451,36858538555.541725,5091858857.56096,7415725251.48,2072791338.94,757552716.4606835
2023-04-04,82845866112.2582,35283904986.78857,888000000.0,44133021281.10451,36897179469.05035,5092350467.791471,7290280656.09,2066634195.3,757552716.4606835
2023-04-05,82845866112.2582,35283904986.78857,888000000.0,44133021281.10451,36843367218.55208,5083816106.896615,7157628183.79,2082847242.34,757552716.4606835
2023-04-06,82845866112.21516,35283904986.78857,888000000.0,44133021281.10451,36959840001.07564,5085105639.386414,7070792706.88,2085587527.95,798439092.5806835
2023-04-07,82845866112.21516,35283904986.78857,888000000.0,44133021281.10451,36844333792.12586,5082342627.565309,7070499364.22,2086934746.87,843181036.0706835
2023-04-08,82845866112.19795,35283904986.78857,888000000.0,44133021281.10451,36844660304.15218,5078019570.914182,7070499364.22,2086915359.02,843181036.0706835
2023-04-09,82845866112.19795,35283904986.78857,888000000.0,44133021281.10451,36850323485.26566,5070248695.905078,7070499364.22,2086884543.79,843181036.0706835
2023-04-10,82845866112.19795,35283904986.78857,888000000.0,44133021281.10451,36655055571.66649,5056682373.120326,6956739397.55,2109784551.99,885329819.5706835
2023-04-11,82845866112.19795,35283904986.78857,888000000.0,44133021281.10451,36651530936.606346,5044879675.867158,6895734161.66,2136564118.52,929762942.2506834
2023-04-12,82845866112.18797,35283904986.78857,888000000.0,44133021281.10451,36329683115.32188,5021742258.521956,6795434162.66,2137773128.12,929762942.2506834
2023-04-13,82845866112.18797,35283904986.78857,888000000.0,44133021281.10451,36217157083.35399,5009361445.617639,6715536696.66,2152472455.47,977872336.5206834
2023-04-14,83845866112.18797,35283904986.78857,888000000.0,45133021281.10451,36101061206.56948,5013223754.492016,6681120013.94,2149689529.75,1013463385.0106834
2023-04-15,83845866112.18797,35283904986.78857,888000000.0,45133021281.10451,36101773360.40436,5026673664.191878,6681120013.94,2149472086.15,1013463385.0106834
2023-04-16,83845866112.14601,35283904986.78857,888000000.0,45133021281.10451,36101554077.55536,5015182398.077417,6681120013.94,2149780951.96,1013463385.0106834
2023-04-17,83845866112.14183,35283904986.78857,888000000.0,45133021281.10451,35902674230.62492,4882567682.100734,6656024716.67,2141714799.98,995772665.8006834
2023-04-18,83845866112.09006,35283904986.78857,888000000.0,45133021281.10451,35642049402.15339,4864412825.182185,6641005990.46,2135466871.0,1031237889.0806836
2023-04-19,83845866112.09006,35283904986.78857,888000000.0,45133021281.10451,35511695890.12837,4858218882.740498,6612006790.46,2141288066.91,1066503609.4606836
2023-04-20,84845866112.09006,36283904986.78857,888000000.0,45133021281.10451,35272769237.25355,4851674545.47623,6582802148.59,2137948594.95,1068015845.7006836
2023-04-21,84844769436.80675,36283188702.72137,888000000.0,45132640889.88838,35067255472.27867,4808028720.786289,6445097642.67,2128977802.99,1048006795.7006836
2023-04-22,84844769436.61641,36283188702.72137,888000000.0,45132640889.88838,35066821952.71604,4780968554.013671,6445097642.67,2128975809.49,1048006795.7006836
2023-04-23,84844769436.61641,36283188702.72137,888000000.0,45132640889.88838,35090616896.091354,4779034913.731005,6445097642.67,2128957573.8,1048006795.7006836
2023-04-24,84844769436.61641,36283188702.72137,888000000.0,45132640889.88838,35031575733.10901,4789975998.600742,6410496121.5,2115542562.44,1048006795.7006836
2023-04-25,84844769436.61641,36283188702.72137,888000000.0,45132640889.88838,34970341753.010635,4788449723.179586,6345445362.21,2084727531.98,1041056795.4506836
2023-04-26,84844769436.6135,36283188702.72137,888000000.0,45132640889.88838,35035290966.4661,4792163877.789027,6305441361.21,2053168779.53,1041056795.4506836
2023-04-27,84844769436.6135,36283188702.72137,888000000.0,45132640889.88838,34808564506.34293,4782198989.7785,6280952242.24,2015359785.36,1041056795.4506836
2023-04-28,84844769436.6135,36283188702.72137,888000000.0,45132640889.88838,34781095003.96717,4731829855.357356,6197080501.91,1992125521.46,1041056795.4506836
2023-04-29,84844769436.6135,36283188702.72137,888000000.0,45132640889.88838,34796912016.46489,4732465507.573908,6197080501.91,1992113880.76,1041056795.4506836
2023-04-30,84844769436.6127,36283188702.72137,888000000.0,45132640889.88838,34794104628.98781,4735753644.399816,6197080501.91,1992088610.28,1041056795.4506836
2023-05-01,84844769436.6127,36283188702.72137,888000000.0,45132640889.88838,34671625850.44485,4728175539.574486,6155960305.86,2466052990.33,1041056795.4506836
2023-05-02,84844769436.60457,36283188702.72137,888000000.0,45132640889.88838,34537780844.14209,4700713497.4145775,6090958105.93,2504936372.24,1046734827.3906834
2023-05-03,84844769436.60457,36283188702.72137,888000000.0,45132640889.88838,34461285647.62523,4687516739.338829,5985825905.98,2246345617.39,1040793552.7606834
2023-05-04,84844769436.60457,36283188702.72137,888000000.0,45132640889.88838,34432048603.195786,4681419220.016453,5975624784.94,2225981391.21,1040809484.0306834
2023-05-05,84844769436.60457,36283188702.72137,888000000.0,45132640889.88838,34653299492.392654,4678443428.722618,5965614753.02,2225218095.44,1041112202.5706836
2023-05-06,84844769436.55736,36283188702.72137,888000000.0,45132640889.88838,34658084385.95802,4684342312.377363,5965614753.02,2219716001.54,1041112202.5706836
2023-05-07,84844769436.55736,36283188702.72137,888000000.0,45132640889.88838,34662872764.579094,4685179315.683145,5965614753.02,2219534489.65,1041112202.5706836
2023-05-08,85844769436.55736,36283188702.72137,888000000.0,46132640889.88838,34516158103.34055,4686877641.118288,5864690932.1,2192329900.33,1042301537.3106834
2023-05-09,85844769436.55736,36283188702.72137,888000000.0,46132640889.88838,34426587661.03696,4691134796.50213,5794734858.1,2131389809.04,1040052716.4506836
2023-05-10,85844769436.1318,36283188702.72137,888000000.0,46132640889.88838,34404099813.475136,4689620549.687826,5765534180.42,2111584738.38,1058571792.8606834
2023-05-11,85844769435.49753,36283188702.72137,888000000.0,46132640889.88838,34253483455.0559,4683186811.038555,5706434165.67,2088579887.37,1058571792.8606834
2023-05-12,85844769435.41373,36283188702.72137,888000000.0,46132640889.88838,34237217848.92048,4668654540.254756,5614434161.66,2063075787.21,1058571792.8606834
2023-05-13,85844769435.41373,36283188702.72137,888000000.0,46132640889.88838,34242284445.94624,4668621260.699517,5614434161.66,2063036000.33,1058571792.8606834
2023-05-14,85844769435.41373,36283188702.72137,888000000.0,46132640889.88838,34239494571.664024,4667692522.801917,5614434161.66,2062969203.81,1058571792.8606834
2023-05-15,85844769435.4115,36283188702.72137,888000000.0,46132640889.88838,34098341998.39297,4663999067.976915,5559434162.56,2088890927.23,1058571792.8606834
2023-05-16,85844769435.4115,36283188702.72137,888000000.0,46132640889.88838,33956426963.235912,4664900992.595046,5554504172.59,2084718793.11,1061502734.5406834
2023-05-17,85844769435.4115,36283188702.72137,888000000.0,46132640889.88838,33791233002.676323,4668025652.557332,5544850552.8,2087444591.55,1053561376.8406836
2023-05-18,85844769435.4115,36283188702.72137,888000000.0,46132640889.88838,33877702150.59145,4668386448.48356,5544850552.8,2080759659.1,1043561366.8106834
2023-05-19,85844769435.40402,36283188702.72137,888000000.0,46132640889.88838,33834650156.45807,4666010658.844754,5499801606.8,2075643939.73,1019052716.4506836
2023-05-20,85844769435.40402,36283188702.72137,888000000.0,46132640889.88838,33829777742.488503,4648066388.343527,5499801606.8,2078178801.56,1019052716.4506836
2023-05-21,85844769435.39594,36283188702.72137,888000000.0,46132640889.88838,33827350446.45824,4658569636.308801,5499801606.8,2078178801.56,1019052716.4506836
2023-05-22,85844769435.39594,36283188702.72137,888000000.0,46132640889.88838,33706425961.388912,4663179806.922961,5460859541.32,2068852680.2,1019052716.4506836
2023-05-23,85844769435.39594,36283188702.72137,888000000.0,46132640889.88838,33549327056.433903,4635891797.554133,5400572162.34,2060086599.55,1019052716.4506836
2023-05-24,85844769435.39594,36283188702.72137,888000000.0,46132640889.88838,33402556265.110477,4624843593.652713,5332532250.62,2049665170.31,1019052716.4506836
2023-05-25,85844769435.39594,36283188702.72137,888000000.0,46132640889.88838,33325758005.26908,4622155160.01191,5303336105.32,2050603162.64,1019052716.4506836
2023-05-26,85844769435.39032,36283188702.72137,888000000.0,46132640889.88838,33345698058.303,4619149849.816172,5276149035.15,2051667611.81,1019052716.4506836
2023-05-27,85844769435.39032,36283188702.72137,888000000.0,46132640889.88838,33328642937.51978,4622298552.674299,5276149035.15,2051613267.98,1019052716.4506836
2023-05-28,85844769435.39032,36283188702.72137,888000000.0,46132640889.88838,33323543824.090168,4623120250.886465,5276149035.15,2051109789.23,1019052716.4506836
2023-05-29,85844769435.39032,36283188702.72137,888000000.0,46132640889.88838,33298873902.86536,4627740896.219372,5276149035.15,2051047047.63,1019052716.4506836
2023-05-30,85844769435.38728,36283188702.72137,888000000.0,46132640889.88838,33236774295.0998,4629017274.356473,5251304850.18,2050703341.41,1019052716.4506836
2023-05-31,85844769435.38728,36283188702.72137,888000000.0,46132640889.88838,33144640485.917747,4619909321.720202,5196034161.66,2045863690.5,1027011081.2206836
2023-06-01,85844769435.37082,36283188702.72137,888000000.0,46132640889.88838,33231795553.428062,4602232130.7832365,5165034161.66,2047158672.32,1016552716.4506836
2023-06-02,85844769435.36557,36283188702.72137,888000000.0,46132640889.88838,33189448832.25354,4590944657.291336,5149534164.66,2049141464.1,1006573587.6606834
2023-06-03,85844769435.36552,36283188702.72137,888000000.0,46132640889.88838,33184100713.969635,4589517143.941736,5149534164.66,2053209803.01,1006573587.6606834
2023-06-04,85844769435.36552,36283188702.72137,888000000.0,46132640889.88838,33187805315.94601,4589674435.232103,5149534164.66,2053165859.85,1006573587.6606834
2023-06-05,85844769435.07343,36283188702.72137,888000000.0,46132640889.88838,33091227989.123604,4586122571.091261,5096534161.66,2060948115.17,1006573587.6606834
2023-06-06,85840659902.74782,36280615894.32097,888000000.0,46131104165.96569,32945774688.731647,4572873193.314614,4997666063.8,2060333560.21,1006573587.6606834
2023-06-07,85840659902.71991,36280615894.32097,888000000.0,46131104165.96569,32807212460.04901,4568046315.562142,4896660658.84,2061455534.01,1006573587.6606834
2023-06-08,85840659902.71991,36280615894.32097,888000000.0,46131104165.96569,32738915531.39975,4552925241.991056,4861575157.25,2061552575.02,1006573587.6606834
2023-06-09,85840659902.71991,36280615894.32097,888000000.0,46131104165.96569,32622482630.401527,4547999561.181589,4780579213.11,2054801576.16,1006573587.6606834
2023-06-10,85840659902.71991,36280615894.32097,888000000.0,46131104165.96569,32658595209.68932,4544374686.770665,4780579213.11,2046001196.33,1006573587.6606834
2023-06-11,85840659902.71176,36280615894.32097,888000000.0,46131104165.96569,32681709219.79761,4542050531.900434,4780579213.11,2038990264.24,1006573587.6606834
2023-06-12,86840659902.71176,37280615894.32097,888000000.0,46131104165.96569,32610475823.93869,4519214068.485505,4621559410.77,2025061817.32,1006573587.6606834
2023-06-13,86840659902.69292,37280615894.32097,888000000.0,46131104165.96569,32479036600.513115,4491866996.951716,4581072355.32,2013331566.89,1006573587.6606834
2023-06-14,86840659902.69292,37280615894.32097,888000000.0,46131104165.96569,32372428234.463554,4486271913.909074,4506547166.02,1982750878.32,1007269397.1506834
2023-06-15,87090659902.68303,37530615894.32097,888000000.0,46131104165.96569,32500869922.99052,4390492591.424921,4342094307.67,3064287081.21,1007269397.1506834
2023-06-16,88340659902.68303,38780615894.32097,888000000.0,46131104165.96569,32631049088.7732,4399871940.418075,4295869950.73,3076777456.09,1007269397.1506834
2023-06-17,88340659902.64972,38780615894.32097,888000000.0,46131104165.96569,32631764918.1994,4416537188.502581,4295869950.73,3076768437.78,1007269397.1506834
2023-06-18,88340659902.64972,38780615894.32097,888000000.0,46131104165.96569,32632028125.29523,4426904776.537089,4295869950.73,3076744149.19,1007269397.1506834
2023-06-19,88340659902.64972,38780615894.32097,888000000.0,46131104165.96569,32740584179.829983,4420062630.7088585,4295869950.73,3094185533.37,1007269397.1506834
2023-06-20,88590659902.64972,39030615894.32097,888000000.0,46131104165.96569,32828108711.624004,4444606297.356142,4269031790.01,3105687353.95,1007269397.1506834
2023-06-21,85490659902.64972,39030615894.32097,888000000.0,43031104165.96569,32772254038.51924,4425769279.626715,4264856831.59,3106159692.38,1000269397.1506834
2023-06-22,85490659902.64972,39030615894.32097,888000000.0,43031104165.96569,32783378350.784084,4447819124.765966,4248218262.96,3107696935.08,1000269397.1506834
2023-06-23,85490659902.64972,39030615894.32097,888000000.0,43031104165.96569,32720437757.233418,4451672155.291577,4244604737.91,3107654932.88,1000269397.1506834
2023-06-24,85490659902.64972,39030615894.32097,888000000.0,43031104165.96569,32732283477.936,4454338050.929713,4244604737.91,3107654932.88,1000269397.1506834
2023-06-25,85490659902.64972,39030615894.32097,888000000.0,43031104165.96569,32739504200.742813,4449447760.677361,4244604737.91,3107652165.81,1000269397.1506834
2023-06-26,85490659902.64124,39030615894.32097,888000000.0,43031104165.96569,32652498966.233128,4425650857.012808,4213495349.48,3106348131.32,995140452.7306834
2023-06-27,85490659902.64124,39030615894.32097,888000000.0,43031104165.96569,32495155772.443417,4410061547.919538,4188534283.66,3106219389.32,995140452.7306834
2023-06-28,85490659902.64124,39030615894.32097,888000000.0,43031104165.96569,32409565951.736683,4397538306.939955,4172076719.29,3026606516.58,989794017.8506836
2023-06-29,85490659902.64124,39030615894.32097,888000000.0,43031104165.96569,32236398013.77418,4380286671.011126,4137744538.82,3026609016.58,989794017.8506836
2023-06-30,85490659902.64124,39030615894.32097,888000000.0,43031104165.96569,31662656534.863934,4346460373.939764,4132947968.08,3023807560.55,986890935.8506836
2023-07-01,85490659902.64124,39030615894.32097,888000000.0,43031104165.96569,31684199424.82193,4342033368.444684,4132947968.08,3023800552.55,986890935.8506836
2023-07-02,85490659902.64124,39030615894.32097,888000000.0,43031104165.96569,31674149761.44634,4338675899.275924,4132947968.08,3023800552.55,986890935.8506836
2023-07-03,85490659902.64124,39030615894.32097,888000000.0,43031104165.96569,31951836112.711063,4331354075.235124,4126370302.93,3004800552.55,938552716.4506836
2023-07-04,85490659902.64124,39030615894.32097,888000000.0,43031104165.96569,32006553619.56993,4334925796.742318,4126370302.93,3004800552.55,938552716.4506836
2023-07-05,85490659902.61932,39030615894.32097,888000000.0,43031104165.96569,31968098094.76273,4317257779.850109,4099534161.66,2972298278.04,933552716.4506836
2023-07-06,85488111958.37042,39028663976.21173,888000000.0,43030508139.82601,31811206315.847218,4312610303.272102,4061053642.96,2972252047.85,828868562.7006835
2023-07-07,85488111958.37042,39028663976.21173,888000000.0,43030508139.82601,31792592649.12509,4307563296.17887,4045704786.59,2912271652.32,768552716.4506835
2023-07-08,85488111958.37042,39028663976.21173,888000000.0,43030508139.82601,31794073186.073303,4299681209.849392,4045704786.59,2912271652.32,768552716.4506835
2023-07-09,85488111958.37042,39028663976.21173,888000000.0,43030508139.82601,31788421443.733448,4293577597.955222,4045704786.59,2912271652.32,768552716.4506835
2023-07-10,85488111958.3704,39028663976.21173,888000000.0,43030508139.82601,31690919227.127525,4287094248.114161,4026563891.66,2911268463.93,718636101.4506835
2023-07-11,85488111958.3704,39028663976.21173,888000000.0,43030508139.82601,31665917523.27776,4293162583.358948,3997265401.02,2861308272.77,661654230.4506835
2023-07-12,86488111958.3704,39028663976.21173,888000000.0,44030508139.82601,31537362291.52041,4283021411.9816494,3988352502.33,2811308272.77,616553331.4506835
2023-07-13,86488111958.3704,39028663976.21173,888000000.0,44030508139.82601,31679932903.643284,4279023723.19448,3972541775.03,2811308272.77,566626099.4506835
2023-07-14,86487919446.40375,39028471464.25076,888000000.0,44030508139.82601,31583755359.427277,4281783902.719781,3969066401.02,2811308272.77,561714309.4906834
2023-07-15,86487919446.40375,39028471464.25076,888000000.0,44030508139.82601,31582448902.87808,4282386023.608205,3969066401.02,2811308272.77,561714309.4906834
2023-07-16,86487919446.40375,39028471464.25076,888000000.0,44030508139.82601,31583978248.24401,4276311834.63548,3969066401.02,2811308272.77,561714309.4906834
2023-07-17,86487919446.3879,39028471464.25076,888000000.0,44030508139.82601,31373682400.402325,4267967491.6135936,3928038459.03,2811308272.77,561714309.5006834
2023-07-18,86487919446.3879,39028471464.25076,888000000.0,44030508139.82601,31289834111.602528,4266629451.4099703,3888836735.53,2761257924.57,561714309.5006834
2023-07-19,86487919446.3879,39028471464.25076,888000000.0,44030508139.82601,31259133397.90713,4257027623.375606,3879904469.66,2761257924.57,561714309.5006834
2023-07-20,86487919445.38918,39028471464.25076,888000000.0,44030508139.82601,31195068303.15309,4256064334.9429584,3856940505.13,2774257924.57,549583263.4706835
2023-07-21,86487919445.38918,39028471464.25076,888000000.0,44030508139.82601,31131580166.929222,4230072610.4429054,3851534161.66,2774296893.8,549583263.4706835
2023-07-22,86486397340.30139,39026949359.163,888000000.0,44030508139.82601,31127638184.174576,4231031122.360181,3851534161.66,2774296893.8,549583263.4706835
2023-07-23,86486397340.30058,39026949359.163,888000000.0,44030508139.82601,31124796869.570374,4232474177.430993,3851534161.66,2774296893.8,549583263.4706835
2023-07-24,86486397340.27539,39026949359.163,888000000.0,44030508139.82601,30971846907.344757,4202240717.9127474,3821034161.67,2774321162.63,549583263.4706835
2023-07-25,86486397340.27539,39026949359.163,888000000.0,44030508139.82601,30902431275.52451,4194881251.830464,3795145720.35,2774321162.63,549583263.4706835
2023-07-26,86486388381.73453,39026949359.163,888000000.0,44030508139.82601,30850674323.818947,4181427866.176962,3774038187.08,2774321162.63,549583263.4706835
2023-07-27,86486388381.73453,39026949359.163,888000000.0,44030508139.82601,30842916242.04387,4175415326.292901,3739537279.67,2774321162.63,549583263.4706835
2023-07-28,86486388381.73453,39026949359.163,888000000.0,44030508139.82601,30814820743.21884,4154774615.2408633,3704617744.7,2774311741.75,549583263.4706835
2023-07-29,86486388381.73451,39026949359.163,888000000.0,44030508139.82601,30819481392.188545,4149427266.367634,3704617744.7,3024311741.75,549583263.4706835
2023-07-30,86486388381.64789,39026949359.163,888000000.0,44030508139.82601,30814973238.782845,4153191693.550961,3704617744.7,3024311741.75,549583263.4706835
2023-07-31,86486388381.64789,39026949359.163,888000000.0,44030508139.82601,30753844264.96201,4168206343.004097,3667826630.6,2984311741.75,549583263.4706835
2023-08-01,86486388381.64789,39026949359.163,888000000.0,44030508139.82601,30551071955.83154,4112790793.148772,3622627563.58,2931817172.75,544567367.9206834
2023-08-02,86486388381.64789,39026949359.163,888000000.0,44030508139.82601,30447103642.14729,4079347158.721703,3537108376.23,2931811672.75,534581519.7006834
2023-08-03,86486388381.64789,39026949359.163,888000000.0,44030508139.82601,30364986275.195854,4051128624.9252553,3495946386.33,2931811672.75,509126615.3806834
2023-08-04,86486388381.64772,39026949359.163,888000000.0,44030508139.82601,30305058602.514057,4031979122.321895,3424336499.79,2931811672.75,507056422.7406834
2023-08-05,86486388381.64772,39026949359.163,888000000.0,44030508139.82601,30307004214.421352,4034656979.419393,3417043873.27,2931811672.75,507056422.7406834
2023-08-06,86486388381.64772,39026949359.163,888000000.0,44030508139.82601,30307953594.32641,4032691137.872103,3417043873.27,2931811672.75,507056422.7406834
2023-08-07,86486388381.64772,39026949359.163,888000000.0,44030508139.82601,30393983350.061157,4026896577.245953,3393563672.78,2963811674.75,507056422.7506834
2023-08-08,86486388381.57024,39026949359.163,888000000.0,44030508139.82601,30561530484.54228,4043361309.6355863,3391737664.66,2959811674.75,511100005.2006834
2023-08-09,86486388381.57024,39026949359.163,888000000.0,44030508139.82601,30548578699.158222,4046710098.0448346,3391737664.66,2959811674.75,511100005.2006834
2023-08-10,86486388381.57024,39026949359.163,888000000.0,44030508139.82601,30418348478.443405,4006567367.968424,3380824230.0,2934811674.75,506100005.2006834
2023-08-11,86486388381.56862,39026949359.163,888000000.0,44030508139.82601,30365750046.39378,3969217831.135802,3371508286.87,2939811674.75,506100005.2006834
2023-08-12,86486388381.56543,39026949359.163,888000000.0,44030508139.82601,30421238505.31246,4009143399.945698,3371508286.87,2939811674.75,506100005.2006834
2023-08-13,86486388381.56506,39026949359.163,888000000.0,44030508139.82601,30451280900.42319,3993662200.794869,3371508286.87,2939811674.75,506100005.2006834
2023-08-14,86486388381.56506,39026949359.163,888000000.0,44030508139.82601,30269219732.560337,3964953798.967649,3356273199.5,2753811674.75,506100005.2006834
2023-08-15,86486388381.56506,39026949359.163,888000000.0,44030508139.82601,30302808790.787872,3927728792.826583,3337600151.87,2718711674.75,506100005.2006834
2023-08-16,86486388381.56032,39026949359.163,888000000.0,44030508139.82601,30323624332.48854,3925038875.336674,3310735903.2,2719710578.75,506100005.2006834
2023-08-17,86486388381.56032,39026949359.163,888000000.0,44030508139.82601,30410812800.818413,3928609492.0862417,3278535261.67,2730210578.75,506100005.2006834
2023-08-18,86486388381.53032,39026949359.163,888000000.0,44030508139.82601,30211433054.68225,3930379663.0860662,3242446878.05,2730210578.75,506100005.2006834
2023-08-19,86486388381.53029,39026949359.163,888000000.0,44030508139.82601,30241199202.667343,3929734858.753499,3242446878.05,2730210578.75,506100005.2006834
2023-08-20,86486388381.53029,39026949359.163,888000000.0,44030508139.82601,30236383533.377228,3967081770.463391,3242446878.05,2730210578.75,506100005.2006834
2023-08-21,86486388381.53029,39026949359.163,888000000.0,44030508139.82601,30260976276.07744,3959842748.632401,3215132707.97,2721200587.49,507700446.0106834
2023-08-22,85286388262.05965,39026949359.163,888000000.0,42830508139.82601,30231742533.65743,3964864349.631861,3196632567.97,2721200587.49,508796841.1206834
2023-08-23,85286388262.05443,39026949359.163,888000000.0,42830508139.82601,30295743420.337147,3946385931.363664,3186250444.44,2711200687.49,508796841.1206834
2023-08-24,85286388262.05443,39026949359.163,888000000.0,42830508139.82601,30190471870.385742,3921368132.746637,3173249414.44,2870239187.49,508796841.1206834
2023-08-25,85286388261.91574,39026949359.163,888000000.0,42830508139.82601,30262020889.786243,3934701550.2996383,3145564461.85,2874188019.49,510215145.1906834
2023-08-26,85286388261.91574,39026949359.163,888000000.0,42830508139.82601,30322668244.71208,3893556746.507508,3145564461.85,2874188019.49,510215145.1906834
2023-08-27,85286388261.91574,39026949359.163,888000000.0,42830508139.82601,30350288406.4218,3894683629.681461,3145564461.85,2874188019.49,510215145.1906834
2023-08-28,85286388261.91574,39026949359.163,888000000.0,42830508139.82601,30352866921.991398,3881569965.065534,3113807741.12,2961100019.49,508811831.4006834
2023-08-29,85286388261.91574,39026949359.163,888000000.0,42830508139.82601,30494407458.978184,3904611088.1225634,3101450094.14,3177056819.49,508811831.4006834
2023-08-30,85286388261.91574,39026949359.163,888000000.0,42830508139.82601,30460643710.03277,3898432908.618615,3072251687.48,3395400219.49,505170765.4506834
2023-08-31,85286388261.91574,39026949359.163,888000000.0,42830508139.82601,30500121054.28604,3896398547.703333,2973613903.29,3442500219.49,505170765.4506834
2023-09-01,85284329277.62029,39025187376.28818,888000000.0,42830211138.40825,30448996004.125008,3872415930.15365,2888269744.29,3414500219.49,492249842.1506834
2023-09-02,85284329277.62029,39025187376.28818,888000000.0,42830211138.40825,30475906435.07181,3874232812.208396,2864514320.5,3414500219.49,488345990.5506834
2023-09-03,85284329277.62029,39025187376.28818,888000000.0,42830211138.40825,30523265833.91861,3880360396.6456943,2844551223.8,3414500219.49,488345990.5506834
2023-09-04,85284329277.60226,39025187376.28818,888000000.0,42830211138.40825,30395399718.51262,3871069434.180999,2844551223.8,3402501220.49,488345990.5506834
2023-09-05,85284329277.60226,39025187376.28818,888000000.0,42830211138.40825,30367648392.58165,3849138786.862567,2744559639.0,3242501220.49,500381602.2406834
2023-09-06,85284329277.59218,39025187376.28818,888000000.0,42830211138.40825,30411104058.278103,3854116325.692421,2678685015.93,3235050531.69,500381602.2406834
2023-09-07,85284329277.59218,39025187376.28818,888000000.0,42830211138.40825,30278575411.45435,3838458026.93048,2617558838.78,3228579641.38,500381602.2406834
2023-09-08,85284329277.59218,39025187376.28818,888000000.0,42830211138.40825,30425110695.24187,3837488902.681387,2591414132.47,3154979641.38,500381602.2406834
2023-09-09,85284329277.59218,39025187376.28818,888000000.0,42830211138.40825,30448725641.192,3830307103.276911,2590877279.09,3154979641.38,520370073.8406834
2023-09-10,85284329277.59218,39025187376.28818,888000000.0,42830211138.40825,30497894690.76512,3830979842.264585,2583617003.92,3154979641.38,520370073.8406834
2023-09-11,85284329277.59218,39025187376.28818,888000000.0,42830211138.40825,30395358012.57272,3833149705.589293,2538975092.86,3135171750.38,528254634.8906834
2023-09-12,85284329277.59209,39025187376.28818,888000000.0,42830211138.40825,30523092733.918056,3839358264.002796,2529403738.41,3126860991.38,523731373.8306834
2023-09-13,85284329276.84348,39025187376.28818,888000000.0,42830211138.40825,30535239529.318302,3841555661.64228,2514604443.75,3126860991.38,518082232.1106834
2023-09-14,85284329276.84348,39025187376.28818,888000000.0,42830211138.40825,30464287437.388905,3846464930.593665,2499814335.1,3125855647.38,507563145.6406834
2023-09-15,85284329276.82108,39025187376.28818,888000000.0,42830211138.40825,30433090337.95115,3832784795.441284,2491353799.7,3070916488.38,492639163.1806834
2023-09-16,85284329276.82108,39025187376.28818,888000000.0,42830211138.40825,30486528228.043457,3842500083.59724,2491353799.7,3070916488.38,492639163.1806834
2023-09-17,85284329276.82108,39025187376.28818,888000000.0,42830211138.40825,30486991909.964462,3859800866.351685,2491353799.7,3070916488.38,492639163.1806834
2023-09-18,85284329276.82103,39025187376.28818,888000000.0,42830211138.40825,30424470992.778275,3870291704.412281,2471073375.43,3070916488.38,491052716.4506834
2023-09-19,86284329276.82103,39025187376.28818,888000000.0,43830211138.40825,30322814749.09678,3865033702.990225,2458579758.18,3070916488.38,491052716.4506834
2023-09-20,86284329276.82103,39025187376.28818,888000000.0,43830211138.40825,30266866737.94932,3832834012.712543,2436902622.75,3236854838.38,491052716.4506834
2023-09-21,86284329276.82103,39025187376.28818,888000000.0,43830211138.40825,30087931278.28901,3833377915.029748,2403863214.56,3480563765.38,491052716.4506834
2023-09-22,86284329276.82103,39025187376.28818,888000000.0,43830211138.40825,30061076604.651203,3832600735.453023,2381674743.12,3477563765.38,486062948.6506834
2023-09-23,86284329275.3854,39025187376.28818,888000000.0,43830211138.40825,30074938904.977844,3848973077.9157615,2381674743.12,3477563765.38,486062948.6506834
2023-09-24,86284329275.381,39025187376.28818,888000000.0,43830211138.40825,30083220733.022835,3839958429.4537416,2381674743.12,3477563765.38,486062948.6506834
2023-09-25,86284329275.381,39025187376.28818,888000000.0,43830211138.40825,29953429915.63696,3825164690.940104,2343984865.35,3477563765.38,486062948.6506834
2023-09-26,86284329275.381,39025187376.28818,888000000.0,43830211138.40825,29900781105.059998,3815087765.428505,2304908103.6,3425559864.38,486062948.6506834
2023-09-27,86283842384.68855,39024700485.595726,888000000.0,43830211138.40825,29782716195.524136,3797052465.96113,2273940301.8,3422550795.77,486062948.6506834
2023-09-28,86283842384.63866,39024700485.595726,888000000.0,43830211138.40825,29888937352.584885,3827469263.020845,2265570960.5,3419050795.77,486062948.6506834
2023-09-29,86283842384.63866,39024700485.595726,888000000.0,43830211138.40825,29361046031.809708,3826394338.581311,2259538520.17,3417050795.77,486062948.6506834
2023-09-30,86283842384.6118,39024700485.595726,888000000.0,43830211138.40825,29426229564.923267,3822501397.537808,2259538520.17,3417050795.77,486062948.6506834
2023-10-01,86283842384.61142,39024700485.595726,888000000.0,43830211138.40825,29467156931.17984,3810766541.575839,2259538520.17,3417050795.77,486062948.6506834
2023-10-02,86283842384.61142,39024700485.595726,888000000.0,43830211138.40825,29642027670.119144,3839758225.2135854,2259538520.17,3417050795.77,486062948.6506834
2023-10-03,86283842384.61142,39024700485.595726,888000000.0,43830211138.40825,29619773892.48008,3826450354.734386,2245470685.79,3412550795.77,486062948.6506834
2023-10-04,86283842384.599,39024700485.595726,888000000.0,43830211138.40825,29551288436.150787,3838751187.39854,2239090552.42,3404050795.77,486062948.6506834
2023-10-05,86283842384.51848,39024700485.595726,888000000.0,43830211138.40825,29557770198.68136,3831952309.47848,2227588585.34,3396550795.77,486062948.6506834
2023-10-06,86483842384.51846,39024700485.595726,888000000.0,43830211138.40825,29824123122.77181,3824326539.819256,2213836297.15,3386548795.77,486062948.6506834
2023-10-07,86483842384.51846,39024700485.595726,888000000.0,43830211138.40825,29856103392.418488,3828550570.0036817,2213836297.15,3386548795.77,486062948.6506834
2023-10-08,86483842384.51762,39024700485.595726,888000000.0,43830211138.40825,29872614833.99416,3827031913.748714,2213836297.15,3386548795.77,486062948.6506834
2023-10-09,86483798028.21228,39024700485.595726,888000000.0,43830166782.102905,29824025827.631447,3824579028.057874,2202446230.8,3385545563.77,486062948.6506834
2023-10-10,86483798028.21228,39024700485.595726,888000000.0,43830166782.102905,29699931443.04828,3821640476.471366,2144747701.63,3385545563.77,486062948.6506834
2023-10-11,86483798028.21228,39024700485.595726,888000000.0,43830166782.102905,29557199970.18354,3794714181.485869,2144747701.63,3335545563.77,486062948.6506834
2023-10-12,86483798028.20486,39024700485.595726,888000000.0,43830166782.102905,29435432021.51398,3787597643.8110304,2138291068.75,3335545563.77,486062948.6506834
2023-10-13,86483798028.19778,39024700485.595726,888000000.0,43830166782.102905,29465256018.11818,3778316783.628369,2123692213.88,3335548613.77,486062948.6506834
2023-10-14,86483798028.19778,39024700485.595726,888000000.0,43830166782.102905,29497451060.13845,3785548432.0515766,2123692213.88,3335548613.77,486062948.6506834
2023-10-15,86483798028.19778,39024700485.595726,888000000.0,43830166782.102905,29541347831.80876,3790703508.407661,2123692213.88,3335548613.77,486062948.6506834
2023-10-16,86483798028.19778,39024700485.595726,888000000.0,43830166782.102905,29645058706.9709,3799741914.482087,2107913129.97,3335548613.77,486062948.6506834
2023-10-17,86483798028.19778,39024700485.595726,888000000.0,43830166782.102905,29690834719.426285,3805535882.4076657,2107913129.97,3335548613.77,486062948.6506834
2023-10-18,86483798028.19778,39024700485.595726,888000000.0,43830166782.102905,29734021159.7331,3795018154.161761,2102166483.82,3333548613.77,486062948.6506834
2023-10-19,87483798028.19778,39024700485.595726,888000000.0,44830166782.102905,29843133074.825462,3787030329.066504,2094711802.02,3776048613.77,486062948.6506834
2023-10-20,87483798027.4072,39024700485.595726,888000000.0,44830166782.102905,29890784811.445816,3806469588.225564,2094301100.28,3332548613.77,486062948.6506834
2023-10-21,87483798027.4072,39024700485.595726,888000000.0,44830166782.102905,29919481183.26724,3807404438.5063705,2094301100.28,3332548613.77,486062948.6506834
2023-10-22,87483798027.4072,39024700485.595726,888000000.0,44830166782.102905,29910629596.20244,3804785731.958411,2094301100.28,3332548613.77,486062948.6506834
2023-10-23,87483798027.4072,39024700485.595726,888000000.0,44830166782.102905,29820479925.599712,3773653598.6288366,2094301100.28,3332548613.77,483721450.6506834
2023-10-24,87483798027.16826,39024700485.595726,888000000.0,44830166782.102905,29428395022.52325,3757830172.573205,2077990025.96,3330548613.77,483721450.6506834
2023-10-25,87483798027.16826,39024700485.595726,888000000.0,44830166782.102905,29515398422.02144,3759857426.2639527,2077990025.96,3330548613.77,483721450.6506834
2023-10-26,87483798027.16826,39024700485.595726,888000000.0,44830166782.102905,29452125352.08405,3770321626.181548,2062601048.69,3326648613.77,483721450.6506834
2023-10-27,87483798027.16826,39024700485.595726,888000000.0,44830166782.102905,29331699932.91412,3757361410.395413,2054800199.38,3322148613.77,483721450.6506834
2023-10-28,87483798027.08047,39024700485.595726,888000000.0,44830166782.102905,29338426749.75479,3753139358.185161,2054800199.38,3322148613.77,483721450.6506834
2023-10-29,87483798027.08047,39024700485.595726,888000000.0,44830166782.102905,29382532170.22876,3751017800.11358,2054800199.38,3322148613.77,483721450.6506834
2023-10-30,87483798027.08047,39024700485.595726,888000000.0,44830166782.102905,29259435522.23207,3748290353.630889,2024712771.35,3322148613.77,483721450.6506834
2023-10-31,87483745574.23148,39024648032.74673,888000000.0,44830166782.102905,29067062080.9158,3743956530.773148,2007167372.42,3309148613.77,438824450.6506834
2023-11-01,87483745574.12904,39024648032.74673,888000000.0,44830166782.102905,29065987064.81076,3729641906.872525,1997910344.9,3309148613.77,443824445.8206834
2023-11-02,87483745574.0952,39024648032.74673,888000000.0,44830166782.102905,28792768820.739803,3706890257.4135895,1947831959.94,3309148613.77,453362635.5006834
2023-11-03,88481787274.0738,39022689732.74673,888000000.0,45830166782.102905,28822496296.807457,3706507760.9521422,1896921554.27,3309148613.77,461755303.5206834
2023-11-04,88481787274.05054,39022689732.74673,888000000.0,45830166782.102905,28892673195.270325,3726534991.3641934,1896921554.27,3309148613.77,461755303.5206834
2023-11-05,88481787274.04683,39022689732.74673,888000000.0,45830166782.102905,28922847943.13295,3722846811.392677,1896921554.27,3309148613.77,461755303.5206834
2023-11-06,88481787274.04683,39022689732.74673,888000000.0,45830166782.102905,28766564964.397488,3714712669.6851096,1889901001.12,3304805641.93,461755303.5206834
2023-11-07,88481787274.0468,39022689732.74673,888000000.0,45830166782.102905,28720388585.83544,3693638633.446216,1884986973.36,3301310685.12,461755303.5206834
2023-11-08,88481787274.0468,39022689732.74673,888000000.0,45830166782.102905,28586772623.963127,3685145406.192572,1884986973.36,3301310685.12,461755303.5206834
2023-11-09,89481787273.81778,40022689732.74673,888000000.0,45830166782.102905,28453212254.919743,3706939617.523709,1884986973.36,3316310685.12,461755303.5206834
2023-11-10,90481787273.69836,40022689732.74673,888000000.0,46830166782.102905,28421414497.38927,3714471083.9198966,1880905625.45,3305809822.56,472533274.4406834
2023-11-11,90481787273.49033,40022689732.74673,888000000.0,46830166782.102905,28478739819.517384,3731805592.479272,1880905625.45,3305809822.56,472533274.4406834
2023-11-12,90481787273.49033,40022689732.74673,888000000.0,46830166782.102905,28492481158.450035,3708123104.676039,1877232341.6,3305809822.56,468266502.4406834
2023-11-13,90481787270.09737,40022689732.74673,888000000.0,46830166782.102905,28277128492.44919,3703029235.5324063,1862884425.81,3303508822.56,463488925.47068346
2023-11-14,90481787270.09236,40022689732.74673,888000000.0,46830166782.102905,28114169458.569992,3678048023.022898,1849409290.24,3299105168.87,461560446.47068346
2023-11-15,90481409610.08015,40022312072.75592,888000000.0,46830166782.102905,28365124604.123463,3673862278.4317527,1843971522.89,3289105423.03,460560698.47068346
2023-11-16,90481409610.07973,40022312072.75592,888000000.0,46830166782.102905,28425372189.13184,3665192570.38216,1836300954.8,3285105423.03,456232351.6306834
2023-11-17,90481409610.04274,40022312072.75592,888000000.0,46830166782.102905,28631968679.164303,3651666363.264626,1807994616.8,3275202249.83,454232351.6306834
2023-11-18,90481409610.04243,40022312072.75592,888000000.0,46830166782.102905,28673421590.78706,3642603448.0775223,1807994616.8,3275202249.83,454232351.6306834
2023-11-19,90481409609.11604,40022312072.75592,888000000.0,46830166782.102905,28717932822.679665,3639684987.3676615,1802901141.08,3275202249.83,454232351.6306834
2023-11-20,90481409608.494,40022312072.75592,888000000.0,46830166782.102905,28780274984.9642,3641172061.2818575,1797675945.58,3263844935.43,451921526.6306834
2023-11-21,90472671145.5448,40013573614.473495,888000000.0,46830166782.102905,28654996827.66174,3648485034.340501,1782753082.58,3246283770.23,451921526.6306834
2023-11-22,91468268697.3556,40013573614.473495,888000000.0,47829516754.459885,28645430434.2946,3639522975.0660863,1752882402.18,3242080590.03,448212765.5106834
2023-11-23,91468082383.8356,40013387300.95349,888000000.0,47829516754.459885,28679015654.30284,3637212901.038947,1752882402.18,3170080590.03,448212765.5106834
2023-11-24,91468082383.8351,40013387300.95349,888000000.0,47829516754.459885,28935947684.58059,3663463196.680978,1740413131.59,3138080590.03,448212765.5106834
2023-11-25,91468082383.79613,40013387300.95349,888000000.0,47829516754.459885,28936012768.313087,3666523441.493927,1740413131.59,3138080590.03,448212765.5106834
2023-11-26,91468082382.74638,40013387300.95349,888000000.0,47829516754.459885,28883323196.28829,3668639514.534652,1740413131.59,3138080590.03,448212765.5106834
2023-11-27,92468082382.73616,41013387300.95349,888000000.0,47829516754.459885,28660885689.83925,3663404318.7144,1704835817.12,3134628347.83,448212765.5106834
2023-11-28,92468082382.6036,41013387300.95349,888000000.0,47829516754.459885,28753597551.197086,3660072369.8102937,1690986214.12,3052626347.83,448212765.5106834
2023-11-29,92468082382.47057,41013387300.95349,888000000.0,47829516754.459885,28671049054.157616,3665936807.230333,1687415936.32,2929626347.83,446640156.5106834
2023-11-30,92468082382.46622,41013387300.95349,888000000.0,47829516754.459885,28727061863.072613,3662281742.400404,1666535525.37,2924619131.63,446640156.5106834
2023-12-01,92468082382.46504,41013387300.95349,888000000.0,47829516754.459885,28801375461.74708,3670939622.79834,1657939552.24,2922619131.63,446640156.5106834
2023-12-02,92468082382.43465,41013387300.95349,888000000.0,47829516754.459885,28759986597.59396,3665157270.0517273,1653181240.02,2922619131.63,446640156.5106834
2023-12-03,92468082382.4228,41013387300.95349,888000000.0,47829516754.459885,28739935687.793736,3675136642.7477326,1653181240.02,2922619131.63,446640156.5106834
2023-12-04,92468082382.36002,41013387300.95349,888000000.0,47829516754.459885,28595866202.24574,3678439818.121598,1622180551.69,2818719131.63,446640156.5106834
2023-12-05,92467211104.72946,41013387300.95349,888000000.0,47828645476.88081,28507406386.021355,3678113003.058305,1599319108.67,2815719131.63,441182132.97068346
2023-12-06,92467211104.7054,41013387300.95349,888000000.0,47828645476.88081,28490878532.89212,3673312010.722345,1580633036.33,2813236746.43,441182132.97068346
2023-12-07,92467211103.59248,41013387300.95349,888000000.0,47828645476.88081,28550280051.136784,3678838248.140781,1538463941.38,2608236746.43,441182132.97068346
2023-12-08,92467211103.58904,41013387300.95349,888000000.0,47828645476.88081,28626226069.318493,3678297781.07283,1506460306.38,2599717494.43,428956784.4006834
2023-12-09,92467211103.44882,41013387300.95349,888000000.0,47828645476.88081,28672442399.74918,3677357147.0831537,1506460306.38,2599717494.43,428956784.4006834
2023-12-10,92467211103.43729,41013387300.95349,888000000.0,47828645476.88081,28630538085.28495,3674600547.821412,1506460306.38,2599717494.43,428956784.4006834
2023-12-11,93467211102.97668,41013387300.95349,888000000.0,48828645476.88081,28240036507.915585,3659179137.400232,1461404665.54,2587089799.03,425038882.9406834
2023-12-12,93467211102.97664,41013387300.95349,888000000.0,48828645476.88081,28119729609.537582,3640225362.765339,1461404665.54,2577757036.83,415038882.8006834
2023-12-13,93467211102.94206,41013387300.95349,888000000.0,48828645476.88081,28357064677.50057,3634617510.984853,1260859422.74,2573267036.83,382560465.8206834
2023-12-14,93467211102.53725,41013387300.95349,888000000.0,48828645476.88081,28508672718.89536,3648023852.3983,1255631359.9,2429637036.83,382560465.8206834
2023-12-15,93467211102.53236,41013387300.95349,888000000.0,48828645476.88081,28599397663.843063,3636337624.359927,1205663333.72,2409637036.83,369946003.66068345
2023-12-16,93467211102.53229,41013387300.95349,888000000.0,48828645476.88081,28628828503.78231,3680780841.017674,1205663333.72,2409637036.83,369946003.66068345
2023-12-17,93467211102.39154,41013387300.95349,888000000.0,48828645476.88081,28569600182.51156,3673224409.829128,1205663333.72,2409637036.83,369946003.66068345
2023-12-18,93467211102.39136,41013387300.95349,888000000.0,48828645476.88081,28641598729.62038,3689076970.179546,1195609145.22,2383637036.83,369946003.66068345
2023-12-19,93461188902.12866,41007823219.96743,888000000.0,48828187358.1574,28702343393.69779,3695595006.00386,1018082918.0,2403986036.83,369946003.66068345
2023-12-20,93461188902.06712,41007823219.96743,888000000.0,48828187358.1574,28813850903.85469,3701730183.107193,1012910263.59,2403486187.63,369946003.66068345
2023-12-21,93461188901.98586,41007823219.96743,888000000.0,48828187358.1574,28692003487.08052,3721754171.434736,1012910263.59,2398376187.63,369946003.66068345
2023-12-22,93461188901.97862,41007823219.96743,888000000.0,48828187358.1574,28926621015.27553,3733627638.583208,1012420558.12,2398376187.63,371353851.8606834
2023-12-23,93461188901.86668,41007823219.96743,888000000.0,48828187358.1574,28921326486.752487,3742981910.1027255,1012420558.12,2398376187.63,371353851.8606834
2023-12-24,93461188419.44324,41007823219.96743,888000000.0,48828187358.1574,28921725284.26376,3746311670.188181,1012420558.12,2398376187.63,371353851.8606834
2023-12-25,94461188419.37167,42007823219.96743,888000000.0,48828187358.1574,28851167570.135715,3745876632.761923,1012420558.12,2398376187.63,371353851.8606834
2023-12-26,94461188419.11896,42007823219.96743,888000000.0,48828187358.1574,28516931283.451744,3719184255.284151,1011014702.7,2380890162.43,371353851.8606834
2023-12-27,94461188417.17056,42007823219.96743,888000000.0,48828187358.1574,28602938694.16928,3736312387.8523626,1010937982.79,2375890162.43,371353851.8606834
2023-12-28,94461188414.93886,42007823219.96743,888000000.0,48828187358.1574,28634462320.97633,3725793805.496152,1010937982.79,2375890162.43,371353851.8606834
2023-12-29,94461188414.8748,42007823219.96743,888000000.0,48828187358.1574,28535902083.923027,3727700817.310453,1010937982.79,2276890162.43,372639106.35068345
2023-12-30,94461188413.97066,42007823219.96743,888000000.0,48828187358.1574,28435782675.903847,3716144352.883713,1010937982.79,2276890162.43,372639106.35068345
2023-12-31,94461188413.89558,42007823219.96743,888000000.0,48828187358.1574,28279285537.771828,3698612634.128412,1010937982.79,2276890162.43,372639106.35068345
2024-01-01,94461188413.17882,42007823219.96743,888000000.0,48828187358.1574,28349599866.592213,3715936931.109233,1010937982.79,2276890162.43,372639106.35068345
2024-01-02,94461188412.7494,42007823219.96743,888000000.0,48828187358.1574,28549678094.78118,3743256243.762452,1010628712.91,2271890162.43,369235767.0906834
2024-01-03,94461188205.95335,42007823219.96743,888000000.0,48828187358.1574,28743313026.98513,3755814976.13348,1010628712.91,2271890162.43,369235767.0906834
2024-01-04,96461188205.9241,43007823219.96743,888000000.0,49828187358.1574,28858103144.040768,3751234043.5259776,995422131.02,2269587400.23,369235767.0906834
2024-01-05,96461188204.93152,43007823219.96743,888000000.0,49828187358.1574,29118776505.646,3760350974.0681753,925372801.02,2164587400.23,370787665.10068345
2024-01-06,96461188204.51984,43007823219.96743,888000000.0,49828187358.1574,29140538685.4318,3756064387.036297,925372801.02,2164587400.23,370787665.10068345
2024-01-07,96461188204.46877,43007823219.96743,888000000.0,49828187358.1574,29131010898.81225,3766427257.8459783,925372801.02,2164587400.23,370787665.10068345
2024-01-08,96461090826.32944,43007725841.82894,888000000.0,49828187358.1574,29108234241.03881,3781410966.166446,775136119.74,2157953388.03,368059190.4306834
2024-01-09,97461090826.30276,44007725841.82894,888000000.0,49828187358.1574,28967722905.72544,3767219044.362305,625137604.74,2140695014.83,368059190.4306834
2024-01-10,97461090825.25464,44007725841.82894,888000000.0,49828187358.1574,29025342230.90825,3776753805.795296,625062820.38,2104351628.43,368059190.4306834
2024-01-11,97461090824.57591,44007725841.82894,888000000.0,49828187358.1574,28999750361.96878,3741682476.962608,575062604.44,2022128548.23,367057346.8406834
2024-01-12,98461090824.56256,44007725841.82894,888000000.0,50828187358.1574,29098165159.04913,3714517928.826303,535061845.14,2017128560.23,367057346.8406834
2024-01-13,98461090824.55534,44007725841.82894,888000000.0,50828187358.1574,29189576380.237152,3723455535.394256,535061845.14,2017128560.23,367057346.8406834
2024-01-14,98461090823.8798,44007725841.82894,888000000.0,50828187358.1574,29193438981.7926,3697029224.653759,535061845.14,2017128560.23,367057346.8406834
2024-01-15,98461090823.86037,44007725841.82894,888000000.0,50828187358.1574,29163178339.137875,3699610816.6581216,519884713.92,1892128572.23,367057346.8406834
2024-01-16,98460777242.6334,44007725841.82894,888000000.0,50827873777.47533,29128263116.09032,3695687609.338662,414761111.03,1878504695.03,362787787.3206834
2024-01-17,98459767262.5097,44006715861.82894,888000000.0,50827873777.47533,29403900293.57104,3697252977.46936,314744847.31,1878504695.03,363343534.4006834
2024-01-18,98459767262.5097,44006715861.82894,888000000.0,50827873777.47533,29294528067.30925,3685938500.799755,149740151.83,1876325695.03,363343534.4006834
2024-01-19,98458899107.44072,44005847706.82894,888000000.0,50827873777.47533,29213249984.69286,3737281590.615477,99431339.48,1871260524.83,363343534.4006834
2024-01-20,98458899107.25446,44005847706.82894,888000000.0,50827873777.47533,29382989764.10929,3693717663.3007927,99431339.48,1871260524.83,363343534.4006834
2024-01-21,98458899106.90697,44005847706.82894,888000000.0,50827873777.47533,29425712086.85768,3690159889.179393,99431339.48,1871260524.83,363343534.4006834
2024-01-22,98458898468.11986,44005847706.82894,888000000.0,50827873777.47533,29297252972.723515,3680781487.873281,99431339.48,1871260524.83,363343534.4006834
2024-01-23,98458898468.11984,44005847706.82894,888000000.0,50827873777.47533,29349131909.611336,3691488391.781383,99431339.48,1832802539.63,363343534.4006834
2024-01-24,98458898466.42374,44005847706.82894,888000000.0,50827873777.47533,29477749493.83349,3712651712.24694,99431339.48,1830896321.43,363343534.4006834
2024-01-25,98458898465.76929,44005847706.82894,888000000.0,50827873777.47533,29615616270.01536,3732697288.343473,99431339.48,1830896321.43,356851106.2006834
2024-01-26,98458898461.85805,44005847706.82894,888000000.0,50827873777.47533,29712405389.58447,3739740573.996667,99431339.48,1586297636.5,356851106.2006834
2024-01-27,98458898461.40466,44005847706.82894,888000000.0,50827873777.47533,29731440542.70781,3738758286.26746,99431339.48,1586297636.5,356851106.2006834
2024-01-28,98458898461.31042,44005847706.82894,888000000.0,50827873777.47533,29759389861.42413,3735443615.376655,99431339.48,1586297636.5,356851106.2006834
2024-01-29,99458898460.41351,44005847706.82894,888000000.0,51827873777.47533,30020043006.70141,3712598926.982968,99431339.48,1586297636.5,356851106.2006834
2024-01-30,99458898460.30122,44005847706.82894,888000000.0,51827873777.47533,30235761175.58753,3875673564.6862,99431339.48,1455297636.5,352851006.2006834
2024-01-31,99458898460.16542,44005847706.82894,888000000.0,51827873777.47533,30226293707.6432,3673643191.100331,99431339.48,1455297636.5,352851006.2006834
2024-02-01,99458898460.16536,44005847706.82894,888000000.0,51827873777.47533,30183336170.255783,3668513287.830764,99431339.48,1455297636.5,352851006.2006834
2024-02-02,99458898460.16536,44005847706.82894,888000000.0,51827873777.47533,30342253429.49918,3655193297.581343,99431339.48,1455297636.5,352851006.2006834
2024-02-03,99458898460.1214,44005847706.82894,888000000.0,51827873777.47533,30401265540.060726,3660025827.500488,99431339.48,1455297636.5,352851006.2006834
2024-02-04,99458898460.11052,44005847706.82894,888000000.0,51827873777.47533,30444626905.523308,3660400568.429349,99431339.48,1455297636.5,352851006.2006834
2024-02-05,99458898460.11052,44005847706.82894,888000000.0,51827873777.47533,30374710345.52785,3625062325.571112,99431339.48,1455297636.5,352851006.2006834
2024-02-06,99458755372.18146,44005847706.82894,888000000.0,51827730689.640686,30655978103.99437,3643742278.1737833,99431339.48,1455297636.5,352851006.2006834
2024-02-07,99458755372.08618,44005847706.82894,888000000.0,51827730689.640686,30830324263.224472,3635891496.927835,99431339.48,1455296636.5,352851006.2006834
2024-02-08,99458755372.08618,44005847706.82894,888000000.0,51827730689.640686,31049127669.79461,3635089099.9141154,84511463.89,1455296636.5,352851006.2006834
2024-02-09,99458755372.08618,44005847706.82894,888000000.0,51827730689.640686,31244344013.80794,3653434566.324597,84511463.89,1455296636.5,352851006.2006834
2024-02-10,99458755372.086,44005847706.82894,888000000.0,51827730689.640686,31273801593.24788,3672709439.393477,84511463.89,1455296636.5,352851006.2006834
2024-02-11,99458755371.30498,44005847706.82894,888000000.0,51827730689.640686,31247323403.66728,3689147813.880408,84511463.89,1455296636.5,352851006.2006834
2024-02-12,99458755371.30392,44005847706.82894,888000000.0,51827730689.640686,31130278655.08197,3658872521.2367535,84511463.89,1255296636.5,302851006.2006834
2024-02-13,99458755370.91351,44005847706.82894,888000000.0,51827730689.640686,31114019274.7088,3652415630.734072,84511463.89,1255196636.5,252851007.7006834
2024-02-14,99458755370.91064,44005847706.82894,888000000.0,51827730689.640686,31251328643.17638,3656814422.390232,84511463.89,1255196636.5,236451166.98068345
2024-02-15,99458207924.2674,44005847706.82894,888000000.0,51827183243.29375,28040971499.236862,3687824993.357293,84511463.89,1255196636.5,215345760.90068343
2024-02-16,99458207924.2674,44005847706.82894,888000000.0,51827183243.29375,28040016349.871277,3665070304.86209,84511463.89,1255196636.5,215345760.90068343
2024-02-17,99458207924.2674,44005847706.82894,888000000.0,51827183243.29375,28046904538.21047,3677283893.5068784,84511463.89,1255196636.5,215345760.90068343
2024-02-18,99458207924.26694,44005847706.82894,888000000.0,51827183243.29375,27999045446.393986,3685766490.766349,84511463.89,1255296636.5,215345760.90068343
2024-02-19,99458207924.25888,44005847706.82894,888000000.0,51827183243.29375,27969438213.400475,3709338764.2493615,84511463.89,1255296636.5,215345760.90068343
2024-02-20,100458207924.25746,45005847706.82894,888000000.0,51827183243.29375,27942297072.243862,3689423534.913472,84511463.89,1255296636.5,215345760.90068343
2024-02-21,100458207924.25533,45005847706.82894,888000000.0,51827183243.29375,28003191612.57723,3684413207.139183,84511463.89,1255296636.5,215345760.90068343
2024-02-22,100458207924.2553,45005847706.82894,888000000.0,51827183243.29375,27941204425.194782,3657482655.73486,84511463.89,1255296636.5,215345760.90068343
2024-02-23,101458207924.2553,45005847706.82894,888000000.0,52827183243.29375,28033408298.29661,3677065008.143701,84511463.89,1255296636.5,215345760.90068343
2024-02-24,101458207924.25516,45005847706.82894,888000000.0,52827183243.29375,28040438359.962444,3695307673.74762,84511463.89,1255296636.5,215345760.90068343
2024-02-25,101458207924.25514,45005847706.82894,888000000.0,52827183243.29375,28076032839.24279,3697330162.7558103,84511463.89,1255296636.5,215345760.90068343
2024-02-26,101458207924.25496,45005847706.82894,888000000.0,52827183243.29375,28366482333.9127,3714274129.066365,84511463.89,1255295631.7,207754730.88068345
2024-02-27,101458207924.25468,45005847706.82894,888000000.0,52827183243.29375,28376133892.9754,3684252554.151652,84511463.89,1255295631.7,207754730.88068345
2024-02-28,101458207924.25404,45005847706.82894,888000000.0,52827183243.29375,28481441513.70628,3599710553.5309625,84511463.89,1255295631.7,207754730.88068345
2024-02-29,101458207924.25388,45005847706.82894,888000000.0,52827183243.29375,28562913107.902267,3626378224.477894,84511463.89,1255295631.7,202801071.74068344
2024-03-01,101458207924.2532,45005847706.82894,888000000.0,52827183243.29375,28798911751.57205,3464223679.1732035,84511463.89,1255295631.7,202801071.74068344
2024-03-02,101458207924.25194,45005847706.82894,888000000.0,52827183243.29375,28788583395.29678,3405628852.4664483,84511463.89,1255295631.7,202801071.74068344
2024-03-03,102658207924.22612,46005847706.82894,888000000.0,52827183243.29375,28766335984.10697,3421960590.3867893,84511463.89,1255295631.7,202801071.74068344
2024-03-04,103658207924.21924,46005847706.82894,888000000.0,53827183243.29375,28609003172.248253,3388040106.062971,84511463.89,1255295631.7,202801071.74068344
2024-03-05,103658207924.21169,46005847706.82894,888000000.0,53827183243.29375,28492043272.745743,3209445229.7012386,84511463.89,1255295631.7,202801071.74068344
2024-03-06,103655252004.88864,46002891787.51288,888000000.0,53827183243.29375,28841029130.47193,3394848211.896794,84511463.89,1255295631.7,202801071.74068344
2024-03-07,103655252004.84792,46002891787.51288,888000000.0,53827183243.29375,28938604120.526047,3227832646.532999,84511463.89,1255295631.7,202801071.74068344
2024-03-08,104655252004.84792,47002891787.51288,888000000.0,53827183243.29375,29484032552.898853,3182065777.4172177,84511463.89,1255295631.7,202801071.74068344
2024-03-09,106655252000.648,49002891787.51288,888000000.0,53827183243.29375,29527570366.6307,3189531706.5471263,84511463.89,1255295631.7,202801071.74068344
2024-03-10,106655252000.648,49002891787.51288,888000000.0,53827183243.29375,29912214280.685177,3268179851.407844,84511463.89,1255295631.7,202801071.74068344
2024-03-11,106655252000.648,49002891787.51288,888000000.0,53827183243.29375,30222960282.74193,3227309782.26675,84511463.89,1255295631.7,202801071.74068344
2024-03-12,106655252000.57117,49002891787.51288,888000000.0,53827183243.29375,30151229240.14146,3195512017.942692,84511463.89,1255295631.7,188832295.81068343
2024-03-13,106653664155.4961,49002046293.643936,888000000.0,53826440892.12974,30438197775.34697,3213240741.477484,84511463.89,1255295631.7,188832295.81068343
2024-03-14,106653664155.3555,49002046293.643936,888000000.0,53826440892.12974,30294428082.01217,3189855595.128064,84511463.89,1255295631.7,188832295.81068343
2024-03-15,106650944359.45886,48999356520.37353,888000000.0,53826417157.70974,30663412198.082794,3269323246.639985,84511463.89,1105295631.7,188832295.81068343
2024-03-16,106650944359.45844,48999356520.37353,888000000.0,53826417157.70974,30745792713.89383,3256204494.4220915,84511463.89,1105295631.7,188832295.81068343
2024-03-17,106650944359.45844,48999356520.37353,888000000.0,53826417157.70974,30682943033.17961,3222064892.213872,84511463.89,1105295631.7,188832295.81068343
2024-03-18,106650944359.45844,48999356520.37353,888000000.0,53826417157.70974,31003771371.95741,3232934001.653533,84511463.89,1105295631.7,179387756.98068342
2024-03-19,107650944359.45844,48999356520.37353,888000000.0,54826417157.70974,30899913254.748924,3233851351.0830774,84511463.89,955295631.7,179387756.98068342
2024-03-20,107650944359.45844,48999356520.37353,888000000.0,54826417157.70974,31029000587.55881,3221705852.722112,84511463.89,805295631.7,179387756.98068342
2024-03-21,107650744359.45844,48999156520.37353,888000000.0,54826417157.70974,31527011790.11026,3200995355.0612607,84511463.89,655295631.7,174421975.40068343
2024-03-22,107650744359.45844,48999156520.37353,888000000.0,54826417157.70974,31746436935.09455,3217372433.4657598,84511463.89,579295631.7,174421975.40068343
2024-03-23,107650744359.45844,48999156520.37353,888000000.0,54826417157.70974,31760205591.36678,3245186941.520152,84511463.89,579295631.7,174421975.40068343
2024-03-24,107650744359.45844,48999156520.37353,888000000.0,54826417157.70974,31753032519.07624,3258209489.541841,84511463.89,579295631.7,174421975.40068343
2024-03-25,107650744359.45844,48999156520.37353,888000000.0,54826417157.70974,31972311883.325043,3238787459.312712,84511463.89,579295631.7,155433356.71068344
2024-03-26,107650744359.4556,48999156520.37353,888000000.0,54826417157.70974,32018115982.43368,3243883219.2992854,84511463.89,579295631.7,147734648.71068344
2024-03-27,107650744359.19092,48999156520.37353,888000000.0,54826417157.70974,31820035340.669807,3198767133.121626,84511463.89,459296631.7,147734648.71068344
2024-03-28,107650744359.18304,48999156520.37353,888000000.0,54826417157.70974,32174883005.78593,3207359104.460344,84511463.89,461296631.7,147734648.71068344
2024-03-29,107650744359.18304,48999156520.37353,888000000.0,54826417157.70974,32207696241.812813,3230514108.6624346,84511463.89,461296631.7,147734648.71068344
2024-03-30,107650744359.18304,48999156520.37353,888000000.0,54826417157.70974,32213029735.21476,3240479020.5385265,84511463.89,461296631.7,147734648.71068344
2024-03-31,107650744359.16344,48999156520.37353,888000000.0,54826417157.70974,32209128324.18464,3231351034.221431,84511463.89,461296631.7,147734648.71068344
2024-04-01,107650744359.16344,48999156520.37353,888000000.0,54826417157.70974,32279848922.95195,3236544352.491834,84511463.89,461296631.7,147734648.71068344
2024-04-02,108800744359.1563,48999156520.37353,888000000.0,55826417157.70974,32692317802.04906,3270817838.3875484,70511463.89,461296631.7,147734648.72068343
2024-04-03,109800744359.08595,48999156520.37353,888000000.0,56826417157.70974,32686034497.758583,3261056804.9356027,70511463.89,461541631.7,147734648.72068343
2024-04-04,109800744359.08595,48999156520.37353,888000000.0,56826417157.70974,32762968387.302246,3271498472.9464693,70511463.89,461541631.7,147734648.72068343
2024-04-05,110800744359.08595,49999156520.37353,888000000.0,56826417157.70974,32653565146.23321,3270299237.038557,70511463.89,461541631.7,147734648.72068343
2024-04-06,110800744359.07349,49999156520.37353,888000000.0,56826417157.70974,32688925227.92292,3271002990.8278847,70511463.89,461541631.7,147734648.72068343
2024-04-07,110800744359.01147,49999156520.37353,888000000.0,56826417157.70974,32694933422.35613,3282608454.419285,70511463.89,461541631.7,147734648.72068343
2024-04-08,110800744359.01147,49999156520.37353,888000000.0,56826417157.70974,32469223743.76508,3278296918.954515,70511463.89,461541631.7,147734648.72068343
2024-04-09,110799177836.79694,49999156520.37353,888000000.0,56824850635.49519,32135937181.767136,3225305952.1103086,70511463.89,461541631.7,147734648.72068343
2024-04-10,110799177836.79694,49999156520.37353,888000000.0,56824850635.49519,32027488303.98706,3240951144.1227946,70511463.89,461541631.7,139745787.26068342
2024-04-11,110799177836.79694,49999156520.37353,888000000.0,56824850635.49519,32065459994.59804,3248254868.0677886,70511463.89,476541631.7,139745787.26068342
2024-04-12,110799177836.79694,49999156520.37353,888000000.0,56824850635.49519,31777292468.93763,3273169952.174594,70511463.89,476541631.7,139745787.26068342
2024-04-13,110799177836.79694,49999156520.37353,888000000.0,56824850635.49519,32231095487.00668,3294170251.719305,70511463.89,476541631.7,139745787.26068342
2024-04-14,110799177836.77446,49999156520.37353,888000000.0,56824850635.49519,32129408153.724728,3315127997.381058,70511463.89,476541631.7,139745787.26068342
2024-04-15,110799177836.77426,49999156520.37353,888000000.0,56824850635.49519,32238144499.808346,3266629239.390219,70511463.89,476541631.7,139745787.26068342
2024-04-16,111799177836.77426,49999156520.37353,888000000.0,57824850635.49519,32398837803.083805,3285154206.9002776,70511463.89,476541631.7,139745787.26068342
2024-04-17,111799177836.77426,49999156520.37353,888000000.0,57824850635.49519,32359627401.84844,3258644204.3895845,70511463.89,476541631.7,134748540.27068344
2024-04-18,111799177836.77426,49999156520.37353,888000000.0,57824850635.49519,32845931877.90567,3236509387.603577,70511463.89,476541631.7,134748540.27068344
2024-04-19,112799177836.77426,50999156520.37353,888000000.0,57824850635.49519,33668175507.871586,3234522493.197403,70511463.89,476541631.7,134748540.27068344
2024-04-20,112799177836.75374,50999156520.37353,888000000.0,57824850635.49519,33717886573.445145,3237000988.659458,70511463.89,476541631.7,134748540.27068344
2024-04-21,112799177836.75374,50999156520.37353,888000000.0,57824850635.49519,33697596270.03159,3240315216.3628206,70511463.89,476541631.7,134748540.27068344
2024-04-22,112799177836.75374,50999156520.37353,888000000.0,57824850635.49519,33574564311.041443,3244995786.966033,70511463.89,476541631.7,138777747.27068344
2024-04-23,112798679684.02316,50998658367.64296,888000000.0,57824850635.49519,33416921240.92776,3250421700.598875,70511463.89,476541631.7,138777747.27068344
2024-04-24,112798679684.02316,50998658367.64296,888000000.0,57824850635.49519,33178658339.158543,3204850764.2139025,70511463.89,476541631.7,138777747.27068344
2024-04-25,112798679684.02316,50998658367.64296,888000000.0,57824850635.49519,33051173014.974564,3187733442.7553844,70511463.89,476541631.7,138777747.27068344
2024-04-26,112948679684.02316,50998658367.64296,888000000.0,57824850635.49519,33129993560.916557,3209496806.9628625,70511463.89,476541631.7,138777747.27068344
2024-04-27,112948679684.02316,50998658367.64296,888000000.0,57824850635.49519,33144732189.745457,3215560754.2561355,70511463.89,476541631.7,148253494.78068343
2024-04-28,112948679684.02316,50998658367.64296,888000000.0,57824850635.49519,33144264648.0058,3199065194.858344,70511463.89,476541631.7,148253494.78068343
2024-04-29,112948679683.9956,50998658367.64296,888000000.0,57824850635.49519,32967851512.87444,3196649202.34358,70511463.89,476541631.7,148253494.78068343
2024-04-30,112948679683.9956,50998658367.64296,888000000.0,57824850635.49519,32803911369.9901,3183564501.12161,70511463.89,476541631.7,148253494.78068343
2024-05-01,112948679683.9876,50998658367.64296,888000000.0,57824850635.49519,32646373934.405502,3173067448.442867,70511463.89,476541631.7,148253494.78068343
2024-05-02,112948679683.9165,50998658367.64296,888000000.0,57824850635.49519,32773659911.49348,3182800627.431666,70511463.89,476541631.7,148253494.78068343
2024-05-03,112948679683.9165,50998658367.64296,888000000.0,57824850635.49519,33071703491.92303,3218636376.736576,70511463.89,476541631.7,148253494.78068343
2024-05-04,112948679683.89668,50998658367.64296,888000000.0,57824850635.49519,33187061221.734947,3215108572.283642,70511463.89,476541631.7,148253494.78068343
2024-05-05,112948679683.89668,50998658367.64296,888000000.0,57824850635.49519,33218576514.557976,3228653549.935525,70511463.89,476541631.7,148253494.78068343
2024-05-06,112948679683.794,50998658367.64296,888000000.0,57824850635.49519,32854167915.10377,3255092811.029387,70511463.89,476541631.7,143253495.78068343
2024-05-07,112948679683.60686,50998658367.64296,888000000.0,57824850635.49519,32899809871.28354,3268873806.161607,70511463.89,476541631.7,143253495.78068343
2024-05-08,112948679683.48376,50998658367.64296,888000000.0,57824850635.49519,32707214260.419525,3283728539.7812862,70511463.89,476541631.7,143253495.78068343
2024-05-09,112948679683.48376,50998658367.64296,888000000.0,57824850635.49519,32721009368.227383,3290984024.599656,70511463.89,476541631.7,143253495.78068343
2024-05-10,112948679412.33778,50998658367.64296,888000000.0,57824850635.49519,32731127738.547905,3280398369.847047,70511463.89,476541631.7,143253495.78068343
2024-05-11,112948679412.2998,50998658367.64296,888000000.0,57824850635.49519,32745143357.606438,3282417496.164282,70511463.89,476541631.7,143253495.78068343
2024-05-12,112948679412.2637,50998658367.64296,888000000.0,57824850635.49519,32734129336.352474,3278883389.085236,70511463.89,476541631.7,143253495.78068343
2024-05-13,112948679412.25844,50998658367.64296,888000000.0,57824850635.49519,32754576235.28985,3293070219.3355,70511463.89,476541631.7,145732288.66068342
2024-05-14,112948679412.25844,50998658367.64296,888000000.0,57824850635.49519,32534091494.1997,3251752912.9457207,70511463.89,476542632.7,145732288.66068342
2024-05-15,112948679405.82484,50998658367.64296,888000000.0,57824850635.49519,32867186412.670063,3270563353.786116,70511463.89,476542632.7,145732288.66068342
2024-05-16,113948679405.82484,50998658367.64296,888000000.0,58824850635.49519,32924717452.592407,3237825402.604477,70511463.89,477199061.48,145732288.66068342
2024-05-17,113948679405.79652,50998658367.64296,888000000.0,58824850635.49519,33032571114.343742,3230912082.423588,70511463.89,477199061.48,145732288.66068342
2024-05-18,113948679405.78964,50998658367.64296,888000000.0,58824850635.49519,33096557038.70091,3233096696.4412527,70511463.89,477199061.48,145732288.66068342
2024-05-19,113948679405.78133,50998658367.64296,888000000.0,58824850635.49519,33051798076.65585,3234897095.172944,70511463.89,477199061.48,145732288.66068342
2024-05-20,113948679405.75606,50998658367.64296,888000000.0,58824850635.49519,32903046893.23764,3310134466.281367,70511463.89,477199061.48,145732288.66068342
2024-05-21,114948679387.82803,51998658367.64296,888000000.0,58824850635.49519,32824590295.11724,3314841899.821287,70511463.89,477199061.48,145732288.66068342
2024-05-22,114948679387.5487,51998658367.64296,888000000.0,58824850635.49519,32747623489.01229,3318500664.145054,70511463.89,477199061.48,145732288.66068342
2024-05-23,114948679387.37946,51998658367.64296,888000000.0,58824850635.49519,32367633806.73167,3305616782.896944,70511463.89,476199062.28,145732288.66068342
2024-05-24,114948679387.2676,51998658367.64296,888000000.0,58824850635.49519,32332664425.63447,3308760716.564923,70511463.89,475258609.09,145732288.66068342
2024-05-25,114948679382.1897,51998658367.64296,888000000.0,58824850635.49519,32290142213.13545,3308275328.4717,70511463.89,475258609.09,145732288.66068342
2024-05-26,114948679382.1854,51998658367.64296,888000000.0,58824850635.49519,32199291279.722595,3277602280.4191484,70511463.89,475258609.09,145732288.66068342
2024-05-27,114948679382.15942,51998658367.64296,888000000.0,58824850635.49519,32094964705.464203,3321057448.1693263,70511463.89,473258609.89,145732288.66068342
2024-05-28,114948679361.93788,51998658367.64296,888000000.0,58824850635.49519,31848384113.03779,3282687485.7759705,70511463.89,471258612.29,145732288.66068342
2024-05-29,114948679360.40993,51998658367.64296,888000000.0,58824850635.49519,31877208553.17637,3263432372.439841,70511463.89,469258616.29,145732288.66068342
2024-05-30,114948679358.51495,51998658367.64296,888000000.0,58824850635.49519,32021118378.831203,3295834009.596904,70511463.89,468258617.09,145732288.66068342
2024-05-31,114948679358.51495,51998658367.64296,888000000.0,58824850635.49519,32022243068.75058,3262350869.0686364,70511463.89,468258617.09,145732288.66068342
2024-06-01,114948679358.35258,51998658367.64296,888000000.0,58824850635.49519,32013833521.502186,3271925416.008085,70511463.89,468258617.09,145732288.66068342
2024-06-02,114948679358.35255,51998658367.64296,888000000.0,58824850635.49519,31990319127.939373,3255211023.322149,70511463.89,468258617.09,145732288.66068342
2024-06-03,114948679358.35255,51998658367.64296,888000000.0,58824850635.49519,31910718339.676075,3248291340.881312,70511463.89,467258617.89,145732288.66068342
2024-06-04,114948679358.32256,51998658367.64296,888000000.0,58824850635.49519,31974283060.153343,3256735849.44278,70511463.89,466258618.69,145732288.66068342
2024-06-05,114948217054.88524,51998545629.54875,888000000.0,58824527829.56028,32051323985.7301,3308746230.894378,70511463.89,465758619.49,145732288.66068342
2024-06-06,114948217054.82771,51998545629.54875,888000000.0,58824527829.56028,32226934530.56614,3277099121.517651,70511463.89,465258620.29,141806654.12068343
2024-06-07,114948217054.56468,51998545629.54875,888000000.0,58824527829.56028,31860191529.45769,3302986800.024662,70511463.89,464758621.09,140732274.66068342
2024-06-08,114948217040.91164,51998545629.54875,888000000.0,58824527829.56028,31810330524.8633,3284498107.209146,70511463.89,464758621.09,140732274.66068342
2024-06-09,114948217040.75323,51998545629.54875,888000000.0,58824527829.56028,31802805642.01609,3291076909.8258133,70511463.89,464758621.09,140732274.66068342
2024-06-10,114948217040.71248,51998545629.54875,888000000.0,58824527829.56028,31672012060.050133,3324162094.4797063,70511463.89,464258621.89,135769150.66068342
2024-06-11,114948217040.19838,51998545629.54875,888000000.0,58824527829.56028,31658423991.992264,3333693885.002758,70511463.89,463758622.69,135769150.66068342
2024-06-12,114948217035.1381,51998545629.54875,888000000.0,58824527829.56028,31871768309.27709,3331454999.5684447,70511463.89,463258624.29,135769150.66068342
2024-06-13,114947448599.98907,51998167294.240746,888000000.0,58824137729.8336,32034482327.170387,3288607677.896532,70511463.89,463258624.29,135769150.66068342
2024-06-14,114947448599.88818,51998167294.240746,888000000.0,58824137729.8336,32054864372.074017,3267556783.515118,70511463.89,463258624.29,136400339.79068342
2024-06-15,115947448599.8116,51998167294.240746,888000000.0,59824137729.8336,32091466384.13937,3280786950.28109,70511463.89,463258624.29,136400339.79068342
2024-06-16,115947448563.9209,51998167294.240746,888000000.0,59824137729.8336,32128033238.972797,3274507027.2367225,70511463.89,463258624.29,136400339.79068342
2024-06-17,115947448563.9206,51998167294.240746,888000000.0,59824137729.8336,32081298195.351276,3291479872.1027827,70511463.89,463258624.29,136400339.79068342
2024-06-18,115947448563.88544,51998167294.240746,888000000.0,59824137729.8336,32347175910.0166,3290485159.827646,70511463.89,463258624.29,136400339.79068342
2024-06-19,115944960223.35696,51997224831.395744,888000000.0,59822591852.30171,32330015217.44117,3289000205.974324,70511463.89,463258624.29,136400339.79068342
2024-06-20,115944910466.4754,51997224831.395744,888000000.0,59822542095.42163,32124652737.661724,3221929635.580078,70511463.89,463258624.29,136400339.79068342
2024-06-21,115942035427.64977,51996038110.35136,888000000.0,59820853777.66571,32162476541.431576,3221033330.682942,70511463.89,463258624.29,136400339.79068342
2024-06-22,115942035427.64868,51996038110.35136,888000000.0,59820853777.66571,32176557886.76166,3232530229.751421,70511463.89,463258624.29,136400339.79068342
2024-06-23,115942035427.63422,51996038110.35136,888000000.0,59820853777.66571,32131739973.01513,3233942335.7685227,70511463.89,463258624.29,136400339.79068342
2024-06-24,115940313373.2386,51995716056.97535,888000000.0,59819453776.64671,31983646242.460182,3204469365.336088,70511463.89,463258624.29,136400339.79068342
2024-06-25,115939767898.37642,51995716056.97535,888000000.0,59818908302.83038,32164030230.12558,3223711016.14758,70511463.89,463258624.29,136400339.79068342
2024-06-26,115939767898.37642,51995716056.97535,888000000.0,59818908302.83038,32338476801.12252,3185655683.641999,70511463.89,463258624.29,136400339.79068342
2024-06-27,115939767898.23862,51995716056.97535,888000000.0,59818908302.83038,31945641525.676315,3213163886.4668617,70511463.89,463258624.29,131400339.79068343
2024-06-28,115939767892.15993,51995716056.97535,888000000.0,59818908302.83038,31770476198.245533,3192913688.683954,70511463.89,463258624.29,121400339.79068343
2024-06-29,115939767891.0762,51995716056.97535,888000000.0,59818908302.83038,31735374514.68409,3203038914.4441166,70511463.89,483258624.29,121400339.79068343
2024-06-30,115939767891.0762,51995716056.97535,888000000.0,59818908302.83038,31676091673.61633,3158966455.2645288,70511463.89,483258624.29,121400339.79068343
2024-07-01,115939767891.06618,51995716056.97535,888000000.0,59818908302.83038,31865424004.89332,3225341643.760957,70511463.89,483258624.29,121400340.79068343
2024-07-02,115939767891.06618,51995716056.97535,888000000.0,59818908302.83038,31905592581.799946,3243116545.383732,69511463.89,482758625.09,122399805.78068344
2024-07-03,115939767890.78448,51995716056.97535,888000000.0,59818908302.83038,32042690437.792484,3236200502.3563924,69511463.89,504361185.8413124,122399805.78068344
2024-07-04,115939767890.67964,51995716056.97535,888000000.0,59818908302.83038,32174420393.267014,3190476736.32806,69511463.89,494361193.8413124,122399805.78068344
2024-07-05,115939767890.67964,51995716056.97535,888000000.0,59818908302.83038,32972700685.50064,3200547517.2125893,69511463.89,484361201.8413124,119399805.78068344
2024-07-06,115939767890.67862,51995716056.97535,888000000.0,59818908302.83038,33092228742.86739,3203489695.964536,69511463.89,484361201.8413124,119399805.78068344
2024-07-07,115939767890.6686,51995716056.97535,888000000.0,59818908302.83038,33095421669.14498,3194737358.7143745,69511463.89,484361201.8413124,119399805.78068344
2024-07-08,115939767890.39342,51995716056.97535,888000000.0,59818908302.83038,33212772924.660717,3209701747.180693,69511463.89,504361201.8413124,119399805.78068344
2024-07-09,115939767890.3933,51995716056.97535,888000000.0,59818908302.83038,33223691149.204426,3214206641.169037,69511463.89,484361217.8413124,119399805.78068344
2024-07-10,115939273860.06952,51995716056.97535,888000000.0,59818414272.83038,33560819420.58821,3213615826.37228,69511463.89,484361217.8413124,119399805.78068344
2024-07-11,115939273860.04791,51995716056.97535,888000000.0,59818414272.83038,33389580696.59824,3218912923.085194,69511463.89,484361225.8413124,119399805.78068344
2024-07-12,115939273855.74536,51995716056.97535,888000000.0,59818414272.83038,33291445349.14117,3223267400.6684103,69511463.89,484361225.8413124,117399805.79068343
2024-07-13,115939273855.74536,51995716056.97535,888000000.0,59818414272.83038,33356049011.27632,3228854801.743938,69511463.89,484361225.8413124,117399805.79068343
2024-07-14,115939273855.26453,51995716056.97535,888000000.0,59818414272.83038,33361882745.40195,3221202706.609218,69511463.89,484361225.8413124,117399805.79068343
2024-07-15,116939273855.22849,51995716056.97535,888000000.0,60818414272.83038,33299767731.52397,3229036337.8346195,69511463.89,484361225.8413124,117399805.79068343
2024-07-16,116939273855.19543,51995716056.97535,888000000.0,60818414272.83038,33279382144.41696,3237574843.3225355,69511463.89,484361225.8413124,117399805.79068343
2024-07-17,116939273855.08977,51995716056.97535,888000000.0,60818414272.83038,33058128748.112766,3229605881.9134235,69511463.89,484361225.8413124,117399805.79068343
2024-07-18,116939273855.08488,51995716056.97535,888000000.0,60818414272.83038,32945416725.189995,3215670175.477616,69511463.89,484361225.8413124,117399805.79068343
2024-07-19,116939273854.99329,51995716056.97535,888000000.0,60818414272.83038,33374892661.53724,3215514200.0410957,69511463.89,484361225.8413124,117399805.79068343
2024-07-20,116939273854.92664,51995716056.97535,888000000.0,60818414272.83038,33475609960.45029,3217964119.8700776,69511463.89,484361225.8413124,117399805.79068343
2024-07-21,116939273854.08311,51995716056.97535,888000000.0,60818414272.83038,33326187860.13996,3236041109.014408,69511463.89,484361225.8413124,117399805.79068343
2024-07-22,116939273853.77235,51995716056.97535,888000000.0,60818414272.83038,33320279403.54684,3223552679.23798,69511463.89,484361225.8413124,117399805.79068343
2024-07-23,116939273853.725,51995716056.97535,888000000.0,60818414272.83038,33397959585.29008,3224716854.9062963,69511463.89,484361225.8413124,117399805.79068343
2024-07-24,116939273853.6977,51995716056.97535,888000000.0,60818414272.83038,33246868056.38661,3183341975.419597,69511463.89,484361225.8413124,117399805.79068343
2024-07-25,116939273853.55176,51995716056.97535,888000000.0,60818414272.83038,32989802358.824432,3169481527.3753085,69511463.89,484361225.8413124,114399805.79068343
2024-07-26,116935194477.9907,51991636685.16557,888000000.0,60818414272.83038,33257396869.056194,3175108485.0732017,69511463.89,484361225.8413124,114399805.79068343
2024-07-27,116935194477.89948,51991636685.16557,888000000.0,60818414272.83038,33268273400.037235,3176820814.3194637,69511463.89,484361225.8413124,114399805.79068343
2024-07-28,116935194477.89948,51991636685.16557,888000000.0,60818414272.83038,33253517314.86433,3182600481.015286,69511463.89,484361225.8413124,114399805.79068343
2024-07-29,116935194477.82864,51991636685.16557,888000000.0,60818414272.83038,33026473335.47537,3175687275.121017,69511463.89,484361225.8413124,114399805.79068343
2024-07-30,116935194477.80034,51991636685.16557,888000000.0,60818414272.83038,32696452821.13276,3196652058.1724067,69511463.89,484361225.8413124,114399805.79068343
2024-07-31,116935194477.7657,51991636685.16557,888000000.0,60818414272.83038,32578895113.702877,3182568007.267403,69511463.89,484361225.8413124,114399805.79068343
2024-08-01,116935194477.65633,51991636685.16557,888000000.0,60818414272.83038,32070068457.071087,3176883237.549061,69511463.89,484361225.8413124,114399805.79068343
2024-08-02,116935194477.11807,51991636685.16557,888000000.0,60818414272.83038,32272231106.052704,3177346153.3706284,69511463.89,484361225.8413124,114399805.79068343
2024-08-03,116935194475.59448,51991636685.16557,888000000.0,60818414272.83038,32343263879.45923,3183684125.569447,69511463.89,484361225.8413124,114399805.79068343
2024-08-04,116935194475.33711,51991636685.16557,888000000.0,60818414272.83038,32445655546.564262,3195667207.3097405,69511463.89,484361225.8413124,114399805.79068343
2024-08-05,116935194475.27805,51991636685.16557,888000000.0,60818414272.83038,32803937986.657005,3214110286.2753315,69511463.89,484361225.8413124,111399805.79068343
2024-08-06,116935194475.27805,51991636685.16557,888000000.0,60818414272.83038,33525209785.040157,3177215535.54201,69511463.89,484361225.8413124,111399805.79068343
2024-08-07,116935188396.0348,51991630605.93219,888000000.0,60818414272.83038,33751721431.599323,3157337952.3069687,69511463.89,501361225.8413124,108299805.79068343
2024-08-08,116935188396.03194,51991630605.93219,888000000.0,60818414272.83038,33933364820.41112,3163145269.871466,69511463.89,484761245.8413124,110881558.54068343
2024-08-09,116935188396.03194,51991630605.93219,888000000.0,60818414272.83038,33823928617.72818,3167999409.860669,69511463.89,484761245.8413124,110881558.54068343
2024-08-10,116935188395.77975,51991630605.93219,888000000.0,60818414272.83038,33847403190.264435,3171188898.650844,69511463.89,484761245.8413124,110881558.54068343
2024-08-11,116935188395.70016,51991630605.93219,888000000.0,60818414272.83038,33830892035.68639,3126221883.1087804,69511463.89,484761245.8413124,110881558.54068343
2024-08-12,116927428375.89851,51986637760.87445,888000000.0,60815647098.9273,33792503053.71176,3121465161.648972,69511463.89,484761245.8413124,110881558.54068343
2024-08-13,117927428375.8321,52986637760.87445,888000000.0,60815647098.9273,33743653555.01648,3122264326.5619154,69511463.89,484761245.8413124,111283949.82068343
2024-08-14,117927428360.92532,52986637760.87445,888000000.0,60815647098.9273,33688189418.877262,3123883464.7613883,69511463.89,484761245.8413124,111283949.82068343
2024-08-15,117927428360.92072,52986637760.87445,888000000.0,60815647098.9273,33975782156.606945,3115431595.643587,69511463.89,484761245.8413124,111283949.82068343
2024-08-16,117925531189.92384,52985278507.58099,888000000.0,60815109182.57247,34177432374.23805,3103176174.210179,69511463.89,484761245.8413124,109594777.27068342
2024-08-17,117925531189.92384,52985278507.58099,888000000.0,60815109182.57247,34170986650.5676,3099680379.4959903,69511463.89,484761245.8413124,109594777.27068342
2024-08-18,117925531189.92384,52985278507.58099,888000000.0,60815109182.57247,34138825549.58906,3095186261.160128,69511463.89,484761245.8413124,109594777.27068342
2024-08-19,117925531189.17206,52985278507.58099,888000000.0,60815109182.57247,34136388409.44313,3022988143.2685704,69511463.89,484761245.8413124,108094777.31068344
2024-08-20,120125531189.11058,53985278507.58099,888000000.0,61815109182.57247,34142030402.033863,3081169940.6189485,69511463.89,484761245.8413124,108094777.31068344
2024-08-21,120125531189.11058,53985278507.58099,888000000.0,61815109182.57247,34039940933.490154,3049066950.8508434,69511463.89,484761245.8413124,108532033.33068344
2024-08-22,120123531259.73618,53983410443.1648,888000000.0,61814977317.61425,33955144878.84485,3027933784.9202743,69511463.89,484761245.8413124,108532033.33068344
2024-08-23,120123441255.16168,53983320457.50592,888000000.0,61814977317.61425,33998571563.599308,3043488589.5163007,69511463.89,484761245.8413124,108532033.33068344
2024-08-24,120123441255.14449,53983320457.50592,888000000.0,61814977317.61425,33983367495.79949,3028226047.615115,69511463.89,484761245.8413124,108532033.33068344
2024-08-25,120123441254.31136,53983320457.50592,888000000.0,61814977317.61425,33932668006.76322,3045486636.105335,69511463.89,484761245.8413124,108532033.33068344
2024-08-26,120123441253.97005,53983320457.50592,888000000.0,61814977317.61425,33883466985.83294,3211758360.951224,69511463.89,484761245.8413124,106634505.57068343
2024-08-27,120121850916.75946,53981730120.39639,888000000.0,61814977317.61425,33568256585.971085,3189635976.384937,69511463.89,484761245.8413124,106634505.57068343
2024-08-28,120119004457.48868,53981730120.39639,888000000.0,61812130858.37095,33671700179.673344,3195816605.059466,69511463.89,484761245.8413124,106634505.57068343
2024-08-29,120119004457.40318,53981730120.39639,888000000.0,61812130858.37095,33798717225.310947,3197503863.354229,69511463.89,484761245.8413124,106634505.57068343
2024-08-30,120119004457.09846,53981730120.39639,888000000.0,61812130858.37095,34088307530.15961,3199116015.387871,69511463.89,484761245.8413124,106634505.57068343
2024-08-31,120119004457.07825,53981730120.39639,888000000.0,61812130858.37095,34061944837.192917,3198233477.392193,69511463.89,484761245.8413124,106634505.57068343
2024-09-01,120119004457.07825,53981730120.39639,888000000.0,61812130858.37095,34054564860.626736,3178625417.7213025,69511463.89,484761245.8413124,106634505.57068343
2024-09-02,120119004457.07825,53981730120.39639,888000000.0,61812130858.37095,34059658327.825443,3161379614.0031,69511463.89,484761245.8413124,106634505.57068343
2024-09-03,120119004456.93275,53981730120.39639,888000000.0,61812130858.37095,33833018799.04428,3170481731.2506933,69511463.89,484761245.8413124,106634505.57068343
2024-09-04,120119004456.93056,53981730120.39639,888000000.0,61812130858.37095,34019392438.33771,3071568692.6488094,69511463.89,484761245.8413124,106634505.57068343
2024-09-05,120119004453.56876,53981730120.39639,888000000.0,61812130858.37095,34248026239.58148,3032828593.883288,69511463.89,484761245.8413124,106634505.57068343
2024-09-06,120119004449.14893,53981730120.39639,888000000.0,61812130858.37095,34055183109.462425,3153624223.4249644,69511463.89,484761245.8413124,102756704.71068344
2024-09-07,120119004449.0149,53981730120.39639,888000000.0,61812130858.37095,34142778633.82121,3170137014.970394,69511463.89,484761245.8413124,102756704.71068344
2024-09-08,120119004448.69156,53981730120.39639,888000000.0,61812130858.37095,34172036132.331173,3167536283.9152427,69511463.89,484761245.8413124,102756704.71068344
2024-09-09,120119004448.56947,53981730120.39639,888000000.0,61812130858.37095,34233760230.382725,3172182787.4093814,69511463.89,484761245.8413124,104773222.24068344
2024-09-10,120115918616.27972,53981730120.39639,888000000.0,61809045026.081314,34735971955.43243,3174676848.259925,69511463.89,484761245.8413124,104773222.24068344
2024-09-11,120115918567.202,53981730120.39639,888000000.0,61809045026.081314,34718420426.50336,3160046397.8026013,69511463.89,484761245.8413124,104773222.24068344
2024-09-12,120115918566.46118,53981730120.39639,888000000.0,61809045026.081314,34934333348.88557,3159543493.967136,69511463.89,484761245.8413124,104773222.24068344
2024-09-13,120115918566.46118,53981730120.39639,888000000.0,61809045026.081314,35206907817.946106,3165707833.2842083,69511463.89,484761245.8413124,104773222.25068344
2024-09-14,120115918566.28545,53981730120.39639,888000000.0,61809045026.081314,35182294669.8272,3174399289.4014897,69511463.89,484761245.8413124,104773222.25068344
2024-09-15,120115918566.26695,53981730120.39639,888000000.0,61809045026.081314,35136402372.31788,3198475256.763562,69511463.89,484761245.8413124,104773222.25068344
2024-09-16,121115918566.24995,54981730120.39639,888000000.0,61809045026.081314,34870624792.71268,3188988770.348246,69511463.89,484761245.8413124,104773222.25068344
2024-09-17,121115918565.24995,54981730120.39639,888000000.0,61809045026.081314,35008669719.39659,3139180111.5814023,69511463.89,484761245.8413124,104773222.25068344
2024-09-18,121114929025.09636,54980740580.61612,888000000.0,61809045026.081314,34892868900.22497,3150352847.954884,69511463.89,484761245.8413124,104773222.25068344
2024-09-19,121264929025.03464,54980740580.61612,888000000.0,61809045026.081314,34876067539.61981,3113138035.9675817,69511463.89,484761245.8413124,104773222.25068344
2024-09-20,121264929025.02956,54980740580.61612,888000000.0,61809045026.081314,35189448801.0723,3063532282.412299,69511463.89,484761245.8413124,104773222.25068344
2024-09-21,121264929025.02492,54980740580.61612,888000000.0,61809045026.081314,35254925625.97548,3069243520.9133167,69511463.89,484761245.8413124,104773222.25068344
2024-09-22,121264929025.02492,54980740580.61612,888000000.0,61809045026.081314,35303621870.39735,3061262761.750616,69511463.89,484761245.8413124,104773222.25068344
2024-09-23,121264929024.2538,54980740580.61612,888000000.0,61809045026.081314,35206237917.85947,3103986268.674117,69511463.89,484761245.8413124,106773218.57068343
2024-09-24,121264929024.25346,54980740580.61612,888000000.0,61809045026.081314,35361855852.42625,3049383021.434673,69511463.89,484761245.8413124,106773218.57068343
2024-09-25,121250795144.29887,54966606700.66236,888000000.0,61809045026.081314,35392378259.24047,3068580674.609464,69511463.89,484761245.8413124,106773218.57068343
2024-09-26,121250795144.26724,54966606700.66236,888000000.0,61809045026.081314,35551709448.25006,3043905977.2127604,69511463.89,484761245.8413124,106773218.57068343
2024-09-27,121250795143.9913,54966606700.66236,888000000.0,61809045026.081314,35490340471.134605,3050800421.283845,69511463.89,484761245.8413124,106773218.57068343
2024-09-28,121250795143.9852,54966606700.66236,888000000.0,61809045026.081314,35476377073.86644,3034610760.666501,69511463.89,484761245.8413124,106773218.57068343
2024-09-29,121250795141.97237,54966606700.66236,888000000.0,61809045026.081314,35419665865.486244,3065332658.1868925,69511463.89,484761245.8413124,106773218.57068343
2024-09-30,121250795131.87234,54966606700.66236,888000000.0,61809045026.081314,34878875414.06491,3081143186.243368,69511463.89,484761245.8413124,106809200.99068344
2024-10-01,121250795131.68904,54966606700.66236,888000000.0,61809045026.081314,34811820155.24436,2899765520.4766574,69511463.89,484761245.8413124,106809200.99068344
2024-10-02,121250795129.58904,54966606700.66236,888000000.0,61809045026.081314,34779600162.44467,3106537124.962287,69511463.89,484761245.8413124,107817891.15068343
2024-10-03,121250795128.84135,54966606700.66236,888000000.0,61809045026.081314,34688006256.9238,3093153982.2735453,69511463.89,484761245.8413124,108312912.47068344
2024-10-04,121250795127.87016,54966606700.66236,888000000.0,61809045026.081314,34874047127.57457,3103893685.939582,69511463.89,484761245.8413124,107442507.17068344
2024-10-05,121250795098.55827,54966606700.66236,888000000.0,61809045026.081314,34893451235.89915,3110058793.252544,69511463.89,484761245.8413124,107442507.17068344
2024-10-06,121250795087.41216,54966606700.66236,888000000.0,61809045026.081314,34899563251.56194,3130351176.767096,69511463.89,484761245.8413124,107442507.17068344
2024-10-07,121250795086.51448,54966606700.66236,888000000.0,61809045026.081314,34533149213.890564,3346505945.701785,69511463.89,484761245.8413124,107442507.17068344
2024-10-08,121241736644.60802,54966490253.66394,888000000.0,61800103031.17493,34186207129.732937,3344196911.8886657,69511463.89,484761245.8413124,107442507.18068343
2024-10-09,121241736644.5704,54966490253.66394,888000000.0,61800103031.17493,33867732805.970547,3336569029.8612638,69511463.89,484761245.8413124,107442507.18068343
2024-10-10,121241736641.65782,54966490253.66394,888000000.0,61800103031.17493,33771385516.088978,3353760471.7063804,69511463.89,484761245.8413124,107442507.18068343
2024-10-11,121241736641.6568,54966490253.66394,888000000.0,61800103031.17493,34225970127.0987,3333632694.8598704,69511463.89,484761245.8413124,107442507.18068343
2024-10-12,121241736592.75308,54966490253.66394,888000000.0,61800103031.17493,34261652535.22419,3347058897.504831,69511463.89,484761245.8413124,107442507.18068343
2024-10-13,121241736592.7418,54966490253.66394,888000000.0,61800103031.17493,34208804483.24157,3349468780.89798,69511463.89,484761245.8413124,107442507.18068343
2024-10-14,121241736592.36047,54966490253.66394,888000000.0,61800103031.17493,34077257270.59492,3321858587.95359,69511463.89,484761245.8413124,107442507.18068343
2024-10-15,121241736592.36047,54966490253.66394,888000000.0,61800103031.17493,34040727565.70301,3332045564.6712565,69511463.89,484761245.8413124,107442507.18068343
2024-10-16,121241086684.69032,54965840345.99379,888000000.0,61800103031.17493,33888477767.760254,3362879485.161155,69511463.89,484761245.8413124,108740413.09068345
2024-10-17,121241086683.15833,54965840345.99379,888000000.0,61800103031.17493,33900871175.84679,3361318821.3136144,69511463.89,484761245.8413124,108740413.10068344
2024-10-18,121241086682.08606,54965840345.99379,888000000.0,61800103031.17493,34071792433.674152,3366829040.59844,69511463.89,484761245.8413124,108740413.10068344
2024-10-19,121241086678.0605,54965840345.99379,888000000.0,61800103031.17493,34082267774.81095,3369727471.612243,69511463.89,484761245.8413124,108740413.10068344
2024-10-20,121241086678.05785,54965840345.99379,888000000.0,61800103031.17493,34082369025.221928,3374377938.3365893,69511463.89,484761245.8413124,108740413.10068344
2024-10-21,121216086672.05109,54940840345.99379,888000000.0,61800103031.17493,33981977025.64516,3339811268.5533853,68223497.03594552,484761245.8413124,108740413.10068344
2024-10-22,121216075170.53268,54940840345.99379,888000000.0,61800091529.73102,33803359584.402573,3313486748.766696,68223497.03594552,484761245.8413124,108973711.25068344
2024-10-23,121216075169.43228,54940840345.99379,888000000.0,61800091529.73102,33420434429.26498,3302015543.686228,68223497.03594552,484761245.8413124,108973711.25068344
2024-10-24,121216075167.3498,54940840345.99379,888000000.0,61800091529.73102,33524320276.17846,3298082891.788776,68223497.03594552,484761245.8413124,108973711.25068344
2024-10-25,121216075166.9484,54940840345.99379,888000000.0,61800091529.73102,33667539337.410957,3246464568.5423408,68223497.03594552,484761245.8413124,108973711.25068344
2024-10-26,121216075166.91776,54940840345.99379,888000000.0,61800091529.73102,33875652655.31341,3302955808.4740305,68223497.03594552,484761245.8413124,108973711.25068344
2024-10-27,121216075164.2969,54940840345.99379,888000000.0,61800091529.73102,33893624961.94374,3279101411.6988845,68223497.03594552,484761245.8413124,108973711.25068344
2024-10-28,121216075163.21574,54940840345.99379,888000000.0,61800091529.73102,33893921170.91274,3270054726.41823,68223497.03594552,484761245.8413124,108973711.25068344
2024-10-29,122216075163.053,54940840345.99379,888000000.0,62800091529.73102,33910186222.159424,3295412746.9395275,68223497.03594552,484761245.8413124,108973711.25068344
2024-10-30,122216075162.9964,54940840345.99379,888000000.0,62800091529.73102,34161978363.69521,3318136119.678411,68223497.03594552,484761245.8413124,108973711.25068344
2024-10-31,122216075162.25864,54940840345.99379,888000000.0,62800091529.73102,33872469115.81745,3236542470.0995235,68223497.03594552,484761245.8413124,109740078.78068344
2024-11-01,122216075162.25111,54940840345.99379,888000000.0,62800091529.73102,34190291509.950024,3316982928.85023,68223497.03594552,484761245.8413124,109740078.78068344
2024-11-02,122216075161.30864,54940840345.99379,888000000.0,62800091529.73102,34153388391.747627,3328938443.6719227,68223497.03594552,484761245.8413124,109740078.78068344
2024-11-03,122216075161.30284,54940840345.99379,888000000.0,62800091529.73102,34152110418.836987,3305038596.389819,68223497.03594552,484761245.8413124,109740078.78068344
2024-11-04,122216075160.6204,54940840345.99379,888000000.0,62800091529.73102,34425429288.111176,3321926994.462697,68223497.03594552,484761245.8413124,109740078.78068344
2024-11-05,122216075148.09328,54940840345.99379,888000000.0,62800091529.73102,34810529334.50998,3337483099.4596715,68223497.03594552,484761245.8413124,109740078.78068344
2024-11-06,122714425734.17212,56940064044.79012,888000000.0,61799218417.962006,36088845362.38266,3369068320.219987,68223497.03594552,484761245.8413124,109740078.78068344
2024-11-07,122714425702.29622,56940064044.79012,888000000.0,61799218417.962006,36270890071.31038,3304239129.0765414,68223497.03594552,484761245.8413124,109740078.78068344
2024-11-08,123713549846.66447,57939188189.66946,888000000.0,61799218417.962006,36448455005.925735,3327607878.1050887,68223497.03594552,484761245.8413124,109740078.78068344
2024-11-09,124713549840.85213,58939188189.66946,888000000.0,61799218417.962006,36376168063.287445,3319833281.811872,68223497.03594552,484761245.8413124,109740078.78068344
2024-11-10,124713549823.9512,58939188189.66946,888000000.0,61799218417.962006,36288766811.6446,3304625866.5162244,68223497.03594552,484761245.8413124,109740078.78068344
2024-11-11,126713549604.43996,60939188189.66946,888000000.0,61799218417.962006,36222033722.84294,3308587019.8851285,68223497.03594552,484761245.8413124,109740078.78068344
2024-11-12,126713549591.43456,60939188189.66946,888000000.0,61799218417.962006,35731902180.58784,3229252237.9175305,68223497.03594552,484761245.8413124,109740078.78068344
2024-11-13,127713549591.41594,61939188189.66946,888000000.0,61799218417.962006,35863505278.982574,3272881145.042534,68223497.03594552,484761245.8413124,109740078.78068344
2024-11-14,129713549581.62416,62939188189.66946,888000000.0,62799218417.962006,35896567156.897896,3275032197.042056,68223497.03594552,484761245.8413124,109740078.78068344
2024-11-15,129703813484.26434,62929452093.6578,888000000.0,62799218417.962006,36306982501.67595,3288392185.312754,68223497.03594552,484761245.8413124,109740078.78068344
2024-11-16,129703813482.3756,62929452093.6578,888000000.0,62799218417.962006,36429078610.100266,3305071098.6181097,68223497.03594552,484761245.8413124,109740078.78068344
2024-11-17,129703813482.27826,62929452093.6578,888000000.0,62799218417.962006,36346649635.06664,3314361418.0488443,68223497.03594552,484761245.8413124,109740078.78068344
2024-11-18,129703813482.21793,64929452093.6578,888000000.0,60799218417.962006,36542625530.83328,3297309385.7894187,68223497.03594552,484761245.8413124,109740078.78068344
2024-11-19,130853813453.9892,65929452093.6578,888000000.0,60799218417.962006,36722549734.47682,3385079887.562316,68223497.03594552,484761245.8413124,109740078.78068344
2024-11-20,131853813449.08398,66929452093.6578,888000000.0,60799218417.962006,37012224285.02987,3425534877.9095263,68223497.03594552,484761245.8413124,109740078.78068344
2024-11-21,131822517479.53648,66929452093.6578,888000000.0,60767922448.86771,37530449254.20924,3445300022.1892066,68223497.03594552,484761245.8413124,109740078.78068344
2024-11-22,132822517477.55585,67929452093.6578,888000000.0,60767922448.86771,38010649712.80205,3416202990.619984,68223497.03594552,484761245.8413124,109740078.78068344
2024-11-23,135822517474.57796,69929452093.65779,888000000.0,61767922448.86771,38237786362.22396,3472119869.7541013,68223497.03594552,484761245.8413124,109740078.78068344
2024-11-24,135822517470.2366,69929452093.65779,888000000.0,61767922448.86771,38160097827.53051,3474191128.9322643,68223497.03594552,484761245.8413124,109740078.78068344
2024-11-25,135822517468.83028,69929452093.65779,888000000.0,61767922448.86771,38052039447.04966,3499175769.967659,68223497.03594552,484761245.8413124,109740078.78068344
2024-11-26,135822517268.35464,69929452093.65779,888000000.0,61767922448.86771,37893603333.13023,3394710877.7744503,68223497.03594552,484761245.8413124,109740078.78068344
2024-11-27,136072517256.84496,69929452093.65779,888000000.0,61767922448.86771,38780319135.945625,3497621259.081848,68223497.03594552,484761245.8413124,109740078.78068344
2024-11-28,136072517255.44446,69929452093.65779,888000000.0,61767922448.86771,38697484968.63518,3513916719.732235,68223497.03594552,484761245.8413124,109740078.78068344
2024-11-29,137072517255.3982,70929452093.65779,888000000.0,61767922448.86771,39051550259.13654,3526665414.133388,68223497.03594552,484761245.8413124,102756765.78068344
2024-11-30,137072517245.15665,70929452093.65779,888000000.0,61767922448.86771,39112724850.228905,3527518457.8650126,68223497.03594552,484761245.8413124,102756765.78068344
2024-12-01,137072517202.76389,70929452093.65779,888000000.0,61767922448.86771,39469619494.09116,3545782066.817349,68223497.03594552,484761245.8413124,102756765.78068344
2024-12-02,138072517196.85245,71929452093.65779,888000000.0,61767922448.86771,39193227455.23722,3557950591.5763106,68223497.03594552,484761245.8413124,102756765.78068344
2024-12-03,138072517195.96866,71929452093.65779,888000000.0,61767922448.86771,39266973134.01322,3558699325.5309176,68223497.03594552,484761245.8413124,102756765.78068344
2024-12-04,138071784981.70044,71928719896.6841,888000000.0,61767922448.86771,39730825219.18251,3551033893.7661824,68223497.03594552,484761245.8413124,96687747.06068344
2024-12-05,139071784981.44427,72928719896.6841,888000000.0,61767922448.86771,39319025495.85961,3472653521.054655,68223497.03594552,484761245.8413124,96687747.06068344
2024-12-06,141071784979.19803,74928719896.6841,888000000.0,61767922448.86771,40545074064.3279,3479515692.319438,68223497.03594552,484761245.8413124,96687747.06068344
2024-12-07,141071784973.82248,74928719896.6841,888000000.0,61767922448.86771,40500911662.4933,3459371617.3476706,68223497.03594552,484761245.8413124,96687747.06068344
2024-12-08,141071784973.7517,74928719896.6841,888000000.0,61767922448.86771,40289605939.11652,3491022901.273928,68223497.03594552,484761245.8413124,96687747.06068344
2024-12-09,141071784972.66098,74928719896.6841,888000000.0,61767922448.86771,39888074281.69208,3395143360.279022,68223497.03594552,484761245.8413124,96687747.06068344
2024-12-10,141071784949.592,74928719896.6841,888000000.0,61767922448.86771,40019362373.82193,3439494384.0993648,68223497.03594552,484761245.8413124,93118741.06068344
2024-12-11,142071784948.68256,75928719896.6841,888000000.0,61767922448.86771,40728884514.03604,3444290917.070063,68223497.03594552,484761245.8413124,93118743.06068344
2024-12-12,143321784931.78244,76928719896.6841,888000000.0,61767922448.86771,40742660559.056114,3424322444.393969,68223497.03594552,484761245.8413124,93118743.06068344
2024-12-13,143320965282.45566,76928104353.36447,888000000.0,61767718346.86771,41109351975.95615,3434723545.1908293,68223497.03594552,484761245.8413124,93118743.06068344
2024-12-14,143320965282.36584,76928104353.36447,888000000.0,61767718346.86771,41096452922.875534,3449417729.470319,68223497.03594552,484761245.8413124,93118743.06068344
2024-12-15,143320965282.33084,76928104353.36447,888000000.0,61767718346.86771,41202315054.31638,3415016735.584226,68223497.03594552,484761245.8413124,93118743.06068344
2024-12-16,143320965282.13007,76928104353.36447,888000000.0,61767718346.86771,41600686446.80085,3447842083.45192,68223497.03594552,484761245.8413124,93118743.06068344
2024-12-17,143320965281.9735,76928104353.36447,888000000.0,61767718346.86771,41554577207.89058,3464945490.8768883,68223497.03594552,484761245.8413124,93118743.06068344
2024-12-18,143320965242.4128,76928104353.36447,888000000.0,61767718346.86771,41582821674.74611,3445936687.316208,68223497.03594552,484761245.8413124,93118743.06068344
2024-12-19,143318274605.4405,76926220145.48349,888000000.0,61766911919.607056,41570113707.7838,3453473133.2551694,68223497.03594552,484761245.8413124,93118743.06068344
2024-12-20,143318274588.66772,76926220145.48349,888000000.0,61766911919.607056,41828630916.660965,3395875047.8161464,68223497.03594552,484761245.8413124,93118743.06068344
2024-12-21,143318274588.48227,76926220145.48349,888000000.0,61766911919.607056,41976434367.45211,3392043140.304988,68223497.03594552,484761245.8413124,93118743.06068344
2024-12-22,143318274586.733,76926220145.48349,888000000.0,61766911919.607056,42015705823.40206,3394314051.7797265,68223497.03594552,484761245.8413124,93118743.06068344
2024-12-23,143318274586.3783,76926220145.48349,888000000.0,61766911919.607056,42310685329.84364,3396807635.122553,68223497.03594552,484761245.8413124,93118743.06068344
2024-12-24,143318274586.3178,76926220145.48349,888000000.0,61766911919.607056,42242392525.64202,3412550916.708609,68223497.03594552,484761245.8413124,93118743.06068344
2024-12-25,143318274584.5536,76926220145.48349,888000000.0,61766911919.607056,42290534441.34362,3439023633.474736,68223497.03594552,484761245.8413124,93118743.06068344
2024-12-26,143318274584.3507,76926220145.48349,888000000.0,61766911919.607056,42584342416.75226,3458869488.497548,68223497.03594552,484761245.8413124,93118743.06068344
2024-12-27,143318274583.2692,76926220145.48349,888000000.0,61766911919.607056,42538303352.58434,3437938782.654019,68223497.03594552,484761245.8413124,93118743.06068344
2024-12-28,143318274567.7622,76926220145.48349,888000000.0,61766911919.607056,42861458925.24338,3438892320.134077,68223497.03594552,484761245.8413124,93118743.06068344
2024-12-29,143318274567.01245,76926220145.48349,888000000.0,61766911919.607056,42828039195.45176,3315080258.778087,68223497.03594552,484761245.8413124,93118743.06068344
2024-12-30,141318274555.77948,76926220145.48349,888000000.0,59766911919.607056,42883326858.252686,3403831355.8821783,68223497.03594552,484761245.8413124,93118743.06068344
2024-12-31,141318274555.7338,76926220145.48349,888000000.0,59766911919.607056,42958355616.41849,3369103198.8310976,68223497.03594552,484761245.8413124,93118743.06068344
2025-01-01,141318274552.63474,76926220145.48349,888000000.0,59766911919.607056,42728631801.20114,3278785274.8487496,68223497.03594552,484761245.8413124,93118743.06068344
2025-01-02,141315240921.6437,76923929295.84244,888000000.0,59766169138.3545,43607680780.90158,3390096986.077131,68223497.03594552,484761245.8413124,93118743.06068344
2025-01-03,141315240910.80896,76923929295.84244,888000000.0,59766169138.3545,44415663984.24794,3418160834.1123805,68223497.03594552,484761245.8413124,93118743.06068344
2025-01-04,141315240903.8711,76923929295.84244,888000000.0,59766169138.3545,44554056077.41207,3423471925.491549,68223497.03594552,484761245.8413124,93118743.06068344
2025-01-05,141315240901.5175,76923929295.84244,888000000.0,59766169138.3545,44584642220.00309,3430808140.1341825,68223497.03594552,484761245.8413124,93118743.06068344
2025-01-06,141315240901.5175,76923929295.84244,888000000.0,59766169138.3545,44909764937.90002,3457856967.3580947,63223497.73594552,484761245.8413124,93118743.06068344
2025-01-07,141315240895.06146,76923929295.84244,888000000.0,59766169138.3545,44569679492.16583,3419346978.740374,63223497.73594552,484761245.8413124,93118753.06068344
2025-01-08,141315240880.13934,76923929295.84244,888000000.0,59766169138.3545,44328521409.73979,3413744960.67384,63223497.73594552,484761245.8413124,93118753.06068344
2025-01-09,141315240879.86954,76923929295.84244,888000000.0,59766169138.3545,44502165840.08043,3433458895.1326547,60490548.10594552,484761245.8413124,93118753.06068344
2025-01-10,141315240879.71494,76923929295.84244,888000000.0,59766169138.3545,44590965384.33472,3396122235.6313725,60490548.10594552,484761245.8413124,93118753.06068344
2025-01-11,141315240879.35538,76923929295.84244,888000000.0,59766169138.3545,44820403169.3371,3378970625.447207,60490548.10594552,484761245.8413124,93118753.06068344
2025-01-12,141315240879.07172,76923929295.84244,888000000.0,59766169138.3545,44819834684.95761,3451642056.745033,60490548.10594552,484761245.8413124,93118753.06068344
2025-01-13,141315240878.82248,76923929295.84244,888000000.0,59766169138.3545,44580290391.24397,3481206244.683955,60490548.10594552,484761245.8413124,93118753.06068344
2025-01-14,141315240878.1631,76923929295.84244,888000000.0,59766169138.3545,44559999055.7892,3493689795.3328967,60490548.10594552,484761245.8413124,93118753.06068344
2025-01-15,141313594041.62936,76923282687.1869,888000000.0,59765168925.900536,45200013142.64021,3568635843.4932137,60490548.10594552,484761245.8413124,93118753.06068344
2025-01-16,141313594041.19153,76923282687.1869,888000000.0,59765168925.900536,45287414915.746864,3513395437.03832,60490548.10594552,484761245.8413124,93118753.06068344
2025-01-17,141313594040.54373,76923282687.1869,888000000.0,59765168925.900536,46277896583.26248,3601902537.5002685,60490548.10594552,484761245.8413124,93118753.06068344
2025-01-18,141313594039.94467,76923282687.1869,888000000.0,59765168925.900536,46359394080.775215,3557095761.4662514,60490548.10594552,484761245.8413124,93118753.06068344
2025-01-19,141313594007.44214,76923282687.1869,888000000.0,59765168925.900536,47139151061.47106,3492305507.293875,60490548.10594552,484761245.8413124,93118753.06068344
2025-01-20,141313593975.22305,76923282687.1869,888000000.0,59765168925.900536,47412744849.77141,3496924844.1928205,60490548.10594552,484761245.8413124,93118753.06068344
2025-01-21,141305079212.82462,76923267925.74078,888000000.0,59756668925.900536,50163412232.34359,3528116669.5783634,60490548.10594552,484761245.8413124,93118753.06068344
2025-01-22,141455079053.89847,76923267925.74078,888000000.0,59756668925.900536,50566805193.20466,3543918144.6004148,60490548.10594552,484761245.8413124,93118753.06068344
2025-01-23,141455079052.43756,76923267925.74078,888000000.0,59756668925.900536,50911243783.205376,3545445111.557119,60490548.10594552,484761245.8413124,79444771.29068343
2025-01-24,141451140640.2307,76923002799.74078,888000000.0,59752995766.05564,51163352898.19196,3575682361.452607,60490548.10594552,484761245.8413124,79444771.29068343
2025-01-25,141451140640.08267,76923002799.74078,888000000.0,59752995766.05564,51290610783.42625,3576066684.502814,60490548.10594552,484761245.8413124,79444771.29068343
2025-01-26,141451140635.80112,76923002799.74078,888000000.0,59752995766.05564,51165780851.63867,3571882507.029722,60490548.10594552,484761245.8413124,79444771.29068343
2025-01-27,141451140635.635,76923002799.74078,888000000.0,59752995766.05564,51229235118.11218,3487096645.9544287,60490548.10594552,484761245.8413124,79444771.29068343
2025-01-28,141451043216.16516,76923002799.74078,888000000.0,59752898348.8195,51578529793.98757,3529802865.154977,60490548.10594552,484761245.8413124,79444771.29068343
2025-01-29,142451043213.6492,76923002799.74078,888000000.0,60752898348.8195,51545618610.16402,3553514506.668284,60490548.10594552,484761245.8413124,79444771.29068343
2025-01-30,142451043209.63422,76923002799.74078,888000000.0,60752898348.8195,52041458861.92359,3542703263.2433124,60490548.10594552,484761245.8413124,79444771.29068343
2025-01-31,142451043208.0084,76923002799.74078,888000000.0,60752898348.8195,52388139219.8046,3518619924.7753835,60490548.10594552,484761245.8413124,79444771.29068343
2025-02-01,142451043204.0015,76923002799.74078,888000000.0,60752898348.8195,52315266531.888535,3487150212.2328253,60490548.10594552,484761245.8413124,79444771.29068343
2025-02-02,142451043202.5756,76923002799.74078,888000000.0,60752898348.8195,52286543902.546844,3502007193.4350586,60490548.10594552,484761245.8413124,79444771.29068343
2025-02-03,142451043201.68442,76923002799.74078,888000000.0,60752898348.8195,53392732873.71079,3477119502.008004,60490548.10594552,484761245.8413124,80678485.53068343
2025-02-04,143451043185.9858,76923002799.74078,888000000.0,61752898348.8195,54040041546.5117,3473725225.162982,60490548.10594552,484761245.8413124,80678485.53068343
2025-02-05,143448719637.28754,76922650752.24297,888000000.0,61750926848.58652,54302802101.457726,3467075262.679181,60490548.10594552,484761245.8413124,80678495.53068343
2025-02-06,143448719634.26245,76922650752.24297,888000000.0,61750926848.58652,54581215240.32175,3521391431.14008,60490548.10594552,484761245.8413124,80678495.53068343
2025-02-07,143448719633.67703,76922650752.24297,888000000.0,61750926848.58652,55181475114.8335,3506623735.2056274,60490548.10594552,484761245.8413124,78625834.95068343
2025-02-08,143448719320.05045,76922650752.24297,888000000.0,61750926848.58652,54916067606.91436,3484508990.622853,60490548.10594552,484761245.8413124,78625834.95068343
2025-02-09,143448718167.3604,76922650752.24297,888000000.0,61750926848.58652,55145517530.8892,3479957682.9269147,60490548.10594552,484761245.8413124,78625834.95068343
2025-02-10,143448718142.36838,76922650752.24297,888000000.0,61750926848.58652,54939628224.02541,3471488858.905567,60490548.10594552,484761245.8413124,78625834.95068343
2025-02-11,143448718061.37344,76922650752.24297,888000000.0,61750926848.58652,55030491286.479904,3487784202.757607,60490548.10594552,484761245.8413124,78625834.95068343
2025-02-12,143444974375.204,76919366679.85333,888000000.0,61750467236.72732,54978288395.48708,3479510337.0006933,60490548.10594552,484761245.8413124,78625834.95068343
2025-02-13,143444974156.5126,76919366679.85333,888000000.0,61750467236.72732,54956363024.9898,3481028812.558708,60490548.10594552,484761245.8413124,78625834.95068343
2025-02-14,143444974131.0626,76919366679.85333,888000000.0,61750467236.72732,55230088044.38776,3495532210.239499,60490548.10594552,484761245.8413124,79418755.29068343
2025-02-15,143444974110.93195,76919366679.85333,888000000.0,61750467236.72732,55230270472.529976,3493445724.078235,60490548.10594552,484761245.8413124,79418755.29068343
2025-02-16,143444974110.69263,76919366679.85333,888000000.0,61750467236.72732,55118061245.88267,3481220488.444654,60490548.10594552,484761245.8413124,79418755.29068343
2025-02-17,143444974100.8635,76919366679.85333,888000000.0,61750467236.72732,55313362302.040726,3477648505.9911976,60490548.10594552,484761245.8413124,79418755.29068343
2025-02-18,144444974099.78,76919366679.85333,888000000.0,62750467236.72732,55239367419.96044,3475493175.574624,60490548.10594552,484761245.8413124,79418755.29068343
2025-02-19,144444974095.29456,76919366679.85333,888000000.0,62750467236.72732,55160290710.17537,3480617264.540805,60490548.10594552,484761245.8413124,79418755.29068343
2025-02-20,144444973645.71198,76919366679.85333,888000000.0,62750467236.72732,55054328208.1617,3508065940.545258,60490548.10594552,484761245.8413124,79418755.29068343
2025-02-21,144444973645.25677,76919366679.85333,888000000.0,62750467236.72732,56071416999.50931,3412773398.0267425,60490548.10594552,484761245.8413124,79418755.29068343
2025-02-22,144444973638.58047,76919366679.85333,888000000.0,62750467236.72732,55939291812.04698,3440025906.886708,60490548.10594552,484761245.8413124,79418755.29068343
2025-02-23,144444973626.82147,76919366679.85333,888000000.0,62750467236.72732,55912298586.97858,3469424448.000588,60490548.10594552,484761245.8413124,79418755.29068343
2025-02-24,144443694944.5673,76918584460.69226,888000000.0,62749970784.08013,55519031723.34095,3422527347.4652734,60490548.10594552,484761245.8413124,79418755.29068343
2025-02-25,144443694929.17725,76918584460.69226,888000000.0,62749970784.08013,55150476934.76717,3376431230.2327857,60490548.10594552,484761245.8413124,79418755.29068343
2025-02-26,144443694656.6627,76918584460.69226,888000000.0,62749970784.08013,55129242654.25653,3313670173.6276555,60490548.10594552,484761245.8413124,79418755.29068343
2025-02-27,144442371035.7992,76918584460.69226,888000000.0,62748647183.1266,54576722568.93666,3312276203.5321355,60490548.10594552,484761245.8413124,79418755.29068343
2025-02-28,143442371030.8303,74918584460.69226,888000000.0,63748647183.1266,54905480227.91965,3281788334.689686,60490548.10594552,484761245.8413124,79418755.29068343
2025-03-01,143442371023.46008,74918584460.69226,888000000.0,63748647183.1266,55147518998.51501,3285496801.7221656,60490548.10594552,484761245.8413124,79418755.29068343
2025-03-02,144442370996.06412,75918584460.69226,888000000.0,63748647183.1266,55119314735.20648,3302386944.475409,60490548.10594552,484761245.8413124,79418755.29068343
2025-03-03,144439764528.35495,75918584460.69226,888000000.0,63746040717.35867,54913800966.29564,3293330680.739525,60490548.10594552,484761245.8413124,76418755.29068343
2025-03-04,144439764524.56235,75918584460.69226,888000000.0,63746040717.35867,55397391950.41488,3274035576.5524006,60490548.10594552,484761245.8413124,76581213.62068343
2025-03-05,144439764473.35635,75918584460.69226,888000000.0,63746040717.35867,55622909522.28656,3261367212.2241497,60490548.10594552,484761245.8413124,76581213.62068343
2025-03-06,144434483401.05963,75917357434.46524,888000000.0,63741986675.24692,55986251981.085526,3288181599.6779394,60490548.10594552,484761245.8413124,78072819.77068342
2025-03-07,144434483384.00525,75917357434.46524,888000000.0,63741986675.24692,56848330626.562256,3274759435.5908318,60490548.10594552,484761245.8413124,78072819.77068342
2025-03-08,144434483365.19995,75917357434.46524,888000000.0,63741986675.24692,56803832130.76628,3276905557.522106,60490548.10594552,484761245.8413124,78072819.77068342
2025-03-09,144434483363.90228,75917357434.46524,888000000.0,63741986675.24692,56796216920.26861,3269867682.3479986,60490548.10594552,484761245.8413124,78072819.77068342
2025-03-10,144434483351.78433,75917357434.46524,888000000.0,63741986675.24692,56513847256.75523,3197801532.837488,60490548.10594552,484761245.8413124,78072819.77068342
2025-03-11,144432261462.97003,75917032180.73816,888000000.0,63740090043.11594,56882667217.74232,3206021955.5915318,60490548.10594552,484761245.8413124,78072819.77068342
2025-03-12,144432261460.4572,75917032180.73816,888000000.0,63740090043.11594,57004539312.175896,3217671939.9152994,60490548.10594552,484761245.8413124,78072819.77068342
2025-03-13,144432261460.45514,75917032180.73816,888000000.0,63740090043.11594,57115481591.45556,3181936541.956573,60490548.10594552,484761245.8413124,78072819.77068342
2025-03-14,144412436272.097,75897206995.36157,888000000.0,63740090043.11594,57344095762.50585,3184098066.6065345,60490548.10594552,484761245.8413124,78072819.77068342
2025-03-15,144412436268.31494,75897206995.36157,888000000.0,63740090043.11594,57284096221.44329,3207834168.8504515,60490548.10594552,484761245.8413124,78072819.77068342
2025-03-16,144412436253.02875,75897206995.36157,888000000.0,63740090043.11594,57215157147.69128,3211977415.8229423,60490548.10594552,484761245.8413124,78072819.77068342
2025-03-17,144762033591.65137,75896983705.28505,888000000.0,63739910683.73148,57411309867.06455,3202329640.297473,60490548.10594552,484761245.8413124,78072819.77068342
2025-03-18,144760058263.44098,75895991731.47842,888000000.0,63738927330.1301,57413713978.33788,3203619663.73214,60490548.10594552,484761245.8413124,78072819.77068342
2025-03-19,145758465124.69147,75894581616.039,888000000.0,64738744318.84862,57850698636.88677,3224472197.807026,57893556.11594552,484761245.8413124,78072819.77068342
2025-03-20,145758465101.85214,75894581616.039,888000000.0,64738744318.84862,57907067627.06878,3208129111.098303,57893556.11594552,484761245.8413124,78072819.77068342
2025-03-21,145758465100.30615,75894581616.039,888000000.0,64738744318.84862,58152202386.04886,3214371307.082379,57893556.11594552,484761245.8413124,78072819.77068342
2025-03-22,145758465098.51373,75894581616.039,888000000.0,64738744318.84862,58068008492.18816,3214623528.6258526,57893556.11594552,484761245.8413124,78072819.77068342
2025-03-23,145758465095.3808,75894581616.039,888000000.0,64738744318.84862,58255488345.56008,3232330808.42969,57893556.11594552,484761245.8413124,78072819.77068342
2025-03-24,145758465094.37738,75894581616.039,888000000.0,64738744318.84862,58007312686.3811,3266714530.856677,57893556.11594552,484761245.8413124,78072819.77068342
2025-03-25,145757225968.82227,75893458264.46202,888000000.0,64738628545.09405,58560333858.85601,3268579896.688267,57893556.11594552,484761245.8413124,78072819.77068342
2025-03-26,145757225967.66614,75893458264.46202,888000000.0,64738628545.09405,58485666256.600365,3287966011.293241,57893556.11594552,484761245.8413124,78072819.77068342
2025-03-27,145757182938.5752,75893415236.51292,888000000.0,64738628545.09405,58625991415.84649,3353141900.088758,57893556.11594552,484761245.8413124,78283538.55068342
2025-03-28,146757182936.97888,75893415236.51292,888000000.0,65738628545.09405,58676579741.30575,3230148050.768688,57893556.11594552,484761245.8413124,78283538.55068342
2025-03-29,146757182935.03607,75893415236.51292,888000000.0,65738628545.09405,58554873344.052086,3245361774.934581,57893556.11594552,484761245.8413124,78283538.55068342
2025-03-30,146757182902.42444,75893415236.51292,888000000.0,65738628545.09405,58456116740.740524,3259336583.825474,57893556.11594552,484761245.8413124,78283538.55068342
2025-03-31,147757182899.68103,75893415236.51292,888000000.0,66738628545.09405,58176016660.63716,3198990056.5234103,57893556.11594552,484761245.8413124,78283538.55068342
2025-04-01,147754599311.14755,75891699896.90198,888000000.0,66737760297.72724,58477979992.72731,3210958703.455978,57893556.11594552,484761245.8413124,78283538.55068342
2025-04-02,147754599310.95605,75891699896.90198,888000000.0,66737760297.72724,58922724132.98109,3160518870.28955,57893556.11594552,484761245.8413124,78283538.55068342
2025-04-03,147754599307.5769,75891699896.90198,888000000.0,66737760297.72724,59137660112.2903,3162093017.989737,57893556.11594552,484761245.8413124,78283538.55068342
2025-04-04,147754597136.89264,75891699896.90198,888000000.0,66737760297.72724,58798663983.87521,3131329499.689,57893556.11594552,484761245.8413124,78283538.55068342
2025-04-05,147754597123.6378,75891699896.90198,888000000.0,66737760297.72724,58824652387.48314,3159607481.137661,57893556.11594552,484761245.8413124,78283538.55068342
2025-04-06,147754597121.9681,75891699896.90198,888000000.0,66737760297.72724,58610885019.85474,3170823369.8300915,57893556.11594552,484761245.8413124,78283538.55068342
2025-04-07,147754597120.8794,75891699896.90198,888000000.0,66737760297.72724,58290103906.22016,3170909917.3333263,57893556.11594552,484761245.8413124,78283538.55068342
2025-04-08,147738319122.42517,75888082398.88391,888000000.0,66725099798.45923,58376512555.889145,3170117744.8924584,57893556.11594552,484761245.8413124,78283538.55068342
2025-04-09,148738319121.53473,75888082398.88391,888000000.0,67725099798.45923,58164698911.37272,3150530746.693211,57893556.11594552,484761245.8413124,78283538.55068342
2025-04-10,148738319118.89032,75888082398.88391,888000000.0,67725099798.45923,58061521566.65836,3163468436.088301,57893556.11594552,484761245.8413124,78283538.55068342
2025-04-11,148738319117.88028,75888082398.88391,888000000.0,67725099798.45923,58362567602.46776,3120544955.5911903,57893556.11594552,484761245.8413124,78283538.55068342
2025-04-12,147938319117.5685,74088082398.88391,888000000.0,68725099798.45923,58348840512.84333,3137586390.3254566,57893556.11594552,484761245.8413124,78283538.55068342
2025-04-13,147938317590.68356,74088082398.88391,888000000.0,68725099798.45923,58311965177.43996,3137529061.949785,57893556.11594552,484761245.8413124,78283538.55068342
2025-04-14,147938317585.6828,74088082398.88391,888000000.0,68725099798.45923,58434853401.91846,3150868589.81578,57893556.11594552,484761245.8413124,78283538.55068342
2025-04-15,147911758944.56705,74064808666.01042,888000000.0,68721814891.46526,58468766245.95058,3166402203.895159,57792684.11594552,484761245.8413124,74683538.56068343
2025-04-16,147911758941.0849,74064808666.01042,888000000.0,68721814891.46526,58579498507.49283,3192493846.705219,57792684.11594552,484761245.8413124,75111880.36068343
2025-04-17,147911758941.01572,74064808666.01042,888000000.0,68721814891.46526,58826785367.17913,3177906980.4116025,57792684.11594552,484761245.8413124,75111880.36068343
2025-04-18,147911758940.88986,74064808666.01042,888000000.0,68721814891.46526,58758391771.72276,3164852927.0938044,57792684.11594552,484761245.8413124,75111880.36068343
2025-04-19,147911758934.74713,74064808666.01042,888000000.0,68721814891.46526,58743544092.13473,3165693581.859202,57792684.11594552,484761245.8413124,75111880.36068343
2025-04-20,147911758930.47043,74064808666.01042,888000000.0,68721814891.46526,58739755438.13389,3160603225.4496627,57792684.11594552,484761245.8413124,75111880.36068343
2025-04-21,147409198968.18945,72562248794.32492,888000000.0,69721814891.46526,58955398340.561,3196075582.5714283,57792684.11594552,484761245.8413124,75111880.36068343
2025-04-22,148409198413.3119,72562248794.32492,888000000.0,70721814891.46526,59722293429.14154,3264783913.2150927,57792684.11594552,484761245.8413124,75111880.36068343
2025-04-23,148408791718.77744,72562184418.32492,888000000.0,70721472580.56984,59808782324.21053,3256693924.609512,57792684.11594552,484761245.8413124,75111880.36068343
2025-04-24,148408692070.36337,72562084787.77881,888000000.0,70721472580.56984,60199802878.33951,3269425614.614878,57792684.11594552,484761245.8413124,70111880.36068343
2025-04-25,148394635935.06967,72548246174.88081,888000000.0,70721255061.7893,60171249557.65906,3263236542.4774814,57792684.11594552,484761245.8413124,70111880.36068343
2025-04-26,148394635933.71555,72548246174.88081,888000000.0,70721255061.7893,60084529860.67201,3278528287.682783,57792684.11594552,484761245.8413124,70111880.36068343
2025-04-27,148394635906.88333,72548246174.88081,888000000.0,70721255061.7893,59906727522.98145,3284576805.1129627,57792684.11594552,484761245.8413124,70111880.36068343
2025-04-28,149393920930.4221,72548246174.88081,888000000.0,71720540093.18723,60032038983.68626,3240264329.65637,57792684.11594552,484761245.8413124,70111880.36068343
2025-04-29,151393920929.25113,74548246174.88081,888000000.0,71720540093.18723,59962101881.24828,3246283875.375734,57792684.11594552,484761245.8413124,70111880.36068343
2025-04-30,151393920928.92838,74548246174.88081,888000000.0,71720540093.18723,59445842176.54779,3249073471.3557787,57792684.11594552,484761245.8413124,70111880.36068343
2025-05-01,151393920928.4784,74548246174.88081,888000000.0,71720540093.18723,59393980886.75883,3249538760.91851,57792684.11594552,484761245.8413124,70111880.36068343
2025-05-02,151391804464.69357,74548182332.73666,888000000.0,71718487473.10136,59314411455.77776,3252642092.027904,57792684.11594552,484761245.8413124,70111880.36068343
2025-05-03,151391804464.1442,74548182332.73666,888000000.0,71718487473.10136,59278725614.26368,3259369850.271512,57792684.11594552,484761245.8413124,70111880.36068343
2025-05-04,151391804463.61697,74548182332.73666,888000000.0,71718487473.10136,59309415127.951614,3282502343.3902,57792684.11594552,484761245.8413124,70111880.36068343
2025-05-05,152390419079.97876,74548182332.73666,888000000.0,72717102092.82983,59625697645.047226,3260406370.1789346,57792684.11594552,484761245.8413124,70111880.36068343
2025-05-06,152389981948.08118,74547745201.47067,888000000.0,72717102092.82983,58980477010.58199,3318248803.023936,57792684.11594552,484761245.8413124,70111880.36068343
2025-05-07,153389981941.13736,74547745201.47067,888000000.0,73717102092.82983,58879625963.47303,3385892315.8867493,57792684.11594552,484761245.8413124,70111880.36068343
2025-05-08,153387665185.0285,74547745201.47067,888000000.0,73714786070.0556,58665051120.42208,3338776614.5303864,57792684.11594552,484761245.8413124,70111880.36068343
2025-05-09,153387665180.09283,74547745201.47067,888000000.0,73714786070.0556,58409043746.30063,3448726640.3133154,57792684.11594552,484761245.8413124,70111880.36068343
2025-05-10,153387665169.87253,74547745201.47067,888000000.0,73714786070.0556,58501012022.707214,3482754755.7283297,57792684.11594552,484761245.8413124,70111880.36068343
2025-05-11,153387665169.09277,74547745201.47067,888000000.0,73714786070.0556,58481740922.13996,3541565176.7296844,57792684.11594552,484761245.8413124,70111880.36068343
2025-05-12,153386767460.78345,74547271788.06259,888000000.0,73714361775.5778,58275214756.735306,3585665977.963659,57792684.11594552,484761245.8413124,70111880.36068343
2025-05-13,153386767459.3268,74547271788.06259,888000000.0,73714361775.5778,58140316266.0335,3632913916.591905,57792684.11594552,484761245.8413124,70111880.36068343
2025-05-14,153386767454.0215,74547271788.06259,888000000.0,73714361775.5778,57800660746.59411,3653725003.4019694,57792684.11594552,484761245.8413124,70111880.36068343
2025-05-15,155386724217.87177,74547271788.06259,888000000.0,73714361775.5778,57759414603.7514,3656362899.931836,57792684.11594552,484761245.8413124,70111880.86068343
2025-05-16,155386724217.70557,74547271788.06259,888000000.0,73714361775.5778,57911515653.55144,3653588279.573937,57792684.11594552,484761245.8413124,70111880.86068343
2025-05-17,155386724217.17984,74547271788.06259,888000000.0,73714361775.5778,57831727520.31129,3652303297.921092,57792684.11594552,484761245.8413124,70111880.86068343
2025-05-18,155386724186.24057,74547271788.06259,888000000.0,73714361775.5778,57633932065.33325,3650343335.812544,57792684.11594552,484761245.8413124,70111880.86068343
2025-05-19,155385860227.77225,74547082569.42958,888000000.0,73714361775.5778,57529120158.730354,3656280088.4347496,57792684.11594552,484761245.8413124,70111880.86068343
2025-05-20,155385860213.7933,74547082569.42958,888000000.0,73714361775.5778,57497778316.49764,3680868917.268078,57792684.11594552,484761245.8413124,70111880.86068343
2025-05-21,155884649478.4486,73045871834.46634,888000000.0,73714361775.5778,57859586181.24669,3698437349.128268,57792684.11594552,484761245.8413124,70111880.86068343
2025-05-22,155884649464.71927,73045871834.46634,888000000.0,73714361775.5778,58313128718.14005,3708683813.405594,57792684.11594552,484761245.8413124,70111880.86068343
2025-05-23,155884055122.30566,73045771824.46634,888000000.0,73714361775.5778,58634633865.3046,3702151489.991691,57792684.11594552,484761245.8413124,70111880.86068343
2025-05-24,155884055122.2431,73045771824.46634,888000000.0,73714361775.5778,58617857655.00161,3715976198.8100257,57792684.11594552,484761245.8413124,70111880.86068343
2025-05-25,155884055121.89883,73045771824.46634,888000000.0,73714361775.5778,58783255131.71623,3712900756.782713,57792684.11594552,484761245.8413124,70111880.86068343
2025-05-26,155883593827.99664,73045416027.97414,888000000.0,73714361775.5778,58791308636.915146,3706006499.4184537,57792684.11594552,484761245.8413124,71111880.86068343
2025-05-27,155883593826.87634,73045416027.97414,888000000.0,73714361775.5778,58694632799.52191,3728182373.008624,57792684.11594552,484761245.8413124,71561431.34068343
2025-05-28,155883416425.76163,73045396027.97414,888000000.0,73714361775.5778,58568576143.56333,3772228030.620179,57792684.11594552,484761245.8413124,71561431.34068343
2025-05-29,155883413225.24033,73045392827.97414,888000000.0,73714361775.5778,58298844032.99345,3931025594.22398,57792684.11594552,484761245.8413124,71561431.34068343
2025-05-30,155883413222.75284,73045392827.97414,888000000.0,73714361775.5778,58395374784.244415,3934422091.15539,57792684.11594552,484761245.8413124,71561431.34068343
2025-05-31,155883413221.68008,73045392827.97414,888000000.0,73714361775.5778,58278088166.09636,3999393628.019754,57792684.11594552,484761245.8413124,71561431.34068343
2025-06-01,155883413221.49805,73045392827.97414,888000000.0,73714361775.5778,58213885475.24581,3977994406.096652,57792684.11594552,484761245.8413124,71561431.34068343
2025-06-02,155883362912.7357,73045342519.50615,888000000.0,73714361775.5778,58352783382.12667,3534962553.6273847,57792684.11594552,484761245.8413124,71561431.34068343
2025-06-03,155883362911.9294,73045342519.50615,888000000.0,73714361775.5778,58809328241.01389,3589054137.507061,57792684.11594552,484761245.8413124,71561431.34068343
2025-06-04,155883362899.83707,73045342519.50615,888000000.0,73714361775.5778,58818193999.05426,3537441339.1891947,57792684.11594552,484761245.8413124,71561431.34068343
2025-06-05,155883048109.12726,73045082515.50615,888000000.0,73714361775.5778,58356178652.03526,3543587709.279727,57792684.11594552,484761245.8413124,71561431.34068343
2025-06-06,155883048108.8395,73045082515.50615,888000000.0,73714361775.5778,58518359778.23265,3578775172.091765,57792684.11594552,484761245.8413124,71561431.34068343
2025-06-07,155883048108.73074,73045082515.50615,888000000.0,73714361775.5778,58496857360.80952,3569911372.351299,57792684.11594552,484761245.8413124,71561431.34068343
2025-06-08,155883048107.78775,73045082515.50615,888000000.0,73714361775.5778,58459523641.7177,3577270959.076156,57792684.11594552,484761245.8413124,71561431.34068343
2025-06-09,156883048106.04407,73045082515.50615,888000000.0,73714361775.5778,58426085555.83984,3602980575.22026,57792684.11594552,484761245.8413124,71561431.34068343
2025-06-10,156883048104.65967,73045082515.50615,888000000.0,73714361775.5778,58299438979.33552,3634173237.068016,57792684.11594552,484761245.8413124,71561431.34068343
2025-06-11,156883048063.30685,73045082515.50615,888000000.0,73714361775.5778,58494411362.81042,3668405453.421437,57792684.11594552,484761245.8413124,71561431.34068343
2025-06-12,156883048063.16238,73045082515.50615,888000000.0,73714361775.5778,58557189717.96423,3645066329.467453,57792684.11594552,484761245.8413124,71561431.34068343
2025-06-13,156883048059.14236,73045082515.50615,888000000.0,73714361775.5778,59323494566.21328,3609716448.0523305,57792684.11594552,483760245.8413124,71561431.34068343
2025-06-14,156883048059.0892,73045082515.50615,888000000.0,73714361775.5778,59290841716.79836,3605949258.0923815,57792684.11594552,483760245.8413124,71561431.34068343
2025-06-15,156883048058.75262,73045082515.50615,888000000.0,73714361775.5778,59261057628.9034,3601262154.5664134,57792684.11594552,483760245.8413124,71561431.34068343
2025-06-16,156875956539.3882,73037990997.07735,888000000.0,73714361775.5778,59148170461.48899,3608625444.628892,57792684.11594552,483760245.8413124,71561431.34068343
2025-06-17,156875956536.12555,73037990997.07735,888000000.0,73714361775.5778,59061244938.757645,3801863420.9639344,57792684.11594552,483760245.8413124,71561431.34068343
2025-06-18,157644543757.98325,73812341693.0059,888000000.0,73714361775.5778,59213190768.74325,3870775250.537691,57792684.11594552,483760245.8413124,65391431.34068343
2025-06-19,157644543728.60068,73812341693.0059,888000000.0,73714361775.5778,59071931610.20062,3738868599.654709,57792684.11594552,483760245.8413124,65391431.34068343
2025-06-20,157644543728.39575,73812341693.0059,888000000.0,73714361775.5778,58874172405.57663,3713777262.684235,57792684.11594552,483760245.8413124,65391431.34068343
2025-06-21,157644543727.88644,73812341693.0059,888000000.0,73714361775.5778,58836562884.14068,3722636759.718206,57792684.11594552,483760245.8413124,65391431.34068343
2025-06-22,159644543727.436,73812341693.0059,888000000.0,73714361775.5778,58810902654.57942,3703526515.217423,57792684.11594552,483760245.8413124,65391431.34068343
2025-06-23,159644543727.11313,73812341693.0059,888000000.0,73714361775.5778,59104401703.66128,3655098901.87028,57792684.11594552,483760245.8413124,65391431.34068343
2025-06-24,159644543726.26117,73812341693.0059,888000000.0,80707068317.19157,59505852544.89808,3652633793.683629,57792684.11594552,483760245.8413124,65391431.34068343
2025-06-25,159644543725.75763,73812341693.0059,888000000.0,80707068317.19157,59274357680.194565,3630650977.463545,57792684.11594552,483760245.8413124,65391431.34068343
2025-06-26,159644543149.641,73812341693.0059,888000000.0,80707068317.19157,59267680375.88693,3637386299.8515015,57792684.11594552,483760245.8413124,65391431.34068343
2025-06-27,159644543149.34863,73812341693.0059,888000000.0,80707068317.19157,59179350937.45623,3643951493.122832,57792684.11594552,483760245.8413124,65391431.34068343
2025-06-28,159644543149.33997,73812341693.0059,888000000.0,80707068317.19157,59136353707.24815,3640461259.1538377,57792684.11594552,483760245.8413124,65391431.34068343
2025-06-29,159644543147.089,73812341693.0059,888000000.0,80707068317.19157,59087197843.88884,3619182974.490213,57792684.11594552,483760245.8413124,65391431.34068343
2025-06-30,159644543146.05826,73812341693.0059,888000000.0,80707068317.19157,59150111114.09653,3610176088.226924,57792684.11594552,483760245.8413124,65941431.34068343
2025-07-01,159641205421.05115,73812341693.0059,888000000.0,80703730592.82602,59109877733.54775,3602687284.219968,57792684.11594552,483760245.8413124,67941431.34068343
2025-07-02,159641205420.85977,73812341693.0059,888000000.0,80703730592.82602,59190453177.148766,3598071391.0389977,57792684.11594552,483760245.8413124,67941431.34068343
2025-07-03,160640745886.79184,74812341693.0059,888000000.0,80703271059.05971,59531963971.213234,3605306947.790871,57792684.11594552,483760245.8413124,67941431.34068343
2025-07-04,160640745886.1449,74812341693.0059,888000000.0,80703271059.05971,59466549579.85197,3639297343.105386,57792684.11594552,483760245.8413124,67941431.34068343
2025-07-05,160640745880.99338,74812341693.0059,888000000.0,80703271059.05971,59515249711.485535,3635753896.297937,57792684.11594552,483760245.8413124,67941431.34068343
2025-07-06,160640745851.9339,74812341693.0059,888000000.0,80703271059.05971,59525055088.55486,3641306613.70864,57792684.11594552,483760245.8413124,67941431.34068343
2025-07-07,160638659513.78403,74812341693.0059,888000000.0,80701184723.0655,59401024373.0056,3621995356.2505927,57792684.11594552,483760245.8413124,67941431.34068343
2025-07-08,160638659512.27533,74812341693.0059,888000000.0,80701184723.0655,59452791176.26164,3620774048.1921,57792684.11594552,483760245.8413124,67941431.34068343
2025-07-09,160637831674.47263,74811513882.8883,888000000.0,80701184723.0655,59790868430.06078,3634249838.660722,57792684.11594552,483760245.8413124,67941431.34068343
2025-07-10,161637831516.54102,74811513882.8883,888000000.0,81701184723.0655,60203576129.18612,3643703319.139536,57792684.11594552,483760245.8413124,67941431.34068343
2025-07-11,161637831516.2481,74811513882.8883,888000000.0,81701184723.0655,60719806944.911,3630120555.8789854,57792684.11594552,483760245.8413124,67941431.34068343
2025-07-12,161637831514.49014,74811513882.8883,888000000.0,81701184723.0655,60813312273.98974,3626496218.323639,57792684.11594552,483760245.8413124,67941431.34068343
2025-07-13,161637831513.57864,74811513882.8883,888000000.0,81701184723.0655,60826919725.44872,3630584529.097496,57792684.11594552,483760245.8413124,67941431.34068343
2025-07-14,161635643319.6386,74811513882.8883,888000000.0,81698996532.64105,60646085882.830215,3630124187.489488,57792684.11594552,483760245.8413124,67941431.34068343
2025-07-15,161635643316.68073,74811513882.8883,888000000.0,81698996532.64105,59486615194.78049,3633632762.863626,57792684.11594552,483760245.8413124,67941431.34068343
2025-07-16,163635643309.749,76811513882.8883,888000000.0,81698996532.64105,60610656336.01428,3652024466.775148,57792684.11594552,483760245.8413124,67941431.34068343
2025-07-17,164635621739.01132,77811492314.33914,888000000.0,81698996532.64105,62096719930.46742,3641611287.722909,57792684.11594552,483760245.8413124,67941431.34068343
2025-07-18,164635621737.34238,77811492314.33914,888000000.0,81698996532.64105,62424306841.04521,3709704266.821672,55026240.20594552,483760245.8413124,67941431.34068343
2025-07-19,164635621735.29956,77811492314.33914,888000000.0,81698996532.64105,62235164155.5408,3697476687.958736,55026240.20594552,483760245.8413124,67941431.34068343
2025-07-20,164635621731.8787,77811492314.33914,888000000.0,81698996532.64105,62079293584.6231,3707869960.359769,55026240.20594552,483760245.8413124,67941431.34068343
2025-07-21,164635621730.18433,77811492314.33914,888000000.0,81698996532.64105,62078891803.449554,3715229673.6197352,55026240.20594552,483760245.8413124,67941431.34068343
2025-07-22,164635621372.90192,77811492314.33914,888000000.0,81698996532.64105,61961723112.875,3723754064.525952,55026240.20594552,483760245.8413124,67941431.34068343
2025-07-23,164635620882.4285,77811492314.33914,888000000.0,81698996532.64105,62582173002.30152,3724423046.798944,55026240.20594552,483760245.8413124,67941431.34068343
2025-07-24,166629319225.14954,79808166410.2425,888000000.0,81696020780.16325,62968190367.79555,3712255937.3034616,55026240.20594552,483760245.8413124,62941431.34068343
2025-07-25,166629319224.9852,79808166410.2425,888000000.0,81696020780.16325,61863846972.7027,3717228133.892428,55026240.20594552,483760245.8413124,62941431.34068343
2025-07-26,166629319224.59875,79808166410.2425,888000000.0,81696020780.16325,61871730460.09553,3761532390.811832,55026240.20594552,483760245.8413124,62941431.34068343
2025-07-27,166629319221.44186,79808166410.2425,888000000.0,81696020780.16325,61820126137.125824,3758858736.793161,55026240.20594552,483760245.8413124,62941431.34068343
2025-07-28,167628096417.87045,79806943607.12186,888000000.0,82696020780.16325,61360811754.3708,3763027029.0774894,55026240.20594552,483760245.8413124,62941431.34068343
2025-07-29,167628096414.25262,79806943607.12186,888000000.0,82696020780.16325,61117112361.21425,3751538560.015121,55026240.20594552,483760245.8413124,62941431.34068343
2025-07-30,167603710711.39682,79788546909.52373,888000000.0,82690031775.29198,61796106015.35682,3747057699.656424,55026240.20594552,483760245.8413124,62941431.34068343
2025-07-31,167603710708.52307,79788546909.52373,888000000.0,82690031775.29198,61817106350.78666,3750423138.605889,55026240.20594552,483760245.8413124,62941431.34068343
2025-08-01,167603710657.44885,79788546909.52373,888000000.0,82690031775.29198,62053440422.43954,3723781363.9383945,55026240.20594552,483760245.8413124,62941431.34068343
2025-08-02,167603710657.2893,79788546909.52373,888000000.0,82690031775.29198,61941084993.40844,3724517237.968105,55026240.20594552,483760245.8413124,62941431.34068343
2025-08-03,167603710654.70972,79788546909.52373,888000000.0,82690031775.29198,61894939165.94633,3745202149.3928113,55026240.20594552,483760245.8413124,62941431.34068343
2025-08-04,167601564851.59512,79787363485.59059,888000000.0,82689069408.2088,62234693457.57248,3747685057.4824505,55026240.20594552,483760245.8413124,62941431.34068343
2025-08-05,167601564760.7699,79787363485.59059,888000000.0,82689069408.2088,62330362937.39163,3742584500.848506,55026240.20594552,483760245.8413124,63941431.34068343
2025-08-06,167601564756.73856,79787363485.59059,888000000.0,82689069408.2088,62474048083.37299,3739081434.579343,55026240.20594552,483760245.8413124,64941431.34068343
2025-08-07,167601564756.26654,79787363485.59059,888000000.0,82689069408.2088,62350234802.54492,3785189697.503523,55026240.20594552,483760245.8413124,64941431.34068343
2025-08-08,167601564717.4443,79787363485.59059,888000000.0,82689069408.2088,63487684938.85272,3804733235.189929,55026240.20594552,483760245.8413124,64941431.34068343
2025-08-09,167601564704.022,79787363485.59059,888000000.0,82689069408.2088,63515234845.76802,3815831447.550064,55026240.20594552,483760245.8413124,64941431.34068343
2025-08-10,167601564659.83267,79787363485.59059,888000000.0,82689069408.2088,63366644525.54332,3823711590.1190553,55026240.20594552,483760245.8413124,64941431.34068343
2025-08-11,167567484128.74808,79786068572.19035,888000000.0,82656283793.32693,63476103320.10967,3888329753.075451,55026240.20594552,483760245.8413124,64941431.34068343
2025-08-12,167567484128.3416,79786068572.19035,888000000.0,82656283793.32693,64532186803.53307,3923344046.940827,55026240.20594552,483760245.8413124,64941431.34068343
2025-08-13,167567477428.42194,79786068572.19035,888000000.0,82656283793.32693,65095004151.41306,3916469350.8669214,55026240.20594552,483760245.8413124,64941431.34068343
2025-08-14,167567477427.57224,79786068572.19035,888000000.0,82656283793.32693,65514972050.94733,4032119235.1209664,55026240.20594552,483760245.8413124,64941431.34068343
2025-08-15,168567477425.07724,80786068572.19035,888000000.0,82656283793.32693,66128770636.54182,4041094399.4738417,55026240.20594552,483760245.8413124,64941431.34068343
2025-08-16,168567477424.53265,80786068572.19035,888000000.0,82656283793.32693,66113004784.30988,4076268342.456552,55026240.20594552,483760245.8413124,64941431.34068343
2025-08-17,168567477422.18314,80786068572.19035,888000000.0,82656283793.32693,66054983351.52668,4107873702.322173,55026240.20594552,483760245.8413124,64941431.34068343
2025-08-18,168567477411.912,80786068572.19035,888000000.0,82656283793.32693,66254869808.25908,4131724352.6948895,55026240.20594552,483760245.8413124,64941431.34068343
2025-08-19,168567477411.11835,80786068572.19035,888000000.0,82656283793.32693,65683831800.39517,4305360857.421509,55026240.20594552,483760245.8413124,64941431.34068343
2025-08-20,169567477387.17117,81786068572.19035,888000000.0,82656283793.32693,65052398106.638245,4252572266.856044,55026240.20594552,483760245.8413124,64941431.34068343
2025-08-21,169567477385.66068,81786068572.19035,888000000.0,82656283793.32693,65566090569.45991,4242701039.149482,55026240.20594552,483760245.8413124,64941431.34068343
2025-08-22,169552569271.25403,81785141416.74863,888000000.0,82642302842.22385,65577700919.69829,4250644535.5022793,55026240.20594552,483760245.8413124,64941431.34068343
2025-08-23,169552569264.7735,81785141416.74863,888000000.0,82642302842.22385,65568057459.79736,4297918389.753031,55026240.20594552,483760245.8413124,64941431.34068343
2025-08-24,169552569263.3796,81785141416.74863,888000000.0,82642302842.22385,65550615090.83686,4358620035.907699,55026240.20594552,483760245.8413124,64941431.34068343
2025-08-25,169552560261.95242,81785141416.74863,888000000.0,82642293841.82214,66151745600.86513,4497043131.600947,55026240.20594552,483760245.8413124,64941431.34068343
2025-08-26,169552560261.16953,81785141416.74863,888000000.0,82642293841.82214,66908147061.3874,4554724187.698486,55026240.20594552,483760245.8413124,64941431.34068343
2025-08-27,170552560259.722,82785141416.74863,888000000.0,82642293841.82214,67192800608.98572,4632158991.723273,55026240.20594552,483760245.8413124,64941431.34068343
2025-08-28,171551271633.00107,83785141416.74863,888000000.0,82641005217.5952,69050039565.25247,4700559413.706764,55026240.20594552,483760245.8413124,64941431.34068343
2025-08-29,171551271632.68637,83785141416.74863,888000000.0,82641005217.5952,69710464081.46404,4664548035.914684,55026240.20594552,483760245.8413124,64941431.34068343
2025-08-30,172551271631.64648,84785141416.74863,888000000.0,82641005217.5952,69700613915.8079,4619020489.769741,55026240.20594552,483760245.8413124,64941431.34068343
2025-08-31,172551271619.77356,84785141416.74863,888000000.0,82641005217.5952,69675505227.99005,4571910956.099079,55026240.20594552,483760245.8413124,64941431.34068343
2025-09-01,172551271614.23666,84785141416.74863,888000000.0,82641005217.5952,69555539219.35854,4629252606.754619,55026240.20594552,483760245.8413124,64941431.34068343
2025-09-02,172551271609.56924,84785141416.74863,888000000.0,82641005217.5952,69813192113.3819,4611813709.361419,55026240.20594552,483760245.8413124,64941431.34068343
2025-09-03,172551271609.3098,84785141416.74863,888000000.0,82641005217.5952,70500238043.28195,4590761690.154376,55026240.20594552,483760245.8413124,64941431.34068343
2025-09-04,174551271332.17102,86785141416.74863,888000000.0,82641005217.5952,70313110876.82056,4575429277.701998,55026240.20594552,483760245.8413124,65941431.34068343
2025-09-05,174551271331.8101,86785141416.74863,888000000.0,82641005217.5952,70353224241.41196,4536051962.882651,55026240.20594552,483760245.8413124,65941431.34068343
2025-09-06,174551271330.6062,86785141416.74863,888000000.0,82641005217.5952,70314295798.1975,4467745776.359607,55026240.20594552,483760245.8413124,65941431.34068343
2025-09-07,174551271327.17557,86785141416.74863,888000000.0,82641005217.5952,70264948333.66644,4461328148.685943,55026240.20594552,483760245.8413124,65941431.34068343
2025-09-08,174540410637.1621,86775878855.60658,888000000.0,82639407115.7476,70178398325.10364,4460062036.21429,55026240.20594552,483760245.8413124,65941431.34068343
2025-09-09,174540410636.07983,86775878855.60658,888000000.0,82639407115.7476,70492238028.15372,4448661013.738195,55026240.20594552,483760245.8413124,65941431.34068343
2025-09-10,174540410627.3361,86775878855.60658,888000000.0,82639407115.7476,70011059388.83461,4443071185.163238,55026240.20594552,483760245.8413124,65941431.34068343
2025-09-11,174540410623.64722,86775878855.60658,888000000.0,82639407115.7476,70344707387.73492,4454125876.513711,55026240.20594552,483760245.8413124,65941431.34068343
2025-09-12,175540410622.9039,87775878855.60658,888000000.0,82639407115.7476,70801039729.67728,4515194515.012763,55026240.20594552,483760245.8413124,65941431.34068343
2025-09-13,175540410618.0077,87775878855.60658,888000000.0,82639407115.7476,70981631807.51962,4578606026.041506,55026240.20594552,483760245.8413124,65941431.34068343
2025-09-14,176540410617.3395,88775878855.60658,888000000.0,82639407115.7476,70928670580.02223,4581050283.626854,55026240.20594552,483760245.8413124,65941431.34068343
2025-09-15,176540094325.11453,88775654692.25053,888000000.0,82639315059.70856,71190149216.24252,4573425555.226994,55026240.20594552,483760245.8413124,65941431.34068343
2025-09-16,174540094324.17224,90775654692.25052,888000000.0,78639315059.70856,71499215943.91342,4588674009.20363,55026240.20594552,483760245.8413124,65941431.34068343
2025-09-17,174540094323.5044,90775654692.25052,888000000.0,78639315059.70856,71502476555.24008,4574664158.574564,55026240.20594552,483760245.8413124,61252531.34068343
2025-09-18,174890094322.67886,90775654692.25052,888000000.0,78639315059.70856,72254156777.04274,4573261702.114699,55026240.20594552,483760245.8413124,61252531.34068343
2025-09-19,175890094321.99176,91775654692.25052,888000000.0,78639315059.70856,72074666832.41756,4589567870.121122,55026240.20594552,483760245.8413124,61252531.34068343
2025-09-20,175890094321.6602,91775654692.25052,888000000.0,78639315059.70856,71836585935.68138,4632502777.294969,55026240.20594552,483760245.8413124,61252531.34068343
2025-09-21,175890094320.6809,91775654692.25052,888000000.0,78639315059.70856,72005378950.39473,4686152007.659575,55026240.20594552,483760245.8413124,61252531.34068343
2025-09-22,176890094108.68723,92775654692.25052,888000000.0,78639315059.70856,72241334168.95447,4683225079.250043,55026240.20594552,483760245.8413124,61252531.34068343
2025-09-23,176890094107.1236,92775654692.25052,888000000.0,78639315059.70856,72093210164.16933,4674224598.755547,55026240.20594552,483760245.8413124,61252531.34068343
2025-09-24,176890094106.01346,92775654692.25052,888000000.0,78639315059.70856,72320376579.21532,4695712220.443216,55026240.20594552,483760245.8413124,61252531.34068343
2025-09-25,177890093982.52008,93775654692.25052,888000000.0,78639315059.70856,72849390564.01607,4621275207.06997,55026240.20594552,483760245.8413124,61252531.34068343
2025-09-26,177890093966.21118,93775654692.25052,888000000.0,78639315059.70856,72169579379.43088,4601939057.976168,55026240.20594552,483760245.8413124,61252531.34068343
2025-09-27,178890093965.73233,94775654692.25052,888000000.0,78639315059.70856,72063951285.70064,4580969414.409472,55026240.20594552,483760245.8413124,61252531.34068343
2025-09-28,178890093964.60873,94775654692.25052,888000000.0,78639315059.70856,71862180836.7681,4591162939.200188,55026240.20594552,483760245.8413124,61252531.34068343
2025-09-29,178890093960.94656,94775654692.25052,888000000.0,78639315059.70856,71652375754.31331,4584536011.135408,55026240.20594552,483760245.8413124,61252531.34068343
2025-09-30,178885546489.16632,94775654692.25052,888000000.0,78634767591.48428,72333118875.94327,4581363439.252579,55026240.20594552,483760245.8413124,61252531.34068343
2025-10-01,178885546486.99155,94775654692.25052,888000000.0,78634767591.48428,72082325750.14244,4583140305.456462,55026240.20594552,483760245.8413124,61252531.34068343
2025-10-02,180885546475.32544,96775654692.25052,888000000.0,78634767591.48428,72670159296.3074,4523156917.752134,55026240.20594552,483760245.8413124,61252531.34068343
2025-10-03,180845355294.42896,96774310767.96594,888000000.0,78595920346.63908,73617792113.41528,4548335897.803556,55026240.20594552,483760245.8413124,61252531.34068343
2025-10-04,180844986329.1994,96773941803.66,888000000.0,78595920346.63908,73470874161.72917,4549461384.075603,55026240.20594552,483760245.8413124,61252531.34068343
2025-10-05,180844985730.9396,96773941803.66,888000000.0,78595920346.63908,73282409439.89183,4536708212.799854,55026240.20594552,483760245.8413124,61252531.34068343
2025-10-06,180844985729.2862,96773941803.66,888000000.0,78595920346.63908,73492345199.91606,4525635337.859576,55026240.20594552,483760245.8413124,61252531.34068343
2025-10-07,180844985729.1809,96773941803.66,888000000.0,78595920346.63908,73770246753.19653,4528756038.059526,55026240.20594552,483760245.8413124,61252531.34068343
2025-10-08,180841220226.6953,96773786757.55826,888000000.0,78592309891.88835,73830115163.55437,4543904877.93288,55026240.20594552,483760245.8413124,61252531.34068343
2025-10-09,180841220225.3154,96773786757.55826,888000000.0,78592309891.88835,74034577703.81017,4599292221.163851,55026240.20594552,483760245.8413124,61252531.34068343
2025-10-10,181827342172.23813,97761403383.80437,888000000.0,78590815212.86964,73145463086.31189,4622645823.175178,55026240.20594552,483760245.8413124,61252531.34068343
2025-10-11,181827342163.76376,97761403383.80437,888000000.0,78590815212.86964,73934331200.37231,4643901097.518034,55026240.20594552,483760245.8413124,61252531.34068343
2025-10-12,181827342162.5116,97761403383.80437,888000000.0,78590815212.86964,73740618306.07501,4589348337.768036,55026240.20594552,483760245.8413124,61252531.34068343
2025-10-13,182827342157.2465,98761403383.80437,888000000.0,78590815212.86964,73795060556.47717,4524632660.264159,55026240.20594552,483760245.8413124,61252531.34068343
2025-10-14,182827342112.37912,98761403383.80437,888000000.0,78590815212.86964,74445284487.56209,4535381211.238477,55026240.20594552,483760245.8413124,61252531.34068343
2025-10-15,183827342095.8888,99761403383.80437,888000000.0,78590815212.86964,74116235944.74147,4567157270.353323,55026240.20594552,483760245.8413124,61252531.34068343
2025-10-16,183827342092.61197,99761403383.80437,888000000.0,78590815212.86964,73989797554.19089,4585191302.271639,55026240.20594552,483760245.8413124,61252531.34068343
2025-10-17,183827342089.34436,99761403383.80437,888000000.0,78590815212.86964,74384862956.24573,4571689084.917458,55026240.20594552,483760245.8413124,61252531.34068343
2025-10-18,184827341925.8788,100761403383.80437,888000000.0,78590815212.86964,74225575882.21715,4605690041.67982,55026240.20594552,483760245.8413124,61252531.34068343
2025-10-19,184816344228.2844,100758801367.64851,888000000.0,78582419576.66437,74179647241.72777,4632819901.479445,55026240.20594552,483760245.8413124,61252531.34068343
2025-10-20,184816344225.88245,100758801367.64851,888000000.0,78582419576.66437,74207790183.75035,4675798856.610456,55026240.20594552,483760245.8413124,61252531.34068343
2025-10-21,185797477227.5803,101743324144.05524,888000000.0,78579029805.84715,74356557708.26115,4640976819.173372,55026240.20594552,483760245.8413124,60252531.34068343
2025-10-22,185797477225.8361,101743324144.05524,888000000.0,78579029805.84715,74621179449.93137,4676284102.23825,55026240.20594552,483760245.8413124,59752531.34068343
2025-10-23,185797477222.9326,101743324144.05524,888000000.0,78579029805.84715,74453531250.83516,4681289654.819381,55026240.20594552,483760245.8413124,59752531.34068343
2025-10-24,185795668796.09372,101743128855.35393,888000000.0,78577416673.25807,74152741583.4639,4685810065.801586,55026240.20594552,483760245.8413124,58752531.34068343
2025-10-25,185795668789.40323,101743128855.35393,888000000.0,78577416673.25807,74068135023.5714,4695624919.1530695,55026240.20594552,483760245.8413124,58752531.34068343
2025-10-26,185795668783.71432,101743128855.35393,888000000.0,78577416673.25807,73964317732.06772,4666815412.803348,55026240.20594552,483760245.8413124,58752531.34068343
2025-10-27,185795668780.55707,101743128855.35393,888000000.0,78577416673.25807,74359119759.30278,4663746529.425141,55026240.20594552,483760245.8413124,58752531.34068343
2025-10-28,185788719365.34235,101742998349.22047,888000000.0,78570597773.24063,74081097549.0322,4666036846.715092,55026240.20594552,483760245.8413124,58752531.34068343
2025-10-29,185780079637.4446,101742998349.22047,888000000.0,78561958049.83067,74190583566.01468,4662732268.06671,55026240.20594552,483760245.8413124,58252531.34068343
2025-10-30,185779551731.5502,101742998349.22047,888000000.0,78561430147.67465,73878137265.60254,4667044640.171498,55026240.20594552,483760245.8413124,58252531.34068343
2025-10-31,185779551728.2029,101742998349.22047,888000000.0,78561430147.67465,73571909562.79948,4636900945.390003,55026240.20594552,483760245.8413124,53699426.34068343
2025-11-01,185779551727.9404,101742998349.22047,888000000.0,78561430147.67465,74109019641.96916,4633497937.978406,55026240.20594552,483760245.8413124,53699426.34068343
2025-11-02,185779551727.03683,101742998349.22047,888000000.0,78561430147.67465,73998105315.56732,4654038162.852177,55026240.20594552,483760245.8413124,53699426.34068343
2025-11-03,185779551723.34387,101742998349.22047,888000000.0,78561430147.67465,73591053790.50902,4694080995.414483,55026240.20594552,483760245.8413124,54699426.34068343
2025-11-04,185769552788.6249,101739436764.3799,888000000.0,78554992805.22586,73152254854.90462,4632466474.144668,55026240.20594552,483760245.8413124,55699426.34068343
2025-11-05,185769497787.54636,101739381764.3799,888000000.0,78554992805.22586,73131773770.32112,4592240436.902646,55026240.20594552,483760245.8413124,55699426.34068343
2025-11-06,185769497780.59875,101739381764.3799,888000000.0,78554992805.22586,73580166371.75824,4543034097.263182,55026240.20594552,483760245.8413124,55699426.34068343
2025-11-07,185769497772.43216,101739381764.3799,888000000.0,78554992805.22586,74236673498.72914,4542465403.449845,55026240.20594552,483760245.8413124,55699426.34068343
2025-11-08,185731979511.6528,101704292537.00153,888000000.0,78552563774.86147,74108507208.89935,4548970372.909202,55026240.20594552,483760245.8413124,55699426.34068343
2025-11-09,185731979487.7483,101704292537.00153,888000000.0,78552563774.86147,74069131388.80461,4541390531.927876,55026240.20594552,483760245.8413124,55699426.34068343
2025-11-10,186731162527.56183,102704292537.00153,888000000.0,78551746819.02257,74645014326.05702,4582897006.06868,55026240.20594552,483760245.8413124,55699426.34068343
2025-11-11,186731162521.7385,102704292537.00153,888000000.0,78551746819.02257,74424618467.01617,4564715754.985585,55026240.20594552,483760245.8413124,55699426.34068343
2025-11-12,186731162519.47748,102704292537.00153,888000000.0,78551746819.02257,74097563917.53639,4557018058.434427,55026240.20594552,483760245.8413124,55699426.34068343
2025-11-13,186731162513.9009,102704292537.00153,888000000.0,78551746819.02257,73791556676.88885,4540507218.609151,55026240.20594552,483760245.8413124,55699426.34068343
2025-11-14,186725822087.71487,102703496810.60872,888000000.0,78547202130.28821,73595769179.71306,4523212756.6204815,55026240.20594552,483760245.8413124,55699426.34068343
2025-11-15,186725822085.28943,102703496810.60872,888000000.0,78547202130.28821,73457891713.03847,4524228021.9953375,55026240.20594552,483760245.8413124,55699426.34068343
2025-11-16,186725821659.57263,102703496810.60872,888000000.0,78547202130.28821,73623123561.5733,4515937042.800834,55026240.20594552,483760245.8413124,55699426.34068343
2025-11-17,186725821658.02405,102703496810.60872,888000000.0,78547202130.28821,73278180063.79712,4508880098.117759,55026240.20594552,483760245.8413124,57857426.34068343
2025-11-18,186725821644.9864,102703496810.60872,888000000.0,78547202130.28821,73639512569.64122,4529819850.006194,55026240.20594552,483760245.8413124,57857426.34068343
2025-11-19,186721826208.3065,102703466805.74496,888000000.0,78543236699.76852,73300624163.97784,4492344554.2934265,55026240.20594552,483760245.8413124,57857426.34068343
2025-11-20,186721821198.82825,102703461805.74496,888000000.0,78543236699.76852,72471899259.78535,4488409350.574363,55026240.20594552,483760245.8413124,57857426.34068343
2025-11-21,186721821198.22092,102703461805.74496,888000000.0,78543236699.76852,72743406979.14781,4403379530.529958,55026240.20594552,483760245.8413124,53557425.34068343
2025-11-22,186721821197.1333,102703461805.74496,888000000.0,78543236699.76852,72627792635.20111,4392380165.75085,55026240.20594552,483760245.8413124,53557425.34068343
2025-11-23,186721821189.76276,102703461805.74496,888000000.0,78543236699.76852,72609194622.75346,4410819593.090379,55026240.20594552,483760245.8413124,53557425.34068343
2025-11-24,186721821179.8406,102703461805.74496,888000000.0,78543236699.76852,73420603162.75618,4426053224.364254,55026240.20594552,483760245.8413124,53557425.34068343
2025-11-25,186714206401.36957,102696605277.3862,888000000.0,78542478460.25233,73423476350.87978,4448655072.983689,55026240.20594552,483760245.8413124,60557425.34068343
2025-11-26,186686353396.85516,102696605277.3862,888000000.0,78514625471.48778,73990623916.41756,4458681532.2519655,55026240.20594552,483760245.8413124,55557425.34068343
2025-11-27,186686353381.1974,102696605277.3862,888000000.0,78514625471.48778,74401985873.4823,4449363072.201707,55026240.20594552,483760245.8413124,55557425.34068343
2025-11-28,186686353380.5245,102696605277.3862,888000000.0,78514625471.48778,74755278239.1482,4444529374.157785,55026240.20594552,483760245.8413124,55557425.34068343
2025-11-29,186686353338.71948,102696605277.3862,888000000.0,78514625471.48778,75176193226.68599,4434137444.539281,55026240.20594552,483760245.8413124,55557425.34068343
2025-11-30,186686353336.3516,102696605277.3862,888000000.0,78514625471.48778,74982485644.27182,4436355211.546966,55026240.20594552,483760245.8413124,55557425.34068343
2025-12-01,186686353333.63156,102696605277.3862,888000000.0,78514625471.48778,75779161402.97734,4392658996.993491,55026240.20594552,483760245.8413124,55557425.34068343
2025-12-02,187678029620.8636,102696605277.3862,888000000.0,79506301759.42648,75466829549.89355,4370105644.39705,55026240.20594552,483760245.8413124,55557425.34068343
2025-12-03,187678029618.6469,102696605277.3862,888000000.0,79506301759.42648,75865895550.63779,4346131758.425342,55026240.20594552,483760245.8413124,55557425.34068343
2025-12-04,187678029611.52023,102696605277.3862,888000000.0,79506301759.42648,76050169181.83235,4343946741.000786,55026240.20594552,483761245.8413124,55557425.34068343
2025-12-05,187677945033.32156,102696605277.3862,888000000.0,79506217190.60475,76347484320.15881,4339051897.401582,55026240.20594552,485241577.4872941,55557425.34068343
2025-12-06,187677945032.3436,102696605277.3862,888000000.0,79506217190.60475,76296116701.26186,4336440177.0833,55026240.20594552,485241577.4872941,55557425.34068343
2025-12-07,187677945026.84372,102696605277.3862,888000000.0,79506217190.60475,76280865353.76523,4340640972.667079,55026240.20594552,485241577.4872941,55557425.34068343
2025-12-08,188677945025.90607,102696605277.3862,888000000.0,80506217190.60475,76502985472.92372,4333810067.405031,55026240.20594552,485241577.4872941,55557425.34068343
2025-12-09,188677945023.47876,102696605277.3862,888000000.0,80506217190.60475,76667444668.82613,4345231194.287699,55026240.20594552,485241577.4872941,55557425.34068343
2025-12-10,188677038581.6824,102696605277.3862,888000000.0,80505310750.46281,76626509862.2685,4346763088.862671,55026240.20594552,485241577.4872941,49557425.34068343
2025-12-11,188677038580.72623,102696605277.3862,888000000.0,80505310750.46281,76993698211.30272,4331239246.66218,55026240.20594552,485241577.4872941,49557425.34068343
2025-12-12,188677038570.93103,102696605277.3862,888000000.0,80505310750.46281,76630814842.81398,4341454076.151653,55026240.20594552,485241577.4872941,49557425.34068343
2025-12-13,188677038570.47235,102696605277.3862,888000000.0,80505310750.46281,76534015956.9627,4337583660.824806,55026240.20594552,485241577.4872941,49557425.34068343
2025-12-14,188677038569.52945,102696605277.3862,888000000.0,80505310750.46281,76507112355.07602,4357038520.710537,55026240.20594552,485241577.4872941,49557425.34068343
2025-12-15,188673616417.4936,102696575277.3862,888000000.0,80501918601.41902,76529016731.33609,4343806531.149071,55026240.20594552,485241577.4872941,49557425.34068343
2025-12-16,188673616348.9067,102696575277.3862,888000000.0,80501918601.41902,76061358789.37952,4328923176.87998,55026240.20594552,485241577.4872941,49557425.34068343
2025-12-17,188670863169.93307,102695909724.15092,888000000.0,80499830990.31593,76084366031.62627,4317214852.834422,55026240.20594552,485241577.4872941,49557425.34068343
2025-12-18,188670793140.22116,102695839704.14722,888000000.0,80499830990.31593,75218294801.1991,4301630515.243664,55026240.20594552,485241577.4872941,49557425.34068343
2025-12-19,188669745760.58044,102695458675.715,888000000.0,80499164641.31381,74820648473.19316,4282808390.748087,55026240.20594552,485241577.4872941,49557425.34068343
2025-12-20,188669745759.1493,102695458675.715,888000000.0,80499164641.31381,74791659010.20001,4260268246.8359504,55026240.20594552,485241577.4872941,49557425.34068343
2025-12-21,188669745758.3516,102695458675.715,888000000.0,80499164641.31381,74726191033.69603,4266628047.29499,55026240.20594552,485241577.4872941,49557425.34068343
2025-12-22,188669745756.75064,102695458675.715,888000000.0,80499164641.31381,74856864353.3341,4262486669.891489,55026240.20594552,485241577.4872941,49557425.34068343
2025-12-23,188669745754.2796,102695458675.715,888000000.0,80499164641.31381,74765991207.35353,4255221039.3891335,55026240.20594552,485241577.4872941,49557425.34068343
2025-12-24,188669745752.9656,102695458675.715,888000000.0,80499164641.31381,74216237540.94997,4246294899.845397,55026240.20594552,485241577.4872941,49557425.34068343
2025-12-25,188669745752.18265,102695458675.715,888000000.0,80499164641.31381,74090900283.16081,4254351531.3642735,55026240.20594552,485241577.4872941,49557425.34068343
2025-12-26,188669745751.4466,102695458675.715,888000000.0,80499164641.31381,74534644745.88472,4244153277.811187,55026240.20594552,485241577.4872941,49557425.34068343
2025-12-27,188669745749.6255,102695458675.715,888000000.0,80499164641.31381,74468366886.54208,4251813042.823431,55026240.20594552,485241577.4872941,49557425.34068343
2025-12-28,188669745748.8438,102695458675.715,888000000.0,80499164641.31381,74390957279.94951,4247640029.0805225,55026240.20594552,485241577.4872941,49557425.34068343
2025-12-29,188669745746.20197,102695458675.715,888000000.0,80499164641.31381,73650017371.13148,4237631276.7578206,55026240.20594552,485241577.4872941,45557425.34068343
2025-12-30,189669745744.01312,102695458675.715,888000000.0,81499164641.31381,74159313559.4973,4226651792.859474,55026240.20594552,485241577.4872941,45557425.34068343
2025-12-31,189669745742.81512,102695458675.715,888000000.0,81499164641.31381,73426575234.58449,4228867257.476292,55026240.20594552,485241577.4872941,45557425.34068343
2026-01-01,189669745742.04608,102695458675.715,888000000.0,81499164641.31381,73252266705.7838,4226572539.804794,55026240.20594552,485241577.4872941,45557425.34068343
2026-01-02,189669745739.4901,102695458675.715,888000000.0,81499164641.31381,73584525760.02637,4229065826.730073,55026240.20594552,485241577.4872941,45557425.34068343
2026-01-03,189663425961.2324,102692309852.54984,888000000.0,81495993686.7168,73558768719.34178,4230005184.2063866,55026240.20594552,485241577.4872941,45557425.34068343
2026-01-04,189663425958.62323,102692309852.54984,888000000.0,81495993686.7168,73545477510.6393,4232004745.355662,55026240.20594552,485241577.4872941,45557425.34068343
2026-01-05,189663425950.746,102692309852.54984,888000000.0,81495993686.7168,73531951721.08855,4235534006.8902097,55026240.20594552,485241577.4872941,45557425.34068343
2026-01-06,189660890858.7763,102692309852.54984,888000000.0,81493458684.04112,73543130210.6523,4250970885.391093,54645311.25594552,485241577.4872941,45557425.34068343
2026-01-07,189660890855.4383,102692309852.54984,888000000.0,81493458684.04112,73245689569.13129,4246347569.197852,54645311.25594552,485241577.4872941,45557425.34068343
2026-01-08,189660890847.17084,102692309852.54984,888000000.0,81493458684.04112,73273985501.37328,4244653008.471756,54645311.25594552,485241577.4872941,45557425.34068343
2026-01-09,190660890843.21817,102692309852.54984,888000000.0,82493458684.04112,72743405459.18596,4244631553.117535,54645311.25594552,485241577.4872941,45557425.34068343
2026-01-10,190600929336.3167,102648017097.58067,888000000.0,82477789932.47598,72636762648.52385,4244005233.4199166,54645311.25594552,485241577.4872941,45557425.34068343
2026-01-11,190600929326.37912,102648017097.58067,888000000.0,82477789932.47598,72649735168.22455,4263662552.39504,54645311.25594552,485241577.4872941,45557425.34068343
2026-01-12,190600929301.192,102648017097.58067,888000000.0,82477789932.47598,72240133045.55058,4273224309.27269,54645311.25594552,485241577.4872941,45557425.34068343
2026-01-13,190600929293.50055,102648017097.58067,888000000.0,82477789932.47598,73187453137.37022,4361797867.1266365,54645311.25594552,485241577.4872941,45557425.34068343
2026-01-14,190565703947.97992,102647954301.02742,888000000.0,82442627386.6443,73978997704.60869,4423819726.23312,54645311.25594552,485241577.4872941,45557425.34068343
2026-01-15,190565703653.39655,102647954301.02742,888000000.0,82442627386.6443,73993838819.99883,4424627782.878664,54645311.25594552,485241577.4872941,45557425.34068343
2026-01-16,190565601488.1609,102647954301.02742,888000000.0,82442525238.51791,74369885655.88199,4417549701.598745,54645311.25594552,485241577.4872941,45557425.34068343
2026-01-17,190565601467.69183,102647954301.02742,888000000.0,82442525238.51791,74331604330.26251,4421497268.921239,54645311.25594552,485241567.4872941,45557425.34068343
2026-01-18,190565601465.9373,102647954301.02742,888000000.0,82442525238.51791,74278031978.15224,4427169580.269394,54645311.25594552,485241567.4872941,45557425.34068343
2026-01-19,191315601465.5062,102647954301.02742,888000000.0,82442525238.51791,73773550446.70097,4390502719.342323,54645311.25594552,485241567.4872941,45557425.34068343
2026-01-20,189315601459.81735,99647954301.02742,888000000.0,83442525238.51791,72754170535.91144,4380936135.320105,54645311.25594552,485241567.4872941,45557425.34068343
2026-01-21,189304828814.788,99639902896.7249,888000000.0,83439804000.56566,72474227586.4624,4379178457.830987,54645311.25594552,485241567.4872941,45557425.34068343
2026-01-22,189304828814.0979,99639902896.7249,888000000.0,83439804000.56566,71472000080.62337,4387826807.860334,54645311.25594552,485241567.4872941,45557425.34068343
2026-01-23,189304828813.43536,99639902896.7249,888000000.0,83439804000.56566,70973807098.85297,4369018865.6171255,54645311.25594552,485241567.4872941,45557425.34068343
2026-01-24,189304828810.82867,99639902896.7249,888000000.0,83439804000.56566,70527610595.23076,4365251488.419764,54645311.25594552,485241567.4872941,45557425.34068343
2026-01-25,189304828790.2675,99639902896.7249,888000000.0,83439804000.56566,70268654333.68883,4361515470.515644,54645311.25594552,485241567.4872941,45557425.34068343
2026-01-26,189303375875.28293,99639902896.7249,888000000.0,83438351087.56207,70033565721.43082,4368643029.5859375,54645311.25594552,485241567.4872941,45557425.34068343
2026-01-27,189303375873.7349,99639902896.7249,888000000.0,83438351087.56207,69775638261.6757,4358606685.246585,54645311.25594552,485241567.4872941,45557425.34068343
2026-01-28,189303375869.83835,99639902896.7249,888000000.0,83438351087.56207,68906940156.44196,4352357705.18886,54645311.25594552,485241567.4872941,45557425.34068343
2026-01-29,189303375868.14127,99639902896.7249,888000000.0,83438351087.56207,68428244892.44497,4348748642.220414,54645311.25594552,485241567.4872941,45557425.34068343
2026-01-30,189302988146.147,99639902896.7249,888000000.0,83437963367.12494,67828962924.23936,4341776533.927779,40026297.12594552,485241567.4872941,45557425.34068343
2026-01-31,189301226377.25623,99638141128.7318,888000000.0,83437963367.12494,67724994551.207245,4350502103.757549,40026297.12594552,485241567.4872941,45557425.34068343
2026-02-01,189301226375.5706,99638141128.7318,888000000.0,83437963367.12494,68154558146.83832,4321575841.23386,40026297.12594552,485241567.4872941,45557425.34068343
2026-02-02,189301226373.0977,99638141128.7318,888000000.0,83437963367.12494,68589169719.848015,4319235498.566099,40026297.12594552,485241567.4872941,45557425.34068343
2026-02-03,189301226372.2474,99638141128.7318,888000000.0,83437963367.12494,69058999906.99106,4308125082.012489,40026297.12594552,485241567.4872941,45557425.34068343
2026-02-04,190293965663.10275,99630880420.05952,888000000.0,84437963367.12494,68672717255.10764,4297481553.507502,40026297.12594552,485241567.4872941,45557425.34068343
2026-02-05,190293965522.1192,99630880420.05952,888000000.0,84437963367.12494,68273983763.34439,4266376736.8183374,40026297.12594552,485241567.4872941,45557425.34068343
2026-02-06,191293965518.9756,99630880420.05952,888000000.0,85437963367.12494,70662789247.21606,4214862222.103479,40026297.12594552,485241567.4872941,44499728.98559243
2026-02-07,191293965512.7388,99630880420.05952,888000000.0,85437963367.12494,71054952366.57793,4209408763.2706394,40026297.12594552,485241567.4872941,44499728.98559243
2026-02-08,191293965512.1475,99630880420.05952,888000000.0,85437963367.12494,71028486704.33485,4193756656.889656,40026297.12594552,485241567.4872941,44499728.98559243
2026-02-09,191293965510.1317,99630880420.05952,888000000.0,85437963367.12494,71373709885.46286,4192501069.565456,40026297.12594552,485241567.4872941,44499728.98559243
2026-02-10,187793965507.79196,96130880420.05952,888000000.0,85437963367.12494,71560179470.74312,4195564119.368651,40026297.12594552,485241567.4872941,44499728.98559243
2026-02-11,187791235281.892,96130880420.05952,888000000.0,85435233141.69504,71644073737.78455,4172747812.914935,40026297.12594552,485241567.4872941,44499728.98559243
2026-02-12,187791235281.61063,96130880420.05952,888000000.0,85435233141.69504,71595930544.65431,4176041488.8940144,40026297.12594552,485241567.4872941,44499728.98559243
2026-02-13,187783071597.62827,96124671259.11848,888000000.0,85433278619.89682,71575518443.4444,4156593501.2233305,40026297.12594552,485241567.4872941,44499728.98559243
2026-02-14,187783071597.48416,96124671259.11848,888000000.0,85433278619.89682,71777392547.27153,4161575695.8738,40026297.12594552,485241567.4872941,44499728.98559243
2026-02-15,187783071597.24844,96124671259.11848,888000000.0,85433278619.89682,71696866057.73514,4158420084.520204,40026297.12594552,485241567.4872941,44499728.98559243
2026-02-16,187774249818.68564,96124671259.11848,888000000.0,85424456873.4874,71780721569.18796,4157994578.881985,40026297.12594552,485241567.4872941,44499728.98559243
2026-02-17,187773999929.001,96124421370.40414,888000000.0,85424456873.4874,71716081759.77126,4162408263.727536,40026297.12594552,485241567.4872941,44499728.98559243
2026-02-18,187770970080.8925,96122241433.9314,888000000.0,85423606962.91278,71976104875.56635,4206370752.027141,40026297.12594552,485241567.4872941,44499728.98559243
2026-02-19,187770970078.1204,96122241433.9314,888000000.0,85423606962.91278,71968680209.0073,4200082693.002827,40026297.12594552,485241567.4872941,44499728.98559243
2026-02-20,187758213018.99792,96121766396.85931,888000000.0,85411324944.33937,72504165665.6377,4192198501.5867295,40026297.12594552,485241567.4872941,44499728.98559243
2026-02-21,187758213010.3654,96121766396.85931,888000000.0,85411324944.33937,72465549835.71152,4180562735.9492135,40026297.12594552,485241567.4872941,44499728.98559243
2026-02-22,187758213009.454,96121766396.85931,888000000.0,85411324944.33937,72506272099.25854,4184767546.987545,40026297.12594552,485241567.4872941,44499728.98559243
2026-02-23,187758212959.64053,96121766396.85931,888000000.0,85411324944.33937,72926460664.48764,4184758270.554661,40026297.12594552,485241567.4872941,44499728.98559243
2026-02-24,187757018394.151,96121766396.85931,888000000.0,85410130380.09827,73143553755.29199,4189205502.059598,40026297.12594552,485241567.4872941,44499729.98559243
2026-02-25,187757018391.99823,96121766396.85931,888000000.0,85410130380.09827,73518747315.8382,4209612025.869132,40026297.12594552,485241567.4872941,37709211.98559243
2026-02-26,187757018370.72668,96121766396.85931,888000000.0,85410130380.09827,73502799823.77734,4205147940.869771,40026297.12594552,485241567.4872941,37709192.98559243
2026-02-27,187756416594.2336,96121184635.23907,888000000.0,85410110393.16931,73256196865.1197,4181943538.485332,40026297.12594552,485241567.4872941,37709192.98559243
2026-02-28,187756416591.89905,96121184635.23907,888000000.0,85410110393.16931,73166286037.02036,4181172420.14553,40026297.12594552,485241567.4872941,37709192.98559243
2026-03-01,187756416591.3484,96121184635.23907,888000000.0,85410110393.16931,73090313753.05199,4201848191.609927,40026297.12594552,485241567.4872941,37709192.98559243
2026-03-02,187753581738.36227,96118349783.46742,888000000.0,85410110393.16931,73749652325.75787,4229263931.642933,40026297.12594552,485241567.4872941,37709192.98559243
2026-03-03,187753581738.1632,96118349783.46742,888000000.0,85410110393.16931,74425629128.79358,4231313362.9251695,40026297.12594552,485241567.4872941,37709192.98559243
2026-03-04,187753581733.18536,96118349783.46742,888000000.0,85410110393.16931,74599038089.58852,4272212535.100896,40026297.12594552,485241567.4872941,37709192.98559243
2026-03-05,187751656035.8344,96117790049.8405,888000000.0,85408744429.88791,75044636117.78108,4282485357.764648,40026297.12594552,485241567.4872941,37709192.98559243
2026-03-06,187751656035.66327,96117790049.8405,888000000.0,85408744429.88791,75490031571.89145,4275537628.117805,40026297.12594552,485241567.4872941,37709192.98559243
2026-03-07,187751656034.33243,96117790049.8405,888000000.0,85408744429.88791,75350802639.40756,4291232923.372144,40026297.12594552,485241567.4872941,37709192.98559243
2026-03-08,187751656031.6601,96117790049.8405,888000000.0,85408744429.88791,75294915730.7263,4286425484.9606,40026297.12594552,485241567.4872941,37709192.98559243
2026-03-09,187751656031.4153,96117790049.8405,888000000.0,85408744429.88791,76034413605.24081,4271356432.07711,40026297.12594552,485241567.4872941,37709192.98559243
2026-03-10,187751656031.16568,96117790049.8405,888000000.0,85408744429.88791,76518362231.82858,4270218980.421911,40026297.12594552,485241567.4872941,37709192.98559243
2026-03-11,188748815484.8342,96117776799.04604,888000000.0,86405917137.61833,76376951549.72247,4262344265.424487,40026297.12594552,485241567.4872941,37709192.98559243
2026-03-12,188748815472.55777,96117776799.04604,888000000.0,86405917137.61833,76420359778.25716,4272777875.740775,40026297.12594552,485241567.4872941,37709192.98559243
2026-03-13,188748815434.67838,96117776799.04604,888000000.0,86405917137.61833,76884312814.82559,4287943968.807873,40026297.12594552,485241567.4872941,37709192.98559243
2026-03-14,188748815432.50543,96117776799.04604,888000000.0,86405917137.61833,76794233038.49182,4285311369.39344,40026297.12594552,485241567.4872941,37709192.98559243
2026-03-15,188748815431.74692,96117776799.04604,888000000.0,86405917137.61833,76731558901.00317,4286880235.160866,40026297.12594552,485241567.4872941,37709192.98559243
2026-03-16,188748718657.6478,96117694991.757,888000000.0,86405902251.74391,76819233510.79282,4289217256.336398,40026297.12594552,485241567.4872941,37709192.98559243
2026-03-17,188748718656.08456,96117694991.757,888000000.0,86405902251.74391,77085247576.32042,4296745006.109745,40026297.12594552,485241567.4872941,37709192.98559243
2026-03-18,188745314353.97372,96116842786.87498,888000000.0,86403350159.5652,77017761458.00792,4299280386.324106,40026297.12594552,485241567.4872941,37709192.98559243
2026-03-19,188745314351.17877,96116842786.87498,888000000.0,86403350159.5652,76559257084.58717,4312301475.983321,40026297.12594552,485241567.4872941,37709192.98559243
2026-03-20,188745314350.08432,96116842786.87498,888000000.0,86403350159.5652,76462913586.64334,4316416061.328353,40026297.12594552,485241567.4872941,37709192.98559243
2026-03-21,188745314344.46368,96116842786.87498,888000000.0,86403350159.5652,76371164977.80061,4320627470.206933,40026297.12594552,485241567.4872941,37709192.98559243
2026-03-22,188745314240.15613,96116842786.87498,888000000.0,86403350159.5652,76263380958.12016,4316029856.204657,40026297.12594552,485241567.4872941,37709192.98559243
2026-03-23,188743400608.09903,96115409244.179,888000000.0,86402870073.00516,76124410813.33159,4310355322.23361,40026297.12594552,485241567.4872941,37709192.98559243
2026-03-24,188743400605.42703,96115409244.179,888000000.0,86402870073.00516,76051739103.6443,4301295308.266205,40026297.12594552,485241567.4872941,37709192.98559243
2026-03-25,188743383674.70517,96115409244.179,888000000.0,86402853142.58426,75999293376.755,4313817720.656837,40026297.12594552,485241567.4872941,37709192.98559243
2026-03-26,188743378435.74625,96115409244.179,888000000.0,86402853142.58426,75266970085.3315,4310477591.842003,40026297.12594552,485241567.4872941,37709192.98559243
2026-03-27,188743378435.16785,96115409244.179,888000000.0,86402853142.58426,74982147321.8303,4302841410.522141,40026297.12594552,485241567.4872941,37709192.98559243
2026-03-28,188743378433.51443,96115409244.179,888000000.0,86402853142.58426,74908953193.73239,4306583913.301575,40026297.12594552,485241567.4872941,37709192.98559243
2026-03-29,188743378426.79117,96115409244.179,888000000.0,86402853142.58426,74808692869.51797,4331078525.993826,40026297.12594552,485241567.4872941,37709192.98559243
2026-03-30,188743378426.30463,96115409244.179,888000000.0,86402853142.58426,74761346376.6283,4358938492.51809,40026297.12594552,485241567.4872941,37709192.98559243
2026-03-31,188735851998.8427,96114281049.09854,888000000.0,86396454912.17667,74436167426.03925,4395824270.922406,40026297.12594552,485241567.4872941,37709192.98559243
2026-04-01,188735851097.40305,96114281049.09854,888000000.0,86396454912.17667,74227312300.4259,4423785170.69135,40026297.12594552,485241567.4872941,37709192.98559243
2026-04-02,188735851096.76364,96114281049.09854,888000000.0,86396454912.17667,74503639054.41019,4437750588.742548,40026297.12594552,485241567.4872941,37709192.98559243
2026-04-03,188735851096.63852,96114281049.09854,888000000.0,86396454912.17667,74666929344.19272,4444810303.778666,40026297.12594552,485241567.4872941,37709192.98559243
2026-04-04,188735851094.2911,96114281049.09854,888000000.0,86396454912.17667,74629370388.05602,4449614874.977609,40026297.12594552,485241567.4872941,37709192.98559243
2026-04-05,188735851093.8293,96114281049.09854,888000000.0,86396454912.17667,74560401401.77724,4452083599.388754,40026297.12594552,485241567.4872941,37709192.98559243
2026-04-06,188709454016.0196,96088617256.91136,888000000.0,86395721627.43321,74819772061.28687,4469877813.995257,40026297.12594552,485241567.4872941,37709192.98559243
2026-04-07,188709454015.921,96088617256.91136,888000000.0,86395721627.43321,74908819772.25027,4449212579.415412,40026297.12594552,485241567.4872941,37709192.98559243
2026-04-08,188704471292.7178,96083634534.843,888000000.0,86395721627.43321,75051304415.00618,4415923045.395008,40026297.12594552,485241567.4872941,37709192.98559243
2026-04-09,188691999706.6613,96083352472.2298,888000000.0,86383532105.27934,75376097049.90001,4419931958.773928,40026297.12594552,485241567.4872941,37709192.98559243
2026-04-10,188690904639.56177,96083352472.2298,888000000.0,86382437053.45251,75414201804.17744,4420820042.44735,40026297.12594552,485241567.4872941,37709192.98559243
2026-04-11,188690904638.16272,96083352472.2298,888000000.0,86382437053.45251,75590209716.72162,4426884133.726824,40026297.12594552,485241567.4872941,37709192.98559243
2026-04-12,188690904637.19547,96083352472.2298,888000000.0,86382437053.45251,75479071751.59177,4396275317.948543,40026297.12594552,485241567.4872941,37709192.98559243
2026-04-13,188690845675.7989,96083352472.2298,888000000.0,86382378093.60143,75373179062.68787,4378723934.390087,40026297.12594552,485241567.4872941,37709192.98559243
2026-04-14,188690845669.4065,96083352472.2298,888000000.0,86382378093.60143,75513584073.16214,4363255286.852192,40026297.12594552,485241567.4872941,37709192.98559243
2026-04-15,188690845659.8456,96083352472.2298,888000000.0,86382378093.60143,75392710808.68646,4334740472.303865,40026297.12594552,485241567.4872941,37709192.98559243
2026-04-16,188690845595.1995,96083352472.2298,888000000.0,86382378093.60143,75377116882.34799,4334949520.65771,40026297.12594552,485241567.4872941,37709192.98559243
2026-04-17,188688104705.6529,96083352472.2298,888000000.0,86379637204.46248,75398855127.61438,4347146951.9837,40026297.12594552,485241567.4872941,37709192.98559243
2026-04-18,189688104703.7917,97083352472.2298,888000000.0,86379637204.46248,75324925286.29277,4362153792.817375,40026297.12594552,485241567.4872941,37709192.98559243
2026-04-19,189688104661.7862,97083352472.2298,888000000.0,86379637204.46248,74992676307.87862,4377649268.646591,40026297.12594552,485241567.4872941,37709192.98559243
2026-04-20,189688104656.3037,97083352472.2298,888000000.0,86379637204.46248,74964305424.14726,4394910089.096598,40026297.12594552,485241567.4872941,37709192.98559243
2026-04-21,190688104656.0463,98083352472.2298,888000000.0,86379637204.46248,74921278933.23698,4418990532.315785,40026297.12594552,485241567.4872941,37709192.98559243
2026-04-22,190688104654.2705,98083352472.2298,888000000.0,86379637204.46248,75034910912.38632,4427230972.960353,40026297.12594552,485241567.4872941,37709192.98559243
2026-04-23,192038104648.6008,99083352472.2298,888000000.0,86379637204.46248,74730290410.98813,4422320408.281754,40026297.12594552,485241567.4872941,37709192.98559243
2026-04-24,192038104640.63937,99083352472.2298,888000000.0,86379637204.46248,74668734469.5017,4416116302.61894,40026297.12594552,485241567.4872941,37709192.98559243
2026-04-25,192038104638.94757,99083352472.2298,888000000.0,86379637204.46248,74655198315.16554,4424048217.678278,40026297.12594552,485241567.4872941,37709192.98559243
2026-04-26,192038104621.401,99083352472.2298,888000000.0,86379637204.46248,74585866976.98744,4427705057.406318,40026297.12594552,485241567.4872941,37709192.98559243
2026-04-27,192037637131.9202,99082909926.96625,888000000.0,86379612264.21777,74497819921.05342,4421002397.976236,40026297.12594552,485241567.4872941,37709192.98559243
2026-04-28,192037637126.64212,99082909926.96625,888000000.0,86379612264.21777,74512424888.76619,4416379958.094301,40026297.12594552,485241567.4872941,37709192.98559243
2026-04-29,192035674352.5384,99082909926.96625,888000000.0,86377649492.01697,74253462776.71611,4411217802.005283,40026297.12594552,485241567.4872941,37709192.98559243
2026-04-30,193035674344.78943,99082909926.96625,888000000.0,87377649492.01697,73948266045.1127,4406792229.221712,40026297.12594552,485241567.4872941,37709192.98559243
2026-05-01,193022898733.35556,99071875962.55351,888000000.0,87375907845.69725,74306189401.07228,4395051965.597925,40026297.12594552,485241567.4872941,37709192.98559243
2026-05-02,193022898555.9221,99071875962.55351,888000000.0,87375907845.69725,74237975606.07344,4379254481.372854,40026297.12594552,485241567.4872941,37709192.98559243
2026-05-03,193022898555.02585,99071875962.55351,888000000.0,87375907845.69725,74165970106.69211,4389115874.514699,40026297.12594552,485241567.4872941,37709192.98559243
2026-05-04,194021724132.3136,99071875962.55351,888000000.0,88374733428.60252,74790926263.5022,4372150652.151189,40026297.12594552,485241567.4872941,37709192.98559243
2026-05-05,194021724127.0187,99071875962.55351,888000000.0,88374733428.60252,75222370746.26794,4387694287.643787,40026297.12594552,485241567.4872941,37709192.98559243
2026-05-06,194021724122.74677,99071875962.55351,888000000.0,88374733428.60252,74936680591.29669,4402246076.446153,40026297.12594552,485241567.4872941,37709192.98559243
2026-05-07,194021724120.46887,99071875962.55351,888000000.0,88374733428.60252,75363756289.09851,4407476688.862468,40026297.12594552,485241567.4872941,37709192.98559243
2026-05-08,192021724119.29385,97071875962.55351,888000000.0,88374733428.60252,74868797143.0107,4414375952.033567,40026297.12594552,485241567.4872941,37709192.98559243
2026-05-09,192021724118.22003,97071875962.55351,888000000.0,88374733428.60252,75050671011.65617,4415669768.840603,40026297.12594552,485241567.4872941,37709192.98559243
2026-05-10,192021724099.59045,97071875962.55351,888000000.0,88374733428.60252,75039280593.20247,4423505085.993745,40026297.12594552,485241567.4872941,37709192.98559243
2026-05-11,193014045682.08215,97071875962.55351,888000000.0,89367055022.87381,74519743101.33044,4408372280.022743,40026297.12594552,485241567.4872941,37709192.98559243
2026-05-12,193014045664.2395,97071875962.55351,888000000.0,89367055022.87381,74107461865.44623,4401911810.197811,40026297.12594552,485241567.4872941,37709192.98559243
2026-05-13,193014045661.08084,97071875962.55351,888000000.0,89367055022.87381,73898394289.75133,4375747727.338797,40026297.12594552,485241567.4872941,37709192.98559243
2026-05-14,193014045652.9004,97071875962.55351,888000000.0,89367055022.87381,73565123163.00197,4390249830.263627,37842488.00594552,485241567.4872941,37709192.98559243
2026-05-15,193014045585.88168,97071875962.55351,888000000.0,89367055022.87381,73840621350.16074,4374935045.328836,37842488.00594552,485241567.4872941,37709192.98559243
2026-05-16,193014044890.986,97071875962.55351,888000000.0,89367055022.87381,74049120572.87248,4378879442.161586,37842488.00594552,485241567.4872941,37709192.98559243
2026-05-17,193014044881.92685,97071875962.55351,888000000.0,89367055022.87381,73891513396.54247,4370169685.875414,37842488.00594552,485241567.4872941,37709192.98559243
2026-05-18,193013275969.2948,97071875962.55351,888000000.0,89366286213.22519,73790739130.25249,4367329021.647434,37842488.00594552,485241567.4872941,37709192.98559243
2026-05-19,193013275965.8008,97071875962.55351,888000000.0,89366286213.22519,73627845420.13692,4350946307.301882,37842488.00594552,485241567.4872941,37709192.98559243
2026-05-20,193009577561.47348,97071875962.55351,888000000.0,89362587810.4487,73301366936.19312,4346795850.105249,37842488.00594552,485241567.4872941,37709192.98559243
2026-05-21,193009577559.83777,97071875962.55351,888000000.0,89362587810.4487,73342103553.4775,4341144915.984319,37842488.00594552,485241567.4872941,37709192.98559243
2026-05-22,193009577558.09195,97071875962.55351,888000000.0,89362587810.4487,72726718360.5215,4331531656.533285,37842488.00594552,485241567.4872941,37709192.98559243
2026-05-23,193009577550.766,97071875962.55351,888000000.0,89362587810.4487,72565884746.5015,4350726339.278257,37842488.00594552,485241567.4872941,37709192.98559243
2026-05-24,193009577541.2284,97071875962.55351,888000000.0,89362587810.4487,72397453719.17064,4363352980.835067,37842488.00594552,485241567.4872941,37709192.98559243
2026-05-25,193009577534.98364,97071875962.55351,888000000.0,89362587810.4487,72178088348.38564,4359704531.723813,37842488.00594552,485241567.4872941,37709192.98559243
2026-05-26,193008008600.79037,97071854588.43031,888000000.0,89361040251.95276,72488280703.015,4372865203.476685,37842488.00594552,485241567.4872941,37709192.98559243
2026-05-27,193008008592.95236,97071854588.43031,888000000.0,89361040251.95276,72172221114.33002,4377813375.581686,37842488.00594552,485241567.4872941,29650134.66559243
2026-05-28,193008008590.17773,97071854588.43031,888000000.0,89361040251.95276,72028405176.93198,4372478340.297745,37842488.00594552,485241567.4872941,29650134.66559243
2026-05-29,193008008461.6652,97071854588.43031,888000000.0,89361040251.95276,71857516194.82187,4377881697.616269,37842488.00594552,485241567.4872941,29650134.66559243
2026-05-30,193008008451.0381,97071854588.43031,888000000.0,89361040251.95276,71543164159.11758,4362167669.045873,37842488.00594552,485241567.4872941,29650134.66559243
2026-05-31,193008008399.0903,97071854588.43031,888000000.0,89361040251.95276,71446463054.94452,4368435619.596898,37842488.00594552,485241567.4872941,29650134.66559243
2026-06-01,193007688129.56235,97071851356.26369,888000000.0,89360723215.51581,71036625894.69873,4387866592.95327,37842488.00594552,485241567.4872941,29650134.66559243
2026-06-02,193001309140.8135,97070655229.72336,888000000.0,89355540360.94182,70558138521.08604,4371655341.595809,37842488.00594552,485241567.4872941,29650134.66559243
2026-06-03,193001308968.71906,97070655229.72336,888000000.0,89355540360.94182,70490167260.20238,4364853572.758232,37842488.00594552,485241567.4872941,29650134.66559243
2026-06-04,192995188322.66547,97070655229.72336,888000000.0,89349419725.86542,69754348185.78738,4343142641.790048,37842488.00594552,485241567.4872941,29650134.66559243
2026-06-05,192995188318.3375,97070655229.72336,888000000.0,89349419725.86542,69777374510.2904,4306598127.748348,37842488.00594552,485241567.4872941,29650134.66559243
2026-06-06,192995188315.8895,97070655229.72336,888000000.0,89349419725.86542,69518212311.99702,4282851501.058449,37842488.00594552,485241567.4872941,29650134.66559243
2026-06-07,192995188315.1457,97070655229.72336,888000000.0,89349419725.86542,69530185597.0931,4270439905.200434,37842488.00594552,485241567.4872941,29650134.66559243
2026-06-08,192995188312.68973,97070655229.72336,888000000.0,89349419725.86542,69446065735.68025,4225219421.555283,37842488.00594552,485241567.4872941,29650134.66559243
2026-06-09,192995188311.17413,97070655229.72336,888000000.0,89349419725.86542,68487770792.77605,4200708242.365202,37842488.00594552,485241567.4872941,29650134.66559243
2026-06-10,192995188310.26743,97070655229.72336,888000000.0,89349419725.86542,68448436073.2874,4214156481.64154,37842488.00594552,485241567.4872941,29650134.66559243
2026-06-11,192995188309.99,97070655229.72336,888000000.0,89349419725.86542,68009189849.880135,4206022436.061424,37842488.00594552,485241567.4872941,29650134.66559243
2026-06-12,192995188309.8224,97070655229.72336,888000000.0,89349419725.86542,68214032631.02106,4206247131.0909305,37842488.00594552,485241567.4872941,29650134.66559243
2026-06-13,192995188309.3598,97070655229.72336,888000000.0,89349419725.86542,68259405887.85374,4202564194.4380345,37842488.00594552,485241567.4872941,29650134.66559243
2026-06-14,192995188305.3158,97070655229.72336,888000000.0,89349419725.86542,68382242826.61206,4203011852.27855,37842488.00594552,485241567.4872941,29650134.66559243
2026-06-15,192974261246.07437,97065811125.56747,888000000.0,89333336775.11249,68120294111.86966,4201529579.5774665,37842488.00594552,485241567.4872941,29650134.66559243
2026-06-16,192974261241.8001,97065811125.56747,888000000.0,89333336775.11249,68458568898.01189,4184678832.3670416,37842488.00594552,485241567.4872941,29650134.66559243
2026-06-17,192971658459.2033,97063362283.12064,888000000.0,89333182837.45436,67979980680.36657,4172284490.2965074,37842488.00594552,485241567.4872941,29650134.66559243
2026-06-18,192971658459.13684,97063362283.12064,888000000.0,89333182837.45436,67852261111.85749,4169043490.293527,37842488.00594552,485241567.4872941,29650134.66559243
2026-06-19,192971658452.38055,97063362283.12064,888000000.0,89333182837.45436,68235929358.87969,4170874127.544933,37842488.00594552,485241567.4872941,29650134.66559243
2026-06-20,192971658450.8273,97063362283.12064,888000000.0,89333182837.45436,68071659830.05153,4251397823.316681,37842488.00594552,485241567.4872941,29650134.66559243
2026-06-21,192971658450.5893,97063362283.12064,888000000.0,89333182837.45436,67931330945.8701,4257310264.9859433,37842488.00594552,485241567.4872941,29650134.66559243
2026-06-22,192971658440.9829,97063362283.12064,888000000.0,89333182837.45436,67785849414.23264,4660830076.961192,37842488.00594552,485241567.4872941,29650134.66559243
2026-06-23,192971658438.3246,97063362283.12064,888000000.0,89333182837.45436,67109723870.65292,4649697028.525589,37842488.00594552,485241567.4872941,29650134.66559243
2026-06-24,192971658436.90616,97063362283.12064,888000000.0,89333182837.45436,66779422989.266655,4655387504.792678,37842488.00594552,485241567.4872941,29650134.66559243
2026-06-25,192971658436.496,97063362283.12064,888000000.0,89333182837.45436,66950507210.592445,4635382484.652243,37842488.00594552,485241567.4872941,29650134.66559243
2026-06-26,192971658433.84348,97063362283.12064,888000000.0,89333182837.45436,67201457800.83952,4632834088.298152,37842488.00594552,485241567.4872941,29650134.66559243
2026-06-27,192971658433.324,97063362283.12064,888000000.0,89333182837.45436,67189756452.82746,4632103202.854922,37842488.00594552,485241567.4872941,29650134.66559243
2026-06-28,192971658426.72144,97063362283.12064,888000000.0,89333182837.45436,67063357382.528046,4630734975.722869,37842488.00594552,485241567.4872941,29650134.66559243
2026-06-29,192970426055.71848,97063350643.12064,888000000.0,89331962140.51338,67279686073.4703,4634251088.064193,37842488.00594552,485241567.4872941,29650134.66559243
2026-06-30,192970426050.44363,97063350643.12064,888000000.0,89331962140.51338,66253440701.17199,4630711558.67336,37842488.00594552,485241567.4872941,29650134.66559243
2026-07-01,192945280061.96347,97062996230.90964,888000000.0,89307170572.63928,66789022952.97911,4631195569.413413,37842488.00594552,485241567.4872941,29650134.66559243
2026-07-02,192945280054.9802,97062996230.90964,888000000.0,89307170572.63928,66432016611.95528,4632864594.44955,37842488.00594552,485241567.4872941,29650134.66559243
2026-07-03,192945280054.5617,97062996230.90964,888000000.0,89307170572.63928,66252143266.65491,4639363262.496229,37842488.00594552,485241567.4872941,29650134.66559243
2026-07-04,192945280053.5837,97062996230.90964,888000000.0,89307170572.63928,66429900402.94581,4633022346.185212,37842488.00594552,485241567.4872941,29650134.66559243
2026-07-05,192945280052.56052,97062996230.90964,888000000.0,89307170572.63928,66395633302.95324,4631805540.325083,37842488.00594552,485241567.4872941,29650134.66559243
2026-07-06,192939371506.83484,97062996230.90964,888000000.0,89301262036.33545,66505442078.7827,4641485747.087589,37842488.00594552,485241567.4872941,29650134.66559243
2026-07-07,187939371501.5949,92062996230.90964,888000000.0,89301262036.33545,66674839241.4361,4641846919.163295,37842488.00594552,485241567.4872941,29650134.66559243
2026-07-08,187938710750.06693,92062996230.90964,888000000.0,89300601286.4714,66590341362.92912,4654037115.301818,37842488.00594552,485241567.4872941,29650134.66559243
2026-07-09,188936405737.33624,92062996230.90964,888000000.0,90298296285.02696,66620464993.966415,4658281194.921593,37842488.00594552,485241567.4872941,29650134.66559243
2026-07-10,188936405723.184,92062996230.90964,888000000.0,90298296285.02696,66609340514.31568,4662499505.279404,37842488.00594552,485241567.4872941,29650134.66559243
2026-07-11,188936405722.94107,92062996230.90964,888000000.0,90298296285.02696,66276838478.98643,4652272906.248074,37842488.00594552,485241567.4872941,29650134.66559243
2026-07-12,188936405720.29385,92062996230.90964,888000000.0,90298296285.02696,66352952049.20976,4649395039.9023,37842488.00594552,485241567.4872941,29650134.66559243
2026-07-13,188934866019.68292,92062363850.0719,888000000.0,90297388967.04408,66159863721.60898,4645556555.435445,37842488.00594552,485241567.4872941,29650134.66559243
2026-07-14,188933368108.4401,92061187810.16586,888000000.0,90297067098.6168,65890541687.23223,4657013158.874101,37842488.00594552,485241567.4872941,29650134.66559243
2026-07-15,188933368106.77173,92061187810.16586,888000000.0,90297067098.6168,66049709839.70499,4643890485.314293,37842488.00594552,485241567.4872941,29650134.66559243
2026-07-16,188933368104.87103,92061187810.16586,888000000.0,90297067098.6168,66217280582.83139,4648141748.73391,37842488.00594552,485241567.4872941,29650134.66559243
2026-07-17,188933368103.96277,92061187810.16586,888000000.0,90297067098.6168,66443569336.20436,4639507269.777864,37842488.00594552,485241567.4872941,29650134.66559243
2026-07-18,188933368102.9688,92061187810.16586,888000000.0,90297067098.6168,66249240218.68503,4638539176.959958,37842488.00594552,485241567.4872941,29650134.66559243
2026-07-19,188933368102.0878,92061187810.16586,888000000.0,90297067098.6168,66166528026.72572,4634437653.14915,37842488.00594552,485241567.4872941,29650134.66559243
2026-07-20,188930817883.94583,92061187810.16586,888000000.0,90294516881.28128,65953572082.062416,4636740378.792711,37842488.00594552,485241567.4872941,29650134.66559243
2026-07-21,188930817883.54385,92061187810.16586,888000000.0,90294516881.28128,66215457535.914505,4637799088.169131,37842488.00594552,485241567.4872941,29650134.66559243
2026-07-22,188927494049.9571,92061124675.41753,888000000.0,90291256191.10236,66285787090.58329,4639960488.260992,37842488.00594552,485241567.4872941,29650134.66559243
2026-07-23,188924950536.08456,92058581161.87254,888000000.0,90291256191.10236,66002380021.87181,4649691772.7280245,37842488.00594552,485241567.4872941,29650134.66559243
2026-07-24,188924950530.1064,92058581161.87254,888000000.0,90291256191.10236,65602225632.43791,4643517913.138917,37842488.00594552,485241567.4872941,29650134.66559243
2026-07-25,188924950518.7739,92058581161.87254,888000000.0,90291256191.10236,65523071003.841415,4642736823.6061535,37842488.00594552,485241567.4872941,29650134.66559243
2026-07-26,188924950518.27335,92058581161.87254,888000000.0,90291256191.10236,65455861040.18382,4643853388.241365,37842488.00594552,485241567.4872941,29650134.66559243
2026-07-27,188924950514.37747,92058581161.87254,888000000.0,90291256191.10236,65604440964.635765,4591354686.409009,37842488.00594552,485241567.4872941,29650134.66559243
2026-07-28,188924950513.9673,92058581161.87254,888000000.0,90291256191.10236,65434987844.02682,4596051487.46998,37842488.00594552,485241567.4872941,29650134.66559243
2026-07-29,188924061658.15332,92058581161.87254,888000000.0,90290367337.69656,64902537177.39164,4595256690.174823,37842488.00594552,485241567.4872941,29650134.66559243
2026-07-30,188924061647.4359,92058581161.87254,888000000.0,90290367337.69656,65129052921.03385,4599818999.361021,37842488.00594552,485241567.4872941,29650134.66559243
2026-07-31,188924061643.7249,92058581161.87254,888000000.0,90290367337.69656,64800026955.97355,4591260118.967541,34415903.50594552,485241567.4872941,29650134.66559243
2026-08-01,188924061635.45505,92058581161.87254,888000000.0,90290367337.69656,64821363000.44152,4592876933.94737,34415903.50594552,485241567.4872941,29650134.66559243
2026-08-02,188924061634.3749,92058581161.87254,888000000.0,90290367337.69656,64771828186.30413,4592290144.85034,34415903.50594552,485241567.4872941,29650134.66559243
2026-08-03,188915362888.0057,92056579574.4864,888000000.0,90283670180.95456,65019706190.87051,4589686080.746812,34415903.50594552,485241567.4872941,29650134.66559243
2026-08-04,188915362878.58423,92056579574.4864,888000000.0,90283670180.95456,65355119650.4617,4589861344.137311,34415903.50594552,485241567.4872941,29650134.66559243
2026-08-05,188915362876.2726,92056579574.4864,888000000.0,90283670180.95456,64984463535.092224,4603102273.536209,34415903.50594552,485241567.4872941,29650134.66559243
2026-08-06,188915362166.19662,92056579574.4864,888000000.0,90283670180.95456,64869909497.48088,4584460702.833998,34415903.50594552,485241567.4872941,29650134.66559243
2026-08-07,188915362164.2469,92056579574.4864,888000000.0,90283670180.95456,65236270726.93625,4594769507.672778,34415903.50594552,485241567.4872941,29650134.66559243
2026-08-08,188915362163.78796,92056579574.4864,888000000.0,90283670180.95456,65089934897.25298,4587203902.560668,34415903.50594552,485241567.4872941,29650134.66559243
2026-08-09,188915359308.2776,92056579574.4864,888000000.0,90283670180.95456,65274344448.25938,4582286422.1059,34415903.50594552,485241567.4872941,29650134.66559243
2026-08-10,188163110824.10938,90306579574.4864,888000000.0,91281421702.68208,65549025089.311554,4582947182.984914,34415903.50594552,485241567.4872941,29650134.66559243
2026-08-11,188163110820.49185,90306579574.4864,888000000.0,91281421702.68208,65338164698.94505,4573565942.445792,34415903.50594552,485241567.4872941,29650134.66559243
2026-08-12,188161692098.50592,90306579574.4864,888000000.0,91280003051.28612,65391816714.18253,4590406507.182273,34415903.50594552,485241567.4872941,29650134.66559243
2026-08-13,188161692094.658,90306579574.4864,888000000.0,91280003051.28612,65251953418.13741,4583865292.450912,34415903.50594552,485241567.4872941,29650134.66559243
2026-08-14,188161692087.7996,90306579574.4864,888000000.0,91280003051.28612,65249601524.830605,4575027021.686975,34415903.50594552,485241567.4872941,29650134.66559243
2026-08-15,188161692085.55972,90306579574.4864,888000000.0,91280003051.28612,65178911058.80851,4570246626.181918,34415903.50594552,485241567.4872941,29650134.66559243
2026-08-16,188161692085.2884,90306579574.4864,888000000.0,91280003051.28612,65102765889.0231,4562122733.605818,34415903.50594552,485241567.4872941,29650134.66559243
2026-08-17,188161335413.70505,90306400739.08528,888000000.0,91279825219.73888,65112173461.78756,4561062130.301579,34415903.50594552,485241567.4872941,29650134.66559243
2026-08-18,188161335396.4153,90306400739.08528,888000000.0,91279825219.73888,64998952041.43536,4561849046.886903,34415903.50594552,485241567.4872941,27493171.66559243
2026-08-19,188161335389.4034,90306400739.08528,888000000.0,91279825219.73888,65177403523.64232,4563763323.078398,34415903.50594552,485241567.4872941,27493171.66559243
2026-08-20,188161335372.7396,90306400739.08528,888000000.0,91279825219.73888,65516585149.95065,4568337468.29628,34415903.50594552,485241567.4872941,28565501.66559243
2026-08-21,189161335349.0388,88306400739.08528,888000000.0,94279825219.73888,66102609806.6937,4576836851.526733,34415903.50594552,485241567.4872941,27473280.15559243
2026-08-22,189161335335.8517,88306400739.08528,888000000.0,94279825219.73888,66083542726.51568,4579919876.371604,34415903.50594552,485241567.4872941,27473280.15559243
2026-08-23,189161335325.3678,88306400739.08528,888000000.0,94279825219.73888,65637171978.62024,4584493688.770189,34415903.50594552,485241567.4872941,27473280.15559243
2026-08-24,189158496761.05368,88306390736.35278,888000000.0,94276996659.64384,66212767130.592674,4580148110.732536,34415903.50594552,485241567.4872941,27473280.15559243
2026-08-25,189158496758.4239,88306390736.35278,888000000.0,94276996659.64384,66219492202.550896,4579247466.644774,34415903.50594552,485241567.4872941,27473280.15559243
2026-08-26,189158496751.80432,88306390736.35278,888000000.0,94276996659.64384,66328012992.487816,4579339555.979948,34415903.50594552,485241567.4872941,27473280.15559243
2026-08-27,189158496749.38885,88306390736.35278,888000000.0,94276996659.64384,66125132443.21736,4590772423.9465,34415903.50594552,485241567.4872941,27473280.15559243
2026-08-28,189158496721.2156,88306390736.35278,888000000.0,94276996659.64384,66458513026.662254,4587152166.439339,34415903.50594552,485241567.4872941,27473280.15559243
2026-08-29,189158496619.6388,88306390736.35278,888000000.0,94276996659.64384,66350103003.15069,4587911968.780613,34415903.50594552,485241567.4872941,27473280.15559243
2026-08-30,189158496601.68436,88306390736.35278,888000000.0,94276996659.64384,66080092267.30351,4585831517.252877,34415903.50594552,485241567.4872941,27473280.15559243
2026-08-31,189158496595.55823,88306390736.35278,888000000.0,94276996659.64384,65427862149.93639,4587708463.851574,34415903.50594552,485241567.4872941,27473280.15559243
2026-09-01,189158496595.24292,88306390736.35278,888000000.0,94276996659.64384,65886261824.82478,4573528442.380796,34415903.50594552,485241567.4872941,27473280.15559243
2026-09-02,189157845717.96643,88306226684.0531,888000000.0,94276509853.64384,65988225527.9765,4565944911.069248,34415903.50594552,485241567.4872941,27473280.15559243
2026-09-03,189157822261.1881,88306226684.0531,888000000.0,94276486398.92831,66534635636.97006,4589677710.611856,34415903.50594552,485241567.4872941,27473280.15559243
2026-09-04,189157822260.21423,88306226684.0531,888000000.0,94276486398.92831,66749766485.20658,4598336331.908307,34415903.50594552,485241567.4872941,27473280.15559243
2026-09-05,189157822259.9832,88306226684.0531,888000000.0,94276486398.92831,66766366768.95427,4605235901.1210575,34415903.50594552,485241567.4872941,27473280.15559243
2026-09-06,189157822249.7047,88306226684.0531,888000000.0,94276486398.92831,66705895923.6116,4603650366.340614,34415903.50594552,485241567.4872941,27473280.15559243
2026-09-07,189157047470.4344,88306028997.3319,888000000.0,94275909306.66032,66709031029.82633,4596094355.25504,34415903.50594552,485241567.4872941,27473280.15559243
2026-09-08,189157047467.3245,88306028997.3319,888000000.0,94275909306.66032,66669234209.33618,4589995720.528394,34415903.50594552,485241567.4872941,27473280.15559243
2026-09-09,189153613939.77,88306028997.3319,888000000.0,94272475792.65302,66475103769.064095,4590868469.083964,34415903.50594552,485241567.4872941,27473280.15559243
2026-09-10,189153613931.26132,88306028997.3319,888000000.0,94272475792.65302,66488343145.44324,4576977938.9481325,34415903.50594552,485241567.4872941,27473280.15559243
2026-09-11,189149117255.53015,88305985017.3319,888000000.0,94268023106.81367,66442785521.04243,4583969894.028372,34415903.50594552,485241567.4872941,26389327.15559243
2026-09-12,189149117249.2892,88305985017.3319,888000000.0,94268023106.81367,66638738266.56363,4591351634.582091,34415903.50594552,485241567.4872941,26389327.15559243
2026-09-13,189149117214.23767,88305985017.3319,888000000.0,94268023106.81367,66647072325.94415,4586091971.495411,34415903.50594552,485241567.4872941,26389327.15559243
2026-09-14,189149117205.25308,88305985017.3319,888000000.0,94268023106.81367,66602540299.25623,4588201481.6424885,34415903.50594552,485241567.4872941,26389327.15559243
2026-09-15,189149117200.49512,88305985017.3319,888000000.0,94268023106.81367,65601923419.36733,4585602526.871026,34415903.50594552,485241567.4872941,26389327.15559243
2026-09-16,189147266879.5466,88305985017.3319,888000000.0,94266172800.08922,65465397436.650734,4576491821.397172,34415903.50594552,485241567.4872941,26389327.15559243
2026-09-17,189147266856.69504,88305985017.3319,888000000.0,94266172800.08922,65698245670.67328,4569441064.640028,34415903.50594552,485241567.4872941,26389327.15559243
2026-09-18,189145624094.51135,88304342264.55115,888000000.0,94266172800.08922,65306849120.327644,4592154052.778506,34415903.50594552,485241567.4872941,26389327.15559243
2026-09-19,189145624089.3838,88304342264.55115,888000000.0,94266172800.08922,65870675565.19997,4600322694.673778,34415903.50594552,485241567.4872941,26389327.15559243
2026-09-20,189145624081.79535,88304342264.55115,888000000.0,94266172800.08922,65831261815.11314,4597201983.400183,34415903.50594552,485241567.4872941,26389327.15559243
2026-09-21,189145624071.25232,88304342264.55115,888000000.0,94266172800.08922,65767917907.381935,4584293487.969879,34415903.50594552,485241567.4872941,26389327.15559243
2026-09-22,189145624069.69983,88304342264.55115,888000000.0,94266172800.08922,65779436740.428925,4606017201.468775,34415903.50594552,485241567.4872941,26389327.15559243
